{
"type": "FeatureCollection",
"name": "census_divison",
"crs": { "type": "name", "properties": { "name": "urn:ogc:def:crs:OGC:1.3:CRS84" } },
"features": [
{ "type": "Feature", "properties": { "name": "59150307", "population": 632, "population_density": 2110.9 }, "geometry": { "type": "MultiPolygon", "coordinates": [ [ [ [ -123.0232682, 49.2892818 ], [ -123.0232736, 49.2888057 ], [ -123.0232747, 49.2887149 ], [ -123.0232753, 49.2886609 ], [ -123.0232786, 49.2883697 ], [ -123.0232813, 49.2879061 ], [ -123.0232836, 49.2875006 ], [ -123.0232882, 49.2870516 ], [ -123.0232928, 49.2866073 ], [ -123.0232931, 49.2865983 ], [ -123.0233088, 49.2861521 ], [ -123.0233262, 49.2856597 ], [ -123.02355, 49.2856632 ], [ -123.0257057, 49.2856775 ], [ -123.026374, 49.2856754 ], [ -123.028315, 49.2856692 ], [ -123.0308118, 49.2856794 ], [ -123.0304454, 49.2861777 ], [ -123.0301087, 49.2866355 ], [ -123.0300413, 49.286658 ], [ -123.0300875, 49.2871202 ], [ -123.0301003, 49.2872477 ], [ -123.0299546, 49.287711 ], [ -123.0296623, 49.2879568 ], [ -123.0292486, 49.2883498 ], [ -123.0292425, 49.288361 ], [ -123.0291995, 49.2884405 ], [ -123.0284307, 49.2890547 ], [ -123.0283085, 49.2891595 ], [ -123.0276465, 49.2897379 ], [ -123.0264504, 49.2907828 ], [ -123.0263128, 49.2909556 ], [ -123.026199, 49.2911866 ], [ -123.0261328, 49.2915541 ], [ -123.0261313, 49.2915809 ], [ -123.0261136, 49.2919083 ], [ -123.0261004, 49.2921514 ], [ -123.0260873, 49.2923929 ], [ -123.026087, 49.2923977 ], [ -123.0260878, 49.2924301 ], [ -123.0261031, 49.293012 ], [ -123.025291, 49.2933022 ], [ -123.023889, 49.2934745 ], [ -123.023086, 49.2934953 ], [ -123.0230851, 49.2934006 ], [ -123.023083, 49.2933068 ], [ -123.0230816, 49.2932906 ], [ -123.0230615, 49.2930575 ], [ -123.0230769, 49.2929941 ], [ -123.0231248, 49.2927882 ], [ -123.0231514, 49.2926539 ], [ -123.0231597, 49.2923145 ], [ -123.0232236, 49.2919667 ], [ -123.0232293, 49.2916379 ], [ -123.0232311, 49.2915312 ], [ -123.0232387, 49.2910897 ], [ -123.0232461, 49.2906954 ], [ -123.0232514, 49.2901848 ], [ -123.0232526, 49.289739 ], [ -123.0232682, 49.2892818 ] ] ] ] } },
{ "type": "Feature", "properties": { "name": "59150308", "population": 501, "population_density": 4575.3 }, "geometry": { "type": "MultiPolygon", "coordinates": [ [ [ [ -123.0233525, 49.2829653 ], [ -123.0233526, 49.2829563 ], [ -123.0234713, 49.282956 ], [ -123.0235891, 49.2829557 ], [ -123.0256996, 49.2829436 ], [ -123.02832, 49.2829536 ], [ -123.0283169, 49.2834164 ], [ -123.0283138, 49.2838659 ], [ -123.0283145, 49.2843069 ], [ -123.0283153, 49.284764 ], [ -123.0283151, 49.2852244 ], [ -123.028315, 49.2856692 ], [ -123.026374, 49.2856754 ], [ -123.0257057, 49.2856775 ], [ -123.02355, 49.2856632 ], [ -123.0233262, 49.2856597 ], [ -123.0233327, 49.2852165 ], [ -123.0233396, 49.284744 ], [ -123.0233397, 49.2847349 ], [ -123.0233426, 49.284308 ], [ -123.0233456, 49.283866 ], [ -123.0233457, 49.2838569 ], [ -123.0233525, 49.2829653 ] ] ] ] } },
{ "type": "Feature", "properties": { "name": "59150309", "population": 745, "population_density": 6663.7 }, "geometry": { "type": "MultiPolygon", "coordinates": [ [ [ [ -123.0283309, 49.2811325 ], [ -123.0283308, 49.2802111 ], [ -123.0290796, 49.2802123 ], [ -123.030207, 49.2802142 ], [ -123.0308388, 49.2802152 ], [ -123.0308052, 49.2806953 ], [ -123.030852, 49.2811418 ], [ -123.0308213, 49.2816253 ], [ -123.03083, 49.2820696 ], [ -123.0308495, 49.2825086 ], [ -123.0308694, 49.2829562 ], [ -123.0308706, 49.2834158 ], [ -123.0308719, 49.2838822 ], [ -123.0308755, 49.2842975 ], [ -123.0308798, 49.2847895 ], [ -123.0308661, 49.2852318 ], [ -123.0308542, 49.2856193 ], [ -123.0308377, 49.2856428 ], [ -123.0308118, 49.2856794 ], [ -123.028315, 49.2856692 ], [ -123.0283151, 49.2852244 ], [ -123.0283153, 49.284764 ], [ -123.0283145, 49.2843069 ], [ -123.0283138, 49.2838659 ], [ -123.0283169, 49.2834164 ], [ -123.02832, 49.2829536 ], [ -123.0283197, 49.2825259 ], [ -123.0283194, 49.2820618 ], [ -123.0283251, 49.2815995 ], [ -123.0283309, 49.2811325 ] ] ] ] } },
{ "type": "Feature", "properties": { "name": "59150310", "population": 536, "population_density": 4895.0 }, "geometry": { "type": "MultiPolygon", "coordinates": [ [ [ [ -123.0233928, 49.2802417 ], [ -123.0233928, 49.2802326 ], [ -123.0235255, 49.2802312 ], [ -123.0236293, 49.2802302 ], [ -123.0257336, 49.2802071 ], [ -123.0283308, 49.2802111 ], [ -123.0283309, 49.2811325 ], [ -123.0283251, 49.2815995 ], [ -123.0283194, 49.2820618 ], [ -123.0283197, 49.2825259 ], [ -123.02832, 49.2829536 ], [ -123.0256996, 49.2829436 ], [ -123.0235891, 49.2829557 ], [ -123.0234713, 49.282956 ], [ -123.0233526, 49.2829563 ], [ -123.0233671, 49.2825091 ], [ -123.0233817, 49.2820583 ], [ -123.023382, 49.2820492 ], [ -123.0233922, 49.2811487 ], [ -123.0233923, 49.2811397 ], [ -123.0233925, 49.280683 ], [ -123.0233928, 49.2802417 ] ] ] ] } },
{ "type": "Feature", "properties": { "name": "59150311", "population": 532, "population_density": 6567.9 }, "geometry": { "type": "MultiPolygon", "coordinates": [ [ [ [ -123.0257336, 49.2802071 ], [ -123.0257278, 49.2796209 ], [ -123.0257222, 49.2790565 ], [ -123.0283159, 49.2790712 ], [ -123.0283296, 49.2786666 ], [ -123.0283435, 49.2782549 ], [ -123.0283471, 49.2778571 ], [ -123.0283509, 49.2774318 ], [ -123.0291055, 49.2774318 ], [ -123.0295179, 49.2774318 ], [ -123.0301916, 49.2774318 ], [ -123.0307696, 49.2774318 ], [ -123.0308742, 49.2776868 ], [ -123.0308755, 49.277848 ], [ -123.0308788, 49.278259 ], [ -123.0308635, 49.2790773 ], [ -123.0308513, 49.279637 ], [ -123.0308388, 49.2802152 ], [ -123.030207, 49.2802142 ], [ -123.0290796, 49.2802123 ], [ -123.0283308, 49.2802111 ], [ -123.0257336, 49.2802071 ] ] ] ] } },
{ "type": "Feature", "properties": { "name": "59150312", "population": 562, "population_density": 6445.0 }, "geometry": { "type": "MultiPolygon", "coordinates": [ [ [ [ -123.0233928, 49.2802326 ], [ -123.0233953, 49.2798015 ], [ -123.0233981, 49.2793365 ], [ -123.0234024, 49.2790547 ], [ -123.0233984, 49.2784754 ], [ -123.0234066, 49.2782405 ], [ -123.0234044, 49.2777318 ], [ -123.0234037, 49.2775577 ], [ -123.0236347, 49.277428 ], [ -123.0239359, 49.2774275 ], [ -123.0254621, 49.2774247 ], [ -123.0257513, 49.2774242 ], [ -123.0270846, 49.2774281 ], [ -123.0283509, 49.2774318 ], [ -123.0283471, 49.2778571 ], [ -123.0283435, 49.2782549 ], [ -123.0283296, 49.2786666 ], [ -123.0283159, 49.2790712 ], [ -123.0257222, 49.2790565 ], [ -123.0257278, 49.2796209 ], [ -123.0257336, 49.2802071 ], [ -123.0236293, 49.2802302 ], [ -123.0235255, 49.2802312 ], [ -123.0233928, 49.2802326 ] ] ] ] } },
{ "type": "Feature", "properties": { "name": "59150313", "population": 1088, "population_density": 6296.3 }, "geometry": { "type": "MultiPolygon", "coordinates": [ [ [ [ -123.0239359, 49.2774275 ], [ -123.0236347, 49.277428 ], [ -123.0234037, 49.2775577 ], [ -123.0234096, 49.2766525 ], [ -123.0234084, 49.2763931 ], [ -123.0234217, 49.2757566 ], [ -123.0234177, 49.2749413 ], [ -123.0234171, 49.2748224 ], [ -123.0236508, 49.2749279 ], [ -123.0242238, 49.2749304 ], [ -123.0260935, 49.2749385 ], [ -123.0270969, 49.2749426 ], [ -123.0284001, 49.274948 ], [ -123.0284005, 49.2745201 ], [ -123.0284008, 49.2741013 ], [ -123.0300547, 49.2741099 ], [ -123.030339, 49.274099 ], [ -123.0304065, 49.2741961 ], [ -123.0310413, 49.2752278 ], [ -123.0311826, 49.2757028 ], [ -123.0312998, 49.2761483 ], [ -123.0313991, 49.2774301 ], [ -123.0312796, 49.2774296 ], [ -123.0307696, 49.2774318 ], [ -123.0301916, 49.2774318 ], [ -123.0295179, 49.2774318 ], [ -123.0291055, 49.2774318 ], [ -123.0283509, 49.2774318 ], [ -123.0270846, 49.2774281 ], [ -123.0257513, 49.2774242 ], [ -123.0254621, 49.2774247 ], [ -123.0239359, 49.2774275 ] ] ] ] } },
{ "type": "Feature", "properties": { "name": "59150328", "population": 556, "population_density": 2393.5 }, "geometry": { "type": "MultiPolygon", "coordinates": [ [ [ [ -123.0260935, 49.2749385 ], [ -123.0242238, 49.2749304 ], [ -123.0236508, 49.2749279 ], [ -123.0234171, 49.2748224 ], [ -123.023424, 49.2741164 ], [ -123.0234237, 49.2739056 ], [ -123.0234286, 49.2731869 ], [ -123.0234316, 49.2729915 ], [ -123.0234355, 49.2721161 ], [ -123.0234572, 49.2711997 ], [ -123.0234676, 49.2702884 ], [ -123.0234614, 49.2695288 ], [ -123.0236717, 49.2695283 ], [ -123.0267315, 49.2695307 ], [ -123.0270887, 49.2695315 ], [ -123.0274872, 49.2695308 ], [ -123.0275817, 49.2697185 ], [ -123.0279723, 49.2704945 ], [ -123.0286371, 49.271668 ], [ -123.0286477, 49.2716868 ], [ -123.0287402, 49.2718499 ], [ -123.0287426, 49.2718542 ], [ -123.0294137, 49.272769 ], [ -123.02995, 49.27354 ], [ -123.0299557, 49.2735482 ], [ -123.0302296, 49.2739419 ], [ -123.0302362, 49.2739513 ], [ -123.0302911, 49.2740301 ], [ -123.030339, 49.274099 ], [ -123.0300547, 49.2741099 ], [ -123.0284008, 49.2741013 ], [ -123.0284005, 49.2745201 ], [ -123.0284001, 49.274948 ], [ -123.0270969, 49.2749426 ], [ -123.0260935, 49.2749385 ] ] ] ] } },
{ "type": "Feature", "properties": { "name": "59150329", "population": 959, "population_density": 3109.6 }, "geometry": { "type": "MultiPolygon", "coordinates": [ [ [ [ -123.0302296, 49.2739419 ], [ -123.0299557, 49.2735482 ], [ -123.02995, 49.27354 ], [ -123.0294137, 49.272769 ], [ -123.0287426, 49.2718542 ], [ -123.0287402, 49.2718499 ], [ -123.0286477, 49.2716868 ], [ -123.0286371, 49.271668 ], [ -123.0279723, 49.2704945 ], [ -123.0275817, 49.2697185 ], [ -123.0274872, 49.2695308 ], [ -123.0278129, 49.2695308 ], [ -123.0309036, 49.2695329 ], [ -123.0313027, 49.2695331 ], [ -123.0324581, 49.2695352 ], [ -123.0335834, 49.2695364 ], [ -123.0338115, 49.2695364 ], [ -123.034407, 49.2695366 ], [ -123.0364358, 49.2695373 ], [ -123.036432, 49.2699664 ], [ -123.0364284, 49.2703847 ], [ -123.0364234, 49.2713448 ], [ -123.0364131, 49.2718284 ], [ -123.0364034, 49.2722811 ], [ -123.0344226, 49.2722785 ], [ -123.0336458, 49.2722774 ], [ -123.0336455, 49.2723059 ], [ -123.0336351, 49.27324 ], [ -123.0336301, 49.2737361 ], [ -123.0336262, 49.2741306 ], [ -123.0336207, 49.2745546 ], [ -123.0336154, 49.2749653 ], [ -123.0336122, 49.2753823 ], [ -123.0336089, 49.2757975 ], [ -123.0336053, 49.2762099 ], [ -123.0336017, 49.2766197 ], [ -123.0336107, 49.2774459 ], [ -123.032804, 49.2774402 ], [ -123.0318084, 49.2774333 ], [ -123.0316835, 49.2774317 ], [ -123.0315442, 49.2774309 ], [ -123.0313991, 49.2774301 ], [ -123.0312998, 49.2761483 ], [ -123.0311826, 49.2757028 ], [ -123.0310413, 49.2752278 ], [ -123.0304065, 49.2741961 ], [ -123.030339, 49.274099 ], [ -123.0302911, 49.2740301 ], [ -123.0302362, 49.2739513 ], [ -123.0302296, 49.2739419 ] ] ] ] } },
{ "type": "Feature", "properties": { "name": "59150330", "population": 506, "population_density": 6462.3 }, "geometry": { "type": "MultiPolygon", "coordinates": [ [ [ [ -123.0369543, 49.2753794 ], [ -123.036333, 49.2753823 ], [ -123.0363174, 49.2757989 ], [ -123.0336089, 49.2757975 ], [ -123.0336122, 49.2753823 ], [ -123.0336154, 49.2749653 ], [ -123.0336207, 49.2745546 ], [ -123.0336262, 49.2741306 ], [ -123.0336301, 49.2737361 ], [ -123.0336351, 49.27324 ], [ -123.0363803, 49.2732443 ], [ -123.0376347, 49.2732472 ], [ -123.0376258, 49.2737257 ], [ -123.0375949, 49.2753764 ], [ -123.0369543, 49.2753794 ] ] ] ] } },
{ "type": "Feature", "properties": { "name": "59150331", "population": 782, "population_density": 5068.0 }, "geometry": { "type": "MultiPolygon", "coordinates": [ [ [ [ -123.0363803, 49.2732443 ], [ -123.0336351, 49.27324 ], [ -123.0336455, 49.2723059 ], [ -123.0336458, 49.2722774 ], [ -123.0344226, 49.2722785 ], [ -123.0364034, 49.2722811 ], [ -123.0364131, 49.2718284 ], [ -123.0364234, 49.2713448 ], [ -123.0364284, 49.2703847 ], [ -123.036432, 49.2699664 ], [ -123.0364358, 49.2695373 ], [ -123.0389407, 49.2695574 ], [ -123.0389379, 49.2699925 ], [ -123.0389353, 49.2703959 ], [ -123.0414395, 49.270406 ], [ -123.0414241, 49.2708904 ], [ -123.0414095, 49.271351 ], [ -123.0414342, 49.2722777 ], [ -123.041432, 49.2727531 ], [ -123.0414296, 49.2732549 ], [ -123.0401614, 49.2732525 ], [ -123.0389125, 49.2732498 ], [ -123.0376347, 49.2732472 ], [ -123.0363803, 49.2732443 ] ] ] ] } },
{ "type": "Feature", "properties": { "name": "59150332", "population": 683, "population_density": 6103.7 }, "geometry": { "type": "MultiPolygon", "coordinates": [ [ [ [ -123.0376258, 49.2737257 ], [ -123.0376347, 49.2732472 ], [ -123.0389125, 49.2732498 ], [ -123.0401614, 49.2732525 ], [ -123.0414296, 49.2732549 ], [ -123.0427445, 49.2732567 ], [ -123.044161, 49.2732595 ], [ -123.0441443, 49.2737234 ], [ -123.044127, 49.2742034 ], [ -123.044128, 49.2753726 ], [ -123.0433883, 49.2753728 ], [ -123.0427264, 49.275373 ], [ -123.0420548, 49.2753724 ], [ -123.041366, 49.2753717 ], [ -123.0407762, 49.2753719 ], [ -123.0401264, 49.275372 ], [ -123.0395252, 49.2753717 ], [ -123.0388938, 49.2753715 ], [ -123.0382466, 49.275374 ], [ -123.0375949, 49.2753764 ], [ -123.0376258, 49.2737257 ] ] ] ] } },
{ "type": "Feature", "properties": { "name": "59150333", "population": 541, "population_density": 5426.3 }, "geometry": { "type": "MultiPolygon", "coordinates": [ [ [ [ -123.0389379, 49.2699925 ], [ -123.0389407, 49.2695574 ], [ -123.0414661, 49.2695582 ], [ -123.0442172, 49.269576 ], [ -123.0442108, 49.2699728 ], [ -123.0442038, 49.2704115 ], [ -123.0442128, 49.2710967 ], [ -123.0442162, 49.2713594 ], [ -123.0441667, 49.2722868 ], [ -123.044161, 49.2732595 ], [ -123.0427445, 49.2732567 ], [ -123.0414296, 49.2732549 ], [ -123.041432, 49.2727531 ], [ -123.0414342, 49.2722777 ], [ -123.0414095, 49.271351 ], [ -123.0414241, 49.2708904 ], [ -123.0414395, 49.270406 ], [ -123.0389353, 49.2703959 ], [ -123.0389379, 49.2699925 ] ] ] ] } },
{ "type": "Feature", "properties": { "name": "59150334", "population": 507, "population_density": 5767.9 }, "geometry": { "type": "MultiPolygon", "coordinates": [ [ [ [ -123.044128, 49.2753726 ], [ -123.044127, 49.2742034 ], [ -123.0441443, 49.2737234 ], [ -123.044161, 49.2732595 ], [ -123.0441667, 49.2722868 ], [ -123.0448842, 49.2722893 ], [ -123.046884, 49.2722963 ], [ -123.0494055, 49.2722968 ], [ -123.0494022, 49.2727679 ], [ -123.0493986, 49.2732694 ], [ -123.0468609, 49.2732649 ], [ -123.0468672, 49.2741793 ], [ -123.0468646, 49.27455 ], [ -123.0468618, 49.2749548 ], [ -123.046853, 49.2753734 ], [ -123.0462066, 49.2753735 ], [ -123.0455407, 49.2753735 ], [ -123.0448594, 49.2753731 ], [ -123.044128, 49.2753726 ] ] ] ] } },
{ "type": "Feature", "properties": { "name": "59150335", "population": 618, "population_density": 6457.7 }, "geometry": { "type": "MultiPolygon", "coordinates": [ [ [ [ -123.0448842, 49.2722893 ], [ -123.0441667, 49.2722868 ], [ -123.0442162, 49.2713594 ], [ -123.0442128, 49.2710967 ], [ -123.0442038, 49.2704115 ], [ -123.0442108, 49.2699728 ], [ -123.0442172, 49.269576 ], [ -123.0449229, 49.2695764 ], [ -123.0469362, 49.2695774 ], [ -123.0494412, 49.2695757 ], [ -123.0494349, 49.2699883 ], [ -123.0494283, 49.2704266 ], [ -123.0494205, 49.2708967 ], [ -123.0494128, 49.2713602 ], [ -123.0469054, 49.2713574 ], [ -123.0468945, 49.2718336 ], [ -123.046884, 49.2722963 ], [ -123.0448842, 49.2722893 ] ] ] ] } },
{ "type": "Feature", "properties": { "name": "59150336", "population": 597, "population_density": 4396.2 }, "geometry": { "type": "MultiPolygon", "coordinates": [ [ [ [ -123.0494022, 49.2727679 ], [ -123.0494055, 49.2722968 ], [ -123.046884, 49.2722963 ], [ -123.0468945, 49.2718336 ], [ -123.0469054, 49.2713574 ], [ -123.0494128, 49.2713602 ], [ -123.0494205, 49.2708967 ], [ -123.0494283, 49.2704266 ], [ -123.0494349, 49.2699883 ], [ -123.0494412, 49.2695757 ], [ -123.0520659, 49.2695708 ], [ -123.0541321, 49.2696022 ], [ -123.0546698, 49.2696104 ], [ -123.0546909, 49.2704262 ], [ -123.0546793, 49.2713654 ], [ -123.0541074, 49.2713649 ], [ -123.0520825, 49.2713629 ], [ -123.0520606, 49.2718392 ], [ -123.0520397, 49.2722949 ], [ -123.0520402, 49.2727758 ], [ -123.0520406, 49.273275 ], [ -123.0493986, 49.2732694 ], [ -123.0494022, 49.2727679 ] ] ] ] } },
{ "type": "Feature", "properties": { "name": "59150337", "population": 449, "population_density": 4586.3 }, "geometry": { "type": "MultiPolygon", "coordinates": [ [ [ [ -123.0520397, 49.2722949 ], [ -123.0520606, 49.2718392 ], [ -123.0520825, 49.2713629 ], [ -123.0541074, 49.2713649 ], [ -123.0546793, 49.2713654 ], [ -123.0546909, 49.2704262 ], [ -123.0546698, 49.2696104 ], [ -123.0566039, 49.2695533 ], [ -123.0566009, 49.2699854 ], [ -123.056598, 49.2704052 ], [ -123.0565956, 49.2707859 ], [ -123.056593, 49.2711978 ], [ -123.0565918, 49.271368 ], [ -123.0565911, 49.2716223 ], [ -123.0565898, 49.2720498 ], [ -123.0565879, 49.2722957 ], [ -123.0565872, 49.2725038 ], [ -123.0565859, 49.2729342 ], [ -123.0565816, 49.2732836 ], [ -123.0558826, 49.2732805 ], [ -123.0546844, 49.2732751 ], [ -123.0541094, 49.2732751 ], [ -123.0520406, 49.273275 ], [ -123.0520402, 49.2727758 ], [ -123.0520397, 49.2722949 ] ] ] ] } },
{ "type": "Feature", "properties": { "name": "59150338", "population": 513, "population_density": 6812.7 }, "geometry": { "type": "MultiPolygon", "coordinates": [ [ [ [ -123.0520293, 49.2737201 ], [ -123.0520406, 49.273275 ], [ -123.0541094, 49.2732751 ], [ -123.0546844, 49.2732751 ], [ -123.0558826, 49.2732805 ], [ -123.0565816, 49.2732836 ], [ -123.0565792, 49.2738411 ], [ -123.0565799, 49.2741546 ], [ -123.056576, 49.2747562 ], [ -123.0565752, 49.2749859 ], [ -123.0565738, 49.2752114 ], [ -123.0565709, 49.2756604 ], [ -123.0565712, 49.2758073 ], [ -123.0546793, 49.2758007 ], [ -123.0546828, 49.2753743 ], [ -123.0546861, 49.2749794 ], [ -123.0520274, 49.2749744 ], [ -123.052023, 49.274557 ], [ -123.0520186, 49.2741409 ], [ -123.0520293, 49.2737201 ] ] ] ] } },
{ "type": "Feature", "properties": { "name": "59150339", "population": 631, "population_density": 6498.5 }, "geometry": { "type": "MultiPolygon", "coordinates": [ [ [ [ -123.0565738, 49.2752114 ], [ -123.0565752, 49.2749859 ], [ -123.056576, 49.2747562 ], [ -123.0565799, 49.2741546 ], [ -123.0565792, 49.2738411 ], [ -123.0565816, 49.2732836 ], [ -123.0565859, 49.2729342 ], [ -123.0579548, 49.2729067 ], [ -123.0598016, 49.2729468 ], [ -123.0598965, 49.2729488 ], [ -123.0604332, 49.2729562 ], [ -123.0618323, 49.2729754 ], [ -123.0618242, 49.2733917 ], [ -123.0618169, 49.2737614 ], [ -123.0618134, 49.2738811 ], [ -123.0618118, 49.2739678 ], [ -123.0618048, 49.274345 ], [ -123.0617963, 49.2748021 ], [ -123.0598662, 49.2747711 ], [ -123.0579211, 49.2747388 ], [ -123.0579132, 49.2752286 ], [ -123.0579062, 49.2756662 ], [ -123.0578987, 49.2761193 ], [ -123.0578912, 49.2765747 ], [ -123.0572612, 49.2765702 ], [ -123.0567772, 49.2765668 ], [ -123.0565683, 49.2766107 ], [ -123.0565701, 49.2761109 ], [ -123.0565712, 49.2758073 ], [ -123.0565709, 49.2756604 ], [ -123.0565738, 49.2752114 ] ] ] ] } },
{ "type": "Feature", "properties": { "name": "59150340", "population": 581, "population_density": 7326.6 }, "geometry": { "type": "MultiPolygon", "coordinates": [ [ [ [ -123.0520216, 49.2753935 ], [ -123.0520274, 49.2749744 ], [ -123.0546861, 49.2749794 ], [ -123.0546828, 49.2753743 ], [ -123.0546793, 49.2758007 ], [ -123.0565712, 49.2758073 ], [ -123.0565701, 49.2761109 ], [ -123.0565683, 49.2766107 ], [ -123.0565618, 49.2774698 ], [ -123.0558188, 49.2774701 ], [ -123.0546117, 49.2774706 ], [ -123.052013, 49.2774718 ], [ -123.0520095, 49.2770485 ], [ -123.052006, 49.2766312 ], [ -123.052011, 49.2762121 ], [ -123.0520159, 49.2758045 ], [ -123.0520216, 49.2753935 ] ] ] ] } },
{ "type": "Feature", "properties": { "name": "59150341", "population": 494, "population_density": 7635.2 }, "geometry": { "type": "MultiPolygon", "coordinates": [ [ [ [ -123.0565618, 49.2774698 ], [ -123.0565683, 49.2766107 ], [ -123.0567772, 49.2765668 ], [ -123.0572612, 49.2765702 ], [ -123.0578912, 49.2765747 ], [ -123.0598337, 49.276606 ], [ -123.0617529, 49.276615 ], [ -123.0636696, 49.2766203 ], [ -123.0656221, 49.2766464 ], [ -123.0656141, 49.2770596 ], [ -123.0656051, 49.2775224 ], [ -123.0636989, 49.2775038 ], [ -123.0617454, 49.277493 ], [ -123.0598153, 49.277481 ], [ -123.0596688, 49.2774801 ], [ -123.0578784, 49.2774688 ], [ -123.0572486, 49.2774693 ], [ -123.0565618, 49.2774698 ] ] ] ] } },
{ "type": "Feature", "properties": { "name": "59150342", "population": 445, "population_density": 5548.6 }, "geometry": { "type": "MultiPolygon", "coordinates": [ [ [ [ -123.0598337, 49.276606 ], [ -123.0578912, 49.2765747 ], [ -123.0578987, 49.2761193 ], [ -123.0579062, 49.2756662 ], [ -123.0579132, 49.2752286 ], [ -123.0579211, 49.2747388 ], [ -123.0598662, 49.2747711 ], [ -123.0617963, 49.2748021 ], [ -123.0618048, 49.274345 ], [ -123.0618118, 49.2739678 ], [ -123.0618134, 49.2738811 ], [ -123.0618169, 49.2737614 ], [ -123.0629065, 49.2737622 ], [ -123.0628708, 49.2748034 ], [ -123.0634579, 49.2748077 ], [ -123.0635405, 49.2748083 ], [ -123.06364, 49.274809 ], [ -123.0637115, 49.2749163 ], [ -123.0636917, 49.2757283 ], [ -123.0617784, 49.2756699 ], [ -123.0617654, 49.2761527 ], [ -123.0617529, 49.276615 ], [ -123.0598337, 49.276606 ] ] ] ] } },
{ "type": "Feature", "properties": { "name": "59150343", "population": 505, "population_density": 8305.9 }, "geometry": { "type": "MultiPolygon", "coordinates": [ [ [ [ -123.0617529, 49.276615 ], [ -123.0617654, 49.2761527 ], [ -123.0617784, 49.2756699 ], [ -123.0636917, 49.2757283 ], [ -123.0637115, 49.2749163 ], [ -123.06364, 49.274809 ], [ -123.063524, 49.2747311 ], [ -123.0635507, 49.2737662 ], [ -123.0640359, 49.2737704 ], [ -123.0645684, 49.273775 ], [ -123.0651221, 49.2737828 ], [ -123.0655349, 49.2737886 ], [ -123.0656758, 49.273842 ], [ -123.0656652, 49.2743521 ], [ -123.065655, 49.2748449 ], [ -123.0656469, 49.2752786 ], [ -123.0656456, 49.2753484 ], [ -123.0656384, 49.2757362 ], [ -123.0656305, 49.2761782 ], [ -123.0656221, 49.2766464 ], [ -123.0636696, 49.2766203 ], [ -123.0617529, 49.276615 ] ] ] ] } },
{ "type": "Feature", "properties": { "name": "59150344", "population": 490, "population_density": 8419.2 }, "geometry": { "type": "MultiPolygon", "coordinates": [ [ [ [ -123.0628708, 49.2748034 ], [ -123.0629065, 49.2737622 ], [ -123.0618169, 49.2737614 ], [ -123.0618242, 49.2733917 ], [ -123.0618323, 49.2729754 ], [ -123.0618405, 49.2725282 ], [ -123.0618492, 49.272058 ], [ -123.0637613, 49.2720902 ], [ -123.0651468, 49.2720953 ], [ -123.0657106, 49.2720973 ], [ -123.0657023, 49.2725532 ], [ -123.0656939, 49.2730129 ], [ -123.0656758, 49.273842 ], [ -123.0655349, 49.2737886 ], [ -123.0651221, 49.2737828 ], [ -123.0645684, 49.273775 ], [ -123.0640359, 49.2737704 ], [ -123.0635507, 49.2737662 ], [ -123.063524, 49.2747311 ], [ -123.06364, 49.274809 ], [ -123.0635405, 49.2748083 ], [ -123.0634579, 49.2748077 ], [ -123.0628708, 49.2748034 ] ] ] ] } },
{ "type": "Feature", "properties": { "name": "59150345", "population": 632, "population_density": 7400.5 }, "geometry": { "type": "MultiPolygon", "coordinates": [ [ [ [ -123.068902, 49.2739463 ], [ -123.0676047, 49.273935 ], [ -123.0675957, 49.2743599 ], [ -123.0675851, 49.2748532 ], [ -123.065655, 49.2748449 ], [ -123.0656652, 49.2743521 ], [ -123.0656758, 49.273842 ], [ -123.0656939, 49.2730129 ], [ -123.0676236, 49.2730275 ], [ -123.0676334, 49.2725788 ], [ -123.0676433, 49.27213 ], [ -123.0688723, 49.2721352 ], [ -123.0696077, 49.2721383 ], [ -123.0701785, 49.272141 ], [ -123.0715267, 49.2721472 ], [ -123.0715107, 49.2725947 ], [ -123.0714944, 49.2730498 ], [ -123.0714809, 49.273512 ], [ -123.0714682, 49.2739444 ], [ -123.0708091, 49.273958 ], [ -123.0701688, 49.2739569 ], [ -123.069559, 49.273952 ], [ -123.068902, 49.2739463 ] ] ] ] } },
{ "type": "Feature", "properties": { "name": "59150346", "population": 418, "population_density": 6066.8 }, "geometry": { "type": "MultiPolygon", "coordinates": [ [ [ [ -123.0657389, 49.2712811 ], [ -123.0657467, 49.270835 ], [ -123.0657531, 49.2704708 ], [ -123.0657694, 49.2695606 ], [ -123.0663943, 49.2695571 ], [ -123.0670128, 49.2695537 ], [ -123.0676965, 49.2695499 ], [ -123.0689663, 49.2695734 ], [ -123.0696755, 49.2695865 ], [ -123.0696494, 49.2704992 ], [ -123.0676747, 49.2705032 ], [ -123.0676594, 49.2712873 ], [ -123.0676433, 49.27213 ], [ -123.0676334, 49.2725788 ], [ -123.0676236, 49.2730275 ], [ -123.0656939, 49.2730129 ], [ -123.0657023, 49.2725532 ], [ -123.0657106, 49.2720973 ], [ -123.0657389, 49.2712811 ] ] ] ] } },
{ "type": "Feature", "properties": { "name": "59150347", "population": 542, "population_density": 8262.2 }, "geometry": { "type": "MultiPolygon", "coordinates": [ [ [ [ -123.0676594, 49.2712873 ], [ -123.0676747, 49.2705032 ], [ -123.0696494, 49.2704992 ], [ -123.0696755, 49.2695865 ], [ -123.070498, 49.2695728 ], [ -123.0715747, 49.269602 ], [ -123.0715677, 49.270076 ], [ -123.0715613, 49.2705114 ], [ -123.0715538, 49.2709575 ], [ -123.0715459, 49.2714298 ], [ -123.0715267, 49.2721472 ], [ -123.0701785, 49.272141 ], [ -123.0696077, 49.2721383 ], [ -123.0688723, 49.2721352 ], [ -123.0676433, 49.27213 ], [ -123.0676594, 49.2712873 ] ] ] ] } },
{ "type": "Feature", "properties": { "name": "59150348", "population": 569, "population_density": 14515.3 }, "geometry": { "type": "MultiPolygon", "coordinates": [ [ [ [ -123.0715538, 49.2709575 ], [ -123.0715613, 49.2705114 ], [ -123.0734631, 49.2705297 ], [ -123.0734507, 49.2709648 ], [ -123.073437, 49.2714451 ], [ -123.0734643, 49.2721655 ], [ -123.0734497, 49.2726027 ], [ -123.0734349, 49.2730465 ], [ -123.0714944, 49.2730498 ], [ -123.0715107, 49.2725947 ], [ -123.0715267, 49.2721472 ], [ -123.0715459, 49.2714298 ], [ -123.0715538, 49.2709575 ] ] ] ] } },
{ "type": "Feature", "properties": { "name": "59150349", "population": 411, "population_density": 11480.4 }, "geometry": { "type": "MultiPolygon", "coordinates": [ [ [ [ -123.0714682, 49.2739444 ], [ -123.0714809, 49.273512 ], [ -123.0714944, 49.2730498 ], [ -123.0734349, 49.2730465 ], [ -123.0734497, 49.2726027 ], [ -123.0734643, 49.2721655 ], [ -123.073437, 49.2714451 ], [ -123.0744807, 49.2714544 ], [ -123.074479, 49.2721786 ], [ -123.0744784, 49.2726107 ], [ -123.0744777, 49.2730703 ], [ -123.0744746, 49.2735283 ], [ -123.0744714, 49.273997 ], [ -123.0734029, 49.2739879 ], [ -123.0714682, 49.2739444 ] ] ] ] } },
{ "type": "Feature", "properties": { "name": "59150350", "population": 572, "population_density": 5607.8 }, "geometry": { "type": "MultiPolygon", "coordinates": [ [ [ [ -123.073437, 49.2714451 ], [ -123.0734507, 49.2709648 ], [ -123.0734631, 49.2705297 ], [ -123.0754035, 49.2705472 ], [ -123.0754128, 49.2701001 ], [ -123.0754226, 49.2696343 ], [ -123.0759812, 49.2696385 ], [ -123.0766775, 49.2696439 ], [ -123.0773659, 49.2696491 ], [ -123.0773598, 49.2700991 ], [ -123.0773535, 49.2705649 ], [ -123.0773493, 49.2708234 ], [ -123.0773463, 49.2710166 ], [ -123.0773385, 49.2715012 ], [ -123.0773155, 49.2731301 ], [ -123.0772994, 49.2740403 ], [ -123.0759156, 49.274019 ], [ -123.075378, 49.2740108 ], [ -123.0749243, 49.2740039 ], [ -123.0744714, 49.273997 ], [ -123.0744746, 49.2735283 ], [ -123.0744777, 49.2730703 ], [ -123.0744784, 49.2726107 ], [ -123.074479, 49.2721786 ], [ -123.0744807, 49.2714544 ], [ -123.073437, 49.2714451 ] ] ] ] } },
{ "type": "Feature", "properties": { "name": "59150351", "population": 415, "population_density": 14664.3 }, "geometry": { "type": "MultiPolygon", "coordinates": [ [ [ [ -123.0715677, 49.270076 ], [ -123.0715747, 49.269602 ], [ -123.0734901, 49.2696225 ], [ -123.0754226, 49.2696343 ], [ -123.0754128, 49.2701001 ], [ -123.0754035, 49.2705472 ], [ -123.0734631, 49.2705297 ], [ -123.0715613, 49.2705114 ], [ -123.0715677, 49.270076 ] ] ] ] } },
{ "type": "Feature", "properties": { "name": "59150352", "population": 771, "population_density": 13743.3 }, "geometry": { "type": "MultiPolygon", "coordinates": [ [ [ [ -123.0735326, 49.2682666 ], [ -123.0735417, 49.2678251 ], [ -123.07546, 49.2678419 ], [ -123.0766881, 49.267847 ], [ -123.0773803, 49.2678498 ], [ -123.077383, 49.2683484 ], [ -123.0773852, 49.2687543 ], [ -123.0773659, 49.2696491 ], [ -123.0766775, 49.2696439 ], [ -123.0759812, 49.2696385 ], [ -123.0754226, 49.2696343 ], [ -123.0734901, 49.2696225 ], [ -123.0735066, 49.2691752 ], [ -123.073523, 49.2687316 ], [ -123.0735326, 49.2682666 ] ] ] ] } },
{ "type": "Feature", "properties": { "name": "59150353", "population": 490, "population_density": 11807.2 }, "geometry": { "type": "MultiPolygon", "coordinates": [ [ [ [ -123.0696755, 49.2695865 ], [ -123.0696737, 49.268701 ], [ -123.070366, 49.2687061 ], [ -123.0715895, 49.2687152 ], [ -123.0716055, 49.2678086 ], [ -123.072083, 49.2678127 ], [ -123.0735417, 49.2678251 ], [ -123.0735326, 49.2682666 ], [ -123.073523, 49.2687316 ], [ -123.0735066, 49.2691752 ], [ -123.0734901, 49.2696225 ], [ -123.0715747, 49.269602 ], [ -123.070498, 49.2695728 ], [ -123.0696755, 49.2695865 ] ] ] ] } },
{ "type": "Feature", "properties": { "name": "59150354", "population": 549, "population_density": 12767.4 }, "geometry": { "type": "MultiPolygon", "coordinates": [ [ [ [ -123.0696737, 49.268701 ], [ -123.0696789, 49.2677923 ], [ -123.069693, 49.2670901 ], [ -123.0696998, 49.2668741 ], [ -123.0703498, 49.2668772 ], [ -123.0735593, 49.2668924 ], [ -123.0735417, 49.2678251 ], [ -123.072083, 49.2678127 ], [ -123.0716055, 49.2678086 ], [ -123.0715895, 49.2687152 ], [ -123.070366, 49.2687061 ], [ -123.0696737, 49.268701 ] ] ] ] } },
{ "type": "Feature", "properties": { "name": "59150355", "population": 519, "population_density": 18872.7 }, "geometry": { "type": "MultiPolygon", "coordinates": [ [ [ [ -123.0735593, 49.2668924 ], [ -123.0703498, 49.2668772 ], [ -123.0696998, 49.2668741 ], [ -123.0697109, 49.2664366 ], [ -123.0697186, 49.2659892 ], [ -123.0702246, 49.2659931 ], [ -123.073576, 49.2660191 ], [ -123.0735678, 49.2664497 ], [ -123.0735593, 49.2668924 ] ] ] ] } },
{ "type": "Feature", "properties": { "name": "59150356", "population": 479, "population_density": 5622.1 }, "geometry": { "type": "MultiPolygon", "coordinates": [ [ [ [ -123.065843, 49.2655278 ], [ -123.0658515, 49.2650482 ], [ -123.0690551, 49.2650737 ], [ -123.0697404, 49.2650791 ], [ -123.0697232, 49.2657866 ], [ -123.0697186, 49.2659892 ], [ -123.0697109, 49.2664366 ], [ -123.0696998, 49.2668741 ], [ -123.069693, 49.2670901 ], [ -123.0696789, 49.2677923 ], [ -123.0689902, 49.2677864 ], [ -123.0663919, 49.2677642 ], [ -123.0658037, 49.2677591 ], [ -123.0658115, 49.2673271 ], [ -123.0658179, 49.2669673 ], [ -123.06582, 49.2668507 ], [ -123.0658276, 49.2664094 ], [ -123.0658356, 49.2659512 ], [ -123.065843, 49.2655278 ] ] ] ] } },
{ "type": "Feature", "properties": { "name": "59150357", "population": 924, "population_density": 10620.7 }, "geometry": { "type": "MultiPolygon", "coordinates": [ [ [ [ -123.073576, 49.2660191 ], [ -123.0702246, 49.2659931 ], [ -123.0697186, 49.2659892 ], [ -123.0697232, 49.2657866 ], [ -123.0697404, 49.2650791 ], [ -123.069758, 49.2641689 ], [ -123.0697683, 49.2637233 ], [ -123.0697708, 49.2636008 ], [ -123.0697782, 49.2632324 ], [ -123.0697823, 49.263025 ], [ -123.0697843, 49.2629266 ], [ -123.07078, 49.2632571 ], [ -123.0717577, 49.2632682 ], [ -123.0736314, 49.2632895 ], [ -123.0736219, 49.2637601 ], [ -123.0736133, 49.2641852 ], [ -123.07361, 49.2643744 ], [ -123.0736083, 49.2644676 ], [ -123.073607, 49.2645425 ], [ -123.0736011, 49.2648754 ], [ -123.0735994, 49.2649744 ], [ -123.0735989, 49.2650018 ], [ -123.0739824, 49.2651302 ], [ -123.0735953, 49.2651251 ], [ -123.0735857, 49.2655679 ], [ -123.073576, 49.2660191 ] ] ] ] } },
{ "type": "Feature", "properties": { "name": "59150358", "population": 545, "population_density": 6278.8 }, "geometry": { "type": "MultiPolygon", "coordinates": [ [ [ [ -123.0659013, 49.2627571 ], [ -123.0659158, 49.2622945 ], [ -123.0661236, 49.2622951 ], [ -123.0668388, 49.2622971 ], [ -123.067292, 49.2623017 ], [ -123.0675305, 49.2623041 ], [ -123.0679241, 49.262308 ], [ -123.0691062, 49.26232 ], [ -123.0697947, 49.2623269 ], [ -123.0697862, 49.2628181 ], [ -123.0697843, 49.2629266 ], [ -123.0697823, 49.263025 ], [ -123.0697782, 49.2632324 ], [ -123.0697708, 49.2636008 ], [ -123.0697683, 49.2637233 ], [ -123.069758, 49.2641689 ], [ -123.0697404, 49.2650791 ], [ -123.0690551, 49.2650737 ], [ -123.0658515, 49.2650482 ], [ -123.0658596, 49.2645832 ], [ -123.0658671, 49.2641505 ], [ -123.0658761, 49.2637196 ], [ -123.0658861, 49.2632413 ], [ -123.0659013, 49.2627571 ] ] ] ] } },
{ "type": "Feature", "properties": { "name": "59150359", "population": 496, "population_density": 11753.6 }, "geometry": { "type": "MultiPolygon", "coordinates": [ [ [ [ -123.0697862, 49.2628181 ], [ -123.0697947, 49.2623269 ], [ -123.0717872, 49.2623437 ], [ -123.0736461, 49.2623594 ], [ -123.0748311, 49.2623701 ], [ -123.0755848, 49.2623768 ], [ -123.0755793, 49.2628504 ], [ -123.0755739, 49.2633124 ], [ -123.0748257, 49.2633036 ], [ -123.0736314, 49.2632895 ], [ -123.0717577, 49.2632682 ], [ -123.07078, 49.2632571 ], [ -123.0697843, 49.2629266 ], [ -123.0697862, 49.2628181 ] ] ] ] } },
{ "type": "Feature", "properties": { "name": "59150360", "population": 642, "population_density": 7287.2 }, "geometry": { "type": "MultiPolygon", "coordinates": [ [ [ [ -123.0659314, 49.2608772 ], [ -123.0659342, 49.2604403 ], [ -123.0690761, 49.2604464 ], [ -123.0698282, 49.2604479 ], [ -123.0698216, 49.26092 ], [ -123.0698149, 49.2613979 ], [ -123.0703141, 49.2613984 ], [ -123.0736612, 49.2614014 ], [ -123.0736461, 49.2623594 ], [ -123.0717872, 49.2623437 ], [ -123.0697947, 49.2623269 ], [ -123.0691062, 49.26232 ], [ -123.0679241, 49.262308 ], [ -123.0675305, 49.2623041 ], [ -123.067292, 49.2623017 ], [ -123.0668388, 49.2622971 ], [ -123.0661236, 49.2622951 ], [ -123.0659158, 49.2622945 ], [ -123.0659175, 49.2621672 ], [ -123.0659184, 49.2621005 ], [ -123.0659214, 49.261886 ], [ -123.065923, 49.2617614 ], [ -123.065927, 49.2614707 ], [ -123.0659282, 49.2613824 ], [ -123.0659306, 49.2610089 ], [ -123.0659314, 49.2608772 ] ] ] ] } },
{ "type": "Feature", "properties": { "name": "59150361", "population": 524, "population_density": 9323.8 }, "geometry": { "type": "MultiPolygon", "coordinates": [ [ [ [ -123.0698374, 49.2600204 ], [ -123.0698468, 49.2595882 ], [ -123.0736934, 49.2596061 ], [ -123.0736842, 49.2600454 ], [ -123.0736751, 49.2604839 ], [ -123.0736683, 49.2609357 ], [ -123.0736612, 49.2614014 ], [ -123.0703141, 49.2613984 ], [ -123.0698149, 49.2613979 ], [ -123.0698216, 49.26092 ], [ -123.0698282, 49.2604479 ], [ -123.0698374, 49.2600204 ] ] ] ] } },
{ "type": "Feature", "properties": { "name": "59150362", "population": 427, "population_density": 7625.0 }, "geometry": { "type": "MultiPolygon", "coordinates": [ [ [ [ -123.0659498, 49.2595409 ], [ -123.065965, 49.2586495 ], [ -123.0665986, 49.2586557 ], [ -123.0691142, 49.2586805 ], [ -123.0698597, 49.2586878 ], [ -123.0698468, 49.2595882 ], [ -123.0698374, 49.2600204 ], [ -123.0698282, 49.2604479 ], [ -123.0690761, 49.2604464 ], [ -123.0659342, 49.2604403 ], [ -123.0659419, 49.2599958 ], [ -123.0659498, 49.2595409 ] ] ] ] } },
{ "type": "Feature", "properties": { "name": "59150363", "population": 480, "population_density": 4938.3 }, "geometry": { "type": "MultiPolygon", "coordinates": [ [ [ [ -123.0698292, 49.2563981 ], [ -123.069821, 49.2563645 ], [ -123.0702267, 49.2564224 ], [ -123.0708695, 49.2564444 ], [ -123.0717475, 49.2564786 ], [ -123.072844, 49.2565214 ], [ -123.0737051, 49.2565312 ], [ -123.0737242, 49.2574631 ], [ -123.0737145, 49.2577908 ], [ -123.0737076, 49.258237 ], [ -123.0737002, 49.2587146 ], [ -123.0736968, 49.2591545 ], [ -123.0736934, 49.2596061 ], [ -123.0698468, 49.2595882 ], [ -123.0698597, 49.2586878 ], [ -123.0698639, 49.2582033 ], [ -123.0698678, 49.2577548 ], [ -123.0698772, 49.2568453 ], [ -123.0698789, 49.2566003 ], [ -123.0698292, 49.2563981 ] ] ] ] } },
{ "type": "Feature", "properties": { "name": "59150364", "population": 493, "population_density": 8529.4 }, "geometry": { "type": "MultiPolygon", "coordinates": [ [ [ [ -123.0659893, 49.2577224 ], [ -123.0660081, 49.2568167 ], [ -123.066652, 49.2568205 ], [ -123.0678659, 49.2568276 ], [ -123.0691395, 49.2568388 ], [ -123.0698772, 49.2568453 ], [ -123.0698678, 49.2577548 ], [ -123.0698639, 49.2582033 ], [ -123.0698597, 49.2586878 ], [ -123.0691142, 49.2586805 ], [ -123.0665986, 49.2586557 ], [ -123.065965, 49.2586495 ], [ -123.0659893, 49.2577224 ] ] ] ] } },
{ "type": "Feature", "properties": { "name": "59150365", "population": 361, "population_density": 5348.1 }, "geometry": { "type": "MultiPolygon", "coordinates": [ [ [ [ -123.0662257, 49.2530858 ], [ -123.0662726, 49.2529596 ], [ -123.066992, 49.2534863 ], [ -123.0675176, 49.2538849 ], [ -123.0679973, 49.2542486 ], [ -123.0688585, 49.2549224 ], [ -123.069077, 49.2551382 ], [ -123.0696269, 49.2560008 ], [ -123.069821, 49.2563645 ], [ -123.0698292, 49.2563981 ], [ -123.0698789, 49.2566003 ], [ -123.0698772, 49.2568453 ], [ -123.0691395, 49.2568388 ], [ -123.0678659, 49.2568276 ], [ -123.0678918, 49.2562878 ], [ -123.0660569, 49.256219 ], [ -123.0661361, 49.2546403 ], [ -123.0661012, 49.2541493 ], [ -123.0661166, 49.2536993 ], [ -123.0661286, 49.2533475 ], [ -123.0662257, 49.2530858 ] ] ] ] } },
{ "type": "Feature", "properties": { "name": "59150366", "population": 636, "population_density": 5422.0 }, "geometry": { "type": "MultiPolygon", "coordinates": [ [ [ [ -123.0688585, 49.2549224 ], [ -123.0679973, 49.2542486 ], [ -123.0684041, 49.2542885 ], [ -123.0686693, 49.2542903 ], [ -123.0693377, 49.254295 ], [ -123.0709774, 49.2543647 ], [ -123.0714537, 49.2543704 ], [ -123.0729113, 49.2543658 ], [ -123.0751277, 49.2543923 ], [ -123.0752816, 49.2543941 ], [ -123.0755548, 49.2543986 ], [ -123.0759567, 49.2544052 ], [ -123.07594, 49.2548714 ], [ -123.075924, 49.2553168 ], [ -123.0759019, 49.25578 ], [ -123.0758807, 49.2562209 ], [ -123.0758703, 49.2564305 ], [ -123.0758079, 49.2565045 ], [ -123.0758063, 49.2565954 ], [ -123.0751473, 49.2565713 ], [ -123.0750457, 49.2565676 ], [ -123.074277, 49.2565377 ], [ -123.0737051, 49.2565312 ], [ -123.072844, 49.2565214 ], [ -123.0717475, 49.2564786 ], [ -123.0708695, 49.2564444 ], [ -123.0702267, 49.2564224 ], [ -123.069821, 49.2563645 ], [ -123.0696269, 49.2560008 ], [ -123.069077, 49.2551382 ], [ -123.0688585, 49.2549224 ] ] ] ] } },
{ "type": "Feature", "properties": { "name": "59150367", "population": 1245, "population_density": 12266.0 }, "geometry": { "type": "MultiPolygon", "coordinates": [ [ [ [ -123.0652181, 49.251868 ], [ -123.065042, 49.2514164 ], [ -123.0660846, 49.2517355 ], [ -123.0666953, 49.2519225 ], [ -123.0673582, 49.2521611 ], [ -123.068049, 49.2524097 ], [ -123.068236, 49.2524716 ], [ -123.0687215, 49.2524798 ], [ -123.0693789, 49.2524909 ], [ -123.0701678, 49.2525033 ], [ -123.0705011, 49.2525106 ], [ -123.0714574, 49.2525266 ], [ -123.0719652, 49.2525332 ], [ -123.0729558, 49.2525502 ], [ -123.0729424, 49.2530201 ], [ -123.0729295, 49.2534683 ], [ -123.0729203, 49.2539196 ], [ -123.0729113, 49.2543658 ], [ -123.0714537, 49.2543704 ], [ -123.0709774, 49.2543647 ], [ -123.0693377, 49.254295 ], [ -123.0686693, 49.2542903 ], [ -123.0684041, 49.2542885 ], [ -123.0679973, 49.2542486 ], [ -123.0675176, 49.2538849 ], [ -123.066992, 49.2534863 ], [ -123.0662726, 49.2529596 ], [ -123.0656872, 49.2524428 ], [ -123.0652181, 49.251868 ] ] ] ] } },
{ "type": "Feature", "properties": { "name": "59150368", "population": 509, "population_density": 6869.1 }, "geometry": { "type": "MultiPolygon", "coordinates": [ [ [ [ -123.0719714, 49.2520852 ], [ -123.0719776, 49.25164 ], [ -123.0725948, 49.2516482 ], [ -123.07328, 49.2516573 ], [ -123.0739548, 49.2516674 ], [ -123.0746178, 49.2516774 ], [ -123.0753426, 49.251688 ], [ -123.0759968, 49.2516977 ], [ -123.075998, 49.2521638 ], [ -123.075999, 49.2526003 ], [ -123.0759998, 49.2530634 ], [ -123.0760005, 49.253493 ], [ -123.0759775, 49.2539722 ], [ -123.0759567, 49.2544052 ], [ -123.0755548, 49.2543986 ], [ -123.0752816, 49.2543941 ], [ -123.0751277, 49.2543923 ], [ -123.0729113, 49.2543658 ], [ -123.0729203, 49.2539196 ], [ -123.0729295, 49.2534683 ], [ -123.0729424, 49.2530201 ], [ -123.0729558, 49.2525502 ], [ -123.0719652, 49.2525332 ], [ -123.0719714, 49.2520852 ] ] ] ] } },
{ "type": "Feature", "properties": { "name": "59150369", "population": 537, "population_density": 6929.0 }, "geometry": { "type": "MultiPolygon", "coordinates": [ [ [ [ -123.0701678, 49.2525033 ], [ -123.0701801, 49.2520597 ], [ -123.0701924, 49.251614 ], [ -123.0702145, 49.2508362 ], [ -123.0702285, 49.2503467 ], [ -123.0710901, 49.2503611 ], [ -123.0711104, 49.2499272 ], [ -123.0711333, 49.2494372 ], [ -123.0712909, 49.2490064 ], [ -123.071292, 49.2484696 ], [ -123.0712929, 49.2480183 ], [ -123.0720277, 49.2483606 ], [ -123.0723095, 49.2484918 ], [ -123.0733522, 49.2489443 ], [ -123.0733129, 49.2503944 ], [ -123.07328, 49.2516573 ], [ -123.0725948, 49.2516482 ], [ -123.0719776, 49.25164 ], [ -123.0719714, 49.2520852 ], [ -123.0719652, 49.2525332 ], [ -123.0714574, 49.2525266 ], [ -123.0705011, 49.2525106 ], [ -123.0701678, 49.2525033 ] ] ] ] } },
{ "type": "Feature", "properties": { "name": "59150370", "population": 1317, "population_density": 11624.0 }, "geometry": { "type": "MultiPolygon", "coordinates": [ [ [ [ -123.0733522, 49.2489443 ], [ -123.0733666, 49.2484979 ], [ -123.0738375, 49.2484999 ], [ -123.074569, 49.2485037 ], [ -123.0749455, 49.2485056 ], [ -123.075586, 49.2485095 ], [ -123.075971, 49.2485118 ], [ -123.0759625, 49.2489602 ], [ -123.0761625, 49.2489818 ], [ -123.076811, 49.2489933 ], [ -123.0780749, 49.2490156 ], [ -123.0780608, 49.2494458 ], [ -123.078045, 49.2499264 ], [ -123.0780339, 49.2503633 ], [ -123.0780294, 49.2505431 ], [ -123.078022, 49.2508373 ], [ -123.0780097, 49.2511622 ], [ -123.0779917, 49.2517112 ], [ -123.0759968, 49.2516977 ], [ -123.0753426, 49.251688 ], [ -123.0746178, 49.2516774 ], [ -123.0739548, 49.2516674 ], [ -123.07328, 49.2516573 ], [ -123.0733129, 49.2503944 ], [ -123.0733522, 49.2489443 ] ] ] ] } },
{ "type": "Feature", "properties": { "name": "59150371", "population": 535, "population_density": 7514.0 }, "geometry": { "type": "MultiPolygon", "coordinates": [ [ [ [ -123.075998, 49.2521638 ], [ -123.0759968, 49.2516977 ], [ -123.0779917, 49.2517112 ], [ -123.0779752, 49.2522079 ], [ -123.0779612, 49.2526309 ], [ -123.0798823, 49.2526586 ], [ -123.0798757, 49.2531325 ], [ -123.0798697, 49.2535573 ], [ -123.0798538, 49.2540056 ], [ -123.0798375, 49.2544617 ], [ -123.0778985, 49.2544335 ], [ -123.0759567, 49.2544052 ], [ -123.0759775, 49.2539722 ], [ -123.0760005, 49.253493 ], [ -123.0759998, 49.2530634 ], [ -123.075999, 49.2526003 ], [ -123.075998, 49.2521638 ] ] ] ] } },
{ "type": "Feature", "properties": { "name": "59150372", "population": 709, "population_density": 7227.3 }, "geometry": { "type": "MultiPolygon", "coordinates": [ [ [ [ -123.0798697, 49.2535573 ], [ -123.0798757, 49.2531325 ], [ -123.0798823, 49.2526586 ], [ -123.0779612, 49.2526309 ], [ -123.0779752, 49.2522079 ], [ -123.0779917, 49.2517112 ], [ -123.0780097, 49.2511622 ], [ -123.078022, 49.2508373 ], [ -123.0799498, 49.2508661 ], [ -123.0818708, 49.2508947 ], [ -123.0838097, 49.2509228 ], [ -123.0838042, 49.2513577 ], [ -123.0837982, 49.2518277 ], [ -123.08377, 49.2522759 ], [ -123.0837428, 49.252709 ], [ -123.0818038, 49.2526818 ], [ -123.081798, 49.2529483 ], [ -123.0817811, 49.2535883 ], [ -123.0798697, 49.2535573 ] ] ] ] } },
{ "type": "Feature", "properties": { "name": "59150373", "population": 719, "population_density": 6129.6 }, "geometry": { "type": "MultiPolygon", "coordinates": [ [ [ [ -123.0759625, 49.2489602 ], [ -123.075971, 49.2485118 ], [ -123.0761782, 49.2485138 ], [ -123.0780887, 49.2485341 ], [ -123.0793917, 49.2485446 ], [ -123.0800351, 49.2485498 ], [ -123.0819089, 49.2485636 ], [ -123.0826639, 49.2485696 ], [ -123.0833086, 49.2485743 ], [ -123.0838925, 49.2485785 ], [ -123.0838762, 49.2490996 ], [ -123.083859, 49.2495587 ], [ -123.0838414, 49.2500256 ], [ -123.0838267, 49.2504404 ], [ -123.0838097, 49.2509228 ], [ -123.0818708, 49.2508947 ], [ -123.0799498, 49.2508661 ], [ -123.078022, 49.2508373 ], [ -123.0780294, 49.2505431 ], [ -123.0780339, 49.2503633 ], [ -123.078045, 49.2499264 ], [ -123.0780608, 49.2494458 ], [ -123.0780749, 49.2490156 ], [ -123.076811, 49.2489933 ], [ -123.0761625, 49.2489818 ], [ -123.0759625, 49.2489602 ] ] ] ] } },
{ "type": "Feature", "properties": { "name": "59150375", "population": 474, "population_density": 6422.8 }, "geometry": { "type": "MultiPolygon", "coordinates": [ [ [ [ -123.0801084, 49.2464899 ], [ -123.0801238, 49.2459363 ], [ -123.0801376, 49.2454368 ], [ -123.080149, 49.2446012 ], [ -123.0807326, 49.2446031 ], [ -123.0813572, 49.2446051 ], [ -123.0820516, 49.2446103 ], [ -123.0827463, 49.2446156 ], [ -123.0833567, 49.2446165 ], [ -123.0839793, 49.2446174 ], [ -123.0839782, 49.2450338 ], [ -123.083977, 49.2454632 ], [ -123.0827348, 49.245453 ], [ -123.0827093, 49.246536 ], [ -123.0826818, 49.2477171 ], [ -123.0819214, 49.24771 ], [ -123.080077, 49.2477096 ], [ -123.0800809, 49.2475386 ], [ -123.0800897, 49.2472044 ], [ -123.0800953, 49.2469886 ], [ -123.0801084, 49.2464899 ] ] ] ] } },
{ "type": "Feature", "properties": { "name": "59150376", "population": 465, "population_density": 6888.9 }, "geometry": { "type": "MultiPolygon", "coordinates": [ [ [ [ -123.0858083, 49.2475295 ], [ -123.0839215, 49.2475056 ], [ -123.0839144, 49.2477279 ], [ -123.0833069, 49.2477226 ], [ -123.0826818, 49.2477171 ], [ -123.0827093, 49.246536 ], [ -123.0827348, 49.245453 ], [ -123.083977, 49.2454632 ], [ -123.0839782, 49.2450338 ], [ -123.0839793, 49.2446174 ], [ -123.0859289, 49.2446242 ], [ -123.0859114, 49.2450421 ], [ -123.0858933, 49.2454753 ], [ -123.0858681, 49.2460044 ], [ -123.0858413, 49.2465657 ], [ -123.0858257, 49.2470203 ], [ -123.0858083, 49.2475295 ] ] ] ] } },
{ "type": "Feature", "properties": { "name": "59150377", "population": 503, "population_density": 7518.7 }, "geometry": { "type": "MultiPolygon", "coordinates": [ [ [ [ -123.0839983, 49.2442611 ], [ -123.0840175, 49.2439005 ], [ -123.0840345, 49.2432362 ], [ -123.085953, 49.2432565 ], [ -123.0859816, 49.2425394 ], [ -123.0878821, 49.242561 ], [ -123.0878814, 49.2430699 ], [ -123.0878811, 49.2432771 ], [ -123.0878735, 49.2435066 ], [ -123.0878555, 49.2439604 ], [ -123.0878265, 49.2446934 ], [ -123.087807, 49.2454865 ], [ -123.0871366, 49.2454835 ], [ -123.0866057, 49.2454811 ], [ -123.0858933, 49.2454753 ], [ -123.0859114, 49.2450421 ], [ -123.0859289, 49.2446242 ], [ -123.0839793, 49.2446174 ], [ -123.0839983, 49.2442611 ] ] ] ] } },
{ "type": "Feature", "properties": { "name": "59150378", "population": 862, "population_density": 14887.7 }, "geometry": { "type": "MultiPolygon", "coordinates": [ [ [ [ -123.0878814, 49.2430699 ], [ -123.0878821, 49.242561 ], [ -123.0896043, 49.2425852 ], [ -123.09032, 49.2425953 ], [ -123.0903053, 49.2435317 ], [ -123.0902747, 49.2445667 ], [ -123.0902706, 49.2447414 ], [ -123.0902108, 49.2455424 ], [ -123.089581, 49.2455278 ], [ -123.0884411, 49.2455013 ], [ -123.087807, 49.2454865 ], [ -123.0878265, 49.2446934 ], [ -123.0878555, 49.2439604 ], [ -123.0878735, 49.2435066 ], [ -123.0878811, 49.2432771 ], [ -123.0878814, 49.2430699 ] ] ] ] } },
{ "type": "Feature", "properties": { "name": "59150379", "population": 578, "population_density": 7234.0 }, "geometry": { "type": "MultiPolygon", "coordinates": [ [ [ [ -123.0860337, 49.2408338 ], [ -123.0860537, 49.240275 ], [ -123.0868401, 49.2402809 ], [ -123.0879313, 49.2402878 ], [ -123.0885285, 49.240284 ], [ -123.0891443, 49.24028 ], [ -123.089752, 49.2402911 ], [ -123.0903773, 49.2403025 ], [ -123.0903608, 49.2408506 ], [ -123.0903337, 49.2417201 ], [ -123.09032, 49.2425953 ], [ -123.0896043, 49.2425852 ], [ -123.0878821, 49.242561 ], [ -123.0859816, 49.2425394 ], [ -123.0859942, 49.2421093 ], [ -123.0859958, 49.2420553 ], [ -123.0860069, 49.2416771 ], [ -123.08602, 49.2412639 ], [ -123.0860337, 49.2408338 ] ] ] ] } },
{ "type": "Feature", "properties": { "name": "59150380", "population": 591, "population_density": 10404.9 }, "geometry": { "type": "MultiPolygon", "coordinates": [ [ [ [ -123.0868453, 49.2398686 ], [ -123.0868655, 49.23828 ], [ -123.0874122, 49.2382869 ], [ -123.0879987, 49.2382944 ], [ -123.0885656, 49.2383028 ], [ -123.0891921, 49.2383122 ], [ -123.0897888, 49.2383154 ], [ -123.0903959, 49.2383186 ], [ -123.0903914, 49.2387953 ], [ -123.0903773, 49.2403025 ], [ -123.089752, 49.2402911 ], [ -123.0891443, 49.24028 ], [ -123.0885285, 49.240284 ], [ -123.0879313, 49.2402878 ], [ -123.0868401, 49.2402809 ], [ -123.0868453, 49.2398686 ] ] ] ] } },
{ "type": "Feature", "properties": { "name": "59150381", "population": 638, "population_density": 8775.8 }, "geometry": { "type": "MultiPolygon", "coordinates": [ [ [ [ -123.0823843, 49.2398179 ], [ -123.0824274, 49.2382195 ], [ -123.0830024, 49.2382276 ], [ -123.0835455, 49.2382353 ], [ -123.0841012, 49.2382421 ], [ -123.0846403, 49.2382487 ], [ -123.085214, 49.2382569 ], [ -123.0857721, 49.2382649 ], [ -123.0863, 49.2382722 ], [ -123.0868655, 49.23828 ], [ -123.0868453, 49.2398686 ], [ -123.0868401, 49.2402809 ], [ -123.0860537, 49.240275 ], [ -123.0857284, 49.2402725 ], [ -123.0845823, 49.2402649 ], [ -123.0841157, 49.2402613 ], [ -123.0834748, 49.2402566 ], [ -123.0828599, 49.2402526 ], [ -123.0823727, 49.2402484 ], [ -123.0823843, 49.2398179 ] ] ] ] } },
{ "type": "Feature", "properties": { "name": "59150382", "population": 583, "population_density": 8740.6 }, "geometry": { "type": "MultiPolygon", "coordinates": [ [ [ [ -123.0857929, 49.237324 ], [ -123.085811, 49.2365085 ], [ -123.0863101, 49.2365062 ], [ -123.0868918, 49.2365035 ], [ -123.0874507, 49.2365117 ], [ -123.0880605, 49.2365206 ], [ -123.0886044, 49.2365274 ], [ -123.0892418, 49.2365354 ], [ -123.0897865, 49.2365411 ], [ -123.0901155, 49.2365557 ], [ -123.0904628, 49.2365503 ], [ -123.0904476, 49.2369607 ], [ -123.0904448, 49.2370354 ], [ -123.0903959, 49.2383186 ], [ -123.0897888, 49.2383154 ], [ -123.0891921, 49.2383122 ], [ -123.0885656, 49.2383028 ], [ -123.0879987, 49.2382944 ], [ -123.0874122, 49.2382869 ], [ -123.0868655, 49.23828 ], [ -123.0863, 49.2382722 ], [ -123.0857721, 49.2382649 ], [ -123.0857929, 49.237324 ] ] ] ] } },
{ "type": "Feature", "properties": { "name": "59150383", "population": 538, "population_density": 8485.8 }, "geometry": { "type": "MultiPolygon", "coordinates": [ [ [ [ -123.081348, 49.2373628 ], [ -123.0813826, 49.2364491 ], [ -123.0817767, 49.236448 ], [ -123.0819278, 49.2364476 ], [ -123.0824785, 49.2364463 ], [ -123.0830288, 49.2364634 ], [ -123.0836076, 49.2364814 ], [ -123.0841262, 49.2364854 ], [ -123.0847261, 49.23649 ], [ -123.0852801, 49.2364995 ], [ -123.085811, 49.2365085 ], [ -123.0857929, 49.237324 ], [ -123.0857721, 49.2382649 ], [ -123.085214, 49.2382569 ], [ -123.0846403, 49.2382487 ], [ -123.0841012, 49.2382421 ], [ -123.0835455, 49.2382353 ], [ -123.0830024, 49.2382276 ], [ -123.0824274, 49.2382195 ], [ -123.0818901, 49.2382128 ], [ -123.0813161, 49.2382056 ], [ -123.081348, 49.2373628 ] ] ] ] } },
{ "type": "Feature", "properties": { "name": "59150384", "population": 468, "population_density": 8055.1 }, "geometry": { "type": "MultiPolygon", "coordinates": [ [ [ [ -123.085811, 49.2365085 ], [ -123.0852801, 49.2364995 ], [ -123.0847261, 49.23649 ], [ -123.0847448, 49.2360923 ], [ -123.0847673, 49.2356146 ], [ -123.0880878, 49.235671 ], [ -123.0881046, 49.2352079 ], [ -123.0881216, 49.2347369 ], [ -123.0886013, 49.2347432 ], [ -123.0892328, 49.2347516 ], [ -123.0898654, 49.2347599 ], [ -123.0905292, 49.2347686 ], [ -123.0904947, 49.2356909 ], [ -123.0904628, 49.2365503 ], [ -123.0901155, 49.2365557 ], [ -123.0897865, 49.2365411 ], [ -123.0892418, 49.2365354 ], [ -123.0886044, 49.2365274 ], [ -123.0880605, 49.2365206 ], [ -123.0874507, 49.2365117 ], [ -123.0868918, 49.2365035 ], [ -123.0863101, 49.2365062 ], [ -123.085811, 49.2365085 ] ] ] ] } },
{ "type": "Feature", "properties": { "name": "59150385", "population": 512, "population_density": 7441.9 }, "geometry": { "type": "MultiPolygon", "coordinates": [ [ [ [ -123.0810763, 49.2364516 ], [ -123.0811062, 49.2348409 ], [ -123.0817996, 49.2347559 ], [ -123.0825271, 49.2346668 ], [ -123.0825389, 49.2342229 ], [ -123.0825513, 49.2337576 ], [ -123.0847681, 49.2337662 ], [ -123.0847723, 49.2342388 ], [ -123.0847765, 49.2347033 ], [ -123.0847717, 49.2351746 ], [ -123.0847673, 49.2356146 ], [ -123.0847448, 49.2360923 ], [ -123.0847261, 49.23649 ], [ -123.0841262, 49.2364854 ], [ -123.0836076, 49.2364814 ], [ -123.0830288, 49.2364634 ], [ -123.0824785, 49.2364463 ], [ -123.0819278, 49.2364476 ], [ -123.0817767, 49.236448 ], [ -123.0813826, 49.2364491 ], [ -123.0810763, 49.2364516 ] ] ] ] } },
{ "type": "Feature", "properties": { "name": "59150386", "population": 586, "population_density": 5250.9 }, "geometry": { "type": "MultiPolygon", "coordinates": [ [ [ [ -123.0880878, 49.235671 ], [ -123.0847673, 49.2356146 ], [ -123.0847717, 49.2351746 ], [ -123.0847765, 49.2347033 ], [ -123.0847723, 49.2342388 ], [ -123.0847681, 49.2337662 ], [ -123.0848005, 49.2333229 ], [ -123.0848347, 49.2328558 ], [ -123.0848358, 49.2328402 ], [ -123.0848496, 49.2328404 ], [ -123.086917, 49.2328649 ], [ -123.087754, 49.2328742 ], [ -123.0878365, 49.2328751 ], [ -123.0886391, 49.232884 ], [ -123.0892945, 49.2328913 ], [ -123.0905491, 49.232918 ], [ -123.0905394, 49.2338208 ], [ -123.0905292, 49.2347686 ], [ -123.0898654, 49.2347599 ], [ -123.0892328, 49.2347516 ], [ -123.0886013, 49.2347432 ], [ -123.0881216, 49.2347369 ], [ -123.0881046, 49.2352079 ], [ -123.0880878, 49.235671 ] ] ] ] } },
{ "type": "Feature", "properties": { "name": "59150387", "population": 482, "population_density": 7566.7 }, "geometry": { "type": "MultiPolygon", "coordinates": [ [ [ [ -123.0797384, 49.2348237 ], [ -123.0797922, 49.2331806 ], [ -123.079807, 49.2327294 ], [ -123.0812037, 49.2327438 ], [ -123.0825754, 49.2327638 ], [ -123.0836802, 49.2327684 ], [ -123.0837442, 49.232799 ], [ -123.0848358, 49.2328402 ], [ -123.0848347, 49.2328558 ], [ -123.0848005, 49.2333229 ], [ -123.0847681, 49.2337662 ], [ -123.0825513, 49.2337576 ], [ -123.0825389, 49.2342229 ], [ -123.0825271, 49.2346668 ], [ -123.0817996, 49.2347559 ], [ -123.0811062, 49.2348409 ], [ -123.0804141, 49.2348322 ], [ -123.0797384, 49.2348237 ] ] ] ] } },
{ "type": "Feature", "properties": { "name": "59150388", "population": 787, "population_density": 2799.7 }, "geometry": { "type": "MultiPolygon", "coordinates": [ [ [ [ -123.082638, 49.2308927 ], [ -123.0826595, 49.2290656 ], [ -123.0832762, 49.229074 ], [ -123.0838048, 49.2290812 ], [ -123.0839217, 49.2290825 ], [ -123.08443, 49.2290885 ], [ -123.0851464, 49.2290968 ], [ -123.0851971, 49.2273056 ], [ -123.0858406, 49.2273137 ], [ -123.0865797, 49.2273231 ], [ -123.087214, 49.2273316 ], [ -123.0879609, 49.2273415 ], [ -123.0879079, 49.2291264 ], [ -123.0885367, 49.2291331 ], [ -123.0892922, 49.2291412 ], [ -123.0899242, 49.2291519 ], [ -123.0906333, 49.2291639 ], [ -123.090586, 49.2300941 ], [ -123.090601, 49.2309944 ], [ -123.0905524, 49.2328208 ], [ -123.0905494, 49.2329083 ], [ -123.0905491, 49.232918 ], [ -123.0892945, 49.2328913 ], [ -123.0886391, 49.232884 ], [ -123.0878365, 49.2328751 ], [ -123.087754, 49.2328742 ], [ -123.086917, 49.2328649 ], [ -123.0848496, 49.2328404 ], [ -123.0848358, 49.2328402 ], [ -123.0837442, 49.232799 ], [ -123.0836802, 49.2327684 ], [ -123.0825754, 49.2327638 ], [ -123.0825883, 49.2323788 ], [ -123.0826178, 49.2314975 ], [ -123.082638, 49.2308927 ] ] ] ] } },
{ "type": "Feature", "properties": { "name": "59150389", "population": 702, "population_density": 6868.9 }, "geometry": { "type": "MultiPolygon", "coordinates": [ [ [ [ -123.0784836, 49.2307433 ], [ -123.078541, 49.2290243 ], [ -123.079197, 49.2290311 ], [ -123.0799403, 49.2290388 ], [ -123.0806115, 49.2290467 ], [ -123.0812942, 49.2290547 ], [ -123.0819573, 49.22906 ], [ -123.0826595, 49.2290656 ], [ -123.082638, 49.2308927 ], [ -123.0826178, 49.2314975 ], [ -123.0825883, 49.2323788 ], [ -123.0825754, 49.2327638 ], [ -123.0812037, 49.2327438 ], [ -123.079807, 49.2327294 ], [ -123.0798209, 49.2323438 ], [ -123.0798753, 49.2308368 ], [ -123.079147, 49.2307879 ], [ -123.0784836, 49.2307433 ] ] ] ] } },
{ "type": "Feature", "properties": { "name": "59150390", "population": 601, "population_density": 5235.2 }, "geometry": { "type": "MultiPolygon", "coordinates": [ [ [ [ -123.0800474, 49.2258226 ], [ -123.0800499, 49.2253313 ], [ -123.0814391, 49.2253527 ], [ -123.0828227, 49.2253758 ], [ -123.0838653, 49.225386 ], [ -123.0838578, 49.2258561 ], [ -123.0838351, 49.2272867 ], [ -123.083827, 49.227854 ], [ -123.0838048, 49.2290812 ], [ -123.0832762, 49.229074 ], [ -123.0826595, 49.2290656 ], [ -123.0819573, 49.22906 ], [ -123.0812942, 49.2290547 ], [ -123.0806115, 49.2290467 ], [ -123.0799403, 49.2290388 ], [ -123.0799892, 49.2277592 ], [ -123.0800012, 49.2273965 ], [ -123.0800152, 49.2269744 ], [ -123.0800291, 49.2266048 ], [ -123.0800456, 49.2261636 ], [ -123.0800474, 49.2258226 ] ] ] ] } },
{ "type": "Feature", "properties": { "name": "59150391", "population": 516, "population_density": 7701.5 }, "geometry": { "type": "MultiPolygon", "coordinates": [ [ [ [ -123.0757428, 49.2306213 ], [ -123.0757968, 49.2290013 ], [ -123.0771378, 49.2290061 ], [ -123.077238, 49.2276531 ], [ -123.0798275, 49.2277116 ], [ -123.0799892, 49.2277592 ], [ -123.0799403, 49.2290388 ], [ -123.079197, 49.2290311 ], [ -123.078541, 49.2290243 ], [ -123.0784836, 49.2307433 ], [ -123.0778552, 49.2307019 ], [ -123.0771369, 49.2306546 ], [ -123.0764242, 49.2306376 ], [ -123.0757428, 49.2306213 ] ] ] ] } },
{ "type": "Feature", "properties": { "name": "59150392", "population": 503, "population_density": 3674.2 }, "geometry": { "type": "MultiPolygon", "coordinates": [ [ [ [ -123.0744064, 49.2289978 ], [ -123.0744716, 49.2271574 ], [ -123.0745267, 49.2256916 ], [ -123.0745427, 49.2252667 ], [ -123.0759245, 49.2252736 ], [ -123.0773243, 49.22528 ], [ -123.078683, 49.2253051 ], [ -123.0800499, 49.2253313 ], [ -123.0800474, 49.2258226 ], [ -123.0800456, 49.2261636 ], [ -123.0800291, 49.2266048 ], [ -123.0800152, 49.2269744 ], [ -123.0800012, 49.2273965 ], [ -123.0799892, 49.2277592 ], [ -123.0798275, 49.2277116 ], [ -123.077238, 49.2276531 ], [ -123.0771378, 49.2290061 ], [ -123.0757968, 49.2290013 ], [ -123.0750895, 49.2289995 ], [ -123.0744064, 49.2289978 ] ] ] ] } },
{ "type": "Feature", "properties": { "name": "59150393", "population": 596, "population_density": 7137.7 }, "geometry": { "type": "MultiPolygon", "coordinates": [ [ [ [ -123.0717463, 49.2256748 ], [ -123.0717619, 49.2252192 ], [ -123.073161, 49.2252571 ], [ -123.0745427, 49.2252667 ], [ -123.0745267, 49.2256916 ], [ -123.0744716, 49.2271574 ], [ -123.0744064, 49.2289978 ], [ -123.0736486, 49.2289782 ], [ -123.0730235, 49.2289621 ], [ -123.07233, 49.2289496 ], [ -123.0716509, 49.2289374 ], [ -123.0716604, 49.228526 ], [ -123.0716816, 49.2276897 ], [ -123.0716965, 49.2271271 ], [ -123.0717463, 49.2256748 ] ] ] ] } },
{ "type": "Feature", "properties": { "name": "59150394", "population": 617, "population_density": 7820.0 }, "geometry": { "type": "MultiPolygon", "coordinates": [ [ [ [ -123.0684094, 49.2256326 ], [ -123.0684213, 49.2251887 ], [ -123.0690525, 49.2251924 ], [ -123.0699374, 49.2252002 ], [ -123.0717619, 49.2252192 ], [ -123.0717463, 49.2256748 ], [ -123.0716965, 49.2271271 ], [ -123.0716816, 49.2276897 ], [ -123.0716604, 49.228526 ], [ -123.0698097, 49.2284847 ], [ -123.0698409, 49.227664 ], [ -123.0683555, 49.2276444 ], [ -123.0684094, 49.2256326 ] ] ] ] } },
{ "type": "Feature", "properties": { "name": "59150395", "population": 748, "population_density": 9432.5 }, "geometry": { "type": "MultiPolygon", "coordinates": [ [ [ [ -123.0655701, 49.2302588 ], [ -123.0655856, 49.2294643 ], [ -123.0656136, 49.2285643 ], [ -123.0656597, 49.2276395 ], [ -123.0658243, 49.2276196 ], [ -123.0663248, 49.227622 ], [ -123.0670333, 49.2276255 ], [ -123.0676432, 49.2276342 ], [ -123.0683555, 49.2276444 ], [ -123.0698409, 49.227664 ], [ -123.0698097, 49.2284847 ], [ -123.0698016, 49.2286711 ], [ -123.069788, 49.2289823 ], [ -123.0690458, 49.2289803 ], [ -123.0683193, 49.2289784 ], [ -123.0682804, 49.2305285 ], [ -123.0675796, 49.2305181 ], [ -123.0669679, 49.230509 ], [ -123.06626, 49.230507 ], [ -123.0655664, 49.2305051 ], [ -123.0655678, 49.2303755 ], [ -123.0655701, 49.2302588 ] ] ] ] } },
{ "type": "Feature", "properties": { "name": "59150396", "population": 660, "population_density": 5246.4 }, "geometry": { "type": "MultiPolygon", "coordinates": [ [ [ [ -123.0669152, 49.2325371 ], [ -123.0669679, 49.230509 ], [ -123.0675796, 49.2305181 ], [ -123.0682804, 49.2305285 ], [ -123.0683193, 49.2289784 ], [ -123.0690458, 49.2289803 ], [ -123.069788, 49.2289823 ], [ -123.0698016, 49.2286711 ], [ -123.0698097, 49.2284847 ], [ -123.0716604, 49.228526 ], [ -123.0716509, 49.2289374 ], [ -123.0715727, 49.2305684 ], [ -123.0715261, 49.232206 ], [ -123.0715141, 49.2326297 ], [ -123.0701117, 49.2326186 ], [ -123.0689414, 49.2326057 ], [ -123.0688243, 49.232635 ], [ -123.0686857, 49.2326339 ], [ -123.0686871, 49.2325682 ], [ -123.0669152, 49.2325371 ] ] ] ] } },
{ "type": "Feature", "properties": { "name": "59150397", "population": 456, "population_density": 7651.0 }, "geometry": { "type": "MultiPolygon", "coordinates": [ [ [ [ -123.0715261, 49.232206 ], [ -123.0715727, 49.2305684 ], [ -123.0716509, 49.2289374 ], [ -123.07233, 49.2289496 ], [ -123.0730235, 49.2289621 ], [ -123.0736486, 49.2289782 ], [ -123.0744064, 49.2289978 ], [ -123.0743465, 49.2306014 ], [ -123.0736086, 49.2305929 ], [ -123.0729651, 49.2305855 ], [ -123.072918, 49.2322324 ], [ -123.0729058, 49.2326585 ], [ -123.0715141, 49.2326297 ], [ -123.0715261, 49.232206 ] ] ] ] } },
{ "type": "Feature", "properties": { "name": "59150398", "population": 492, "population_density": 7687.5 }, "geometry": { "type": "MultiPolygon", "coordinates": [ [ [ [ -123.072918, 49.2322324 ], [ -123.0729651, 49.2305855 ], [ -123.0736086, 49.2305929 ], [ -123.0743465, 49.2306014 ], [ -123.0744064, 49.2289978 ], [ -123.0750895, 49.2289995 ], [ -123.0757968, 49.2290013 ], [ -123.0757428, 49.2306213 ], [ -123.0756854, 49.2323027 ], [ -123.0756744, 49.2326237 ], [ -123.0742916, 49.2326285 ], [ -123.0741365, 49.232627 ], [ -123.0739966, 49.2326683 ], [ -123.0729058, 49.2326585 ], [ -123.072918, 49.2322324 ] ] ] ] } },
{ "type": "Feature", "properties": { "name": "59150399", "population": 478, "population_density": 7320.1 }, "geometry": { "type": "MultiPolygon", "coordinates": [ [ [ [ -123.0756854, 49.2323027 ], [ -123.0757428, 49.2306213 ], [ -123.0764242, 49.2306376 ], [ -123.0771369, 49.2306546 ], [ -123.0778552, 49.2307019 ], [ -123.0784836, 49.2307433 ], [ -123.079147, 49.2307879 ], [ -123.0798753, 49.2308368 ], [ -123.0798209, 49.2323438 ], [ -123.079807, 49.2327294 ], [ -123.0793337, 49.2327247 ], [ -123.0792886, 49.2326766 ], [ -123.0784107, 49.2326645 ], [ -123.0777597, 49.2326551 ], [ -123.0770665, 49.2326452 ], [ -123.0756882, 49.2326239 ], [ -123.0756744, 49.2326237 ], [ -123.0756854, 49.2323027 ] ] ] ] } },
{ "type": "Feature", "properties": { "name": "59150400", "population": 711, "population_density": 7414.0 }, "geometry": { "type": "MultiPolygon", "coordinates": [ [ [ [ -123.0742886, 49.2327194 ], [ -123.0742916, 49.2326285 ], [ -123.0756744, 49.2326237 ], [ -123.0756882, 49.2326239 ], [ -123.0770665, 49.2326452 ], [ -123.0777597, 49.2326551 ], [ -123.0784107, 49.2326645 ], [ -123.0792886, 49.2326766 ], [ -123.0793337, 49.2327247 ], [ -123.079807, 49.2327294 ], [ -123.0797922, 49.2331806 ], [ -123.0797384, 49.2348237 ], [ -123.0790269, 49.2348154 ], [ -123.0783445, 49.2348075 ], [ -123.0776395, 49.2347997 ], [ -123.0769945, 49.2347926 ], [ -123.0762657, 49.2347849 ], [ -123.0755867, 49.2347778 ], [ -123.0748787, 49.2347698 ], [ -123.0742147, 49.2347622 ], [ -123.0742744, 49.2331128 ], [ -123.0742886, 49.2327194 ] ] ] ] } },
{ "type": "Feature", "properties": { "name": "59150401", "population": 623, "population_density": 6720.6 }, "geometry": { "type": "MultiPolygon", "coordinates": [ [ [ [ -123.0715002, 49.2330878 ], [ -123.0715141, 49.2326297 ], [ -123.0729058, 49.2326585 ], [ -123.0739966, 49.2326683 ], [ -123.0741365, 49.232627 ], [ -123.0742916, 49.2326285 ], [ -123.0742886, 49.2327194 ], [ -123.0742744, 49.2331128 ], [ -123.0742147, 49.2347622 ], [ -123.0741665, 49.2364055 ], [ -123.0741549, 49.2368 ], [ -123.0727735, 49.2367815 ], [ -123.0713879, 49.2367636 ], [ -123.0713994, 49.2363888 ], [ -123.0714502, 49.2347313 ], [ -123.0715002, 49.2330878 ] ] ] ] } },
{ "type": "Feature", "properties": { "name": "59150402", "population": 702, "population_density": 4117.3 }, "geometry": { "type": "MultiPolygon", "coordinates": [ [ [ [ -123.0740359, 49.2397777 ], [ -123.0740629, 49.2393495 ], [ -123.0740782, 49.2389149 ], [ -123.0740924, 49.2385116 ], [ -123.0741095, 49.2380604 ], [ -123.0741204, 49.2377727 ], [ -123.0741236, 49.2376892 ], [ -123.0741549, 49.2368 ], [ -123.0741665, 49.2364055 ], [ -123.0742147, 49.2347622 ], [ -123.0748787, 49.2347698 ], [ -123.0755867, 49.2347778 ], [ -123.0762657, 49.2347849 ], [ -123.0769945, 49.2347926 ], [ -123.0776395, 49.2347997 ], [ -123.0783445, 49.2348075 ], [ -123.0782921, 49.2364386 ], [ -123.0782788, 49.2368542 ], [ -123.0791224, 49.236868 ], [ -123.0791082, 49.2373019 ], [ -123.0791056, 49.2373823 ], [ -123.0790944, 49.2377275 ], [ -123.0790789, 49.2381919 ], [ -123.0790665, 49.2385636 ], [ -123.0767134, 49.2385359 ], [ -123.0766095, 49.2389633 ], [ -123.0765133, 49.2393592 ], [ -123.0763676, 49.2402119 ], [ -123.0759954, 49.2402074 ], [ -123.0749173, 49.2401942 ], [ -123.074241, 49.2401899 ], [ -123.07401, 49.2401885 ], [ -123.0740359, 49.2397777 ] ] ] ] } },
{ "type": "Feature", "properties": { "name": "59150403", "population": 649, "population_density": 6838.8 }, "geometry": { "type": "MultiPolygon", "coordinates": [ [ [ [ -123.0686083, 49.237173 ], [ -123.0686194, 49.2367272 ], [ -123.0700119, 49.2367443 ], [ -123.0713879, 49.2367636 ], [ -123.0727735, 49.2367815 ], [ -123.0741549, 49.2368 ], [ -123.0741236, 49.2376892 ], [ -123.0741204, 49.2377727 ], [ -123.0741095, 49.2380604 ], [ -123.0740924, 49.2385116 ], [ -123.0740782, 49.2389149 ], [ -123.0740629, 49.2393495 ], [ -123.0740359, 49.2397777 ], [ -123.07401, 49.2401885 ], [ -123.0736299, 49.2401845 ], [ -123.0729083, 49.2401796 ], [ -123.0722162, 49.2401749 ], [ -123.0714814, 49.2401454 ], [ -123.0712465, 49.240136 ], [ -123.0712642, 49.2397257 ], [ -123.0712821, 49.23931 ], [ -123.0712988, 49.2388893 ], [ -123.071317, 49.23843 ], [ -123.0713337, 49.2380442 ], [ -123.0713525, 49.2376076 ], [ -123.0685989, 49.2375517 ], [ -123.0686083, 49.237173 ] ] ] ] } },
{ "type": "Feature", "properties": { "name": "59150404", "population": 537, "population_density": 9538.2 }, "geometry": { "type": "MultiPolygon", "coordinates": [ [ [ [ -123.0685846, 49.2379826 ], [ -123.0685989, 49.2375517 ], [ -123.0713525, 49.2376076 ], [ -123.0713337, 49.2380442 ], [ -123.071317, 49.23843 ], [ -123.0712988, 49.2388893 ], [ -123.0712821, 49.23931 ], [ -123.0712642, 49.2397257 ], [ -123.0712465, 49.240136 ], [ -123.070876, 49.2401322 ], [ -123.0701752, 49.240122 ], [ -123.0685232, 49.240098 ], [ -123.0685285, 49.2397008 ], [ -123.0685343, 49.2392696 ], [ -123.0685716, 49.2383761 ], [ -123.0685846, 49.2379826 ] ] ] ] } },
{ "type": "Feature", "properties": { "name": "59150405", "population": 473, "population_density": 7221.4 }, "geometry": { "type": "MultiPolygon", "coordinates": [ [ [ [ -123.0654207, 49.238131 ], [ -123.065434, 49.2374864 ], [ -123.0656079, 49.2375154 ], [ -123.066022, 49.2375204 ], [ -123.0685989, 49.2375517 ], [ -123.0685846, 49.2379826 ], [ -123.0685716, 49.2383761 ], [ -123.0685343, 49.2392696 ], [ -123.0685285, 49.2397008 ], [ -123.0685232, 49.240098 ], [ -123.0680152, 49.2400977 ], [ -123.0673442, 49.2400952 ], [ -123.0665984, 49.2400925 ], [ -123.0659566, 49.2400917 ], [ -123.065765, 49.2400915 ], [ -123.0653675, 49.2400591 ], [ -123.0653901, 49.2392237 ], [ -123.0653962, 49.2389537 ], [ -123.0654142, 49.2383425 ], [ -123.0654207, 49.238131 ] ] ] ] } },
{ "type": "Feature", "properties": { "name": "59150406", "population": 739, "population_density": 6621.9 }, "geometry": { "type": "MultiPolygon", "coordinates": [ [ [ [ -123.0673052, 49.2415486 ], [ -123.0666056, 49.241543 ], [ -123.0666742, 49.241653 ], [ -123.0666178, 49.2428711 ], [ -123.065905, 49.2428598 ], [ -123.065353, 49.2428511 ], [ -123.065268, 49.2428263 ], [ -123.0653038, 49.2415229 ], [ -123.0653499, 49.2406846 ], [ -123.0653675, 49.2400591 ], [ -123.065765, 49.2400915 ], [ -123.0659566, 49.2400917 ], [ -123.0665984, 49.2400925 ], [ -123.0673442, 49.2400952 ], [ -123.0680152, 49.2400977 ], [ -123.0685232, 49.240098 ], [ -123.0701752, 49.240122 ], [ -123.070876, 49.2401322 ], [ -123.0712465, 49.240136 ], [ -123.0714814, 49.2401454 ], [ -123.0722162, 49.2401749 ], [ -123.0729083, 49.2401796 ], [ -123.0736299, 49.2401845 ], [ -123.073591, 49.2416292 ], [ -123.0728692, 49.2416189 ], [ -123.0721903, 49.2416092 ], [ -123.0714138, 49.2415973 ], [ -123.0708157, 49.2415881 ], [ -123.0701358, 49.2415773 ], [ -123.0694507, 49.2415663 ], [ -123.0686928, 49.2415599 ], [ -123.0680069, 49.2415541 ], [ -123.0673052, 49.2415486 ] ] ] ] } },
{ "type": "Feature", "properties": { "name": "59150407", "population": 767, "population_density": 7899.1 }, "geometry": { "type": "MultiPolygon", "coordinates": [ [ [ [ -123.0700254, 49.2439916 ], [ -123.0686409, 49.243981 ], [ -123.0679556, 49.2439758 ], [ -123.0679943, 49.2429494 ], [ -123.0679984, 49.2428389 ], [ -123.0680448, 49.2416065 ], [ -123.0680069, 49.2415541 ], [ -123.0686928, 49.2415599 ], [ -123.0694507, 49.2415663 ], [ -123.0701358, 49.2415773 ], [ -123.0708157, 49.2415881 ], [ -123.0714138, 49.2415973 ], [ -123.0721903, 49.2416092 ], [ -123.0728692, 49.2416189 ], [ -123.073591, 49.2416292 ], [ -123.0735471, 49.2430224 ], [ -123.0733239, 49.2430195 ], [ -123.0728567, 49.2430135 ], [ -123.0721544, 49.2430045 ], [ -123.0721428, 49.2435303 ], [ -123.0721323, 49.2440082 ], [ -123.0714323, 49.2440018 ], [ -123.0707017, 49.2439965 ], [ -123.0700254, 49.2439916 ] ] ] ] } },
{ "type": "Feature", "properties": { "name": "59150408", "population": 753, "population_density": 9194.1 }, "geometry": { "type": "MultiPolygon", "coordinates": [ [ [ [ -123.0666742, 49.241653 ], [ -123.0666056, 49.241543 ], [ -123.0673052, 49.2415486 ], [ -123.0680069, 49.2415541 ], [ -123.0680448, 49.2416065 ], [ -123.0679984, 49.2428389 ], [ -123.0679943, 49.2429494 ], [ -123.0679556, 49.2439758 ], [ -123.0678881, 49.2450009 ], [ -123.069398, 49.2450626 ], [ -123.0699975, 49.2450871 ], [ -123.0699874, 49.2456164 ], [ -123.0699453, 49.2473926 ], [ -123.0690234, 49.2469631 ], [ -123.0687939, 49.2468568 ], [ -123.068547, 49.2467365 ], [ -123.0678347, 49.2463894 ], [ -123.0671651, 49.2460797 ], [ -123.0665311, 49.2457864 ], [ -123.0665427, 49.2453965 ], [ -123.0666178, 49.2428711 ], [ -123.0666742, 49.241653 ] ] ] ] } },
{ "type": "Feature", "properties": { "name": "59150409", "population": 482, "population_density": 8087.2 }, "geometry": { "type": "MultiPolygon", "coordinates": [ [ [ [ -123.0678881, 49.2450009 ], [ -123.0679556, 49.2439758 ], [ -123.0686409, 49.243981 ], [ -123.0700254, 49.2439916 ], [ -123.0707017, 49.2439965 ], [ -123.0714323, 49.2440018 ], [ -123.0713106, 49.2474972 ], [ -123.0712929, 49.2480183 ], [ -123.0699453, 49.2473926 ], [ -123.0699874, 49.2456164 ], [ -123.0699975, 49.2450871 ], [ -123.069398, 49.2450626 ], [ -123.0678881, 49.2450009 ] ] ] ] } },
{ "type": "Feature", "properties": { "name": "59150410", "population": 581, "population_density": 6693.5 }, "geometry": { "type": "MultiPolygon", "coordinates": [ [ [ [ -123.0713106, 49.2474972 ], [ -123.0714323, 49.2440018 ], [ -123.0721323, 49.2440082 ], [ -123.0721428, 49.2435303 ], [ -123.0721544, 49.2430045 ], [ -123.0728567, 49.2430135 ], [ -123.0733239, 49.2430195 ], [ -123.0735471, 49.2430224 ], [ -123.073526, 49.2436407 ], [ -123.0734817, 49.2449425 ], [ -123.0734664, 49.2453911 ], [ -123.073433, 49.2463991 ], [ -123.0734198, 49.2468132 ], [ -123.073387, 49.2478481 ], [ -123.0733797, 49.2480815 ], [ -123.0733666, 49.2484979 ], [ -123.0733522, 49.2489443 ], [ -123.0723095, 49.2484918 ], [ -123.0720277, 49.2483606 ], [ -123.0712929, 49.2480183 ], [ -123.0713106, 49.2474972 ] ] ] ] } },
{ "type": "Feature", "properties": { "name": "59150412", "population": 448, "population_density": 7593.2 }, "geometry": { "type": "MultiPolygon", "coordinates": [ [ [ [ -123.0762897, 49.2449943 ], [ -123.07631, 49.2445476 ], [ -123.0769416, 49.244559 ], [ -123.0776035, 49.244571 ], [ -123.078228, 49.2445771 ], [ -123.0788799, 49.244583 ], [ -123.0795103, 49.244592 ], [ -123.080149, 49.2446012 ], [ -123.0801376, 49.2454368 ], [ -123.0801238, 49.2459363 ], [ -123.0801084, 49.2464899 ], [ -123.07686, 49.2464458 ], [ -123.0762363, 49.2464373 ], [ -123.0762707, 49.2454113 ], [ -123.0762897, 49.2449943 ] ] ] ] } },
{ "type": "Feature", "properties": { "name": "59150414", "population": 649, "population_density": 9140.8 }, "geometry": { "type": "MultiPolygon", "coordinates": [ [ [ [ -123.0763567, 49.2406401 ], [ -123.0763676, 49.2402119 ], [ -123.0776922, 49.2402181 ], [ -123.078983, 49.240217 ], [ -123.0801556, 49.2402397 ], [ -123.0801652, 49.2406378 ], [ -123.0802, 49.2420856 ], [ -123.0802099, 49.2424977 ], [ -123.0795342, 49.2425077 ], [ -123.0789413, 49.2425165 ], [ -123.0782559, 49.2425129 ], [ -123.0776605, 49.2425097 ], [ -123.0769646, 49.2425094 ], [ -123.0763766, 49.2425092 ], [ -123.0763301, 49.2416792 ], [ -123.0763567, 49.2406401 ] ] ] ] } },
{ "type": "Feature", "properties": { "name": "59150415", "population": 886, "population_density": 7540.4 }, "geometry": { "type": "MultiPolygon", "coordinates": [ [ [ [ -123.073591, 49.2416292 ], [ -123.0736299, 49.2401845 ], [ -123.07401, 49.2401885 ], [ -123.074241, 49.2401899 ], [ -123.0749173, 49.2401942 ], [ -123.0759954, 49.2402074 ], [ -123.0763676, 49.2402119 ], [ -123.0763567, 49.2406401 ], [ -123.0763301, 49.2416792 ], [ -123.0763766, 49.2425092 ], [ -123.07636, 49.2430573 ], [ -123.0763384, 49.2436836 ], [ -123.07631, 49.2445476 ], [ -123.0762897, 49.2449943 ], [ -123.0762707, 49.2454113 ], [ -123.0759381, 49.2454089 ], [ -123.0758754, 49.2454085 ], [ -123.0755397, 49.245406 ], [ -123.0744681, 49.2453983 ], [ -123.0741247, 49.2453958 ], [ -123.0734664, 49.2453911 ], [ -123.0734817, 49.2449425 ], [ -123.073526, 49.2436407 ], [ -123.0735471, 49.2430224 ], [ -123.073591, 49.2416292 ] ] ] ] } },
{ "type": "Feature", "properties": { "name": "59150416", "population": 663, "population_density": 7424.4 }, "geometry": { "type": "MultiPolygon", "coordinates": [ [ [ [ -123.0763676, 49.2402119 ], [ -123.0765133, 49.2393592 ], [ -123.0766095, 49.2389633 ], [ -123.0767134, 49.2385359 ], [ -123.0790665, 49.2385636 ], [ -123.0790789, 49.2381919 ], [ -123.0796503, 49.2381907 ], [ -123.0802228, 49.2381896 ], [ -123.0807501, 49.2381973 ], [ -123.0813161, 49.2382056 ], [ -123.0818901, 49.2382128 ], [ -123.0824274, 49.2382195 ], [ -123.0823843, 49.2398179 ], [ -123.0823727, 49.2402484 ], [ -123.081552, 49.2402415 ], [ -123.0812443, 49.2402422 ], [ -123.0801556, 49.2402397 ], [ -123.078983, 49.240217 ], [ -123.0776922, 49.2402181 ], [ -123.0763676, 49.2402119 ] ] ] ] } },
{ "type": "Feature", "properties": { "name": "59150417", "population": 484, "population_density": 6816.9 }, "geometry": { "type": "MultiPolygon", "coordinates": [ [ [ [ -123.0782921, 49.2364386 ], [ -123.0783445, 49.2348075 ], [ -123.0790269, 49.2348154 ], [ -123.0797384, 49.2348237 ], [ -123.0804141, 49.2348322 ], [ -123.0811062, 49.2348409 ], [ -123.0810763, 49.2364516 ], [ -123.0813826, 49.2364491 ], [ -123.081348, 49.2373628 ], [ -123.0813161, 49.2382056 ], [ -123.0807501, 49.2381973 ], [ -123.0802228, 49.2381896 ], [ -123.0796503, 49.2381907 ], [ -123.0790789, 49.2381919 ], [ -123.0790944, 49.2377275 ], [ -123.0791056, 49.2373823 ], [ -123.0791082, 49.2373019 ], [ -123.0791224, 49.236868 ], [ -123.0782788, 49.2368542 ], [ -123.0782921, 49.2364386 ] ] ] ] } },
{ "type": "Feature", "properties": { "name": "59150419", "population": 447, "population_density": 4890.6 }, "geometry": { "type": "MultiPolygon", "coordinates": [ [ [ [ -123.0827463, 49.2446156 ], [ -123.0827613, 49.242519 ], [ -123.0827798, 49.2420938 ], [ -123.0828428, 49.2406463 ], [ -123.0828599, 49.2402526 ], [ -123.0834748, 49.2402566 ], [ -123.0841157, 49.2402613 ], [ -123.0845823, 49.2402649 ], [ -123.0857284, 49.2402725 ], [ -123.0860537, 49.240275 ], [ -123.0860337, 49.2408338 ], [ -123.08602, 49.2412639 ], [ -123.0860069, 49.2416771 ], [ -123.0859958, 49.2420553 ], [ -123.0859942, 49.2421093 ], [ -123.0859816, 49.2425394 ], [ -123.085953, 49.2432565 ], [ -123.0840345, 49.2432362 ], [ -123.0840175, 49.2439005 ], [ -123.0839983, 49.2442611 ], [ -123.0839793, 49.2446174 ], [ -123.0833567, 49.2446165 ], [ -123.0827463, 49.2446156 ] ] ] ] } },
{ "type": "Feature", "properties": { "name": "59150420", "population": 556, "population_density": 6457.6 }, "geometry": { "type": "MultiPolygon", "coordinates": [ [ [ [ -123.0678064, 49.2472056 ], [ -123.0678347, 49.2463894 ], [ -123.068547, 49.2467365 ], [ -123.0687939, 49.2468568 ], [ -123.0690234, 49.2469631 ], [ -123.0699453, 49.2473926 ], [ -123.0712929, 49.2480183 ], [ -123.071292, 49.2484696 ], [ -123.0712909, 49.2490064 ], [ -123.0711333, 49.2494372 ], [ -123.0711104, 49.2499272 ], [ -123.0710901, 49.2503611 ], [ -123.0702285, 49.2503467 ], [ -123.0698744, 49.2503416 ], [ -123.0694422, 49.2503353 ], [ -123.0687462, 49.2503245 ], [ -123.0683043, 49.2503177 ], [ -123.0681669, 49.2503156 ], [ -123.0681319, 49.250315 ], [ -123.0678067, 49.2503088 ], [ -123.0678037, 49.2490963 ], [ -123.0679293, 49.2485872 ], [ -123.06782, 49.2480996 ], [ -123.067819, 49.2480306 ], [ -123.0678084, 49.2473381 ], [ -123.0678064, 49.2472056 ] ] ] ] } },
{ "type": "Feature", "properties": { "name": "59150421", "population": 642, "population_density": 6400.8 }, "geometry": { "type": "MultiPolygon", "coordinates": [ [ [ [ -123.0667749, 49.2502943 ], [ -123.0663965, 49.2502882 ], [ -123.0657897, 49.2502783 ], [ -123.0656683, 49.2502765 ], [ -123.065031, 49.2502667 ], [ -123.0650523, 49.2493872 ], [ -123.0650752, 49.2485032 ], [ -123.0650885, 49.2480147 ], [ -123.065099, 49.2476274 ], [ -123.0651058, 49.2473761 ], [ -123.0651224, 49.2467588 ], [ -123.0651482, 49.2458074 ], [ -123.0651737, 49.2451433 ], [ -123.0665311, 49.2457864 ], [ -123.0671651, 49.2460797 ], [ -123.0678347, 49.2463894 ], [ -123.0678064, 49.2472056 ], [ -123.0678084, 49.2473381 ], [ -123.067819, 49.2480306 ], [ -123.06782, 49.2480996 ], [ -123.0679293, 49.2485872 ], [ -123.0678037, 49.2490963 ], [ -123.0678067, 49.2503088 ], [ -123.0671138, 49.250299 ], [ -123.0667749, 49.2502943 ] ] ] ] } },
{ "type": "Feature", "properties": { "name": "59150422", "population": 894, "population_density": 10275.9 }, "geometry": { "type": "MultiPolygon", "coordinates": [ [ [ [ -123.0636568, 49.250995 ], [ -123.0636896, 49.2502599 ], [ -123.0643763, 49.2502634 ], [ -123.065031, 49.2502667 ], [ -123.0656683, 49.2502765 ], [ -123.0657897, 49.2502783 ], [ -123.0663965, 49.2502882 ], [ -123.0667749, 49.2502943 ], [ -123.0671138, 49.250299 ], [ -123.0678067, 49.2503088 ], [ -123.0681319, 49.250315 ], [ -123.0681669, 49.2503156 ], [ -123.0683043, 49.2503177 ], [ -123.0687462, 49.2503245 ], [ -123.0694422, 49.2503353 ], [ -123.0698744, 49.2503416 ], [ -123.0702285, 49.2503467 ], [ -123.0702145, 49.2508362 ], [ -123.0701924, 49.251614 ], [ -123.0701801, 49.2520597 ], [ -123.0701678, 49.2525033 ], [ -123.0693789, 49.2524909 ], [ -123.0687215, 49.2524798 ], [ -123.068236, 49.2524716 ], [ -123.068049, 49.2524097 ], [ -123.0673582, 49.2521611 ], [ -123.0666953, 49.2519225 ], [ -123.0660846, 49.2517355 ], [ -123.065042, 49.2514164 ], [ -123.0643626, 49.2512097 ], [ -123.0636568, 49.250995 ] ] ] ] } },
{ "type": "Feature", "properties": { "name": "59150423", "population": 468, "population_density": 3518.8 }, "geometry": { "type": "MultiPolygon", "coordinates": [ [ [ [ -123.0636896, 49.2502599 ], [ -123.0625664, 49.2502545 ], [ -123.0625516, 49.2507271 ], [ -123.0608813, 49.2501879 ], [ -123.0604301, 49.2500045 ], [ -123.0604772, 49.2488708 ], [ -123.060508, 49.248124 ], [ -123.0605118, 49.2477924 ], [ -123.0605182, 49.2472259 ], [ -123.0605225, 49.2468542 ], [ -123.0604085, 49.246725 ], [ -123.062727, 49.2467413 ], [ -123.0643856, 49.2467534 ], [ -123.0651224, 49.2467588 ], [ -123.0651058, 49.2473761 ], [ -123.065099, 49.2476274 ], [ -123.0650885, 49.2480147 ], [ -123.0650752, 49.2485032 ], [ -123.0650523, 49.2493872 ], [ -123.065031, 49.2502667 ], [ -123.0643763, 49.2502634 ], [ -123.0636896, 49.2502599 ] ] ] ] } },
{ "type": "Feature", "properties": { "name": "59150424", "population": 862, "population_density": 5727.6 }, "geometry": { "type": "MultiPolygon", "coordinates": [ [ [ [ -123.0590335, 49.2521688 ], [ -123.0585814, 49.2520421 ], [ -123.0579315, 49.2518731 ], [ -123.05819, 49.2514801 ], [ -123.0592868, 49.2498126 ], [ -123.0593353, 49.2497388 ], [ -123.0594332, 49.24959 ], [ -123.0604301, 49.2500045 ], [ -123.0608813, 49.2501879 ], [ -123.0625516, 49.2507271 ], [ -123.0625664, 49.2502545 ], [ -123.0636896, 49.2502599 ], [ -123.0636568, 49.250995 ], [ -123.0643626, 49.2512097 ], [ -123.065042, 49.2514164 ], [ -123.0652181, 49.251868 ], [ -123.0656872, 49.2524428 ], [ -123.0662726, 49.2529596 ], [ -123.0662257, 49.2530858 ], [ -123.0661286, 49.2533475 ], [ -123.0661166, 49.2536993 ], [ -123.0661012, 49.2541493 ], [ -123.065454, 49.2539673 ], [ -123.064885, 49.2538074 ], [ -123.0646324, 49.2537364 ], [ -123.0637422, 49.2534861 ], [ -123.0620927, 49.2530296 ], [ -123.0606984, 49.2526421 ], [ -123.0594179, 49.2522781 ], [ -123.0590335, 49.2521688 ] ] ] ] } },
{ "type": "Feature", "properties": { "name": "59150425", "population": 388, "population_density": 4439.4 }, "geometry": { "type": "MultiPolygon", "coordinates": [ [ [ [ -123.0566007, 49.2506162 ], [ -123.0566203, 49.2497006 ], [ -123.056626, 49.2492961 ], [ -123.0566262, 49.2492767 ], [ -123.0566328, 49.248811 ], [ -123.0566407, 49.2486399 ], [ -123.0566516, 49.2484061 ], [ -123.057376, 49.2487197 ], [ -123.0579909, 49.2489859 ], [ -123.0579943, 49.2488454 ], [ -123.0604772, 49.2488708 ], [ -123.0604301, 49.2500045 ], [ -123.0594332, 49.24959 ], [ -123.0593353, 49.2497388 ], [ -123.0592868, 49.2498126 ], [ -123.05819, 49.2514801 ], [ -123.0579315, 49.2518731 ], [ -123.0585814, 49.2520421 ], [ -123.0583447, 49.2524608 ], [ -123.0582957, 49.2526279 ], [ -123.0582907, 49.2534863 ], [ -123.0574957, 49.2534874 ], [ -123.0565929, 49.2534886 ], [ -123.0565904, 49.2528787 ], [ -123.0565964, 49.2523501 ], [ -123.0565944, 49.2522302 ], [ -123.0565953, 49.2520487 ], [ -123.0565979, 49.2515259 ], [ -123.0566005, 49.2506828 ], [ -123.0566006, 49.2506365 ], [ -123.0566007, 49.2506162 ] ] ] ] } },
{ "type": "Feature", "properties": { "name": "59150426", "population": 634, "population_density": 2536.0 }, "geometry": { "type": "MultiPolygon", "coordinates": [ [ [ [ -123.0566335, 49.2550787 ], [ -123.0565929, 49.2534886 ], [ -123.0574957, 49.2534874 ], [ -123.0582907, 49.2534863 ], [ -123.0582957, 49.2526279 ], [ -123.0583447, 49.2524608 ], [ -123.0585814, 49.2520421 ], [ -123.0590335, 49.2521688 ], [ -123.0594179, 49.2522781 ], [ -123.0606984, 49.2526421 ], [ -123.0620927, 49.2530296 ], [ -123.0637422, 49.2534861 ], [ -123.0646324, 49.2537364 ], [ -123.064885, 49.2538074 ], [ -123.065454, 49.2539673 ], [ -123.0661012, 49.2541493 ], [ -123.0661361, 49.2546403 ], [ -123.0660569, 49.256219 ], [ -123.0678918, 49.2562878 ], [ -123.0678659, 49.2568276 ], [ -123.066652, 49.2568205 ], [ -123.0660081, 49.2568167 ], [ -123.0653575, 49.2568314 ], [ -123.0630731, 49.2567452 ], [ -123.0625291, 49.2567046 ], [ -123.0614995, 49.2566933 ], [ -123.0614892, 49.2566934 ], [ -123.058988, 49.2567877 ], [ -123.0582772, 49.2567764 ], [ -123.0574994, 49.2567641 ], [ -123.0566167, 49.2567501 ], [ -123.0566197, 49.256443 ], [ -123.0566335, 49.2550787 ] ] ] ] } },
{ "type": "Feature", "properties": { "name": "59150427", "population": 568, "population_density": 5541.5 }, "geometry": { "type": "MultiPolygon", "coordinates": [ [ [ [ -123.0558265, 49.2562302 ], [ -123.0550017, 49.2560088 ], [ -123.0550033, 49.2561694 ], [ -123.0550076, 49.256608 ], [ -123.053748, 49.2566078 ], [ -123.0529601, 49.2566849 ], [ -123.0529699, 49.2557101 ], [ -123.0529767, 49.2553963 ], [ -123.0529868, 49.2549242 ], [ -123.0529919, 49.2544991 ], [ -123.0521587, 49.254489 ], [ -123.0521666, 49.2540415 ], [ -123.0521687, 49.253652 ], [ -123.0521709, 49.2532174 ], [ -123.0545365, 49.25321 ], [ -123.0546232, 49.2532093 ], [ -123.055739, 49.2531996 ], [ -123.0559036, 49.2532257 ], [ -123.056022, 49.2533946 ], [ -123.056177, 49.2534412 ], [ -123.0565929, 49.2534886 ], [ -123.0566335, 49.2550787 ], [ -123.0566197, 49.256443 ], [ -123.0558265, 49.2562302 ] ] ] ] } },
{ "type": "Feature", "properties": { "name": "59150428", "population": 589, "population_density": 3918.8 }, "geometry": { "type": "MultiPolygon", "coordinates": [ [ [ [ -123.0496037, 49.2523753 ], [ -123.0496082, 49.2515485 ], [ -123.0501969, 49.2515489 ], [ -123.0522149, 49.2515504 ], [ -123.0521975, 49.2519695 ], [ -123.052181, 49.2523664 ], [ -123.0521757, 49.2528153 ], [ -123.0521709, 49.2532174 ], [ -123.0521687, 49.253652 ], [ -123.0521666, 49.2540415 ], [ -123.0521587, 49.254489 ], [ -123.0529919, 49.2544991 ], [ -123.0529868, 49.2549242 ], [ -123.0529767, 49.2553963 ], [ -123.0529699, 49.2557101 ], [ -123.0529601, 49.2566849 ], [ -123.0529563, 49.2570694 ], [ -123.0529548, 49.2572187 ], [ -123.0529519, 49.2575067 ], [ -123.0521164, 49.2575766 ], [ -123.0495734, 49.2578846 ], [ -123.0495583, 49.2574094 ], [ -123.0495392, 49.2568285 ], [ -123.0495232, 49.256341 ], [ -123.0495261, 49.2559109 ], [ -123.0495292, 49.2554485 ], [ -123.0495386, 49.2544795 ], [ -123.0495439, 49.2540293 ], [ -123.049595, 49.2532254 ], [ -123.0496033, 49.2524117 ], [ -123.0496037, 49.2523753 ] ] ] ] } },
{ "type": "Feature", "properties": { "name": "59150429", "population": 562, "population_density": 5137.1 }, "geometry": { "type": "MultiPolygon", "coordinates": [ [ [ [ -123.0496115, 49.2511345 ], [ -123.0496152, 49.2506821 ], [ -123.049629, 49.2506821 ], [ -123.0522325, 49.2506906 ], [ -123.0545097, 49.2506866 ], [ -123.055871, 49.2506841 ], [ -123.0566005, 49.2506828 ], [ -123.0565979, 49.2515259 ], [ -123.0565953, 49.2520487 ], [ -123.0565944, 49.2522302 ], [ -123.0565964, 49.2523501 ], [ -123.0565904, 49.2528787 ], [ -123.0565929, 49.2534886 ], [ -123.056177, 49.2534412 ], [ -123.056022, 49.2533946 ], [ -123.0559036, 49.2532257 ], [ -123.055739, 49.2531996 ], [ -123.0546232, 49.2532093 ], [ -123.0545365, 49.25321 ], [ -123.0521709, 49.2532174 ], [ -123.0521757, 49.2528153 ], [ -123.052181, 49.2523664 ], [ -123.0521975, 49.2519695 ], [ -123.0522149, 49.2515504 ], [ -123.0501969, 49.2515489 ], [ -123.0496082, 49.2515485 ], [ -123.0496115, 49.2511345 ] ] ] ] } },
{ "type": "Feature", "properties": { "name": "59150430", "population": 545, "population_density": 6550.5 }, "geometry": { "type": "MultiPolygon", "coordinates": [ [ [ [ -123.0522357, 49.2483808 ], [ -123.0522384, 49.2479388 ], [ -123.0544803, 49.2479505 ], [ -123.0545661, 49.2479844 ], [ -123.0546027, 49.2480782 ], [ -123.0546015, 49.2483887 ], [ -123.0545997, 49.2488176 ], [ -123.0554006, 49.2488152 ], [ -123.0558781, 49.2488133 ], [ -123.0560654, 49.2488126 ], [ -123.0566328, 49.248811 ], [ -123.0566262, 49.2492767 ], [ -123.056626, 49.2492961 ], [ -123.0566203, 49.2497006 ], [ -123.0566007, 49.2506162 ], [ -123.0566006, 49.2506365 ], [ -123.0566005, 49.2506828 ], [ -123.055871, 49.2506841 ], [ -123.0545097, 49.2506866 ], [ -123.0522325, 49.2506906 ], [ -123.0522329, 49.2506185 ], [ -123.0522107, 49.2497144 ], [ -123.0522218, 49.2492714 ], [ -123.052233, 49.2488233 ], [ -123.0522357, 49.2483808 ] ] ] ] } },
{ "type": "Feature", "properties": { "name": "59150431", "population": 600, "population_density": 5763.7 }, "geometry": { "type": "MultiPolygon", "coordinates": [ [ [ [ -123.0470779, 49.2501371 ], [ -123.0470826, 49.2496895 ], [ -123.0470852, 49.2492555 ], [ -123.0470879, 49.2488068 ], [ -123.0489162, 49.2488039 ], [ -123.0496399, 49.2488028 ], [ -123.0496392, 49.2479281 ], [ -123.0496413, 49.2475282 ], [ -123.0503989, 49.2475258 ], [ -123.0512938, 49.247523 ], [ -123.0518944, 49.2475169 ], [ -123.0519129, 49.247938 ], [ -123.0522384, 49.2479388 ], [ -123.0522357, 49.2483808 ], [ -123.052233, 49.2488233 ], [ -123.0522218, 49.2492714 ], [ -123.0522107, 49.2497144 ], [ -123.0522329, 49.2506185 ], [ -123.0522325, 49.2506906 ], [ -123.049629, 49.2506821 ], [ -123.0496152, 49.2506821 ], [ -123.0470718, 49.2506783 ], [ -123.0470732, 49.2505918 ], [ -123.0470779, 49.2501371 ] ] ] ] } },
{ "type": "Feature", "properties": { "name": "59150432", "population": 878, "population_density": 6626.4 }, "geometry": { "type": "MultiPolygon", "coordinates": [ [ [ [ -123.049659, 49.2454569 ], [ -123.0496476, 49.2446206 ], [ -123.0503272, 49.2446171 ], [ -123.0504233, 49.2446166 ], [ -123.0510901, 49.2446132 ], [ -123.05177, 49.2446161 ], [ -123.0520621, 49.2446173 ], [ -123.0520597, 49.2454541 ], [ -123.0542487, 49.2454337 ], [ -123.0542513, 49.2458702 ], [ -123.0542537, 49.2462635 ], [ -123.0542678, 49.2471223 ], [ -123.0559067, 49.2470932 ], [ -123.0566543, 49.2471073 ], [ -123.0566532, 49.2480981 ], [ -123.0566516, 49.2484061 ], [ -123.0566407, 49.2486399 ], [ -123.0566328, 49.248811 ], [ -123.0560654, 49.2488126 ], [ -123.0558781, 49.2488133 ], [ -123.0554006, 49.2488152 ], [ -123.0545997, 49.2488176 ], [ -123.0546015, 49.2483887 ], [ -123.0546027, 49.2480782 ], [ -123.0545661, 49.2479844 ], [ -123.0544803, 49.2479505 ], [ -123.0522384, 49.2479388 ], [ -123.0519129, 49.247938 ], [ -123.0518944, 49.2475169 ], [ -123.0512938, 49.247523 ], [ -123.0503989, 49.2475258 ], [ -123.0496413, 49.2475282 ], [ -123.0496445, 49.2471112 ], [ -123.0496523, 49.2462755 ], [ -123.0496556, 49.2458567 ], [ -123.0496569, 49.2457014 ], [ -123.0496582, 49.2455485 ], [ -123.049659, 49.2454569 ] ] ] ] } },
{ "type": "Feature", "properties": { "name": "59150433", "population": 496, "population_density": 7873.0 }, "geometry": { "type": "MultiPolygon", "coordinates": [ [ [ [ -123.0520609, 49.2450347 ], [ -123.0520621, 49.2446173 ], [ -123.052614, 49.2446197 ], [ -123.0542438, 49.2446228 ], [ -123.0545178, 49.2446216 ], [ -123.0560016, 49.2446151 ], [ -123.0566587, 49.2446122 ], [ -123.0566601, 49.245413 ], [ -123.0566567, 49.2457922 ], [ -123.0566562, 49.2462759 ], [ -123.0566527, 49.2466992 ], [ -123.0566543, 49.2471073 ], [ -123.0559067, 49.2470932 ], [ -123.0542678, 49.2471223 ], [ -123.0542537, 49.2462635 ], [ -123.0542513, 49.2458702 ], [ -123.0542487, 49.2454337 ], [ -123.0520597, 49.2454541 ], [ -123.0520609, 49.2450347 ] ] ] ] } },
{ "type": "Feature", "properties": { "name": "59150434", "population": 477, "population_density": 6943.2 }, "geometry": { "type": "MultiPolygon", "coordinates": [ [ [ [ -123.0508593, 49.2432737 ], [ -123.0516435, 49.2424295 ], [ -123.0527467, 49.2428965 ], [ -123.0532324, 49.243106 ], [ -123.0538241, 49.2433611 ], [ -123.0534846, 49.2437121 ], [ -123.0545168, 49.2437192 ], [ -123.0560009, 49.2437294 ], [ -123.0566595, 49.2437339 ], [ -123.0566529, 49.2439896 ], [ -123.0566587, 49.2446122 ], [ -123.0560016, 49.2446151 ], [ -123.0545178, 49.2446216 ], [ -123.0542438, 49.2446228 ], [ -123.052614, 49.2446197 ], [ -123.0520621, 49.2446173 ], [ -123.05177, 49.2446161 ], [ -123.0510901, 49.2446132 ], [ -123.0504233, 49.2446166 ], [ -123.0503272, 49.2446171 ], [ -123.0496476, 49.2446206 ], [ -123.0498759, 49.2442701 ], [ -123.0499799, 49.2441647 ], [ -123.0508593, 49.2432737 ] ] ] ] } },
{ "type": "Feature", "properties": { "name": "59150435", "population": 598, "population_density": 8704.5 }, "geometry": { "type": "MultiPolygon", "coordinates": [ [ [ [ -123.0545324, 49.2407159 ], [ -123.0545358, 49.2402394 ], [ -123.0572925, 49.2414927 ], [ -123.0575069, 49.2415902 ], [ -123.0581234, 49.2418705 ], [ -123.0573254, 49.2425874 ], [ -123.0569212, 49.2429637 ], [ -123.0567596, 49.2432385 ], [ -123.0566848, 49.2434437 ], [ -123.0566595, 49.2437339 ], [ -123.0560009, 49.2437294 ], [ -123.0545168, 49.2437192 ], [ -123.0534846, 49.2437121 ], [ -123.0538241, 49.2433611 ], [ -123.0543873, 49.2427081 ], [ -123.0545309, 49.2424796 ], [ -123.0545311, 49.2418852 ], [ -123.0545313, 49.2413544 ], [ -123.0545313, 49.2412401 ], [ -123.0545297, 49.2410923 ], [ -123.0545324, 49.2407159 ] ] ] ] } },
{ "type": "Feature", "properties": { "name": "59150436", "population": 776, "population_density": 7152.1 }, "geometry": { "type": "MultiPolygon", "coordinates": [ [ [ [ -123.0521822, 49.2426575 ], [ -123.0516435, 49.2424295 ], [ -123.0508593, 49.2432737 ], [ -123.0502959, 49.2430465 ], [ -123.0493188, 49.2426525 ], [ -123.0489112, 49.2424881 ], [ -123.0495888, 49.2418085 ], [ -123.0499529, 49.2414524 ], [ -123.0502785, 49.2411338 ], [ -123.0503588, 49.2410585 ], [ -123.0507019, 49.2408767 ], [ -123.0509116, 49.2407655 ], [ -123.0512142, 49.2406053 ], [ -123.0513947, 49.2405103 ], [ -123.0519382, 49.2399522 ], [ -123.0522478, 49.2396535 ], [ -123.0525818, 49.2393312 ], [ -123.054067, 49.2400095 ], [ -123.0545358, 49.2402394 ], [ -123.0545324, 49.2407159 ], [ -123.0545297, 49.2410923 ], [ -123.0545313, 49.2412401 ], [ -123.0545313, 49.2413544 ], [ -123.0545311, 49.2418852 ], [ -123.0545309, 49.2424796 ], [ -123.0543873, 49.2427081 ], [ -123.0538241, 49.2433611 ], [ -123.0532324, 49.243106 ], [ -123.0527467, 49.2428965 ], [ -123.0521822, 49.2426575 ] ] ] ] } },
{ "type": "Feature", "properties": { "name": "59150437", "population": 1252, "population_density": 12061.7 }, "geometry": { "type": "MultiPolygon", "coordinates": [ [ [ [ -123.0545358, 49.2402394 ], [ -123.054067, 49.2400095 ], [ -123.0525818, 49.2393312 ], [ -123.0518898, 49.2390069 ], [ -123.0519628, 49.2388728 ], [ -123.0525333, 49.238878 ], [ -123.0530058, 49.2388824 ], [ -123.0535909, 49.2388805 ], [ -123.0542102, 49.2388784 ], [ -123.054541, 49.2388811 ], [ -123.0548278, 49.2388846 ], [ -123.0554424, 49.2388922 ], [ -123.0559677, 49.2388957 ], [ -123.0565335, 49.2388995 ], [ -123.0571079, 49.2389007 ], [ -123.0576731, 49.2389018 ], [ -123.0576928, 49.2373998 ], [ -123.0582189, 49.2373969 ], [ -123.0587366, 49.237394 ], [ -123.0587567, 49.2380089 ], [ -123.0587326, 49.23891 ], [ -123.0587218, 49.2393553 ], [ -123.0587111, 49.2397913 ], [ -123.0586997, 49.2402189 ], [ -123.0586882, 49.24065 ], [ -123.0586794, 49.2408542 ], [ -123.0586445, 49.2411235 ], [ -123.0585709, 49.2413098 ], [ -123.058374, 49.2416192 ], [ -123.0583421, 49.2416693 ], [ -123.0581234, 49.2418705 ], [ -123.0575069, 49.2415902 ], [ -123.0572925, 49.2414927 ], [ -123.0545358, 49.2402394 ] ] ] ] } },
{ "type": "Feature", "properties": { "name": "59150438", "population": 819, "population_density": 9285.7 }, "geometry": { "type": "MultiPolygon", "coordinates": [ [ [ [ -123.0480751, 49.238362 ], [ -123.0488094, 49.2375669 ], [ -123.0503163, 49.2382702 ], [ -123.0515643, 49.2388545 ], [ -123.0518898, 49.2390069 ], [ -123.0525818, 49.2393312 ], [ -123.0522478, 49.2396535 ], [ -123.0519382, 49.2399522 ], [ -123.0513947, 49.2405103 ], [ -123.0512142, 49.2406053 ], [ -123.0509116, 49.2407655 ], [ -123.0507019, 49.2408767 ], [ -123.0503588, 49.2410585 ], [ -123.0502785, 49.2411338 ], [ -123.0473471, 49.2399538 ], [ -123.04678, 49.2397255 ], [ -123.0471115, 49.239376 ], [ -123.047432, 49.2390381 ], [ -123.0478746, 49.2385728 ], [ -123.0480751, 49.238362 ] ] ] ] } },
{ "type": "Feature", "properties": { "name": "59150439", "population": 507, "population_density": 4941.5 }, "geometry": { "type": "MultiPolygon", "coordinates": [ [ [ [ -123.0525333, 49.238878 ], [ -123.0519628, 49.2388728 ], [ -123.0518898, 49.2390069 ], [ -123.0515643, 49.2388545 ], [ -123.0503163, 49.2382702 ], [ -123.0488094, 49.2375669 ], [ -123.0488509, 49.2373248 ], [ -123.0488507, 49.2370662 ], [ -123.0488499, 49.2358294 ], [ -123.0502746, 49.2358369 ], [ -123.0509505, 49.2358414 ], [ -123.0517088, 49.2358464 ], [ -123.0524203, 49.23585 ], [ -123.0530059, 49.235853 ], [ -123.0530087, 49.2373872 ], [ -123.0536168, 49.237389 ], [ -123.0542291, 49.2373908 ], [ -123.0542102, 49.2388784 ], [ -123.0535909, 49.2388805 ], [ -123.0530058, 49.2388824 ], [ -123.0525333, 49.238878 ] ] ] ] } },
{ "type": "Feature", "properties": { "name": "59150440", "population": 642, "population_density": 5676.4 }, "geometry": { "type": "MultiPolygon", "coordinates": [ [ [ [ -123.0542102, 49.2388784 ], [ -123.0542291, 49.2373908 ], [ -123.0536168, 49.237389 ], [ -123.0530087, 49.2373872 ], [ -123.0530059, 49.235853 ], [ -123.0536016, 49.2358563 ], [ -123.0542507, 49.23586 ], [ -123.0548518, 49.2358633 ], [ -123.0554942, 49.2358669 ], [ -123.0580799, 49.2358808 ], [ -123.0587815, 49.2358846 ], [ -123.0587479, 49.2368908 ], [ -123.058737, 49.2373763 ], [ -123.0587366, 49.237394 ], [ -123.0582189, 49.2373969 ], [ -123.0576928, 49.2373998 ], [ -123.0576731, 49.2389018 ], [ -123.0571079, 49.2389007 ], [ -123.0565335, 49.2388995 ], [ -123.0559677, 49.2388957 ], [ -123.0554424, 49.2388922 ], [ -123.0548278, 49.2388846 ], [ -123.054541, 49.2388811 ], [ -123.0542102, 49.2388784 ] ] ] ] } },
{ "type": "Feature", "properties": { "name": "59150441", "population": 651, "population_density": 5641.2 }, "geometry": { "type": "MultiPolygon", "coordinates": [ [ [ [ -123.0516826, 49.2343572 ], [ -123.0516737, 49.2338483 ], [ -123.0555282, 49.2338591 ], [ -123.0588084, 49.2338783 ], [ -123.0588042, 49.2343809 ], [ -123.0588001, 49.2348762 ], [ -123.0587906, 49.2353886 ], [ -123.0587815, 49.2358846 ], [ -123.0580799, 49.2358808 ], [ -123.0554942, 49.2358669 ], [ -123.0548518, 49.2358633 ], [ -123.0542507, 49.23586 ], [ -123.0536016, 49.2358563 ], [ -123.0530059, 49.235853 ], [ -123.0524203, 49.23585 ], [ -123.0517088, 49.2358464 ], [ -123.0516826, 49.2343572 ] ] ] ] } },
{ "type": "Feature", "properties": { "name": "59150442", "population": 641, "population_density": 6116.4 }, "geometry": { "type": "MultiPolygon", "coordinates": [ [ [ [ -123.0488499, 49.2358294 ], [ -123.0487819, 49.2340476 ], [ -123.0487842, 49.2327595 ], [ -123.0493675, 49.23276 ], [ -123.0501749, 49.2327606 ], [ -123.0508656, 49.2327665 ], [ -123.0516568, 49.2327732 ], [ -123.0545879, 49.2328036 ], [ -123.0554807, 49.2328128 ], [ -123.0555062, 49.2333749 ], [ -123.0555282, 49.2338591 ], [ -123.0516737, 49.2338483 ], [ -123.0516826, 49.2343572 ], [ -123.0517088, 49.2358464 ], [ -123.0509505, 49.2358414 ], [ -123.0502746, 49.2358369 ], [ -123.0488499, 49.2358294 ] ] ] ] } },
{ "type": "Feature", "properties": { "name": "59150443", "population": 690, "population_density": 5817.9 }, "geometry": { "type": "MultiPolygon", "coordinates": [ [ [ [ -123.0501722, 49.232343 ], [ -123.0501644, 49.2311316 ], [ -123.0508767, 49.2311358 ], [ -123.051626, 49.2311401 ], [ -123.0516217, 49.2308932 ], [ -123.0516112, 49.2302929 ], [ -123.0516043, 49.2299227 ], [ -123.0516019, 49.2297968 ], [ -123.0515934, 49.2293402 ], [ -123.0549202, 49.2293762 ], [ -123.0550591, 49.2296322 ], [ -123.0551479, 49.2299283 ], [ -123.055152, 49.229942 ], [ -123.0552032, 49.2308676 ], [ -123.0552203, 49.2317878 ], [ -123.0552333, 49.2325565 ], [ -123.0554807, 49.2328128 ], [ -123.0545879, 49.2328036 ], [ -123.0516568, 49.2327732 ], [ -123.0508656, 49.2327665 ], [ -123.0501749, 49.2327606 ], [ -123.0501722, 49.232343 ] ] ] ] } },
{ "type": "Feature", "properties": { "name": "59150444", "population": 764, "population_density": 7527.1 }, "geometry": { "type": "MultiPolygon", "coordinates": [ [ [ [ -123.0487977, 49.2320284 ], [ -123.0488028, 49.2315703 ], [ -123.0488074, 49.2311639 ], [ -123.0459483, 49.2311108 ], [ -123.0459507, 49.2306719 ], [ -123.0459532, 49.2302146 ], [ -123.045957, 49.2297724 ], [ -123.0459592, 49.2295206 ], [ -123.0459612, 49.2292897 ], [ -123.0488329, 49.2293152 ], [ -123.050091, 49.2293271 ], [ -123.0509031, 49.2293342 ], [ -123.0515934, 49.2293402 ], [ -123.0516019, 49.2297968 ], [ -123.0516043, 49.2299227 ], [ -123.0516112, 49.2302929 ], [ -123.0516217, 49.2308932 ], [ -123.051626, 49.2311401 ], [ -123.0508767, 49.2311358 ], [ -123.0501644, 49.2311316 ], [ -123.0501722, 49.232343 ], [ -123.0501749, 49.2327606 ], [ -123.0493675, 49.23276 ], [ -123.0487842, 49.2327595 ], [ -123.0487902, 49.2324338 ], [ -123.0487919, 49.2323439 ], [ -123.0487977, 49.2320284 ] ] ] ] } },
{ "type": "Feature", "properties": { "name": "59150445", "population": 627, "population_density": 7108.8 }, "geometry": { "type": "MultiPolygon", "coordinates": [ [ [ [ -123.050091, 49.2293271 ], [ -123.0488329, 49.2293152 ], [ -123.0459612, 49.2292897 ], [ -123.0454535, 49.2292857 ], [ -123.0454713, 49.2288726 ], [ -123.045491, 49.2284156 ], [ -123.0475947, 49.2284282 ], [ -123.0501375, 49.2284437 ], [ -123.05168, 49.2284526 ], [ -123.0517011, 49.2280158 ], [ -123.0517237, 49.2275485 ], [ -123.0546439, 49.2275652 ], [ -123.0546501, 49.2280233 ], [ -123.0546559, 49.2284574 ], [ -123.0546836, 49.2288212 ], [ -123.054728, 49.2289254 ], [ -123.0549202, 49.2293762 ], [ -123.0515934, 49.2293402 ], [ -123.0509031, 49.2293342 ], [ -123.050091, 49.2293271 ] ] ] ] } },
{ "type": "Feature", "properties": { "name": "59150446", "population": 507, "population_density": 6057.3 }, "geometry": { "type": "MultiPolygon", "coordinates": [ [ [ [ -123.0476986, 49.226371 ], [ -123.047724, 49.2258986 ], [ -123.0495942, 49.2259102 ], [ -123.0502763, 49.2259144 ], [ -123.0505511, 49.2259162 ], [ -123.0517994, 49.2259246 ], [ -123.0517804, 49.2263337 ], [ -123.0517617, 49.2267343 ], [ -123.0517418, 49.227161 ], [ -123.0517237, 49.2275485 ], [ -123.0517011, 49.2280158 ], [ -123.05168, 49.2284526 ], [ -123.0501375, 49.2284437 ], [ -123.0475947, 49.2284282 ], [ -123.0476178, 49.2279818 ], [ -123.0476422, 49.2275088 ], [ -123.0476595, 49.2271452 ], [ -123.0476791, 49.2267351 ], [ -123.0476986, 49.226371 ] ] ] ] } },
{ "type": "Feature", "properties": { "name": "59150447", "population": 693, "population_density": 8794.4 }, "geometry": { "type": "MultiPolygon", "coordinates": [ [ [ [ -123.0503218, 49.2250888 ], [ -123.050339, 49.2247757 ], [ -123.0523862, 49.2247893 ], [ -123.054727, 49.2248047 ], [ -123.0546856, 49.2259332 ], [ -123.0546743, 49.2263771 ], [ -123.0546645, 49.2267641 ], [ -123.0546541, 49.2271686 ], [ -123.0546439, 49.2275652 ], [ -123.0517237, 49.2275485 ], [ -123.0517418, 49.227161 ], [ -123.0517617, 49.2267343 ], [ -123.0517804, 49.2263337 ], [ -123.0517994, 49.2259246 ], [ -123.0505511, 49.2259162 ], [ -123.0502763, 49.2259144 ], [ -123.0503046, 49.2253993 ], [ -123.050306, 49.2253739 ], [ -123.0503119, 49.2252687 ], [ -123.0503193, 49.2251339 ], [ -123.0503218, 49.2250888 ] ] ] ] } },
{ "type": "Feature", "properties": { "name": "59150448", "population": 636, "population_density": 6278.4 }, "geometry": { "type": "MultiPolygon", "coordinates": [ [ [ [ -123.0504497, 49.2227095 ], [ -123.0504986, 49.221874 ], [ -123.0512526, 49.2218903 ], [ -123.0525383, 49.2219181 ], [ -123.0541489, 49.2219538 ], [ -123.0548204, 49.2219687 ], [ -123.0548056, 49.2225268 ], [ -123.0547931, 49.2229848 ], [ -123.0547869, 49.2232118 ], [ -123.0547589, 49.2239559 ], [ -123.0547427, 49.2243879 ], [ -123.054727, 49.2248047 ], [ -123.0523862, 49.2247893 ], [ -123.050339, 49.2247757 ], [ -123.0503625, 49.2243376 ], [ -123.0503911, 49.2238051 ], [ -123.0504497, 49.2227095 ] ] ] ] } },
{ "type": "Feature", "properties": { "name": "59150449", "population": 617, "population_density": 5215.6 }, "geometry": { "type": "MultiPolygon", "coordinates": [ [ [ [ -123.048884, 49.2227667 ], [ -123.0490257, 49.2202131 ], [ -123.0505868, 49.2201837 ], [ -123.0512363, 49.2201869 ], [ -123.0527602, 49.2201945 ], [ -123.054872, 49.220182 ], [ -123.0548554, 49.2206913 ], [ -123.0548402, 49.2211594 ], [ -123.0548204, 49.2219687 ], [ -123.0541489, 49.2219538 ], [ -123.0525383, 49.2219181 ], [ -123.0512526, 49.2218903 ], [ -123.0504986, 49.221874 ], [ -123.0504497, 49.2227095 ], [ -123.0503911, 49.2238051 ], [ -123.0503625, 49.2243376 ], [ -123.050339, 49.2247757 ], [ -123.0487776, 49.2247645 ], [ -123.048884, 49.2227667 ] ] ] ] } },
{ "type": "Feature", "properties": { "name": "59150450", "population": 575, "population_density": 4107.1 }, "geometry": { "type": "MultiPolygon", "coordinates": [ [ [ [ -123.0547589, 49.2239559 ], [ -123.0547869, 49.2232118 ], [ -123.0547931, 49.2229848 ], [ -123.0548056, 49.2225268 ], [ -123.0548204, 49.2219687 ], [ -123.0548402, 49.2211594 ], [ -123.0548554, 49.2206913 ], [ -123.054872, 49.220182 ], [ -123.056439, 49.2201896 ], [ -123.0565236, 49.22019 ], [ -123.057114, 49.220193 ], [ -123.0578948, 49.220197 ], [ -123.0593616, 49.2202037 ], [ -123.0593638, 49.220438 ], [ -123.0593711, 49.2212029 ], [ -123.0593717, 49.2214092 ], [ -123.0593436, 49.2219877 ], [ -123.0593353, 49.2221577 ], [ -123.0592486, 49.2225292 ], [ -123.0577319, 49.2225284 ], [ -123.0577198, 49.2230028 ], [ -123.0576836, 49.224415 ], [ -123.0576714, 49.2248914 ], [ -123.0574166, 49.2248619 ], [ -123.056139, 49.2248135 ], [ -123.054727, 49.2248047 ], [ -123.0547427, 49.2243879 ], [ -123.0547589, 49.2239559 ] ] ] ] } },
{ "type": "Feature", "properties": { "name": "59150451", "population": 506, "population_density": 6239.2 }, "geometry": { "type": "MultiPolygon", "coordinates": [ [ [ [ -123.0553501, 49.2179824 ], [ -123.0558088, 49.2176375 ], [ -123.0563243, 49.2178417 ], [ -123.0565073, 49.217889 ], [ -123.056597, 49.2179122 ], [ -123.0569982, 49.2179709 ], [ -123.0578699, 49.2179676 ], [ -123.0593184, 49.2179819 ], [ -123.0593268, 49.2184143 ], [ -123.0593543, 49.2198263 ], [ -123.0593616, 49.2202037 ], [ -123.0578948, 49.220197 ], [ -123.057114, 49.220193 ], [ -123.0565236, 49.22019 ], [ -123.056439, 49.2201896 ], [ -123.054872, 49.220182 ], [ -123.0548819, 49.2194055 ], [ -123.0548876, 49.2189618 ], [ -123.0548622, 49.2185404 ], [ -123.0552828, 49.218033 ], [ -123.0553501, 49.2179824 ] ] ] ] } },
{ "type": "Feature", "properties": { "name": "59150452", "population": 424, "population_density": 5083.9 }, "geometry": { "type": "MultiPolygon", "coordinates": [ [ [ [ -123.0563243, 49.2178417 ], [ -123.0558088, 49.2176375 ], [ -123.0552828, 49.218033 ], [ -123.0548622, 49.2185404 ], [ -123.0548059, 49.2184927 ], [ -123.0541953, 49.2179754 ], [ -123.0539157, 49.2175402 ], [ -123.0536644, 49.2171492 ], [ -123.0551378, 49.2169652 ], [ -123.0550699, 49.2166291 ], [ -123.0551088, 49.2162311 ], [ -123.0553061, 49.2157825 ], [ -123.0557498, 49.2157838 ], [ -123.0564162, 49.2157858 ], [ -123.0571383, 49.2158009 ], [ -123.0578279, 49.2158153 ], [ -123.0580567, 49.2158171 ], [ -123.0582943, 49.215819 ], [ -123.0589351, 49.2158305 ], [ -123.0593443, 49.2158378 ], [ -123.0593269, 49.216678 ], [ -123.0593182, 49.2170964 ], [ -123.0593183, 49.2175596 ], [ -123.0593184, 49.2179819 ], [ -123.0578699, 49.2179676 ], [ -123.0569982, 49.2179709 ], [ -123.056597, 49.2179122 ], [ -123.0565073, 49.217889 ], [ -123.0563243, 49.2178417 ] ] ] ] } },
{ "type": "Feature", "properties": { "name": "59150453", "population": 632, "population_density": 6112.2 }, "geometry": { "type": "MultiPolygon", "coordinates": [ [ [ [ -123.0593543, 49.2198263 ], [ -123.0593268, 49.2184143 ], [ -123.0593184, 49.2179819 ], [ -123.0593183, 49.2175596 ], [ -123.0593182, 49.2170964 ], [ -123.0593269, 49.216678 ], [ -123.0593443, 49.2158378 ], [ -123.0593584, 49.2152697 ], [ -123.0593769, 49.2144568 ], [ -123.0600741, 49.214462 ], [ -123.0621533, 49.2144775 ], [ -123.0621266, 49.2152902 ], [ -123.0621127, 49.2156964 ], [ -123.0620833, 49.2165592 ], [ -123.0620778, 49.2167128 ], [ -123.0620662, 49.2170366 ], [ -123.0620634, 49.2171136 ], [ -123.0620491, 49.2175943 ], [ -123.0620368, 49.2180101 ], [ -123.0607407, 49.2179964 ], [ -123.0607271, 49.218432 ], [ -123.0606976, 49.2193708 ], [ -123.0606868, 49.219853 ], [ -123.0606787, 49.2202116 ], [ -123.0600392, 49.2202078 ], [ -123.0593616, 49.2202037 ], [ -123.0593543, 49.2198263 ] ] ] ] } },
{ "type": "Feature", "properties": { "name": "59150454", "population": 683, "population_density": 4526.2 }, "geometry": { "type": "MultiPolygon", "coordinates": [ [ [ [ -123.0606976, 49.2193708 ], [ -123.0607271, 49.218432 ], [ -123.0607407, 49.2179964 ], [ -123.0620368, 49.2180101 ], [ -123.0620491, 49.2175943 ], [ -123.0620634, 49.2171136 ], [ -123.0620662, 49.2170366 ], [ -123.0620778, 49.2167128 ], [ -123.0620833, 49.2165592 ], [ -123.0621127, 49.2156964 ], [ -123.0621266, 49.2152902 ], [ -123.0621533, 49.2144775 ], [ -123.0653192, 49.2144981 ], [ -123.0660218, 49.2145027 ], [ -123.0659676, 49.2153165 ], [ -123.0659846, 49.2161764 ], [ -123.0659718, 49.2166183 ], [ -123.0646898, 49.2165996 ], [ -123.0633969, 49.2165788 ], [ -123.0633784, 49.2170725 ], [ -123.0633581, 49.2176121 ], [ -123.0633426, 49.2180241 ], [ -123.0646401, 49.2180369 ], [ -123.0646242, 49.2185111 ], [ -123.0645933, 49.2194292 ], [ -123.064578, 49.2199142 ], [ -123.0645672, 49.2202545 ], [ -123.062634, 49.2202208 ], [ -123.0619213, 49.2202174 ], [ -123.061358, 49.2202148 ], [ -123.0606787, 49.2202116 ], [ -123.0606868, 49.219853 ], [ -123.0606976, 49.2193708 ] ] ] ] } },
{ "type": "Feature", "properties": { "name": "59150455", "population": 822, "population_density": 5425.7 }, "geometry": { "type": "MultiPolygon", "coordinates": [ [ [ [ -123.0658703, 49.2202675 ], [ -123.0651767, 49.2202606 ], [ -123.065157, 49.2202604 ], [ -123.0645672, 49.2202545 ], [ -123.064578, 49.2199142 ], [ -123.0645933, 49.2194292 ], [ -123.0646242, 49.2185111 ], [ -123.0646401, 49.2180369 ], [ -123.0633426, 49.2180241 ], [ -123.0633581, 49.2176121 ], [ -123.0633784, 49.2170725 ], [ -123.0633969, 49.2165788 ], [ -123.0646898, 49.2165996 ], [ -123.0659718, 49.2166183 ], [ -123.0659567, 49.217162 ], [ -123.0659322, 49.2180495 ], [ -123.0666835, 49.2180573 ], [ -123.0677975, 49.2180688 ], [ -123.0688912, 49.2179202 ], [ -123.0691591, 49.2182813 ], [ -123.069473, 49.2187044 ], [ -123.0696951, 49.2189257 ], [ -123.0703273, 49.2186067 ], [ -123.0703472, 49.2185966 ], [ -123.0704689, 49.2185017 ], [ -123.0710112, 49.2180787 ], [ -123.0712511, 49.218082 ], [ -123.0717368, 49.2180887 ], [ -123.0720205, 49.2180926 ], [ -123.0720293, 49.2185506 ], [ -123.0720377, 49.2189948 ], [ -123.0720031, 49.2194873 ], [ -123.0719699, 49.2199613 ], [ -123.0704133, 49.2199415 ], [ -123.0701352, 49.2199997 ], [ -123.0691922, 49.2203272 ], [ -123.0684547, 49.2203342 ], [ -123.0671974, 49.2203342 ], [ -123.0666017, 49.2203351 ], [ -123.0658703, 49.2202675 ] ] ] ] } },
{ "type": "Feature", "properties": { "name": "59150457", "population": 731, "population_density": 5285.6 }, "geometry": { "type": "MultiPolygon", "coordinates": [ [ [ [ -123.0740007, 49.2181193 ], [ -123.0720205, 49.2180926 ], [ -123.0717368, 49.2180887 ], [ -123.0712511, 49.218082 ], [ -123.0710112, 49.2180787 ], [ -123.07116, 49.2179194 ], [ -123.0715338, 49.217519 ], [ -123.071551, 49.2174914 ], [ -123.071619, 49.2173826 ], [ -123.0716283, 49.2173678 ], [ -123.0717108, 49.2172356 ], [ -123.0717198, 49.2172145 ], [ -123.0718993, 49.216793 ], [ -123.0719007, 49.216784 ], [ -123.0719752, 49.2162861 ], [ -123.0719931, 49.2158787 ], [ -123.0720132, 49.2154223 ], [ -123.072028, 49.2145778 ], [ -123.0727746, 49.2145853 ], [ -123.0740372, 49.2145981 ], [ -123.0770861, 49.2146277 ], [ -123.0770781, 49.2150755 ], [ -123.077071, 49.2154785 ], [ -123.0770645, 49.215921 ], [ -123.0770577, 49.216388 ], [ -123.0770504, 49.2168475 ], [ -123.077044, 49.2172596 ], [ -123.0755212, 49.2172508 ], [ -123.0755111, 49.2176764 ], [ -123.0755004, 49.2181249 ], [ -123.0740007, 49.2181193 ] ] ] ] } },
{ "type": "Feature", "properties": { "name": "59150459", "population": 678, "population_density": 6759.7 }, "geometry": { "type": "MultiPolygon", "coordinates": [ [ [ [ -123.0763848, 49.2137608 ], [ -123.0740493, 49.2137525 ], [ -123.0740431, 49.2141873 ], [ -123.0740372, 49.2145981 ], [ -123.0727746, 49.2145853 ], [ -123.072028, 49.2145778 ], [ -123.0720303, 49.2137364 ], [ -123.0720326, 49.2135564 ], [ -123.0720369, 49.2132125 ], [ -123.0720412, 49.2128665 ], [ -123.072046, 49.2119631 ], [ -123.0720735, 49.211091 ], [ -123.0727419, 49.2111017 ], [ -123.074086, 49.2111231 ], [ -123.074081, 49.2115788 ], [ -123.0740766, 49.2119696 ], [ -123.0763867, 49.2119951 ], [ -123.076425, 49.2119955 ], [ -123.076593, 49.2119974 ], [ -123.0771173, 49.2122143 ], [ -123.0771145, 49.2127324 ], [ -123.0771137, 49.2128808 ], [ -123.0771021, 49.2137633 ], [ -123.0763848, 49.2137608 ] ] ] ] } },
{ "type": "Feature", "properties": { "name": "59150460", "population": 516, "population_density": 8113.2 }, "geometry": { "type": "MultiPolygon", "coordinates": [ [ [ [ -123.0770861, 49.2146277 ], [ -123.0740372, 49.2145981 ], [ -123.0740431, 49.2141873 ], [ -123.0740493, 49.2137525 ], [ -123.0763848, 49.2137608 ], [ -123.0771021, 49.2137633 ], [ -123.0771137, 49.2128808 ], [ -123.0792116, 49.2128765 ], [ -123.079893, 49.2128751 ], [ -123.0799091, 49.2133187 ], [ -123.08014, 49.2136402 ], [ -123.080165, 49.2137878 ], [ -123.080165, 49.2142278 ], [ -123.0801649, 49.2146634 ], [ -123.0770861, 49.2146277 ] ] ] ] } },
{ "type": "Feature", "properties": { "name": "59150461", "population": 369, "population_density": 8443.9 }, "geometry": { "type": "MultiPolygon", "coordinates": [ [ [ [ -123.0770781, 49.2150755 ], [ -123.0770861, 49.2146277 ], [ -123.0801649, 49.2146634 ], [ -123.0801528, 49.2151011 ], [ -123.0801414, 49.2155167 ], [ -123.0801188, 49.2164214 ], [ -123.0792999, 49.2164127 ], [ -123.07858, 49.216405 ], [ -123.0778168, 49.2163965 ], [ -123.0770577, 49.216388 ], [ -123.0770645, 49.215921 ], [ -123.077071, 49.2154785 ], [ -123.0770781, 49.2150755 ] ] ] ] } },
{ "type": "Feature", "properties": { "name": "59150462", "population": 449, "population_density": 10490.7 }, "geometry": { "type": "MultiPolygon", "coordinates": [ [ [ [ -123.0801528, 49.2151011 ], [ -123.0801649, 49.2146634 ], [ -123.0831562, 49.2146705 ], [ -123.0831386, 49.2151168 ], [ -123.0831214, 49.2155523 ], [ -123.0831175, 49.2157821 ], [ -123.0831136, 49.216007 ], [ -123.083106, 49.2164519 ], [ -123.0816454, 49.2164357 ], [ -123.0808515, 49.2164283 ], [ -123.0801188, 49.2164214 ], [ -123.0801414, 49.2155167 ], [ -123.0801528, 49.2151011 ] ] ] ] } },
{ "type": "Feature", "properties": { "name": "59150463", "population": 555, "population_density": 5787.3 }, "geometry": { "type": "MultiPolygon", "coordinates": [ [ [ [ -123.0755004, 49.2181249 ], [ -123.0755111, 49.2176764 ], [ -123.0755212, 49.2172508 ], [ -123.077044, 49.2172596 ], [ -123.0770504, 49.2168475 ], [ -123.0770577, 49.216388 ], [ -123.0778168, 49.2163965 ], [ -123.07858, 49.216405 ], [ -123.0792999, 49.2164127 ], [ -123.0801188, 49.2164214 ], [ -123.0808515, 49.2164283 ], [ -123.0816454, 49.2164357 ], [ -123.083106, 49.2164519 ], [ -123.0831008, 49.2168886 ], [ -123.0830993, 49.2170145 ], [ -123.0830957, 49.2173164 ], [ -123.0830795, 49.2177259 ], [ -123.0830608, 49.2181982 ], [ -123.0815957, 49.2181658 ], [ -123.080058, 49.2181521 ], [ -123.0793035, 49.2181453 ], [ -123.078567, 49.2181387 ], [ -123.0777785, 49.2181356 ], [ -123.0770536, 49.2181328 ], [ -123.076268, 49.2181288 ], [ -123.0755004, 49.2181249 ] ] ] ] } },
{ "type": "Feature", "properties": { "name": "59150465", "population": 518, "population_density": 7719.8 }, "geometry": { "type": "MultiPolygon", "coordinates": [ [ [ [ -123.0774744, 49.2200161 ], [ -123.0772723, 49.2195854 ], [ -123.0785337, 49.2195845 ], [ -123.0788946, 49.2195862 ], [ -123.0792634, 49.2195923 ], [ -123.0801656, 49.2196071 ], [ -123.0802295, 49.2197466 ], [ -123.0802569, 49.2200311 ], [ -123.0802558, 49.2200496 ], [ -123.0802284, 49.2204844 ], [ -123.080202, 49.2211903 ], [ -123.0801778, 49.221836 ], [ -123.0801621, 49.2222603 ], [ -123.0801358, 49.2229708 ], [ -123.0801189, 49.2234271 ], [ -123.0794208, 49.2234178 ], [ -123.0787502, 49.2234089 ], [ -123.0787714, 49.2228376 ], [ -123.0788092, 49.2218161 ], [ -123.0781281, 49.2218077 ], [ -123.0774788, 49.2217998 ], [ -123.0775173, 49.2204253 ], [ -123.0774767, 49.2200376 ], [ -123.0774744, 49.2200161 ] ] ] ] } },
{ "type": "Feature", "properties": { "name": "59150466", "population": 481, "population_density": 8016.7 }, "geometry": { "type": "MultiPolygon", "coordinates": [ [ [ [ -123.076126, 49.2200321 ], [ -123.076144, 49.2195647 ], [ -123.0762281, 49.2195663 ], [ -123.0772723, 49.2195854 ], [ -123.0774744, 49.2200161 ], [ -123.0774767, 49.2200376 ], [ -123.0775173, 49.2204253 ], [ -123.0774788, 49.2217998 ], [ -123.0781281, 49.2218077 ], [ -123.0788092, 49.2218161 ], [ -123.0787714, 49.2228376 ], [ -123.0787502, 49.2234089 ], [ -123.0780764, 49.2233893 ], [ -123.0774033, 49.2233697 ], [ -123.0766608, 49.2233638 ], [ -123.0759902, 49.2233584 ], [ -123.0760551, 49.2217838 ], [ -123.0761114, 49.2204106 ], [ -123.076126, 49.2200321 ] ] ] ] } },
{ "type": "Feature", "properties": { "name": "59150468", "population": 564, "population_density": 6706.3 }, "geometry": { "type": "MultiPolygon", "coordinates": [ [ [ [ -123.0720293, 49.2185506 ], [ -123.0720205, 49.2180926 ], [ -123.0740007, 49.2181193 ], [ -123.0739882, 49.2185678 ], [ -123.0739758, 49.219015 ], [ -123.0739615, 49.2195686 ], [ -123.0733432, 49.2199491 ], [ -123.073343, 49.2203887 ], [ -123.0732951, 49.2217575 ], [ -123.0739942, 49.2217641 ], [ -123.074671, 49.2217705 ], [ -123.0746155, 49.2233482 ], [ -123.0739687, 49.2233433 ], [ -123.0732339, 49.2233377 ], [ -123.0725266, 49.2233321 ], [ -123.0718263, 49.2233265 ], [ -123.0718907, 49.2220407 ], [ -123.0719056, 49.2217432 ], [ -123.0719525, 49.2203689 ], [ -123.0719699, 49.2199613 ], [ -123.0720031, 49.2194873 ], [ -123.0720377, 49.2189948 ], [ -123.0720293, 49.2185506 ] ] ] ] } },
{ "type": "Feature", "properties": { "name": "59150469", "population": 641, "population_density": 7798.1 }, "geometry": { "type": "MultiPolygon", "coordinates": [ [ [ [ -123.0717755, 49.2248199 ], [ -123.0718263, 49.2233265 ], [ -123.0725266, 49.2233321 ], [ -123.0732339, 49.2233377 ], [ -123.0739687, 49.2233433 ], [ -123.0746155, 49.2233482 ], [ -123.074671, 49.2217705 ], [ -123.0760551, 49.2217838 ], [ -123.0759902, 49.2233584 ], [ -123.0759389, 49.2248537 ], [ -123.0759245, 49.2252736 ], [ -123.0745427, 49.2252667 ], [ -123.073161, 49.2252571 ], [ -123.0717619, 49.2252192 ], [ -123.0717755, 49.2248199 ] ] ] ] } },
{ "type": "Feature", "properties": { "name": "59150470", "population": 578, "population_density": 9059.6 }, "geometry": { "type": "MultiPolygon", "coordinates": [ [ [ [ -123.0759389, 49.2248537 ], [ -123.0759902, 49.2233584 ], [ -123.0766608, 49.2233638 ], [ -123.0774033, 49.2233697 ], [ -123.0780764, 49.2233893 ], [ -123.0787502, 49.2234089 ], [ -123.0794208, 49.2234178 ], [ -123.0801189, 49.2234271 ], [ -123.0800654, 49.2249043 ], [ -123.0800499, 49.2253313 ], [ -123.078683, 49.2253051 ], [ -123.0773243, 49.22528 ], [ -123.0759245, 49.2252736 ], [ -123.0759389, 49.2248537 ] ] ] ] } },
{ "type": "Feature", "properties": { "name": "59150471", "population": 634, "population_density": 8544.5 }, "geometry": { "type": "MultiPolygon", "coordinates": [ [ [ [ -123.0800654, 49.2249043 ], [ -123.0801189, 49.2234271 ], [ -123.0801358, 49.2229708 ], [ -123.0801621, 49.2222603 ], [ -123.0801778, 49.221836 ], [ -123.0808882, 49.2218463 ], [ -123.0816135, 49.2218569 ], [ -123.0822474, 49.221866 ], [ -123.0829616, 49.2218763 ], [ -123.0829339, 49.2222603 ], [ -123.0829084, 49.2226135 ], [ -123.0853359, 49.2226458 ], [ -123.0853262, 49.2230487 ], [ -123.0853154, 49.2234965 ], [ -123.0828824, 49.2234641 ], [ -123.0822086, 49.2234549 ], [ -123.0815343, 49.2234456 ], [ -123.0814606, 49.2249223 ], [ -123.0814391, 49.2253527 ], [ -123.0800499, 49.2253313 ], [ -123.0800654, 49.2249043 ] ] ] ] } },
{ "type": "Feature", "properties": { "name": "59150472", "population": 472, "population_density": 8054.6 }, "geometry": { "type": "MultiPolygon", "coordinates": [ [ [ [ -123.0814606, 49.2249223 ], [ -123.0815343, 49.2234456 ], [ -123.0822086, 49.2234549 ], [ -123.0828824, 49.2234641 ], [ -123.0853154, 49.2234965 ], [ -123.0853024, 49.2239753 ], [ -123.0852893, 49.2244588 ], [ -123.0852676, 49.2249559 ], [ -123.0852483, 49.2253963 ], [ -123.0845603, 49.2253912 ], [ -123.0838653, 49.225386 ], [ -123.0828227, 49.2253758 ], [ -123.0814391, 49.2253527 ], [ -123.0814606, 49.2249223 ] ] ] ] } },
{ "type": "Feature", "properties": { "name": "59150473", "population": 658, "population_density": 7852.0 }, "geometry": { "type": "MultiPolygon", "coordinates": [ [ [ [ -123.083827, 49.227854 ], [ -123.0838351, 49.2272867 ], [ -123.0838578, 49.2258561 ], [ -123.0838653, 49.225386 ], [ -123.0845603, 49.2253912 ], [ -123.0852483, 49.2253963 ], [ -123.0859064, 49.2254016 ], [ -123.0866244, 49.2254074 ], [ -123.0872801, 49.2254133 ], [ -123.0880196, 49.2254199 ], [ -123.0879609, 49.2273415 ], [ -123.087214, 49.2273316 ], [ -123.0865797, 49.2273231 ], [ -123.0858406, 49.2273137 ], [ -123.0851971, 49.2273056 ], [ -123.0851464, 49.2290968 ], [ -123.08443, 49.2290885 ], [ -123.0839217, 49.2290825 ], [ -123.0838048, 49.2290812 ], [ -123.083827, 49.227854 ] ] ] ] } },
{ "type": "Feature", "properties": { "name": "59150474", "population": 649, "population_density": 7707.8 }, "geometry": { "type": "MultiPolygon", "coordinates": [ [ [ [ -123.0853024, 49.2239753 ], [ -123.0853154, 49.2234965 ], [ -123.0880694, 49.2235322 ], [ -123.0900786, 49.2235604 ], [ -123.0908424, 49.2235711 ], [ -123.090805, 49.2245177 ], [ -123.0907114, 49.225443 ], [ -123.0900273, 49.2254387 ], [ -123.0894023, 49.2254347 ], [ -123.0886267, 49.2254264 ], [ -123.0880196, 49.2254199 ], [ -123.0872801, 49.2254133 ], [ -123.0866244, 49.2254074 ], [ -123.0859064, 49.2254016 ], [ -123.0852483, 49.2253963 ], [ -123.0852676, 49.2249559 ], [ -123.0852893, 49.2244588 ], [ -123.0853024, 49.2239753 ] ] ] ] } },
{ "type": "Feature", "properties": { "name": "59150475", "population": 696, "population_density": 8477.5 }, "geometry": { "type": "MultiPolygon", "coordinates": [ [ [ [ -123.0879609, 49.2273415 ], [ -123.0880196, 49.2254199 ], [ -123.0886267, 49.2254264 ], [ -123.0894023, 49.2254347 ], [ -123.0900273, 49.2254387 ], [ -123.0907114, 49.225443 ], [ -123.0907232, 49.2265252 ], [ -123.0907009, 49.2273632 ], [ -123.0906754, 49.2282733 ], [ -123.0906333, 49.2291639 ], [ -123.0899242, 49.2291519 ], [ -123.0892922, 49.2291412 ], [ -123.0885367, 49.2291331 ], [ -123.0879079, 49.2291264 ], [ -123.0879609, 49.2273415 ] ] ] ] } },
{ "type": "Feature", "properties": { "name": "59150476", "population": 896, "population_density": 5848.6 }, "geometry": { "type": "MultiPolygon", "coordinates": [ [ [ [ -123.0906333, 49.2291639 ], [ -123.0906754, 49.2282733 ], [ -123.0907009, 49.2273632 ], [ -123.0907232, 49.2265252 ], [ -123.0907114, 49.225443 ], [ -123.0914162, 49.225463 ], [ -123.0919857, 49.2254792 ], [ -123.0940803, 49.2255248 ], [ -123.0941747, 49.2255265 ], [ -123.0975149, 49.2255876 ], [ -123.0974979, 49.2261157 ], [ -123.0974813, 49.2266299 ], [ -123.0974583, 49.227051 ], [ -123.0974343, 49.2274916 ], [ -123.0941366, 49.2274271 ], [ -123.0940204, 49.2274248 ], [ -123.0940118, 49.2278812 ], [ -123.0940032, 49.228336 ], [ -123.0939954, 49.2288078 ], [ -123.0939884, 49.2292301 ], [ -123.0913532, 49.2291781 ], [ -123.0912572, 49.2291762 ], [ -123.0906333, 49.2291639 ] ] ] ] } },
{ "type": "Feature", "properties": { "name": "59150477", "population": 615, "population_density": 7834.4 }, "geometry": { "type": "MultiPolygon", "coordinates": [ [ [ [ -123.0919857, 49.2254792 ], [ -123.0914162, 49.225463 ], [ -123.0907114, 49.225443 ], [ -123.090805, 49.2245177 ], [ -123.0914389, 49.2245262 ], [ -123.09199, 49.2245335 ], [ -123.0925926, 49.2245462 ], [ -123.0941422, 49.2245789 ], [ -123.0941501, 49.2241123 ], [ -123.0941586, 49.2236154 ], [ -123.094199, 49.2236161 ], [ -123.0958474, 49.2236422 ], [ -123.097573, 49.2236696 ], [ -123.0975572, 49.2241728 ], [ -123.0975426, 49.2246389 ], [ -123.0975284, 49.2251261 ], [ -123.0975149, 49.2255876 ], [ -123.0941747, 49.2255265 ], [ -123.0940803, 49.2255248 ], [ -123.0919857, 49.2254792 ] ] ] ] } },
{ "type": "Feature", "properties": { "name": "59150478", "population": 765, "population_density": 7758.6 }, "geometry": { "type": "MultiPolygon", "coordinates": [ [ [ [ -123.0908793, 49.2213621 ], [ -123.0908891, 49.2208537 ], [ -123.0915175, 49.2208649 ], [ -123.0942069, 49.2209125 ], [ -123.0941976, 49.2213957 ], [ -123.0941898, 49.2218012 ], [ -123.0941816, 49.2222773 ], [ -123.0941742, 49.2227079 ], [ -123.0941658, 49.2231948 ], [ -123.0941586, 49.2236154 ], [ -123.0941501, 49.2241123 ], [ -123.0941422, 49.2245789 ], [ -123.0925926, 49.2245462 ], [ -123.09199, 49.2245335 ], [ -123.0914389, 49.2245262 ], [ -123.090805, 49.2245177 ], [ -123.0908424, 49.2235711 ], [ -123.090841, 49.2227171 ], [ -123.0908698, 49.2219945 ], [ -123.0908719, 49.2217423 ], [ -123.0908793, 49.2213621 ] ] ] ] } },
{ "type": "Feature", "properties": { "name": "59150479", "population": 472, "population_density": 2862.3 }, "geometry": { "type": "MultiPolygon", "coordinates": [ [ [ [ -123.0941816, 49.2222773 ], [ -123.0941898, 49.2218012 ], [ -123.0941976, 49.2213957 ], [ -123.0942069, 49.2209125 ], [ -123.0942503, 49.2209133 ], [ -123.0976549, 49.2209757 ], [ -123.0976813, 49.2200711 ], [ -123.0997271, 49.2201027 ], [ -123.0997099, 49.2205897 ], [ -123.099695, 49.2210126 ], [ -123.0996818, 49.2214713 ], [ -123.0996693, 49.2219064 ], [ -123.1011026, 49.2219337 ], [ -123.1017504, 49.2219461 ], [ -123.1017177, 49.2228434 ], [ -123.1016793, 49.2237449 ], [ -123.1009717, 49.2237322 ], [ -123.0996597, 49.2237086 ], [ -123.097573, 49.2236696 ], [ -123.0958474, 49.2236422 ], [ -123.094199, 49.2236161 ], [ -123.0941586, 49.2236154 ], [ -123.0941658, 49.2231948 ], [ -123.0941742, 49.2227079 ], [ -123.0941816, 49.2222773 ] ] ] ] } },
{ "type": "Feature", "properties": { "name": "59150480", "population": 535, "population_density": 8346.3 }, "geometry": { "type": "MultiPolygon", "coordinates": [ [ [ [ -123.0942144, 49.2204691 ], [ -123.094222, 49.2200139 ], [ -123.0942613, 49.2200146 ], [ -123.0942751, 49.2200148 ], [ -123.0948321, 49.2200241 ], [ -123.094841, 49.2196314 ], [ -123.094851, 49.2191958 ], [ -123.0948602, 49.2187858 ], [ -123.0948702, 49.2183406 ], [ -123.0977313, 49.2183924 ], [ -123.0977186, 49.2188288 ], [ -123.0977073, 49.219216 ], [ -123.0976942, 49.2196472 ], [ -123.0976813, 49.2200711 ], [ -123.0976549, 49.2209757 ], [ -123.0942503, 49.2209133 ], [ -123.0942069, 49.2209125 ], [ -123.0942144, 49.2204691 ] ] ] ] } },
{ "type": "Feature", "properties": { "name": "59150481", "population": 477, "population_density": 8457.4 }, "geometry": { "type": "MultiPolygon", "coordinates": [ [ [ [ -123.0977262, 49.2185679 ], [ -123.0977313, 49.2183924 ], [ -123.0983496, 49.2184036 ], [ -123.1011915, 49.2184548 ], [ -123.1018879, 49.2184673 ], [ -123.101856, 49.2193087 ], [ -123.1018242, 49.2201483 ], [ -123.1011562, 49.2201338 ], [ -123.0997271, 49.2201027 ], [ -123.0976813, 49.2200711 ], [ -123.0976942, 49.2196472 ], [ -123.0977073, 49.219216 ], [ -123.0977186, 49.2188288 ], [ -123.0977262, 49.2185679 ] ] ] ] } },
{ "type": "Feature", "properties": { "name": "59150482", "population": 846, "population_density": 9505.6 }, "geometry": { "type": "MultiPolygon", "coordinates": [ [ [ [ -123.0977848, 49.216658 ], [ -123.097813, 49.215767 ], [ -123.0984542, 49.2157748 ], [ -123.1013114, 49.2158098 ], [ -123.1019915, 49.2158181 ], [ -123.1019547, 49.2167378 ], [ -123.101921, 49.2176079 ], [ -123.1018879, 49.2184673 ], [ -123.1011915, 49.2184548 ], [ -123.0983496, 49.2184036 ], [ -123.0977313, 49.2183924 ], [ -123.0977584, 49.2175194 ], [ -123.0977687, 49.2172449 ], [ -123.0977716, 49.217138 ], [ -123.0977731, 49.2170857 ], [ -123.0977848, 49.216658 ] ] ] ] } },
{ "type": "Feature", "properties": { "name": "59150483", "population": 502, "population_density": 8422.8 }, "geometry": { "type": "MultiPolygon", "coordinates": [ [ [ [ -123.101921, 49.2176079 ], [ -123.1019547, 49.2167378 ], [ -123.1025896, 49.2167499 ], [ -123.1056379, 49.2168077 ], [ -123.1061808, 49.216818 ], [ -123.1061215, 49.2177262 ], [ -123.106118, 49.2182365 ], [ -123.1061158, 49.2185665 ], [ -123.1054609, 49.2185535 ], [ -123.10405, 49.2185254 ], [ -123.1018879, 49.2184673 ], [ -123.101921, 49.2176079 ] ] ] ] } },
{ "type": "Feature", "properties": { "name": "59150484", "population": 697, "population_density": 7676.2 }, "geometry": { "type": "MultiPolygon", "coordinates": [ [ [ [ -123.1020497, 49.2143577 ], [ -123.1020565, 49.214138 ], [ -123.102693, 49.2141488 ], [ -123.1057962, 49.2142016 ], [ -123.1064324, 49.2142124 ], [ -123.1063786, 49.2150757 ], [ -123.1062331, 49.2159348 ], [ -123.1061808, 49.216818 ], [ -123.1056379, 49.2168077 ], [ -123.1025896, 49.2167499 ], [ -123.1019547, 49.2167378 ], [ -123.1019915, 49.2158181 ], [ -123.1020232, 49.2150019 ], [ -123.1020497, 49.2143577 ] ] ] ] } },
{ "type": "Feature", "properties": { "name": "59150485", "population": 538, "population_density": 3907.0 }, "geometry": { "type": "MultiPolygon", "coordinates": [ [ [ [ -123.1064324, 49.2142124 ], [ -123.1065043, 49.2133225 ], [ -123.1070726, 49.2133309 ], [ -123.1099223, 49.2133728 ], [ -123.1099027, 49.2138247 ], [ -123.1098844, 49.2142464 ], [ -123.1098632, 49.2147152 ], [ -123.1098446, 49.2151282 ], [ -123.1098442, 49.2151926 ], [ -123.1098417, 49.2155615 ], [ -123.1098389, 49.2159919 ], [ -123.1098184, 49.2164335 ], [ -123.1097985, 49.216861 ], [ -123.1110289, 49.2168714 ], [ -123.1109942, 49.2177459 ], [ -123.1109923, 49.2177928 ], [ -123.1109878, 49.2179081 ], [ -123.1080757, 49.2177951 ], [ -123.1061215, 49.2177262 ], [ -123.1061808, 49.216818 ], [ -123.1062331, 49.2159348 ], [ -123.1063786, 49.2150757 ], [ -123.1064324, 49.2142124 ] ] ] ] } },
{ "type": "Feature", "properties": { "name": "59150486", "population": 585, "population_density": 9766.3 }, "geometry": { "type": "MultiPolygon", "coordinates": [ [ [ [ -123.1098632, 49.2147152 ], [ -123.1098844, 49.2142464 ], [ -123.1127197, 49.2142891 ], [ -123.1126871, 49.215226 ], [ -123.1126294, 49.2168891 ], [ -123.1116007, 49.2168796 ], [ -123.1110289, 49.2168714 ], [ -123.1097985, 49.216861 ], [ -123.1098184, 49.2164335 ], [ -123.1098389, 49.2159919 ], [ -123.1098417, 49.2155615 ], [ -123.1098442, 49.2151926 ], [ -123.1098446, 49.2151282 ], [ -123.1098632, 49.2147152 ] ] ] ] } },
{ "type": "Feature", "properties": { "name": "59150487", "population": 437, "population_density": 2629.4 }, "geometry": { "type": "MultiPolygon", "coordinates": [ [ [ [ -123.1109942, 49.2177459 ], [ -123.1110289, 49.2168714 ], [ -123.1116007, 49.2168796 ], [ -123.1126294, 49.2168891 ], [ -123.1126871, 49.215226 ], [ -123.1127197, 49.2142891 ], [ -123.1127241, 49.214064 ], [ -123.112731, 49.2138768 ], [ -123.1127396, 49.213643 ], [ -123.1127498, 49.2133639 ], [ -123.1137479, 49.2131582 ], [ -123.114639, 49.2131712 ], [ -123.1154069, 49.2131816 ], [ -123.1161209, 49.2131912 ], [ -123.1168726, 49.2132013 ], [ -123.1168413, 49.2140993 ], [ -123.116841, 49.2141084 ], [ -123.1168091, 49.2149985 ], [ -123.1167783, 49.2158377 ], [ -123.116775, 49.2159276 ], [ -123.1167381, 49.2169333 ], [ -123.1167378, 49.2169423 ], [ -123.1167102, 49.2178073 ], [ -123.1161889, 49.2178048 ], [ -123.116172, 49.2178047 ], [ -123.1159523, 49.2178036 ], [ -123.1145838, 49.217797 ], [ -123.1133392, 49.2177909 ], [ -123.1133384, 49.2177909 ], [ -123.1109878, 49.2179081 ], [ -123.1109923, 49.2177928 ], [ -123.1109942, 49.2177459 ] ] ] ] } },
{ "type": "Feature", "properties": { "name": "59150488", "population": 472, "population_density": 6742.9 }, "geometry": { "type": "MultiPolygon", "coordinates": [ [ [ [ -123.1127761, 49.2125655 ], [ -123.1128035, 49.2117991 ], [ -123.1128151, 49.2114739 ], [ -123.1140162, 49.2112704 ], [ -123.1140967, 49.2112568 ], [ -123.1142493, 49.2112309 ], [ -123.1145001, 49.2111884 ], [ -123.1147167, 49.2111258 ], [ -123.1150591, 49.2110268 ], [ -123.1156518, 49.2108292 ], [ -123.1161805, 49.2106059 ], [ -123.1162376, 49.2105818 ], [ -123.1165283, 49.210459 ], [ -123.1170532, 49.2102487 ], [ -123.1169812, 49.21059 ], [ -123.1169735, 49.2107699 ], [ -123.1169442, 49.2114519 ], [ -123.1169075, 49.2123086 ], [ -123.116873, 49.2131923 ], [ -123.1168726, 49.2132013 ], [ -123.1161209, 49.2131912 ], [ -123.1154069, 49.2131816 ], [ -123.114639, 49.2131712 ], [ -123.1137479, 49.2131582 ], [ -123.1135776, 49.2129608 ], [ -123.1132814, 49.2127592 ], [ -123.1128405, 49.2125673 ], [ -123.1127761, 49.2125655 ] ] ] ] } },
{ "type": "Feature", "properties": { "name": "59150489", "population": 572, "population_density": 4758.7 }, "geometry": { "type": "MultiPolygon", "coordinates": [ [ [ [ -123.1189618, 49.2094539 ], [ -123.1203806, 49.2088568 ], [ -123.1203624, 49.2093274 ], [ -123.1203127, 49.2098082 ], [ -123.1202698, 49.210223 ], [ -123.1202549, 49.210668 ], [ -123.1202393, 49.2111365 ], [ -123.1202252, 49.2114956 ], [ -123.120211, 49.2119546 ], [ -123.1201979, 49.2123786 ], [ -123.1201841, 49.2128094 ], [ -123.1201687, 49.2132921 ], [ -123.1201483, 49.2137274 ], [ -123.120126, 49.2142026 ], [ -123.1178112, 49.2141407 ], [ -123.1171119, 49.214122 ], [ -123.1171468, 49.2132068 ], [ -123.1170414, 49.2132047 ], [ -123.1168726, 49.2132013 ], [ -123.116873, 49.2131923 ], [ -123.1169075, 49.2123086 ], [ -123.1169442, 49.2114519 ], [ -123.1169735, 49.2107699 ], [ -123.1169812, 49.21059 ], [ -123.1170532, 49.2102487 ], [ -123.117225, 49.2101768 ], [ -123.1182995, 49.2097335 ], [ -123.1189618, 49.2094539 ] ] ] ] } },
{ "type": "Feature", "properties": { "name": "59150490", "population": 524, "population_density": 5586.4 }, "geometry": { "type": "MultiPolygon", "coordinates": [ [ [ [ -123.1203127, 49.2098082 ], [ -123.1203624, 49.2093274 ], [ -123.120637, 49.2093307 ], [ -123.1241811, 49.2093726 ], [ -123.1241762, 49.209574 ], [ -123.1241695, 49.2098529 ], [ -123.124168, 49.2099164 ], [ -123.124146, 49.2102724 ], [ -123.1241454, 49.2102815 ], [ -123.1241325, 49.210646 ], [ -123.1241198, 49.2109953 ], [ -123.1241129, 49.2111832 ], [ -123.1241048, 49.2113812 ], [ -123.1240648, 49.2123593 ], [ -123.1217619, 49.2123194 ], [ -123.1208547, 49.2123537 ], [ -123.1201979, 49.2123786 ], [ -123.120211, 49.2119546 ], [ -123.1202252, 49.2114956 ], [ -123.1202393, 49.2111365 ], [ -123.1202549, 49.210668 ], [ -123.1202698, 49.210223 ], [ -123.1203127, 49.2098082 ] ] ] ] } },
{ "type": "Feature", "properties": { "name": "59150491", "population": 470, "population_density": 15932.2 }, "geometry": { "type": "MultiPolygon", "coordinates": [ [ [ [ -123.1209465, 49.2086043 ], [ -123.1217, 49.2082696 ], [ -123.123857, 49.2083352 ], [ -123.1241223, 49.2083729 ], [ -123.1242183, 49.2083737 ], [ -123.124203, 49.2087913 ], [ -123.1241971, 49.2089533 ], [ -123.1241885, 49.2091872 ], [ -123.1241811, 49.2093726 ], [ -123.120637, 49.2093307 ], [ -123.1203624, 49.2093274 ], [ -123.1203806, 49.2088568 ], [ -123.1209465, 49.2086043 ] ] ] ] } },
{ "type": "Feature", "properties": { "name": "59150492", "population": 576, "population_density": 8067.2 }, "geometry": { "type": "MultiPolygon", "coordinates": [ [ [ [ -123.1241048, 49.2113812 ], [ -123.1241129, 49.2111832 ], [ -123.1241198, 49.2109953 ], [ -123.1241325, 49.210646 ], [ -123.1241454, 49.2102815 ], [ -123.124146, 49.2102724 ], [ -123.124168, 49.2099164 ], [ -123.1241695, 49.2098529 ], [ -123.1241762, 49.209574 ], [ -123.1241811, 49.2093726 ], [ -123.1241885, 49.2091872 ], [ -123.1241971, 49.2089533 ], [ -123.124203, 49.2087913 ], [ -123.1242183, 49.2083737 ], [ -123.1249794, 49.2083796 ], [ -123.1256248, 49.2083973 ], [ -123.1261547, 49.2084119 ], [ -123.1267497, 49.208421 ], [ -123.126832, 49.2084223 ], [ -123.1275119, 49.2084327 ], [ -123.1273958, 49.2106861 ], [ -123.1266878, 49.2106742 ], [ -123.1260223, 49.210663 ], [ -123.1259972, 49.211401 ], [ -123.1241048, 49.2113812 ] ] ] ] } },
{ "type": "Feature", "properties": { "name": "59150493", "population": 464, "population_density": 12817.7 }, "geometry": { "type": "MultiPolygon", "coordinates": [ [ [ [ -123.1244749, 49.2071104 ], [ -123.1250563, 49.2068719 ], [ -123.1261414, 49.2067102 ], [ -123.1262058, 49.2067686 ], [ -123.1262082, 49.2067707 ], [ -123.1263018, 49.2068556 ], [ -123.1262623, 49.2076707 ], [ -123.1261547, 49.2084119 ], [ -123.1256248, 49.2083973 ], [ -123.1249794, 49.2083796 ], [ -123.1242183, 49.2083737 ], [ -123.1241223, 49.2083729 ], [ -123.123857, 49.2083352 ], [ -123.1217, 49.2082696 ], [ -123.1228282, 49.2077988 ], [ -123.1242634, 49.2072012 ], [ -123.1244749, 49.2071104 ] ] ] ] } },
{ "type": "Feature", "properties": { "name": "59150494", "population": 404, "population_density": 15419.8 }, "geometry": { "type": "MultiPolygon", "coordinates": [ [ [ [ -123.1269854, 49.206067 ], [ -123.1276055, 49.2058094 ], [ -123.1275639, 49.2068811 ], [ -123.1275119, 49.2084327 ], [ -123.126832, 49.2084223 ], [ -123.1267497, 49.208421 ], [ -123.1261547, 49.2084119 ], [ -123.1262623, 49.2076707 ], [ -123.1263018, 49.2068556 ], [ -123.1262082, 49.2067707 ], [ -123.1262058, 49.2067686 ], [ -123.1261414, 49.2067102 ], [ -123.1250563, 49.2068719 ], [ -123.1254573, 49.2067067 ], [ -123.1260954, 49.2064438 ], [ -123.1262932, 49.2063557 ], [ -123.1263282, 49.2063401 ], [ -123.1269854, 49.206067 ] ] ] ] } },
{ "type": "Feature", "properties": { "name": "59150495", "population": 635, "population_density": 992.3 }, "geometry": { "type": "MultiPolygon", "coordinates": [ [ [ [ -123.1275119, 49.2084327 ], [ -123.1275639, 49.2068811 ], [ -123.1276055, 49.2058094 ], [ -123.1269854, 49.206067 ], [ -123.1263282, 49.2063401 ], [ -123.1262932, 49.2063557 ], [ -123.1260954, 49.2064438 ], [ -123.1254573, 49.2067067 ], [ -123.1250563, 49.2068719 ], [ -123.1244749, 49.2071104 ], [ -123.1244144, 49.2070457 ], [ -123.1239074, 49.2065222 ], [ -123.1235097, 49.2061115 ], [ -123.1224864, 49.2050548 ], [ -123.1213685, 49.2053159 ], [ -123.1212164, 49.2053477 ], [ -123.1199826, 49.2056059 ], [ -123.1191194, 49.2057414 ], [ -123.1172919, 49.2060718 ], [ -123.1172912, 49.2059983 ], [ -123.1172904, 49.2059136 ], [ -123.1172494, 49.2058599 ], [ -123.1172593, 49.2057142 ], [ -123.1171616, 49.205013 ], [ -123.1170594, 49.2042796 ], [ -123.1170277, 49.2038746 ], [ -123.1173221, 49.2038003 ], [ -123.1219072, 49.2018527 ], [ -123.1258311, 49.2001247 ], [ -123.1259097, 49.2000626 ], [ -123.126545, 49.1995596 ], [ -123.1268121, 49.1993481 ], [ -123.1303807, 49.1988461 ], [ -123.1308118, 49.1987718 ], [ -123.1324229, 49.1985349 ], [ -123.1358564, 49.1990555 ], [ -123.1359882, 49.1990755 ], [ -123.1356657, 49.1998569 ], [ -123.1355509, 49.2001428 ], [ -123.1351957, 49.2010272 ], [ -123.1352719, 49.2010373 ], [ -123.1353971, 49.2010542 ], [ -123.1352555, 49.2015035 ], [ -123.1349837, 49.2021512 ], [ -123.1349316, 49.2021507 ], [ -123.1349227, 49.2024054 ], [ -123.1349458, 49.2024825 ], [ -123.1349727, 49.2025725 ], [ -123.1350079, 49.2026902 ], [ -123.1350137, 49.2027096 ], [ -123.1351864, 49.2029574 ], [ -123.1354275, 49.2031638 ], [ -123.1348619, 49.2030136 ], [ -123.1348007, 49.2029395 ], [ -123.134797, 49.2029984 ], [ -123.1347821, 49.2032394 ], [ -123.1347797, 49.2033108 ], [ -123.1347471, 49.2042969 ], [ -123.1340975, 49.2042852 ], [ -123.1334698, 49.2042738 ], [ -123.1333897, 49.2056832 ], [ -123.1325365, 49.2056698 ], [ -123.131727, 49.205657 ], [ -123.1303905, 49.2056358 ], [ -123.1303307, 49.2064936 ], [ -123.1303746, 49.2069154 ], [ -123.1303723, 49.2069965 ], [ -123.1303139, 49.2070544 ], [ -123.1302584, 49.206997 ], [ -123.1302608, 49.2069133 ], [ -123.1295602, 49.2069053 ], [ -123.1288993, 49.2068978 ], [ -123.1288651, 49.20811 ], [ -123.1288554, 49.2084514 ], [ -123.1282185, 49.2084425 ], [ -123.1275119, 49.2084327 ] ] ] ] } },
{ "type": "Feature", "properties": { "name": "59150496", "population": 599, "population_density": 17163.3 }, "geometry": { "type": "MultiPolygon", "coordinates": [ [ [ [ -123.1288651, 49.20811 ], [ -123.1288993, 49.2068978 ], [ -123.1295602, 49.2069053 ], [ -123.1302608, 49.2069133 ], [ -123.1302584, 49.206997 ], [ -123.1303139, 49.2070544 ], [ -123.1303723, 49.2069965 ], [ -123.1303746, 49.2069154 ], [ -123.130988, 49.206923 ], [ -123.1316894, 49.2069315 ], [ -123.1316236, 49.2081741 ], [ -123.1316068, 49.2084913 ], [ -123.1309786, 49.208483 ], [ -123.1309511, 49.2084826 ], [ -123.1302578, 49.2084735 ], [ -123.1295228, 49.2084619 ], [ -123.1294817, 49.2084612 ], [ -123.1288554, 49.2084514 ], [ -123.1288651, 49.20811 ] ] ] ] } },
{ "type": "Feature", "properties": { "name": "59150497", "population": 624, "population_density": 20064.3 }, "geometry": { "type": "MultiPolygon", "coordinates": [ [ [ [ -123.1303307, 49.2064936 ], [ -123.1303905, 49.2056358 ], [ -123.131727, 49.205657 ], [ -123.1325365, 49.2056698 ], [ -123.1333897, 49.2056832 ], [ -123.1333311, 49.2069653 ], [ -123.1324442, 49.206947 ], [ -123.1316894, 49.2069315 ], [ -123.130988, 49.206923 ], [ -123.1303746, 49.2069154 ], [ -123.1303307, 49.2064936 ] ] ] ] } },
{ "type": "Feature", "properties": { "name": "59150498", "population": 600, "population_density": 15957.4 }, "geometry": { "type": "MultiPolygon", "coordinates": [ [ [ [ -123.1316236, 49.2081741 ], [ -123.1316894, 49.2069315 ], [ -123.1324442, 49.206947 ], [ -123.1333311, 49.2069653 ], [ -123.1340221, 49.2069711 ], [ -123.1346641, 49.2069764 ], [ -123.1346421, 49.2074767 ], [ -123.1346106, 49.2081905 ], [ -123.1345954, 49.2085357 ], [ -123.1343829, 49.2085319 ], [ -123.1332903, 49.2085154 ], [ -123.1330093, 49.2085115 ], [ -123.1324202, 49.208503 ], [ -123.1316068, 49.2084913 ], [ -123.1316236, 49.2081741 ] ] ] ] } },
{ "type": "Feature", "properties": { "name": "59150499", "population": 629, "population_density": 17818.7 }, "geometry": { "type": "MultiPolygon", "coordinates": [ [ [ [ -123.1346719, 49.2065495 ], [ -123.1346873, 49.2057105 ], [ -123.1353779, 49.2057181 ], [ -123.1354738, 49.2057191 ], [ -123.1362435, 49.2057276 ], [ -123.1362145, 49.2065652 ], [ -123.1361993, 49.2070019 ], [ -123.1361751, 49.2075013 ], [ -123.1361413, 49.2081989 ], [ -123.1361236, 49.2085637 ], [ -123.1358015, 49.2085579 ], [ -123.1345954, 49.2085357 ], [ -123.1346106, 49.2081905 ], [ -123.1346421, 49.2074767 ], [ -123.1346641, 49.2069764 ], [ -123.1346719, 49.2065495 ] ] ] ] } },
{ "type": "Feature", "properties": { "name": "59150500", "population": 722, "population_density": 15833.3 }, "geometry": { "type": "MultiPolygon", "coordinates": [ [ [ [ -123.1333311, 49.2069653 ], [ -123.1333897, 49.2056832 ], [ -123.1334698, 49.2042738 ], [ -123.1340975, 49.2042852 ], [ -123.1347471, 49.2042969 ], [ -123.1355268, 49.2043168 ], [ -123.1355895, 49.2043184 ], [ -123.135926, 49.2043796 ], [ -123.1363574, 49.2045478 ], [ -123.1362823, 49.204653 ], [ -123.1362435, 49.2057276 ], [ -123.1354738, 49.2057191 ], [ -123.1353779, 49.2057181 ], [ -123.1346873, 49.2057105 ], [ -123.1346719, 49.2065495 ], [ -123.1346641, 49.2069764 ], [ -123.1340221, 49.2069711 ], [ -123.1333311, 49.2069653 ] ] ] ] } },
{ "type": "Feature", "properties": { "name": "59150503", "population": 527, "population_density": 12370.9 }, "geometry": { "type": "MultiPolygon", "coordinates": [ [ [ [ -123.1406292, 49.2054954 ], [ -123.1405284, 49.2052828 ], [ -123.140909, 49.2051623 ], [ -123.1413519, 49.2053075 ], [ -123.1417402, 49.2054348 ], [ -123.1420082, 49.2055833 ], [ -123.1422045, 49.2057381 ], [ -123.1422408, 49.2057972 ], [ -123.1422668, 49.2058397 ], [ -123.1423154, 49.2061644 ], [ -123.1422527, 49.2070951 ], [ -123.1421926, 49.2080051 ], [ -123.1421769, 49.2082317 ], [ -123.1421547, 49.2085536 ], [ -123.1420033, 49.2085518 ], [ -123.1411656, 49.2085422 ], [ -123.140534, 49.2085349 ], [ -123.140545, 49.2082229 ], [ -123.1405533, 49.2079904 ], [ -123.1405564, 49.2079008 ], [ -123.1405858, 49.2070698 ], [ -123.1406315, 49.2057918 ], [ -123.1406292, 49.2054954 ] ] ] ] } },
{ "type": "Feature", "properties": { "name": "59150504", "population": 1013, "population_density": 4640.4 }, "geometry": { "type": "MultiPolygon", "coordinates": [ [ [ [ -123.1466382, 49.2132556 ], [ -123.1435442, 49.2132025 ], [ -123.1435636, 49.2127363 ], [ -123.1435813, 49.212309 ], [ -123.1460721, 49.2123506 ], [ -123.1458431, 49.2118939 ], [ -123.1456235, 49.211456 ], [ -123.1436152, 49.2114235 ], [ -123.1436324, 49.2109645 ], [ -123.1436476, 49.2105614 ], [ -123.1420393, 49.2105413 ], [ -123.1411182, 49.2105258 ], [ -123.1404629, 49.2105148 ], [ -123.140534, 49.2085349 ], [ -123.1411656, 49.2085422 ], [ -123.1420033, 49.2085518 ], [ -123.1421547, 49.2085536 ], [ -123.1429231, 49.2085626 ], [ -123.1437329, 49.208572 ], [ -123.1442321, 49.2085771 ], [ -123.1444298, 49.2085783 ], [ -123.1444327, 49.2085783 ], [ -123.145162, 49.2085828 ], [ -123.1464324, 49.2086084 ], [ -123.1466431, 49.2086113 ], [ -123.1469731, 49.2086157 ], [ -123.1472687, 49.2086197 ], [ -123.1476464, 49.208681 ], [ -123.1478106, 49.2087563 ], [ -123.1480802, 49.2088799 ], [ -123.1482593, 49.2090468 ], [ -123.148712, 49.2094722 ], [ -123.1486411, 49.2097334 ], [ -123.1486013, 49.2105365 ], [ -123.1485949, 49.2106654 ], [ -123.1485788, 49.2110219 ], [ -123.1485573, 49.2115003 ], [ -123.1485362, 49.2119564 ], [ -123.1484786, 49.2132746 ], [ -123.1471243, 49.2132606 ], [ -123.1467896, 49.2132572 ], [ -123.1466519, 49.2132558 ], [ -123.1466382, 49.2132556 ] ] ] ] } },
{ "type": "Feature", "properties": { "name": "59150505", "population": 646, "population_density": 6140.7 }, "geometry": { "type": "MultiPolygon", "coordinates": [ [ [ [ -123.1403627, 49.2136041 ], [ -123.1403696, 49.2131453 ], [ -123.140401, 49.2122562 ], [ -123.1404321, 49.2113724 ], [ -123.1404483, 49.2108864 ], [ -123.1404629, 49.2105148 ], [ -123.1411182, 49.2105258 ], [ -123.1420393, 49.2105413 ], [ -123.1436476, 49.2105614 ], [ -123.1436324, 49.2109645 ], [ -123.1436152, 49.2114235 ], [ -123.1456235, 49.211456 ], [ -123.1458431, 49.2118939 ], [ -123.1460721, 49.2123506 ], [ -123.1435813, 49.212309 ], [ -123.1435636, 49.2127363 ], [ -123.1435442, 49.2132025 ], [ -123.1435128, 49.2136442 ], [ -123.1434832, 49.2140611 ], [ -123.1409769, 49.2140106 ], [ -123.1407763, 49.2140065 ], [ -123.1407895, 49.2137465 ], [ -123.1403607, 49.2137351 ], [ -123.1403627, 49.2136041 ] ] ] ] } },
{ "type": "Feature", "properties": { "name": "59150506", "population": 386, "population_density": 4478.0 }, "geometry": { "type": "MultiPolygon", "coordinates": [ [ [ [ -123.1435128, 49.2136442 ], [ -123.1435442, 49.2132025 ], [ -123.1466382, 49.2132556 ], [ -123.1468353, 49.2136626 ], [ -123.1470522, 49.2141106 ], [ -123.14729, 49.2145577 ], [ -123.1475406, 49.2150288 ], [ -123.147765, 49.215517 ], [ -123.1480079, 49.2160456 ], [ -123.1434347, 49.2159641 ], [ -123.1434611, 49.2154797 ], [ -123.1434884, 49.2149801 ], [ -123.1434859, 49.2145352 ], [ -123.1434832, 49.2140611 ], [ -123.1435128, 49.2136442 ] ] ] ] } },
{ "type": "Feature", "properties": { "name": "59150507", "population": 474, "population_density": 3220.1 }, "geometry": { "type": "MultiPolygon", "coordinates": [ [ [ [ -123.1403555, 49.213998 ], [ -123.1403607, 49.2137351 ], [ -123.1407895, 49.2137465 ], [ -123.1407763, 49.2140065 ], [ -123.1409769, 49.2140106 ], [ -123.1434832, 49.2140611 ], [ -123.1434859, 49.2145352 ], [ -123.1434884, 49.2149801 ], [ -123.1434611, 49.2154797 ], [ -123.1434347, 49.2159641 ], [ -123.143437, 49.2164423 ], [ -123.1434389, 49.216856 ], [ -123.1437287, 49.2172659 ], [ -123.1438808, 49.2174811 ], [ -123.1438765, 49.2177062 ], [ -123.1438528, 49.2181245 ], [ -123.1438284, 49.2185562 ], [ -123.143818, 49.2189697 ], [ -123.1438065, 49.2194249 ], [ -123.1408412, 49.2193499 ], [ -123.14013, 49.2193319 ], [ -123.1401559, 49.2189116 ], [ -123.1401802, 49.2185162 ], [ -123.1401822, 49.2183722 ], [ -123.1402165, 49.2173696 ], [ -123.140244, 49.2168109 ], [ -123.1402715, 49.2159199 ], [ -123.1402983, 49.2150378 ], [ -123.1403042, 49.2149425 ], [ -123.1403555, 49.213998 ] ] ] ] } },
{ "type": "Feature", "properties": { "name": "59150508", "population": 464, "population_density": 3668.0 }, "geometry": { "type": "MultiPolygon", "coordinates": [ [ [ [ -123.143437, 49.2164423 ], [ -123.1434347, 49.2159641 ], [ -123.1480079, 49.2160456 ], [ -123.1482396, 49.2164725 ], [ -123.1482816, 49.21655 ], [ -123.1483103, 49.2169093 ], [ -123.1483115, 49.2171828 ], [ -123.148312, 49.2173177 ], [ -123.1483138, 49.2177462 ], [ -123.148295, 49.2181805 ], [ -123.148278, 49.2185749 ], [ -123.1482637, 49.2190264 ], [ -123.1482502, 49.2194524 ], [ -123.1474998, 49.2194443 ], [ -123.1468032, 49.2194367 ], [ -123.1453057, 49.2194177 ], [ -123.1438065, 49.2194249 ], [ -123.143818, 49.2189697 ], [ -123.1438284, 49.2185562 ], [ -123.1438528, 49.2181245 ], [ -123.1438765, 49.2177062 ], [ -123.1438808, 49.2174811 ], [ -123.1437287, 49.2172659 ], [ -123.1434389, 49.216856 ], [ -123.143437, 49.2164423 ] ] ] ] } },
{ "type": "Feature", "properties": { "name": "59150509", "population": 427, "population_density": 2583.2 }, "geometry": { "type": "MultiPolygon", "coordinates": [ [ [ [ -123.1468353, 49.2136626 ], [ -123.1466382, 49.2132556 ], [ -123.1466519, 49.2132558 ], [ -123.1467896, 49.2132572 ], [ -123.1471243, 49.2132606 ], [ -123.1484786, 49.2132746 ], [ -123.1491977, 49.2132806 ], [ -123.1496238, 49.2132842 ], [ -123.1500243, 49.2132434 ], [ -123.1503784, 49.2131753 ], [ -123.1505064, 49.2132814 ], [ -123.150928, 49.2137468 ], [ -123.1512454, 49.2140972 ], [ -123.1512626, 49.2141517 ], [ -123.1512553, 49.2146243 ], [ -123.1512479, 49.2151079 ], [ -123.1512342, 49.2155772 ], [ -123.1512339, 49.2155873 ], [ -123.1512191, 49.2160917 ], [ -123.1511917, 49.2166135 ], [ -123.1511621, 49.2171784 ], [ -123.1510791, 49.2191139 ], [ -123.1510632, 49.2194836 ], [ -123.1505103, 49.2194807 ], [ -123.1502873, 49.2194802 ], [ -123.1502242, 49.21948 ], [ -123.1500996, 49.2194797 ], [ -123.1499504, 49.2194794 ], [ -123.1497033, 49.2194801 ], [ -123.1489693, 49.2194661 ], [ -123.1482502, 49.2194524 ], [ -123.1482637, 49.2190264 ], [ -123.148278, 49.2185749 ], [ -123.148295, 49.2181805 ], [ -123.1483138, 49.2177462 ], [ -123.148312, 49.2173177 ], [ -123.1483115, 49.2171828 ], [ -123.1483103, 49.2169093 ], [ -123.1482816, 49.21655 ], [ -123.1482396, 49.2164725 ], [ -123.1480079, 49.2160456 ], [ -123.147765, 49.215517 ], [ -123.1475406, 49.2150288 ], [ -123.14729, 49.2145577 ], [ -123.1470522, 49.2141106 ], [ -123.1468353, 49.2136626 ] ] ] ] } },
{ "type": "Feature", "properties": { "name": "59150510", "population": 459, "population_density": 2462.4 }, "geometry": { "type": "MultiPolygon", "coordinates": [ [ [ [ -123.1451072, 49.2241416 ], [ -123.1452067, 49.2217653 ], [ -123.1460099, 49.2217741 ], [ -123.1467799, 49.2217826 ], [ -123.1467983, 49.2199281 ], [ -123.1468032, 49.2194367 ], [ -123.1474998, 49.2194443 ], [ -123.1482502, 49.2194524 ], [ -123.1489693, 49.2194661 ], [ -123.1497033, 49.2194801 ], [ -123.1499504, 49.2194794 ], [ -123.1502457, 49.2199728 ], [ -123.1503444, 49.2201375 ], [ -123.1510994, 49.2213987 ], [ -123.1510865, 49.2218334 ], [ -123.1510064, 49.2242121 ], [ -123.1502475, 49.2242025 ], [ -123.1495718, 49.224194 ], [ -123.1488054, 49.2241851 ], [ -123.1480575, 49.2241764 ], [ -123.1473767, 49.2241687 ], [ -123.1466914, 49.224161 ], [ -123.1459345, 49.2241517 ], [ -123.1451072, 49.2241416 ] ] ] ] } },
{ "type": "Feature", "properties": { "name": "59150511", "population": 346, "population_density": 2709.5 }, "geometry": { "type": "MultiPolygon", "coordinates": [ [ [ [ -123.1401047, 49.2198978 ], [ -123.14013, 49.2193319 ], [ -123.1408412, 49.2193499 ], [ -123.1438065, 49.2194249 ], [ -123.1453057, 49.2194177 ], [ -123.1468032, 49.2194367 ], [ -123.1467983, 49.2199281 ], [ -123.1467799, 49.2217826 ], [ -123.1460099, 49.2217741 ], [ -123.1452067, 49.2217653 ], [ -123.1444581, 49.2217561 ], [ -123.1437584, 49.2217476 ], [ -123.1427555, 49.2217361 ], [ -123.1418382, 49.2217256 ], [ -123.1409703, 49.2217154 ], [ -123.1400154, 49.2217042 ], [ -123.1400593, 49.2208136 ], [ -123.1401047, 49.2198978 ] ] ] ] } },
{ "type": "Feature", "properties": { "name": "59150512", "population": 459, "population_density": 2075.0 }, "geometry": { "type": "MultiPolygon", "coordinates": [ [ [ [ -123.1399896, 49.2226134 ], [ -123.1400154, 49.2217042 ], [ -123.1409703, 49.2217154 ], [ -123.1418382, 49.2217256 ], [ -123.1427555, 49.2217361 ], [ -123.1437584, 49.2217476 ], [ -123.1444581, 49.2217561 ], [ -123.1452067, 49.2217653 ], [ -123.1451072, 49.2241416 ], [ -123.1450775, 49.2248479 ], [ -123.145005, 49.2265507 ], [ -123.1449962, 49.2267574 ], [ -123.1449846, 49.2270289 ], [ -123.1435827, 49.2270125 ], [ -123.1416342, 49.2270014 ], [ -123.1408324, 49.2269861 ], [ -123.1398107, 49.2269666 ], [ -123.139902, 49.2247469 ], [ -123.1399294, 49.2240809 ], [ -123.1399478, 49.2235157 ], [ -123.1399896, 49.2226134 ] ] ] ] } },
{ "type": "Feature", "properties": { "name": "59150513", "population": 471, "population_density": 2783.7 }, "geometry": { "type": "MultiPolygon", "coordinates": [ [ [ [ -123.1340443, 49.2195792 ], [ -123.1340401, 49.2192693 ], [ -123.1377466, 49.2193227 ], [ -123.1394249, 49.2193292 ], [ -123.14013, 49.2193319 ], [ -123.1401047, 49.2198978 ], [ -123.1400593, 49.2208136 ], [ -123.1400154, 49.2217042 ], [ -123.1399896, 49.2226134 ], [ -123.1399478, 49.2235157 ], [ -123.1392998, 49.2235044 ], [ -123.1375853, 49.2234746 ], [ -123.1352061, 49.2234385 ], [ -123.1352208, 49.2230278 ], [ -123.1352383, 49.2225394 ], [ -123.1352464, 49.2222812 ], [ -123.1352528, 49.2220744 ], [ -123.1352664, 49.2216385 ], [ -123.135294, 49.2208339 ], [ -123.1352973, 49.2207376 ], [ -123.135144, 49.2203976 ], [ -123.1348832, 49.2202195 ], [ -123.1342674, 49.2198788 ], [ -123.1342488, 49.2198538 ], [ -123.1340443, 49.2195792 ] ] ] ] } },
{ "type": "Feature", "properties": { "name": "59150514", "population": 608, "population_density": 3018.9 }, "geometry": { "type": "MultiPolygon", "coordinates": [ [ [ [ -123.1319627, 49.2253252 ], [ -123.131979, 49.2248575 ], [ -123.13201, 49.2239615 ], [ -123.1326813, 49.2239707 ], [ -123.1334062, 49.2239806 ], [ -123.135189, 49.2240064 ], [ -123.1352061, 49.2234385 ], [ -123.1375853, 49.2234746 ], [ -123.1392998, 49.2235044 ], [ -123.1399478, 49.2235157 ], [ -123.1399294, 49.2240809 ], [ -123.139902, 49.2247469 ], [ -123.1398107, 49.2269666 ], [ -123.1386374, 49.2269238 ], [ -123.1374522, 49.2268806 ], [ -123.1350965, 49.2267955 ], [ -123.1319177, 49.2266794 ], [ -123.1319334, 49.2261977 ], [ -123.1319485, 49.2257353 ], [ -123.1319627, 49.2253252 ] ] ] ] } },
{ "type": "Feature", "properties": { "name": "59150515", "population": 383, "population_density": 1847.6 }, "geometry": { "type": "MultiPolygon", "coordinates": [ [ [ [ -123.1285286, 49.2205071 ], [ -123.1285569, 49.2192071 ], [ -123.1304442, 49.2192285 ], [ -123.1340401, 49.2192693 ], [ -123.1340443, 49.2195792 ], [ -123.1342488, 49.2198538 ], [ -123.1342674, 49.2198788 ], [ -123.1348832, 49.2202195 ], [ -123.135144, 49.2203976 ], [ -123.1352973, 49.2207376 ], [ -123.135294, 49.2208339 ], [ -123.1352664, 49.2216385 ], [ -123.1352528, 49.2220744 ], [ -123.1352464, 49.2222812 ], [ -123.1352383, 49.2225394 ], [ -123.1352208, 49.2230278 ], [ -123.1352061, 49.2234385 ], [ -123.135189, 49.2240064 ], [ -123.1334062, 49.2239806 ], [ -123.1326813, 49.2239707 ], [ -123.13201, 49.2239615 ], [ -123.1313218, 49.2239513 ], [ -123.130636, 49.2239412 ], [ -123.1306538, 49.2234009 ], [ -123.1306722, 49.2228441 ], [ -123.1306912, 49.2222225 ], [ -123.130711, 49.2215723 ], [ -123.1291865, 49.2215454 ], [ -123.1285091, 49.2215335 ], [ -123.1285286, 49.2205071 ] ] ] ] } },
{ "type": "Feature", "properties": { "name": "59150516", "population": 471, "population_density": 3062.4 }, "geometry": { "type": "MultiPolygon", "coordinates": [ [ [ [ -123.1267596, 49.2259787 ], [ -123.1268328, 49.2238921 ], [ -123.1284417, 49.2239098 ], [ -123.1284822, 49.2228119 ], [ -123.1285091, 49.2215335 ], [ -123.1291865, 49.2215454 ], [ -123.130711, 49.2215723 ], [ -123.1306912, 49.2222225 ], [ -123.1306722, 49.2228441 ], [ -123.1306538, 49.2234009 ], [ -123.130636, 49.2239412 ], [ -123.1313218, 49.2239513 ], [ -123.13201, 49.2239615 ], [ -123.131979, 49.2248575 ], [ -123.1319627, 49.2253252 ], [ -123.1319485, 49.2257353 ], [ -123.1319334, 49.2261977 ], [ -123.1319177, 49.2266794 ], [ -123.1290791, 49.2265728 ], [ -123.1290518, 49.2265718 ], [ -123.1282967, 49.2265434 ], [ -123.1266489, 49.226486 ], [ -123.1267466, 49.226349 ], [ -123.1267596, 49.2259787 ] ] ] ] } },
{ "type": "Feature", "properties": { "name": "59150517", "population": 406, "population_density": 2976.5 }, "geometry": { "type": "MultiPolygon", "coordinates": [ [ [ [ -123.1206328, 49.2222137 ], [ -123.120591, 49.2217547 ], [ -123.1211271, 49.2216744 ], [ -123.1225153, 49.2214665 ], [ -123.1230467, 49.2214632 ], [ -123.123751, 49.2214589 ], [ -123.1245448, 49.2214645 ], [ -123.1253562, 49.2214702 ], [ -123.1260701, 49.2214863 ], [ -123.1269063, 49.2215052 ], [ -123.1277037, 49.2215193 ], [ -123.1285091, 49.2215335 ], [ -123.1284822, 49.2228119 ], [ -123.1284417, 49.2239098 ], [ -123.1268328, 49.2238921 ], [ -123.1260055, 49.2238832 ], [ -123.1252485, 49.2238751 ], [ -123.1244811, 49.2238672 ], [ -123.1236573, 49.2238588 ], [ -123.123685, 49.223256 ], [ -123.1229974, 49.2232474 ], [ -123.1228593, 49.2232457 ], [ -123.122338, 49.2233309 ], [ -123.121633, 49.223443 ], [ -123.1209559, 49.2235507 ], [ -123.1208867, 49.2230983 ], [ -123.1208846, 49.2230849 ], [ -123.120737, 49.2226531 ], [ -123.1206416, 49.22231 ], [ -123.1206353, 49.2222411 ], [ -123.1206328, 49.2222137 ] ] ] ] } },
{ "type": "Feature", "properties": { "name": "59150518", "population": 414, "population_density": 3174.8 }, "geometry": { "type": "MultiPolygon", "coordinates": [ [ [ [ -123.120922, 49.2244731 ], [ -123.1209559, 49.2235507 ], [ -123.121633, 49.223443 ], [ -123.122338, 49.2233309 ], [ -123.1228593, 49.2232457 ], [ -123.1229974, 49.2232474 ], [ -123.123685, 49.223256 ], [ -123.1236573, 49.2238588 ], [ -123.1244811, 49.2238672 ], [ -123.1252485, 49.2238751 ], [ -123.1260055, 49.2238832 ], [ -123.1268328, 49.2238921 ], [ -123.1267596, 49.2259787 ], [ -123.1267466, 49.226349 ], [ -123.1266489, 49.226486 ], [ -123.1251563, 49.2264282 ], [ -123.1235813, 49.22637 ], [ -123.1224738, 49.2263208 ], [ -123.1218017, 49.226291 ], [ -123.1209047, 49.226258 ], [ -123.1209017, 49.2258681 ], [ -123.1208978, 49.2253732 ], [ -123.120922, 49.2244731 ] ] ] ] } },
{ "type": "Feature", "properties": { "name": "59150519", "population": 403, "population_density": 2583.3 }, "geometry": { "type": "MultiPolygon", "coordinates": [ [ [ [ -123.1164996, 49.2234903 ], [ -123.1165637, 49.2217146 ], [ -123.1168077, 49.2217193 ], [ -123.1168823, 49.2217218 ], [ -123.1170382, 49.2217269 ], [ -123.1175998, 49.2217454 ], [ -123.1182624, 49.2217672 ], [ -123.1188494, 49.2217739 ], [ -123.1201145, 49.2217798 ], [ -123.120591, 49.2217547 ], [ -123.1206328, 49.2222137 ], [ -123.1206353, 49.2222411 ], [ -123.1206416, 49.22231 ], [ -123.120737, 49.2226531 ], [ -123.1208846, 49.2230849 ], [ -123.1208867, 49.2230983 ], [ -123.1209559, 49.2235507 ], [ -123.120922, 49.2244731 ], [ -123.1208978, 49.2253732 ], [ -123.1209017, 49.2258681 ], [ -123.1209047, 49.226258 ], [ -123.1206211, 49.2262452 ], [ -123.119439, 49.2261918 ], [ -123.1181191, 49.2261322 ], [ -123.1173568, 49.2261062 ], [ -123.1166493, 49.2260821 ], [ -123.1165388, 49.2260781 ], [ -123.1163795, 49.2260722 ], [ -123.1164345, 49.2251864 ], [ -123.1164441, 49.2245903 ], [ -123.1164862, 49.2238487 ], [ -123.1164874, 49.2238276 ], [ -123.1164996, 49.2234903 ] ] ] ] } },
{ "type": "Feature", "properties": { "name": "59150520", "population": 1012, "population_density": 6155.7 }, "geometry": { "type": "MultiPolygon", "coordinates": [ [ [ [ -123.116357, 49.2265475 ], [ -123.1163795, 49.2260722 ], [ -123.1165388, 49.2260781 ], [ -123.1166493, 49.2260821 ], [ -123.1173568, 49.2261062 ], [ -123.1181191, 49.2261322 ], [ -123.119439, 49.2261918 ], [ -123.1206211, 49.2262452 ], [ -123.1209047, 49.226258 ], [ -123.1218017, 49.226291 ], [ -123.1217583, 49.2272582 ], [ -123.1217194, 49.2284222 ], [ -123.1217026, 49.2289257 ], [ -123.1216975, 49.2290788 ], [ -123.1216653, 49.2299968 ], [ -123.1207262, 49.2299651 ], [ -123.1206413, 49.2299622 ], [ -123.1193639, 49.2299191 ], [ -123.1179721, 49.2298711 ], [ -123.1171225, 49.2298416 ], [ -123.1165105, 49.2298203 ], [ -123.1163671, 49.2298152 ], [ -123.1162051, 49.2298094 ], [ -123.1162056, 49.2298004 ], [ -123.1162536, 49.2288063 ], [ -123.1163355, 49.2270025 ], [ -123.116357, 49.2265475 ] ] ] ] } },
{ "type": "Feature", "properties": { "name": "59150521", "population": 608, "population_density": 3855.4 }, "geometry": { "type": "MultiPolygon", "coordinates": [ [ [ [ -123.1108601, 49.2296222 ], [ -123.1108356, 49.2291069 ], [ -123.1108143, 49.2286598 ], [ -123.1130139, 49.2286962 ], [ -123.112998, 49.2282239 ], [ -123.112983, 49.2277802 ], [ -123.1129803, 49.2273515 ], [ -123.1129774, 49.2268775 ], [ -123.1129659, 49.2264705 ], [ -123.1129512, 49.2259525 ], [ -123.1145853, 49.2260089 ], [ -123.1163795, 49.2260722 ], [ -123.116357, 49.2265475 ], [ -123.1163355, 49.2270025 ], [ -123.1162536, 49.2288063 ], [ -123.1162056, 49.2298004 ], [ -123.1162051, 49.2298094 ], [ -123.1161611, 49.2307388 ], [ -123.1153798, 49.2307115 ], [ -123.1129776, 49.2306274 ], [ -123.1108676, 49.230561 ], [ -123.110864, 49.2301149 ], [ -123.1108601, 49.2296222 ] ] ] ] } },
{ "type": "Feature", "properties": { "name": "59150522", "population": 585, "population_density": 4791.2 }, "geometry": { "type": "MultiPolygon", "coordinates": [ [ [ [ -123.1064871, 49.228572 ], [ -123.1058499, 49.2285582 ], [ -123.1058385, 49.2281142 ], [ -123.1058271, 49.2276676 ], [ -123.1065124, 49.2276761 ], [ -123.108314, 49.2276983 ], [ -123.108333, 49.227247 ], [ -123.1083517, 49.2268057 ], [ -123.10837, 49.226366 ], [ -123.1083931, 49.2258106 ], [ -123.1107347, 49.2259013 ], [ -123.1117198, 49.2259241 ], [ -123.1129512, 49.2259525 ], [ -123.1129659, 49.2264705 ], [ -123.1129774, 49.2268775 ], [ -123.1129803, 49.2273515 ], [ -123.112983, 49.2277802 ], [ -123.112998, 49.2282239 ], [ -123.1130139, 49.2286962 ], [ -123.1108143, 49.2286598 ], [ -123.1083257, 49.228612 ], [ -123.1064871, 49.228572 ] ] ] ] } },
{ "type": "Feature", "properties": { "name": "59150523", "population": 613, "population_density": 5239.3 }, "geometry": { "type": "MultiPolygon", "coordinates": [ [ [ [ -123.1064384, 49.2303935 ], [ -123.1057028, 49.2303667 ], [ -123.1056755, 49.2309803 ], [ -123.1036213, 49.230944 ], [ -123.1036431, 49.2303312 ], [ -123.1036588, 49.2298878 ], [ -123.1036754, 49.2294177 ], [ -123.103692, 49.2289524 ], [ -123.1037067, 49.2285412 ], [ -123.1058499, 49.2285582 ], [ -123.1064871, 49.228572 ], [ -123.1083257, 49.228612 ], [ -123.1108143, 49.2286598 ], [ -123.1108356, 49.2291069 ], [ -123.1108601, 49.2296222 ], [ -123.110864, 49.2301149 ], [ -123.1108676, 49.230561 ], [ -123.1082231, 49.2304586 ], [ -123.1064384, 49.2303935 ] ] ] ] } },
{ "type": "Feature", "properties": { "name": "59150524", "population": 502, "population_density": 5796.8 }, "geometry": { "type": "MultiPolygon", "coordinates": [ [ [ [ -123.1065124, 49.2276761 ], [ -123.1058271, 49.2276676 ], [ -123.1058385, 49.2281142 ], [ -123.1058499, 49.2285582 ], [ -123.1037067, 49.2285412 ], [ -123.1037397, 49.2276161 ], [ -123.103771, 49.2266963 ], [ -123.103805, 49.2256892 ], [ -123.1044352, 49.2257062 ], [ -123.1053412, 49.2257305 ], [ -123.1058989, 49.2257455 ], [ -123.1065506, 49.2257625 ], [ -123.1083931, 49.2258106 ], [ -123.10837, 49.226366 ], [ -123.1083517, 49.2268057 ], [ -123.108333, 49.227247 ], [ -123.108314, 49.2276983 ], [ -123.1065124, 49.2276761 ] ] ] ] } },
{ "type": "Feature", "properties": { "name": "59150525", "population": 523, "population_density": 6339.4 }, "geometry": { "type": "MultiPolygon", "coordinates": [ [ [ [ -123.0995311, 49.2266463 ], [ -123.0995469, 49.2256243 ], [ -123.100218, 49.2256323 ], [ -123.1009187, 49.2256406 ], [ -123.1012897, 49.225645 ], [ -123.10164, 49.2256491 ], [ -123.1023068, 49.2256615 ], [ -123.1031032, 49.2256762 ], [ -123.103805, 49.2256892 ], [ -123.103771, 49.2266963 ], [ -123.1037397, 49.2276161 ], [ -123.1037067, 49.2285412 ], [ -123.1015236, 49.2284816 ], [ -123.1015197, 49.2275771 ], [ -123.1001272, 49.2275348 ], [ -123.0994741, 49.2275149 ], [ -123.0995311, 49.2266463 ] ] ] ] } },
{ "type": "Feature", "properties": { "name": "59150526", "population": 559, "population_density": 6817.1 }, "geometry": { "type": "MultiPolygon", "coordinates": [ [ [ [ -123.1016793, 49.2237449 ], [ -123.1017177, 49.2228434 ], [ -123.102411, 49.2228571 ], [ -123.103235, 49.2228734 ], [ -123.1038906, 49.2228864 ], [ -123.1038751, 49.2233746 ], [ -123.103862, 49.2237856 ], [ -123.1059578, 49.2238094 ], [ -123.1059352, 49.2243255 ], [ -123.1059277, 49.2244962 ], [ -123.1059156, 49.2247739 ], [ -123.1059068, 49.2252888 ], [ -123.1058989, 49.2257455 ], [ -123.1053412, 49.2257305 ], [ -123.1044352, 49.2257062 ], [ -123.103805, 49.2256892 ], [ -123.1031032, 49.2256762 ], [ -123.1023068, 49.2256615 ], [ -123.10164, 49.2256491 ], [ -123.1016422, 49.2247132 ], [ -123.1016793, 49.2237449 ] ] ] ] } },
{ "type": "Feature", "properties": { "name": "59150527", "population": 561, "population_density": 8806.9 }, "geometry": { "type": "MultiPolygon", "coordinates": [ [ [ [ -123.0975572, 49.2241728 ], [ -123.097573, 49.2236696 ], [ -123.0996597, 49.2237086 ], [ -123.1009717, 49.2237322 ], [ -123.1016793, 49.2237449 ], [ -123.1016422, 49.2247132 ], [ -123.10164, 49.2256491 ], [ -123.1012897, 49.225645 ], [ -123.1009187, 49.2256406 ], [ -123.100218, 49.2256323 ], [ -123.0995469, 49.2256243 ], [ -123.0982125, 49.2256002 ], [ -123.0975149, 49.2255876 ], [ -123.0975284, 49.2251261 ], [ -123.0975426, 49.2246389 ], [ -123.0975572, 49.2241728 ] ] ] ] } },
{ "type": "Feature", "properties": { "name": "59150528", "population": 552, "population_density": 7206.3 }, "geometry": { "type": "MultiPolygon", "coordinates": [ [ [ [ -123.0974979, 49.2261157 ], [ -123.0975149, 49.2255876 ], [ -123.0982125, 49.2256002 ], [ -123.0995469, 49.2256243 ], [ -123.0995311, 49.2266463 ], [ -123.0994741, 49.2275149 ], [ -123.1001272, 49.2275348 ], [ -123.1015197, 49.2275771 ], [ -123.1015236, 49.2284816 ], [ -123.1015184, 49.2289182 ], [ -123.1015128, 49.2293803 ], [ -123.1011013, 49.2293715 ], [ -123.1008141, 49.2293653 ], [ -123.0994866, 49.2293367 ], [ -123.0994776, 49.2288751 ], [ -123.099469, 49.2284309 ], [ -123.0974101, 49.2284052 ], [ -123.0974343, 49.2274916 ], [ -123.0974583, 49.227051 ], [ -123.0974813, 49.2266299 ], [ -123.0974979, 49.2261157 ] ] ] ] } },
{ "type": "Feature", "properties": { "name": "59150529", "population": 537, "population_density": 5587.9 }, "geometry": { "type": "MultiPolygon", "coordinates": [ [ [ [ -123.0940118, 49.2278812 ], [ -123.0940204, 49.2274248 ], [ -123.0941366, 49.2274271 ], [ -123.0974343, 49.2274916 ], [ -123.0974101, 49.2284052 ], [ -123.099469, 49.2284309 ], [ -123.0994776, 49.2288751 ], [ -123.0994866, 49.2293367 ], [ -123.0994789, 49.2298017 ], [ -123.0994717, 49.2302344 ], [ -123.0994658, 49.2307103 ], [ -123.0994605, 49.2311376 ], [ -123.0986611, 49.2311233 ], [ -123.0979767, 49.2311108 ], [ -123.0973145, 49.2310987 ], [ -123.0973266, 49.2306575 ], [ -123.0973392, 49.2301977 ], [ -123.0973569, 49.2297672 ], [ -123.0973758, 49.2293051 ], [ -123.0941004, 49.2292326 ], [ -123.0939884, 49.2292301 ], [ -123.0939954, 49.2288078 ], [ -123.0940032, 49.228336 ], [ -123.0940118, 49.2278812 ] ] ] ] } },
{ "type": "Feature", "properties": { "name": "59150530", "population": 581, "population_density": 11785.0 }, "geometry": { "type": "MultiPolygon", "coordinates": [ [ [ [ -123.0939804, 49.2296893 ], [ -123.0939884, 49.2292301 ], [ -123.0941004, 49.2292326 ], [ -123.0973758, 49.2293051 ], [ -123.0973569, 49.2297672 ], [ -123.0973392, 49.2301977 ], [ -123.0973266, 49.2306575 ], [ -123.0973145, 49.2310987 ], [ -123.0956551, 49.2310713 ], [ -123.0946265, 49.2310543 ], [ -123.094074, 49.2310453 ], [ -123.0939545, 49.2310434 ], [ -123.0939637, 49.23058 ], [ -123.0939725, 49.2301412 ], [ -123.0939804, 49.2296893 ] ] ] ] } },
{ "type": "Feature", "properties": { "name": "59150531", "population": 757, "population_density": 4358.1 }, "geometry": { "type": "MultiPolygon", "coordinates": [ [ [ [ -123.090586, 49.2300941 ], [ -123.0906333, 49.2291639 ], [ -123.0912572, 49.2291762 ], [ -123.0913532, 49.2291781 ], [ -123.0939884, 49.2292301 ], [ -123.0939804, 49.2296893 ], [ -123.0939725, 49.2301412 ], [ -123.0939637, 49.23058 ], [ -123.0939545, 49.2310434 ], [ -123.094074, 49.2310453 ], [ -123.0946265, 49.2310543 ], [ -123.0956551, 49.2310713 ], [ -123.0973145, 49.2310987 ], [ -123.0979767, 49.2311108 ], [ -123.0986611, 49.2311233 ], [ -123.0986051, 49.232963 ], [ -123.0986022, 49.233053 ], [ -123.0984487, 49.2330497 ], [ -123.0983211, 49.233004 ], [ -123.0972059, 49.2329893 ], [ -123.0956332, 49.2329576 ], [ -123.0945595, 49.232936 ], [ -123.0944665, 49.2329337 ], [ -123.0944391, 49.2329331 ], [ -123.0938619, 49.2329191 ], [ -123.0931997, 49.232903 ], [ -123.0930417, 49.2329492 ], [ -123.0921006, 49.2329374 ], [ -123.0920732, 49.2329371 ], [ -123.0920183, 49.2329364 ], [ -123.0905491, 49.232918 ], [ -123.0905494, 49.2329083 ], [ -123.0905524, 49.2328208 ], [ -123.090601, 49.2309944 ], [ -123.090586, 49.2300941 ] ] ] ] } },
{ "type": "Feature", "properties": { "name": "59150532", "population": 595, "population_density": 6356.8 }, "geometry": { "type": "MultiPolygon", "coordinates": [ [ [ [ -123.0986051, 49.232963 ], [ -123.0986611, 49.2311233 ], [ -123.0994605, 49.2311376 ], [ -123.0994658, 49.2307103 ], [ -123.0994717, 49.2302344 ], [ -123.0994789, 49.2298017 ], [ -123.0994866, 49.2293367 ], [ -123.1008141, 49.2293653 ], [ -123.1011013, 49.2293715 ], [ -123.1015128, 49.2293803 ], [ -123.1015184, 49.2289182 ], [ -123.1015236, 49.2284816 ], [ -123.1037067, 49.2285412 ], [ -123.103692, 49.2289524 ], [ -123.1036754, 49.2294177 ], [ -123.1036588, 49.2298878 ], [ -123.1036431, 49.2303312 ], [ -123.1036213, 49.230944 ], [ -123.10215, 49.230918 ], [ -123.1014519, 49.2309056 ], [ -123.1014351, 49.2311753 ], [ -123.1007785, 49.231162 ], [ -123.1000749, 49.2311478 ], [ -123.1000012, 49.2329879 ], [ -123.1000021, 49.2330825 ], [ -123.099548, 49.2330766 ], [ -123.0986022, 49.233053 ], [ -123.0986051, 49.232963 ] ] ] ] } },
{ "type": "Feature", "properties": { "name": "59150533", "population": 620, "population_density": 6391.8 }, "geometry": { "type": "MultiPolygon", "coordinates": [ [ [ [ -123.1000012, 49.2329879 ], [ -123.1000749, 49.2311478 ], [ -123.1007785, 49.231162 ], [ -123.1014351, 49.2311753 ], [ -123.1014519, 49.2309056 ], [ -123.10215, 49.230918 ], [ -123.1036213, 49.230944 ], [ -123.1056755, 49.2309803 ], [ -123.1056635, 49.2312835 ], [ -123.1056536, 49.2317066 ], [ -123.1056405, 49.2321964 ], [ -123.1056402, 49.2322071 ], [ -123.1056239, 49.2326237 ], [ -123.1056114, 49.2331549 ], [ -123.1044019, 49.2331314 ], [ -123.1041656, 49.2331782 ], [ -123.1037133, 49.233167 ], [ -123.1021831, 49.2331321 ], [ -123.1015197, 49.233117 ], [ -123.1000021, 49.2330825 ], [ -123.1000012, 49.2329879 ] ] ] ] } },
{ "type": "Feature", "properties": { "name": "59150534", "population": 535, "population_density": 5437.0 }, "geometry": { "type": "MultiPolygon", "coordinates": [ [ [ [ -123.0995223, 49.2335542 ], [ -123.099548, 49.2330766 ], [ -123.1000021, 49.2330825 ], [ -123.1015197, 49.233117 ], [ -123.1021831, 49.2331321 ], [ -123.1037133, 49.233167 ], [ -123.1041656, 49.2331782 ], [ -123.1044019, 49.2331314 ], [ -123.1056114, 49.2331549 ], [ -123.1055686, 49.233687 ], [ -123.1055821, 49.2341774 ], [ -123.1055938, 49.2346037 ], [ -123.1055685, 49.2350667 ], [ -123.1055452, 49.2354924 ], [ -123.1036252, 49.2354589 ], [ -123.101623, 49.2354213 ], [ -123.1015824, 49.2345329 ], [ -123.1008668, 49.2345182 ], [ -123.0994735, 49.2344897 ], [ -123.0994976, 49.2340284 ], [ -123.0995223, 49.2335542 ] ] ] ] } },
{ "type": "Feature", "properties": { "name": "59150535", "population": 599, "population_density": 6427.0 }, "geometry": { "type": "MultiPolygon", "coordinates": [ [ [ [ -123.0971759, 49.2335352 ], [ -123.0972059, 49.2329893 ], [ -123.0983211, 49.233004 ], [ -123.0984487, 49.2330497 ], [ -123.0986022, 49.233053 ], [ -123.099548, 49.2330766 ], [ -123.0995223, 49.2335542 ], [ -123.0994976, 49.2340284 ], [ -123.0994735, 49.2344897 ], [ -123.1008668, 49.2345182 ], [ -123.1015824, 49.2345329 ], [ -123.101623, 49.2354213 ], [ -123.1016659, 49.2363404 ], [ -123.100925, 49.2363243 ], [ -123.0993829, 49.2362907 ], [ -123.0970777, 49.2362467 ], [ -123.097097, 49.2358122 ], [ -123.0971178, 49.2353425 ], [ -123.0971361, 49.2349127 ], [ -123.0971559, 49.2344472 ], [ -123.0971658, 49.2339951 ], [ -123.0971759, 49.2335352 ] ] ] ] } },
{ "type": "Feature", "properties": { "name": "59150536", "population": 516, "population_density": 10320.0 }, "geometry": { "type": "MultiPolygon", "coordinates": [ [ [ [ -123.0992931, 49.2381024 ], [ -123.0969992, 49.2380506 ], [ -123.0970375, 49.2371752 ], [ -123.0993364, 49.2372326 ], [ -123.099348, 49.2369971 ], [ -123.0993604, 49.2367457 ], [ -123.0993829, 49.2362907 ], [ -123.100925, 49.2363243 ], [ -123.1016659, 49.2363404 ], [ -123.1016411, 49.2370064 ], [ -123.1016317, 49.2372609 ], [ -123.1016036, 49.2378999 ], [ -123.1015924, 49.2381544 ], [ -123.1008861, 49.2381377 ], [ -123.1002186, 49.2381219 ], [ -123.0992931, 49.2381024 ] ] ] ] } },
{ "type": "Feature", "properties": { "name": "59150537", "population": 586, "population_density": 6666.7 }, "geometry": { "type": "MultiPolygon", "coordinates": [ [ [ [ -123.0969776, 49.238528 ], [ -123.0969992, 49.2380506 ], [ -123.0992931, 49.2381024 ], [ -123.1002186, 49.2381219 ], [ -123.1008861, 49.2381377 ], [ -123.1015924, 49.2381544 ], [ -123.1015796, 49.2385523 ], [ -123.1015634, 49.2390589 ], [ -123.1014677, 49.2405038 ], [ -123.1007982, 49.2404943 ], [ -123.1001122, 49.2404845 ], [ -123.0994108, 49.2404711 ], [ -123.0988231, 49.2404598 ], [ -123.0968961, 49.2404241 ], [ -123.0969131, 49.2400219 ], [ -123.0969305, 49.2396098 ], [ -123.096963, 49.2388496 ], [ -123.0969776, 49.238528 ] ] ] ] } },
{ "type": "Feature", "properties": { "name": "59150538", "population": 186, "population_density": 2336.7 }, "geometry": { "type": "MultiPolygon", "coordinates": [ [ [ [ -123.1016036, 49.2378999 ], [ -123.1016317, 49.2372609 ], [ -123.1035448, 49.237297 ], [ -123.1037326, 49.2373004 ], [ -123.1038534, 49.2373026 ], [ -123.1040111, 49.2373059 ], [ -123.1040008, 49.2376245 ], [ -123.1045439, 49.237722 ], [ -123.1047077, 49.237848 ], [ -123.1047309, 49.2385332 ], [ -123.1046899, 49.239015 ], [ -123.1046939, 49.2391018 ], [ -123.1046976, 49.2391837 ], [ -123.1047354, 49.240015 ], [ -123.1044566, 49.2401862 ], [ -123.1044472, 49.2405549 ], [ -123.1040904, 49.2405464 ], [ -123.1034185, 49.2405319 ], [ -123.102739, 49.240529 ], [ -123.1014677, 49.2405038 ], [ -123.1015634, 49.2390589 ], [ -123.1015796, 49.2385523 ], [ -123.1015924, 49.2381544 ], [ -123.1016036, 49.2378999 ] ] ] ] } },
{ "type": "Feature", "properties": { "name": "59150539", "population": 483, "population_density": 5149.3 }, "geometry": { "type": "MultiPolygon", "coordinates": [ [ [ [ -123.1016659, 49.2363404 ], [ -123.101623, 49.2354213 ], [ -123.1036252, 49.2354589 ], [ -123.1055452, 49.2354924 ], [ -123.1061787, 49.2355182 ], [ -123.1080062, 49.2355927 ], [ -123.1079838, 49.2360824 ], [ -123.1079646, 49.2365031 ], [ -123.107937, 49.2371343 ], [ -123.1079259, 49.2373885 ], [ -123.1063975, 49.2373537 ], [ -123.105495, 49.2373332 ], [ -123.1040111, 49.2373059 ], [ -123.1038534, 49.2373026 ], [ -123.1037326, 49.2373004 ], [ -123.1035448, 49.237297 ], [ -123.1016317, 49.2372609 ], [ -123.1016411, 49.2370064 ], [ -123.1016659, 49.2363404 ] ] ] ] } },
{ "type": "Feature", "properties": { "name": "59150540", "population": 572, "population_density": 4677.0 }, "geometry": { "type": "MultiPolygon", "coordinates": [ [ [ [ -123.1055686, 49.233687 ], [ -123.1056114, 49.2331549 ], [ -123.1081357, 49.2332496 ], [ -123.1107659, 49.2333417 ], [ -123.1120745, 49.2333822 ], [ -123.1119637, 49.2356483 ], [ -123.1115792, 49.2357164 ], [ -123.1106511, 49.2356942 ], [ -123.1099796, 49.2356683 ], [ -123.1093485, 49.235644 ], [ -123.1080062, 49.2355927 ], [ -123.1061787, 49.2355182 ], [ -123.1055452, 49.2354924 ], [ -123.1055685, 49.2350667 ], [ -123.1055938, 49.2346037 ], [ -123.1055821, 49.2341774 ], [ -123.1055686, 49.233687 ] ] ] ] } },
{ "type": "Feature", "properties": { "name": "59150541", "population": 733, "population_density": 3087.6 }, "geometry": { "type": "MultiPolygon", "coordinates": [ [ [ [ -123.1056755, 49.2309803 ], [ -123.1057028, 49.2303667 ], [ -123.1064384, 49.2303935 ], [ -123.1082231, 49.2304586 ], [ -123.1108676, 49.230561 ], [ -123.1129776, 49.2306274 ], [ -123.1153798, 49.2307115 ], [ -123.1161611, 49.2307388 ], [ -123.1161168, 49.2316276 ], [ -123.1160701, 49.2325343 ], [ -123.1160255, 49.2334735 ], [ -123.1160179, 49.2335958 ], [ -123.1135296, 49.2334917 ], [ -123.1134504, 49.2334884 ], [ -123.1126564, 49.2334518 ], [ -123.1124816, 49.2333931 ], [ -123.1120745, 49.2333822 ], [ -123.1107659, 49.2333417 ], [ -123.1081357, 49.2332496 ], [ -123.1056114, 49.2331549 ], [ -123.1056239, 49.2326237 ], [ -123.1056402, 49.2322071 ], [ -123.1056405, 49.2321964 ], [ -123.1056536, 49.2317066 ], [ -123.1056635, 49.2312835 ], [ -123.1056755, 49.2309803 ] ] ] ] } },
{ "type": "Feature", "properties": { "name": "59150542", "population": 456, "population_density": 4672.1 }, "geometry": { "type": "MultiPolygon", "coordinates": [ [ [ [ -123.1152271, 49.2362713 ], [ -123.1133103, 49.236205 ], [ -123.1132871, 49.2366341 ], [ -123.1132797, 49.2367719 ], [ -123.1132651, 49.2370415 ], [ -123.1127008, 49.2369985 ], [ -123.1125709, 49.2370092 ], [ -123.1119183, 49.2370631 ], [ -123.1119269, 49.2367941 ], [ -123.1119637, 49.2356483 ], [ -123.1120745, 49.2333822 ], [ -123.1124816, 49.2333931 ], [ -123.1126564, 49.2334518 ], [ -123.1134504, 49.2334884 ], [ -123.1135296, 49.2334917 ], [ -123.1160179, 49.2335958 ], [ -123.1160434, 49.2344676 ], [ -123.1160032, 49.2353763 ], [ -123.1160028, 49.2353853 ], [ -123.1159599, 49.2362966 ], [ -123.1152271, 49.2362713 ] ] ] ] } },
{ "type": "Feature", "properties": { "name": "59150543", "population": 515, "population_density": 2200.9 }, "geometry": { "type": "MultiPolygon", "coordinates": [ [ [ [ -123.1206954, 49.2398154 ], [ -123.1195145, 49.2398154 ], [ -123.118912, 49.2401144 ], [ -123.1183415, 49.2403975 ], [ -123.1182796, 49.2403103 ], [ -123.1168483, 49.2390155 ], [ -123.1166473, 49.239111 ], [ -123.1162147, 49.2387148 ], [ -123.1160116, 49.2384481 ], [ -123.1158921, 49.2380513 ], [ -123.115918, 49.2372593 ], [ -123.1159184, 49.2372499 ], [ -123.1159265, 49.237063 ], [ -123.1159599, 49.2362966 ], [ -123.1160028, 49.2353853 ], [ -123.1160032, 49.2353763 ], [ -123.1160434, 49.2344676 ], [ -123.1160179, 49.2335958 ], [ -123.1163617, 49.2336086 ], [ -123.1178645, 49.2336605 ], [ -123.1193914, 49.2337229 ], [ -123.1208808, 49.2337717 ], [ -123.1208759, 49.2342067 ], [ -123.1208605, 49.2355592 ], [ -123.1207763, 49.2370817 ], [ -123.1207586, 49.2374013 ], [ -123.120728, 49.23857 ], [ -123.1207075, 49.2393525 ], [ -123.1206954, 49.2398154 ] ] ] ] } },
{ "type": "Feature", "properties": { "name": "59150544", "population": 782, "population_density": 3927.7 }, "geometry": { "type": "MultiPolygon", "coordinates": [ [ [ [ -123.1161611, 49.2307388 ], [ -123.1162051, 49.2298094 ], [ -123.1163671, 49.2298152 ], [ -123.1165105, 49.2298203 ], [ -123.1171225, 49.2298416 ], [ -123.1179721, 49.2298711 ], [ -123.1193639, 49.2299191 ], [ -123.1206413, 49.2299622 ], [ -123.1207262, 49.2299651 ], [ -123.1216653, 49.2299968 ], [ -123.1216485, 49.2304992 ], [ -123.1216459, 49.2305754 ], [ -123.1218139, 49.2310114 ], [ -123.1224296, 49.2317755 ], [ -123.1225278, 49.2320736 ], [ -123.1225577, 49.2326986 ], [ -123.1226038, 49.2327737 ], [ -123.1226947, 49.2328139 ], [ -123.1239014, 49.2328804 ], [ -123.1238754, 49.233766 ], [ -123.1238752, 49.2338148 ], [ -123.123875, 49.2338606 ], [ -123.1223783, 49.2338198 ], [ -123.1212378, 49.2337832 ], [ -123.1208808, 49.2337717 ], [ -123.1193914, 49.2337229 ], [ -123.1178645, 49.2336605 ], [ -123.1163617, 49.2336086 ], [ -123.1160179, 49.2335958 ], [ -123.1160255, 49.2334735 ], [ -123.1160701, 49.2325343 ], [ -123.1161168, 49.2316276 ], [ -123.1161611, 49.2307388 ] ] ] ] } },
{ "type": "Feature", "properties": { "name": "59150545", "population": 660, "population_density": 1444.5 }, "geometry": { "type": "MultiPolygon", "coordinates": [ [ [ [ -123.1183375, 49.2410811 ], [ -123.1182551, 49.2406384 ], [ -123.118178, 49.2404877 ], [ -123.118167, 49.2404775 ], [ -123.117152, 49.2395415 ], [ -123.1166473, 49.239111 ], [ -123.1168483, 49.2390155 ], [ -123.1182796, 49.2403103 ], [ -123.1183415, 49.2403975 ], [ -123.118912, 49.2401144 ], [ -123.1195145, 49.2398154 ], [ -123.1206954, 49.2398154 ], [ -123.1207075, 49.2393525 ], [ -123.120728, 49.23857 ], [ -123.1207586, 49.2374013 ], [ -123.1207763, 49.2370817 ], [ -123.1208605, 49.2355592 ], [ -123.1208759, 49.2342067 ], [ -123.1208808, 49.2337717 ], [ -123.1212378, 49.2337832 ], [ -123.1223783, 49.2338198 ], [ -123.123875, 49.2338606 ], [ -123.1239255, 49.2338624 ], [ -123.1280528, 49.234006 ], [ -123.1280739, 49.2340067 ], [ -123.1280583, 49.2344598 ], [ -123.1279797, 49.2367498 ], [ -123.1279515, 49.2376489 ], [ -123.1278894, 49.2394971 ], [ -123.1278558, 49.2404954 ], [ -123.1278386, 49.2410083 ], [ -123.1278242, 49.2414377 ], [ -123.1249751, 49.241324 ], [ -123.1236294, 49.2412818 ], [ -123.1206348, 49.2411686 ], [ -123.1192919, 49.2411177 ], [ -123.1185361, 49.2410891 ], [ -123.1183375, 49.2410811 ] ] ] ] } },
{ "type": "Feature", "properties": { "name": "59150546", "population": 653, "population_density": 3809.8 }, "geometry": { "type": "MultiPolygon", "coordinates": [ [ [ [ -123.1233858, 49.2305164 ], [ -123.1234098, 49.229138 ], [ -123.1241003, 49.2291614 ], [ -123.1261052, 49.2292292 ], [ -123.1268044, 49.2292529 ], [ -123.1282343, 49.2293063 ], [ -123.1282165, 49.2302147 ], [ -123.1281512, 49.2320911 ], [ -123.1281122, 49.2330106 ], [ -123.1280759, 49.2339559 ], [ -123.1280739, 49.2340067 ], [ -123.1280528, 49.234006 ], [ -123.1239255, 49.2338624 ], [ -123.123875, 49.2338606 ], [ -123.1238752, 49.2338148 ], [ -123.1238754, 49.233766 ], [ -123.1239014, 49.2328804 ], [ -123.1239292, 49.2322326 ], [ -123.1238324, 49.2317345 ], [ -123.123383, 49.2306794 ], [ -123.1233858, 49.2305164 ] ] ] ] } },
{ "type": "Feature", "properties": { "name": "59150547", "population": 504, "population_density": 10478.2 }, "geometry": { "type": "MultiPolygon", "coordinates": [ [ [ [ -123.1234098, 49.229138 ], [ -123.1233858, 49.2305164 ], [ -123.123383, 49.2306794 ], [ -123.1238324, 49.2317345 ], [ -123.1239292, 49.2322326 ], [ -123.1239014, 49.2328804 ], [ -123.1226947, 49.2328139 ], [ -123.1226038, 49.2327737 ], [ -123.1225577, 49.2326986 ], [ -123.1225278, 49.2320736 ], [ -123.1224296, 49.2317755 ], [ -123.1218139, 49.2310114 ], [ -123.1216459, 49.2305754 ], [ -123.1216485, 49.2304992 ], [ -123.1216653, 49.2299968 ], [ -123.1216975, 49.2290788 ], [ -123.1223991, 49.2291031 ], [ -123.1234098, 49.229138 ] ] ] ] } },
{ "type": "Feature", "properties": { "name": "59150548", "population": 397, "population_density": 2713.6 }, "geometry": { "type": "MultiPolygon", "coordinates": [ [ [ [ -123.1217583, 49.2272582 ], [ -123.1218017, 49.226291 ], [ -123.1224738, 49.2263208 ], [ -123.1235813, 49.22637 ], [ -123.1251563, 49.2264282 ], [ -123.1266489, 49.226486 ], [ -123.1282967, 49.2265434 ], [ -123.128281, 49.2272543 ], [ -123.1282762, 49.2274734 ], [ -123.1282571, 49.2284043 ], [ -123.1282343, 49.2293063 ], [ -123.1268044, 49.2292529 ], [ -123.1261052, 49.2292292 ], [ -123.1241003, 49.2291614 ], [ -123.1234098, 49.229138 ], [ -123.1223991, 49.2291031 ], [ -123.1216975, 49.2290788 ], [ -123.1217026, 49.2289257 ], [ -123.1217194, 49.2284222 ], [ -123.1217583, 49.2272582 ] ] ] ] } },
{ "type": "Feature", "properties": { "name": "59150549", "population": 467, "population_density": 3092.7 }, "geometry": { "type": "MultiPolygon", "coordinates": [ [ [ [ -123.128281, 49.2272543 ], [ -123.1282967, 49.2265434 ], [ -123.1290518, 49.2265718 ], [ -123.1290791, 49.2265728 ], [ -123.1319177, 49.2266794 ], [ -123.1350965, 49.2267955 ], [ -123.1350787, 49.2272827 ], [ -123.1350628, 49.2277188 ], [ -123.1350462, 49.2282004 ], [ -123.1350315, 49.2286268 ], [ -123.1350137, 49.2291268 ], [ -123.1349998, 49.2295187 ], [ -123.1320023, 49.229421 ], [ -123.1304088, 49.2293939 ], [ -123.1290176, 49.2293378 ], [ -123.1282343, 49.2293063 ], [ -123.1282571, 49.2284043 ], [ -123.1282762, 49.2274734 ], [ -123.128281, 49.2272543 ] ] ] ] } },
{ "type": "Feature", "properties": { "name": "59150550", "population": 627, "population_density": 3013.0 }, "geometry": { "type": "MultiPolygon", "coordinates": [ [ [ [ -123.1281122, 49.2330106 ], [ -123.1281512, 49.2320911 ], [ -123.1282165, 49.2302147 ], [ -123.1282343, 49.2293063 ], [ -123.1290176, 49.2293378 ], [ -123.1304088, 49.2293939 ], [ -123.1320023, 49.229421 ], [ -123.1349998, 49.2295187 ], [ -123.1349828, 49.2299813 ], [ -123.1349654, 49.2304546 ], [ -123.1341962, 49.2304272 ], [ -123.1334628, 49.2304011 ], [ -123.1334056, 49.2322597 ], [ -123.1333564, 49.2341248 ], [ -123.1325577, 49.2340963 ], [ -123.1318521, 49.2340731 ], [ -123.1306782, 49.234031 ], [ -123.130526, 49.2339828 ], [ -123.1303822, 49.2339763 ], [ -123.1288748, 49.2339185 ], [ -123.1280785, 49.233888 ], [ -123.1281122, 49.2330106 ] ] ] ] } },
{ "type": "Feature", "properties": { "name": "59150551", "population": 470, "population_density": 2888.8 }, "geometry": { "type": "MultiPolygon", "coordinates": [ [ [ [ -123.1334056, 49.2322597 ], [ -123.1334628, 49.2304011 ], [ -123.1341962, 49.2304272 ], [ -123.1349654, 49.2304546 ], [ -123.1349828, 49.2299813 ], [ -123.1349998, 49.2295187 ], [ -123.1350137, 49.2291268 ], [ -123.1350315, 49.2286268 ], [ -123.1350462, 49.2282004 ], [ -123.1350628, 49.2277188 ], [ -123.1350787, 49.2272827 ], [ -123.1350965, 49.2267955 ], [ -123.1374522, 49.2268806 ], [ -123.1374408, 49.2273517 ], [ -123.1374298, 49.2278015 ], [ -123.1374141, 49.2283052 ], [ -123.1374018, 49.2286997 ], [ -123.1373873, 49.2292049 ], [ -123.1373757, 49.2296133 ], [ -123.1373614, 49.2300597 ], [ -123.1373461, 49.2305394 ], [ -123.1365475, 49.2305101 ], [ -123.1364722, 49.2323547 ], [ -123.1363909, 49.2342288 ], [ -123.1356335, 49.2342026 ], [ -123.134825, 49.2341746 ], [ -123.134069, 49.234149 ], [ -123.1333564, 49.2341248 ], [ -123.1334056, 49.2322597 ] ] ] ] } },
{ "type": "Feature", "properties": { "name": "59150552", "population": 440, "population_density": 2679.7 }, "geometry": { "type": "MultiPolygon", "coordinates": [ [ [ [ -123.1364722, 49.2323547 ], [ -123.1365475, 49.2305101 ], [ -123.1373461, 49.2305394 ], [ -123.1373614, 49.2300597 ], [ -123.1373757, 49.2296133 ], [ -123.1373873, 49.2292049 ], [ -123.1374018, 49.2286997 ], [ -123.1374141, 49.2283052 ], [ -123.1374298, 49.2278015 ], [ -123.1374408, 49.2273517 ], [ -123.1374522, 49.2268806 ], [ -123.1386374, 49.2269238 ], [ -123.1398107, 49.2269666 ], [ -123.1397911, 49.227465 ], [ -123.139774, 49.227897 ], [ -123.1397363, 49.2287752 ], [ -123.1397019, 49.2296912 ], [ -123.1396631, 49.2306315 ], [ -123.1395927, 49.2324663 ], [ -123.1396239, 49.2343435 ], [ -123.1387524, 49.2343107 ], [ -123.1379939, 49.2342822 ], [ -123.1372033, 49.2342567 ], [ -123.1363909, 49.2342288 ], [ -123.1364722, 49.2323547 ] ] ] ] } },
{ "type": "Feature", "properties": { "name": "59150553", "population": 583, "population_density": 1734.6 }, "geometry": { "type": "MultiPolygon", "coordinates": [ [ [ [ -123.1397911, 49.227465 ], [ -123.1398107, 49.2269666 ], [ -123.1408324, 49.2269861 ], [ -123.1416342, 49.2270014 ], [ -123.1435827, 49.2270125 ], [ -123.1435648, 49.2275245 ], [ -123.14352, 49.2288124 ], [ -123.1442314, 49.2288285 ], [ -123.1449114, 49.2288439 ], [ -123.144848, 49.2307014 ], [ -123.1457196, 49.2307141 ], [ -123.1464431, 49.2307247 ], [ -123.1463711, 49.2325657 ], [ -123.1462999, 49.2344393 ], [ -123.1455267, 49.2344268 ], [ -123.1447226, 49.2344137 ], [ -123.1433346, 49.2343923 ], [ -123.1423531, 49.2343756 ], [ -123.1414282, 49.2343598 ], [ -123.1405659, 49.234352 ], [ -123.1396239, 49.2343435 ], [ -123.1395927, 49.2324663 ], [ -123.1396631, 49.2306315 ], [ -123.1397019, 49.2296912 ], [ -123.1397363, 49.2287752 ], [ -123.139774, 49.227897 ], [ -123.1397911, 49.227465 ] ] ] ] } },
{ "type": "Feature", "properties": { "name": "59150554", "population": 482, "population_density": 2013.4 }, "geometry": { "type": "MultiPolygon", "coordinates": [ [ [ [ -123.1435648, 49.2275245 ], [ -123.1435827, 49.2270125 ], [ -123.1449846, 49.2270289 ], [ -123.1458599, 49.2270412 ], [ -123.1465865, 49.2270515 ], [ -123.1472886, 49.2270608 ], [ -123.1479443, 49.2270694 ], [ -123.148676, 49.2270802 ], [ -123.1494899, 49.2270923 ], [ -123.1501595, 49.2271032 ], [ -123.1509106, 49.2271154 ], [ -123.1515331, 49.2271216 ], [ -123.1523291, 49.2271295 ], [ -123.1522931, 49.2280743 ], [ -123.1522759, 49.2285301 ], [ -123.1522601, 49.228949 ], [ -123.1522406, 49.2294115 ], [ -123.1522241, 49.2298038 ], [ -123.1521855, 49.2308134 ], [ -123.1493602, 49.2307703 ], [ -123.1485903, 49.230758 ], [ -123.1478077, 49.2307455 ], [ -123.1471345, 49.2307353 ], [ -123.1464431, 49.2307247 ], [ -123.1457196, 49.2307141 ], [ -123.144848, 49.2307014 ], [ -123.1449114, 49.2288439 ], [ -123.1442314, 49.2288285 ], [ -123.14352, 49.2288124 ], [ -123.1435648, 49.2275245 ] ] ] ] } },
{ "type": "Feature", "properties": { "name": "59150555", "population": 658, "population_density": 3801.3 }, "geometry": { "type": "MultiPolygon", "coordinates": [ [ [ [ -123.1463711, 49.2325657 ], [ -123.1464431, 49.2307247 ], [ -123.1471345, 49.2307353 ], [ -123.1478077, 49.2307455 ], [ -123.1485903, 49.230758 ], [ -123.1493602, 49.2307703 ], [ -123.1521855, 49.2308134 ], [ -123.1521659, 49.2313006 ], [ -123.1521464, 49.231787 ], [ -123.1521288, 49.2322544 ], [ -123.1521137, 49.2326554 ], [ -123.1520949, 49.2331092 ], [ -123.1520768, 49.2335471 ], [ -123.152074, 49.2340622 ], [ -123.1520714, 49.2345315 ], [ -123.1506038, 49.234508 ], [ -123.1492296, 49.2344852 ], [ -123.148507, 49.2344736 ], [ -123.1476688, 49.2344602 ], [ -123.1470237, 49.2344504 ], [ -123.1462999, 49.2344393 ], [ -123.1463711, 49.2325657 ] ] ] ] } },
{ "type": "Feature", "properties": { "name": "59150556", "population": 848, "population_density": 6945.1 }, "geometry": { "type": "MultiPolygon", "coordinates": [ [ [ [ -123.152074, 49.2340622 ], [ -123.1520768, 49.2335471 ], [ -123.1520949, 49.2331092 ], [ -123.1521137, 49.2326554 ], [ -123.1521288, 49.2322544 ], [ -123.1521464, 49.231787 ], [ -123.1521659, 49.2313006 ], [ -123.1521855, 49.2308134 ], [ -123.1544149, 49.2308465 ], [ -123.1551384, 49.2308572 ], [ -123.1550982, 49.2318496 ], [ -123.1553681, 49.2318396 ], [ -123.1556759, 49.2318307 ], [ -123.1563579, 49.231843 ], [ -123.1586174, 49.2318839 ], [ -123.1585638, 49.2327589 ], [ -123.1563172, 49.2327205 ], [ -123.1556455, 49.232709 ], [ -123.1556423, 49.2327433 ], [ -123.1555646, 49.2335806 ], [ -123.1555524, 49.2341107 ], [ -123.1555416, 49.2345834 ], [ -123.155268, 49.2345811 ], [ -123.15499, 49.2345788 ], [ -123.1520714, 49.2345315 ], [ -123.152074, 49.2340622 ] ] ] ] } },
{ "type": "Feature", "properties": { "name": "59150557", "population": 602, "population_density": 5663.2 }, "geometry": { "type": "MultiPolygon", "coordinates": [ [ [ [ -123.1522931, 49.2280743 ], [ -123.1523291, 49.2271295 ], [ -123.1531126, 49.2271373 ], [ -123.1545144, 49.2271512 ], [ -123.1547424, 49.2271537 ], [ -123.1548025, 49.2271544 ], [ -123.1551043, 49.2271577 ], [ -123.1556425, 49.2281186 ], [ -123.1557474, 49.2284691 ], [ -123.1558171, 49.2290114 ], [ -123.1557611, 49.2298809 ], [ -123.1557077, 49.2308641 ], [ -123.1556759, 49.2318307 ], [ -123.1553681, 49.2318396 ], [ -123.1550982, 49.2318496 ], [ -123.1551384, 49.2308572 ], [ -123.1544149, 49.2308465 ], [ -123.1521855, 49.2308134 ], [ -123.1522241, 49.2298038 ], [ -123.1522406, 49.2294115 ], [ -123.1522601, 49.228949 ], [ -123.1522759, 49.2285301 ], [ -123.1522931, 49.2280743 ] ] ] ] } },
{ "type": "Feature", "properties": { "name": "59150558", "population": 568, "population_density": 8377.6 }, "geometry": { "type": "MultiPolygon", "coordinates": [ [ [ [ -123.1557077, 49.2308641 ], [ -123.1557611, 49.2298809 ], [ -123.1586793, 49.2299291 ], [ -123.1586632, 49.2304553 ], [ -123.1586493, 49.2309128 ], [ -123.1600715, 49.2309359 ], [ -123.1600535, 49.2313808 ], [ -123.1599967, 49.2327876 ], [ -123.1585638, 49.2327589 ], [ -123.1586174, 49.2318839 ], [ -123.1563579, 49.231843 ], [ -123.1556759, 49.2318307 ], [ -123.1557077, 49.2308641 ] ] ] ] } },
{ "type": "Feature", "properties": { "name": "59150559", "population": 453, "population_density": 5061.5 }, "geometry": { "type": "MultiPolygon", "coordinates": [ [ [ [ -123.1564172, 49.2298917 ], [ -123.1557611, 49.2298809 ], [ -123.1558171, 49.2290114 ], [ -123.1557474, 49.2284691 ], [ -123.1556425, 49.2281186 ], [ -123.1551043, 49.2271577 ], [ -123.1558063, 49.2271721 ], [ -123.1563313, 49.2271829 ], [ -123.1576484, 49.2271933 ], [ -123.1588105, 49.2272032 ], [ -123.1600722, 49.2272211 ], [ -123.1602136, 49.2272221 ], [ -123.1601888, 49.2276838 ], [ -123.160139, 49.2286097 ], [ -123.1601137, 49.2290796 ], [ -123.1594079, 49.2290702 ], [ -123.1587325, 49.2290612 ], [ -123.1587065, 49.2294845 ], [ -123.1586793, 49.2299291 ], [ -123.1564172, 49.2298917 ] ] ] ] } },
{ "type": "Feature", "properties": { "name": "59150560", "population": 580, "population_density": 3884.8 }, "geometry": { "type": "MultiPolygon", "coordinates": [ [ [ [ -123.1586793, 49.2299291 ], [ -123.1587065, 49.2294845 ], [ -123.1587325, 49.2290612 ], [ -123.1594079, 49.2290702 ], [ -123.1601137, 49.2290796 ], [ -123.160139, 49.2286097 ], [ -123.1601888, 49.2276838 ], [ -123.1602136, 49.2272221 ], [ -123.1612944, 49.2272362 ], [ -123.161965, 49.2272457 ], [ -123.1624378, 49.2272522 ], [ -123.1630348, 49.2272604 ], [ -123.1637793, 49.2272737 ], [ -123.1644472, 49.227284 ], [ -123.1643813, 49.2291496 ], [ -123.1643528, 49.2305641 ], [ -123.1643441, 49.2309951 ], [ -123.1628947, 49.2309678 ], [ -123.1614913, 49.2309534 ], [ -123.1600715, 49.2309359 ], [ -123.1586493, 49.2309128 ], [ -123.1586632, 49.2304553 ], [ -123.1586793, 49.2299291 ] ] ] ] } },
{ "type": "Feature", "properties": { "name": "59150561", "population": 536, "population_density": 1949.1 }, "geometry": { "type": "MultiPolygon", "coordinates": [ [ [ [ -123.1577472, 49.2254552 ], [ -123.1577724, 49.2250113 ], [ -123.1589786, 49.225017 ], [ -123.1589798, 49.2249776 ], [ -123.159025, 49.2235113 ], [ -123.1590391, 49.2230523 ], [ -123.1590441, 49.222892 ], [ -123.1590257, 49.2222952 ], [ -123.1591993, 49.2221052 ], [ -123.1596791, 49.222316 ], [ -123.1599462, 49.2223915 ], [ -123.1603796, 49.2224416 ], [ -123.1608332, 49.2224094 ], [ -123.1613329, 49.2224523 ], [ -123.1615958, 49.2225295 ], [ -123.1624596, 49.222881 ], [ -123.1627626, 49.2230664 ], [ -123.163984, 49.2242155 ], [ -123.1656079, 49.2250446 ], [ -123.1660023, 49.2252171 ], [ -123.1661629, 49.225256 ], [ -123.1664406, 49.2253232 ], [ -123.1675759, 49.2255008 ], [ -123.1680908, 49.2256323 ], [ -123.1684162, 49.2257886 ], [ -123.1682442, 49.2260544 ], [ -123.1678524, 49.2266601 ], [ -123.1674308, 49.2273156 ], [ -123.1657211, 49.2273046 ], [ -123.1652972, 49.2273019 ], [ -123.1644472, 49.227284 ], [ -123.1637793, 49.2272737 ], [ -123.1630348, 49.2272604 ], [ -123.1624378, 49.2272522 ], [ -123.161965, 49.2272457 ], [ -123.1612944, 49.2272362 ], [ -123.1602136, 49.2272221 ], [ -123.1600722, 49.2272211 ], [ -123.1588105, 49.2272032 ], [ -123.1576484, 49.2271933 ], [ -123.1576731, 49.2267594 ], [ -123.1577472, 49.2254552 ] ] ] ] } },
{ "type": "Feature", "properties": { "name": "59150562", "population": 561, "population_density": 3085.8 }, "geometry": { "type": "MultiPolygon", "coordinates": [ [ [ [ -123.1614063, 49.232814 ], [ -123.1614706, 49.2314054 ], [ -123.1614913, 49.2309534 ], [ -123.1628947, 49.2309678 ], [ -123.1643441, 49.2309951 ], [ -123.1643528, 49.2305641 ], [ -123.1643813, 49.2291496 ], [ -123.1644472, 49.227284 ], [ -123.1652972, 49.2273019 ], [ -123.1657211, 49.2273046 ], [ -123.1674308, 49.2273156 ], [ -123.1674469, 49.2293022 ], [ -123.1674256, 49.2310014 ], [ -123.1674185, 49.2319047 ], [ -123.1674075, 49.232761 ], [ -123.1674134, 49.2328881 ], [ -123.1664818, 49.232882 ], [ -123.165812, 49.2328776 ], [ -123.1649711, 49.2328662 ], [ -123.164251, 49.2328564 ], [ -123.1634878, 49.2328472 ], [ -123.162801, 49.2328389 ], [ -123.1614063, 49.232814 ] ] ] ] } },
{ "type": "Feature", "properties": { "name": "59150563", "population": 652, "population_density": 15305.2 }, "geometry": { "type": "MultiPolygon", "coordinates": [ [ [ [ -123.1600535, 49.2313808 ], [ -123.1600715, 49.2309359 ], [ -123.1614913, 49.2309534 ], [ -123.1614706, 49.2314054 ], [ -123.1614063, 49.232814 ], [ -123.1613595, 49.2341942 ], [ -123.1613432, 49.2346769 ], [ -123.1599374, 49.2346534 ], [ -123.1599531, 49.2341604 ], [ -123.1599967, 49.2327876 ], [ -123.1600535, 49.2313808 ] ] ] ] } },
{ "type": "Feature", "properties": { "name": "59150564", "population": 616, "population_density": 6821.7 }, "geometry": { "type": "MultiPolygon", "coordinates": [ [ [ [ -123.1613595, 49.2341942 ], [ -123.1614063, 49.232814 ], [ -123.162801, 49.2328389 ], [ -123.1634878, 49.2328472 ], [ -123.164251, 49.2328564 ], [ -123.1649711, 49.2328662 ], [ -123.165812, 49.2328776 ], [ -123.1664818, 49.232882 ], [ -123.1674134, 49.2328881 ], [ -123.167395, 49.2337524 ], [ -123.1673947, 49.2343017 ], [ -123.1673944, 49.2347297 ], [ -123.1658321, 49.2347292 ], [ -123.1641561, 49.2347022 ], [ -123.1634114, 49.2346936 ], [ -123.1627499, 49.234686 ], [ -123.1613432, 49.2346769 ], [ -123.1613595, 49.2341942 ] ] ] ] } },
{ "type": "Feature", "properties": { "name": "59150565", "population": 541, "population_density": 4692.1 }, "geometry": { "type": "MultiPolygon", "coordinates": [ [ [ [ -123.1613247, 49.2352285 ], [ -123.1613432, 49.2346769 ], [ -123.1627499, 49.234686 ], [ -123.1634114, 49.2346936 ], [ -123.1641561, 49.2347022 ], [ -123.1658321, 49.2347292 ], [ -123.1657949, 49.2365747 ], [ -123.1657801, 49.2370919 ], [ -123.1657669, 49.2375504 ], [ -123.1657498, 49.2380275 ], [ -123.1657337, 49.2384773 ], [ -123.1640536, 49.2384476 ], [ -123.1626067, 49.2384203 ], [ -123.1626228, 49.2379697 ], [ -123.162625, 49.2379068 ], [ -123.1626738, 49.2365377 ], [ -123.1619703, 49.2365278 ], [ -123.1612814, 49.2365182 ], [ -123.1613247, 49.2352285 ] ] ] ] } },
{ "type": "Feature", "properties": { "name": "59150566", "population": 536, "population_density": 11166.7 }, "geometry": { "type": "MultiPolygon", "coordinates": [ [ [ [ -123.1599374, 49.2346534 ], [ -123.1613432, 49.2346769 ], [ -123.1613247, 49.2352285 ], [ -123.1612814, 49.2365182 ], [ -123.1609724, 49.2365138 ], [ -123.1605584, 49.2365079 ], [ -123.1598617, 49.2364979 ], [ -123.1591172, 49.2364865 ], [ -123.1584735, 49.2364767 ], [ -123.1585098, 49.2355922 ], [ -123.1577413, 49.2355863 ], [ -123.1577388, 49.2346189 ], [ -123.1585015, 49.234629 ], [ -123.1599374, 49.2346534 ] ] ] ] } },
{ "type": "Feature", "properties": { "name": "59150567", "population": 567, "population_density": 13247.7 }, "geometry": { "type": "MultiPolygon", "coordinates": [ [ [ [ -123.1598084, 49.237938 ], [ -123.1598617, 49.2364979 ], [ -123.1605584, 49.2365079 ], [ -123.1609724, 49.2365138 ], [ -123.1612814, 49.2365182 ], [ -123.1619703, 49.2365278 ], [ -123.1626738, 49.2365377 ], [ -123.162625, 49.2379068 ], [ -123.1626228, 49.2379697 ], [ -123.1626067, 49.2384203 ], [ -123.1612188, 49.2383955 ], [ -123.1597924, 49.2383697 ], [ -123.1598084, 49.237938 ] ] ] ] } },
{ "type": "Feature", "properties": { "name": "59150568", "population": 576, "population_density": 12281.4 }, "geometry": { "type": "MultiPolygon", "coordinates": [ [ [ [ -123.156087, 49.2383026 ], [ -123.1554476, 49.2382912 ], [ -123.1551358, 49.2382865 ], [ -123.1551716, 49.2374978 ], [ -123.1551797, 49.2373191 ], [ -123.1554798, 49.2373165 ], [ -123.156152, 49.2373269 ], [ -123.1584358, 49.237362 ], [ -123.1584526, 49.2369677 ], [ -123.1584735, 49.2364767 ], [ -123.1591172, 49.2364865 ], [ -123.1598617, 49.2364979 ], [ -123.1598084, 49.237938 ], [ -123.1597924, 49.2383697 ], [ -123.1583963, 49.2383437 ], [ -123.156087, 49.2383026 ] ] ] ] } },
{ "type": "Feature", "properties": { "name": "59150569", "population": 842, "population_density": 12719.0 }, "geometry": { "type": "MultiPolygon", "coordinates": [ [ [ [ -123.155206, 49.2364308 ], [ -123.155268, 49.2345811 ], [ -123.1555416, 49.2345834 ], [ -123.1577388, 49.2346189 ], [ -123.1577413, 49.2355863 ], [ -123.1585098, 49.2355922 ], [ -123.1584735, 49.2364767 ], [ -123.1584526, 49.2369677 ], [ -123.1584358, 49.237362 ], [ -123.156152, 49.2373269 ], [ -123.1554798, 49.2373165 ], [ -123.1551797, 49.2373191 ], [ -123.1552008, 49.236855 ], [ -123.1552075, 49.2365998 ], [ -123.1552061, 49.236431 ], [ -123.155206, 49.2364308 ] ] ] ] } },
{ "type": "Feature", "properties": { "name": "59150570", "population": 500, "population_density": 7518.8 }, "geometry": { "type": "MultiPolygon", "coordinates": [ [ [ [ -123.1556423, 49.2327433 ], [ -123.1556455, 49.232709 ], [ -123.1563172, 49.2327205 ], [ -123.1585638, 49.2327589 ], [ -123.1599967, 49.2327876 ], [ -123.1599531, 49.2341604 ], [ -123.1599374, 49.2346534 ], [ -123.1585015, 49.234629 ], [ -123.1577388, 49.2346189 ], [ -123.1555416, 49.2345834 ], [ -123.1555524, 49.2341107 ], [ -123.1555646, 49.2335806 ], [ -123.1556423, 49.2327433 ] ] ] ] } },
{ "type": "Feature", "properties": { "name": "59150571", "population": 566, "population_density": 1826.4 }, "geometry": { "type": "MultiPolygon", "coordinates": [ [ [ [ -123.1489984, 49.2404216 ], [ -123.1486118, 49.2404977 ], [ -123.1484931, 49.2405421 ], [ -123.147969, 49.2407186 ], [ -123.147867, 49.2408128 ], [ -123.1474933, 49.2407779 ], [ -123.146912, 49.2407869 ], [ -123.1469842, 49.23997 ], [ -123.1487402, 49.2399939 ], [ -123.1487558, 49.2395354 ], [ -123.148771, 49.2390895 ], [ -123.1487898, 49.2386535 ], [ -123.1487988, 49.2384454 ], [ -123.1488099, 49.2381889 ], [ -123.149087, 49.2381926 ], [ -123.1491039, 49.2377626 ], [ -123.1491597, 49.236338 ], [ -123.1492296, 49.2344852 ], [ -123.1506038, 49.234508 ], [ -123.1520714, 49.2345315 ], [ -123.15499, 49.2345788 ], [ -123.155268, 49.2345811 ], [ -123.155206, 49.2364308 ], [ -123.1552061, 49.236431 ], [ -123.1552075, 49.2365998 ], [ -123.1552008, 49.236855 ], [ -123.1551797, 49.2373191 ], [ -123.1551716, 49.2374978 ], [ -123.1551358, 49.2382865 ], [ -123.1551115, 49.2382862 ], [ -123.155064, 49.2382854 ], [ -123.1550886, 49.2389569 ], [ -123.1550821, 49.2391443 ], [ -123.1550563, 49.2395054 ], [ -123.1550595, 49.2395967 ], [ -123.1548769, 49.2399083 ], [ -123.1545612, 49.2402333 ], [ -123.1541276, 49.2405133 ], [ -123.1534753, 49.2407624 ], [ -123.1527276, 49.2408356 ], [ -123.152002, 49.2407536 ], [ -123.1511659, 49.2406233 ], [ -123.1504907, 49.240506 ], [ -123.1501613, 49.2404604 ], [ -123.1498935, 49.2404172 ], [ -123.1496039, 49.2403958 ], [ -123.1495334, 49.2403918 ], [ -123.1494387, 49.2403926 ], [ -123.149372, 49.2403904 ], [ -123.1489984, 49.2404216 ] ] ] ] } },
{ "type": "Feature", "properties": { "name": "59150572", "population": 341, "population_density": 2567.8 }, "geometry": { "type": "MultiPolygon", "coordinates": [ [ [ [ -123.1504761, 49.2420683 ], [ -123.1494362, 49.2420525 ], [ -123.1487476, 49.2420413 ], [ -123.1472209, 49.2420165 ], [ -123.1470301, 49.2420143 ], [ -123.1468994, 49.2420127 ], [ -123.1468919, 49.2418311 ], [ -123.1469317, 49.2418104 ], [ -123.1470259, 49.2415728 ], [ -123.1471919, 49.2413167 ], [ -123.1475484, 49.2409957 ], [ -123.147867, 49.2408128 ], [ -123.147969, 49.2407186 ], [ -123.1484931, 49.2405421 ], [ -123.1486118, 49.2404977 ], [ -123.1489984, 49.2404216 ], [ -123.149372, 49.2403904 ], [ -123.1494387, 49.2403926 ], [ -123.1495334, 49.2403918 ], [ -123.1496039, 49.2403958 ], [ -123.1498935, 49.2404172 ], [ -123.1501613, 49.2404604 ], [ -123.1504907, 49.240506 ], [ -123.1511659, 49.2406233 ], [ -123.152002, 49.2407536 ], [ -123.1527276, 49.2408356 ], [ -123.1534753, 49.2407624 ], [ -123.1541276, 49.2405133 ], [ -123.1545612, 49.2402333 ], [ -123.1548769, 49.2399083 ], [ -123.1550595, 49.2395967 ], [ -123.1550563, 49.2395054 ], [ -123.1550821, 49.2391443 ], [ -123.1550886, 49.2389569 ], [ -123.155064, 49.2382854 ], [ -123.1551115, 49.2382862 ], [ -123.1551358, 49.2382865 ], [ -123.1554476, 49.2382912 ], [ -123.156087, 49.2383026 ], [ -123.1583963, 49.2383437 ], [ -123.1583874, 49.2385569 ], [ -123.1583471, 49.2386698 ], [ -123.1582857, 49.2388416 ], [ -123.1581256, 49.2392895 ], [ -123.1579171, 49.2397995 ], [ -123.1577186, 49.240285 ], [ -123.156617, 49.2402694 ], [ -123.1560243, 49.2402628 ], [ -123.1552929, 49.2402543 ], [ -123.1552782, 49.2404053 ], [ -123.1548017, 49.2408121 ], [ -123.1545699, 49.24101 ], [ -123.1544523, 49.2411104 ], [ -123.1537204, 49.2416528 ], [ -123.1535461, 49.2417819 ], [ -123.153483, 49.2421162 ], [ -123.1522525, 49.2420972 ], [ -123.1515804, 49.2420849 ], [ -123.1504761, 49.2420683 ] ] ] ] } },
{ "type": "Feature", "properties": { "name": "59150573", "population": 1430, "population_density": 23793.7 }, "geometry": { "type": "MultiPolygon", "coordinates": [ [ [ [ -123.1505032, 49.2432701 ], [ -123.1494362, 49.2420525 ], [ -123.1504761, 49.2420683 ], [ -123.1515804, 49.2420849 ], [ -123.1522525, 49.2420972 ], [ -123.153483, 49.2421162 ], [ -123.1534621, 49.2425694 ], [ -123.153441, 49.2430257 ], [ -123.1533293, 49.2451819 ], [ -123.1528317, 49.2450111 ], [ -123.1523729, 49.2447675 ], [ -123.1518353, 49.2444053 ], [ -123.1515783, 49.2442321 ], [ -123.151012, 49.2438506 ], [ -123.1505032, 49.2432701 ] ] ] ] } },
{ "type": "Feature", "properties": { "name": "59150575", "population": 695, "population_density": 3084.8 }, "geometry": { "type": "MultiPolygon", "coordinates": [ [ [ [ -123.1502482, 49.2475849 ], [ -123.1491667, 49.2460461 ], [ -123.1486189, 49.2455067 ], [ -123.1478785, 49.2446138 ], [ -123.1476628, 49.2443169 ], [ -123.1473439, 49.2437861 ], [ -123.1469733, 49.242895 ], [ -123.1468941, 49.242544 ], [ -123.1468876, 49.242325 ], [ -123.1468994, 49.2420127 ], [ -123.1470301, 49.2420143 ], [ -123.1472209, 49.2420165 ], [ -123.1487476, 49.2420413 ], [ -123.1494362, 49.2420525 ], [ -123.1505032, 49.2432701 ], [ -123.151012, 49.2438506 ], [ -123.1515783, 49.2442321 ], [ -123.1518353, 49.2444053 ], [ -123.1523729, 49.2447675 ], [ -123.1528317, 49.2450111 ], [ -123.1533293, 49.2451819 ], [ -123.153441, 49.2430257 ], [ -123.154697, 49.2430553 ], [ -123.154975, 49.2430437 ], [ -123.1549495, 49.2434967 ], [ -123.1548844, 49.2446568 ], [ -123.1548239, 49.2457329 ], [ -123.1547564, 49.2469462 ], [ -123.1547168, 49.2476595 ], [ -123.1532901, 49.2476354 ], [ -123.153194, 49.2476346 ], [ -123.1518298, 49.2475986 ], [ -123.1502482, 49.2475849 ] ] ] ] } },
{ "type": "Feature", "properties": { "name": "59150577", "population": 819, "population_density": 3941.3 }, "geometry": { "type": "MultiPolygon", "coordinates": [ [ [ [ -123.1543988, 49.2516585 ], [ -123.1537883, 49.2516919 ], [ -123.1531222, 49.2516473 ], [ -123.1531258, 49.2514321 ], [ -123.1537657, 49.2515013 ], [ -123.1544603, 49.2514394 ], [ -123.1546024, 49.2514072 ], [ -123.154451, 49.2511428 ], [ -123.1543376, 49.251021 ], [ -123.1543091, 49.2509265 ], [ -123.1543277, 49.2505784 ], [ -123.1544033, 49.250466 ], [ -123.1542814, 49.2498773 ], [ -123.1543319, 49.2497255 ], [ -123.1537755, 49.2497289 ], [ -123.1531993, 49.24972 ], [ -123.1531072, 49.2497203 ], [ -123.153076, 49.2504535 ], [ -123.1530378, 49.2514118 ], [ -123.1530342, 49.2516279 ], [ -123.1526107, 49.2515387 ], [ -123.1525352, 49.2515228 ], [ -123.1521103, 49.2513513 ], [ -123.1513843, 49.2509853 ], [ -123.1515007, 49.2507677 ], [ -123.1516642, 49.2505615 ], [ -123.151712, 49.2505013 ], [ -123.1517983, 49.250282 ], [ -123.1517922, 49.2500909 ], [ -123.15144, 49.2496186 ], [ -123.1515482, 49.2491933 ], [ -123.1509461, 49.2484426 ], [ -123.1502482, 49.2475849 ], [ -123.1518298, 49.2475986 ], [ -123.153194, 49.2476346 ], [ -123.1532901, 49.2476354 ], [ -123.1547168, 49.2476595 ], [ -123.1547564, 49.2469462 ], [ -123.1562082, 49.2469647 ], [ -123.1571387, 49.2467722 ], [ -123.1579399, 49.2478841 ], [ -123.1580447, 49.2480328 ], [ -123.1583699, 49.2484836 ], [ -123.1586296, 49.2488435 ], [ -123.1589257, 49.2492554 ], [ -123.159237, 49.2496882 ], [ -123.1592453, 49.2496998 ], [ -123.1592899, 49.2497617 ], [ -123.1593446, 49.2498378 ], [ -123.157092, 49.2507227 ], [ -123.1570213, 49.2507505 ], [ -123.1561646, 49.251087 ], [ -123.1560703, 49.2511241 ], [ -123.1557731, 49.2512408 ], [ -123.1549486, 49.2515388 ], [ -123.1547419, 49.2515838 ], [ -123.1543988, 49.2516585 ] ] ] ] } },
{ "type": "Feature", "properties": { "name": "59150578", "population": 463, "population_density": 1994.0 }, "geometry": { "type": "MultiPolygon", "coordinates": [ [ [ [ -123.1609788, 49.2468875 ], [ -123.1616803, 49.2466107 ], [ -123.1621542, 49.2467205 ], [ -123.1625482, 49.2468569 ], [ -123.1627462, 49.2469874 ], [ -123.1629423, 49.2472627 ], [ -123.1640683, 49.2470834 ], [ -123.1644615, 49.2470766 ], [ -123.1653824, 49.2470621 ], [ -123.1653711, 49.2475002 ], [ -123.1653707, 49.2475182 ], [ -123.1653585, 49.2479937 ], [ -123.1653571, 49.2480669 ], [ -123.1653555, 49.2481549 ], [ -123.1653376, 49.2486606 ], [ -123.1653215, 49.2491159 ], [ -123.1653034, 49.2495779 ], [ -123.1652844, 49.2500616 ], [ -123.1652681, 49.2505225 ], [ -123.1652522, 49.2509705 ], [ -123.1652583, 49.2514407 ], [ -123.1652638, 49.251859 ], [ -123.1607329, 49.251793 ], [ -123.1599482, 49.2506788 ], [ -123.1596321, 49.2502384 ], [ -123.1593446, 49.2498378 ], [ -123.1592899, 49.2497617 ], [ -123.1592453, 49.2496998 ], [ -123.159237, 49.2496882 ], [ -123.1589257, 49.2492554 ], [ -123.1586296, 49.2488435 ], [ -123.1583699, 49.2484836 ], [ -123.1580447, 49.2480328 ], [ -123.1586211, 49.2478085 ], [ -123.1591913, 49.2475865 ], [ -123.1597695, 49.2473613 ], [ -123.1604433, 49.2470988 ], [ -123.1609788, 49.2468875 ] ] ] ] } },
{ "type": "Feature", "properties": { "name": "59150579", "population": 413, "population_density": 3453.2 }, "geometry": { "type": "MultiPolygon", "coordinates": [ [ [ [ -123.155689, 49.2535309 ], [ -123.1557049, 49.2531007 ], [ -123.1557223, 49.2526293 ], [ -123.1557382, 49.2521835 ], [ -123.1557546, 49.2517213 ], [ -123.1557731, 49.2512408 ], [ -123.1560703, 49.2511241 ], [ -123.1561646, 49.251087 ], [ -123.1570213, 49.2507505 ], [ -123.157092, 49.2507227 ], [ -123.1593446, 49.2498378 ], [ -123.1596321, 49.2502384 ], [ -123.1599482, 49.2506788 ], [ -123.1607329, 49.251793 ], [ -123.1610795, 49.2522653 ], [ -123.1614035, 49.2527068 ], [ -123.1604609, 49.2526928 ], [ -123.158084, 49.2526618 ], [ -123.1580673, 49.2531332 ], [ -123.1580518, 49.2535689 ], [ -123.1580347, 49.2540507 ], [ -123.1580198, 49.2544723 ], [ -123.1556526, 49.2544379 ], [ -123.155689, 49.2535309 ] ] ] ] } },
{ "type": "Feature", "properties": { "name": "59150580", "population": 473, "population_density": 3490.8 }, "geometry": { "type": "MultiPolygon", "coordinates": [ [ [ [ -123.1580347, 49.2540507 ], [ -123.1580518, 49.2535689 ], [ -123.1580673, 49.2531332 ], [ -123.158084, 49.2526618 ], [ -123.1604609, 49.2526928 ], [ -123.1614035, 49.2527068 ], [ -123.1610795, 49.2522653 ], [ -123.1607329, 49.251793 ], [ -123.1652638, 49.251859 ], [ -123.1652455, 49.2523405 ], [ -123.1652295, 49.2527588 ], [ -123.1652126, 49.2532309 ], [ -123.1651966, 49.2536794 ], [ -123.1651625, 49.2545747 ], [ -123.1644798, 49.2545661 ], [ -123.16271, 49.2545436 ], [ -123.1603912, 49.2545051 ], [ -123.1580198, 49.2544723 ], [ -123.1580347, 49.2540507 ] ] ] ] } },
{ "type": "Feature", "properties": { "name": "59150581", "population": 366, "population_density": 3262.0 }, "geometry": { "type": "MultiPolygon", "coordinates": [ [ [ [ -123.1603744, 49.2549836 ], [ -123.1603912, 49.2545051 ], [ -123.16271, 49.2545436 ], [ -123.1644798, 49.2545661 ], [ -123.1651625, 49.2545747 ], [ -123.1651288, 49.2554862 ], [ -123.1650937, 49.2563969 ], [ -123.1650614, 49.2569647 ], [ -123.165057, 49.2570426 ], [ -123.1650041, 49.257234 ], [ -123.164925, 49.2575165 ], [ -123.1649266, 49.257649 ], [ -123.1644448, 49.2575525 ], [ -123.163995, 49.2574966 ], [ -123.1634832, 49.2574651 ], [ -123.1626619, 49.2574662 ], [ -123.162662, 49.2574165 ], [ -123.1603005, 49.2573767 ], [ -123.1602868, 49.2573765 ], [ -123.1603053, 49.2568542 ], [ -123.1603247, 49.2563084 ], [ -123.1603411, 49.2558827 ], [ -123.1603597, 49.2554014 ], [ -123.1603744, 49.2549836 ] ] ] ] } },
{ "type": "Feature", "properties": { "name": "59150582", "population": 580, "population_density": 3800.8 }, "geometry": { "type": "MultiPolygon", "coordinates": [ [ [ [ -123.1529359, 49.2563533 ], [ -123.1529424, 49.256212 ], [ -123.1529836, 49.2552952 ], [ -123.153668, 49.2553053 ], [ -123.1556183, 49.2553341 ], [ -123.1556526, 49.2544379 ], [ -123.1580198, 49.2544723 ], [ -123.1603912, 49.2545051 ], [ -123.1603744, 49.2549836 ], [ -123.1603597, 49.2554014 ], [ -123.1603411, 49.2558827 ], [ -123.1603247, 49.2563084 ], [ -123.1603053, 49.2568542 ], [ -123.1602868, 49.2573765 ], [ -123.1579135, 49.2573269 ], [ -123.1560304, 49.257305 ], [ -123.1559492, 49.2573298 ], [ -123.1555438, 49.2573345 ], [ -123.1535759, 49.2573033 ], [ -123.1528926, 49.2572925 ], [ -123.1529359, 49.2563533 ] ] ] ] } },
{ "type": "Feature", "properties": { "name": "59150583", "population": 567, "population_density": 5178.1 }, "geometry": { "type": "MultiPolygon", "coordinates": [ [ [ [ -123.153097, 49.2600496 ], [ -123.1531065, 49.259581 ], [ -123.1531154, 49.2591457 ], [ -123.1530959, 49.2586802 ], [ -123.1530764, 49.2582152 ], [ -123.1528926, 49.2572925 ], [ -123.1535759, 49.2573033 ], [ -123.1555438, 49.2573345 ], [ -123.1559492, 49.2573298 ], [ -123.1560304, 49.257305 ], [ -123.1579135, 49.2573269 ], [ -123.1602868, 49.2573765 ], [ -123.160284, 49.2574239 ], [ -123.1602505, 49.2583294 ], [ -123.1578715, 49.2583064 ], [ -123.1578169, 49.2592652 ], [ -123.1554702, 49.259206 ], [ -123.1554703, 49.2596489 ], [ -123.1554704, 49.2600996 ], [ -123.153097, 49.2600496 ] ] ] ] } },
{ "type": "Feature", "properties": { "name": "59150584", "population": 615, "population_density": 6902.4 }, "geometry": { "type": "MultiPolygon", "coordinates": [ [ [ [ -123.1554704, 49.2600996 ], [ -123.1554703, 49.2596489 ], [ -123.1554702, 49.259206 ], [ -123.1578169, 49.2592652 ], [ -123.1578715, 49.2583064 ], [ -123.1602505, 49.2583294 ], [ -123.1602323, 49.2588238 ], [ -123.1602152, 49.2592878 ], [ -123.1601808, 49.2601858 ], [ -123.160164, 49.2606409 ], [ -123.1601452, 49.2611495 ], [ -123.1577296, 49.2611148 ], [ -123.1554198, 49.2610359 ], [ -123.1554456, 49.2605586 ], [ -123.1554704, 49.2600996 ] ] ] ] } },
{ "type": "Feature", "properties": { "name": "59150585", "population": 480, "population_density": 3915.2 }, "geometry": { "type": "MultiPolygon", "coordinates": [ [ [ [ -123.1601452, 49.2611495 ], [ -123.160164, 49.2606409 ], [ -123.1601808, 49.2601858 ], [ -123.1602152, 49.2592878 ], [ -123.1602323, 49.2588238 ], [ -123.1602505, 49.2583294 ], [ -123.160284, 49.2574239 ], [ -123.1602868, 49.2573765 ], [ -123.1603005, 49.2573767 ], [ -123.162662, 49.2574165 ], [ -123.1626619, 49.2574662 ], [ -123.1634832, 49.2574651 ], [ -123.163995, 49.2574966 ], [ -123.1644448, 49.2575525 ], [ -123.1649266, 49.257649 ], [ -123.1649107, 49.2579542 ], [ -123.1649, 49.2581609 ], [ -123.1648877, 49.2583974 ], [ -123.1648743, 49.2586168 ], [ -123.1648613, 49.2588982 ], [ -123.1648534, 49.2590692 ], [ -123.1648405, 49.2593491 ], [ -123.1648326, 49.2595245 ], [ -123.1648273, 49.259807 ], [ -123.1648186, 49.2602699 ], [ -123.1625623, 49.2602151 ], [ -123.1625433, 49.2606926 ], [ -123.1625236, 49.2611851 ], [ -123.1612287, 49.2611657 ], [ -123.1601452, 49.2611495 ] ] ] ] } },
{ "type": "Feature", "properties": { "name": "59150586", "population": 541, "population_density": 3063.4 }, "geometry": { "type": "MultiPolygon", "coordinates": [ [ [ [ -123.1576708, 49.2629227 ], [ -123.1576874, 49.2624764 ], [ -123.1577012, 49.2620292 ], [ -123.1577152, 49.2615756 ], [ -123.1577296, 49.2611148 ], [ -123.1601452, 49.2611495 ], [ -123.1612287, 49.2611657 ], [ -123.1625236, 49.2611851 ], [ -123.1625433, 49.2606926 ], [ -123.1625623, 49.2602151 ], [ -123.1648186, 49.2602699 ], [ -123.1648161, 49.260423 ], [ -123.164798, 49.2607969 ], [ -123.164779, 49.2611876 ], [ -123.164707, 49.2622531 ], [ -123.1647008, 49.2626942 ], [ -123.1646954, 49.2630724 ], [ -123.1646677, 49.2635478 ], [ -123.164639, 49.264041 ], [ -123.1624101, 49.2639833 ], [ -123.1600128, 49.2639401 ], [ -123.1576414, 49.2639002 ], [ -123.157656, 49.2634143 ], [ -123.1576705, 49.2629318 ], [ -123.1576708, 49.2629227 ] ] ] ] } },
{ "type": "Feature", "properties": { "name": "59150587", "population": 577, "population_density": 6601.8 }, "geometry": { "type": "MultiPolygon", "coordinates": [ [ [ [ -123.164707, 49.2622531 ], [ -123.164779, 49.2611876 ], [ -123.164798, 49.2607969 ], [ -123.1648161, 49.260423 ], [ -123.1648186, 49.2602699 ], [ -123.1648273, 49.259807 ], [ -123.1648326, 49.2595245 ], [ -123.1664149, 49.259549 ], [ -123.1683182, 49.25958 ], [ -123.1683051, 49.2600348 ], [ -123.1682925, 49.2604737 ], [ -123.1682786, 49.2609257 ], [ -123.1682647, 49.2613782 ], [ -123.16721, 49.2613749 ], [ -123.1671762, 49.2613835 ], [ -123.1668332, 49.2614713 ], [ -123.1663728, 49.2613619 ], [ -123.1663543, 49.2617936 ], [ -123.1663337, 49.2622715 ], [ -123.166312, 49.2627118 ], [ -123.1662882, 49.2631971 ], [ -123.1662908, 49.26338 ], [ -123.1664888, 49.2638942 ], [ -123.1664861, 49.2640499 ], [ -123.164639, 49.264041 ], [ -123.1646677, 49.2635478 ], [ -123.1646954, 49.2630724 ], [ -123.1647008, 49.2626942 ], [ -123.164707, 49.2622531 ] ] ] ] } },
{ "type": "Feature", "properties": { "name": "59150588", "population": 585, "population_density": 5993.9 }, "geometry": { "type": "MultiPolygon", "coordinates": [ [ [ [ -123.1663337, 49.2622715 ], [ -123.1663543, 49.2617936 ], [ -123.1663728, 49.2613619 ], [ -123.1668332, 49.2614713 ], [ -123.1671762, 49.2613835 ], [ -123.16721, 49.2613749 ], [ -123.1682647, 49.2613782 ], [ -123.1682786, 49.2609257 ], [ -123.1682925, 49.2604737 ], [ -123.1703083, 49.2605077 ], [ -123.1702793, 49.2609607 ], [ -123.1702513, 49.261397 ], [ -123.1702275, 49.261869 ], [ -123.1702054, 49.2623073 ], [ -123.1701794, 49.2627678 ], [ -123.1701525, 49.2632427 ], [ -123.1700731, 49.2640936 ], [ -123.1681602, 49.2640803 ], [ -123.1664861, 49.2640499 ], [ -123.1664888, 49.2638942 ], [ -123.1662908, 49.26338 ], [ -123.1662882, 49.2631971 ], [ -123.166312, 49.2627118 ], [ -123.1663337, 49.2622715 ] ] ] ] } },
{ "type": "Feature", "properties": { "name": "59150589", "population": 468, "population_density": 4829.7 }, "geometry": { "type": "MultiPolygon", "coordinates": [ [ [ [ -123.1649107, 49.2579542 ], [ -123.1649266, 49.257649 ], [ -123.1654912, 49.2576917 ], [ -123.166495, 49.2577199 ], [ -123.1675107, 49.2577344 ], [ -123.1683683, 49.2577466 ], [ -123.1704621, 49.2577835 ], [ -123.1704367, 49.2582445 ], [ -123.170412, 49.2586946 ], [ -123.1703866, 49.2591442 ], [ -123.1703595, 49.2596227 ], [ -123.1703336, 49.2600704 ], [ -123.1703083, 49.2605077 ], [ -123.1682925, 49.2604737 ], [ -123.1683051, 49.2600348 ], [ -123.1683182, 49.25958 ], [ -123.1664149, 49.259549 ], [ -123.1648326, 49.2595245 ], [ -123.1648405, 49.2593491 ], [ -123.1648534, 49.2590692 ], [ -123.1648613, 49.2588982 ], [ -123.1648743, 49.2586168 ], [ -123.1648877, 49.2583974 ], [ -123.1649, 49.2581609 ], [ -123.1649107, 49.2579542 ] ] ] ] } },
{ "type": "Feature", "properties": { "name": "59150590", "population": 545, "population_density": 5601.2 }, "geometry": { "type": "MultiPolygon", "coordinates": [ [ [ [ -123.1702513, 49.261397 ], [ -123.1702793, 49.2609607 ], [ -123.1703083, 49.2605077 ], [ -123.1703336, 49.2600704 ], [ -123.1703595, 49.2596227 ], [ -123.1703866, 49.2591442 ], [ -123.170412, 49.2586946 ], [ -123.1704367, 49.2582445 ], [ -123.1704621, 49.2577835 ], [ -123.1722762, 49.2578121 ], [ -123.1730009, 49.2578207 ], [ -123.1742225, 49.2578352 ], [ -123.1741886, 49.2583002 ], [ -123.1741557, 49.2587513 ], [ -123.1741554, 49.2592085 ], [ -123.1741551, 49.2596637 ], [ -123.1741374, 49.2601261 ], [ -123.1741204, 49.2605707 ], [ -123.1721828, 49.2605388 ], [ -123.1721681, 49.2609925 ], [ -123.1721534, 49.2614487 ], [ -123.1702513, 49.261397 ] ] ] ] } },
{ "type": "Feature", "properties": { "name": "59150591", "population": 625, "population_density": 5487.3 }, "geometry": { "type": "MultiPolygon", "coordinates": [ [ [ [ -123.1740557, 49.261476 ], [ -123.1740886, 49.261016 ], [ -123.1741204, 49.2605707 ], [ -123.1741374, 49.2601261 ], [ -123.1741551, 49.2596637 ], [ -123.1741554, 49.2592085 ], [ -123.1741557, 49.2587513 ], [ -123.1741886, 49.2583002 ], [ -123.1742225, 49.2578352 ], [ -123.1742775, 49.2578361 ], [ -123.1748668, 49.2578464 ], [ -123.176149, 49.2578685 ], [ -123.1761628, 49.2578687 ], [ -123.1780908, 49.2578977 ], [ -123.178067, 49.2583848 ], [ -123.1780462, 49.2588107 ], [ -123.1780254, 49.2592657 ], [ -123.1780045, 49.259723 ], [ -123.1779842, 49.2601655 ], [ -123.1779629, 49.2606325 ], [ -123.1760375, 49.260602 ], [ -123.1760192, 49.2610494 ], [ -123.1760006, 49.2615026 ], [ -123.175985, 49.2619496 ], [ -123.1759695, 49.2623971 ], [ -123.1746968, 49.2623773 ], [ -123.1740248, 49.2623669 ], [ -123.1740401, 49.2619243 ], [ -123.1740557, 49.261476 ] ] ] ] } },
{ "type": "Feature", "properties": { "name": "59150592", "population": 617, "population_density": 6283.1 }, "geometry": { "type": "MultiPolygon", "coordinates": [ [ [ [ -123.1702054, 49.2623073 ], [ -123.1702275, 49.261869 ], [ -123.1702513, 49.261397 ], [ -123.1721534, 49.2614487 ], [ -123.1721681, 49.2609925 ], [ -123.1721828, 49.2605388 ], [ -123.1741204, 49.2605707 ], [ -123.1740886, 49.261016 ], [ -123.1740557, 49.261476 ], [ -123.1740401, 49.2619243 ], [ -123.1740248, 49.2623669 ], [ -123.1740238, 49.2628157 ], [ -123.1740239, 49.262817 ], [ -123.1740228, 49.2633018 ], [ -123.1740074, 49.2637517 ], [ -123.173993, 49.2641738 ], [ -123.172058, 49.2641411 ], [ -123.1712415, 49.2641269 ], [ -123.1700731, 49.2640936 ], [ -123.1701525, 49.2632427 ], [ -123.1701794, 49.2627678 ], [ -123.1702054, 49.2623073 ] ] ] ] } },
{ "type": "Feature", "properties": { "name": "59150593", "population": 547, "population_density": 6519.7 }, "geometry": { "type": "MultiPolygon", "coordinates": [ [ [ [ -123.1740228, 49.2633018 ], [ -123.1740239, 49.262817 ], [ -123.1740238, 49.2628157 ], [ -123.1740248, 49.2623669 ], [ -123.1746968, 49.2623773 ], [ -123.1759695, 49.2623971 ], [ -123.175985, 49.2619496 ], [ -123.1760006, 49.2615026 ], [ -123.1760192, 49.2610494 ], [ -123.1760375, 49.260602 ], [ -123.1779629, 49.2606325 ], [ -123.1779419, 49.2610647 ], [ -123.1779193, 49.2615294 ], [ -123.1778997, 49.2619907 ], [ -123.1778812, 49.2624264 ], [ -123.1778607, 49.2628722 ], [ -123.1778382, 49.2633602 ], [ -123.1778176, 49.2638169 ], [ -123.1777987, 49.2642356 ], [ -123.1759007, 49.2642039 ], [ -123.174629, 49.2641838 ], [ -123.173993, 49.2641738 ], [ -123.1740074, 49.2637517 ], [ -123.1740228, 49.2633018 ] ] ] ] } },
{ "type": "Feature", "properties": { "name": "59150594", "population": 452, "population_density": 6776.6 }, "geometry": { "type": "MultiPolygon", "coordinates": [ [ [ [ -123.1758666, 49.2658919 ], [ -123.1745655, 49.2658748 ], [ -123.1739311, 49.2658664 ], [ -123.1739459, 49.265451 ], [ -123.17396, 49.2650538 ], [ -123.1739758, 49.2646325 ], [ -123.173993, 49.2641738 ], [ -123.174629, 49.2641838 ], [ -123.1759007, 49.2642039 ], [ -123.1777987, 49.2642356 ], [ -123.1791371, 49.2642581 ], [ -123.179827, 49.2642697 ], [ -123.1798137, 49.2651439 ], [ -123.1777935, 49.2651109 ], [ -123.1777891, 49.2659286 ], [ -123.1758666, 49.2658919 ] ] ] ] } },
{ "type": "Feature", "properties": { "name": "59150595", "population": 666, "population_density": 7551.0 }, "geometry": { "type": "MultiPolygon", "coordinates": [ [ [ [ -123.1778997, 49.2619907 ], [ -123.1779193, 49.2615294 ], [ -123.1799247, 49.2615782 ], [ -123.1807065, 49.2615924 ], [ -123.1819582, 49.2616151 ], [ -123.1819374, 49.2620466 ], [ -123.1819162, 49.2624877 ], [ -123.1818842, 49.2634209 ], [ -123.1818701, 49.2638741 ], [ -123.1818567, 49.2643038 ], [ -123.179827, 49.2642697 ], [ -123.1791371, 49.2642581 ], [ -123.1777987, 49.2642356 ], [ -123.1778176, 49.2638169 ], [ -123.1778382, 49.2633602 ], [ -123.1778607, 49.2628722 ], [ -123.1778812, 49.2624264 ], [ -123.1778997, 49.2619907 ] ] ] ] } },
{ "type": "Feature", "properties": { "name": "59150596", "population": 476, "population_density": 6898.6 }, "geometry": { "type": "MultiPolygon", "coordinates": [ [ [ [ -123.1777891, 49.2659286 ], [ -123.1777935, 49.2651109 ], [ -123.1798137, 49.2651439 ], [ -123.179827, 49.2642697 ], [ -123.1818567, 49.2643038 ], [ -123.181842, 49.2647559 ], [ -123.1818283, 49.2651776 ], [ -123.1818139, 49.2655836 ], [ -123.1817993, 49.2659947 ], [ -123.1817863, 49.2664022 ], [ -123.1817717, 49.266856 ], [ -123.1797872, 49.266823 ], [ -123.1777457, 49.2668003 ], [ -123.1777684, 49.2663452 ], [ -123.1777891, 49.2659286 ] ] ] ] } },
{ "type": "Feature", "properties": { "name": "59150597", "population": 731, "population_density": 8849.9 }, "geometry": { "type": "MultiPolygon", "coordinates": [ [ [ [ -123.181842, 49.2647559 ], [ -123.1818567, 49.2643038 ], [ -123.1837849, 49.2643361 ], [ -123.1858791, 49.26437 ], [ -123.1858521, 49.2648394 ], [ -123.1858287, 49.2652469 ], [ -123.1858116, 49.2656667 ], [ -123.1857953, 49.2660684 ], [ -123.185778, 49.2665029 ], [ -123.1857611, 49.2669276 ], [ -123.1836988, 49.2668846 ], [ -123.1817717, 49.266856 ], [ -123.1817863, 49.2664022 ], [ -123.1817993, 49.2659947 ], [ -123.1818139, 49.2655836 ], [ -123.1818283, 49.2651776 ], [ -123.181842, 49.2647559 ] ] ] ] } },
{ "type": "Feature", "properties": { "name": "59150598", "population": 594, "population_density": 7217.5 }, "geometry": { "type": "MultiPolygon", "coordinates": [ [ [ [ -123.1797696, 49.2672332 ], [ -123.1797872, 49.266823 ], [ -123.1817717, 49.266856 ], [ -123.1836988, 49.2668846 ], [ -123.1857611, 49.2669276 ], [ -123.1857462, 49.2672946 ], [ -123.1857275, 49.2677527 ], [ -123.1856866, 49.2686073 ], [ -123.1836368, 49.2685853 ], [ -123.1817368, 49.2685619 ], [ -123.1797105, 49.268536 ], [ -123.1797511, 49.2676642 ], [ -123.1797696, 49.2672332 ] ] ] ] } },
{ "type": "Feature", "properties": { "name": "59150599", "population": 624, "population_density": 16124.0 }, "geometry": { "type": "MultiPolygon", "coordinates": [ [ [ [ -123.1858116, 49.2656667 ], [ -123.1858287, 49.2652469 ], [ -123.1877331, 49.2652632 ], [ -123.1877138, 49.2658094 ], [ -123.1877016, 49.2660775 ], [ -123.1876714, 49.2669612 ], [ -123.1876559, 49.2673526 ], [ -123.1876377, 49.2677665 ], [ -123.1857275, 49.2677527 ], [ -123.1857462, 49.2672946 ], [ -123.1857611, 49.2669276 ], [ -123.185778, 49.2665029 ], [ -123.1857953, 49.2660684 ], [ -123.1858116, 49.2656667 ] ] ] ] } },
{ "type": "Feature", "properties": { "name": "59150600", "population": 504, "population_density": 4476.0 }, "geometry": { "type": "MultiPolygon", "coordinates": [ [ [ [ -123.1855935, 49.2718109 ], [ -123.1856144, 49.2713156 ], [ -123.1856276, 49.2709064 ], [ -123.1856439, 49.2703986 ], [ -123.1856555, 49.2700026 ], [ -123.1856694, 49.2695256 ], [ -123.1856866, 49.2686073 ], [ -123.1857275, 49.2677527 ], [ -123.1876377, 49.2677665 ], [ -123.1876407, 49.2683745 ], [ -123.1876291, 49.2686336 ], [ -123.1876061, 49.2691355 ], [ -123.1875868, 49.2695575 ], [ -123.1906151, 49.2695769 ], [ -123.1905906, 49.2700942 ], [ -123.1897143, 49.2700933 ], [ -123.1895094, 49.2700931 ], [ -123.1895069, 49.2701846 ], [ -123.1894995, 49.2704612 ], [ -123.1894891, 49.2709413 ], [ -123.1894797, 49.2713767 ], [ -123.1894756, 49.2716036 ], [ -123.1878651, 49.2721741 ], [ -123.1874976, 49.2722753 ], [ -123.187276, 49.2723037 ], [ -123.185574, 49.2722747 ], [ -123.1855935, 49.2718109 ] ] ] ] } },
{ "type": "Feature", "properties": { "name": "59150601", "population": 730, "population_density": 10082.9 }, "geometry": { "type": "MultiPolygon", "coordinates": [ [ [ [ -123.1796882, 49.2689961 ], [ -123.1797105, 49.268536 ], [ -123.1817368, 49.2685619 ], [ -123.1836368, 49.2685853 ], [ -123.1856866, 49.2686073 ], [ -123.1856694, 49.2695256 ], [ -123.1856555, 49.2700026 ], [ -123.1856439, 49.2703986 ], [ -123.1835664, 49.2703786 ], [ -123.1816447, 49.2703483 ], [ -123.1816611, 49.2699108 ], [ -123.181678, 49.2694619 ], [ -123.179667, 49.2694319 ], [ -123.1796882, 49.2689961 ] ] ] ] } },
{ "type": "Feature", "properties": { "name": "59150602", "population": 415, "population_density": 7230.0 }, "geometry": { "type": "MultiPolygon", "coordinates": [ [ [ [ -123.1816335, 49.2708422 ], [ -123.1816447, 49.2703483 ], [ -123.1835664, 49.2703786 ], [ -123.1856439, 49.2703986 ], [ -123.1856276, 49.2709064 ], [ -123.1856144, 49.2713156 ], [ -123.185574, 49.2722747 ], [ -123.1845134, 49.2722506 ], [ -123.1835059, 49.2721658 ], [ -123.1815986, 49.2719665 ], [ -123.1816072, 49.2717278 ], [ -123.1816241, 49.2712529 ], [ -123.1816335, 49.2708422 ] ] ] ] } },
{ "type": "Feature", "properties": { "name": "59150603", "population": 424, "population_density": 6962.2 }, "geometry": { "type": "MultiPolygon", "coordinates": [ [ [ [ -123.1776213, 49.2711045 ], [ -123.1776319, 49.2707446 ], [ -123.1776447, 49.2703104 ], [ -123.1796496, 49.2703277 ], [ -123.1796584, 49.2698776 ], [ -123.179667, 49.2694319 ], [ -123.181678, 49.2694619 ], [ -123.1816611, 49.2699108 ], [ -123.1816447, 49.2703483 ], [ -123.1816335, 49.2708422 ], [ -123.1816241, 49.2712529 ], [ -123.1816072, 49.2717278 ], [ -123.1815986, 49.2719665 ], [ -123.179587, 49.2717653 ], [ -123.1776127, 49.2715372 ], [ -123.1776189, 49.271187 ], [ -123.1776213, 49.2711045 ] ] ] ] } },
{ "type": "Feature", "properties": { "name": "59150604", "population": 630, "population_density": 10880.8 }, "geometry": { "type": "MultiPolygon", "coordinates": [ [ [ [ -123.1757304, 49.2689206 ], [ -123.1757513, 49.268463 ], [ -123.1776902, 49.2685021 ], [ -123.1797105, 49.268536 ], [ -123.1796882, 49.2689961 ], [ -123.179667, 49.2694319 ], [ -123.1796584, 49.2698776 ], [ -123.1796496, 49.2703277 ], [ -123.1776447, 49.2703104 ], [ -123.175696, 49.2702729 ], [ -123.1757031, 49.2698112 ], [ -123.17571, 49.2693672 ], [ -123.1757304, 49.2689206 ] ] ] ] } },
{ "type": "Feature", "properties": { "name": "59150605", "population": 470, "population_density": 6901.6 }, "geometry": { "type": "MultiPolygon", "coordinates": [ [ [ [ -123.1758507, 49.2663212 ], [ -123.1758666, 49.2658919 ], [ -123.1777891, 49.2659286 ], [ -123.1777684, 49.2663452 ], [ -123.1777457, 49.2668003 ], [ -123.1797872, 49.266823 ], [ -123.1797696, 49.2672332 ], [ -123.1797511, 49.2676642 ], [ -123.1797105, 49.268536 ], [ -123.1776902, 49.2685021 ], [ -123.1757513, 49.268463 ], [ -123.1757742, 49.2680661 ], [ -123.1758011, 49.2675997 ], [ -123.1758187, 49.267158 ], [ -123.1758347, 49.2667548 ], [ -123.1758507, 49.2663212 ] ] ] ] } },
{ "type": "Feature", "properties": { "name": "59150606", "population": 714, "population_density": 9026.5 }, "geometry": { "type": "MultiPolygon", "coordinates": [ [ [ [ -123.1710928, 49.2679929 ], [ -123.171116, 49.2674914 ], [ -123.1711299, 49.2671027 ], [ -123.1711451, 49.266677 ], [ -123.1738995, 49.2667231 ], [ -123.1739311, 49.2658664 ], [ -123.1745655, 49.2658748 ], [ -123.1758666, 49.2658919 ], [ -123.1758507, 49.2663212 ], [ -123.1758347, 49.2667548 ], [ -123.1758187, 49.267158 ], [ -123.1758011, 49.2675997 ], [ -123.1757742, 49.2680661 ], [ -123.1757513, 49.268463 ], [ -123.1744687, 49.2684533 ], [ -123.173815, 49.2684484 ], [ -123.1710729, 49.2684225 ], [ -123.1710928, 49.2679929 ] ] ] ] } },
{ "type": "Feature", "properties": { "name": "59150607", "population": 819, "population_density": 9403.0 }, "geometry": { "type": "MultiPolygon", "coordinates": [ [ [ [ -123.1737323, 49.2711141 ], [ -123.1709865, 49.2710782 ], [ -123.1710074, 49.2706464 ], [ -123.1710286, 49.2702083 ], [ -123.1710515, 49.269292 ], [ -123.1710627, 49.2688377 ], [ -123.1710729, 49.2684225 ], [ -123.173815, 49.2684484 ], [ -123.1744687, 49.2684533 ], [ -123.1757513, 49.268463 ], [ -123.1757304, 49.2689206 ], [ -123.17571, 49.2693672 ], [ -123.1757031, 49.2698112 ], [ -123.175696, 49.2702729 ], [ -123.1744011, 49.2702557 ], [ -123.1737439, 49.270247 ], [ -123.1737381, 49.270678 ], [ -123.1737331, 49.2710558 ], [ -123.1737323, 49.2711141 ] ] ] ] } },
{ "type": "Feature", "properties": { "name": "59150608", "population": 620, "population_density": 7077.6 }, "geometry": { "type": "MultiPolygon", "coordinates": [ [ [ [ -123.166338, 49.2688 ], [ -123.1663469, 49.2683534 ], [ -123.1682796, 49.2683808 ], [ -123.1710729, 49.2684225 ], [ -123.1710627, 49.2688377 ], [ -123.1710515, 49.269292 ], [ -123.1710286, 49.2702083 ], [ -123.1710074, 49.2706464 ], [ -123.1709865, 49.2710782 ], [ -123.1699091, 49.2710618 ], [ -123.1691773, 49.2710506 ], [ -123.1688179, 49.2710444 ], [ -123.1681864, 49.2710336 ], [ -123.1682081, 49.2704607 ], [ -123.1682201, 49.2701437 ], [ -123.1663012, 49.2701131 ], [ -123.1663296, 49.2692204 ], [ -123.166338, 49.2688 ] ] ] ] } },
{ "type": "Feature", "properties": { "name": "59150609", "population": 514, "population_density": 6692.7 }, "geometry": { "type": "MultiPolygon", "coordinates": [ [ [ [ -123.1683991, 49.2653784 ], [ -123.1684048, 49.2649794 ], [ -123.1712072, 49.2650267 ], [ -123.1711926, 49.2654382 ], [ -123.1711788, 49.2658303 ], [ -123.1711451, 49.266677 ], [ -123.1711299, 49.2671027 ], [ -123.171116, 49.2674914 ], [ -123.1710729, 49.2684225 ], [ -123.1682796, 49.2683808 ], [ -123.1683012, 49.2679418 ], [ -123.1683246, 49.2674641 ], [ -123.1683412, 49.2670607 ], [ -123.1683587, 49.2666364 ], [ -123.1683931, 49.2658014 ], [ -123.1683991, 49.2653784 ] ] ] ] } },
{ "type": "Feature", "properties": { "name": "59150610", "population": 675, "population_density": 12688.0 }, "geometry": { "type": "MultiPolygon", "coordinates": [ [ [ [ -123.1645673, 49.2669941 ], [ -123.1645812, 49.2665822 ], [ -123.1664096, 49.2666077 ], [ -123.1683587, 49.2666364 ], [ -123.1683412, 49.2670607 ], [ -123.1683246, 49.2674641 ], [ -123.1683012, 49.2679418 ], [ -123.1682796, 49.2683808 ], [ -123.1663469, 49.2683534 ], [ -123.1645392, 49.2683258 ], [ -123.164546, 49.2678759 ], [ -123.1645526, 49.2674317 ], [ -123.1645673, 49.2669941 ] ] ] ] } },
{ "type": "Feature", "properties": { "name": "59150611", "population": 682, "population_density": 8868.7 }, "geometry": { "type": "MultiPolygon", "coordinates": [ [ [ [ -123.1646397, 49.2644936 ], [ -123.164639, 49.264041 ], [ -123.1664861, 49.2640499 ], [ -123.1681602, 49.2640803 ], [ -123.1682905, 49.2645595 ], [ -123.1684048, 49.2649794 ], [ -123.1683991, 49.2653784 ], [ -123.1683931, 49.2658014 ], [ -123.1683587, 49.2666364 ], [ -123.1664096, 49.2666077 ], [ -123.1645812, 49.2665822 ], [ -123.1646175, 49.2657635 ], [ -123.1646403, 49.2649174 ], [ -123.1646397, 49.2644936 ] ] ] ] } },
{ "type": "Feature", "properties": { "name": "59150612", "population": 562, "population_density": 7168.4 }, "geometry": { "type": "MultiPolygon", "coordinates": [ [ [ [ -123.1682905, 49.2645595 ], [ -123.1681602, 49.2640803 ], [ -123.1700731, 49.2640936 ], [ -123.1712415, 49.2641269 ], [ -123.172058, 49.2641411 ], [ -123.173993, 49.2641738 ], [ -123.1739758, 49.2646325 ], [ -123.17396, 49.2650538 ], [ -123.1739459, 49.265451 ], [ -123.1739311, 49.2658664 ], [ -123.1738995, 49.2667231 ], [ -123.1711451, 49.266677 ], [ -123.1711788, 49.2658303 ], [ -123.1711926, 49.2654382 ], [ -123.1712072, 49.2650267 ], [ -123.1684048, 49.2649794 ], [ -123.1682905, 49.2645595 ] ] ] ] } },
{ "type": "Feature", "properties": { "name": "59150613", "population": 653, "population_density": 10171.3 }, "geometry": { "type": "MultiPolygon", "coordinates": [ [ [ [ -123.1599984, 49.2644101 ], [ -123.1600128, 49.2639401 ], [ -123.1624101, 49.2639833 ], [ -123.164639, 49.264041 ], [ -123.1646397, 49.2644936 ], [ -123.1646403, 49.2649174 ], [ -123.1646175, 49.2657635 ], [ -123.1645812, 49.2665822 ], [ -123.1623287, 49.2665491 ], [ -123.1623563, 49.2657167 ], [ -123.1623789, 49.2648976 ], [ -123.1599851, 49.2648419 ], [ -123.1599984, 49.2644101 ] ] ] ] } },
{ "type": "Feature", "properties": { "name": "59150614", "population": 639, "population_density": 9726.0 }, "geometry": { "type": "MultiPolygon", "coordinates": [ [ [ [ -123.1599052, 49.2673816 ], [ -123.1599198, 49.2665137 ], [ -123.1623287, 49.2665491 ], [ -123.1645812, 49.2665822 ], [ -123.1645673, 49.2669941 ], [ -123.1645526, 49.2674317 ], [ -123.164546, 49.2678759 ], [ -123.1645392, 49.2683258 ], [ -123.1622569, 49.2682856 ], [ -123.1598451, 49.2682501 ], [ -123.1598742, 49.2678293 ], [ -123.1599052, 49.2673816 ] ] ] ] } },
{ "type": "Feature", "properties": { "name": "59150615", "population": 489, "population_density": 7628.7 }, "geometry": { "type": "MultiPolygon", "coordinates": [ [ [ [ -123.157618, 49.2656496 ], [ -123.1576349, 49.2648142 ], [ -123.1599851, 49.2648419 ], [ -123.1623789, 49.2648976 ], [ -123.1623563, 49.2657167 ], [ -123.1623287, 49.2665491 ], [ -123.1599198, 49.2665137 ], [ -123.1575719, 49.2664915 ], [ -123.157618, 49.2656496 ] ] ] ] } },
{ "type": "Feature", "properties": { "name": "59150616", "population": 599, "population_density": 12249.5 }, "geometry": { "type": "MultiPolygon", "coordinates": [ [ [ [ -123.1551847, 49.2672897 ], [ -123.1552023, 49.2664435 ], [ -123.1575719, 49.2664915 ], [ -123.1599198, 49.2665137 ], [ -123.1599052, 49.2673816 ], [ -123.1598742, 49.2678293 ], [ -123.1598451, 49.2682501 ], [ -123.1575024, 49.2681866 ], [ -123.1575237, 49.2677867 ], [ -123.1575476, 49.2673375 ], [ -123.1551847, 49.2672897 ] ] ] ] } },
{ "type": "Feature", "properties": { "name": "59150617", "population": 521, "population_density": 16281.3 }, "geometry": { "type": "MultiPolygon", "coordinates": [ [ [ [ -123.155235, 49.2656184 ], [ -123.1552649, 49.264795 ], [ -123.1576349, 49.2648142 ], [ -123.157618, 49.2656496 ], [ -123.1575719, 49.2664915 ], [ -123.1552023, 49.2664435 ], [ -123.155235, 49.2656184 ] ] ] ] } },
{ "type": "Feature", "properties": { "name": "59150618", "population": 657, "population_density": 13744.8 }, "geometry": { "type": "MultiPolygon", "coordinates": [ [ [ [ -123.1528743, 49.2655822 ], [ -123.1528835, 49.264761 ], [ -123.1552649, 49.264795 ], [ -123.155235, 49.2656184 ], [ -123.1552023, 49.2664435 ], [ -123.1551847, 49.2672897 ], [ -123.1528146, 49.2672488 ], [ -123.1528372, 49.2664099 ], [ -123.1528743, 49.2655822 ] ] ] ] } },
{ "type": "Feature", "properties": { "name": "59150619", "population": 591, "population_density": 11150.9 }, "geometry": { "type": "MultiPolygon", "coordinates": [ [ [ [ -123.1528835, 49.264761 ], [ -123.1529384, 49.2638212 ], [ -123.1552988, 49.263861 ], [ -123.1576414, 49.2639002 ], [ -123.1600128, 49.2639401 ], [ -123.1599984, 49.2644101 ], [ -123.1599851, 49.2648419 ], [ -123.1576349, 49.2648142 ], [ -123.1552649, 49.264795 ], [ -123.1528835, 49.264761 ] ] ] ] } },
{ "type": "Feature", "properties": { "name": "59150620", "population": 541, "population_density": 8123.1 }, "geometry": { "type": "MultiPolygon", "coordinates": [ [ [ [ -123.1504964, 49.2647061 ], [ -123.1505436, 49.2637823 ], [ -123.1529384, 49.2638212 ], [ -123.1528835, 49.264761 ], [ -123.1528743, 49.2655822 ], [ -123.1528372, 49.2664099 ], [ -123.1528146, 49.2672488 ], [ -123.1504192, 49.2672162 ], [ -123.1504364, 49.2664925 ], [ -123.1504392, 49.2663755 ], [ -123.1504574, 49.2659719 ], [ -123.1504774, 49.2655298 ], [ -123.1504869, 49.265116 ], [ -123.1504964, 49.2647061 ] ] ] ] } },
{ "type": "Feature", "properties": { "name": "59150621", "population": 468, "population_density": 9397.6 }, "geometry": { "type": "MultiPolygon", "coordinates": [ [ [ [ -123.1504035, 49.2676714 ], [ -123.1504192, 49.2672162 ], [ -123.1528146, 49.2672488 ], [ -123.1551847, 49.2672897 ], [ -123.1575476, 49.2673375 ], [ -123.1575237, 49.2677867 ], [ -123.1575024, 49.2681866 ], [ -123.1551414, 49.2681523 ], [ -123.1527736, 49.2681169 ], [ -123.1503894, 49.2680819 ], [ -123.1504035, 49.2676714 ] ] ] ] } },
{ "type": "Feature", "properties": { "name": "59150622", "population": 472, "population_density": 13760.9 }, "geometry": { "type": "MultiPolygon", "coordinates": [ [ [ [ -123.1527559, 49.2685764 ], [ -123.1527736, 49.2681169 ], [ -123.1551414, 49.2681523 ], [ -123.1551234, 49.2686186 ], [ -123.1551065, 49.2690575 ], [ -123.1550916, 49.2694678 ], [ -123.1550901, 49.269509 ], [ -123.1550745, 49.2699385 ], [ -123.1527026, 49.2699011 ], [ -123.1527208, 49.2694581 ], [ -123.1527386, 49.2690239 ], [ -123.1527559, 49.2685764 ] ] ] ] } },
{ "type": "Feature", "properties": { "name": "59150623", "population": 488, "population_density": 14227.4 }, "geometry": { "type": "MultiPolygon", "coordinates": [ [ [ [ -123.1503725, 49.268517 ], [ -123.1503894, 49.2680819 ], [ -123.1527736, 49.2681169 ], [ -123.1527559, 49.2685764 ], [ -123.1527386, 49.2690239 ], [ -123.1527208, 49.2694581 ], [ -123.1527026, 49.2699011 ], [ -123.1503527, 49.2698643 ], [ -123.1503535, 49.2694156 ], [ -123.1503536, 49.269352 ], [ -123.1503542, 49.2689898 ], [ -123.1503725, 49.268517 ] ] ] ] } },
{ "type": "Feature", "properties": { "name": "59150624", "population": 551, "population_density": 16301.8 }, "geometry": { "type": "MultiPolygon", "coordinates": [ [ [ [ -123.1503376, 49.270298 ], [ -123.1503527, 49.2698643 ], [ -123.1527026, 49.2699011 ], [ -123.1550745, 49.2699385 ], [ -123.1550594, 49.2703722 ], [ -123.1550437, 49.2708213 ], [ -123.1526691, 49.270783 ], [ -123.150322, 49.2707444 ], [ -123.1503376, 49.270298 ] ] ] ] } },
{ "type": "Feature", "properties": { "name": "59150625", "population": 594, "population_density": 17891.6 }, "geometry": { "type": "MultiPolygon", "coordinates": [ [ [ [ -123.1503073, 49.2711706 ], [ -123.150322, 49.2707444 ], [ -123.1526691, 49.270783 ], [ -123.1550437, 49.2708213 ], [ -123.1550275, 49.2712534 ], [ -123.1550263, 49.2712834 ], [ -123.1550111, 49.2716887 ], [ -123.1526365, 49.2716495 ], [ -123.150292, 49.2716128 ], [ -123.1503073, 49.2711706 ] ] ] ] } },
{ "type": "Feature", "properties": { "name": "59150626", "population": 564, "population_density": 16300.6 }, "geometry": { "type": "MultiPolygon", "coordinates": [ [ [ [ -123.1478923, 49.2702556 ], [ -123.147908, 49.2698259 ], [ -123.1503527, 49.2698643 ], [ -123.1503376, 49.270298 ], [ -123.150322, 49.2707444 ], [ -123.1503073, 49.2711706 ], [ -123.150292, 49.2716128 ], [ -123.1478419, 49.2715724 ], [ -123.1478594, 49.271128 ], [ -123.147876, 49.2707041 ], [ -123.1478923, 49.2702556 ] ] ] ] } },
{ "type": "Feature", "properties": { "name": "59150627", "population": 521, "population_density": 5626.3 }, "geometry": { "type": "MultiPolygon", "coordinates": [ [ [ [ -123.1454643, 49.2716483 ], [ -123.1454835, 49.2706661 ], [ -123.1464032, 49.2706814 ], [ -123.147876, 49.2707041 ], [ -123.1478594, 49.271128 ], [ -123.1478419, 49.2715724 ], [ -123.150292, 49.2716128 ], [ -123.1502229, 49.2725135 ], [ -123.1501288, 49.2744926 ], [ -123.1495071, 49.2744821 ], [ -123.1489016, 49.2744719 ], [ -123.1483253, 49.274462 ], [ -123.1477335, 49.2744518 ], [ -123.1477675, 49.2735196 ], [ -123.1477878, 49.272981 ], [ -123.1478069, 49.2724758 ], [ -123.1467926, 49.2724589 ], [ -123.1463467, 49.2725372 ], [ -123.1458102, 49.2726806 ], [ -123.1455162, 49.2727706 ], [ -123.1441913, 49.2731764 ], [ -123.1450648, 49.2728483 ], [ -123.1453195, 49.2726623 ], [ -123.1453931, 49.2725372 ], [ -123.1455163, 49.2722991 ], [ -123.1454643, 49.2716483 ] ] ] ] } },
{ "type": "Feature", "properties": { "name": "59150628", "population": 680, "population_density": 10164.4 }, "geometry": { "type": "MultiPolygon", "coordinates": [ [ [ [ -123.1456425, 49.2675957 ], [ -123.1456448, 49.2671522 ], [ -123.1480053, 49.2671939 ], [ -123.1479912, 49.2676292 ], [ -123.1479777, 49.2680452 ], [ -123.1479614, 49.2685017 ], [ -123.1479452, 49.2689541 ], [ -123.147931, 49.2692873 ], [ -123.1479273, 49.2693743 ], [ -123.147908, 49.2698259 ], [ -123.147876, 49.2707041 ], [ -123.1464032, 49.2706814 ], [ -123.1454835, 49.2706661 ], [ -123.1455242, 49.2702044 ], [ -123.1455613, 49.2697828 ], [ -123.1455785, 49.269332 ], [ -123.1455949, 49.268901 ], [ -123.1456404, 49.2680059 ], [ -123.1456425, 49.2675957 ] ] ] ] } },
{ "type": "Feature", "properties": { "name": "59150629", "population": 531, "population_density": 10270.8 }, "geometry": { "type": "MultiPolygon", "coordinates": [ [ [ [ -123.1479912, 49.2676292 ], [ -123.1480053, 49.2671939 ], [ -123.1504192, 49.2672162 ], [ -123.1504035, 49.2676714 ], [ -123.1503894, 49.2680819 ], [ -123.1503725, 49.268517 ], [ -123.1503542, 49.2689898 ], [ -123.1503536, 49.269352 ], [ -123.1503535, 49.2694156 ], [ -123.1503527, 49.2698643 ], [ -123.147908, 49.2698259 ], [ -123.1479273, 49.2693743 ], [ -123.147931, 49.2692873 ], [ -123.1479452, 49.2689541 ], [ -123.1479614, 49.2685017 ], [ -123.1479777, 49.2680452 ], [ -123.1479912, 49.2676292 ] ] ] ] } },
{ "type": "Feature", "properties": { "name": "59150630", "population": 1216, "population_density": 4287.7 }, "geometry": { "type": "MultiPolygon", "coordinates": [ [ [ [ -123.1394622, 49.269688 ], [ -123.138411, 49.2691579 ], [ -123.1382249, 49.268833 ], [ -123.1381918, 49.2687752 ], [ -123.1383179, 49.2684903 ], [ -123.138337, 49.2683844 ], [ -123.1383721, 49.2681909 ], [ -123.1384454, 49.2680928 ], [ -123.1384521, 49.2679399 ], [ -123.1384571, 49.267859 ], [ -123.1384818, 49.2672354 ], [ -123.1384519, 49.2668743 ], [ -123.1384554, 49.2667726 ], [ -123.1384685, 49.266183 ], [ -123.1404777, 49.2662155 ], [ -123.1409348, 49.2662232 ], [ -123.1423195, 49.2662467 ], [ -123.143309, 49.2662635 ], [ -123.1456627, 49.2663042 ], [ -123.1480441, 49.2663401 ], [ -123.1480605, 49.265893 ], [ -123.1480609, 49.2658831 ], [ -123.1480749, 49.2655033 ], [ -123.1504774, 49.2655298 ], [ -123.1504574, 49.2659719 ], [ -123.1504392, 49.2663755 ], [ -123.1504364, 49.2664925 ], [ -123.1504192, 49.2672162 ], [ -123.1480053, 49.2671939 ], [ -123.1456448, 49.2671522 ], [ -123.1456425, 49.2675957 ], [ -123.1456404, 49.2680059 ], [ -123.1455949, 49.268901 ], [ -123.1455785, 49.269332 ], [ -123.1455613, 49.2697828 ], [ -123.1455242, 49.2702044 ], [ -123.1454835, 49.2706661 ], [ -123.1431295, 49.2706281 ], [ -123.1418497, 49.2705943 ], [ -123.1410794, 49.270564 ], [ -123.1409293, 49.2704348 ], [ -123.1408129, 49.2702506 ], [ -123.1407904, 49.2701281 ], [ -123.1407749, 49.2700434 ], [ -123.1407911, 49.2697123 ], [ -123.1404179, 49.2697055 ], [ -123.1394622, 49.269688 ] ] ] ] } },
{ "type": "Feature", "properties": { "name": "59150631", "population": 1140, "population_density": 23553.7 }, "geometry": { "type": "MultiPolygon", "coordinates": [ [ [ [ -123.1409931, 49.266013 ], [ -123.1410072, 49.265382 ], [ -123.1411692, 49.2653845 ], [ -123.1433227, 49.2654172 ], [ -123.1445167, 49.2654357 ], [ -123.1457081, 49.2654542 ], [ -123.1480749, 49.2655033 ], [ -123.1480609, 49.2658831 ], [ -123.1480605, 49.265893 ], [ -123.1480441, 49.2663401 ], [ -123.1456627, 49.2663042 ], [ -123.143309, 49.2662635 ], [ -123.1423195, 49.2662467 ], [ -123.1409348, 49.2662232 ], [ -123.1409351, 49.2661502 ], [ -123.1409931, 49.266013 ] ] ] ] } },
{ "type": "Feature", "properties": { "name": "59150632", "population": 1270, "population_density": 8289.8 }, "geometry": { "type": "MultiPolygon", "coordinates": [ [ [ [ -123.1411692, 49.2653845 ], [ -123.1410072, 49.265382 ], [ -123.1409931, 49.266013 ], [ -123.1409351, 49.2661502 ], [ -123.1409348, 49.2662232 ], [ -123.1404777, 49.2662155 ], [ -123.1384685, 49.266183 ], [ -123.1384997, 49.2653426 ], [ -123.1385295, 49.264503 ], [ -123.1385625, 49.2635896 ], [ -123.1410269, 49.2636144 ], [ -123.1434143, 49.2636623 ], [ -123.1457568, 49.2637018 ], [ -123.1481419, 49.2637423 ], [ -123.1480956, 49.2646742 ], [ -123.1480856, 49.2650742 ], [ -123.1480749, 49.2655033 ], [ -123.1457081, 49.2654542 ], [ -123.1445167, 49.2654357 ], [ -123.1433227, 49.2654172 ], [ -123.1411692, 49.2653845 ] ] ] ] } },
{ "type": "Feature", "properties": { "name": "59150633", "population": 705, "population_density": 13031.4 }, "geometry": { "type": "MultiPolygon", "coordinates": [ [ [ [ -123.1410269, 49.2636144 ], [ -123.1410478, 49.2631219 ], [ -123.1410667, 49.2626778 ], [ -123.1434657, 49.2627152 ], [ -123.1434593, 49.262246 ], [ -123.1434528, 49.2617646 ], [ -123.1458282, 49.2618274 ], [ -123.1457962, 49.2627498 ], [ -123.1457781, 49.263188 ], [ -123.1457568, 49.2637018 ], [ -123.1434143, 49.2636623 ], [ -123.1410269, 49.2636144 ] ] ] ] } },
{ "type": "Feature", "properties": { "name": "59150634", "population": 518, "population_density": 14757.8 }, "geometry": { "type": "MultiPolygon", "coordinates": [ [ [ [ -123.1411214, 49.2613047 ], [ -123.14114, 49.2608422 ], [ -123.1434755, 49.2608825 ], [ -123.1434643, 49.2613193 ], [ -123.1434528, 49.2617646 ], [ -123.1434593, 49.262246 ], [ -123.1434657, 49.2627152 ], [ -123.1410667, 49.2626778 ], [ -123.1410851, 49.2622133 ], [ -123.141104, 49.2617384 ], [ -123.1411212, 49.2613096 ], [ -123.1411214, 49.2613047 ] ] ] ] } },
{ "type": "Feature", "properties": { "name": "59150635", "population": 571, "population_density": 15730.0 }, "geometry": { "type": "MultiPolygon", "coordinates": [ [ [ [ -123.1434986, 49.2603986 ], [ -123.1435227, 49.2598929 ], [ -123.1459031, 49.2599406 ], [ -123.1458862, 49.2603992 ], [ -123.1458662, 49.2609412 ], [ -123.1458482, 49.2613618 ], [ -123.1458282, 49.2618274 ], [ -123.1434528, 49.2617646 ], [ -123.1434643, 49.2613193 ], [ -123.1434755, 49.2608825 ], [ -123.1434986, 49.2603986 ] ] ] ] } },
{ "type": "Feature", "properties": { "name": "59150636", "population": 723, "population_density": 20195.5 }, "geometry": { "type": "MultiPolygon", "coordinates": [ [ [ [ -123.1412011, 49.2593891 ], [ -123.1412179, 49.2589537 ], [ -123.1413642, 49.2589558 ], [ -123.1420369, 49.2589653 ], [ -123.1423118, 49.2589692 ], [ -123.1433838, 49.2589844 ], [ -123.1435648, 49.258987 ], [ -123.1435438, 49.2594396 ], [ -123.1435227, 49.2598929 ], [ -123.1434986, 49.2603986 ], [ -123.1434755, 49.2608825 ], [ -123.14114, 49.2608422 ], [ -123.1411469, 49.2606843 ], [ -123.1411615, 49.2603485 ], [ -123.1411831, 49.2598535 ], [ -123.1412011, 49.2593891 ] ] ] ] } },
{ "type": "Feature", "properties": { "name": "59150637", "population": 483, "population_density": 5482.4 }, "geometry": { "type": "MultiPolygon", "coordinates": [ [ [ [ -123.1412744, 49.2575537 ], [ -123.1412937, 49.2570993 ], [ -123.1435988, 49.2571405 ], [ -123.1459795, 49.2571792 ], [ -123.1459759, 49.2576462 ], [ -123.1459725, 49.2580968 ], [ -123.1459555, 49.2585545 ], [ -123.1459371, 49.2590516 ], [ -123.1459213, 49.2594634 ], [ -123.1459031, 49.2599406 ], [ -123.1435227, 49.2598929 ], [ -123.1435438, 49.2594396 ], [ -123.1435648, 49.258987 ], [ -123.1433838, 49.2589844 ], [ -123.1423118, 49.2589692 ], [ -123.1420369, 49.2589653 ], [ -123.1413642, 49.2589558 ], [ -123.1412179, 49.2589537 ], [ -123.1412351, 49.2585162 ], [ -123.141254, 49.2580332 ], [ -123.1412744, 49.2575537 ] ] ] ] } },
{ "type": "Feature", "properties": { "name": "59150638", "population": 660, "population_density": 11849.2 }, "geometry": { "type": "MultiPolygon", "coordinates": [ [ [ [ -123.1387415, 49.2580143 ], [ -123.1387939, 49.2570537 ], [ -123.1412937, 49.2570993 ], [ -123.1412744, 49.2575537 ], [ -123.141254, 49.2580332 ], [ -123.1412351, 49.2585162 ], [ -123.1412179, 49.2589537 ], [ -123.1412011, 49.2593891 ], [ -123.1411831, 49.2598535 ], [ -123.1394432, 49.2598266 ], [ -123.1387293, 49.2598155 ], [ -123.1387268, 49.258921 ], [ -123.1387344, 49.2584558 ], [ -123.1387415, 49.2580143 ] ] ] ] } },
{ "type": "Feature", "properties": { "name": "59150639", "population": 510, "population_density": 18681.3 }, "geometry": { "type": "MultiPolygon", "coordinates": [ [ [ [ -123.1362924, 49.2584226 ], [ -123.1363078, 49.2579425 ], [ -123.1370319, 49.2577834 ], [ -123.1376194, 49.257545 ], [ -123.137869, 49.2573923 ], [ -123.1382475, 49.2571608 ], [ -123.1385292, 49.2570692 ], [ -123.1387939, 49.2570537 ], [ -123.1387415, 49.2580143 ], [ -123.1387344, 49.2584558 ], [ -123.1387268, 49.258921 ], [ -123.1362779, 49.2588722 ], [ -123.1362924, 49.2584226 ] ] ] ] } },
{ "type": "Feature", "properties": { "name": "59150640", "population": 449, "population_density": 11909.8 }, "geometry": { "type": "MultiPolygon", "coordinates": [ [ [ [ -123.1362618, 49.2593173 ], [ -123.1362779, 49.2588722 ], [ -123.1387268, 49.258921 ], [ -123.1387293, 49.2598155 ], [ -123.1386974, 49.2608009 ], [ -123.1379465, 49.260787 ], [ -123.1377133, 49.2607826 ], [ -123.1374384, 49.2607775 ], [ -123.1362098, 49.2607547 ], [ -123.1362281, 49.2602491 ], [ -123.1362449, 49.2597847 ], [ -123.1362603, 49.2593585 ], [ -123.1362618, 49.2593173 ] ] ] ] } },
{ "type": "Feature", "properties": { "name": "59150641", "population": 685, "population_density": 19241.6 }, "geometry": { "type": "MultiPolygon", "coordinates": [ [ [ [ -123.1339144, 49.2582685 ], [ -123.133919, 49.2578548 ], [ -123.1342688, 49.2578927 ], [ -123.1344034, 49.2579073 ], [ -123.1356206, 49.2579298 ], [ -123.1360703, 49.2579381 ], [ -123.1363078, 49.2579425 ], [ -123.1362924, 49.2584226 ], [ -123.1362779, 49.2588722 ], [ -123.1362618, 49.2593173 ], [ -123.1362603, 49.2593585 ], [ -123.1362449, 49.2597847 ], [ -123.1338708, 49.2597478 ], [ -123.133888, 49.2593254 ], [ -123.133908, 49.2588345 ], [ -123.1339144, 49.2582685 ] ] ] ] } },
{ "type": "Feature", "properties": { "name": "59150642", "population": 645, "population_density": 17338.7 }, "geometry": { "type": "MultiPolygon", "coordinates": [ [ [ [ -123.1315033, 49.2601555 ], [ -123.1315214, 49.2597097 ], [ -123.1338708, 49.2597478 ], [ -123.1362449, 49.2597847 ], [ -123.1362281, 49.2602491 ], [ -123.1362098, 49.2607547 ], [ -123.1348889, 49.2607346 ], [ -123.1347118, 49.2607319 ], [ -123.1338287, 49.2607185 ], [ -123.131482, 49.2606814 ], [ -123.1315033, 49.2601555 ] ] ] ] } },
{ "type": "Feature", "properties": { "name": "59150643", "population": 614, "population_density": 17492.9 }, "geometry": { "type": "MultiPolygon", "coordinates": [ [ [ [ -123.1315532, 49.2587963 ], [ -123.1315685, 49.2583748 ], [ -123.1315863, 49.2578829 ], [ -123.1330535, 49.2579044 ], [ -123.1333251, 49.2579084 ], [ -123.1333791, 49.2578857 ], [ -123.1336113, 49.2577881 ], [ -123.133919, 49.2578548 ], [ -123.1339144, 49.2582685 ], [ -123.133908, 49.2588345 ], [ -123.133888, 49.2593254 ], [ -123.1338708, 49.2597478 ], [ -123.1315214, 49.2597097 ], [ -123.1315366, 49.259274 ], [ -123.1315532, 49.2587963 ] ] ] ] } },
{ "type": "Feature", "properties": { "name": "59150644", "population": 628, "population_density": 17300.3 }, "geometry": { "type": "MultiPolygon", "coordinates": [ [ [ [ -123.1291379, 49.2592352 ], [ -123.1291531, 49.2587576 ], [ -123.129898, 49.2587696 ], [ -123.1315532, 49.2587963 ], [ -123.1315366, 49.259274 ], [ -123.1315214, 49.2597097 ], [ -123.1315033, 49.2601555 ], [ -123.131482, 49.2606814 ], [ -123.1291004, 49.2606082 ], [ -123.1291124, 49.2601314 ], [ -123.1291239, 49.2596729 ], [ -123.1291377, 49.259241 ], [ -123.1291379, 49.2592352 ] ] ] ] } },
{ "type": "Feature", "properties": { "name": "59150645", "population": 484, "population_density": 6845.8 }, "geometry": { "type": "MultiPolygon", "coordinates": [ [ [ [ -123.1291531, 49.2587576 ], [ -123.1267654, 49.2587184 ], [ -123.1267787, 49.2582717 ], [ -123.1267796, 49.2582447 ], [ -123.1267821, 49.2581604 ], [ -123.1270371, 49.2578141 ], [ -123.1271831, 49.2576072 ], [ -123.1272107, 49.257117 ], [ -123.1276375, 49.2570347 ], [ -123.1278213, 49.2570364 ], [ -123.1303048, 49.2570598 ], [ -123.1308315, 49.2570619 ], [ -123.1317757, 49.2571068 ], [ -123.1317895, 49.2571068 ], [ -123.1318032, 49.2571068 ], [ -123.1321039, 49.2572374 ], [ -123.1326981, 49.2574954 ], [ -123.1336113, 49.2577881 ], [ -123.1333791, 49.2578857 ], [ -123.1333251, 49.2579084 ], [ -123.1330535, 49.2579044 ], [ -123.1315863, 49.2578829 ], [ -123.1315685, 49.2583748 ], [ -123.1315532, 49.2587963 ], [ -123.129898, 49.2587696 ], [ -123.1291531, 49.2587576 ] ] ] ] } },
{ "type": "Feature", "properties": { "name": "59150646", "population": 586, "population_density": 15967.3 }, "geometry": { "type": "MultiPolygon", "coordinates": [ [ [ [ -123.1291004, 49.2606082 ], [ -123.1285811, 49.2606088 ], [ -123.1284682, 49.260658 ], [ -123.1267212, 49.2606293 ], [ -123.1267075, 49.2606291 ], [ -123.1267086, 49.2605932 ], [ -123.12671, 49.2605445 ], [ -123.126722, 49.2601252 ], [ -123.1267226, 49.2601073 ], [ -123.1267361, 49.2596355 ], [ -123.1267501, 49.259198 ], [ -123.1267504, 49.2591893 ], [ -123.1267507, 49.25918 ], [ -123.1267654, 49.2587184 ], [ -123.1291531, 49.2587576 ], [ -123.1291379, 49.2592352 ], [ -123.1291377, 49.259241 ], [ -123.1291239, 49.2596729 ], [ -123.1291124, 49.2601314 ], [ -123.1291004, 49.2606082 ] ] ] ] } },
{ "type": "Feature", "properties": { "name": "59150647", "population": 571, "population_density": 15861.1 }, "geometry": { "type": "MultiPolygon", "coordinates": [ [ [ [ -123.124359, 49.2582295 ], [ -123.124361, 49.2577743 ], [ -123.1270371, 49.2578141 ], [ -123.1267821, 49.2581604 ], [ -123.1267796, 49.2582447 ], [ -123.1267787, 49.2582717 ], [ -123.1267654, 49.2587184 ], [ -123.1267507, 49.25918 ], [ -123.1267504, 49.2591893 ], [ -123.1267501, 49.259198 ], [ -123.1267361, 49.2596355 ], [ -123.1243331, 49.2595985 ], [ -123.1243448, 49.2591472 ], [ -123.124357, 49.2586804 ], [ -123.124359, 49.2582295 ] ] ] ] } },
{ "type": "Feature", "properties": { "name": "59150648", "population": 429, "population_density": 22228.0 }, "geometry": { "type": "MultiPolygon", "coordinates": [ [ [ [ -123.1243199, 49.2600915 ], [ -123.1243331, 49.2595985 ], [ -123.1267361, 49.2596355 ], [ -123.1267226, 49.2601073 ], [ -123.126722, 49.2601252 ], [ -123.12671, 49.2605445 ], [ -123.1267086, 49.2605932 ], [ -123.1267075, 49.2606291 ], [ -123.1254423, 49.260608 ], [ -123.1245497, 49.2606023 ], [ -123.1244348, 49.2605731 ], [ -123.1243073, 49.2605697 ], [ -123.1243199, 49.2600915 ] ] ] ] } },
{ "type": "Feature", "properties": { "name": "59150649", "population": 672, "population_density": 3599.4 }, "geometry": { "type": "MultiPolygon", "coordinates": [ [ [ [ -123.1199656, 49.2599693 ], [ -123.1199899, 49.2595268 ], [ -123.1219883, 49.2595531 ], [ -123.1243331, 49.2595985 ], [ -123.1243199, 49.2600915 ], [ -123.1243073, 49.2605697 ], [ -123.1244348, 49.2605731 ], [ -123.1245497, 49.2606023 ], [ -123.1254423, 49.260608 ], [ -123.1267075, 49.2606291 ], [ -123.1266933, 49.2610787 ], [ -123.1266792, 49.2615291 ], [ -123.1266644, 49.2619964 ], [ -123.1266503, 49.2624399 ], [ -123.1266354, 49.2629049 ], [ -123.1266193, 49.2634065 ], [ -123.1241763, 49.2633684 ], [ -123.1218194, 49.2633173 ], [ -123.1198948, 49.2632947 ], [ -123.1199091, 49.2628041 ], [ -123.1199104, 49.2627591 ], [ -123.1199228, 49.2623344 ], [ -123.1199304, 49.2613933 ], [ -123.1199365, 49.2604982 ], [ -123.1199656, 49.2599693 ] ] ] ] } },
{ "type": "Feature", "properties": { "name": "59150650", "population": 468, "population_density": 13604.7 }, "geometry": { "type": "MultiPolygon", "coordinates": [ [ [ [ -123.1220364, 49.2581783 ], [ -123.1220519, 49.2577317 ], [ -123.124361, 49.2577743 ], [ -123.124359, 49.2582295 ], [ -123.124357, 49.2586804 ], [ -123.1243448, 49.2591472 ], [ -123.1243331, 49.2595985 ], [ -123.1219883, 49.2595531 ], [ -123.1220035, 49.2591229 ], [ -123.1220207, 49.2586325 ], [ -123.1220364, 49.2581783 ] ] ] ] } },
{ "type": "Feature", "properties": { "name": "59150651", "population": 392, "population_density": 13564.0 }, "geometry": { "type": "MultiPolygon", "coordinates": [ [ [ [ -123.1200813, 49.2581806 ], [ -123.1201026, 49.2577112 ], [ -123.1220519, 49.2577317 ], [ -123.1220364, 49.2581783 ], [ -123.1220207, 49.2586325 ], [ -123.1220035, 49.2591229 ], [ -123.1219883, 49.2595531 ], [ -123.1199899, 49.2595268 ], [ -123.1200292, 49.2590804 ], [ -123.1200505, 49.2588384 ], [ -123.1200619, 49.2586099 ], [ -123.1200813, 49.2581806 ] ] ] ] } },
{ "type": "Feature", "properties": { "name": "59150652", "population": 718, "population_density": 17772.3 }, "geometry": { "type": "MultiPolygon", "coordinates": [ [ [ [ -123.1201131, 49.257416 ], [ -123.1201286, 49.2569823 ], [ -123.1207459, 49.256997 ], [ -123.122031, 49.2570276 ], [ -123.1237136, 49.2570577 ], [ -123.1243841, 49.2570697 ], [ -123.1272107, 49.257117 ], [ -123.1271831, 49.2576072 ], [ -123.1270371, 49.2578141 ], [ -123.124361, 49.2577743 ], [ -123.1220519, 49.2577317 ], [ -123.1201026, 49.2577112 ], [ -123.1201131, 49.257416 ] ] ] ] } },
{ "type": "Feature", "properties": { "name": "59150653", "population": 475, "population_density": 10626.4 }, "geometry": { "type": "MultiPolygon", "coordinates": [ [ [ [ -123.1201559, 49.2556434 ], [ -123.1201668, 49.2551944 ], [ -123.1208365, 49.2552067 ], [ -123.1220972, 49.2552297 ], [ -123.1220798, 49.2556858 ], [ -123.1220621, 49.2561502 ], [ -123.1244274, 49.2561926 ], [ -123.1243841, 49.2570697 ], [ -123.1237136, 49.2570577 ], [ -123.122031, 49.2570276 ], [ -123.1207459, 49.256997 ], [ -123.1201286, 49.2569823 ], [ -123.1201446, 49.2561054 ], [ -123.1201559, 49.2556434 ] ] ] ] } },
{ "type": "Feature", "properties": { "name": "59150654", "population": 615, "population_density": 10477.0 }, "geometry": { "type": "MultiPolygon", "coordinates": [ [ [ [ -123.1220798, 49.2556858 ], [ -123.1220972, 49.2552297 ], [ -123.123777, 49.2552605 ], [ -123.1244844, 49.2552735 ], [ -123.1265535, 49.2553114 ], [ -123.1272901, 49.2553249 ], [ -123.1272573, 49.2560761 ], [ -123.1272515, 49.2562363 ], [ -123.1272306, 49.2566875 ], [ -123.1272107, 49.257117 ], [ -123.1243841, 49.2570697 ], [ -123.1244274, 49.2561926 ], [ -123.1220621, 49.2561502 ], [ -123.1220798, 49.2556858 ] ] ] ] } },
{ "type": "Feature", "properties": { "name": "59150655", "population": 496, "population_density": 8038.9 }, "geometry": { "type": "MultiPolygon", "coordinates": [ [ [ [ -123.1245632, 49.2530395 ], [ -123.12459, 49.2525714 ], [ -123.1274096, 49.2526186 ], [ -123.1273878, 49.2530985 ], [ -123.1273682, 49.25353 ], [ -123.1273484, 49.2539891 ], [ -123.1273301, 49.2544126 ], [ -123.1272901, 49.2553249 ], [ -123.1265535, 49.2553114 ], [ -123.1244844, 49.2552735 ], [ -123.1245022, 49.2548205 ], [ -123.1245201, 49.2543647 ], [ -123.1245387, 49.2534663 ], [ -123.1245632, 49.2530395 ] ] ] ] } },
{ "type": "Feature", "properties": { "name": "59150656", "population": 439, "population_density": 5557.0 }, "geometry": { "type": "MultiPolygon", "coordinates": [ [ [ [ -123.1273878, 49.2530985 ], [ -123.1274096, 49.2526186 ], [ -123.1276126, 49.2526222 ], [ -123.1278728, 49.2526796 ], [ -123.1280424, 49.2527787 ], [ -123.1285509, 49.2534721 ], [ -123.1286972, 49.2536716 ], [ -123.129246, 49.2546365 ], [ -123.1292711, 49.2547858 ], [ -123.1296288, 49.2551097 ], [ -123.13026, 49.2560083 ], [ -123.1308417, 49.25653 ], [ -123.1312534, 49.2568247 ], [ -123.1318032, 49.2571068 ], [ -123.1317895, 49.2571068 ], [ -123.1317757, 49.2571068 ], [ -123.1308315, 49.2570619 ], [ -123.1303048, 49.2570598 ], [ -123.1278213, 49.2570364 ], [ -123.1276375, 49.2570347 ], [ -123.1272107, 49.257117 ], [ -123.1272306, 49.2566875 ], [ -123.1272515, 49.2562363 ], [ -123.1272573, 49.2560761 ], [ -123.1272901, 49.2553249 ], [ -123.1273301, 49.2544126 ], [ -123.1273484, 49.2539891 ], [ -123.1273682, 49.25353 ], [ -123.1273878, 49.2530985 ] ] ] ] } },
{ "type": "Feature", "properties": { "name": "59150657", "population": 496, "population_density": 1137.1 }, "geometry": { "type": "MultiPolygon", "coordinates": [ [ [ [ -123.1360703, 49.2579381 ], [ -123.1356206, 49.2579298 ], [ -123.1344034, 49.2579073 ], [ -123.1342688, 49.2578927 ], [ -123.133919, 49.2578548 ], [ -123.1336113, 49.2577881 ], [ -123.1326981, 49.2574954 ], [ -123.1321039, 49.2572374 ], [ -123.1318032, 49.2571068 ], [ -123.1312534, 49.2568247 ], [ -123.1308417, 49.25653 ], [ -123.13026, 49.2560083 ], [ -123.1296288, 49.2551097 ], [ -123.1292711, 49.2547858 ], [ -123.129246, 49.2546365 ], [ -123.1286972, 49.2536716 ], [ -123.1285509, 49.2534721 ], [ -123.1280424, 49.2527787 ], [ -123.1278728, 49.2526796 ], [ -123.1276126, 49.2526222 ], [ -123.1274096, 49.2526186 ], [ -123.127429, 49.2521723 ], [ -123.1274487, 49.2517198 ], [ -123.1278431, 49.2517393 ], [ -123.1292799, 49.2519802 ], [ -123.1297748, 49.2519727 ], [ -123.1299603, 49.2519713 ], [ -123.1320528, 49.2518918 ], [ -123.1336985, 49.2518185 ], [ -123.1344386, 49.2518444 ], [ -123.1360992, 49.2520426 ], [ -123.1367253, 49.2520682 ], [ -123.137245, 49.2520586 ], [ -123.13822, 49.2519749 ], [ -123.1384926, 49.2519515 ], [ -123.1390248, 49.2519058 ], [ -123.1389384, 49.253151 ], [ -123.1389125, 49.254506 ], [ -123.1389103, 49.2546086 ], [ -123.1389078, 49.2546606 ], [ -123.1388198, 49.2565212 ], [ -123.1388123, 49.2566747 ], [ -123.1387939, 49.2570537 ], [ -123.1385292, 49.2570692 ], [ -123.1382475, 49.2571608 ], [ -123.137869, 49.2573923 ], [ -123.1376194, 49.257545 ], [ -123.1370319, 49.2577834 ], [ -123.1363078, 49.2579425 ], [ -123.1360703, 49.2579381 ] ] ] ] } },
{ "type": "Feature", "properties": { "name": "59150658", "population": 683, "population_density": 5455.3 }, "geometry": { "type": "MultiPolygon", "coordinates": [ [ [ [ -123.1223212, 49.2492042 ], [ -123.12232, 49.2490457 ], [ -123.12471, 49.2491067 ], [ -123.1247035, 49.2491989 ], [ -123.1246986, 49.2492685 ], [ -123.1247123, 49.2492689 ], [ -123.1275137, 49.249339 ], [ -123.1275032, 49.2500131 ], [ -123.1274907, 49.2508202 ], [ -123.1274667, 49.2513357 ], [ -123.1274487, 49.2517198 ], [ -123.127429, 49.2521723 ], [ -123.1274096, 49.2526186 ], [ -123.12459, 49.2525714 ], [ -123.1246069, 49.2521401 ], [ -123.1246254, 49.2516689 ], [ -123.1239577, 49.2516563 ], [ -123.1222151, 49.2516235 ], [ -123.1222345, 49.2511795 ], [ -123.1222547, 49.2507193 ], [ -123.1222906, 49.2501177 ], [ -123.1223212, 49.2492042 ] ] ] ] } },
{ "type": "Feature", "properties": { "name": "59150659", "population": 591, "population_density": 2933.0 }, "geometry": { "type": "MultiPolygon", "coordinates": [ [ [ [ -123.1276005, 49.2472264 ], [ -123.1276629, 49.2463066 ], [ -123.1283722, 49.2463215 ], [ -123.129252, 49.24634 ], [ -123.1299259, 49.2463542 ], [ -123.1306532, 49.2463616 ], [ -123.1321121, 49.2463763 ], [ -123.1320996, 49.2468419 ], [ -123.1320857, 49.2473592 ], [ -123.1320391, 49.2482236 ], [ -123.1320216, 49.2486947 ], [ -123.1320038, 49.249173 ], [ -123.1319953, 49.2493772 ], [ -123.1319739, 49.2500623 ], [ -123.1319531, 49.2507272 ], [ -123.1319364, 49.2511744 ], [ -123.1319761, 49.2514192 ], [ -123.1320528, 49.2518918 ], [ -123.1299603, 49.2519713 ], [ -123.1297748, 49.2519727 ], [ -123.1292799, 49.2519802 ], [ -123.1278431, 49.2517393 ], [ -123.1274487, 49.2517198 ], [ -123.1274667, 49.2513357 ], [ -123.1274907, 49.2508202 ], [ -123.1275032, 49.2500131 ], [ -123.1275137, 49.249339 ], [ -123.1275098, 49.2491363 ], [ -123.127539, 49.2486542 ], [ -123.1275695, 49.2481497 ], [ -123.1276005, 49.2472264 ] ] ] ] } },
{ "type": "Feature", "properties": { "name": "59150660", "population": 476, "population_density": 1787.5 }, "geometry": { "type": "MultiPolygon", "coordinates": [ [ [ [ -123.1320216, 49.2486947 ], [ -123.1320391, 49.2482236 ], [ -123.1320857, 49.2473592 ], [ -123.1344933, 49.2474439 ], [ -123.1345147, 49.246992 ], [ -123.1345144, 49.246902 ], [ -123.1345003, 49.2467581 ], [ -123.1344862, 49.2466142 ], [ -123.13472, 49.2467219 ], [ -123.1353255, 49.247045 ], [ -123.1358344, 49.2472603 ], [ -123.1365922, 49.2473543 ], [ -123.1367776, 49.2473686 ], [ -123.1384202, 49.2474017 ], [ -123.1391683, 49.2474167 ], [ -123.1391489, 49.2483322 ], [ -123.1391265, 49.248777 ], [ -123.1390996, 49.2493109 ], [ -123.139094, 49.2495135 ], [ -123.139075, 49.2501803 ], [ -123.1390561, 49.2508411 ], [ -123.1390248, 49.2519058 ], [ -123.1384926, 49.2519515 ], [ -123.13822, 49.2519749 ], [ -123.137245, 49.2520586 ], [ -123.1367253, 49.2520682 ], [ -123.1360992, 49.2520426 ], [ -123.1344386, 49.2518444 ], [ -123.1336985, 49.2518185 ], [ -123.1320528, 49.2518918 ], [ -123.1319761, 49.2514192 ], [ -123.1319364, 49.2511744 ], [ -123.1319531, 49.2507272 ], [ -123.1319739, 49.2500623 ], [ -123.1319953, 49.2493772 ], [ -123.1320038, 49.249173 ], [ -123.1320216, 49.2486947 ] ] ] ] } },
{ "type": "Feature", "properties": { "name": "59150661", "population": 538, "population_density": 1777.3 }, "geometry": { "type": "MultiPolygon", "coordinates": [ [ [ [ -123.13472, 49.2467219 ], [ -123.1344862, 49.2466142 ], [ -123.1345003, 49.2467581 ], [ -123.1345144, 49.246902 ], [ -123.1345147, 49.246992 ], [ -123.1344933, 49.2474439 ], [ -123.1320857, 49.2473592 ], [ -123.1320996, 49.2468419 ], [ -123.1321121, 49.2463763 ], [ -123.1321135, 49.2458973 ], [ -123.1321151, 49.245372 ], [ -123.1320925, 49.2452039 ], [ -123.1323587, 49.2447584 ], [ -123.1326746, 49.2442294 ], [ -123.1329695, 49.24371 ], [ -123.1330428, 49.2435808 ], [ -123.1331102, 49.2431799 ], [ -123.1330723, 49.2429925 ], [ -123.132773, 49.2424143 ], [ -123.1325011, 49.2421371 ], [ -123.1323067, 49.2419389 ], [ -123.1323105, 49.2416103 ], [ -123.1345982, 49.2416972 ], [ -123.1368615, 49.2417807 ], [ -123.1383463, 49.2418452 ], [ -123.1385533, 49.2418542 ], [ -123.1393128, 49.2418872 ], [ -123.1392573, 49.2421866 ], [ -123.1392346, 49.2428219 ], [ -123.1392064, 49.2436805 ], [ -123.1391727, 49.2452739 ], [ -123.139162, 49.2454466 ], [ -123.1391737, 49.2464828 ], [ -123.1391683, 49.2474167 ], [ -123.1384202, 49.2474017 ], [ -123.1367776, 49.2473686 ], [ -123.1365922, 49.2473543 ], [ -123.1358344, 49.2472603 ], [ -123.1353255, 49.247045 ], [ -123.13472, 49.2467219 ] ] ] ] } },
{ "type": "Feature", "properties": { "name": "59150662", "population": 429, "population_density": 1522.9 }, "geometry": { "type": "MultiPolygon", "coordinates": [ [ [ [ -123.1414391, 49.2508601 ], [ -123.1397328, 49.2508465 ], [ -123.1390561, 49.2508411 ], [ -123.139075, 49.2501803 ], [ -123.139094, 49.2495135 ], [ -123.1390996, 49.2493109 ], [ -123.1391265, 49.248777 ], [ -123.1391489, 49.2483322 ], [ -123.1391683, 49.2474167 ], [ -123.1391737, 49.2464828 ], [ -123.139162, 49.2454466 ], [ -123.1399392, 49.2454579 ], [ -123.1405026, 49.245466 ], [ -123.1416316, 49.2454823 ], [ -123.1439779, 49.2455148 ], [ -123.1447341, 49.2455248 ], [ -123.1454803, 49.2455347 ], [ -123.1454751, 49.2457985 ], [ -123.1461729, 49.247514 ], [ -123.1461237, 49.2489124 ], [ -123.1461049, 49.249447 ], [ -123.1461088, 49.2496065 ], [ -123.1446313, 49.24958 ], [ -123.1446326, 49.2496337 ], [ -123.1446217, 49.2497503 ], [ -123.1446084, 49.2499302 ], [ -123.1445814, 49.2500831 ], [ -123.1445406, 49.2502271 ], [ -123.1445269, 49.2502541 ], [ -123.1444588, 49.2504431 ], [ -123.1442539, 49.2508841 ], [ -123.144199, 49.2508842 ], [ -123.1433058, 49.2508763 ], [ -123.1423302, 49.2508685 ], [ -123.1414391, 49.2508601 ] ] ] ] } },
{ "type": "Feature", "properties": { "name": "59150663", "population": 446, "population_density": 1606.0 }, "geometry": { "type": "MultiPolygon", "coordinates": [ [ [ [ -123.1394291, 49.2383526 ], [ -123.1394485, 49.2380139 ], [ -123.1404944, 49.2380417 ], [ -123.1420297, 49.2380824 ], [ -123.1422665, 49.2382753 ], [ -123.1423201, 49.2383655 ], [ -123.1424321, 49.2385539 ], [ -123.1425287, 49.2387067 ], [ -123.1425452, 49.2390751 ], [ -123.1425441, 49.2392644 ], [ -123.1425311, 49.2395073 ], [ -123.142518, 49.2397682 ], [ -123.1424829, 49.2400211 ], [ -123.1424785, 49.2403349 ], [ -123.1424651, 49.2404609 ], [ -123.142452, 49.2406858 ], [ -123.1424391, 49.2409099 ], [ -123.1424389, 49.2409197 ], [ -123.142426, 49.2411895 ], [ -123.1423991, 49.2414145 ], [ -123.1423861, 49.2416663 ], [ -123.1423566, 49.2419165 ], [ -123.1432109, 49.2419405 ], [ -123.1441221, 49.241966 ], [ -123.1448054, 49.2419775 ], [ -123.145513, 49.2419893 ], [ -123.1455193, 49.2435613 ], [ -123.1454803, 49.2455347 ], [ -123.1447341, 49.2455248 ], [ -123.1439779, 49.2455148 ], [ -123.1416316, 49.2454823 ], [ -123.1405026, 49.245466 ], [ -123.1399392, 49.2454579 ], [ -123.139162, 49.2454466 ], [ -123.1391727, 49.2452739 ], [ -123.1392064, 49.2436805 ], [ -123.1392346, 49.2428219 ], [ -123.1392573, 49.2421866 ], [ -123.1393128, 49.2418872 ], [ -123.1393216, 49.2413822 ], [ -123.1393302, 49.2408914 ], [ -123.1393451, 49.2404647 ], [ -123.1393626, 49.2399654 ], [ -123.1393771, 49.2394928 ], [ -123.1393928, 49.2389853 ], [ -123.1394179, 49.2385477 ], [ -123.1394291, 49.2383526 ] ] ] ] } },
{ "type": "Feature", "properties": { "name": "59150664", "population": 493, "population_density": 1781.1 }, "geometry": { "type": "MultiPolygon", "coordinates": [ [ [ [ -123.1455193, 49.2435613 ], [ -123.145513, 49.2419893 ], [ -123.1461924, 49.2420011 ], [ -123.1467928, 49.2420115 ], [ -123.1468994, 49.2420127 ], [ -123.1468876, 49.242325 ], [ -123.1468941, 49.242544 ], [ -123.1469733, 49.242895 ], [ -123.1473439, 49.2437861 ], [ -123.1476628, 49.2443169 ], [ -123.1478785, 49.2446138 ], [ -123.1486189, 49.2455067 ], [ -123.1491667, 49.2460461 ], [ -123.1502482, 49.2475849 ], [ -123.1509461, 49.2484426 ], [ -123.1515482, 49.2491933 ], [ -123.15144, 49.2496186 ], [ -123.1517922, 49.2500909 ], [ -123.1517983, 49.250282 ], [ -123.151712, 49.2505013 ], [ -123.1516642, 49.2505615 ], [ -123.1515007, 49.2507677 ], [ -123.1513843, 49.2509853 ], [ -123.151155, 49.2513808 ], [ -123.1508544, 49.2518991 ], [ -123.1507896, 49.2518318 ], [ -123.1503019, 49.2514971 ], [ -123.1496965, 49.251246 ], [ -123.148914, 49.2511313 ], [ -123.1486586, 49.251134 ], [ -123.1479163, 49.251145 ], [ -123.1471893, 49.251242 ], [ -123.146188, 49.2514452 ], [ -123.1456164, 49.2515382 ], [ -123.1456202, 49.2515294 ], [ -123.1457878, 49.2511419 ], [ -123.1460048, 49.2502801 ], [ -123.1461294, 49.2497854 ], [ -123.1460837, 49.2496788 ], [ -123.1461088, 49.2496065 ], [ -123.1461049, 49.249447 ], [ -123.1461237, 49.2489124 ], [ -123.1461729, 49.247514 ], [ -123.1454751, 49.2457985 ], [ -123.1454803, 49.2455347 ], [ -123.1455193, 49.2435613 ] ] ] ] } },
{ "type": "Feature", "properties": { "name": "59150665", "population": 475, "population_density": 2792.5 }, "geometry": { "type": "MultiPolygon", "coordinates": [ [ [ [ -123.1423861, 49.2416663 ], [ -123.1423991, 49.2414145 ], [ -123.142426, 49.2411895 ], [ -123.1424389, 49.2409197 ], [ -123.1424391, 49.2409099 ], [ -123.142452, 49.2406858 ], [ -123.1424651, 49.2404609 ], [ -123.1424785, 49.2403349 ], [ -123.1424829, 49.2400211 ], [ -123.142518, 49.2397682 ], [ -123.1425311, 49.2395073 ], [ -123.1425441, 49.2392644 ], [ -123.1425452, 49.2390751 ], [ -123.1425287, 49.2387067 ], [ -123.1424321, 49.2385539 ], [ -123.1423201, 49.2383655 ], [ -123.1422665, 49.2382753 ], [ -123.1420297, 49.2380824 ], [ -123.1433516, 49.2381041 ], [ -123.1442654, 49.2381191 ], [ -123.1463955, 49.2381322 ], [ -123.1469934, 49.2381444 ], [ -123.1488099, 49.2381889 ], [ -123.1487988, 49.2384454 ], [ -123.1487898, 49.2386535 ], [ -123.148771, 49.2390895 ], [ -123.1487558, 49.2395354 ], [ -123.1487402, 49.2399939 ], [ -123.1469842, 49.23997 ], [ -123.146912, 49.2407869 ], [ -123.1474933, 49.2407779 ], [ -123.147867, 49.2408128 ], [ -123.1475484, 49.2409957 ], [ -123.1471919, 49.2413167 ], [ -123.1470259, 49.2415728 ], [ -123.1469317, 49.2418104 ], [ -123.1468919, 49.2418311 ], [ -123.1468994, 49.2420127 ], [ -123.1467928, 49.2420115 ], [ -123.1461924, 49.2420011 ], [ -123.145513, 49.2419893 ], [ -123.1448054, 49.2419775 ], [ -123.1441221, 49.241966 ], [ -123.1432109, 49.2419405 ], [ -123.1423566, 49.2419165 ], [ -123.1423861, 49.2416663 ] ] ] ] } },
{ "type": "Feature", "properties": { "name": "59150666", "population": 423, "population_density": 1468.8 }, "geometry": { "type": "MultiPolygon", "coordinates": [ [ [ [ -123.1395884, 49.2353649 ], [ -123.1396239, 49.2343435 ], [ -123.1405659, 49.234352 ], [ -123.1414282, 49.2343598 ], [ -123.1423531, 49.2343756 ], [ -123.1433346, 49.2343923 ], [ -123.1447226, 49.2344137 ], [ -123.1455267, 49.2344268 ], [ -123.1462999, 49.2344393 ], [ -123.1470237, 49.2344504 ], [ -123.1476688, 49.2344602 ], [ -123.148507, 49.2344736 ], [ -123.1492296, 49.2344852 ], [ -123.1491597, 49.236338 ], [ -123.1491039, 49.2377626 ], [ -123.149087, 49.2381926 ], [ -123.1488099, 49.2381889 ], [ -123.1469934, 49.2381444 ], [ -123.1463955, 49.2381322 ], [ -123.1442654, 49.2381191 ], [ -123.1433516, 49.2381041 ], [ -123.1420297, 49.2380824 ], [ -123.1404944, 49.2380417 ], [ -123.1394485, 49.2380139 ], [ -123.1395104, 49.2371211 ], [ -123.1395567, 49.2362585 ], [ -123.1395884, 49.2353649 ] ] ] ] } },
{ "type": "Feature", "properties": { "name": "59150667", "population": 462, "population_density": 2033.5 }, "geometry": { "type": "MultiPolygon", "coordinates": [ [ [ [ -123.1303206, 49.2358843 ], [ -123.1303336, 49.2354732 ], [ -123.1303494, 49.2349744 ], [ -123.1325129, 49.2350437 ], [ -123.1325322, 49.2346357 ], [ -123.1325577, 49.2340963 ], [ -123.1333564, 49.2341248 ], [ -123.134069, 49.234149 ], [ -123.134825, 49.2341746 ], [ -123.1356335, 49.2342026 ], [ -123.1363909, 49.2342288 ], [ -123.1372033, 49.2342567 ], [ -123.1379939, 49.2342822 ], [ -123.1387524, 49.2343107 ], [ -123.1396239, 49.2343435 ], [ -123.1395884, 49.2353649 ], [ -123.1395567, 49.2362585 ], [ -123.1395104, 49.2371211 ], [ -123.1394485, 49.2380139 ], [ -123.1384891, 49.2380009 ], [ -123.1378706, 49.2379925 ], [ -123.1370889, 49.2379819 ], [ -123.1369923, 49.2379774 ], [ -123.1346931, 49.2378697 ], [ -123.13471, 49.2374373 ], [ -123.1347289, 49.2369563 ], [ -123.1324547, 49.2368761 ], [ -123.13029, 49.2368005 ], [ -123.1303046, 49.2363639 ], [ -123.1303206, 49.2358843 ] ] ] ] } },
{ "type": "Feature", "properties": { "name": "59150668", "population": 491, "population_density": 1264.8 }, "geometry": { "type": "MultiPolygon", "coordinates": [ [ [ [ -123.1278894, 49.2394971 ], [ -123.1279515, 49.2376489 ], [ -123.1287215, 49.2376742 ], [ -123.1302535, 49.2377246 ], [ -123.1302703, 49.2372994 ], [ -123.13029, 49.2368005 ], [ -123.1324547, 49.2368761 ], [ -123.1347289, 49.2369563 ], [ -123.13471, 49.2374373 ], [ -123.1346931, 49.2378697 ], [ -123.1369923, 49.2379774 ], [ -123.1370889, 49.2379819 ], [ -123.1378706, 49.2379925 ], [ -123.1384891, 49.2380009 ], [ -123.1394485, 49.2380139 ], [ -123.1394291, 49.2383526 ], [ -123.1394179, 49.2385477 ], [ -123.1393928, 49.2389853 ], [ -123.1393771, 49.2394928 ], [ -123.1393626, 49.2399654 ], [ -123.1393451, 49.2404647 ], [ -123.1393302, 49.2408914 ], [ -123.1393216, 49.2413822 ], [ -123.1393128, 49.2418872 ], [ -123.1385533, 49.2418542 ], [ -123.1383463, 49.2418452 ], [ -123.1368615, 49.2417807 ], [ -123.1345982, 49.2416972 ], [ -123.1323105, 49.2416103 ], [ -123.1308068, 49.2415531 ], [ -123.1301118, 49.2415266 ], [ -123.1294329, 49.2415002 ], [ -123.1285261, 49.241465 ], [ -123.1278242, 49.2414377 ], [ -123.1278386, 49.2410083 ], [ -123.1278558, 49.2404954 ], [ -123.1278894, 49.2394971 ] ] ] ] } },
{ "type": "Feature", "properties": { "name": "59150669", "population": 572, "population_density": 6574.7 }, "geometry": { "type": "MultiPolygon", "coordinates": [ [ [ [ -123.1279797, 49.2367498 ], [ -123.1280583, 49.2344598 ], [ -123.1280739, 49.2340067 ], [ -123.1280759, 49.2339559 ], [ -123.1280785, 49.233888 ], [ -123.1288748, 49.2339185 ], [ -123.1303822, 49.2339763 ], [ -123.130526, 49.2339828 ], [ -123.1306782, 49.234031 ], [ -123.1318521, 49.2340731 ], [ -123.1325577, 49.2340963 ], [ -123.1325322, 49.2346357 ], [ -123.1325129, 49.2350437 ], [ -123.1303494, 49.2349744 ], [ -123.1303336, 49.2354732 ], [ -123.1303206, 49.2358843 ], [ -123.1303046, 49.2363639 ], [ -123.13029, 49.2368005 ], [ -123.1302703, 49.2372994 ], [ -123.1302535, 49.2377246 ], [ -123.1287215, 49.2376742 ], [ -123.1279515, 49.2376489 ], [ -123.1279797, 49.2367498 ] ] ] ] } },
{ "type": "Feature", "properties": { "name": "59150670", "population": 523, "population_density": 2770.1 }, "geometry": { "type": "MultiPolygon", "coordinates": [ [ [ [ -123.1277933, 49.2423809 ], [ -123.1278242, 49.2414377 ], [ -123.1285261, 49.241465 ], [ -123.1294329, 49.2415002 ], [ -123.1301118, 49.2415266 ], [ -123.1308068, 49.2415531 ], [ -123.1323105, 49.2416103 ], [ -123.1323067, 49.2419389 ], [ -123.1325011, 49.2421371 ], [ -123.132773, 49.2424143 ], [ -123.1330723, 49.2429925 ], [ -123.1331102, 49.2431799 ], [ -123.1330428, 49.2435808 ], [ -123.1329695, 49.24371 ], [ -123.1326746, 49.2442294 ], [ -123.1323587, 49.2447584 ], [ -123.1320925, 49.2452039 ], [ -123.1321151, 49.245372 ], [ -123.1321135, 49.2458973 ], [ -123.1321121, 49.2463763 ], [ -123.1306532, 49.2463616 ], [ -123.1299259, 49.2463542 ], [ -123.129252, 49.24634 ], [ -123.1283722, 49.2463215 ], [ -123.1276629, 49.2463066 ], [ -123.1276501, 49.2454046 ], [ -123.1276595, 49.2444987 ], [ -123.1276688, 49.2441612 ], [ -123.1276738, 49.2439812 ], [ -123.1276849, 49.2435779 ], [ -123.1277933, 49.2423809 ] ] ] ] } },
{ "type": "Feature", "properties": { "name": "59150671", "population": 572, "population_density": 1389.0 }, "geometry": { "type": "MultiPolygon", "coordinates": [ [ [ [ -123.1206054, 49.2417357 ], [ -123.1206348, 49.2411686 ], [ -123.1236294, 49.2412818 ], [ -123.1249751, 49.241324 ], [ -123.1278242, 49.2414377 ], [ -123.1277933, 49.2423809 ], [ -123.1276849, 49.2435779 ], [ -123.1276738, 49.2439812 ], [ -123.1276688, 49.2441612 ], [ -123.1276595, 49.2444987 ], [ -123.1276501, 49.2454046 ], [ -123.1276629, 49.2463066 ], [ -123.1276005, 49.2472264 ], [ -123.1275695, 49.2481497 ], [ -123.127539, 49.2486542 ], [ -123.1275098, 49.2491363 ], [ -123.1275137, 49.249339 ], [ -123.1247123, 49.2492689 ], [ -123.1246986, 49.2492685 ], [ -123.1247035, 49.2491989 ], [ -123.12471, 49.2491067 ], [ -123.12232, 49.2490457 ], [ -123.1223486, 49.2485258 ], [ -123.1223738, 49.2480671 ], [ -123.1223906, 49.2475905 ], [ -123.1224065, 49.247142 ], [ -123.1224399, 49.2462268 ], [ -123.1204366, 49.2461995 ], [ -123.1204498, 49.2457295 ], [ -123.1204628, 49.2452688 ], [ -123.1204783, 49.2448117 ], [ -123.1204942, 49.2443418 ], [ -123.1205182, 49.2438398 ], [ -123.120545, 49.2432785 ], [ -123.1205634, 49.2427248 ], [ -123.1205798, 49.2422309 ], [ -123.1206054, 49.2417357 ] ] ] ] } },
{ "type": "Feature", "properties": { "name": "59150672", "population": 651, "population_density": 3802.6 }, "geometry": { "type": "MultiPolygon", "coordinates": [ [ [ [ -123.1165701, 49.2470466 ], [ -123.1156992, 49.2470331 ], [ -123.1154849, 49.2470292 ], [ -123.1152726, 49.2470253 ], [ -123.1153068, 49.2460993 ], [ -123.1153075, 49.2460903 ], [ -123.1153789, 49.24516 ], [ -123.1153818, 49.2451512 ], [ -123.115438, 49.2449832 ], [ -123.1156834, 49.2446141 ], [ -123.1161527, 49.2441988 ], [ -123.1172019, 49.2436008 ], [ -123.117765, 49.2432241 ], [ -123.1181504, 49.2426561 ], [ -123.1182426, 49.2421608 ], [ -123.1182472, 49.2421362 ], [ -123.1183359, 49.2410995 ], [ -123.1183375, 49.2410811 ], [ -123.1185361, 49.2410891 ], [ -123.1192919, 49.2411177 ], [ -123.1206348, 49.2411686 ], [ -123.1206054, 49.2417357 ], [ -123.1205798, 49.2422309 ], [ -123.1205634, 49.2427248 ], [ -123.120545, 49.2432785 ], [ -123.1205182, 49.2438398 ], [ -123.1204942, 49.2443418 ], [ -123.1204783, 49.2448117 ], [ -123.1204628, 49.2452688 ], [ -123.1204498, 49.2457295 ], [ -123.1204366, 49.2461995 ], [ -123.1185369, 49.2461623 ], [ -123.118518, 49.2466404 ], [ -123.1185008, 49.2470765 ], [ -123.1165701, 49.2470466 ] ] ] ] } },
{ "type": "Feature", "properties": { "name": "59150673", "population": 444, "population_density": 3072.7 }, "geometry": { "type": "MultiPolygon", "coordinates": [ [ [ [ -123.1152895, 49.2491389 ], [ -123.1152951, 49.249049 ], [ -123.1152989, 49.2489212 ], [ -123.1152365, 49.2479593 ], [ -123.1152726, 49.2470253 ], [ -123.1154849, 49.2470292 ], [ -123.1156992, 49.2470331 ], [ -123.1165701, 49.2470466 ], [ -123.1185008, 49.2470765 ], [ -123.118518, 49.2466404 ], [ -123.1185369, 49.2461623 ], [ -123.1204366, 49.2461995 ], [ -123.1224399, 49.2462268 ], [ -123.1224065, 49.247142 ], [ -123.1223906, 49.2475905 ], [ -123.1223738, 49.2480671 ], [ -123.1204148, 49.2480328 ], [ -123.1184642, 49.2479979 ], [ -123.1184413, 49.2484754 ], [ -123.1184179, 49.2489631 ], [ -123.1184118, 49.2491071 ], [ -123.1183918, 49.2495727 ], [ -123.1183722, 49.250032 ], [ -123.1183548, 49.2506441 ], [ -123.1168408, 49.2506149 ], [ -123.1161943, 49.2506025 ], [ -123.1162093, 49.2500283 ], [ -123.1160715, 49.2500392 ], [ -123.1153605, 49.2500957 ], [ -123.1153837, 49.249236 ], [ -123.1152895, 49.2491389 ] ] ] ] } },
{ "type": "Feature", "properties": { "name": "59150674", "population": 488, "population_density": 4341.6 }, "geometry": { "type": "MultiPolygon", "coordinates": [ [ [ [ -123.1184413, 49.2484754 ], [ -123.1184642, 49.2479979 ], [ -123.1204148, 49.2480328 ], [ -123.1223738, 49.2480671 ], [ -123.1223486, 49.2485258 ], [ -123.12232, 49.2490457 ], [ -123.1223212, 49.2492042 ], [ -123.1222906, 49.2501177 ], [ -123.1222547, 49.2507193 ], [ -123.1222345, 49.2511795 ], [ -123.1222151, 49.2516235 ], [ -123.1202849, 49.2515874 ], [ -123.1183218, 49.2515511 ], [ -123.1183381, 49.2511022 ], [ -123.1183548, 49.2506441 ], [ -123.1183722, 49.250032 ], [ -123.1183918, 49.2495727 ], [ -123.1184118, 49.2491071 ], [ -123.1184179, 49.2489631 ], [ -123.1184413, 49.2484754 ] ] ] ] } },
{ "type": "Feature", "properties": { "name": "59150675", "population": 667, "population_density": 7297.6 }, "geometry": { "type": "MultiPolygon", "coordinates": [ [ [ [ -123.1153253, 49.2512143 ], [ -123.1153605, 49.2500957 ], [ -123.1160715, 49.2500392 ], [ -123.1162093, 49.2500283 ], [ -123.1161943, 49.2506025 ], [ -123.1168408, 49.2506149 ], [ -123.1183548, 49.2506441 ], [ -123.1183381, 49.2511022 ], [ -123.1183218, 49.2515511 ], [ -123.1183051, 49.2519931 ], [ -123.1182878, 49.2524528 ], [ -123.1182722, 49.2529193 ], [ -123.1182574, 49.2533617 ], [ -123.1182403, 49.2538185 ], [ -123.1182238, 49.2542571 ], [ -123.1162096, 49.2542231 ], [ -123.1160006, 49.254204 ], [ -123.1153245, 49.2540337 ], [ -123.1152108, 49.2539847 ], [ -123.1152455, 49.2530065 ], [ -123.1152734, 49.252093 ], [ -123.1153253, 49.2512143 ] ] ] ] } },
{ "type": "Feature", "properties": { "name": "59150676", "population": 546, "population_density": 6715.9 }, "geometry": { "type": "MultiPolygon", "coordinates": [ [ [ [ -123.1128272, 49.2495348 ], [ -123.1128532, 49.2490062 ], [ -123.1147063, 49.2490387 ], [ -123.1152951, 49.249049 ], [ -123.1152895, 49.2491389 ], [ -123.1153837, 49.249236 ], [ -123.1153605, 49.2500957 ], [ -123.1153253, 49.2512143 ], [ -123.1152734, 49.252093 ], [ -123.1152455, 49.2530065 ], [ -123.1145095, 49.2529758 ], [ -123.1126701, 49.2528989 ], [ -123.1126904, 49.2524483 ], [ -123.11271, 49.2520136 ], [ -123.1127326, 49.2515491 ], [ -123.1127537, 49.251114 ], [ -123.1127779, 49.2505777 ], [ -123.1128008, 49.2500695 ], [ -123.1128272, 49.2495348 ] ] ] ] } },
{ "type": "Feature", "properties": { "name": "59150677", "population": 523, "population_density": 5850.1 }, "geometry": { "type": "MultiPolygon", "coordinates": [ [ [ [ -123.1099858, 49.2494905 ], [ -123.1100107, 49.2489562 ], [ -123.1121507, 49.2489938 ], [ -123.1128532, 49.2490062 ], [ -123.1128272, 49.2495348 ], [ -123.1128008, 49.2500695 ], [ -123.1127779, 49.2505777 ], [ -123.1127537, 49.251114 ], [ -123.1127326, 49.2515491 ], [ -123.11271, 49.2520136 ], [ -123.1126904, 49.2524483 ], [ -123.1126701, 49.2528989 ], [ -123.1098811, 49.2528467 ], [ -123.1098761, 49.2523792 ], [ -123.1098716, 49.2519619 ], [ -123.1098915, 49.2514971 ], [ -123.1099111, 49.2510415 ], [ -123.1099359, 49.2505353 ], [ -123.1099613, 49.2500142 ], [ -123.1099858, 49.2494905 ] ] ] ] } },
{ "type": "Feature", "properties": { "name": "59150678", "population": 594, "population_density": 7139.4 }, "geometry": { "type": "MultiPolygon", "coordinates": [ [ [ [ -123.1098567, 49.253378 ], [ -123.1098811, 49.2528467 ], [ -123.1126701, 49.2528989 ], [ -123.1145095, 49.2529758 ], [ -123.1152455, 49.2530065 ], [ -123.1152108, 49.2539847 ], [ -123.1151605, 49.2549039 ], [ -123.1144584, 49.2548797 ], [ -123.112581, 49.2548151 ], [ -123.1097935, 49.2547603 ], [ -123.1098134, 49.2543225 ], [ -123.1098349, 49.2538516 ], [ -123.1098567, 49.253378 ] ] ] ] } },
{ "type": "Feature", "properties": { "name": "59150679", "population": 414, "population_density": 6468.8 }, "geometry": { "type": "MultiPolygon", "coordinates": [ [ [ [ -123.1097678, 49.2552765 ], [ -123.1097935, 49.2547603 ], [ -123.112581, 49.2548151 ], [ -123.1144584, 49.2548797 ], [ -123.1151605, 49.2549039 ], [ -123.1151142, 49.2558692 ], [ -123.1150534, 49.2569133 ], [ -123.1145414, 49.2569078 ], [ -123.1143831, 49.2568962 ], [ -123.1135405, 49.2568342 ], [ -123.1131728, 49.2568279 ], [ -123.1124868, 49.256815 ], [ -123.1125101, 49.2563075 ], [ -123.1125336, 49.2557984 ], [ -123.1097444, 49.2557462 ], [ -123.1097678, 49.2552765 ] ] ] ] } },
{ "type": "Feature", "properties": { "name": "59150680", "population": 665, "population_density": 5569.5 }, "geometry": { "type": "MultiPolygon", "coordinates": [ [ [ [ -123.1111117, 49.2586697 ], [ -123.1098004, 49.2586616 ], [ -123.1096097, 49.2585926 ], [ -123.1094926, 49.2585318 ], [ -123.1070288, 49.2585009 ], [ -123.107048, 49.2580489 ], [ -123.1070673, 49.2575967 ], [ -123.1051335, 49.2575709 ], [ -123.1051526, 49.2570794 ], [ -123.1051697, 49.2566396 ], [ -123.1071075, 49.256688 ], [ -123.1096995, 49.2567538 ], [ -123.1111833, 49.2567918 ], [ -123.1124868, 49.256815 ], [ -123.1131728, 49.2568279 ], [ -123.1135405, 49.2568342 ], [ -123.1143831, 49.2568962 ], [ -123.1145414, 49.2569078 ], [ -123.1150534, 49.2569133 ], [ -123.1150461, 49.2573393 ], [ -123.1150378, 49.2578272 ], [ -123.1130961, 49.2577951 ], [ -123.1130862, 49.258259 ], [ -123.1130768, 49.2587016 ], [ -123.1111117, 49.2586697 ] ] ] ] } },
{ "type": "Feature", "properties": { "name": "59150681", "population": 445, "population_density": 7295.1 }, "geometry": { "type": "MultiPolygon", "coordinates": [ [ [ [ -123.1049474, 49.2566354 ], [ -123.1049874, 49.2557087 ], [ -123.1051309, 49.2556757 ], [ -123.1071514, 49.2556974 ], [ -123.1097444, 49.2557462 ], [ -123.1125336, 49.2557984 ], [ -123.1125101, 49.2563075 ], [ -123.1124868, 49.256815 ], [ -123.1111833, 49.2567918 ], [ -123.1096995, 49.2567538 ], [ -123.1071075, 49.256688 ], [ -123.1051697, 49.2566396 ], [ -123.1049474, 49.2566354 ] ] ] ] } },
{ "type": "Feature", "properties": { "name": "59150682", "population": 738, "population_density": 7270.9 }, "geometry": { "type": "MultiPolygon", "coordinates": [ [ [ [ -123.1051309, 49.2556757 ], [ -123.1049874, 49.2557087 ], [ -123.1049474, 49.2566354 ], [ -123.1032432, 49.2566068 ], [ -123.1032699, 49.2561455 ], [ -123.1032952, 49.2557084 ], [ -123.1033583, 49.2546318 ], [ -123.1040007, 49.2546374 ], [ -123.1047408, 49.2546553 ], [ -123.1050293, 49.2546623 ], [ -123.1048035, 49.2542357 ], [ -123.1047836, 49.2541981 ], [ -123.1048168, 49.2537756 ], [ -123.1072326, 49.2537999 ], [ -123.1098349, 49.2538516 ], [ -123.1098134, 49.2543225 ], [ -123.1097935, 49.2547603 ], [ -123.1097678, 49.2552765 ], [ -123.1097444, 49.2557462 ], [ -123.1071514, 49.2556974 ], [ -123.1051309, 49.2556757 ] ] ] ] } },
{ "type": "Feature", "properties": { "name": "59150683", "population": 571, "population_density": 6240.4 }, "geometry": { "type": "MultiPolygon", "coordinates": [ [ [ [ -123.1028685, 49.252278 ], [ -123.1028809, 49.2518285 ], [ -123.1042696, 49.2518582 ], [ -123.104856, 49.2518707 ], [ -123.1073021, 49.2519147 ], [ -123.1098716, 49.2519619 ], [ -123.1098761, 49.2523792 ], [ -123.1098811, 49.2528467 ], [ -123.1098567, 49.253378 ], [ -123.1098349, 49.2538516 ], [ -123.1072326, 49.2537999 ], [ -123.1048168, 49.2537756 ], [ -123.1048155, 49.2527613 ], [ -123.104216, 49.2527538 ], [ -123.1028558, 49.2527367 ], [ -123.1028685, 49.252278 ] ] ] ] } },
{ "type": "Feature", "properties": { "name": "59150684", "population": 764, "population_density": 8076.1 }, "geometry": { "type": "MultiPolygon", "coordinates": [ [ [ [ -123.101268, 49.2556836 ], [ -123.101236, 49.2552945 ], [ -123.1010067, 49.2547867 ], [ -123.1007526, 49.254787 ], [ -123.1007649, 49.2544802 ], [ -123.100844, 49.2543797 ], [ -123.100866, 49.2538731 ], [ -123.1008747, 49.2537112 ], [ -123.1009244, 49.2529829 ], [ -123.1009374, 49.2527085 ], [ -123.1015086, 49.2527169 ], [ -123.1028558, 49.2527367 ], [ -123.104216, 49.2527538 ], [ -123.1048155, 49.2527613 ], [ -123.1048168, 49.2537756 ], [ -123.1047836, 49.2541981 ], [ -123.1048035, 49.2542357 ], [ -123.1050293, 49.2546623 ], [ -123.1047408, 49.2546553 ], [ -123.1040007, 49.2546374 ], [ -123.1033583, 49.2546318 ], [ -123.1032952, 49.2557084 ], [ -123.1032699, 49.2561455 ], [ -123.1032432, 49.2566068 ], [ -123.1012381, 49.2565791 ], [ -123.101268, 49.2556836 ] ] ] ] } },
{ "type": "Feature", "properties": { "name": "59150685", "population": 947, "population_density": 8585.7 }, "geometry": { "type": "MultiPolygon", "coordinates": [ [ [ [ -123.100937, 49.2525402 ], [ -123.100936, 49.2520708 ], [ -123.100939, 49.2518033 ], [ -123.1009723, 49.2511602 ], [ -123.1009818, 49.250965 ], [ -123.1010126, 49.2502515 ], [ -123.1010423, 49.2495119 ], [ -123.1010505, 49.2493598 ], [ -123.1010707, 49.2487713 ], [ -123.1016807, 49.2487812 ], [ -123.1031945, 49.2488058 ], [ -123.1041948, 49.248821 ], [ -123.1042719, 49.2488609 ], [ -123.1049917, 49.2488811 ], [ -123.1049803, 49.2493886 ], [ -123.1049762, 49.2495698 ], [ -123.1049683, 49.2499163 ], [ -123.1049376, 49.2504422 ], [ -123.1049229, 49.250694 ], [ -123.1049067, 49.2509704 ], [ -123.1048813, 49.2514219 ], [ -123.104856, 49.2518707 ], [ -123.1042696, 49.2518582 ], [ -123.1028809, 49.2518285 ], [ -123.1028685, 49.252278 ], [ -123.1028558, 49.2527367 ], [ -123.1015086, 49.2527169 ], [ -123.1009374, 49.2527085 ], [ -123.100937, 49.2525402 ] ] ] ] } },
{ "type": "Feature", "properties": { "name": "59150686", "population": 327, "population_density": 7155.4 }, "geometry": { "type": "MultiPolygon", "coordinates": [ [ [ [ -123.0986943, 49.2493289 ], [ -123.0987133, 49.2487394 ], [ -123.0990742, 49.2487446 ], [ -123.1004714, 49.2487633 ], [ -123.1010707, 49.2487713 ], [ -123.1010505, 49.2493598 ], [ -123.1010423, 49.2495119 ], [ -123.1010126, 49.2502515 ], [ -123.1009818, 49.250965 ], [ -123.1009723, 49.2511602 ], [ -123.1003515, 49.2511566 ], [ -123.0986287, 49.2511467 ], [ -123.0986447, 49.2506982 ], [ -123.0986615, 49.2502279 ], [ -123.0986775, 49.2497895 ], [ -123.0986943, 49.2493289 ] ] ] ] } },
{ "type": "Feature", "properties": { "name": "59150687", "population": 440, "population_density": 7705.8 }, "geometry": { "type": "MultiPolygon", "coordinates": [ [ [ [ -123.0990742, 49.2487446 ], [ -123.0990964, 49.2482129 ], [ -123.099124, 49.2475525 ], [ -123.1004893, 49.2475711 ], [ -123.1011345, 49.2475741 ], [ -123.1011506, 49.2472286 ], [ -123.1017722, 49.2472419 ], [ -123.1032613, 49.2472736 ], [ -123.1032439, 49.2476361 ], [ -123.1032249, 49.2480338 ], [ -123.1044122, 49.2480633 ], [ -123.1050349, 49.2480788 ], [ -123.1050217, 49.2483273 ], [ -123.1049963, 49.2488073 ], [ -123.1049931, 49.248858 ], [ -123.1049917, 49.2488811 ], [ -123.1042719, 49.2488609 ], [ -123.1041948, 49.248821 ], [ -123.1031945, 49.2488058 ], [ -123.1016807, 49.2487812 ], [ -123.1010707, 49.2487713 ], [ -123.1004714, 49.2487633 ], [ -123.0990742, 49.2487446 ] ] ] ] } },
{ "type": "Feature", "properties": { "name": "59150688", "population": 535, "population_density": 6957.1 }, "geometry": { "type": "MultiPolygon", "coordinates": [ [ [ [ -123.0972035, 49.2483053 ], [ -123.0972504, 49.2475498 ], [ -123.0973425, 49.2460663 ], [ -123.0973686, 49.2456469 ], [ -123.0980052, 49.245665 ], [ -123.0985859, 49.2456815 ], [ -123.0992006, 49.2456899 ], [ -123.0998853, 49.2456993 ], [ -123.1005823, 49.2457091 ], [ -123.1012609, 49.2457273 ], [ -123.1012485, 49.2459702 ], [ -123.1011506, 49.2472286 ], [ -123.1011345, 49.2475741 ], [ -123.1004893, 49.2475711 ], [ -123.099124, 49.2475525 ], [ -123.0990964, 49.2482129 ], [ -123.0990742, 49.2487446 ], [ -123.0987133, 49.2487394 ], [ -123.0971777, 49.2487206 ], [ -123.0972035, 49.2483053 ] ] ] ] } },
{ "type": "Feature", "properties": { "name": "59150689", "population": 447, "population_density": 4966.7 }, "geometry": { "type": "MultiPolygon", "coordinates": [ [ [ [ -123.1011506, 49.2472286 ], [ -123.1012485, 49.2459702 ], [ -123.1025352, 49.245993 ], [ -123.1032023, 49.24601 ], [ -123.1039131, 49.2460282 ], [ -123.1044518, 49.2460419 ], [ -123.1051444, 49.2460595 ], [ -123.1051229, 49.2464474 ], [ -123.1051008, 49.2468456 ], [ -123.1073929, 49.2468989 ], [ -123.1076185, 49.2469041 ], [ -123.1075745, 49.2470406 ], [ -123.1075232, 49.2471997 ], [ -123.1074996, 49.247799 ], [ -123.1074756, 49.2483608 ], [ -123.1074548, 49.2488481 ], [ -123.10501, 49.2488075 ], [ -123.1049963, 49.2488073 ], [ -123.1050217, 49.2483273 ], [ -123.1050349, 49.2480788 ], [ -123.1044122, 49.2480633 ], [ -123.1032249, 49.2480338 ], [ -123.1032439, 49.2476361 ], [ -123.1032613, 49.2472736 ], [ -123.1017722, 49.2472419 ], [ -123.1011506, 49.2472286 ] ] ] ] } },
{ "type": "Feature", "properties": { "name": "59150690", "population": 559, "population_density": 6432.7 }, "geometry": { "type": "MultiPolygon", "coordinates": [ [ [ [ -123.0998853, 49.2456993 ], [ -123.0999401, 49.2444478 ], [ -123.1006126, 49.244453 ], [ -123.1013099, 49.2444585 ], [ -123.1019168, 49.2444792 ], [ -123.1025528, 49.2445009 ], [ -123.1026061, 49.2433178 ], [ -123.1033312, 49.2433297 ], [ -123.1039751, 49.2433402 ], [ -123.1045669, 49.2433544 ], [ -123.1052558, 49.243371 ], [ -123.1052084, 49.2445272 ], [ -123.1051444, 49.2460595 ], [ -123.1044518, 49.2460419 ], [ -123.1039131, 49.2460282 ], [ -123.1032023, 49.24601 ], [ -123.1025352, 49.245993 ], [ -123.1012485, 49.2459702 ], [ -123.1012609, 49.2457273 ], [ -123.1005823, 49.2457091 ], [ -123.0998853, 49.2456993 ] ] ] ] } },
{ "type": "Feature", "properties": { "name": "59150691", "population": 507, "population_density": 5547.0 }, "geometry": { "type": "MultiPolygon", "coordinates": [ [ [ [ -123.0999401, 49.2444478 ], [ -123.0999936, 49.2432629 ], [ -123.1006247, 49.2432724 ], [ -123.1013655, 49.2432836 ], [ -123.1014099, 49.2422858 ], [ -123.1000177, 49.2422592 ], [ -123.0987492, 49.242235 ], [ -123.0987676, 49.2417926 ], [ -123.0987923, 49.2411991 ], [ -123.0988231, 49.2404598 ], [ -123.0994108, 49.2404711 ], [ -123.1001122, 49.2404845 ], [ -123.1007982, 49.2404943 ], [ -123.1014677, 49.2405038 ], [ -123.102739, 49.240529 ], [ -123.1026636, 49.2420223 ], [ -123.1026061, 49.2433178 ], [ -123.1025528, 49.2445009 ], [ -123.1019168, 49.2444792 ], [ -123.1013099, 49.2444585 ], [ -123.1006126, 49.244453 ], [ -123.0999401, 49.2444478 ] ] ] ] } },
{ "type": "Feature", "properties": { "name": "59150692", "population": 640, "population_density": 7872.1 }, "geometry": { "type": "MultiPolygon", "coordinates": [ [ [ [ -123.0969048, 49.2439177 ], [ -123.096918, 49.2435207 ], [ -123.0969105, 49.2427179 ], [ -123.0968496, 49.2425938 ], [ -123.0968496, 49.2421983 ], [ -123.0968605, 49.2417846 ], [ -123.096876, 49.241191 ], [ -123.0968961, 49.2404241 ], [ -123.0988231, 49.2404598 ], [ -123.0987923, 49.2411991 ], [ -123.0987676, 49.2417926 ], [ -123.0987492, 49.242235 ], [ -123.1000177, 49.2422592 ], [ -123.1014099, 49.2422858 ], [ -123.1013655, 49.2432836 ], [ -123.1006247, 49.2432724 ], [ -123.0999936, 49.2432629 ], [ -123.0993196, 49.2432519 ], [ -123.0987178, 49.2432421 ], [ -123.0986645, 49.2444234 ], [ -123.0980577, 49.2444111 ], [ -123.0974302, 49.2443983 ], [ -123.096994, 49.2443902 ], [ -123.0968902, 49.2443595 ], [ -123.0969048, 49.2439177 ] ] ] ] } },
{ "type": "Feature", "properties": { "name": "59150693", "population": 419, "population_density": 5787.3 }, "geometry": { "type": "MultiPolygon", "coordinates": [ [ [ [ -123.0968719, 49.2456408 ], [ -123.0941445, 49.2456196 ], [ -123.0941815, 49.2447441 ], [ -123.0941612, 49.2445859 ], [ -123.0941722, 49.2442782 ], [ -123.0967737, 49.2443113 ], [ -123.0968902, 49.2443595 ], [ -123.096994, 49.2443902 ], [ -123.0974302, 49.2443983 ], [ -123.0980577, 49.2444111 ], [ -123.0986645, 49.2444234 ], [ -123.0987178, 49.2432421 ], [ -123.0993196, 49.2432519 ], [ -123.0999936, 49.2432629 ], [ -123.0999401, 49.2444478 ], [ -123.0998853, 49.2456993 ], [ -123.0992006, 49.2456899 ], [ -123.0985859, 49.2456815 ], [ -123.0980052, 49.245665 ], [ -123.0973686, 49.2456469 ], [ -123.0968719, 49.2456408 ] ] ] ] } },
{ "type": "Feature", "properties": { "name": "59150694", "population": 489, "population_density": 2633.3 }, "geometry": { "type": "MultiPolygon", "coordinates": [ [ [ [ -123.0941786, 49.2438927 ], [ -123.0941847, 49.24353 ], [ -123.0941031, 49.2435827 ], [ -123.0938517, 49.2435793 ], [ -123.0938381, 49.2435791 ], [ -123.0908708, 49.2435393 ], [ -123.0903053, 49.2435317 ], [ -123.09032, 49.2425953 ], [ -123.0903337, 49.2417201 ], [ -123.0903608, 49.2408506 ], [ -123.0903773, 49.2403025 ], [ -123.0931591, 49.2403544 ], [ -123.0934062, 49.2403591 ], [ -123.0939144, 49.2403685 ], [ -123.0968961, 49.2404241 ], [ -123.096876, 49.241191 ], [ -123.0968605, 49.2417846 ], [ -123.0968496, 49.2421983 ], [ -123.0968496, 49.2425938 ], [ -123.0969105, 49.2427179 ], [ -123.096918, 49.2435207 ], [ -123.0969048, 49.2439177 ], [ -123.0968902, 49.2443595 ], [ -123.0967737, 49.2443113 ], [ -123.0941722, 49.2442782 ], [ -123.0941752, 49.2440996 ], [ -123.0941786, 49.2438927 ] ] ] ] } },
{ "type": "Feature", "properties": { "name": "59150695", "population": 564, "population_density": 1362.6 }, "geometry": { "type": "MultiPolygon", "coordinates": [ [ [ [ -123.0903773, 49.2403025 ], [ -123.0903914, 49.2387953 ], [ -123.0903959, 49.2383186 ], [ -123.0904448, 49.2370354 ], [ -123.0904476, 49.2369607 ], [ -123.0904947, 49.2356909 ], [ -123.0905292, 49.2347686 ], [ -123.0905394, 49.2338208 ], [ -123.0905491, 49.232918 ], [ -123.0920183, 49.2329364 ], [ -123.0920732, 49.2329371 ], [ -123.0921006, 49.2329374 ], [ -123.0930417, 49.2329492 ], [ -123.0931997, 49.232903 ], [ -123.0938619, 49.2329191 ], [ -123.0944391, 49.2329331 ], [ -123.0944665, 49.2329337 ], [ -123.0945595, 49.232936 ], [ -123.0956332, 49.2329576 ], [ -123.0972059, 49.2329893 ], [ -123.0971759, 49.2335352 ], [ -123.0971658, 49.2339951 ], [ -123.0971559, 49.2344472 ], [ -123.0971361, 49.2349127 ], [ -123.0971178, 49.2353425 ], [ -123.097097, 49.2358122 ], [ -123.0970777, 49.2362467 ], [ -123.0993829, 49.2362907 ], [ -123.0993604, 49.2367457 ], [ -123.099348, 49.2369971 ], [ -123.0993364, 49.2372326 ], [ -123.0970375, 49.2371752 ], [ -123.0969992, 49.2380506 ], [ -123.0969776, 49.238528 ], [ -123.096963, 49.2388496 ], [ -123.0969305, 49.2396098 ], [ -123.0969131, 49.2400219 ], [ -123.0968961, 49.2404241 ], [ -123.0939144, 49.2403685 ], [ -123.0934062, 49.2403591 ], [ -123.0931591, 49.2403544 ], [ -123.0903773, 49.2403025 ] ] ] ] } },
{ "type": "Feature", "properties": { "name": "59150696", "population": 504, "population_density": 7875.0 }, "geometry": { "type": "MultiPolygon", "coordinates": [ [ [ [ -123.0902108, 49.2455424 ], [ -123.0902706, 49.2447414 ], [ -123.0902747, 49.2445667 ], [ -123.0903053, 49.2435317 ], [ -123.0908708, 49.2435393 ], [ -123.0938381, 49.2435791 ], [ -123.0938517, 49.2435793 ], [ -123.0941031, 49.2435827 ], [ -123.0941847, 49.24353 ], [ -123.0941786, 49.2438927 ], [ -123.0941752, 49.2440996 ], [ -123.0941722, 49.2442782 ], [ -123.0941612, 49.2445859 ], [ -123.0941815, 49.2447441 ], [ -123.0941445, 49.2456196 ], [ -123.0938286, 49.2456134 ], [ -123.0934576, 49.2456061 ], [ -123.0908619, 49.2455552 ], [ -123.0902108, 49.2455424 ] ] ] ] } },
{ "type": "Feature", "properties": { "name": "59150697", "population": 674, "population_density": 6877.6 }, "geometry": { "type": "MultiPolygon", "coordinates": [ [ [ [ -123.0901942, 49.2466183 ], [ -123.0902108, 49.2455424 ], [ -123.0908619, 49.2455552 ], [ -123.0934576, 49.2456061 ], [ -123.0938286, 49.2456134 ], [ -123.0941445, 49.2456196 ], [ -123.0941286, 49.2461417 ], [ -123.0941133, 49.2466447 ], [ -123.0940939, 49.2471671 ], [ -123.0940873, 49.2473448 ], [ -123.0940771, 49.2476823 ], [ -123.0940707, 49.2480846 ], [ -123.094061, 49.2486863 ], [ -123.0937654, 49.248683 ], [ -123.0921396, 49.2486651 ], [ -123.090797, 49.2486631 ], [ -123.0901553, 49.2486621 ], [ -123.0901662, 49.2476111 ], [ -123.0901942, 49.2466183 ] ] ] ] } },
{ "type": "Feature", "properties": { "name": "59150698", "population": 572, "population_density": 7240.5 }, "geometry": { "type": "MultiPolygon", "coordinates": [ [ [ [ -123.0941286, 49.2461417 ], [ -123.0941445, 49.2456196 ], [ -123.0968719, 49.2456408 ], [ -123.0973686, 49.2456469 ], [ -123.0973425, 49.2460663 ], [ -123.0972504, 49.2475498 ], [ -123.0972035, 49.2483053 ], [ -123.0971777, 49.2487206 ], [ -123.0967714, 49.2487178 ], [ -123.0954554, 49.2487013 ], [ -123.094061, 49.2486863 ], [ -123.0940707, 49.2480846 ], [ -123.0940771, 49.2476823 ], [ -123.0940873, 49.2473448 ], [ -123.0940939, 49.2471671 ], [ -123.0941133, 49.2466447 ], [ -123.0941286, 49.2461417 ] ] ] ] } },
{ "type": "Feature", "properties": { "name": "59150699", "population": 489, "population_density": 4190.2 }, "geometry": { "type": "MultiPolygon", "coordinates": [ [ [ [ -123.0928705, 49.2501513 ], [ -123.0920883, 49.250141 ], [ -123.0920702, 49.2506133 ], [ -123.0920539, 49.2510408 ], [ -123.0908292, 49.2510207 ], [ -123.0900782, 49.2510083 ], [ -123.0901178, 49.2500924 ], [ -123.0901403, 49.2491859 ], [ -123.0901553, 49.2486621 ], [ -123.090797, 49.2486631 ], [ -123.0921396, 49.2486651 ], [ -123.0937654, 49.248683 ], [ -123.094061, 49.2486863 ], [ -123.0954554, 49.2487013 ], [ -123.0967714, 49.2487178 ], [ -123.0971777, 49.2487206 ], [ -123.0987133, 49.2487394 ], [ -123.0986943, 49.2493289 ], [ -123.0986775, 49.2497895 ], [ -123.0986615, 49.2502279 ], [ -123.0967102, 49.2502006 ], [ -123.094551, 49.2501728 ], [ -123.0940164, 49.2501659 ], [ -123.0928705, 49.2501513 ] ] ] ] } },
{ "type": "Feature", "properties": { "name": "59150700", "population": 508, "population_density": 4487.6 }, "geometry": { "type": "MultiPolygon", "coordinates": [ [ [ [ -123.0920702, 49.2506133 ], [ -123.0920883, 49.250141 ], [ -123.0928705, 49.2501513 ], [ -123.0940164, 49.2501659 ], [ -123.094551, 49.2501728 ], [ -123.0967102, 49.2502006 ], [ -123.0986615, 49.2502279 ], [ -123.0986447, 49.2506982 ], [ -123.0986287, 49.2511467 ], [ -123.1003515, 49.2511566 ], [ -123.1009723, 49.2511602 ], [ -123.100939, 49.2518033 ], [ -123.100936, 49.2520708 ], [ -123.100299, 49.2520615 ], [ -123.0985964, 49.2520367 ], [ -123.096645, 49.2520103 ], [ -123.0939622, 49.2519732 ], [ -123.0937173, 49.2519681 ], [ -123.0920241, 49.2519327 ], [ -123.0920387, 49.251495 ], [ -123.0920539, 49.2510408 ], [ -123.0920702, 49.2506133 ] ] ] ] } },
{ "type": "Feature", "properties": { "name": "59150701", "population": 530, "population_density": 6408.7 }, "geometry": { "type": "MultiPolygon", "coordinates": [ [ [ [ -123.093941, 49.2524206 ], [ -123.0939622, 49.2519732 ], [ -123.096645, 49.2520103 ], [ -123.0985964, 49.2520367 ], [ -123.100299, 49.2520615 ], [ -123.100936, 49.2520708 ], [ -123.100937, 49.2525402 ], [ -123.1009374, 49.2527085 ], [ -123.1009244, 49.2529829 ], [ -123.1008747, 49.2537112 ], [ -123.100866, 49.2538731 ], [ -123.0985327, 49.2538464 ], [ -123.096576, 49.2538163 ], [ -123.0966115, 49.2529192 ], [ -123.0939193, 49.2528782 ], [ -123.093941, 49.2524206 ] ] ] ] } },
{ "type": "Feature", "properties": { "name": "59150702", "population": 483, "population_density": 15333.3 }, "geometry": { "type": "MultiPolygon", "coordinates": [ [ [ [ -123.0965598, 49.2542716 ], [ -123.096576, 49.2538163 ], [ -123.0985327, 49.2538464 ], [ -123.100866, 49.2538731 ], [ -123.100844, 49.2543797 ], [ -123.1007649, 49.2544802 ], [ -123.1007526, 49.254787 ], [ -123.0985017, 49.2547599 ], [ -123.0965436, 49.2547288 ], [ -123.0965598, 49.2542716 ] ] ] ] } },
{ "type": "Feature", "properties": { "name": "59150703", "population": 473, "population_density": 8003.4 }, "geometry": { "type": "MultiPolygon", "coordinates": [ [ [ [ -123.0938986, 49.2533468 ], [ -123.0939193, 49.2528782 ], [ -123.0966115, 49.2529192 ], [ -123.096576, 49.2538163 ], [ -123.0965436, 49.2547288 ], [ -123.0965123, 49.2556017 ], [ -123.0938068, 49.2555955 ], [ -123.093822, 49.2551275 ], [ -123.0938363, 49.2546856 ], [ -123.0938796, 49.2537752 ], [ -123.0938986, 49.2533468 ] ] ] ] } },
{ "type": "Feature", "properties": { "name": "59150704", "population": 629, "population_density": 7180.4 }, "geometry": { "type": "MultiPolygon", "coordinates": [ [ [ [ -123.0964771, 49.2565159 ], [ -123.0937877, 49.2564705 ], [ -123.093797, 49.2560454 ], [ -123.0938068, 49.2555955 ], [ -123.0965123, 49.2556017 ], [ -123.0965436, 49.2547288 ], [ -123.0985017, 49.2547599 ], [ -123.1007526, 49.254787 ], [ -123.1010067, 49.2547867 ], [ -123.101236, 49.2552945 ], [ -123.101268, 49.2556836 ], [ -123.1012381, 49.2565791 ], [ -123.1006589, 49.2565725 ], [ -123.0984395, 49.2565453 ], [ -123.0977751, 49.2565354 ], [ -123.0964771, 49.2565159 ] ] ] ] } },
{ "type": "Feature", "properties": { "name": "59150705", "population": 585, "population_density": 10502.7 }, "geometry": { "type": "MultiPolygon", "coordinates": [ [ [ [ -123.0964601, 49.2569697 ], [ -123.0964771, 49.2565159 ], [ -123.0977751, 49.2565354 ], [ -123.0984395, 49.2565453 ], [ -123.1006589, 49.2565725 ], [ -123.1012381, 49.2565791 ], [ -123.101198, 49.2575076 ], [ -123.1011314, 49.2583975 ], [ -123.1005522, 49.2583901 ], [ -123.0983741, 49.2583595 ], [ -123.0983884, 49.2579488 ], [ -123.098405, 49.2574703 ], [ -123.0964424, 49.2574428 ], [ -123.0964601, 49.2569697 ] ] ] ] } },
{ "type": "Feature", "properties": { "name": "59150706", "population": 316, "population_density": 15414.6 }, "geometry": { "type": "MultiPolygon", "coordinates": [ [ [ [ -123.098357, 49.2588215 ], [ -123.0983741, 49.2583595 ], [ -123.1005522, 49.2583901 ], [ -123.1011314, 49.2583975 ], [ -123.1011088, 49.2593085 ], [ -123.1004979, 49.2593029 ], [ -123.0983401, 49.2592773 ], [ -123.098357, 49.2588215 ] ] ] ] } },
{ "type": "Feature", "properties": { "name": "59150707", "population": 404, "population_density": 15131.1 }, "geometry": { "type": "MultiPolygon", "coordinates": [ [ [ [ -123.0963756, 49.2588051 ], [ -123.0964102, 49.2583309 ], [ -123.0983741, 49.2583595 ], [ -123.098357, 49.2588215 ], [ -123.0983401, 49.2592773 ], [ -123.0983231, 49.2597387 ], [ -123.0983064, 49.2601889 ], [ -123.0965716, 49.2598783 ], [ -123.0963162, 49.2596138 ], [ -123.0963428, 49.2592551 ], [ -123.0963756, 49.2588051 ] ] ] ] } },
{ "type": "Feature", "properties": { "name": "59150708", "population": 898, "population_density": 8544.2 }, "geometry": { "type": "MultiPolygon", "coordinates": [ [ [ [ -123.0930511, 49.2597655 ], [ -123.0930599, 49.2592955 ], [ -123.0930699, 49.2588292 ], [ -123.0930909, 49.2577696 ], [ -123.0928444, 49.2576686 ], [ -123.092578, 49.2575594 ], [ -123.0921642, 49.2574802 ], [ -123.0918111, 49.2574126 ], [ -123.0911663, 49.2572907 ], [ -123.0909657, 49.2572043 ], [ -123.0918164, 49.2572407 ], [ -123.0925862, 49.257275 ], [ -123.0937685, 49.2573257 ], [ -123.0964424, 49.2574428 ], [ -123.098405, 49.2574703 ], [ -123.0983884, 49.2579488 ], [ -123.0983741, 49.2583595 ], [ -123.0964102, 49.2583309 ], [ -123.0963756, 49.2588051 ], [ -123.0963428, 49.2592551 ], [ -123.0963162, 49.2596138 ], [ -123.0962201, 49.2598194 ], [ -123.0962278, 49.2599951 ], [ -123.0961684, 49.2606808 ], [ -123.0949738, 49.2606712 ], [ -123.0935678, 49.2606588 ], [ -123.0930338, 49.2606541 ], [ -123.0930428, 49.2601933 ], [ -123.0930511, 49.2597655 ] ] ] ] } },
{ "type": "Feature", "properties": { "name": "59150709", "population": 1605, "population_density": 11845.0 }, "geometry": { "type": "MultiPolygon", "coordinates": [ [ [ [ -123.094967, 49.2615258 ], [ -123.0949702, 49.2611179 ], [ -123.0949738, 49.2606712 ], [ -123.0961684, 49.2606808 ], [ -123.0962278, 49.2599951 ], [ -123.0962201, 49.2598194 ], [ -123.0963162, 49.2596138 ], [ -123.0965716, 49.2598783 ], [ -123.0983064, 49.2601889 ], [ -123.0983231, 49.2597387 ], [ -123.0983401, 49.2592773 ], [ -123.1004979, 49.2593029 ], [ -123.1011088, 49.2593085 ], [ -123.1010858, 49.260006 ], [ -123.1010084, 49.2601012 ], [ -123.1010034, 49.2601821 ], [ -123.1010028, 49.2601911 ], [ -123.1009658, 49.2611134 ], [ -123.1009627, 49.261207 ], [ -123.1010438, 49.2612938 ], [ -123.1009963, 49.2620104 ], [ -123.1009779, 49.2623928 ], [ -123.1009028, 49.2624511 ], [ -123.100888, 49.2629083 ], [ -123.1002846, 49.2628912 ], [ -123.0996536, 49.2628751 ], [ -123.0994028, 49.2628666 ], [ -123.0989846, 49.2628526 ], [ -123.0970175, 49.2627853 ], [ -123.0967035, 49.2627751 ], [ -123.0960004, 49.262639 ], [ -123.0960531, 49.2620262 ], [ -123.096061, 49.2619345 ], [ -123.0960972, 49.2615319 ], [ -123.094967, 49.2615258 ] ] ] ] } },
{ "type": "Feature", "properties": { "name": "59150710", "population": 606, "population_density": 8951.3 }, "geometry": { "type": "MultiPolygon", "coordinates": [ [ [ [ -123.091065, 49.2610849 ], [ -123.0910733, 49.2606355 ], [ -123.0930338, 49.2606541 ], [ -123.0935678, 49.2606588 ], [ -123.0949738, 49.2606712 ], [ -123.0949702, 49.2611179 ], [ -123.094967, 49.2615258 ], [ -123.0960972, 49.2615319 ], [ -123.096061, 49.2619345 ], [ -123.0960531, 49.2620262 ], [ -123.0960004, 49.262639 ], [ -123.0955939, 49.2625497 ], [ -123.0949529, 49.262519 ], [ -123.09353, 49.2625095 ], [ -123.0930002, 49.262506 ], [ -123.0910436, 49.2624902 ], [ -123.0910508, 49.2619754 ], [ -123.0910574, 49.2615025 ], [ -123.091065, 49.2610849 ] ] ] ] } },
{ "type": "Feature", "properties": { "name": "59150711", "population": 1032, "population_density": 14978.2 }, "geometry": { "type": "MultiPolygon", "coordinates": [ [ [ [ -123.0949261, 49.2630432 ], [ -123.0949529, 49.262519 ], [ -123.0955939, 49.2625497 ], [ -123.0960004, 49.262639 ], [ -123.0967035, 49.2627751 ], [ -123.0970175, 49.2627853 ], [ -123.0989846, 49.2628526 ], [ -123.0994028, 49.2628666 ], [ -123.0996536, 49.2628751 ], [ -123.1002846, 49.2628912 ], [ -123.100888, 49.2629083 ], [ -123.1008606, 49.2637401 ], [ -123.1008421, 49.2643023 ], [ -123.100833, 49.2644903 ], [ -123.1008265, 49.2645955 ], [ -123.1000088, 49.2645812 ], [ -123.0988984, 49.2645617 ], [ -123.096969, 49.2645486 ], [ -123.0969924, 49.2636259 ], [ -123.0962075, 49.2636111 ], [ -123.0961023, 49.2635892 ], [ -123.0960244, 49.2635729 ], [ -123.0959315, 49.2634776 ], [ -123.0949043, 49.2634707 ], [ -123.0949261, 49.2630432 ] ] ] ] } },
{ "type": "Feature", "properties": { "name": "59150712", "population": 472, "population_density": 10654.6 }, "geometry": { "type": "MultiPolygon", "coordinates": [ [ [ [ -123.0909987, 49.2643446 ], [ -123.0910123, 49.263882 ], [ -123.0910254, 49.2634382 ], [ -123.0910338, 49.2630007 ], [ -123.0910436, 49.2624902 ], [ -123.0930002, 49.262506 ], [ -123.09353, 49.2625095 ], [ -123.0949529, 49.262519 ], [ -123.0949261, 49.2630432 ], [ -123.0949043, 49.2634707 ], [ -123.0935185, 49.2634594 ], [ -123.0929847, 49.263455 ], [ -123.0929743, 49.2638991 ], [ -123.0929633, 49.264366 ], [ -123.0909987, 49.2643446 ] ] ] ] } },
{ "type": "Feature", "properties": { "name": "59150713", "population": 470, "population_density": 6685.6 }, "geometry": { "type": "MultiPolygon", "coordinates": [ [ [ [ -123.0929566, 49.2656892 ], [ -123.0929817, 49.2652573 ], [ -123.0929726, 49.2648162 ], [ -123.0929718, 49.2647777 ], [ -123.0929633, 49.264366 ], [ -123.0929743, 49.2638991 ], [ -123.0929847, 49.263455 ], [ -123.0935185, 49.2634594 ], [ -123.0949043, 49.2634707 ], [ -123.0959315, 49.2634776 ], [ -123.0960244, 49.2635729 ], [ -123.0961023, 49.2635892 ], [ -123.0962075, 49.2636111 ], [ -123.0969924, 49.2636259 ], [ -123.096969, 49.2645486 ], [ -123.0968263, 49.264524 ], [ -123.0957946, 49.2645008 ], [ -123.0957771, 49.2649398 ], [ -123.0957632, 49.2652881 ], [ -123.0957584, 49.2654086 ], [ -123.0957165, 49.2657306 ], [ -123.0956525, 49.2662219 ], [ -123.0948651, 49.2661808 ], [ -123.0934682, 49.2661659 ], [ -123.0929292, 49.2661602 ], [ -123.0929566, 49.2656892 ] ] ] ] } },
{ "type": "Feature", "properties": { "name": "59150714", "population": 245, "population_density": 17132.9 }, "geometry": { "type": "MultiPolygon", "coordinates": [ [ [ [ -123.0910057, 49.2661616 ], [ -123.0910068, 49.2656725 ], [ -123.0910077, 49.2652528 ], [ -123.0929817, 49.2652573 ], [ -123.0929566, 49.2656892 ], [ -123.0929292, 49.2661602 ], [ -123.0910057, 49.2661616 ] ] ] ] } },
{ "type": "Feature", "properties": { "name": "59150715", "population": 476, "population_density": 16819.8 }, "geometry": { "type": "MultiPolygon", "coordinates": [ [ [ [ -123.0890845, 49.2647615 ], [ -123.0890803, 49.2643325 ], [ -123.0909987, 49.2643446 ], [ -123.0929633, 49.264366 ], [ -123.0929718, 49.2647777 ], [ -123.0929726, 49.2648162 ], [ -123.0929817, 49.2652573 ], [ -123.0910077, 49.2652528 ], [ -123.089089, 49.2652226 ], [ -123.0890848, 49.2647925 ], [ -123.0890845, 49.2647615 ] ] ] ] } },
{ "type": "Feature", "properties": { "name": "59150716", "population": 428, "population_density": 14861.1 }, "geometry": { "type": "MultiPolygon", "coordinates": [ [ [ [ -123.089116, 49.2629938 ], [ -123.0891346, 49.262482 ], [ -123.0910436, 49.2624902 ], [ -123.0910338, 49.2630007 ], [ -123.0910254, 49.2634382 ], [ -123.0910123, 49.263882 ], [ -123.0909987, 49.2643446 ], [ -123.0890803, 49.2643325 ], [ -123.0891006, 49.2634178 ], [ -123.089116, 49.2629938 ] ] ] ] } },
{ "type": "Feature", "properties": { "name": "59150717", "population": 360, "population_density": 12371.1 }, "geometry": { "type": "MultiPolygon", "coordinates": [ [ [ [ -123.0871722, 49.262941 ], [ -123.0871873, 49.26247 ], [ -123.0891346, 49.262482 ], [ -123.089116, 49.2629938 ], [ -123.0891006, 49.2634178 ], [ -123.0890803, 49.2643325 ], [ -123.0871442, 49.2643162 ], [ -123.0871495, 49.263946 ], [ -123.0871508, 49.2638585 ], [ -123.0871573, 49.2634077 ], [ -123.0871722, 49.262941 ] ] ] ] } },
{ "type": "Feature", "properties": { "name": "59150718", "population": 533, "population_density": 18968.0 }, "geometry": { "type": "MultiPolygon", "coordinates": [ [ [ [ -123.0851943, 49.2647503 ], [ -123.0852054, 49.2642999 ], [ -123.0871442, 49.2643162 ], [ -123.0890803, 49.2643325 ], [ -123.0890845, 49.2647615 ], [ -123.0890848, 49.2647925 ], [ -123.089089, 49.2652226 ], [ -123.0871324, 49.2652041 ], [ -123.0851832, 49.2652001 ], [ -123.0851943, 49.2647503 ] ] ] ] } },
{ "type": "Feature", "properties": { "name": "59150719", "population": 430, "population_density": 15140.8 }, "geometry": { "type": "MultiPolygon", "coordinates": [ [ [ [ -123.0832819, 49.2638345 ], [ -123.0832948, 49.2633755 ], [ -123.085224, 49.2633916 ], [ -123.0871573, 49.2634077 ], [ -123.0871508, 49.2638585 ], [ -123.0871495, 49.263946 ], [ -123.0871442, 49.2643162 ], [ -123.0832693, 49.2642836 ], [ -123.0832819, 49.2638345 ] ] ] ] } },
{ "type": "Feature", "properties": { "name": "59150720", "population": 559, "population_density": 7374.7 }, "geometry": { "type": "MultiPolygon", "coordinates": [ [ [ [ -123.0813064, 49.2652403 ], [ -123.0813248, 49.2642698 ], [ -123.0832693, 49.2642836 ], [ -123.0852054, 49.2642999 ], [ -123.0851943, 49.2647503 ], [ -123.0851832, 49.2652001 ], [ -123.0871324, 49.2652041 ], [ -123.089089, 49.2652226 ], [ -123.0890849, 49.2656831 ], [ -123.0890809, 49.2661394 ], [ -123.0890531, 49.2666917 ], [ -123.0865539, 49.2662126 ], [ -123.0849663, 49.2659083 ], [ -123.0847104, 49.2658592 ], [ -123.0845115, 49.2658211 ], [ -123.0815922, 49.2652615 ], [ -123.0813064, 49.2652403 ] ] ] ] } },
{ "type": "Feature", "properties": { "name": "59150721", "population": 433, "population_density": 14828.8 }, "geometry": { "type": "MultiPolygon", "coordinates": [ [ [ [ -123.0813596, 49.2629097 ], [ -123.0813901, 49.262425 ], [ -123.0833219, 49.2624412 ], [ -123.0833078, 49.2629262 ], [ -123.0832948, 49.2633755 ], [ -123.0832819, 49.2638345 ], [ -123.0832693, 49.2642836 ], [ -123.0813248, 49.2642698 ], [ -123.081328, 49.2638177 ], [ -123.0813311, 49.263362 ], [ -123.0813596, 49.2629097 ] ] ] ] } },
{ "type": "Feature", "properties": { "name": "59150722", "population": 481, "population_density": 16416.4 }, "geometry": { "type": "MultiPolygon", "coordinates": [ [ [ [ -123.0833078, 49.2629262 ], [ -123.0833219, 49.2624412 ], [ -123.0852649, 49.2624559 ], [ -123.0871873, 49.26247 ], [ -123.0871722, 49.262941 ], [ -123.0871573, 49.2634077 ], [ -123.085224, 49.2633916 ], [ -123.0832948, 49.2633755 ], [ -123.0833078, 49.2629262 ] ] ] ] } },
{ "type": "Feature", "properties": { "name": "59150723", "population": 447, "population_density": 9977.7 }, "geometry": { "type": "MultiPolygon", "coordinates": [ [ [ [ -123.0833353, 49.261037 ], [ -123.0833407, 49.260569 ], [ -123.0852807, 49.2605863 ], [ -123.0852768, 49.2610534 ], [ -123.0852734, 49.261468 ], [ -123.0871918, 49.2614792 ], [ -123.0871873, 49.26247 ], [ -123.0852649, 49.2624559 ], [ -123.0833219, 49.2624412 ], [ -123.0833262, 49.2619365 ], [ -123.0833304, 49.2614551 ], [ -123.0833353, 49.261037 ] ] ] ] } },
{ "type": "Feature", "properties": { "name": "59150724", "population": 467, "population_density": 8236.3 }, "geometry": { "type": "MultiPolygon", "coordinates": [ [ [ [ -123.0853008, 49.2601455 ], [ -123.0853208, 49.2597083 ], [ -123.0871963, 49.2597229 ], [ -123.0871955, 49.2601704 ], [ -123.0871946, 49.2606029 ], [ -123.0891717, 49.2606202 ], [ -123.0891618, 49.2610777 ], [ -123.0891528, 49.2614907 ], [ -123.089144, 49.2619683 ], [ -123.0891346, 49.262482 ], [ -123.0871873, 49.26247 ], [ -123.0871918, 49.2614792 ], [ -123.0852734, 49.261468 ], [ -123.0852768, 49.2610534 ], [ -123.0852807, 49.2605863 ], [ -123.0853008, 49.2601455 ] ] ] ] } },
{ "type": "Feature", "properties": { "name": "59150725", "population": 495, "population_density": 8730.2 }, "geometry": { "type": "MultiPolygon", "coordinates": [ [ [ [ -123.0853208, 49.2597083 ], [ -123.0853454, 49.2592378 ], [ -123.0853687, 49.2587926 ], [ -123.0872429, 49.2588054 ], [ -123.0872479, 49.2583535 ], [ -123.0872527, 49.2579274 ], [ -123.0885048, 49.2579353 ], [ -123.0892094, 49.2579397 ], [ -123.0892026, 49.25837 ], [ -123.0891957, 49.2588139 ], [ -123.089191, 49.2592604 ], [ -123.089186, 49.2597351 ], [ -123.0891788, 49.260178 ], [ -123.0891717, 49.2606202 ], [ -123.0871946, 49.2606029 ], [ -123.0871955, 49.2601704 ], [ -123.0871963, 49.2597229 ], [ -123.0853208, 49.2597083 ] ] ] ] } },
{ "type": "Feature", "properties": { "name": "59150726", "population": 478, "population_density": 8475.2 }, "geometry": { "type": "MultiPolygon", "coordinates": [ [ [ [ -123.0891528, 49.2614907 ], [ -123.0891618, 49.2610777 ], [ -123.0891717, 49.2606202 ], [ -123.0891788, 49.260178 ], [ -123.089186, 49.2597351 ], [ -123.0910877, 49.2597486 ], [ -123.0930511, 49.2597655 ], [ -123.0930428, 49.2601933 ], [ -123.0930338, 49.2606541 ], [ -123.0910733, 49.2606355 ], [ -123.091065, 49.2610849 ], [ -123.0910574, 49.2615025 ], [ -123.0910508, 49.2619754 ], [ -123.0910436, 49.2624902 ], [ -123.0891346, 49.262482 ], [ -123.089144, 49.2619683 ], [ -123.0891528, 49.2614907 ] ] ] ] } },
{ "type": "Feature", "properties": { "name": "59150727", "population": 475, "population_density": 6074.2 }, "geometry": { "type": "MultiPolygon", "coordinates": [ [ [ [ -123.089713, 49.2568309 ], [ -123.0897864, 49.2566906 ], [ -123.0909657, 49.2572043 ], [ -123.0911663, 49.2572907 ], [ -123.0918111, 49.2574126 ], [ -123.0921642, 49.2574802 ], [ -123.092578, 49.2575594 ], [ -123.0928444, 49.2576686 ], [ -123.0930909, 49.2577696 ], [ -123.0930699, 49.2588292 ], [ -123.0930599, 49.2592955 ], [ -123.0930511, 49.2597655 ], [ -123.0910877, 49.2597486 ], [ -123.089186, 49.2597351 ], [ -123.089191, 49.2592604 ], [ -123.0891957, 49.2588139 ], [ -123.0892026, 49.25837 ], [ -123.0892094, 49.2579397 ], [ -123.0892227, 49.2575311 ], [ -123.0892771, 49.2573641 ], [ -123.0894407, 49.257164 ], [ -123.089713, 49.2568309 ] ] ] ] } },
{ "type": "Feature", "properties": { "name": "59150728", "population": 450, "population_density": 10440.8 }, "geometry": { "type": "MultiPolygon", "coordinates": [ [ [ [ -123.0897864, 49.2566906 ], [ -123.0898346, 49.2564036 ], [ -123.0906344, 49.2564173 ], [ -123.0918447, 49.256438 ], [ -123.0936304, 49.2564679 ], [ -123.0937877, 49.2564705 ], [ -123.0964771, 49.2565159 ], [ -123.0964601, 49.2569697 ], [ -123.0964424, 49.2574428 ], [ -123.0937685, 49.2573257 ], [ -123.0925862, 49.257275 ], [ -123.0918164, 49.2572407 ], [ -123.0909657, 49.2572043 ], [ -123.0897864, 49.2566906 ] ] ] ] } },
{ "type": "Feature", "properties": { "name": "59150729", "population": 729, "population_density": 8576.5 }, "geometry": { "type": "MultiPolygon", "coordinates": [ [ [ [ -123.0899526, 49.2546323 ], [ -123.0899614, 49.2537255 ], [ -123.090696, 49.253733 ], [ -123.0919517, 49.2537458 ], [ -123.093678, 49.2537721 ], [ -123.0938796, 49.2537752 ], [ -123.0938363, 49.2546856 ], [ -123.093822, 49.2551275 ], [ -123.0938068, 49.2555955 ], [ -123.093797, 49.2560454 ], [ -123.0937877, 49.2564705 ], [ -123.0936304, 49.2564679 ], [ -123.0918447, 49.256438 ], [ -123.0906344, 49.2564173 ], [ -123.0898346, 49.2564036 ], [ -123.0899139, 49.2555329 ], [ -123.0899526, 49.2546323 ] ] ] ] } },
{ "type": "Feature", "properties": { "name": "59150730", "population": 453, "population_density": 6300.4 }, "geometry": { "type": "MultiPolygon", "coordinates": [ [ [ [ -123.0900595, 49.2518968 ], [ -123.0900782, 49.2510083 ], [ -123.0908292, 49.2510207 ], [ -123.0920539, 49.2510408 ], [ -123.0920387, 49.251495 ], [ -123.0920241, 49.2519327 ], [ -123.0937173, 49.2519681 ], [ -123.0939622, 49.2519732 ], [ -123.0939193, 49.2528782 ], [ -123.0938986, 49.2533468 ], [ -123.0938796, 49.2537752 ], [ -123.093678, 49.2537721 ], [ -123.0919517, 49.2537458 ], [ -123.090696, 49.253733 ], [ -123.0899614, 49.2537255 ], [ -123.0899922, 49.2527949 ], [ -123.0900595, 49.2518968 ] ] ] ] } },
{ "type": "Feature", "properties": { "name": "59150731", "population": 646, "population_density": 8346.3 }, "geometry": { "type": "MultiPolygon", "coordinates": [ [ [ [ -123.08377, 49.2522759 ], [ -123.0837982, 49.2518277 ], [ -123.0857366, 49.2518414 ], [ -123.0876673, 49.2518692 ], [ -123.0892508, 49.2518875 ], [ -123.0900595, 49.2518968 ], [ -123.0899922, 49.2527949 ], [ -123.0899614, 49.2537255 ], [ -123.0892392, 49.2537136 ], [ -123.087567, 49.2536861 ], [ -123.0856504, 49.2536523 ], [ -123.0856782, 49.2532095 ], [ -123.0857077, 49.2527396 ], [ -123.0837428, 49.252709 ], [ -123.08377, 49.2522759 ] ] ] ] } },
{ "type": "Feature", "properties": { "name": "59150732", "population": 486, "population_density": 6352.9 }, "geometry": { "type": "MultiPolygon", "coordinates": [ [ [ [ -123.0857366, 49.2518414 ], [ -123.0857523, 49.2513927 ], [ -123.0857678, 49.2509523 ], [ -123.0877039, 49.2509802 ], [ -123.0877217, 49.2505181 ], [ -123.087739, 49.2500714 ], [ -123.0877578, 49.249601 ], [ -123.0877751, 49.2491671 ], [ -123.0877357, 49.2486139 ], [ -123.0893543, 49.2486462 ], [ -123.0895194, 49.2486494 ], [ -123.0901553, 49.2486621 ], [ -123.0901403, 49.2491859 ], [ -123.0901178, 49.2500924 ], [ -123.0900782, 49.2510083 ], [ -123.0900595, 49.2518968 ], [ -123.0892508, 49.2518875 ], [ -123.0876673, 49.2518692 ], [ -123.0857366, 49.2518414 ] ] ] ] } },
{ "type": "Feature", "properties": { "name": "59150733", "population": 563, "population_density": 6361.6 }, "geometry": { "type": "MultiPolygon", "coordinates": [ [ [ [ -123.0837982, 49.2518277 ], [ -123.0838042, 49.2513577 ], [ -123.0838097, 49.2509228 ], [ -123.0838267, 49.2504404 ], [ -123.0838414, 49.2500256 ], [ -123.083859, 49.2495587 ], [ -123.0838762, 49.2490996 ], [ -123.0838925, 49.2485785 ], [ -123.0858473, 49.2485926 ], [ -123.0877357, 49.2486139 ], [ -123.0877751, 49.2491671 ], [ -123.0877578, 49.249601 ], [ -123.087739, 49.2500714 ], [ -123.0877217, 49.2505181 ], [ -123.0877039, 49.2509802 ], [ -123.0857678, 49.2509523 ], [ -123.0857523, 49.2513927 ], [ -123.0857366, 49.2518414 ], [ -123.0837982, 49.2518277 ] ] ] ] } },
{ "type": "Feature", "properties": { "name": "59150734", "population": 758, "population_density": 8124.3 }, "geometry": { "type": "MultiPolygon", "coordinates": [ [ [ [ -123.0858681, 49.2460044 ], [ -123.0858933, 49.2454753 ], [ -123.0866057, 49.2454811 ], [ -123.0871366, 49.2454835 ], [ -123.087807, 49.2454865 ], [ -123.0884411, 49.2455013 ], [ -123.089581, 49.2455278 ], [ -123.0902108, 49.2455424 ], [ -123.0901942, 49.2466183 ], [ -123.0901662, 49.2476111 ], [ -123.0901553, 49.2486621 ], [ -123.0895194, 49.2486494 ], [ -123.0893543, 49.2486462 ], [ -123.0877357, 49.2486139 ], [ -123.0877597, 49.2475525 ], [ -123.0858083, 49.2475295 ], [ -123.0858257, 49.2470203 ], [ -123.0858413, 49.2465657 ], [ -123.0858681, 49.2460044 ] ] ] ] } },
{ "type": "Feature", "properties": { "name": "59150735", "population": 621, "population_density": 5231.7 }, "geometry": { "type": "MultiPolygon", "coordinates": [ [ [ [ -123.0837358, 49.2531839 ], [ -123.0837428, 49.252709 ], [ -123.0857077, 49.2527396 ], [ -123.0856782, 49.2532095 ], [ -123.0856504, 49.2536523 ], [ -123.087567, 49.2536861 ], [ -123.0892392, 49.2537136 ], [ -123.0899614, 49.2537255 ], [ -123.0899526, 49.2546323 ], [ -123.0899139, 49.2555329 ], [ -123.0898346, 49.2564036 ], [ -123.0891862, 49.2564041 ], [ -123.0874666, 49.2563811 ], [ -123.085552, 49.2563556 ], [ -123.0855707, 49.2558993 ], [ -123.0855905, 49.2554153 ], [ -123.0856366, 49.2547464 ], [ -123.0852097, 49.2545457 ], [ -123.0837181, 49.2538451 ], [ -123.0837294, 49.2536211 ], [ -123.0837358, 49.2531839 ] ] ] ] } },
{ "type": "Feature", "properties": { "name": "59150736", "population": 702, "population_density": 5358.8 }, "geometry": { "type": "MultiPolygon", "coordinates": [ [ [ [ -123.0798375, 49.2544617 ], [ -123.0798538, 49.2540056 ], [ -123.0798697, 49.2535573 ], [ -123.0817811, 49.2535883 ], [ -123.081798, 49.2529483 ], [ -123.0818038, 49.2526818 ], [ -123.0837428, 49.252709 ], [ -123.0837358, 49.2531839 ], [ -123.0837294, 49.2536211 ], [ -123.0837181, 49.2538451 ], [ -123.0852097, 49.2545457 ], [ -123.0856366, 49.2547464 ], [ -123.0855905, 49.2554153 ], [ -123.0855707, 49.2558993 ], [ -123.085552, 49.2563556 ], [ -123.0836004, 49.2563299 ], [ -123.0817066, 49.2563021 ], [ -123.0797948, 49.2562756 ], [ -123.0798052, 49.2558134 ], [ -123.0798155, 49.2553573 ], [ -123.0798262, 49.2549228 ], [ -123.0798375, 49.2544617 ] ] ] ] } },
{ "type": "Feature", "properties": { "name": "59150737", "population": 466, "population_density": 8351.3 }, "geometry": { "type": "MultiPolygon", "coordinates": [ [ [ [ -123.0833697, 49.2578576 ], [ -123.0814749, 49.2578451 ], [ -123.0814823, 49.2573867 ], [ -123.0814911, 49.2568448 ], [ -123.0797812, 49.256776 ], [ -123.0797948, 49.2562756 ], [ -123.0817066, 49.2563021 ], [ -123.0836004, 49.2563299 ], [ -123.085552, 49.2563556 ], [ -123.0855179, 49.2570077 ], [ -123.0853193, 49.2569987 ], [ -123.0853121, 49.2574551 ], [ -123.0853054, 49.2578757 ], [ -123.0848773, 49.2578717 ], [ -123.0833697, 49.2578576 ] ] ] ] } },
{ "type": "Feature", "properties": { "name": "59150738", "population": 493, "population_density": 8029.3 }, "geometry": { "type": "MultiPolygon", "coordinates": [ [ [ [ -123.0758703, 49.2564305 ], [ -123.0758807, 49.2562209 ], [ -123.0778391, 49.2562487 ], [ -123.0797948, 49.2562756 ], [ -123.0797812, 49.256776 ], [ -123.0814911, 49.2568448 ], [ -123.0814823, 49.2573867 ], [ -123.0814749, 49.2578451 ], [ -123.0776025, 49.2578241 ], [ -123.0770712, 49.2578205 ], [ -123.0769203, 49.2578164 ], [ -123.0762579, 49.2574291 ], [ -123.0760985, 49.2572987 ], [ -123.0758522, 49.2569353 ], [ -123.0758063, 49.2565954 ], [ -123.0758079, 49.2565045 ], [ -123.0758703, 49.2564305 ] ] ] ] } },
{ "type": "Feature", "properties": { "name": "59150739", "population": 410, "population_density": 7155.3 }, "geometry": { "type": "MultiPolygon", "coordinates": [ [ [ [ -123.07594, 49.2548714 ], [ -123.0759567, 49.2544052 ], [ -123.0778985, 49.2544335 ], [ -123.0798375, 49.2544617 ], [ -123.0798262, 49.2549228 ], [ -123.0798155, 49.2553573 ], [ -123.0798052, 49.2558134 ], [ -123.0797948, 49.2562756 ], [ -123.0778391, 49.2562487 ], [ -123.0758807, 49.2562209 ], [ -123.0759019, 49.25578 ], [ -123.075924, 49.2553168 ], [ -123.07594, 49.2548714 ] ] ] ] } },
{ "type": "Feature", "properties": { "name": "59150740", "population": 467, "population_density": 7835.6 }, "geometry": { "type": "MultiPolygon", "coordinates": [ [ [ [ -123.07693, 49.2578228 ], [ -123.0769203, 49.2578164 ], [ -123.0770712, 49.2578205 ], [ -123.0776025, 49.2578241 ], [ -123.0814749, 49.2578451 ], [ -123.0814673, 49.2582591 ], [ -123.0814581, 49.2587661 ], [ -123.0814504, 49.2592126 ], [ -123.0814424, 49.2596719 ], [ -123.0781871, 49.2596361 ], [ -123.0775712, 49.2596293 ], [ -123.077482, 49.2596286 ], [ -123.0774826, 49.2591608 ], [ -123.0774831, 49.2588102 ], [ -123.0774832, 49.2587369 ], [ -123.0774785, 49.2584846 ], [ -123.0773818, 49.2582315 ], [ -123.0771445, 49.2579639 ], [ -123.07693, 49.2578228 ] ] ] ] } },
{ "type": "Feature", "properties": { "name": "59150741", "population": 497, "population_density": 6299.1 }, "geometry": { "type": "MultiPolygon", "coordinates": [ [ [ [ -123.0737242, 49.2574631 ], [ -123.0737051, 49.2565312 ], [ -123.074277, 49.2565377 ], [ -123.0750457, 49.2565676 ], [ -123.0751473, 49.2565713 ], [ -123.0758063, 49.2565954 ], [ -123.0758522, 49.2569353 ], [ -123.0760985, 49.2572987 ], [ -123.0762579, 49.2574291 ], [ -123.0769203, 49.2578164 ], [ -123.07693, 49.2578228 ], [ -123.0771445, 49.2579639 ], [ -123.0773818, 49.2582315 ], [ -123.0774785, 49.2584846 ], [ -123.0774832, 49.2587369 ], [ -123.0774831, 49.2588102 ], [ -123.0774826, 49.2591608 ], [ -123.077482, 49.2596286 ], [ -123.0763912, 49.2596311 ], [ -123.0754871, 49.2596331 ], [ -123.0736934, 49.2596061 ], [ -123.0736968, 49.2591545 ], [ -123.0737002, 49.2587146 ], [ -123.0737076, 49.258237 ], [ -123.0737145, 49.2577908 ], [ -123.0737242, 49.2574631 ] ] ] ] } },
{ "type": "Feature", "properties": { "name": "59150742", "population": 617, "population_density": 7275.9 }, "geometry": { "type": "MultiPolygon", "coordinates": [ [ [ [ -123.0736842, 49.2600454 ], [ -123.0736934, 49.2596061 ], [ -123.0754871, 49.2596331 ], [ -123.0763912, 49.2596311 ], [ -123.077482, 49.2596286 ], [ -123.0774809, 49.2605186 ], [ -123.0774809, 49.2605277 ], [ -123.0774804, 49.2609779 ], [ -123.0774804, 49.2609894 ], [ -123.07748, 49.2613414 ], [ -123.0774799, 49.2614058 ], [ -123.077481, 49.2623922 ], [ -123.0755848, 49.2623768 ], [ -123.0748311, 49.2623701 ], [ -123.0736461, 49.2623594 ], [ -123.0736612, 49.2614014 ], [ -123.0736683, 49.2609357 ], [ -123.0736751, 49.2604839 ], [ -123.0736842, 49.2600454 ] ] ] ] } },
{ "type": "Feature", "properties": { "name": "59150743", "population": 580, "population_density": 6605.9 }, "geometry": { "type": "MultiPolygon", "coordinates": [ [ [ [ -123.0774815, 49.2600603 ], [ -123.077482, 49.2596286 ], [ -123.0775712, 49.2596293 ], [ -123.0781871, 49.2596361 ], [ -123.0814424, 49.2596719 ], [ -123.0814339, 49.2601121 ], [ -123.0814254, 49.2605533 ], [ -123.0814163, 49.2610116 ], [ -123.0814078, 49.2614437 ], [ -123.0813992, 49.2619201 ], [ -123.0813901, 49.262425 ], [ -123.0803075, 49.2624159 ], [ -123.0776238, 49.2623933 ], [ -123.077481, 49.2623922 ], [ -123.0774799, 49.2614058 ], [ -123.07748, 49.2613414 ], [ -123.0774804, 49.2609894 ], [ -123.0774804, 49.2609779 ], [ -123.0774809, 49.2605277 ], [ -123.0774809, 49.2605186 ], [ -123.0774815, 49.2600603 ] ] ] ] } },
{ "type": "Feature", "properties": { "name": "59150744", "population": 458, "population_density": 10726.0 }, "geometry": { "type": "MultiPolygon", "coordinates": [ [ [ [ -123.0814339, 49.2601121 ], [ -123.0814424, 49.2596719 ], [ -123.0833505, 49.2596929 ], [ -123.0833455, 49.2601375 ], [ -123.0833407, 49.260569 ], [ -123.0833304, 49.2614551 ], [ -123.0833262, 49.2619365 ], [ -123.0833219, 49.2624412 ], [ -123.0813901, 49.262425 ], [ -123.0813992, 49.2619201 ], [ -123.0814078, 49.2614437 ], [ -123.0814163, 49.2610116 ], [ -123.0814254, 49.2605533 ], [ -123.0814339, 49.2601121 ] ] ] ] } },
{ "type": "Feature", "properties": { "name": "59150745", "population": 593, "population_density": 8270.6 }, "geometry": { "type": "MultiPolygon", "coordinates": [ [ [ [ -123.0814673, 49.2582591 ], [ -123.0814749, 49.2578451 ], [ -123.0833697, 49.2578576 ], [ -123.0848773, 49.2578717 ], [ -123.0853054, 49.2578757 ], [ -123.0853737, 49.2579478 ], [ -123.0853714, 49.2583369 ], [ -123.0853687, 49.2587926 ], [ -123.0853454, 49.2592378 ], [ -123.0853208, 49.2597083 ], [ -123.0853008, 49.2601455 ], [ -123.0852807, 49.2605863 ], [ -123.0833407, 49.260569 ], [ -123.0833455, 49.2601375 ], [ -123.0833505, 49.2596929 ], [ -123.0814424, 49.2596719 ], [ -123.0814504, 49.2592126 ], [ -123.0814581, 49.2587661 ], [ -123.0814673, 49.2582591 ] ] ] ] } },
{ "type": "Feature", "properties": { "name": "59150746", "population": 494, "population_density": 7682.7 }, "geometry": { "type": "MultiPolygon", "coordinates": [ [ [ [ -123.0853687, 49.2587926 ], [ -123.0853714, 49.2583369 ], [ -123.0853737, 49.2579478 ], [ -123.0853054, 49.2578757 ], [ -123.0853121, 49.2574551 ], [ -123.0853193, 49.2569987 ], [ -123.0855179, 49.2570077 ], [ -123.085552, 49.2563556 ], [ -123.0874666, 49.2563811 ], [ -123.0891862, 49.2564041 ], [ -123.0898346, 49.2564036 ], [ -123.0897864, 49.2566906 ], [ -123.089713, 49.2568309 ], [ -123.0894407, 49.257164 ], [ -123.0892771, 49.2573641 ], [ -123.0892227, 49.2575311 ], [ -123.0892094, 49.2579397 ], [ -123.0885048, 49.2579353 ], [ -123.0872527, 49.2579274 ], [ -123.0872479, 49.2583535 ], [ -123.0872429, 49.2588054 ], [ -123.0853687, 49.2587926 ] ] ] ] } },
{ "type": "Feature", "properties": { "name": "59150747", "population": 352, "population_density": 4055.3 }, "geometry": { "type": "MultiPolygon", "coordinates": [ [ [ [ -123.0774807, 49.262484 ], [ -123.077481, 49.2623922 ], [ -123.0776238, 49.2623933 ], [ -123.0803075, 49.2624159 ], [ -123.0813901, 49.262425 ], [ -123.0813596, 49.2629097 ], [ -123.0813311, 49.263362 ], [ -123.081328, 49.2638177 ], [ -123.0813248, 49.2642698 ], [ -123.0813064, 49.2652403 ], [ -123.079402, 49.2651996 ], [ -123.0780155, 49.2651823 ], [ -123.0774293, 49.265175 ], [ -123.0774617, 49.2646478 ], [ -123.0774744, 49.2644417 ], [ -123.0774872, 49.2642344 ], [ -123.0775276, 49.263332 ], [ -123.0775396, 49.2628765 ], [ -123.0775475, 49.2625795 ], [ -123.0774807, 49.262484 ] ] ] ] } },
{ "type": "Feature", "properties": { "name": "59150748", "population": 536, "population_density": 13073.2 }, "geometry": { "type": "MultiPolygon", "coordinates": [ [ [ [ -123.0755793, 49.2628504 ], [ -123.0755848, 49.2623768 ], [ -123.077481, 49.2623922 ], [ -123.0774807, 49.262484 ], [ -123.0775475, 49.2625795 ], [ -123.0775396, 49.2628765 ], [ -123.0775276, 49.263332 ], [ -123.0774872, 49.2642344 ], [ -123.0774744, 49.2644417 ], [ -123.0774617, 49.2646478 ], [ -123.0774293, 49.265175 ], [ -123.0771489, 49.2651341 ], [ -123.0767931, 49.2651145 ], [ -123.0767601, 49.2651127 ], [ -123.0764811, 49.2650484 ], [ -123.0757452, 49.2648006 ], [ -123.0755547, 49.2647063 ], [ -123.0755558, 49.2646034 ], [ -123.0755578, 49.2644049 ], [ -123.0755599, 49.2642101 ], [ -123.0755667, 49.2637769 ], [ -123.0755739, 49.2633124 ], [ -123.0755793, 49.2628504 ] ] ] ] } },
{ "type": "Feature", "properties": { "name": "59150749", "population": 517, "population_density": 4507.4 }, "geometry": { "type": "MultiPolygon", "coordinates": [ [ [ [ -123.0735857, 49.2655679 ], [ -123.0735953, 49.2651251 ], [ -123.0739824, 49.2651302 ], [ -123.0735989, 49.2650018 ], [ -123.0735994, 49.2649744 ], [ -123.0736011, 49.2648754 ], [ -123.073607, 49.2645425 ], [ -123.0736083, 49.2644676 ], [ -123.07361, 49.2643744 ], [ -123.0736133, 49.2641852 ], [ -123.0736219, 49.2637601 ], [ -123.0736314, 49.2632895 ], [ -123.0748257, 49.2633036 ], [ -123.0755739, 49.2633124 ], [ -123.0755667, 49.2637769 ], [ -123.0755599, 49.2642101 ], [ -123.0755578, 49.2644049 ], [ -123.0755558, 49.2646034 ], [ -123.0755547, 49.2647063 ], [ -123.0757452, 49.2648006 ], [ -123.0764811, 49.2650484 ], [ -123.0767601, 49.2651127 ], [ -123.0767931, 49.2651145 ], [ -123.0771489, 49.2651341 ], [ -123.0774293, 49.265175 ], [ -123.0774217, 49.2656733 ], [ -123.0774193, 49.2658304 ], [ -123.077419, 49.2658531 ], [ -123.0774151, 49.2661051 ], [ -123.0774122, 49.2662969 ], [ -123.0774083, 49.2669255 ], [ -123.0773803, 49.2678498 ], [ -123.0766881, 49.267847 ], [ -123.07546, 49.2678419 ], [ -123.0735417, 49.2678251 ], [ -123.0735593, 49.2668924 ], [ -123.0735678, 49.2664497 ], [ -123.073576, 49.2660191 ], [ -123.0735857, 49.2655679 ] ] ] ] } },
{ "type": "Feature", "properties": { "name": "59150750", "population": 838, "population_density": 924.9 }, "geometry": { "type": "MultiPolygon", "coordinates": [ [ [ [ -123.0954677, 49.2720914 ], [ -123.0944415, 49.2719117 ], [ -123.0933191, 49.2717346 ], [ -123.0908014, 49.2713088 ], [ -123.0894835, 49.2710859 ], [ -123.0874211, 49.270737 ], [ -123.0848486, 49.270283 ], [ -123.0837456, 49.2700914 ], [ -123.0824973, 49.2698744 ], [ -123.0823722, 49.2698089 ], [ -123.0817874, 49.2697183 ], [ -123.0817598, 49.2697141 ], [ -123.0816606, 49.2696987 ], [ -123.0814109, 49.269692 ], [ -123.0807188, 49.2696843 ], [ -123.0802653, 49.2696793 ], [ -123.0800589, 49.269677 ], [ -123.079839, 49.2696746 ], [ -123.0788187, 49.2696633 ], [ -123.0784507, 49.2696597 ], [ -123.0773659, 49.2696491 ], [ -123.0773852, 49.2687543 ], [ -123.077383, 49.2683484 ], [ -123.0773803, 49.2678498 ], [ -123.0774083, 49.2669255 ], [ -123.0774122, 49.2662969 ], [ -123.0774151, 49.2661051 ], [ -123.077419, 49.2658531 ], [ -123.0774193, 49.2658304 ], [ -123.0774217, 49.2656733 ], [ -123.0774293, 49.265175 ], [ -123.0780155, 49.2651823 ], [ -123.079402, 49.2651996 ], [ -123.0813064, 49.2652403 ], [ -123.0815922, 49.2652615 ], [ -123.0845115, 49.2658211 ], [ -123.0847104, 49.2658592 ], [ -123.0849663, 49.2659083 ], [ -123.0865539, 49.2662126 ], [ -123.0890531, 49.2666917 ], [ -123.0890809, 49.2661394 ], [ -123.0890849, 49.2656831 ], [ -123.089089, 49.2652226 ], [ -123.0910077, 49.2652528 ], [ -123.0910068, 49.2656725 ], [ -123.0910057, 49.2661616 ], [ -123.0929292, 49.2661602 ], [ -123.0934682, 49.2661659 ], [ -123.0948651, 49.2661808 ], [ -123.0956525, 49.2662219 ], [ -123.0958152, 49.2663659 ], [ -123.0961302, 49.2665572 ], [ -123.0963046, 49.266624 ], [ -123.0962061, 49.2668601 ], [ -123.096693, 49.2669822 ], [ -123.0971718, 49.2671905 ], [ -123.0982024, 49.267738 ], [ -123.0990714, 49.2682756 ], [ -123.0991936, 49.2682987 ], [ -123.0996884, 49.2685823 ], [ -123.1002303, 49.268858 ], [ -123.1006331, 49.2690085 ], [ -123.1006307, 49.269112 ], [ -123.1007756, 49.2691465 ], [ -123.1007362, 49.2701282 ], [ -123.100602, 49.2701219 ], [ -123.1005961, 49.2703421 ], [ -123.1005916, 49.2705071 ], [ -123.1005862, 49.2707042 ], [ -123.1002698, 49.2713676 ], [ -123.1002123, 49.2714882 ], [ -123.10002, 49.2718915 ], [ -123.0999391, 49.2727459 ], [ -123.0999378, 49.2727712 ], [ -123.0999373, 49.2727825 ], [ -123.0999337, 49.2728556 ], [ -123.0992528, 49.2727455 ], [ -123.0986169, 49.2726428 ], [ -123.0984297, 49.27261 ], [ -123.0981064, 49.2725534 ], [ -123.0977017, 49.2724826 ], [ -123.0954677, 49.2720914 ] ] ] ] } },
{ "type": "Feature", "properties": { "name": "59150751", "population": 782, "population_density": 895.7 }, "geometry": { "type": "MultiPolygon", "coordinates": [ [ [ [ -123.0917642, 49.2757578 ], [ -123.0902892, 49.2757225 ], [ -123.0900687, 49.2758418 ], [ -123.0898733, 49.2760644 ], [ -123.0897621, 49.2762821 ], [ -123.0897372, 49.2765922 ], [ -123.089718, 49.2770256 ], [ -123.0896979, 49.277481 ], [ -123.0877343, 49.2774569 ], [ -123.0872986, 49.2774361 ], [ -123.0849592, 49.2774 ], [ -123.0849983, 49.2764931 ], [ -123.0873546, 49.2765432 ], [ -123.087355, 49.2765342 ], [ -123.0874329, 49.2746403 ], [ -123.0868945, 49.2744595 ], [ -123.0860711, 49.2741829 ], [ -123.0859058, 49.274114 ], [ -123.0850842, 49.2737716 ], [ -123.0840408, 49.2734282 ], [ -123.0833139, 49.273232 ], [ -123.0827557, 49.2731502 ], [ -123.0823691, 49.2731137 ], [ -123.0814565, 49.2730944 ], [ -123.081436, 49.2740973 ], [ -123.0814347, 49.274227 ], [ -123.0814097, 49.2758044 ], [ -123.0814003, 49.2759104 ], [ -123.0809483, 49.2759031 ], [ -123.0806612, 49.2758985 ], [ -123.08, 49.2758878 ], [ -123.0794532, 49.2758866 ], [ -123.0786302, 49.2758841 ], [ -123.0772881, 49.275855 ], [ -123.0772976, 49.274941 ], [ -123.0772986, 49.2744528 ], [ -123.0772994, 49.2740403 ], [ -123.0773155, 49.2731301 ], [ -123.0773385, 49.2715012 ], [ -123.0773463, 49.2710166 ], [ -123.0773493, 49.2708234 ], [ -123.0773535, 49.2705649 ], [ -123.0773598, 49.2700991 ], [ -123.0773659, 49.2696491 ], [ -123.0784507, 49.2696597 ], [ -123.0788187, 49.2696633 ], [ -123.079839, 49.2696746 ], [ -123.0800589, 49.269677 ], [ -123.0802653, 49.2696793 ], [ -123.0807188, 49.2696843 ], [ -123.0814109, 49.269692 ], [ -123.0816606, 49.2696987 ], [ -123.0817598, 49.2697141 ], [ -123.0817874, 49.2697183 ], [ -123.0823722, 49.2698089 ], [ -123.0824973, 49.2698744 ], [ -123.0837456, 49.2700914 ], [ -123.0848486, 49.270283 ], [ -123.0874211, 49.270737 ], [ -123.0894835, 49.2710859 ], [ -123.0908014, 49.2713088 ], [ -123.0933191, 49.2717346 ], [ -123.0944415, 49.2719117 ], [ -123.0977017, 49.2724826 ], [ -123.0981064, 49.2725534 ], [ -123.0984297, 49.27261 ], [ -123.0986169, 49.2726428 ], [ -123.0992528, 49.2727455 ], [ -123.0999337, 49.2728556 ], [ -123.0999273, 49.2730142 ], [ -123.0999245, 49.2730861 ], [ -123.099923, 49.2731221 ], [ -123.0998729, 49.2743725 ], [ -123.0998505, 49.2749323 ], [ -123.0998362, 49.2753111 ], [ -123.0998306, 49.2754609 ], [ -123.0998097, 49.2760147 ], [ -123.0997817, 49.276758 ], [ -123.0990165, 49.2767321 ], [ -123.0968616, 49.2766749 ], [ -123.0968067, 49.2766735 ], [ -123.0966266, 49.2766687 ], [ -123.0962796, 49.2766594 ], [ -123.0961534, 49.2767001 ], [ -123.0955874, 49.2766957 ], [ -123.0936266, 49.2766727 ], [ -123.093634, 49.276445 ], [ -123.0935819, 49.2762445 ], [ -123.0933301, 49.2758783 ], [ -123.0933209, 49.275871 ], [ -123.0932018, 49.2757758 ], [ -123.0917642, 49.2757578 ] ] ] ] } },
{ "type": "Feature", "properties": { "name": "59150752", "population": 300, "population_density": 7537.7 }, "geometry": { "type": "MultiPolygon", "coordinates": [ [ [ [ -123.0896979, 49.277481 ], [ -123.089718, 49.2770256 ], [ -123.0897372, 49.2765922 ], [ -123.0897621, 49.2762821 ], [ -123.0898733, 49.2760644 ], [ -123.0900687, 49.2758418 ], [ -123.0902892, 49.2757225 ], [ -123.0917642, 49.2757578 ], [ -123.0932018, 49.2757758 ], [ -123.0933209, 49.275871 ], [ -123.0933301, 49.2758783 ], [ -123.0935819, 49.2762445 ], [ -123.093634, 49.276445 ], [ -123.0936266, 49.2766727 ], [ -123.0932826, 49.2766657 ], [ -123.091675, 49.2766327 ], [ -123.0916615, 49.2770601 ], [ -123.0916471, 49.2775147 ], [ -123.0896979, 49.277481 ] ] ] ] } },
{ "type": "Feature", "properties": { "name": "59150753", "population": 271, "population_density": 9609.9 }, "geometry": { "type": "MultiPolygon", "coordinates": [ [ [ [ -123.0916615, 49.2770601 ], [ -123.091675, 49.2766327 ], [ -123.0932826, 49.2766657 ], [ -123.0936266, 49.2766727 ], [ -123.0936217, 49.2767879 ], [ -123.0936079, 49.2771117 ], [ -123.0935889, 49.2775589 ], [ -123.0935695, 49.2779941 ], [ -123.0935486, 49.2784648 ], [ -123.0932579, 49.2784593 ], [ -123.0916036, 49.2784277 ], [ -123.0916246, 49.2779862 ], [ -123.0916471, 49.2775147 ], [ -123.0916615, 49.2770601 ] ] ] ] } },
{ "type": "Feature", "properties": { "name": "59150754", "population": 456, "population_density": 10654.2 }, "geometry": { "type": "MultiPolygon", "coordinates": [ [ [ [ -123.0896786, 49.2779607 ], [ -123.0896979, 49.277481 ], [ -123.0916471, 49.2775147 ], [ -123.0916246, 49.2779862 ], [ -123.0916036, 49.2784277 ], [ -123.0932579, 49.2784593 ], [ -123.0935486, 49.2784648 ], [ -123.0935291, 49.2789203 ], [ -123.09351, 49.2793663 ], [ -123.0932457, 49.2793614 ], [ -123.0915635, 49.2793301 ], [ -123.089813, 49.2793045 ], [ -123.0896851, 49.2792614 ], [ -123.0896121, 49.2791757 ], [ -123.0896313, 49.2788692 ], [ -123.0896613, 49.2783916 ], [ -123.0896786, 49.2779607 ] ] ] ] } },
{ "type": "Feature", "properties": { "name": "59150755", "population": 779, "population_density": 15096.9 }, "geometry": { "type": "MultiPolygon", "coordinates": [ [ [ [ -123.0935695, 49.2779941 ], [ -123.0935889, 49.2775589 ], [ -123.0955341, 49.2775923 ], [ -123.0969631, 49.2776172 ], [ -123.0970165, 49.2780897 ], [ -123.0970666, 49.2785316 ], [ -123.0971287, 49.2789914 ], [ -123.0971887, 49.2794356 ], [ -123.0960651, 49.2794144 ], [ -123.0954603, 49.2794031 ], [ -123.09351, 49.2793663 ], [ -123.0935291, 49.2789203 ], [ -123.0935486, 49.2784648 ], [ -123.0935695, 49.2779941 ] ] ] ] } },
{ "type": "Feature", "properties": { "name": "59150756", "population": 203, "population_density": 8388.4 }, "geometry": { "type": "MultiPolygon", "coordinates": [ [ [ [ -123.0936217, 49.2767879 ], [ -123.0936266, 49.2766727 ], [ -123.0955874, 49.2766957 ], [ -123.0961534, 49.2767001 ], [ -123.0962796, 49.2766594 ], [ -123.0966266, 49.2766687 ], [ -123.0968792, 49.2766962 ], [ -123.0968869, 49.2767928 ], [ -123.0969218, 49.2771711 ], [ -123.0969631, 49.2776172 ], [ -123.0955341, 49.2775923 ], [ -123.0935889, 49.2775589 ], [ -123.0936079, 49.2771117 ], [ -123.0936217, 49.2767879 ] ] ] ] } },
{ "type": "Feature", "properties": { "name": "59150757", "population": 1123, "population_density": 14251.3 }, "geometry": { "type": "MultiPolygon", "coordinates": [ [ [ [ -123.0968792, 49.2766962 ], [ -123.0966266, 49.2766687 ], [ -123.0968067, 49.2766735 ], [ -123.0968616, 49.2766749 ], [ -123.0990165, 49.2767321 ], [ -123.0997817, 49.276758 ], [ -123.099768, 49.2770864 ], [ -123.0997629, 49.2772791 ], [ -123.0997336, 49.277571 ], [ -123.0997222, 49.2776741 ], [ -123.099721, 49.2776851 ], [ -123.0997199, 49.2780093 ], [ -123.0997863, 49.2780613 ], [ -123.0998116, 49.2780811 ], [ -123.0997715, 49.2785691 ], [ -123.0997377, 49.2794825 ], [ -123.0996994, 49.2803813 ], [ -123.098913, 49.2803664 ], [ -123.0973041, 49.2803358 ], [ -123.0972472, 49.2798918 ], [ -123.0971887, 49.2794356 ], [ -123.0971287, 49.2789914 ], [ -123.0970666, 49.2785316 ], [ -123.0970165, 49.2780897 ], [ -123.0969631, 49.2776172 ], [ -123.0969218, 49.2771711 ], [ -123.0968869, 49.2767928 ], [ -123.0968792, 49.2766962 ] ] ] ] } },
{ "type": "Feature", "properties": { "name": "59150758", "population": 499, "population_density": 18278.4 }, "geometry": { "type": "MultiPolygon", "coordinates": [ [ [ [ -123.0973041, 49.2803358 ], [ -123.096422, 49.280318 ], [ -123.096147, 49.2803125 ], [ -123.0960533, 49.2803106 ], [ -123.0954415, 49.2802983 ], [ -123.0934738, 49.2802715 ], [ -123.0934922, 49.2798107 ], [ -123.09351, 49.2793663 ], [ -123.0954603, 49.2794031 ], [ -123.0960651, 49.2794144 ], [ -123.0971887, 49.2794356 ], [ -123.0972472, 49.2798918 ], [ -123.0973041, 49.2803358 ] ] ] ] } },
{ "type": "Feature", "properties": { "name": "59150759", "population": 478, "population_density": 9735.2 }, "geometry": { "type": "MultiPolygon", "coordinates": [ [ [ [ -123.0934517, 49.2807282 ], [ -123.0934738, 49.2802715 ], [ -123.0954415, 49.2802983 ], [ -123.0960533, 49.2803106 ], [ -123.096147, 49.2803125 ], [ -123.096422, 49.280318 ], [ -123.0973041, 49.2803358 ], [ -123.098913, 49.2803664 ], [ -123.0996994, 49.2803813 ], [ -123.0996871, 49.2813474 ], [ -123.098874, 49.2813348 ], [ -123.0974656, 49.2813129 ], [ -123.0954065, 49.2812747 ], [ -123.093427, 49.2812376 ], [ -123.0934517, 49.2807282 ] ] ] ] } },
{ "type": "Feature", "properties": { "name": "59150760", "population": 577, "population_density": 18493.6 }, "geometry": { "type": "MultiPolygon", "coordinates": [ [ [ [ -123.0934033, 49.2817625 ], [ -123.093427, 49.2812376 ], [ -123.0954065, 49.2812747 ], [ -123.0974656, 49.2813129 ], [ -123.097532, 49.281805 ], [ -123.0975923, 49.2822522 ], [ -123.0974472, 49.2822492 ], [ -123.0973507, 49.2822472 ], [ -123.0968548, 49.2822368 ], [ -123.0965704, 49.2822309 ], [ -123.0962953, 49.2822252 ], [ -123.0959983, 49.282219 ], [ -123.095366, 49.2822058 ], [ -123.0953406, 49.2822054 ], [ -123.0935946, 49.2821807 ], [ -123.0933846, 49.2821777 ], [ -123.0934033, 49.2817625 ] ] ] ] } },
{ "type": "Feature", "properties": { "name": "59150761", "population": 644, "population_density": 18400.0 }, "geometry": { "type": "MultiPolygon", "coordinates": [ [ [ [ -123.0953468, 49.2826877 ], [ -123.095366, 49.2822058 ], [ -123.0959983, 49.282219 ], [ -123.0962953, 49.2822252 ], [ -123.0965704, 49.2822309 ], [ -123.0968548, 49.2822368 ], [ -123.0973507, 49.2822472 ], [ -123.0974472, 49.2822492 ], [ -123.0975923, 49.2822522 ], [ -123.0976522, 49.2826965 ], [ -123.0977143, 49.2831571 ], [ -123.0977754, 49.2836141 ], [ -123.097836, 49.2840674 ], [ -123.0967503, 49.2840459 ], [ -123.0962894, 49.2840368 ], [ -123.0952938, 49.284017 ], [ -123.095312, 49.2835606 ], [ -123.0953299, 49.283111 ], [ -123.0953468, 49.2826877 ] ] ] ] } },
{ "type": "Feature", "properties": { "name": "59150762", "population": 785, "population_density": 9974.6 }, "geometry": { "type": "MultiPolygon", "coordinates": [ [ [ [ -123.0952378, 49.2853504 ], [ -123.0952503, 49.2848652 ], [ -123.094922, 49.284905 ], [ -123.0938107, 49.2848742 ], [ -123.0932725, 49.2847553 ], [ -123.0933054, 49.2839887 ], [ -123.0933261, 49.2835256 ], [ -123.0933463, 49.2830738 ], [ -123.0953299, 49.283111 ], [ -123.095312, 49.2835606 ], [ -123.0952938, 49.284017 ], [ -123.0962894, 49.2840368 ], [ -123.0967503, 49.2840459 ], [ -123.097836, 49.2840674 ], [ -123.0977754, 49.2836141 ], [ -123.0977143, 49.2831571 ], [ -123.0995607, 49.2831923 ], [ -123.0995268, 49.283637 ], [ -123.0994912, 49.2841047 ], [ -123.0994438, 49.2842484 ], [ -123.0991799, 49.2845773 ], [ -123.0991664, 49.2846523 ], [ -123.0991462, 49.2847646 ], [ -123.0991762, 49.2848555 ], [ -123.0988194, 49.2849342 ], [ -123.0984959, 49.2849435 ], [ -123.0980185, 49.2849955 ], [ -123.0979961, 49.2850006 ], [ -123.0965377, 49.2853322 ], [ -123.095912, 49.2854487 ], [ -123.0952299, 49.2856294 ], [ -123.09476, 49.2856267 ], [ -123.0952378, 49.2853504 ] ] ] ] } },
{ "type": "Feature", "properties": { "name": "59150763", "population": 375, "population_density": 12335.5 }, "geometry": { "type": "MultiPolygon", "coordinates": [ [ [ [ -123.097532, 49.281805 ], [ -123.0974656, 49.2813129 ], [ -123.098874, 49.2813348 ], [ -123.0996871, 49.2813474 ], [ -123.0996309, 49.282289 ], [ -123.0995607, 49.2831923 ], [ -123.0977143, 49.2831571 ], [ -123.0976522, 49.2826965 ], [ -123.0975923, 49.2822522 ], [ -123.097532, 49.281805 ] ] ] ] } },
{ "type": "Feature", "properties": { "name": "59150777", "population": 1212, "population_density": 77692.3 }, "geometry": { "type": "MultiPolygon", "coordinates": [ [ [ [ -123.1170845, 49.2755552 ], [ -123.1171463, 49.2755127 ], [ -123.1171806, 49.2755331 ], [ -123.1180316, 49.2760363 ], [ -123.1179368, 49.2761031 ], [ -123.1179025, 49.276213 ], [ -123.116625, 49.2771111 ], [ -123.1165871, 49.2771677 ], [ -123.1160055, 49.2768059 ], [ -123.1155751, 49.2765381 ], [ -123.1162724, 49.276084 ], [ -123.1170845, 49.2755552 ] ] ] ] } },
{ "type": "Feature", "properties": { "name": "59150779", "population": 987, "population_density": 59101.8 }, "geometry": { "type": "MultiPolygon", "coordinates": [ [ [ [ -123.1216738, 49.2762911 ], [ -123.1232735, 49.2752466 ], [ -123.1237104, 49.2755326 ], [ -123.1242573, 49.2758907 ], [ -123.1241323, 49.2759732 ], [ -123.1238505, 49.2761591 ], [ -123.1226641, 49.2769417 ], [ -123.1221827, 49.2766255 ], [ -123.1216738, 49.2762911 ] ] ] ] } },
{ "type": "Feature", "properties": { "name": "59150780", "population": 2306, "population_density": 34728.9 }, "geometry": { "type": "MultiPolygon", "coordinates": [ [ [ [ -123.1200939, 49.2773478 ], [ -123.1216738, 49.2762911 ], [ -123.1221827, 49.2766255 ], [ -123.1226641, 49.2769417 ], [ -123.1231277, 49.2772297 ], [ -123.1236141, 49.2775318 ], [ -123.1241092, 49.277866 ], [ -123.124606, 49.2782013 ], [ -123.1256242, 49.2788463 ], [ -123.1240397, 49.2799093 ], [ -123.1235339, 49.2795768 ], [ -123.1230402, 49.2792521 ], [ -123.1224951, 49.2789073 ], [ -123.1220114, 49.2786014 ], [ -123.1215629, 49.2783028 ], [ -123.121081, 49.2779821 ], [ -123.1206989, 49.2777366 ], [ -123.1205931, 49.2776686 ], [ -123.1200939, 49.2773478 ] ] ] ] } },
{ "type": "Feature", "properties": { "name": "59150782", "population": 464, "population_density": 28466.3 }, "geometry": { "type": "MultiPolygon", "coordinates": [ [ [ [ -123.1265895, 49.2794575 ], [ -123.1249834, 49.2805361 ], [ -123.1240397, 49.2799093 ], [ -123.1256242, 49.2788463 ], [ -123.1261114, 49.2791548 ], [ -123.1265895, 49.2794575 ] ] ] ] } },
{ "type": "Feature", "properties": { "name": "59150784", "population": 642, "population_density": 37764.7 }, "geometry": { "type": "MultiPolygon", "coordinates": [ [ [ [ -123.1287865, 49.2767552 ], [ -123.1280289, 49.2772535 ], [ -123.1271936, 49.2778027 ], [ -123.126767, 49.2775266 ], [ -123.1261921, 49.2771546 ], [ -123.1270106, 49.2766035 ], [ -123.1277623, 49.2760975 ], [ -123.1283835, 49.276495 ], [ -123.1287865, 49.2767552 ] ] ] ] } },
{ "type": "Feature", "properties": { "name": "59150785", "population": 1895, "population_density": 38991.8 }, "geometry": { "type": "MultiPolygon", "coordinates": [ [ [ [ -123.1258293, 49.2748274 ], [ -123.1274095, 49.2738066 ], [ -123.1278921, 49.2741388 ], [ -123.1283228, 49.2744353 ], [ -123.1285581, 49.2745856 ], [ -123.1290856, 49.2749203 ], [ -123.1292917, 49.2750546 ], [ -123.1294095, 49.2751271 ], [ -123.1296315, 49.2752708 ], [ -123.1301754, 49.2755852 ], [ -123.1302815, 49.2756519 ], [ -123.1303804, 49.275714 ], [ -123.1303706, 49.2757204 ], [ -123.1296031, 49.2762176 ], [ -123.1287865, 49.2767552 ], [ -123.1283835, 49.276495 ], [ -123.1277623, 49.2760975 ], [ -123.1272719, 49.2757714 ], [ -123.1271697, 49.2757034 ], [ -123.126773, 49.2754524 ], [ -123.1263135, 49.2751481 ], [ -123.1258293, 49.2748274 ] ] ] ] } },
{ "type": "Feature", "properties": { "name": "59150786", "population": 566, "population_density": 33099.4 }, "geometry": { "type": "MultiPolygon", "coordinates": [ [ [ [ -123.1258545, 49.2731779 ], [ -123.1261616, 49.2732122 ], [ -123.1265978, 49.2733355 ], [ -123.1268168, 49.2734441 ], [ -123.1270337, 49.2735516 ], [ -123.1274095, 49.2738066 ], [ -123.1258293, 49.2748274 ], [ -123.1253557, 49.2745252 ], [ -123.1248538, 49.2742051 ], [ -123.1251145, 49.2740238 ], [ -123.1253664, 49.2738486 ], [ -123.1255819, 49.2736525 ], [ -123.1257978, 49.2733836 ], [ -123.1258545, 49.2731779 ] ] ] ] } },
{ "type": "Feature", "properties": { "name": "59150787", "population": 488, "population_density": 50309.3 }, "geometry": { "type": "MultiPolygon", "coordinates": [ [ [ [ -123.1258545, 49.2731779 ], [ -123.1257978, 49.2733836 ], [ -123.1255819, 49.2736525 ], [ -123.1253664, 49.2738486 ], [ -123.1251145, 49.2740238 ], [ -123.1248538, 49.2742051 ], [ -123.1242731, 49.2738194 ], [ -123.123737, 49.2734899 ], [ -123.1246495, 49.2732449 ], [ -123.125172, 49.2731714 ], [ -123.1252656, 49.2731683 ], [ -123.1255947, 49.2731575 ], [ -123.1258545, 49.2731779 ] ] ] ] } },
{ "type": "Feature", "properties": { "name": "59150788", "population": 707, "population_density": 28857.1 }, "geometry": { "type": "MultiPolygon", "coordinates": [ [ [ [ -123.1215397, 49.2741656 ], [ -123.1214009, 49.2741131 ], [ -123.1214293, 49.274105 ], [ -123.1214443, 49.2741008 ], [ -123.1214876, 49.2740884 ], [ -123.1227634, 49.273749 ], [ -123.123737, 49.2734899 ], [ -123.1242731, 49.2738194 ], [ -123.1248538, 49.2742051 ], [ -123.1239826, 49.2747793 ], [ -123.1232735, 49.2752466 ], [ -123.1229515, 49.2750484 ], [ -123.1226647, 49.2748718 ], [ -123.1221366, 49.2745245 ], [ -123.121743, 49.2742836 ], [ -123.1215674, 49.2741761 ], [ -123.1215397, 49.2741656 ] ] ] ] } },
{ "type": "Feature", "properties": { "name": "59150790", "population": 1182, "population_density": 28076.0 }, "geometry": { "type": "MultiPolygon", "coordinates": [ [ [ [ -123.1330425, 49.2767773 ], [ -123.1326539, 49.2769031 ], [ -123.1324684, 49.2769927 ], [ -123.1324183, 49.2769607 ], [ -123.1324022, 49.2769504 ], [ -123.1317853, 49.2765494 ], [ -123.1313786, 49.2762819 ], [ -123.1308649, 49.275962 ], [ -123.1306112, 49.275804 ], [ -123.1304757, 49.2757733 ], [ -123.1303804, 49.275714 ], [ -123.1304764, 49.2756518 ], [ -123.131081, 49.2752492 ], [ -123.1318163, 49.2747596 ], [ -123.1325805, 49.2742571 ], [ -123.1327445, 49.2741493 ], [ -123.1328287, 49.2742046 ], [ -123.1331649, 49.2744256 ], [ -123.1336714, 49.2747585 ], [ -123.1327589, 49.2753602 ], [ -123.1337767, 49.2760115 ], [ -123.1341462, 49.2763257 ], [ -123.1342168, 49.2763843 ], [ -123.1342046, 49.2763884 ], [ -123.1332148, 49.2767216 ], [ -123.1330425, 49.2767773 ] ] ] ] } },
{ "type": "Feature", "properties": { "name": "59150791", "population": 593, "population_density": 32404.4 }, "geometry": { "type": "MultiPolygon", "coordinates": [ [ [ [ -123.1307863, 49.278037 ], [ -123.1302546, 49.2776966 ], [ -123.1297223, 49.2773557 ], [ -123.1313786, 49.2762819 ], [ -123.1317853, 49.2765494 ], [ -123.1324022, 49.2769504 ], [ -123.1324183, 49.2769607 ], [ -123.1324684, 49.2769927 ], [ -123.1323404, 49.2770614 ], [ -123.1322287, 49.2770899 ], [ -123.1318166, 49.2773609 ], [ -123.1313478, 49.2776691 ], [ -123.1307863, 49.278037 ] ] ] ] } },
{ "type": "Feature", "properties": { "name": "59150792", "population": 855, "population_density": 35041.0 }, "geometry": { "type": "MultiPolygon", "coordinates": [ [ [ [ -123.1318166, 49.2773609 ], [ -123.1322287, 49.2770899 ], [ -123.1323404, 49.2770614 ], [ -123.1324684, 49.2769927 ], [ -123.1326539, 49.2769031 ], [ -123.1330425, 49.2767773 ], [ -123.1332148, 49.2767216 ], [ -123.1329636, 49.2769833 ], [ -123.1329615, 49.2771517 ], [ -123.1330181, 49.2772144 ], [ -123.1331467, 49.2773566 ], [ -123.1332917, 49.2774559 ], [ -123.1332849, 49.2775206 ], [ -123.134424, 49.2782561 ], [ -123.1338315, 49.2786474 ], [ -123.1338299, 49.2786484 ], [ -123.1333252, 49.2789817 ], [ -123.1322697, 49.2782811 ], [ -123.1313478, 49.2776691 ], [ -123.1318166, 49.2773609 ] ] ] ] } },
{ "type": "Feature", "properties": { "name": "59150793", "population": 981, "population_density": 43991.0 }, "geometry": { "type": "MultiPolygon", "coordinates": [ [ [ [ -123.1307863, 49.278037 ], [ -123.1313478, 49.2776691 ], [ -123.1322697, 49.2782811 ], [ -123.1333252, 49.2789817 ], [ -123.1329551, 49.2792322 ], [ -123.1327811, 49.2793359 ], [ -123.1327546, 49.2793517 ], [ -123.1322417, 49.2796573 ], [ -123.1302881, 49.2783597 ], [ -123.1307863, 49.278037 ] ] ] ] } },
{ "type": "Feature", "properties": { "name": "59150795", "population": 882, "population_density": 18375.0 }, "geometry": { "type": "MultiPolygon", "coordinates": [ [ [ [ -123.1300275, 49.278529 ], [ -123.1302881, 49.2783597 ], [ -123.1322417, 49.2796573 ], [ -123.1329518, 49.2801106 ], [ -123.1344576, 49.2810717 ], [ -123.134253, 49.2812014 ], [ -123.1339193, 49.2814255 ], [ -123.1333526, 49.2818062 ], [ -123.1312142, 49.2803839 ], [ -123.1291828, 49.2790779 ], [ -123.1297035, 49.2787396 ], [ -123.1300275, 49.278529 ] ] ] ] } },
{ "type": "Feature", "properties": { "name": "59150816", "population": 318, "population_density": 25039.4 }, "geometry": { "type": "MultiPolygon", "coordinates": [ [ [ [ -123.1363796, 49.2851534 ], [ -123.1358884, 49.2854977 ], [ -123.1358721, 49.2855092 ], [ -123.1353769, 49.2858563 ], [ -123.1342008, 49.2850928 ], [ -123.134718, 49.284751 ], [ -123.1347618, 49.2847221 ], [ -123.1352397, 49.2844062 ], [ -123.1363796, 49.2851534 ] ] ] ] } },
{ "type": "Feature", "properties": { "name": "59150817", "population": 572, "population_density": 21423.2 }, "geometry": { "type": "MultiPolygon", "coordinates": [ [ [ [ -123.1358181, 49.2840289 ], [ -123.1363037, 49.283712 ], [ -123.1374812, 49.284453 ], [ -123.1386706, 49.2852231 ], [ -123.13811, 49.2855848 ], [ -123.1375712, 49.2859325 ], [ -123.1363796, 49.2851534 ], [ -123.1352397, 49.2844062 ], [ -123.1356232, 49.284156 ], [ -123.1357567, 49.2840689 ], [ -123.1358181, 49.2840289 ] ] ] ] } },
{ "type": "Feature", "properties": { "name": "59150819", "population": 415, "population_density": 30970.1 }, "geometry": { "type": "MultiPolygon", "coordinates": [ [ [ [ -123.1374812, 49.284453 ], [ -123.1363037, 49.283712 ], [ -123.1368241, 49.2833636 ], [ -123.1373933, 49.2829825 ], [ -123.1385627, 49.2837413 ], [ -123.1379789, 49.2841254 ], [ -123.1374812, 49.284453 ] ] ] ] } },
{ "type": "Feature", "properties": { "name": "59150820", "population": 534, "population_density": 40454.5 }, "geometry": { "type": "MultiPolygon", "coordinates": [ [ [ [ -123.1379188, 49.2826232 ], [ -123.1383001, 49.2823626 ], [ -123.138434, 49.2823301 ], [ -123.1385719, 49.2823671 ], [ -123.1396293, 49.2830499 ], [ -123.1390591, 49.2834195 ], [ -123.1390377, 49.2834334 ], [ -123.1385627, 49.2837413 ], [ -123.1373933, 49.2829825 ], [ -123.1378524, 49.2826687 ], [ -123.1379188, 49.2826232 ] ] ] ] } },
{ "type": "Feature", "properties": { "name": "59150821", "population": 473, "population_density": 30915.0 }, "geometry": { "type": "MultiPolygon", "coordinates": [ [ [ [ -123.1373933, 49.2829825 ], [ -123.1360108, 49.2821127 ], [ -123.1365082, 49.2817768 ], [ -123.1365445, 49.2817486 ], [ -123.1370429, 49.281379 ], [ -123.1382915, 49.2821962 ], [ -123.138434, 49.2823301 ], [ -123.1383001, 49.2823626 ], [ -123.1379188, 49.2826232 ], [ -123.1378524, 49.2826687 ], [ -123.1373933, 49.2829825 ] ] ] ] } },
{ "type": "Feature", "properties": { "name": "59150822", "population": 435, "population_density": 27531.6 }, "geometry": { "type": "MultiPolygon", "coordinates": [ [ [ [ -123.1363037, 49.283712 ], [ -123.1349163, 49.2828105 ], [ -123.1354583, 49.282465 ], [ -123.1360108, 49.2821127 ], [ -123.1373933, 49.2829825 ], [ -123.1368241, 49.2833636 ], [ -123.1363037, 49.283712 ] ] ] ] } },
{ "type": "Feature", "properties": { "name": "59150823", "population": 475, "population_density": 26098.9 }, "geometry": { "type": "MultiPolygon", "coordinates": [ [ [ [ -123.134253, 49.2812014 ], [ -123.1344576, 49.2810717 ], [ -123.1360108, 49.2821127 ], [ -123.1354583, 49.282465 ], [ -123.1349163, 49.2828105 ], [ -123.1333526, 49.2818062 ], [ -123.1339193, 49.2814255 ], [ -123.134253, 49.2812014 ] ] ] ] } },
{ "type": "Feature", "properties": { "name": "59150824", "population": 400, "population_density": 22727.3 }, "geometry": { "type": "MultiPolygon", "coordinates": [ [ [ [ -123.1349572, 49.2807381 ], [ -123.1354954, 49.2803787 ], [ -123.1370429, 49.281379 ], [ -123.1365445, 49.2817486 ], [ -123.1365082, 49.2817768 ], [ -123.1360108, 49.2821127 ], [ -123.1344576, 49.2810717 ], [ -123.1349509, 49.2807423 ], [ -123.1349572, 49.2807381 ] ] ] ] } },
{ "type": "Feature", "properties": { "name": "59150827", "population": 457, "population_density": 13132.2 }, "geometry": { "type": "MultiPolygon", "coordinates": [ [ [ [ -123.1382915, 49.2821962 ], [ -123.1370429, 49.281379 ], [ -123.1375251, 49.2810641 ], [ -123.1376314, 49.2809947 ], [ -123.1381126, 49.2806805 ], [ -123.1383634, 49.2805133 ], [ -123.1402056, 49.2798684 ], [ -123.1404882, 49.2800784 ], [ -123.1407099, 49.2804102 ], [ -123.1407784, 49.2806504 ], [ -123.1407935, 49.2807034 ], [ -123.1408504, 49.2809028 ], [ -123.1408515, 49.2809065 ], [ -123.1406121, 49.2810513 ], [ -123.139058, 49.2812829 ], [ -123.1395181, 49.281577 ], [ -123.1391264, 49.2818331 ], [ -123.1389365, 49.2819573 ], [ -123.1385548, 49.2822069 ], [ -123.138434, 49.2823301 ], [ -123.1382915, 49.2821962 ] ] ] ] } },
{ "type": "Feature", "properties": { "name": "59150828", "population": 682, "population_density": 13612.8 }, "geometry": { "type": "MultiPolygon", "coordinates": [ [ [ [ -123.1407822, 49.2837875 ], [ -123.1396293, 49.2830499 ], [ -123.1385719, 49.2823671 ], [ -123.138434, 49.2823301 ], [ -123.1385548, 49.2822069 ], [ -123.1389365, 49.2819573 ], [ -123.1391264, 49.2818331 ], [ -123.1395181, 49.281577 ], [ -123.139058, 49.2812829 ], [ -123.1406121, 49.2810513 ], [ -123.1408515, 49.2809065 ], [ -123.1408769, 49.2809956 ], [ -123.1416219, 49.2816778 ], [ -123.1417447, 49.2818506 ], [ -123.1417702, 49.2818865 ], [ -123.1418502, 49.281999 ], [ -123.1420228, 49.2822418 ], [ -123.1421148, 49.2823713 ], [ -123.1424875, 49.2828954 ], [ -123.1417879, 49.28308 ], [ -123.1412772, 49.2834393 ], [ -123.1407822, 49.2837875 ] ] ] ] } },
{ "type": "Feature", "properties": { "name": "59150831", "population": 630, "population_density": 26923.1 }, "geometry": { "type": "MultiPolygon", "coordinates": [ [ [ [ -123.1423684, 49.2848103 ], [ -123.1407822, 49.2837875 ], [ -123.1412772, 49.2834393 ], [ -123.1417879, 49.28308 ], [ -123.1424875, 49.2828954 ], [ -123.1426144, 49.2830741 ], [ -123.1427763, 49.2833017 ], [ -123.143098, 49.2837543 ], [ -123.1431882, 49.2838085 ], [ -123.1434817, 49.2839851 ], [ -123.1438324, 49.284196 ], [ -123.1438604, 49.2842128 ], [ -123.1439091, 49.2842421 ], [ -123.1438024, 49.2842791 ], [ -123.1427241, 49.2845694 ], [ -123.1423684, 49.2848103 ] ] ] ] } },
{ "type": "Feature", "properties": { "name": "59150832", "population": 765, "population_density": 15454.5 }, "geometry": { "type": "MultiPolygon", "coordinates": [ [ [ [ -123.1436016, 49.2870327 ], [ -123.1423461, 49.286912 ], [ -123.1422609, 49.2869702 ], [ -123.1418223, 49.2872701 ], [ -123.1403469, 49.2863135 ], [ -123.1402364, 49.2862418 ], [ -123.1407288, 49.2859115 ], [ -123.1413066, 49.2855238 ], [ -123.1413289, 49.2855088 ], [ -123.1417636, 49.2852167 ], [ -123.1419391, 49.2850988 ], [ -123.1423684, 49.2848103 ], [ -123.1427241, 49.2845694 ], [ -123.1438024, 49.2842791 ], [ -123.1439091, 49.2842421 ], [ -123.1440074, 49.2843012 ], [ -123.1440073, 49.284455 ], [ -123.1438141, 49.2846587 ], [ -123.1437345, 49.2847427 ], [ -123.143682, 49.285634 ], [ -123.1436712, 49.2858172 ], [ -123.1436626, 49.2859643 ], [ -123.1436239, 49.2866209 ], [ -123.1436182, 49.2867168 ], [ -123.1436154, 49.2867661 ], [ -123.1436041, 49.2869572 ], [ -123.1436034, 49.2869685 ], [ -123.1436021, 49.2869915 ], [ -123.1436016, 49.2870327 ] ] ] ] } },
{ "type": "Feature", "properties": { "name": "59150837", "population": 452, "population_density": 24301.1 }, "geometry": { "type": "MultiPolygon", "coordinates": [ [ [ [ -123.1370657, 49.2883321 ], [ -123.1365041, 49.2887072 ], [ -123.1359776, 49.2890589 ], [ -123.1343705, 49.2880183 ], [ -123.1349086, 49.2876642 ], [ -123.1354665, 49.2872971 ], [ -123.1370657, 49.2883321 ] ] ] ] } },
{ "type": "Feature", "properties": { "name": "59150840", "population": 432, "population_density": 24685.7 }, "geometry": { "type": "MultiPolygon", "coordinates": [ [ [ [ -123.1338796, 49.2904678 ], [ -123.1322814, 49.2894166 ], [ -123.1328406, 49.2890652 ], [ -123.1332181, 49.2888281 ], [ -123.1333402, 49.2887872 ], [ -123.1334554, 49.2888137 ], [ -123.1342864, 49.2893788 ], [ -123.1349266, 49.2897624 ], [ -123.1344347, 49.2900938 ], [ -123.1338796, 49.2904678 ] ] ] ] } },
{ "type": "Feature", "properties": { "name": "59150841", "population": 506, "population_density": 28111.1 }, "geometry": { "type": "MultiPolygon", "coordinates": [ [ [ [ -123.1328084, 49.2911626 ], [ -123.1312329, 49.2901444 ], [ -123.1322814, 49.2894166 ], [ -123.1338796, 49.2904678 ], [ -123.1328084, 49.2911626 ] ] ] ] } },
{ "type": "Feature", "properties": { "name": "59150845", "population": 674, "population_density": 24963.0 }, "geometry": { "type": "MultiPolygon", "coordinates": [ [ [ [ -123.1325742, 49.286159 ], [ -123.1331147, 49.2857873 ], [ -123.1343101, 49.2865486 ], [ -123.1354665, 49.2872971 ], [ -123.1349086, 49.2876642 ], [ -123.1343705, 49.2880183 ], [ -123.1332148, 49.2872797 ], [ -123.1320553, 49.2865157 ], [ -123.1325742, 49.286159 ] ] ] ] } },
{ "type": "Feature", "properties": { "name": "59150846", "population": 780, "population_density": 29771.0 }, "geometry": { "type": "MultiPolygon", "coordinates": [ [ [ [ -123.1337063, 49.285422 ], [ -123.1342008, 49.2850928 ], [ -123.1353769, 49.2858563 ], [ -123.1365369, 49.2866122 ], [ -123.1359846, 49.2869656 ], [ -123.1354665, 49.2872971 ], [ -123.1343101, 49.2865486 ], [ -123.1331147, 49.2857873 ], [ -123.133494, 49.2855531 ], [ -123.1337063, 49.285422 ] ] ] ] } },
{ "type": "Feature", "properties": { "name": "59150850", "population": 2277, "population_density": 15889.7 }, "geometry": { "type": "MultiPolygon", "coordinates": [ [ [ [ -123.1204558, 49.284851 ], [ -123.121097, 49.2844091 ], [ -123.1231321, 49.2857235 ], [ -123.1253302, 49.2871358 ], [ -123.1268736, 49.2881361 ], [ -123.1263292, 49.2885098 ], [ -123.1257997, 49.2888731 ], [ -123.1255701, 49.28903 ], [ -123.1233846, 49.2883648 ], [ -123.1204356, 49.2874917 ], [ -123.1194881, 49.2872116 ], [ -123.1188141, 49.2869783 ], [ -123.1184278, 49.2868446 ], [ -123.117889, 49.2865564 ], [ -123.1183093, 49.2862892 ], [ -123.1193916, 49.2856012 ], [ -123.1200173, 49.2851532 ], [ -123.1204558, 49.284851 ] ] ] ] } },
{ "type": "Feature", "properties": { "name": "59150859", "population": 412, "population_density": 26928.1 }, "geometry": { "type": "MultiPolygon", "coordinates": [ [ [ [ -123.142627, 49.2905609 ], [ -123.1420779, 49.2909292 ], [ -123.1415688, 49.2912715 ], [ -123.1401967, 49.290384 ], [ -123.140758, 49.2900226 ], [ -123.1407726, 49.2900132 ], [ -123.1412674, 49.2896945 ], [ -123.142627, 49.2905609 ] ] ] ] } },
{ "type": "Feature", "properties": { "name": "59150861", "population": 613, "population_density": 26085.1 }, "geometry": { "type": "MultiPolygon", "coordinates": [ [ [ [ -123.1418023, 49.2893375 ], [ -123.1422164, 49.2890612 ], [ -123.1423252, 49.2890344 ], [ -123.1423535, 49.2890004 ], [ -123.1424102, 49.2889323 ], [ -123.1429116, 49.2885977 ], [ -123.1442725, 49.2894876 ], [ -123.1436694, 49.2898625 ], [ -123.1431241, 49.2902278 ], [ -123.142627, 49.2905609 ], [ -123.1412674, 49.2896945 ], [ -123.1418023, 49.2893375 ] ] ] ] } },
{ "type": "Feature", "properties": { "name": "59150863", "population": 596, "population_density": 10856.1 }, "geometry": { "type": "MultiPolygon", "coordinates": [ [ [ [ -123.1442725, 49.2894876 ], [ -123.1429116, 49.2885977 ], [ -123.1424102, 49.2889323 ], [ -123.1423535, 49.2890004 ], [ -123.1423252, 49.2890344 ], [ -123.1422164, 49.2890612 ], [ -123.1418023, 49.2893375 ], [ -123.1412674, 49.2896945 ], [ -123.1396975, 49.288673 ], [ -123.1402796, 49.2882856 ], [ -123.1407739, 49.2879566 ], [ -123.1413611, 49.2875722 ], [ -123.1418223, 49.2872701 ], [ -123.1422609, 49.2869702 ], [ -123.1423461, 49.286912 ], [ -123.1436016, 49.2870327 ], [ -123.1435914, 49.2879358 ], [ -123.143773, 49.2885111 ], [ -123.1446266, 49.2891221 ], [ -123.144836, 49.2892023 ], [ -123.1442725, 49.2894876 ] ] ] ] } },
{ "type": "Feature", "properties": { "name": "59150864", "population": 506, "population_density": 28587.6 }, "geometry": { "type": "MultiPolygon", "coordinates": [ [ [ [ -123.1412674, 49.2896945 ], [ -123.1407726, 49.2900132 ], [ -123.140758, 49.2900226 ], [ -123.1401967, 49.290384 ], [ -123.1386161, 49.2893802 ], [ -123.1391179, 49.289052 ], [ -123.1391899, 49.289005 ], [ -123.1396975, 49.288673 ], [ -123.1412674, 49.2896945 ] ] ] ] } },
{ "type": "Feature", "properties": { "name": "59150865", "population": 698, "population_density": 19442.9 }, "geometry": { "type": "MultiPolygon", "coordinates": [ [ [ [ -123.1386791, 49.2872586 ], [ -123.1390379, 49.2870207 ], [ -123.1391765, 49.2869812 ], [ -123.1393218, 49.2870318 ], [ -123.1407739, 49.2879566 ], [ -123.1402796, 49.2882856 ], [ -123.1396975, 49.288673 ], [ -123.1391899, 49.289005 ], [ -123.1391179, 49.289052 ], [ -123.1386161, 49.2893802 ], [ -123.1370657, 49.2883321 ], [ -123.1375476, 49.2880108 ], [ -123.1381208, 49.2876287 ], [ -123.1386388, 49.2872853 ], [ -123.1386791, 49.2872586 ] ] ] ] } },
{ "type": "Feature", "properties": { "name": "59150866", "population": 567, "population_density": 31676.0 }, "geometry": { "type": "MultiPolygon", "coordinates": [ [ [ [ -123.1386161, 49.2893802 ], [ -123.1380786, 49.2897281 ], [ -123.1380421, 49.2897517 ], [ -123.1375494, 49.2900706 ], [ -123.1359776, 49.2890589 ], [ -123.1365041, 49.2887072 ], [ -123.1370657, 49.2883321 ], [ -123.1386161, 49.2893802 ] ] ] ] } },
{ "type": "Feature", "properties": { "name": "59150871", "population": 548, "population_density": 1746.3 }, "geometry": { "type": "MultiPolygon", "coordinates": [ [ [ [ -123.1476617, 49.2784861 ], [ -123.1466017, 49.278254 ], [ -123.1462303, 49.2780204 ], [ -123.1459699, 49.278056 ], [ -123.1457913, 49.2781742 ], [ -123.1454065, 49.2786243 ], [ -123.1450084, 49.2788408 ], [ -123.1444448, 49.2789219 ], [ -123.143826, 49.2788507 ], [ -123.1421351, 49.2783309 ], [ -123.1408948, 49.2777213 ], [ -123.1404543, 49.2772983 ], [ -123.1400665, 49.2766332 ], [ -123.1398467, 49.2765706 ], [ -123.1394628, 49.2766161 ], [ -123.1394333, 49.2764723 ], [ -123.1399567, 49.2761932 ], [ -123.1399961, 49.2760393 ], [ -123.1392926, 49.2751236 ], [ -123.1388248, 49.2749712 ], [ -123.1387841, 49.2749156 ], [ -123.1419004, 49.2739133 ], [ -123.1419667, 49.273892 ], [ -123.1419845, 49.2738863 ], [ -123.142546, 49.2737056 ], [ -123.1425639, 49.2736999 ], [ -123.1438923, 49.2732726 ], [ -123.1441913, 49.2731764 ], [ -123.1455162, 49.2727706 ], [ -123.1458102, 49.2726806 ], [ -123.1463467, 49.2725372 ], [ -123.1467926, 49.2724589 ], [ -123.1478069, 49.2724758 ], [ -123.1477878, 49.272981 ], [ -123.1477675, 49.2735196 ], [ -123.1477335, 49.2744518 ], [ -123.1462552, 49.2744263 ], [ -123.1462358, 49.2748809 ], [ -123.1462176, 49.2753053 ], [ -123.1462031, 49.2757625 ], [ -123.1461959, 49.2759919 ], [ -123.1461883, 49.2761836 ], [ -123.1461655, 49.2767773 ], [ -123.1461655, 49.2767775 ], [ -123.1474943, 49.2768 ], [ -123.1476425, 49.2768255 ], [ -123.1499749, 49.2772204 ], [ -123.1498011, 49.2777511 ], [ -123.1497863, 49.2778864 ], [ -123.1497844, 49.277904 ], [ -123.1497845, 49.2779101 ], [ -123.1493099, 49.2778182 ], [ -123.1487872, 49.2780617 ], [ -123.1484718, 49.2783323 ], [ -123.1481722, 49.2790701 ], [ -123.1480081, 49.2791783 ], [ -123.1474035, 49.2792509 ], [ -123.1473949, 49.2792469 ], [ -123.14721, 49.2791612 ], [ -123.1477593, 49.2788365 ], [ -123.1477851, 49.27863 ], [ -123.1476617, 49.2784861 ] ] ] ] } },
{ "type": "Feature", "properties": { "name": "59150872", "population": 423, "population_density": 5437.0 }, "geometry": { "type": "MultiPolygon", "coordinates": [ [ [ [ -123.1462358, 49.2748809 ], [ -123.1462552, 49.2744263 ], [ -123.1477335, 49.2744518 ], [ -123.1483253, 49.274462 ], [ -123.1489016, 49.2744719 ], [ -123.1495071, 49.2744821 ], [ -123.1501288, 49.2744926 ], [ -123.1501153, 49.2749391 ], [ -123.1501022, 49.2753719 ], [ -123.150087, 49.2758296 ], [ -123.150073, 49.2762502 ], [ -123.1500483, 49.276711 ], [ -123.1500262, 49.2771226 ], [ -123.1499749, 49.2772204 ], [ -123.1476425, 49.2768255 ], [ -123.1474943, 49.2768 ], [ -123.1461655, 49.2767775 ], [ -123.1461655, 49.2767773 ], [ -123.1461883, 49.2761836 ], [ -123.1461959, 49.2759919 ], [ -123.1462031, 49.2757625 ], [ -123.1462176, 49.2753053 ], [ -123.1462358, 49.2748809 ] ] ] ] } },
{ "type": "Feature", "properties": { "name": "59150873", "population": 512, "population_density": 8139.9 }, "geometry": { "type": "MultiPolygon", "coordinates": [ [ [ [ -123.1501288, 49.2744926 ], [ -123.1502229, 49.2725135 ], [ -123.1508196, 49.2725225 ], [ -123.1514172, 49.2725315 ], [ -123.1520159, 49.2725405 ], [ -123.1526019, 49.2725493 ], [ -123.1525855, 49.272966 ], [ -123.1525439, 49.2740277 ], [ -123.1525414, 49.2740906 ], [ -123.1525407, 49.2741086 ], [ -123.152524, 49.2745333 ], [ -123.1525188, 49.2746403 ], [ -123.1521871, 49.2749953 ], [ -123.1518084, 49.2754007 ], [ -123.1514344, 49.2758466 ], [ -123.1510819, 49.2762669 ], [ -123.151023, 49.2762659 ], [ -123.150073, 49.2762502 ], [ -123.150087, 49.2758296 ], [ -123.1501022, 49.2753719 ], [ -123.1501153, 49.2749391 ], [ -123.1501288, 49.2744926 ] ] ] ] } },
{ "type": "Feature", "properties": { "name": "59150874", "population": 592, "population_density": 3462.0 }, "geometry": { "type": "MultiPolygon", "coordinates": [ [ [ [ -123.1500483, 49.276711 ], [ -123.150073, 49.2762502 ], [ -123.151023, 49.2762659 ], [ -123.1510819, 49.2762669 ], [ -123.1514344, 49.2758466 ], [ -123.1518084, 49.2754007 ], [ -123.1521871, 49.2749953 ], [ -123.1525188, 49.2746403 ], [ -123.152524, 49.2745333 ], [ -123.1525407, 49.2741086 ], [ -123.1525414, 49.2740906 ], [ -123.1525439, 49.2740277 ], [ -123.1525855, 49.272966 ], [ -123.1526019, 49.2725493 ], [ -123.1520159, 49.2725405 ], [ -123.1514172, 49.2725315 ], [ -123.1508196, 49.2725225 ], [ -123.1502229, 49.2725135 ], [ -123.150292, 49.2716128 ], [ -123.1526365, 49.2716495 ], [ -123.1550111, 49.2716887 ], [ -123.154996, 49.2721162 ], [ -123.1549795, 49.272585 ], [ -123.1573611, 49.2726225 ], [ -123.1573213, 49.2732432 ], [ -123.1573117, 49.2733558 ], [ -123.1572869, 49.2736842 ], [ -123.1572813, 49.2738724 ], [ -123.1561577, 49.2736538 ], [ -123.1556196, 49.2736367 ], [ -123.1553454, 49.2738347 ], [ -123.1548953, 49.2746992 ], [ -123.1530731, 49.2767785 ], [ -123.1526226, 49.2776245 ], [ -123.1519773, 49.2779492 ], [ -123.1512896, 49.278076 ], [ -123.1504642, 49.2780418 ], [ -123.1498077, 49.2779146 ], [ -123.1497844, 49.277904 ], [ -123.1497863, 49.2778864 ], [ -123.1498011, 49.2777511 ], [ -123.1499749, 49.2772204 ], [ -123.1500262, 49.2771226 ], [ -123.1500483, 49.276711 ] ] ] ] } },
{ "type": "Feature", "properties": { "name": "59150875", "population": 530, "population_density": 15588.2 }, "geometry": { "type": "MultiPolygon", "coordinates": [ [ [ [ -123.1550275, 49.2712534 ], [ -123.1550437, 49.2708213 ], [ -123.1574155, 49.2708603 ], [ -123.1574048, 49.2712045 ], [ -123.1574017, 49.2713043 ], [ -123.1573886, 49.2717252 ], [ -123.1573611, 49.2726225 ], [ -123.1549795, 49.272585 ], [ -123.154996, 49.2721162 ], [ -123.1550111, 49.2716887 ], [ -123.1550263, 49.2712834 ], [ -123.1550275, 49.2712534 ] ] ] ] } },
{ "type": "Feature", "properties": { "name": "59150876", "population": 580, "population_density": 17365.3 }, "geometry": { "type": "MultiPolygon", "coordinates": [ [ [ [ -123.1574048, 49.2712045 ], [ -123.1574155, 49.2708603 ], [ -123.1597585, 49.2708986 ], [ -123.1597455, 49.2712733 ], [ -123.1597433, 49.2713372 ], [ -123.1597278, 49.2717823 ], [ -123.1597117, 49.2722094 ], [ -123.1596948, 49.2726578 ], [ -123.1573611, 49.2726225 ], [ -123.1573886, 49.2717252 ], [ -123.1574017, 49.2713043 ], [ -123.1574048, 49.2712045 ] ] ] ] } },
{ "type": "Feature", "properties": { "name": "59150877", "population": 358, "population_density": 21309.5 }, "geometry": { "type": "MultiPolygon", "coordinates": [ [ [ [ -123.1574155, 49.2708603 ], [ -123.1574304, 49.2704136 ], [ -123.157445, 49.2699748 ], [ -123.1597922, 49.2700123 ], [ -123.1597753, 49.270456 ], [ -123.1597585, 49.2708986 ], [ -123.1574155, 49.2708603 ] ] ] ] } },
{ "type": "Feature", "properties": { "name": "59150878", "population": 540, "population_density": 15562.0 }, "geometry": { "type": "MultiPolygon", "coordinates": [ [ [ [ -123.1597753, 49.270456 ], [ -123.1597922, 49.2700123 ], [ -123.1610456, 49.2700317 ], [ -123.1613206, 49.2700359 ], [ -123.1622012, 49.2700495 ], [ -123.1621852, 49.2705064 ], [ -123.1621702, 49.2709368 ], [ -123.1621527, 49.2713969 ], [ -123.1621361, 49.2718321 ], [ -123.1597278, 49.2717823 ], [ -123.1597433, 49.2713372 ], [ -123.1597455, 49.2712733 ], [ -123.1597585, 49.2708986 ], [ -123.1597753, 49.270456 ] ] ] ] } },
{ "type": "Feature", "properties": { "name": "59150879", "population": 634, "population_density": 12431.4 }, "geometry": { "type": "MultiPolygon", "coordinates": [ [ [ [ -123.1574744, 49.2690929 ], [ -123.1575024, 49.2681866 ], [ -123.1598451, 49.2682501 ], [ -123.1598342, 49.2686834 ], [ -123.1598231, 49.2691259 ], [ -123.1622349, 49.2691614 ], [ -123.1622173, 49.269625 ], [ -123.1622012, 49.2700495 ], [ -123.1613206, 49.2700359 ], [ -123.1610456, 49.2700317 ], [ -123.1597922, 49.2700123 ], [ -123.157445, 49.2699748 ], [ -123.1574592, 49.2695499 ], [ -123.1574606, 49.269507 ], [ -123.1574744, 49.2690929 ] ] ] ] } },
{ "type": "Feature", "properties": { "name": "59150880", "population": 587, "population_density": 11834.7 }, "geometry": { "type": "MultiPolygon", "coordinates": [ [ [ [ -123.1598342, 49.2686834 ], [ -123.1598451, 49.2682501 ], [ -123.1622569, 49.2682856 ], [ -123.1645392, 49.2683258 ], [ -123.1645273, 49.2687759 ], [ -123.1645163, 49.2691944 ], [ -123.1644976, 49.2696488 ], [ -123.1644797, 49.2700851 ], [ -123.1622012, 49.2700495 ], [ -123.1622173, 49.269625 ], [ -123.1622349, 49.2691614 ], [ -123.1598231, 49.2691259 ], [ -123.1598342, 49.2686834 ] ] ] ] } },
{ "type": "Feature", "properties": { "name": "59150881", "population": 594, "population_density": 9054.9 }, "geometry": { "type": "MultiPolygon", "coordinates": [ [ [ [ -123.1604651, 49.2726694 ], [ -123.1596948, 49.2726578 ], [ -123.1597117, 49.2722094 ], [ -123.1597278, 49.2717823 ], [ -123.1621361, 49.2718321 ], [ -123.1621527, 49.2713969 ], [ -123.1621702, 49.2709368 ], [ -123.1621852, 49.2705064 ], [ -123.1622012, 49.2700495 ], [ -123.1644797, 49.2700851 ], [ -123.1644705, 49.27053 ], [ -123.1644608, 49.2710006 ], [ -123.1644361, 49.2714388 ], [ -123.1644113, 49.2718784 ], [ -123.1643696, 49.2727177 ], [ -123.1621039, 49.2726942 ], [ -123.1607402, 49.2726736 ], [ -123.1604651, 49.2726694 ] ] ] ] } },
{ "type": "Feature", "properties": { "name": "59150882", "population": 700, "population_density": 8872.0 }, "geometry": { "type": "MultiPolygon", "coordinates": [ [ [ [ -123.1645273, 49.2687759 ], [ -123.1645392, 49.2683258 ], [ -123.1663469, 49.2683534 ], [ -123.166338, 49.2688 ], [ -123.1663296, 49.2692204 ], [ -123.1663012, 49.2701131 ], [ -123.1682201, 49.2701437 ], [ -123.1682081, 49.2704607 ], [ -123.1681864, 49.2710336 ], [ -123.1681676, 49.2714546 ], [ -123.1662378, 49.2722308 ], [ -123.1662433, 49.2719157 ], [ -123.1644113, 49.2718784 ], [ -123.1644361, 49.2714388 ], [ -123.1644608, 49.2710006 ], [ -123.1644705, 49.27053 ], [ -123.1644797, 49.2700851 ], [ -123.1644976, 49.2696488 ], [ -123.1645163, 49.2691944 ], [ -123.1645273, 49.2687759 ] ] ] ] } },
{ "type": "Feature", "properties": { "name": "59150883", "population": 465, "population_density": 2725.7 }, "geometry": { "type": "MultiPolygon", "coordinates": [ [ [ [ -123.1726343, 49.271714 ], [ -123.1710252, 49.271734 ], [ -123.1698432, 49.2719163 ], [ -123.1664236, 49.2728748 ], [ -123.1645705, 49.2739571 ], [ -123.1641488, 49.2740351 ], [ -123.1641487, 49.2740282 ], [ -123.1641431, 49.2739173 ], [ -123.1641321, 49.2735689 ], [ -123.1642678, 49.2734842 ], [ -123.1643425, 49.2733728 ], [ -123.1643509, 49.2733603 ], [ -123.1643526, 49.273302 ], [ -123.164365, 49.2728775 ], [ -123.164367, 49.2728055 ], [ -123.1643696, 49.2727177 ], [ -123.1644113, 49.2718784 ], [ -123.1662433, 49.2719157 ], [ -123.1662378, 49.2722308 ], [ -123.1681676, 49.2714546 ], [ -123.1681864, 49.2710336 ], [ -123.1688179, 49.2710444 ], [ -123.1691773, 49.2710506 ], [ -123.1699091, 49.2710618 ], [ -123.1709865, 49.2710782 ], [ -123.1737323, 49.2711141 ], [ -123.1737331, 49.2710558 ], [ -123.1737381, 49.270678 ], [ -123.1737439, 49.270247 ], [ -123.1744011, 49.2702557 ], [ -123.175696, 49.2702729 ], [ -123.1776447, 49.2703104 ], [ -123.1776319, 49.2707446 ], [ -123.1776213, 49.2711045 ], [ -123.1776189, 49.271187 ], [ -123.1776127, 49.2715372 ], [ -123.179587, 49.2717653 ], [ -123.1815986, 49.2719665 ], [ -123.1835059, 49.2721658 ], [ -123.1845134, 49.2722506 ], [ -123.185574, 49.2722747 ], [ -123.1855556, 49.2728732 ], [ -123.1855498, 49.2730595 ], [ -123.1856881, 49.2732766 ], [ -123.1857, 49.2732979 ], [ -123.1857, 49.2732979 ], [ -123.1842142, 49.2732351 ], [ -123.1837587, 49.2731453 ], [ -123.1833197, 49.2728577 ], [ -123.1827678, 49.2726611 ], [ -123.181406, 49.2726184 ], [ -123.1785734, 49.272137 ], [ -123.1774316, 49.2721028 ], [ -123.1751491, 49.2718365 ], [ -123.1726343, 49.271714 ] ] ] ] } },
{ "type": "Feature", "properties": { "name": "59150884", "population": 369, "population_density": 4538.7 }, "geometry": { "type": "MultiPolygon", "coordinates": [ [ [ [ -123.1573213, 49.2732432 ], [ -123.1573611, 49.2726225 ], [ -123.1596948, 49.2726578 ], [ -123.1607402, 49.2726736 ], [ -123.1621039, 49.2726942 ], [ -123.1643696, 49.2727177 ], [ -123.164367, 49.2728055 ], [ -123.164365, 49.2728775 ], [ -123.1643526, 49.273302 ], [ -123.1643509, 49.2733603 ], [ -123.1643425, 49.2733728 ], [ -123.1642678, 49.2734842 ], [ -123.1641321, 49.2735689 ], [ -123.1641431, 49.2739173 ], [ -123.1641487, 49.2740282 ], [ -123.1641488, 49.2740351 ], [ -123.1636924, 49.2741195 ], [ -123.1616313, 49.2742662 ], [ -123.1606956, 49.2744029 ], [ -123.1602424, 49.2743132 ], [ -123.1595802, 49.2739999 ], [ -123.1591549, 49.2738916 ], [ -123.1575335, 49.2739215 ], [ -123.1572813, 49.2738724 ], [ -123.1572869, 49.2736842 ], [ -123.1573117, 49.2733558 ], [ -123.1573213, 49.2732432 ] ] ] ] } },
{ "type": "Feature", "properties": { "name": "59150885", "population": 438, "population_density": 631.3 }, "geometry": { "type": "MultiPolygon", "coordinates": [ [ [ [ -123.1967392, 49.273762 ], [ -123.1963261, 49.2732863 ], [ -123.1954582, 49.2729004 ], [ -123.1945645, 49.2727138 ], [ -123.1922682, 49.2726369 ], [ -123.1893955, 49.2729559 ], [ -123.1885985, 49.2731639 ], [ -123.1884354, 49.2736239 ], [ -123.1882023, 49.2736424 ], [ -123.1877078, 49.2735982 ], [ -123.1866741, 49.273339 ], [ -123.1857, 49.2732979 ], [ -123.1856881, 49.2732766 ], [ -123.1855498, 49.2730595 ], [ -123.1855556, 49.2728732 ], [ -123.185574, 49.2722747 ], [ -123.187276, 49.2723037 ], [ -123.1874976, 49.2722753 ], [ -123.1878651, 49.2721741 ], [ -123.1894756, 49.2716036 ], [ -123.1894797, 49.2713767 ], [ -123.1894891, 49.2709413 ], [ -123.1894995, 49.2704612 ], [ -123.1895069, 49.2701846 ], [ -123.1895094, 49.2700931 ], [ -123.1897143, 49.2700933 ], [ -123.1905906, 49.2700942 ], [ -123.1906151, 49.2695769 ], [ -123.1906328, 49.2691756 ], [ -123.1906427, 49.2689506 ], [ -123.1906518, 49.2687439 ], [ -123.1906525, 49.2687263 ], [ -123.1906583, 49.2685918 ], [ -123.1934498, 49.2686401 ], [ -123.1962742, 49.2686971 ], [ -123.199176, 49.2687556 ], [ -123.1996869, 49.268713 ], [ -123.1999238, 49.2687705 ], [ -123.2000051, 49.2687916 ], [ -123.2002052, 49.2688435 ], [ -123.200219, 49.268844 ], [ -123.2008934, 49.2688677 ], [ -123.201537, 49.2689715 ], [ -123.2016785, 49.2689943 ], [ -123.2017826, 49.2689312 ], [ -123.2019043, 49.2688957 ], [ -123.2020728, 49.2689027 ], [ -123.202662, 49.2689297 ], [ -123.20272, 49.2689934 ], [ -123.2027522, 49.2691592 ], [ -123.202764, 49.2692197 ], [ -123.2027446, 49.2694957 ], [ -123.2038457, 49.2697368 ], [ -123.2039516, 49.2698026 ], [ -123.2040053, 49.2698922 ], [ -123.2040004, 49.2701326 ], [ -123.2027209, 49.2701166 ], [ -123.202714, 49.2706576 ], [ -123.202709, 49.2710431 ], [ -123.2027218, 49.2710986 ], [ -123.2027591, 49.2712605 ], [ -123.2023616, 49.2713592 ], [ -123.2025282, 49.2715581 ], [ -123.2026848, 49.2716945 ], [ -123.2028479, 49.271769 ], [ -123.2034296, 49.2720345 ], [ -123.2050919, 49.272608 ], [ -123.2057247, 49.2729378 ], [ -123.2056925, 49.2735855 ], [ -123.2056659, 49.2745972 ], [ -123.2056889, 49.274786 ], [ -123.2057375, 49.2748224 ], [ -123.205485, 49.2753568 ], [ -123.2054812, 49.2754621 ], [ -123.20544, 49.2758939 ], [ -123.2047506, 49.2759881 ], [ -123.2032123, 49.2763598 ], [ -123.2020852, 49.276488 ], [ -123.2013002, 49.2760749 ], [ -123.1996623, 49.275511 ], [ -123.1988014, 49.2754285 ], [ -123.1981902, 49.27537 ], [ -123.1982716, 49.2751805 ], [ -123.1977067, 49.2749028 ], [ -123.1969065, 49.2742477 ], [ -123.1967392, 49.273762 ] ] ] ] } },
{ "type": "Feature", "properties": { "name": "59150886", "population": 489, "population_density": 971.2 }, "geometry": { "type": "MultiPolygon", "coordinates": [ [ [ [ -123.2019043, 49.2688957 ], [ -123.2017826, 49.2689312 ], [ -123.2016785, 49.2689943 ], [ -123.201537, 49.2689715 ], [ -123.2008934, 49.2688677 ], [ -123.200219, 49.268844 ], [ -123.2002052, 49.2688435 ], [ -123.2000051, 49.2687916 ], [ -123.1999238, 49.2687705 ], [ -123.1996869, 49.268713 ], [ -123.199176, 49.2687556 ], [ -123.1962742, 49.2686971 ], [ -123.1934498, 49.2686401 ], [ -123.1906583, 49.2685918 ], [ -123.1906525, 49.2687263 ], [ -123.1906518, 49.2687439 ], [ -123.1906427, 49.2689506 ], [ -123.1906328, 49.2691756 ], [ -123.1906151, 49.2695769 ], [ -123.1875868, 49.2695575 ], [ -123.1876061, 49.2691355 ], [ -123.1876291, 49.2686336 ], [ -123.1876407, 49.2683745 ], [ -123.1876377, 49.2677665 ], [ -123.1876559, 49.2673526 ], [ -123.1876714, 49.2669612 ], [ -123.1877016, 49.2660775 ], [ -123.1877138, 49.2658094 ], [ -123.1877331, 49.2652632 ], [ -123.1911509, 49.2653108 ], [ -123.1917031, 49.2653185 ], [ -123.1931632, 49.2653388 ], [ -123.193273, 49.2653174 ], [ -123.1933597, 49.2652701 ], [ -123.1934142, 49.2650959 ], [ -123.1944608, 49.2652816 ], [ -123.1948071, 49.2653219 ], [ -123.19487, 49.2653292 ], [ -123.1955761, 49.265352 ], [ -123.1962252, 49.2653619 ], [ -123.1963666, 49.2653641 ], [ -123.1997993, 49.2654166 ], [ -123.2000044, 49.2654202 ], [ -123.2013816, 49.2654442 ], [ -123.202946, 49.265473 ], [ -123.2060062, 49.2655271 ], [ -123.2090734, 49.2655803 ], [ -123.2090308, 49.2660227 ], [ -123.2089892, 49.2664536 ], [ -123.2059704, 49.2663962 ], [ -123.2059522, 49.2668112 ], [ -123.2059337, 49.2672329 ], [ -123.2041575, 49.2672067 ], [ -123.2030088, 49.2671906 ], [ -123.2032017, 49.2682728 ], [ -123.202662, 49.2689297 ], [ -123.2020728, 49.2689027 ], [ -123.2019043, 49.2688957 ] ] ] ] } },
{ "type": "Feature", "properties": { "name": "59150887", "population": 511, "population_density": 3098.8 }, "geometry": { "type": "MultiPolygon", "coordinates": [ [ [ [ -123.1908602, 49.2630858 ], [ -123.1908782, 49.2626241 ], [ -123.193942, 49.2626606 ], [ -123.1970087, 49.2627412 ], [ -123.1969904, 49.2631748 ], [ -123.1969705, 49.2636472 ], [ -123.2000816, 49.2636991 ], [ -123.2000904, 49.2637063 ], [ -123.2003185, 49.2638926 ], [ -123.2007497, 49.2641444 ], [ -123.2007816, 49.2641631 ], [ -123.2011465, 49.2644915 ], [ -123.2011999, 49.2645856 ], [ -123.2013269, 49.2648258 ], [ -123.2013451, 49.2650314 ], [ -123.2013816, 49.2654442 ], [ -123.2000044, 49.2654202 ], [ -123.1997993, 49.2654166 ], [ -123.1963666, 49.2653641 ], [ -123.1962252, 49.2653619 ], [ -123.1955761, 49.265352 ], [ -123.19487, 49.2653292 ], [ -123.1948071, 49.2653219 ], [ -123.1944608, 49.2652816 ], [ -123.1934142, 49.2650959 ], [ -123.1933654, 49.2648118 ], [ -123.1932227, 49.2646739 ], [ -123.192624, 49.2644196 ], [ -123.1916495, 49.2640666 ], [ -123.1911184, 49.2638742 ], [ -123.1908955, 49.2636982 ], [ -123.190841, 49.2635788 ], [ -123.1908587, 49.2631245 ], [ -123.1908602, 49.2630858 ] ] ] ] } },
{ "type": "Feature", "properties": { "name": "59150888", "population": 459, "population_density": 5151.5 }, "geometry": { "type": "MultiPolygon", "coordinates": [ [ [ [ -123.1970599, 49.2604576 ], [ -123.1970771, 49.2600174 ], [ -123.1999972, 49.2600621 ], [ -123.20011, 49.2600638 ], [ -123.2000941, 49.2605243 ], [ -123.2000787, 49.2609691 ], [ -123.2000635, 49.261406 ], [ -123.2000469, 49.2618833 ], [ -123.2000323, 49.2623243 ], [ -123.2000285, 49.2624414 ], [ -123.2000171, 49.2627878 ], [ -123.2000014, 49.2632238 ], [ -123.1999869, 49.2636282 ], [ -123.2000816, 49.2636991 ], [ -123.1969705, 49.2636472 ], [ -123.1969904, 49.2631748 ], [ -123.1970087, 49.2627412 ], [ -123.1970043, 49.2622932 ], [ -123.1969998, 49.261843 ], [ -123.1970417, 49.2609217 ], [ -123.1970599, 49.2604576 ] ] ] ] } },
{ "type": "Feature", "properties": { "name": "59150889", "population": 512, "population_density": 4620.9 }, "geometry": { "type": "MultiPolygon", "coordinates": [ [ [ [ -123.1940948, 49.2590221 ], [ -123.1941253, 49.2581537 ], [ -123.1964989, 49.2581872 ], [ -123.1965866, 49.2581885 ], [ -123.1971556, 49.2581965 ], [ -123.1971534, 49.2582452 ], [ -123.1971345, 49.2586684 ], [ -123.1971165, 49.2590709 ], [ -123.1970962, 49.2595582 ], [ -123.1970771, 49.2600174 ], [ -123.1970599, 49.2604576 ], [ -123.1970417, 49.2609217 ], [ -123.1969998, 49.261843 ], [ -123.1970043, 49.2622932 ], [ -123.1970087, 49.2627412 ], [ -123.193942, 49.2626606 ], [ -123.1939606, 49.2622446 ], [ -123.1939811, 49.261787 ], [ -123.1940089, 49.2613274 ], [ -123.1940362, 49.260876 ], [ -123.194051, 49.2604094 ], [ -123.1940648, 49.2599716 ], [ -123.1940948, 49.2590221 ] ] ] ] } },
{ "type": "Feature", "properties": { "name": "59150890", "population": 569, "population_density": 5066.8 }, "geometry": { "type": "MultiPolygon", "coordinates": [ [ [ [ -123.1971534, 49.2582452 ], [ -123.1971556, 49.2581965 ], [ -123.2000039, 49.2582267 ], [ -123.2001507, 49.2582283 ], [ -123.2001644, 49.2582285 ], [ -123.2032155, 49.2582672 ], [ -123.2032119, 49.25837 ], [ -123.2031987, 49.2587473 ], [ -123.2031832, 49.2591905 ], [ -123.2031484, 49.260111 ], [ -123.2031324, 49.2605372 ], [ -123.2031145, 49.2610145 ], [ -123.2000787, 49.2609691 ], [ -123.2000941, 49.2605243 ], [ -123.20011, 49.2600638 ], [ -123.1999972, 49.2600621 ], [ -123.1970771, 49.2600174 ], [ -123.1970962, 49.2595582 ], [ -123.1971165, 49.2590709 ], [ -123.1971345, 49.2586684 ], [ -123.1971534, 49.2582452 ] ] ] ] } },
{ "type": "Feature", "properties": { "name": "59150891", "population": 520, "population_density": 2476.2 }, "geometry": { "type": "MultiPolygon", "coordinates": [ [ [ [ -123.1935898, 49.2533667 ], [ -123.1935933, 49.2528923 ], [ -123.1966722, 49.2529068 ], [ -123.196481, 49.2539343 ], [ -123.196533, 49.2552007 ], [ -123.1965382, 49.2556161 ], [ -123.1965418, 49.2560872 ], [ -123.1965452, 49.2565233 ], [ -123.1980213, 49.2566093 ], [ -123.2010103, 49.25673 ], [ -123.2029236, 49.2566944 ], [ -123.203022, 49.2569202 ], [ -123.2032071, 49.257826 ], [ -123.2032363, 49.2579687 ], [ -123.2032264, 49.2581333 ], [ -123.2032224, 49.2581822 ], [ -123.2032155, 49.2582672 ], [ -123.2001644, 49.2582285 ], [ -123.2001507, 49.2582283 ], [ -123.2000039, 49.2582267 ], [ -123.1971556, 49.2581965 ], [ -123.1965866, 49.2581885 ], [ -123.1964989, 49.2581872 ], [ -123.1941253, 49.2581537 ], [ -123.1935764, 49.2581466 ], [ -123.1935605, 49.257976 ], [ -123.1935609, 49.2579003 ], [ -123.1935631, 49.2574798 ], [ -123.1935663, 49.2570007 ], [ -123.1935695, 49.2565108 ], [ -123.1935729, 49.2560742 ], [ -123.1935766, 49.2555995 ], [ -123.1935792, 49.2551658 ], [ -123.1935819, 49.2547169 ], [ -123.1935865, 49.2538001 ], [ -123.1935898, 49.2533667 ] ] ] ] } },
{ "type": "Feature", "properties": { "name": "59150892", "population": 434, "population_density": 2759.1 }, "geometry": { "type": "MultiPolygon", "coordinates": [ [ [ [ -123.1879903, 49.2585301 ], [ -123.1880079, 49.2580332 ], [ -123.1907885, 49.2581064 ], [ -123.1910757, 49.258114 ], [ -123.1935764, 49.2581466 ], [ -123.1941253, 49.2581537 ], [ -123.1940948, 49.2590221 ], [ -123.1940648, 49.2599716 ], [ -123.194051, 49.2604094 ], [ -123.1940362, 49.260876 ], [ -123.1940089, 49.2613274 ], [ -123.1939811, 49.261787 ], [ -123.1939606, 49.2622446 ], [ -123.193942, 49.2626606 ], [ -123.1908782, 49.2626241 ], [ -123.1908843, 49.2621772 ], [ -123.1908902, 49.2617444 ], [ -123.1909594, 49.2608293 ], [ -123.1909786, 49.2603599 ], [ -123.1909964, 49.2599233 ], [ -123.187943, 49.2598753 ], [ -123.187957, 49.2594765 ], [ -123.1879583, 49.2594385 ], [ -123.1879751, 49.2589601 ], [ -123.1879903, 49.2585301 ] ] ] ] } },
{ "type": "Feature", "properties": { "name": "59150893", "population": 544, "population_density": 4839.9 }, "geometry": { "type": "MultiPolygon", "coordinates": [ [ [ [ -123.1880283, 49.255148 ], [ -123.1880315, 49.2546985 ], [ -123.190791, 49.2546938 ], [ -123.1907991, 49.255143 ], [ -123.1908071, 49.255585 ], [ -123.1907985, 49.256499 ], [ -123.1935695, 49.2565108 ], [ -123.1935663, 49.2570007 ], [ -123.1935631, 49.2574798 ], [ -123.1935609, 49.2579003 ], [ -123.1935605, 49.257976 ], [ -123.1935764, 49.2581466 ], [ -123.1910757, 49.258114 ], [ -123.1907885, 49.2581064 ], [ -123.1880079, 49.2580332 ], [ -123.1880062, 49.2578809 ], [ -123.1880051, 49.257399 ], [ -123.18801, 49.2569559 ], [ -123.1880151, 49.256486 ], [ -123.18802, 49.2560475 ], [ -123.1880254, 49.2555693 ], [ -123.1880283, 49.255148 ] ] ] ] } },
{ "type": "Feature", "properties": { "name": "59150894", "population": 630, "population_density": 6344.4 }, "geometry": { "type": "MultiPolygon", "coordinates": [ [ [ [ -123.1851412, 49.2546835 ], [ -123.1851655, 49.2537627 ], [ -123.1858037, 49.2537655 ], [ -123.1880421, 49.2537755 ], [ -123.1880368, 49.2542397 ], [ -123.1880315, 49.2546985 ], [ -123.1880283, 49.255148 ], [ -123.1880254, 49.2555693 ], [ -123.18802, 49.2560475 ], [ -123.1880151, 49.256486 ], [ -123.18801, 49.2569559 ], [ -123.1880051, 49.257399 ], [ -123.1880062, 49.2578809 ], [ -123.1880079, 49.2580332 ], [ -123.1860912, 49.2580211 ], [ -123.1851139, 49.2580091 ], [ -123.1851214, 49.2578399 ], [ -123.185126, 49.2573564 ], [ -123.1851286, 49.2564765 ], [ -123.1851356, 49.2555678 ], [ -123.1851384, 49.2551345 ], [ -123.1851412, 49.2546835 ] ] ] ] } },
{ "type": "Feature", "properties": { "name": "59150895", "population": 533, "population_density": 5120.1 }, "geometry": { "type": "MultiPolygon", "coordinates": [ [ [ [ -123.1851755, 49.2519444 ], [ -123.1851898, 49.251053 ], [ -123.1858346, 49.2510557 ], [ -123.1880758, 49.2510652 ], [ -123.1880671, 49.2515234 ], [ -123.188059, 49.2519556 ], [ -123.188055, 49.2524494 ], [ -123.1880516, 49.2528696 ], [ -123.1908322, 49.2528799 ], [ -123.1908267, 49.2533897 ], [ -123.1908225, 49.2537876 ], [ -123.1908066, 49.2542449 ], [ -123.190791, 49.2546938 ], [ -123.1880315, 49.2546985 ], [ -123.1880368, 49.2542397 ], [ -123.1880421, 49.2537755 ], [ -123.1858037, 49.2537655 ], [ -123.1851655, 49.2537627 ], [ -123.1851723, 49.2528576 ], [ -123.1851755, 49.2519444 ] ] ] ] } },
{ "type": "Feature", "properties": { "name": "59150896", "population": 523, "population_density": 5397.3 }, "geometry": { "type": "MultiPolygon", "coordinates": [ [ [ [ -123.1818635, 49.2524052 ], [ -123.1818608, 49.2519335 ], [ -123.1845189, 49.2519423 ], [ -123.1851755, 49.2519444 ], [ -123.1851723, 49.2528576 ], [ -123.1851655, 49.2537627 ], [ -123.1851412, 49.2546835 ], [ -123.1851384, 49.2551345 ], [ -123.1851356, 49.2555678 ], [ -123.1818421, 49.2555656 ], [ -123.1818517, 49.2546615 ], [ -123.1818576, 49.2541952 ], [ -123.1818632, 49.2537485 ], [ -123.1818645, 49.2533136 ], [ -123.181866, 49.2528434 ], [ -123.1818635, 49.2524052 ] ] ] ] } },
{ "type": "Feature", "properties": { "name": "59150897", "population": 605, "population_density": 5233.6 }, "geometry": { "type": "MultiPolygon", "coordinates": [ [ [ [ -123.1785818, 49.2519243 ], [ -123.1785909, 49.2510293 ], [ -123.1791968, 49.2510369 ], [ -123.1801141, 49.2510484 ], [ -123.1818587, 49.2510408 ], [ -123.1818608, 49.2519335 ], [ -123.1818635, 49.2524052 ], [ -123.181866, 49.2528434 ], [ -123.1818645, 49.2533136 ], [ -123.1818632, 49.2537485 ], [ -123.1818576, 49.2541952 ], [ -123.1818517, 49.2546615 ], [ -123.1818421, 49.2555656 ], [ -123.1792285, 49.2555631 ], [ -123.1792174, 49.2551078 ], [ -123.1792061, 49.2546437 ], [ -123.1785496, 49.2546446 ], [ -123.1785583, 49.2537324 ], [ -123.1785704, 49.2528338 ], [ -123.1785818, 49.2519243 ] ] ] ] } },
{ "type": "Feature", "properties": { "name": "59150898", "population": 497, "population_density": 3750.9 }, "geometry": { "type": "MultiPolygon", "coordinates": [ [ [ [ -123.1786077, 49.2494773 ], [ -123.1785776, 49.2489888 ], [ -123.1818034, 49.2490118 ], [ -123.1834648, 49.2490165 ], [ -123.185188, 49.2490213 ], [ -123.1852018, 49.2490213 ], [ -123.185199, 49.2494874 ], [ -123.185196, 49.2499768 ], [ -123.1851952, 49.2501479 ], [ -123.1851898, 49.251053 ], [ -123.1851755, 49.2519444 ], [ -123.1845189, 49.2519423 ], [ -123.1818608, 49.2519335 ], [ -123.1818587, 49.2510408 ], [ -123.1801141, 49.2510484 ], [ -123.1791968, 49.2510369 ], [ -123.1785909, 49.2510293 ], [ -123.1786102, 49.2506038 ], [ -123.1786318, 49.2501296 ], [ -123.1786338, 49.2500454 ], [ -123.1786363, 49.2499424 ], [ -123.1786077, 49.2494773 ] ] ] ] } },
{ "type": "Feature", "properties": { "name": "59150899", "population": 528, "population_density": 3922.7 }, "geometry": { "type": "MultiPolygon", "coordinates": [ [ [ [ -123.1819242, 49.2466395 ], [ -123.1819366, 49.2461627 ], [ -123.1845116, 49.2461656 ], [ -123.1851987, 49.2461664 ], [ -123.1852554, 49.2461665 ], [ -123.1852586, 49.2466428 ], [ -123.1852619, 49.247125 ], [ -123.1852469, 49.2475966 ], [ -123.1852317, 49.2480745 ], [ -123.1859204, 49.2480773 ], [ -123.186742, 49.2480806 ], [ -123.1881079, 49.2480874 ], [ -123.1880894, 49.2490282 ], [ -123.1880834, 49.2495167 ], [ -123.1880778, 49.2499682 ], [ -123.1880766, 49.2500839 ], [ -123.1880759, 49.2501573 ], [ -123.1880758, 49.2506233 ], [ -123.1880758, 49.2510652 ], [ -123.1858346, 49.2510557 ], [ -123.1851898, 49.251053 ], [ -123.1851952, 49.2501479 ], [ -123.185196, 49.2499768 ], [ -123.185199, 49.2494874 ], [ -123.1852018, 49.2490213 ], [ -123.185188, 49.2490213 ], [ -123.1834648, 49.2490165 ], [ -123.1834716, 49.248544 ], [ -123.1834785, 49.2480675 ], [ -123.1818406, 49.2480599 ], [ -123.1818772, 49.2475747 ], [ -123.1819118, 49.247115 ], [ -123.1819242, 49.2466395 ] ] ] ] } },
{ "type": "Feature", "properties": { "name": "59150900", "population": 441, "population_density": 5000.0 }, "geometry": { "type": "MultiPolygon", "coordinates": [ [ [ [ -123.1785845, 49.2470686 ], [ -123.1785961, 49.2461538 ], [ -123.1792495, 49.2461555 ], [ -123.1819366, 49.2461627 ], [ -123.1819242, 49.2466395 ], [ -123.1819118, 49.247115 ], [ -123.1818772, 49.2475747 ], [ -123.1818406, 49.2480599 ], [ -123.1834785, 49.2480675 ], [ -123.1834716, 49.248544 ], [ -123.1834648, 49.2490165 ], [ -123.1818034, 49.2490118 ], [ -123.1785776, 49.2489888 ], [ -123.1785925, 49.2485245 ], [ -123.1786082, 49.2480339 ], [ -123.1785977, 49.2476068 ], [ -123.1785845, 49.2470686 ] ] ] ] } },
{ "type": "Feature", "properties": { "name": "59150901", "population": 449, "population_density": 4397.6 }, "geometry": { "type": "MultiPolygon", "coordinates": [ [ [ [ -123.1786568, 49.2428481 ], [ -123.1786456, 49.2423585 ], [ -123.1793316, 49.2423575 ], [ -123.1812962, 49.2423545 ], [ -123.1819715, 49.2423535 ], [ -123.1819301, 49.2433072 ], [ -123.1819589, 49.2442583 ], [ -123.1819527, 49.2447597 ], [ -123.1819473, 49.2451947 ], [ -123.1819366, 49.2461627 ], [ -123.1792495, 49.2461555 ], [ -123.1785961, 49.2461538 ], [ -123.1786092, 49.245193 ], [ -123.1786291, 49.2442559 ], [ -123.178667, 49.2432931 ], [ -123.1786568, 49.2428481 ] ] ] ] } },
{ "type": "Feature", "properties": { "name": "59150902", "population": 394, "population_density": 3885.6 }, "geometry": { "type": "MultiPolygon", "coordinates": [ [ [ [ -123.1819301, 49.2433072 ], [ -123.1819715, 49.2423535 ], [ -123.1826292, 49.2423584 ], [ -123.1845933, 49.242373 ], [ -123.1852477, 49.2423778 ], [ -123.1852454, 49.2432337 ], [ -123.1852452, 49.2433235 ], [ -123.185244, 49.244272 ], [ -123.1852439, 49.2447539 ], [ -123.1852438, 49.2452267 ], [ -123.1852553, 49.2461575 ], [ -123.1852554, 49.2461665 ], [ -123.1851987, 49.2461664 ], [ -123.1845116, 49.2461656 ], [ -123.1819366, 49.2461627 ], [ -123.1819473, 49.2451947 ], [ -123.1819527, 49.2447597 ], [ -123.1819589, 49.2442583 ], [ -123.1819301, 49.2433072 ] ] ] ] } },
{ "type": "Feature", "properties": { "name": "59150903", "population": 497, "population_density": 2522.8 }, "geometry": { "type": "MultiPolygon", "coordinates": [ [ [ [ -123.1909003, 49.2452436 ], [ -123.1881092, 49.2452339 ], [ -123.1881154, 49.2457387 ], [ -123.1881208, 49.2461746 ], [ -123.1867618, 49.2461671 ], [ -123.1858581, 49.2461667 ], [ -123.1852554, 49.2461665 ], [ -123.1852553, 49.2461575 ], [ -123.1852438, 49.2452267 ], [ -123.1852439, 49.2447539 ], [ -123.185244, 49.244272 ], [ -123.1852452, 49.2433235 ], [ -123.1852454, 49.2432337 ], [ -123.1852477, 49.2423778 ], [ -123.1852466, 49.2419204 ], [ -123.1852454, 49.2414194 ], [ -123.185246, 49.2409849 ], [ -123.1852467, 49.2404692 ], [ -123.1881773, 49.2404825 ], [ -123.1881709, 49.2409804 ], [ -123.188165, 49.2414343 ], [ -123.1881578, 49.2419247 ], [ -123.1881509, 49.2423923 ], [ -123.1898268, 49.2424137 ], [ -123.1909224, 49.2424276 ], [ -123.1909187, 49.242883 ], [ -123.1909149, 49.2433461 ], [ -123.190911, 49.2438275 ], [ -123.1909073, 49.2442881 ], [ -123.1909036, 49.244799 ], [ -123.1909003, 49.2452436 ] ] ] ] } },
{ "type": "Feature", "properties": { "name": "59150904", "population": 419, "population_density": 3301.8 }, "geometry": { "type": "MultiPolygon", "coordinates": [ [ [ [ -123.1786603, 49.2399878 ], [ -123.1786639, 49.2395045 ], [ -123.1819819, 49.2395147 ], [ -123.1819733, 49.2400096 ], [ -123.1819653, 49.2404663 ], [ -123.184614, 49.2404686 ], [ -123.1852467, 49.2404692 ], [ -123.185246, 49.2409849 ], [ -123.1852454, 49.2414194 ], [ -123.1852466, 49.2419204 ], [ -123.1852477, 49.2423778 ], [ -123.1845933, 49.242373 ], [ -123.1826292, 49.2423584 ], [ -123.1819715, 49.2423535 ], [ -123.1812962, 49.2423545 ], [ -123.1793316, 49.2423575 ], [ -123.1786456, 49.2423585 ], [ -123.1786452, 49.2413929 ], [ -123.1786507, 49.2409506 ], [ -123.1786569, 49.2404555 ], [ -123.1786603, 49.2399878 ] ] ] ] } },
{ "type": "Feature", "properties": { "name": "59150905", "population": 520, "population_density": 3685.3 }, "geometry": { "type": "MultiPolygon", "coordinates": [ [ [ [ -123.1819865, 49.2390562 ], [ -123.1819911, 49.2385935 ], [ -123.1819965, 49.2381566 ], [ -123.182002, 49.2377137 ], [ -123.1852581, 49.2377456 ], [ -123.1852571, 49.2375799 ], [ -123.1860042, 49.2375831 ], [ -123.1882027, 49.2375927 ], [ -123.1881981, 49.2380926 ], [ -123.1881935, 49.2385842 ], [ -123.1881887, 49.2390913 ], [ -123.1881846, 49.2395243 ], [ -123.1881809, 49.2400088 ], [ -123.1881773, 49.2404825 ], [ -123.1852467, 49.2404692 ], [ -123.184614, 49.2404686 ], [ -123.1819653, 49.2404663 ], [ -123.1819733, 49.2400096 ], [ -123.1819819, 49.2395147 ], [ -123.1819865, 49.2390562 ] ] ] ] } },
{ "type": "Feature", "properties": { "name": "59150906", "population": 486, "population_density": 3799.8 }, "geometry": { "type": "MultiPolygon", "coordinates": [ [ [ [ -123.1787103, 49.2352651 ], [ -123.1787147, 49.2347607 ], [ -123.1820314, 49.2347637 ], [ -123.1820285, 49.2356941 ], [ -123.1820175, 49.2364396 ], [ -123.1820127, 49.2368583 ], [ -123.1820069, 49.2373202 ], [ -123.182002, 49.2377137 ], [ -123.1819965, 49.2381566 ], [ -123.1819911, 49.2385935 ], [ -123.1819865, 49.2390562 ], [ -123.1819819, 49.2395147 ], [ -123.1786639, 49.2395045 ], [ -123.1786615, 49.2390343 ], [ -123.1786592, 49.2385649 ], [ -123.178668, 49.2380895 ], [ -123.1786762, 49.2376529 ], [ -123.1786811, 49.2373159 ], [ -123.1786855, 49.2370191 ], [ -123.1786879, 49.2368515 ], [ -123.1786901, 49.2366336 ], [ -123.1786945, 49.236404 ], [ -123.178698, 49.2361954 ], [ -123.1787067, 49.2356829 ], [ -123.1787103, 49.2352651 ] ] ] ] } },
{ "type": "Feature", "properties": { "name": "59150907", "population": 609, "population_density": 3720.2 }, "geometry": { "type": "MultiPolygon", "coordinates": [ [ [ [ -123.1860042, 49.2375831 ], [ -123.1852571, 49.2375799 ], [ -123.1852581, 49.2377456 ], [ -123.182002, 49.2377137 ], [ -123.1820069, 49.2373202 ], [ -123.1820127, 49.2368583 ], [ -123.1820175, 49.2364396 ], [ -123.1820285, 49.2356941 ], [ -123.1820314, 49.2347637 ], [ -123.1853246, 49.2347686 ], [ -123.1858776, 49.234774 ], [ -123.1868174, 49.2347832 ], [ -123.1883321, 49.2347777 ], [ -123.1896278, 49.2347817 ], [ -123.1895969, 49.2357874 ], [ -123.1895768, 49.2364405 ], [ -123.1882341, 49.2364397 ], [ -123.1882175, 49.2370485 ], [ -123.1882027, 49.2375927 ], [ -123.1860042, 49.2375831 ] ] ] ] } },
{ "type": "Feature", "properties": { "name": "59150908", "population": 508, "population_density": 2273.9 }, "geometry": { "type": "MultiPolygon", "coordinates": [ [ [ [ -123.1758142, 49.2296833 ], [ -123.1758312, 49.2290808 ], [ -123.177751, 49.2298056 ], [ -123.1784641, 49.2300748 ], [ -123.1787057, 49.2301207 ], [ -123.1787409, 49.2321393 ], [ -123.1786978, 49.232848 ], [ -123.1820401, 49.232857 ], [ -123.1844072, 49.2328495 ], [ -123.1853588, 49.2328464 ], [ -123.1853354, 49.2337979 ], [ -123.1853323, 49.2343256 ], [ -123.1853246, 49.2347686 ], [ -123.1820314, 49.2347637 ], [ -123.1787147, 49.2347607 ], [ -123.1776971, 49.2347558 ], [ -123.1772223, 49.2347535 ], [ -123.1767287, 49.2347511 ], [ -123.1757546, 49.2347409 ], [ -123.1757642, 49.2342899 ], [ -123.1757754, 49.2337668 ], [ -123.175802, 49.2327884 ], [ -123.1758062, 49.2326169 ], [ -123.1758121, 49.2323831 ], [ -123.1758237, 49.2319125 ], [ -123.1758347, 49.2314742 ], [ -123.1758425, 49.2311684 ], [ -123.175846, 49.2310277 ], [ -123.1758537, 49.2307423 ], [ -123.1758256, 49.2300256 ], [ -123.1758134, 49.2297126 ], [ -123.1758142, 49.2296833 ] ] ] ] } },
{ "type": "Feature", "properties": { "name": "59150909", "population": 517, "population_density": 2065.5 }, "geometry": { "type": "MultiPolygon", "coordinates": [ [ [ [ -123.1820401, 49.232857 ], [ -123.1786978, 49.232848 ], [ -123.1787409, 49.2321393 ], [ -123.1787057, 49.2301207 ], [ -123.1791809, 49.2301462 ], [ -123.1792283, 49.2301488 ], [ -123.1803333, 49.2301507 ], [ -123.1806745, 49.2301495 ], [ -123.1812377, 49.2301476 ], [ -123.1820125, 49.230145 ], [ -123.1820589, 49.2293122 ], [ -123.1821028, 49.2285441 ], [ -123.1821313, 49.2280434 ], [ -123.1821647, 49.2274558 ], [ -123.1854892, 49.2274795 ], [ -123.1854693, 49.2283059 ], [ -123.1869798, 49.2282976 ], [ -123.1869105, 49.2301339 ], [ -123.1868708, 49.2311843 ], [ -123.1853616, 49.2306036 ], [ -123.1853597, 49.2321477 ], [ -123.1853588, 49.2328464 ], [ -123.1844072, 49.2328495 ], [ -123.1820401, 49.232857 ] ] ] ] } },
{ "type": "Feature", "properties": { "name": "59150910", "population": 475, "population_density": 2683.6 }, "geometry": { "type": "MultiPolygon", "coordinates": [ [ [ [ -123.1853597, 49.2321477 ], [ -123.1853616, 49.2306036 ], [ -123.1868708, 49.2311843 ], [ -123.1883562, 49.23175 ], [ -123.1896296, 49.2322129 ], [ -123.1909121, 49.2326832 ], [ -123.1923114, 49.2331988 ], [ -123.1937517, 49.2336957 ], [ -123.1937237, 49.2347722 ], [ -123.1922994, 49.234782 ], [ -123.1909186, 49.2347775 ], [ -123.1896278, 49.2347817 ], [ -123.1883321, 49.2347777 ], [ -123.1868174, 49.2347832 ], [ -123.1858776, 49.234774 ], [ -123.1853246, 49.2347686 ], [ -123.1853323, 49.2343256 ], [ -123.1853354, 49.2337979 ], [ -123.1853588, 49.2328464 ], [ -123.1853597, 49.2321477 ] ] ] ] } },
{ "type": "Feature", "properties": { "name": "59150911", "population": 551, "population_density": 1146.0 }, "geometry": { "type": "MultiPolygon", "coordinates": [ [ [ [ -123.1854936, 49.2258673 ], [ -123.1855772, 49.2255074 ], [ -123.1904025, 49.2255206 ], [ -123.1910299, 49.2255512 ], [ -123.1910971, 49.2255545 ], [ -123.1909438, 49.2265337 ], [ -123.1911188, 49.2273604 ], [ -123.1914362, 49.2280002 ], [ -123.1948424, 49.229807 ], [ -123.1964735, 49.2303381 ], [ -123.1970492, 49.230576 ], [ -123.1970432, 49.2306588 ], [ -123.1969985, 49.2312799 ], [ -123.1969908, 49.2313876 ], [ -123.1969778, 49.2315675 ], [ -123.1969483, 49.2319774 ], [ -123.1969137, 49.2324568 ], [ -123.1968979, 49.2326768 ], [ -123.1970375, 49.2329119 ], [ -123.1970636, 49.2329364 ], [ -123.1970801, 49.2349198 ], [ -123.1970812, 49.2350523 ], [ -123.1969023, 49.2350008 ], [ -123.1968303, 49.23498 ], [ -123.1961942, 49.2348284 ], [ -123.1957486, 49.2347726 ], [ -123.1937237, 49.2347722 ], [ -123.1937517, 49.2336957 ], [ -123.1923114, 49.2331988 ], [ -123.1909121, 49.2326832 ], [ -123.1896296, 49.2322129 ], [ -123.1883562, 49.23175 ], [ -123.1868708, 49.2311843 ], [ -123.1869105, 49.2301339 ], [ -123.1869798, 49.2282976 ], [ -123.1854693, 49.2283059 ], [ -123.1854892, 49.2274795 ], [ -123.1854689, 49.2265017 ], [ -123.1854936, 49.2258673 ] ] ] ] } },
{ "type": "Feature", "properties": { "name": "59150912", "population": 500, "population_density": 2913.8 }, "geometry": { "type": "MultiPolygon", "coordinates": [ [ [ [ -123.1881935, 49.2385842 ], [ -123.1881981, 49.2380926 ], [ -123.1882027, 49.2375927 ], [ -123.1882175, 49.2370485 ], [ -123.1882341, 49.2364397 ], [ -123.1895768, 49.2364405 ], [ -123.1895969, 49.2357874 ], [ -123.1896278, 49.2347817 ], [ -123.1909186, 49.2347775 ], [ -123.1922994, 49.234782 ], [ -123.1937237, 49.2347722 ], [ -123.1957486, 49.2347726 ], [ -123.1961942, 49.2348284 ], [ -123.1968303, 49.23498 ], [ -123.1969023, 49.2350008 ], [ -123.1970812, 49.2350523 ], [ -123.1969246, 49.2352599 ], [ -123.1969063, 49.2353118 ], [ -123.1968334, 49.2355187 ], [ -123.1968317, 49.2356385 ], [ -123.1968357, 49.2364808 ], [ -123.1937113, 49.2364527 ], [ -123.1937083, 49.237049 ], [ -123.1937055, 49.2376154 ], [ -123.1909479, 49.2376048 ], [ -123.1909468, 49.2381063 ], [ -123.1909457, 49.2385947 ], [ -123.1881935, 49.2385842 ] ] ] ] } },
{ "type": "Feature", "properties": { "name": "59150913", "population": 503, "population_density": 2637.7 }, "geometry": { "type": "MultiPolygon", "coordinates": [ [ [ [ -123.1968107, 49.2395787 ], [ -123.1936852, 49.2395649 ], [ -123.190941, 49.239534 ], [ -123.1909407, 49.2400223 ], [ -123.1909405, 49.240496 ], [ -123.1881773, 49.2404825 ], [ -123.1881809, 49.2400088 ], [ -123.1881846, 49.2395243 ], [ -123.1881887, 49.2390913 ], [ -123.1881935, 49.2385842 ], [ -123.1909457, 49.2385947 ], [ -123.1909468, 49.2381063 ], [ -123.1909479, 49.2376048 ], [ -123.1937055, 49.2376154 ], [ -123.1937083, 49.237049 ], [ -123.1937113, 49.2364527 ], [ -123.1968357, 49.2364808 ], [ -123.198398, 49.2364899 ], [ -123.1983294, 49.2385905 ], [ -123.1968221, 49.2386395 ], [ -123.1968164, 49.2391127 ], [ -123.1968107, 49.2395787 ] ] ] ] } },
{ "type": "Feature", "properties": { "name": "59150914", "population": 489, "population_density": 3154.8 }, "geometry": { "type": "MultiPolygon", "coordinates": [ [ [ [ -123.1967992, 49.2414744 ], [ -123.1936791, 49.241459 ], [ -123.1936758, 49.2419696 ], [ -123.1936729, 49.2424244 ], [ -123.1909224, 49.2424276 ], [ -123.1898268, 49.2424137 ], [ -123.1881509, 49.2423923 ], [ -123.1881578, 49.2419247 ], [ -123.188165, 49.2414343 ], [ -123.1881709, 49.2409804 ], [ -123.1881773, 49.2404825 ], [ -123.1909405, 49.240496 ], [ -123.1909407, 49.2400223 ], [ -123.190941, 49.239534 ], [ -123.1936852, 49.2395649 ], [ -123.1968107, 49.2395787 ], [ -123.1968004, 49.2405449 ], [ -123.1967998, 49.2410288 ], [ -123.1967992, 49.2414744 ] ] ] ] } },
{ "type": "Feature", "properties": { "name": "59150915", "population": 474, "population_density": 3959.9 }, "geometry": { "type": "MultiPolygon", "coordinates": [ [ [ [ -123.1936758, 49.2419696 ], [ -123.1936791, 49.241459 ], [ -123.1967992, 49.2414744 ], [ -123.1967923, 49.2419645 ], [ -123.1967859, 49.2424216 ], [ -123.1967801, 49.2428916 ], [ -123.1967796, 49.2429269 ], [ -123.1967742, 49.2433653 ], [ -123.1967677, 49.2438805 ], [ -123.1967623, 49.2443134 ], [ -123.1967697, 49.2448246 ], [ -123.1967761, 49.2452658 ], [ -123.1967636, 49.2457784 ], [ -123.1967528, 49.24622 ], [ -123.1936393, 49.2462057 ], [ -123.1936462, 49.2457206 ], [ -123.1936528, 49.2452549 ], [ -123.1936555, 49.244794 ], [ -123.1936584, 49.2442994 ], [ -123.1936674, 49.2433556 ], [ -123.1936701, 49.242906 ], [ -123.1936701, 49.2428962 ], [ -123.1936729, 49.2424244 ], [ -123.1936758, 49.2419696 ] ] ] ] } },
{ "type": "Feature", "properties": { "name": "59150916", "population": 447, "population_density": 4249.0 }, "geometry": { "type": "MultiPolygon", "coordinates": [ [ [ [ -123.190894, 49.2461865 ], [ -123.1881208, 49.2461746 ], [ -123.1881154, 49.2457387 ], [ -123.1881092, 49.2452339 ], [ -123.1909003, 49.2452436 ], [ -123.1909036, 49.244799 ], [ -123.1909073, 49.2442881 ], [ -123.190911, 49.2438275 ], [ -123.1909149, 49.2433461 ], [ -123.1909187, 49.242883 ], [ -123.1909224, 49.2424276 ], [ -123.1936729, 49.2424244 ], [ -123.1936701, 49.2428962 ], [ -123.1936701, 49.242906 ], [ -123.1936674, 49.2433556 ], [ -123.1936584, 49.2442994 ], [ -123.1936555, 49.244794 ], [ -123.1936528, 49.2452549 ], [ -123.1936462, 49.2457206 ], [ -123.1936393, 49.2462057 ], [ -123.1922431, 49.2462 ], [ -123.190894, 49.2461865 ] ] ] ] } },
{ "type": "Feature", "properties": { "name": "59150917", "population": 487, "population_density": 2740.6 }, "geometry": { "type": "MultiPolygon", "coordinates": [ [ [ [ -123.1852586, 49.2466428 ], [ -123.1852554, 49.2461665 ], [ -123.1858581, 49.2461667 ], [ -123.1867618, 49.2461671 ], [ -123.1881208, 49.2461746 ], [ -123.190894, 49.2461865 ], [ -123.1922431, 49.2462 ], [ -123.1936393, 49.2462057 ], [ -123.1967528, 49.24622 ], [ -123.1967494, 49.2467229 ], [ -123.1967463, 49.2471701 ], [ -123.1967272, 49.2481226 ], [ -123.1936243, 49.2481103 ], [ -123.1922446, 49.2481042 ], [ -123.1918286, 49.2481024 ], [ -123.191554, 49.2481013 ], [ -123.1912382, 49.2480999 ], [ -123.1908813, 49.2480984 ], [ -123.1881079, 49.2480874 ], [ -123.186742, 49.2480806 ], [ -123.1859204, 49.2480773 ], [ -123.1852317, 49.2480745 ], [ -123.1852469, 49.2475966 ], [ -123.1852619, 49.247125 ], [ -123.1852586, 49.2466428 ] ] ] ] } },
{ "type": "Feature", "properties": { "name": "59150918", "population": 453, "population_density": 4206.1 }, "geometry": { "type": "MultiPolygon", "coordinates": [ [ [ [ -123.1880986, 49.2485625 ], [ -123.1881079, 49.2480874 ], [ -123.1908813, 49.2480984 ], [ -123.190874, 49.249035 ], [ -123.1908708, 49.2495125 ], [ -123.1908692, 49.2497464 ], [ -123.1908677, 49.2499712 ], [ -123.1908676, 49.2499805 ], [ -123.1908628, 49.2501732 ], [ -123.1908539, 49.2506283 ], [ -123.1908452, 49.2510761 ], [ -123.1908409, 49.2515274 ], [ -123.1908367, 49.2519658 ], [ -123.1908322, 49.2528799 ], [ -123.1880516, 49.2528696 ], [ -123.188055, 49.2524494 ], [ -123.188059, 49.2519556 ], [ -123.1880671, 49.2515234 ], [ -123.1880758, 49.2510652 ], [ -123.1880758, 49.2506233 ], [ -123.1880759, 49.2501573 ], [ -123.1880766, 49.2500839 ], [ -123.1880778, 49.2499682 ], [ -123.1880834, 49.2495167 ], [ -123.1880894, 49.2490282 ], [ -123.1880986, 49.2485625 ] ] ] ] } },
{ "type": "Feature", "properties": { "name": "59150919", "population": 454, "population_density": 1217.2 }, "geometry": { "type": "MultiPolygon", "coordinates": [ [ [ [ -123.193618, 49.2520067 ], [ -123.1908367, 49.2519658 ], [ -123.1908409, 49.2515274 ], [ -123.1908452, 49.2510761 ], [ -123.1908539, 49.2506283 ], [ -123.1908628, 49.2501732 ], [ -123.1908676, 49.2499805 ], [ -123.1908677, 49.2499712 ], [ -123.1908692, 49.2497464 ], [ -123.1908708, 49.2495125 ], [ -123.190874, 49.249035 ], [ -123.1908813, 49.2480984 ], [ -123.1912382, 49.2480999 ], [ -123.191554, 49.2481013 ], [ -123.1918286, 49.2481024 ], [ -123.1922446, 49.2481042 ], [ -123.1936243, 49.2481103 ], [ -123.1967272, 49.2481226 ], [ -123.1967463, 49.2471701 ], [ -123.1967494, 49.2467229 ], [ -123.1967528, 49.24622 ], [ -123.1983432, 49.2462832 ], [ -123.1989132, 49.2463059 ], [ -123.199048, 49.246372 ], [ -123.1997782, 49.2467301 ], [ -123.1998947, 49.2467872 ], [ -123.1999893, 49.2468336 ], [ -123.2002005, 49.2469371 ], [ -123.2012153, 49.2474348 ], [ -123.2031736, 49.2484124 ], [ -123.2046068, 49.2491278 ], [ -123.2043187, 49.2493509 ], [ -123.2040132, 49.2494303 ], [ -123.2010542, 49.2499586 ], [ -123.200555, 49.2500477 ], [ -123.2000111, 49.250054 ], [ -123.1991162, 49.2500644 ], [ -123.1988322, 49.2501498 ], [ -123.196761, 49.2502408 ], [ -123.1967913, 49.2519602 ], [ -123.1967892, 49.2519687 ], [ -123.1966722, 49.2529068 ], [ -123.1935933, 49.2528923 ], [ -123.1936057, 49.2524487 ], [ -123.193618, 49.2520067 ] ] ] ] } },
{ "type": "Feature", "properties": { "name": "59150920", "population": 526, "population_density": 5182.3 }, "geometry": { "type": "MultiPolygon", "coordinates": [ [ [ [ -123.1908343, 49.2524539 ], [ -123.1908367, 49.2519658 ], [ -123.193618, 49.2520067 ], [ -123.1936057, 49.2524487 ], [ -123.1935933, 49.2528923 ], [ -123.1935898, 49.2533667 ], [ -123.1935865, 49.2538001 ], [ -123.1935819, 49.2547169 ], [ -123.1935792, 49.2551658 ], [ -123.1935766, 49.2555995 ], [ -123.1935729, 49.2560742 ], [ -123.1935695, 49.2565108 ], [ -123.1907985, 49.256499 ], [ -123.1908071, 49.255585 ], [ -123.1907991, 49.255143 ], [ -123.190791, 49.2546938 ], [ -123.1908066, 49.2542449 ], [ -123.1908225, 49.2537876 ], [ -123.1908267, 49.2533897 ], [ -123.1908322, 49.2528799 ], [ -123.1908343, 49.2524539 ] ] ] ] } },
{ "type": "Feature", "properties": { "name": "59150922", "population": 489, "population_density": 5451.5 }, "geometry": { "type": "MultiPolygon", "coordinates": [ [ [ [ -123.2062678, 49.258428 ], [ -123.2062717, 49.2583131 ], [ -123.2062854, 49.2583134 ], [ -123.2093104, 49.2583746 ], [ -123.2093241, 49.2583749 ], [ -123.2123217, 49.2584363 ], [ -123.2123354, 49.2584366 ], [ -123.2123307, 49.2585416 ], [ -123.2123153, 49.2588843 ], [ -123.2122949, 49.259338 ], [ -123.2122772, 49.2597746 ], [ -123.212258, 49.2602495 ], [ -123.2092458, 49.2602031 ], [ -123.2062102, 49.2601561 ], [ -123.2062257, 49.2596871 ], [ -123.2062405, 49.2592409 ], [ -123.2062557, 49.2587875 ], [ -123.2062678, 49.258428 ] ] ] ] } },
{ "type": "Feature", "properties": { "name": "59150923", "population": 598, "population_density": 4472.7 }, "geometry": { "type": "MultiPolygon", "coordinates": [ [ [ [ -123.2091987, 49.261554 ], [ -123.2092147, 49.2611075 ], [ -123.2092303, 49.2606538 ], [ -123.2092458, 49.2602031 ], [ -123.212258, 49.2602495 ], [ -123.2122772, 49.2597746 ], [ -123.2122949, 49.259338 ], [ -123.2123153, 49.2588843 ], [ -123.2123307, 49.2585416 ], [ -123.2123354, 49.2584366 ], [ -123.2153746, 49.2585123 ], [ -123.2153883, 49.2585127 ], [ -123.2153687, 49.2593886 ], [ -123.215362, 49.2598499 ], [ -123.2153556, 49.2602934 ], [ -123.2153124, 49.2611966 ], [ -123.2153065, 49.261424 ], [ -123.2153008, 49.2616398 ], [ -123.215289, 49.2620904 ], [ -123.2151243, 49.2620882 ], [ -123.2122008, 49.2620485 ], [ -123.2091825, 49.2620074 ], [ -123.2091987, 49.261554 ] ] ] ] } },
{ "type": "Feature", "properties": { "name": "59150924", "population": 605, "population_density": 6641.1 }, "geometry": { "type": "MultiPolygon", "coordinates": [ [ [ [ -123.2091637, 49.2624528 ], [ -123.2091825, 49.2620074 ], [ -123.2122008, 49.2620485 ], [ -123.2151243, 49.2620882 ], [ -123.215289, 49.2620904 ], [ -123.2152668, 49.2629869 ], [ -123.2152551, 49.2634483 ], [ -123.2152448, 49.2638555 ], [ -123.2152403, 49.2639995 ], [ -123.2150756, 49.2639971 ], [ -123.2149041, 49.2639251 ], [ -123.2126998, 49.2638896 ], [ -123.2121291, 49.2638805 ], [ -123.2091206, 49.263836 ], [ -123.2091338, 49.2633154 ], [ -123.2091438, 49.2629251 ], [ -123.2091637, 49.2624528 ] ] ] ] } },
{ "type": "Feature", "properties": { "name": "59150925", "population": 532, "population_density": 6193.2 }, "geometry": { "type": "MultiPolygon", "coordinates": [ [ [ [ -123.2090993, 49.2642694 ], [ -123.2091206, 49.263836 ], [ -123.2121291, 49.2638805 ], [ -123.2126998, 49.2638896 ], [ -123.2149041, 49.2639251 ], [ -123.2150756, 49.2639971 ], [ -123.2152403, 49.2639995 ], [ -123.2152148, 49.2644022 ], [ -123.2151891, 49.2648079 ], [ -123.215145, 49.2652559 ], [ -123.2151325, 49.2653838 ], [ -123.2151221, 49.2654983 ], [ -123.2151122, 49.2656075 ], [ -123.2151027, 49.265673 ], [ -123.2120658, 49.2656207 ], [ -123.2090734, 49.2655803 ], [ -123.2090755, 49.2651414 ], [ -123.2090776, 49.2647113 ], [ -123.2090993, 49.2642694 ] ] ] ] } },
{ "type": "Feature", "properties": { "name": "59150926", "population": 713, "population_density": 6571.4 }, "geometry": { "type": "MultiPolygon", "coordinates": [ [ [ [ -123.2029679, 49.2650539 ], [ -123.2029908, 49.2646158 ], [ -123.203001, 49.2641901 ], [ -123.2030118, 49.2637436 ], [ -123.2060902, 49.2637909 ], [ -123.2061067, 49.2633033 ], [ -123.2061219, 49.2628541 ], [ -123.2091438, 49.2629251 ], [ -123.2091338, 49.2633154 ], [ -123.2091206, 49.263836 ], [ -123.2090776, 49.2647113 ], [ -123.2090755, 49.2651414 ], [ -123.2090734, 49.2655803 ], [ -123.2060062, 49.2655271 ], [ -123.202946, 49.265473 ], [ -123.2029679, 49.2650539 ] ] ] ] } },
{ "type": "Feature", "properties": { "name": "59150927", "population": 644, "population_density": 5739.8 }, "geometry": { "type": "MultiPolygon", "coordinates": [ [ [ [ -123.2091438, 49.2629251 ], [ -123.2061219, 49.2628541 ], [ -123.2061067, 49.2633033 ], [ -123.2060902, 49.2637909 ], [ -123.2030118, 49.2637436 ], [ -123.2030295, 49.2632813 ], [ -123.2030476, 49.2628078 ], [ -123.2030637, 49.2623727 ], [ -123.2030802, 49.2619251 ], [ -123.2030958, 49.2615113 ], [ -123.2030983, 49.2614456 ], [ -123.2031145, 49.2610145 ], [ -123.2061818, 49.2610606 ], [ -123.2092147, 49.2611075 ], [ -123.2091825, 49.2620074 ], [ -123.2091637, 49.2624528 ], [ -123.2091438, 49.2629251 ] ] ] ] } },
{ "type": "Feature", "properties": { "name": "59150928", "population": 459, "population_density": 5088.7 }, "geometry": { "type": "MultiPolygon", "coordinates": [ [ [ [ -123.2032119, 49.25837 ], [ -123.2032155, 49.2582672 ], [ -123.2032293, 49.2582674 ], [ -123.2062717, 49.2583131 ], [ -123.2062678, 49.258428 ], [ -123.2062557, 49.2587875 ], [ -123.2062405, 49.2592409 ], [ -123.2062257, 49.2596871 ], [ -123.2062102, 49.2601561 ], [ -123.2092458, 49.2602031 ], [ -123.2092303, 49.2606538 ], [ -123.2092147, 49.2611075 ], [ -123.2061818, 49.2610606 ], [ -123.2031145, 49.2610145 ], [ -123.2031324, 49.2605372 ], [ -123.2031484, 49.260111 ], [ -123.2031832, 49.2591905 ], [ -123.2031987, 49.2587473 ], [ -123.2032119, 49.25837 ] ] ] ] } },
{ "type": "Feature", "properties": { "name": "59150929", "population": 431, "population_density": 4556.0 }, "geometry": { "type": "MultiPolygon", "coordinates": [ [ [ [ -123.2000635, 49.261406 ], [ -123.2000787, 49.2609691 ], [ -123.2031145, 49.2610145 ], [ -123.2030983, 49.2614456 ], [ -123.2030958, 49.2615113 ], [ -123.2030802, 49.2619251 ], [ -123.2030637, 49.2623727 ], [ -123.2030476, 49.2628078 ], [ -123.2030295, 49.2632813 ], [ -123.2030118, 49.2637436 ], [ -123.203001, 49.2641901 ], [ -123.2029908, 49.2646158 ], [ -123.2029679, 49.2650539 ], [ -123.202946, 49.265473 ], [ -123.2013816, 49.2654442 ], [ -123.2013451, 49.2650314 ], [ -123.2013269, 49.2648258 ], [ -123.2011999, 49.2645856 ], [ -123.2011465, 49.2644915 ], [ -123.2007816, 49.2641631 ], [ -123.2007497, 49.2641444 ], [ -123.2003185, 49.2638926 ], [ -123.2000904, 49.2637063 ], [ -123.2000816, 49.2636991 ], [ -123.1999869, 49.2636282 ], [ -123.2000014, 49.2632238 ], [ -123.2000171, 49.2627878 ], [ -123.2000285, 49.2624414 ], [ -123.2000323, 49.2623243 ], [ -123.2000469, 49.2618833 ], [ -123.2000635, 49.261406 ] ] ] ] } },
{ "type": "Feature", "properties": { "name": "59150930", "population": 444, "population_density": 3925.7 }, "geometry": { "type": "MultiPolygon", "coordinates": [ [ [ [ -123.2090308, 49.2660227 ], [ -123.2090734, 49.2655803 ], [ -123.2120658, 49.2656207 ], [ -123.2120506, 49.2660807 ], [ -123.2120375, 49.2664802 ], [ -123.2120222, 49.2669078 ], [ -123.2120073, 49.2673242 ], [ -123.2119917, 49.267754 ], [ -123.2119759, 49.2681908 ], [ -123.2119613, 49.2686085 ], [ -123.2119455, 49.2690619 ], [ -123.2119242, 49.269643 ], [ -123.2119026, 49.2702325 ], [ -123.2092168, 49.2702064 ], [ -123.209067, 49.270219 ], [ -123.2089047, 49.2695705 ], [ -123.2089284, 49.2690172 ], [ -123.2089209, 49.2685598 ], [ -123.2089143, 49.2681558 ], [ -123.2089335, 49.2677226 ], [ -123.2089525, 49.267293 ], [ -123.2089719, 49.2668501 ], [ -123.2089892, 49.2664536 ], [ -123.2090308, 49.2660227 ] ] ] ] } },
{ "type": "Feature", "properties": { "name": "59150931", "population": 478, "population_density": 3027.2 }, "geometry": { "type": "MultiPolygon", "coordinates": [ [ [ [ -123.2032017, 49.2682728 ], [ -123.2030088, 49.2671906 ], [ -123.2041575, 49.2672067 ], [ -123.2059337, 49.2672329 ], [ -123.2059522, 49.2668112 ], [ -123.2059704, 49.2663962 ], [ -123.2089892, 49.2664536 ], [ -123.2089719, 49.2668501 ], [ -123.2089525, 49.267293 ], [ -123.2089335, 49.2677226 ], [ -123.2089143, 49.2681558 ], [ -123.2089209, 49.2685598 ], [ -123.2089284, 49.2690172 ], [ -123.2089047, 49.2695705 ], [ -123.209067, 49.270219 ], [ -123.2072173, 49.2701682 ], [ -123.2058584, 49.2701483 ], [ -123.2055795, 49.2701483 ], [ -123.2051329, 49.2701484 ], [ -123.204547, 49.2701402 ], [ -123.2040004, 49.2701326 ], [ -123.2040053, 49.2698922 ], [ -123.2039516, 49.2698026 ], [ -123.2038457, 49.2697368 ], [ -123.2027446, 49.2694957 ], [ -123.202764, 49.2692197 ], [ -123.2027522, 49.2691592 ], [ -123.20272, 49.2689934 ], [ -123.202662, 49.2689297 ], [ -123.2032017, 49.2682728 ] ] ] ] } },
{ "type": "Feature", "properties": { "name": "59150932", "population": 435, "population_density": 1239.0 }, "geometry": { "type": "MultiPolygon", "coordinates": [ [ [ [ -123.2155596, 49.2766518 ], [ -123.2137447, 49.2766916 ], [ -123.2134426, 49.2769893 ], [ -123.2136047, 49.2763228 ], [ -123.2135346, 49.2761348 ], [ -123.2133559, 49.2760265 ], [ -123.2118854, 49.2759211 ], [ -123.2116538, 49.2764524 ], [ -123.2116917, 49.2755893 ], [ -123.2111267, 49.2753386 ], [ -123.2091477, 49.2753871 ], [ -123.20544, 49.2758939 ], [ -123.2054812, 49.2754621 ], [ -123.205485, 49.2753568 ], [ -123.2057375, 49.2748224 ], [ -123.2056889, 49.274786 ], [ -123.2056659, 49.2745972 ], [ -123.2056925, 49.2735855 ], [ -123.2057247, 49.2729378 ], [ -123.2050919, 49.272608 ], [ -123.2034296, 49.2720345 ], [ -123.2028479, 49.271769 ], [ -123.2026848, 49.2716945 ], [ -123.2025282, 49.2715581 ], [ -123.2023616, 49.2713592 ], [ -123.2027591, 49.2712605 ], [ -123.2027218, 49.2710986 ], [ -123.202709, 49.2710431 ], [ -123.202714, 49.2706576 ], [ -123.2027209, 49.2701166 ], [ -123.2040004, 49.2701326 ], [ -123.204547, 49.2701402 ], [ -123.2051329, 49.2701484 ], [ -123.2055795, 49.2701483 ], [ -123.2058584, 49.2701483 ], [ -123.2072173, 49.2701682 ], [ -123.209067, 49.270219 ], [ -123.2088587, 49.2704502 ], [ -123.2088317, 49.2713547 ], [ -123.2088124, 49.2721324 ], [ -123.2088016, 49.2724637 ], [ -123.2087996, 49.2725267 ], [ -123.2087865, 49.2729288 ], [ -123.2118027, 49.2729689 ], [ -123.2117919, 49.2732055 ], [ -123.2117836, 49.2733855 ], [ -123.2117676, 49.2737363 ], [ -123.2117523, 49.2743322 ], [ -123.2117334, 49.2749216 ], [ -123.2136293, 49.2754515 ], [ -123.2143511, 49.2757036 ], [ -123.215247, 49.2760166 ], [ -123.2155517, 49.276092 ], [ -123.2162162, 49.276204 ], [ -123.2163338, 49.2762238 ], [ -123.2191307, 49.2763977 ], [ -123.2220224, 49.2770536 ], [ -123.2233454, 49.2773537 ], [ -123.2238657, 49.277386 ], [ -123.2238019, 49.277816 ], [ -123.2237683, 49.2780907 ], [ -123.2231812, 49.2780859 ], [ -123.2220273, 49.2782497 ], [ -123.2215864, 49.2780802 ], [ -123.2208584, 49.278009 ], [ -123.218807, 49.2775191 ], [ -123.2178178, 49.2774849 ], [ -123.2165811, 49.2775946 ], [ -123.2163731, 49.2775419 ], [ -123.2161779, 49.2769394 ], [ -123.2160412, 49.2767956 ], [ -123.2155596, 49.2766518 ] ] ] ] } },
{ "type": "Feature", "properties": { "name": "59150933", "population": 447, "population_density": 2895.1 }, "geometry": { "type": "MultiPolygon", "coordinates": [ [ [ [ -123.2088587, 49.2704502 ], [ -123.209067, 49.270219 ], [ -123.2092168, 49.2702064 ], [ -123.2119026, 49.2702325 ], [ -123.2149769, 49.2702633 ], [ -123.2149727, 49.2703829 ], [ -123.2149551, 49.270878 ], [ -123.2149353, 49.2714367 ], [ -123.214912, 49.2720208 ], [ -123.2149081, 49.2721197 ], [ -123.2148892, 49.2725938 ], [ -123.2148665, 49.2731721 ], [ -123.2148425, 49.2737842 ], [ -123.2139794, 49.2737744 ], [ -123.2131632, 49.2737651 ], [ -123.2117676, 49.2737363 ], [ -123.2117836, 49.2733855 ], [ -123.2117919, 49.2732055 ], [ -123.2118027, 49.2729689 ], [ -123.2087865, 49.2729288 ], [ -123.2087996, 49.2725267 ], [ -123.2088016, 49.2724637 ], [ -123.2088124, 49.2721324 ], [ -123.2088317, 49.2713547 ], [ -123.2088587, 49.2704502 ] ] ] ] } },
{ "type": "Feature", "properties": { "name": "59150934", "population": 402, "population_density": 659.3 }, "geometry": { "type": "MultiPolygon", "coordinates": [ [ [ [ -123.2117334, 49.2749216 ], [ -123.2117523, 49.2743322 ], [ -123.2117676, 49.2737363 ], [ -123.2131632, 49.2737651 ], [ -123.2139794, 49.2737744 ], [ -123.2148425, 49.2737842 ], [ -123.2148665, 49.2731721 ], [ -123.2148892, 49.2725938 ], [ -123.2149081, 49.2721197 ], [ -123.214912, 49.2720208 ], [ -123.2149353, 49.2714367 ], [ -123.2149551, 49.270878 ], [ -123.2149727, 49.2703829 ], [ -123.2149769, 49.2702633 ], [ -123.2149874, 49.2696909 ], [ -123.2149981, 49.2691101 ], [ -123.2150364, 49.2681968 ], [ -123.2150408, 49.2673683 ], [ -123.2170183, 49.2673815 ], [ -123.2186666, 49.2672889 ], [ -123.2195685, 49.2672383 ], [ -123.2195373, 49.2680112 ], [ -123.2195404, 49.268792 ], [ -123.2195405, 49.2688048 ], [ -123.2195988, 49.2689792 ], [ -123.220243, 49.2689112 ], [ -123.2215235, 49.268776 ], [ -123.2215571, 49.2687725 ], [ -123.2214866, 49.2705584 ], [ -123.222165, 49.2710734 ], [ -123.2239127, 49.2728648 ], [ -123.2239581, 49.2747609 ], [ -123.2239601, 49.274845 ], [ -123.2242208, 49.2765432 ], [ -123.2238657, 49.277386 ], [ -123.2233454, 49.2773537 ], [ -123.2220224, 49.2770536 ], [ -123.2191307, 49.2763977 ], [ -123.2163338, 49.2762238 ], [ -123.2162162, 49.276204 ], [ -123.2155517, 49.276092 ], [ -123.215247, 49.2760166 ], [ -123.2143511, 49.2757036 ], [ -123.2136293, 49.2754515 ], [ -123.2117334, 49.2749216 ] ] ] ] } },
{ "type": "Feature", "properties": { "name": "59150935", "population": 439, "population_density": 3864.4 }, "geometry": { "type": "MultiPolygon", "coordinates": [ [ [ [ -123.2120506, 49.2660807 ], [ -123.2120658, 49.2656207 ], [ -123.2151027, 49.265673 ], [ -123.2151012, 49.2657441 ], [ -123.2150869, 49.2661281 ], [ -123.2150716, 49.2665351 ], [ -123.2150567, 49.2669376 ], [ -123.2150408, 49.2673683 ], [ -123.2150364, 49.2681968 ], [ -123.2149981, 49.2691101 ], [ -123.2149874, 49.2696909 ], [ -123.2149769, 49.2702633 ], [ -123.2119026, 49.2702325 ], [ -123.2119242, 49.269643 ], [ -123.2119455, 49.2690619 ], [ -123.2119613, 49.2686085 ], [ -123.2119759, 49.2681908 ], [ -123.2119917, 49.267754 ], [ -123.2120073, 49.2673242 ], [ -123.2120222, 49.2669078 ], [ -123.2120375, 49.2664802 ], [ -123.2120506, 49.2660807 ] ] ] ] } },
{ "type": "Feature", "properties": { "name": "59150953", "population": 558, "population_density": 334.3 }, "geometry": { "type": "MultiPolygon", "coordinates": [ [ [ [ -123.177751, 49.2298056 ], [ -123.1758312, 49.2290808 ], [ -123.1758465, 49.2284921 ], [ -123.1758738, 49.227411 ], [ -123.1759274, 49.225401 ], [ -123.1759901, 49.2234227 ], [ -123.1729822, 49.2233872 ], [ -123.1708311, 49.2233632 ], [ -123.1697597, 49.2233512 ], [ -123.168807, 49.2233406 ], [ -123.168374, 49.2233518 ], [ -123.1683062, 49.2229523 ], [ -123.1682983, 49.2229057 ], [ -123.1683505, 49.2215078 ], [ -123.1683548, 49.2213939 ], [ -123.1682523, 49.2203071 ], [ -123.1679875, 49.2161527 ], [ -123.1680436, 49.2157501 ], [ -123.1682373, 49.2144601 ], [ -123.1701318, 49.214695 ], [ -123.1721877, 49.2149612 ], [ -123.1803549, 49.2156985 ], [ -123.191296, 49.2194397 ], [ -123.1913064, 49.2203809 ], [ -123.1913378, 49.2207011 ], [ -123.1913484, 49.2208134 ], [ -123.1910971, 49.2255545 ], [ -123.1910299, 49.2255512 ], [ -123.1904025, 49.2255206 ], [ -123.1855772, 49.2255074 ], [ -123.1854936, 49.2258673 ], [ -123.1854689, 49.2265017 ], [ -123.1854892, 49.2274795 ], [ -123.1821647, 49.2274558 ], [ -123.1821313, 49.2280434 ], [ -123.1821028, 49.2285441 ], [ -123.1820589, 49.2293122 ], [ -123.1820125, 49.230145 ], [ -123.1812377, 49.2301476 ], [ -123.1806745, 49.2301495 ], [ -123.1803333, 49.2301507 ], [ -123.1792283, 49.2301488 ], [ -123.1791809, 49.2301462 ], [ -123.1787057, 49.2301207 ], [ -123.1784641, 49.2300748 ], [ -123.177751, 49.2298056 ] ] ] ] } },
{ "type": "Feature", "properties": { "name": "59150954", "population": 434, "population_density": 994.5 }, "geometry": { "type": "MultiPolygon", "coordinates": [ [ [ [ -123.1687004, 49.2243467 ], [ -123.168374, 49.2233518 ], [ -123.168807, 49.2233406 ], [ -123.1697597, 49.2233512 ], [ -123.1708311, 49.2233632 ], [ -123.1729822, 49.2233872 ], [ -123.1759901, 49.2234227 ], [ -123.1759274, 49.225401 ], [ -123.1758738, 49.227411 ], [ -123.1758465, 49.2284921 ], [ -123.1758312, 49.2290808 ], [ -123.1758142, 49.2296833 ], [ -123.1758134, 49.2297126 ], [ -123.1758256, 49.2300256 ], [ -123.1758537, 49.2307423 ], [ -123.175846, 49.2310277 ], [ -123.173126, 49.2310132 ], [ -123.171592, 49.2310009 ], [ -123.1716117, 49.2293485 ], [ -123.1703114, 49.2293315 ], [ -123.1696833, 49.2293252 ], [ -123.1689299, 49.2293177 ], [ -123.1674469, 49.2293022 ], [ -123.1674308, 49.2273156 ], [ -123.1678524, 49.2266601 ], [ -123.1682442, 49.2260544 ], [ -123.1684162, 49.2257886 ], [ -123.1686694, 49.2254178 ], [ -123.1687819, 49.2250667 ], [ -123.1687847, 49.2250578 ], [ -123.1688, 49.2247844 ], [ -123.1687206, 49.2244355 ], [ -123.1687004, 49.2243467 ] ] ] ] } },
{ "type": "Feature", "properties": { "name": "59150955", "population": 577, "population_density": 3142.7 }, "geometry": { "type": "MultiPolygon", "coordinates": [ [ [ [ -123.1673947, 49.2343017 ], [ -123.167395, 49.2337524 ], [ -123.1674134, 49.2328881 ], [ -123.1674075, 49.232761 ], [ -123.1674185, 49.2319047 ], [ -123.1674256, 49.2310014 ], [ -123.1674469, 49.2293022 ], [ -123.1689299, 49.2293177 ], [ -123.1696833, 49.2293252 ], [ -123.1703114, 49.2293315 ], [ -123.1716117, 49.2293485 ], [ -123.171592, 49.2310009 ], [ -123.173126, 49.2310132 ], [ -123.1731036, 49.2314602 ], [ -123.173081, 49.23191 ], [ -123.1730751, 49.2323415 ], [ -123.1730692, 49.2327798 ], [ -123.170294, 49.2327701 ], [ -123.170286, 49.2337562 ], [ -123.1702695, 49.2342436 ], [ -123.1702534, 49.2347192 ], [ -123.1688499, 49.2347244 ], [ -123.168575, 49.2347254 ], [ -123.1673944, 49.2347297 ], [ -123.1673947, 49.2343017 ] ] ] ] } },
{ "type": "Feature", "properties": { "name": "59150956", "population": 580, "population_density": 4603.2 }, "geometry": { "type": "MultiPolygon", "coordinates": [ [ [ [ -123.1702695, 49.2342436 ], [ -123.170286, 49.2337562 ], [ -123.170294, 49.2327701 ], [ -123.1730692, 49.2327798 ], [ -123.1730751, 49.2323415 ], [ -123.173081, 49.23191 ], [ -123.1731036, 49.2314602 ], [ -123.173126, 49.2310132 ], [ -123.175846, 49.2310277 ], [ -123.1758425, 49.2311684 ], [ -123.1758347, 49.2314742 ], [ -123.1758237, 49.2319125 ], [ -123.1758121, 49.2323831 ], [ -123.1758062, 49.2326169 ], [ -123.175802, 49.2327884 ], [ -123.1757754, 49.2337668 ], [ -123.1757642, 49.2342899 ], [ -123.1757546, 49.2347409 ], [ -123.1730669, 49.2347344 ], [ -123.1702534, 49.2347192 ], [ -123.1702695, 49.2342436 ] ] ] ] } },
{ "type": "Feature", "properties": { "name": "59150957", "population": 440, "population_density": 2684.6 }, "geometry": { "type": "MultiPolygon", "coordinates": [ [ [ [ -123.1730355, 49.2380726 ], [ -123.1730515, 49.2375795 ], [ -123.1702555, 49.2375683 ], [ -123.1702576, 49.237095 ], [ -123.1702597, 49.2365974 ], [ -123.1702584, 49.2361955 ], [ -123.1702563, 49.2356018 ], [ -123.1702534, 49.2347192 ], [ -123.1730669, 49.2347344 ], [ -123.1757546, 49.2347409 ], [ -123.1767287, 49.2347511 ], [ -123.1767174, 49.2366306 ], [ -123.1758349, 49.2366255 ], [ -123.1758281, 49.2371226 ], [ -123.1758218, 49.2375854 ], [ -123.1758127, 49.238076 ], [ -123.1758036, 49.2385613 ], [ -123.1730201, 49.2385469 ], [ -123.1730355, 49.2380726 ] ] ] ] } },
{ "type": "Feature", "properties": { "name": "59150958", "population": 376, "population_density": 3904.5 }, "geometry": { "type": "MultiPolygon", "coordinates": [ [ [ [ -123.1758281, 49.2371226 ], [ -123.1758349, 49.2366255 ], [ -123.1767174, 49.2366306 ], [ -123.1767287, 49.2347511 ], [ -123.1772223, 49.2347535 ], [ -123.1776971, 49.2347558 ], [ -123.1787147, 49.2347607 ], [ -123.1787103, 49.2352651 ], [ -123.1787067, 49.2356829 ], [ -123.178698, 49.2361954 ], [ -123.1786945, 49.236404 ], [ -123.1786901, 49.2366336 ], [ -123.1786879, 49.2368515 ], [ -123.1786855, 49.2370191 ], [ -123.1786811, 49.2373159 ], [ -123.1786762, 49.2376529 ], [ -123.178668, 49.2380895 ], [ -123.1786592, 49.2385649 ], [ -123.1786615, 49.2390343 ], [ -123.1786639, 49.2395045 ], [ -123.1780022, 49.2394969 ], [ -123.1771464, 49.2394871 ], [ -123.1757785, 49.2394713 ], [ -123.1757904, 49.2390385 ], [ -123.1757942, 49.2389013 ], [ -123.1758036, 49.2385613 ], [ -123.1758127, 49.238076 ], [ -123.1758218, 49.2375854 ], [ -123.1758281, 49.2371226 ] ] ] ] } },
{ "type": "Feature", "properties": { "name": "59150959", "population": 503, "population_density": 3954.4 }, "geometry": { "type": "MultiPolygon", "coordinates": [ [ [ [ -123.1702465, 49.2408731 ], [ -123.1702484, 49.2404325 ], [ -123.1702457, 49.2399465 ], [ -123.170243, 49.2394613 ], [ -123.1702514, 49.2387785 ], [ -123.1702544, 49.2385321 ], [ -123.170255, 49.2380485 ], [ -123.1702555, 49.2375683 ], [ -123.1730515, 49.2375795 ], [ -123.1730355, 49.2380726 ], [ -123.1730201, 49.2385469 ], [ -123.1758036, 49.2385613 ], [ -123.1757942, 49.2389013 ], [ -123.1757904, 49.2390385 ], [ -123.1757785, 49.2394713 ], [ -123.1730025, 49.2394661 ], [ -123.1730024, 49.2399694 ], [ -123.1730024, 49.240438 ], [ -123.1729993, 49.2409409 ], [ -123.1729966, 49.2413666 ], [ -123.1729995, 49.2418764 ], [ -123.1730022, 49.2423341 ], [ -123.1702188, 49.2423359 ], [ -123.1702316, 49.2418449 ], [ -123.1702444, 49.2413529 ], [ -123.1702465, 49.2408731 ] ] ] ] } },
{ "type": "Feature", "properties": { "name": "59150960", "population": 446, "population_density": 3391.6 }, "geometry": { "type": "MultiPolygon", "coordinates": [ [ [ [ -123.1730024, 49.2399694 ], [ -123.1730025, 49.2394661 ], [ -123.1757785, 49.2394713 ], [ -123.1771464, 49.2394871 ], [ -123.1780022, 49.2394969 ], [ -123.1786639, 49.2395045 ], [ -123.1786603, 49.2399878 ], [ -123.1786569, 49.2404555 ], [ -123.1786507, 49.2409506 ], [ -123.1786452, 49.2413929 ], [ -123.1786456, 49.2423585 ], [ -123.1779577, 49.2423578 ], [ -123.1769758, 49.2423568 ], [ -123.1757485, 49.2423556 ], [ -123.1730022, 49.2423341 ], [ -123.1729995, 49.2418764 ], [ -123.1729966, 49.2413666 ], [ -123.1729993, 49.2409409 ], [ -123.1730024, 49.240438 ], [ -123.1730024, 49.2399694 ] ] ] ] } },
{ "type": "Feature", "properties": { "name": "59150961", "population": 480, "population_density": 2779.4 }, "geometry": { "type": "MultiPolygon", "coordinates": [ [ [ [ -123.1730018, 49.2428119 ], [ -123.1730022, 49.2423341 ], [ -123.1757485, 49.2423556 ], [ -123.1769758, 49.2423568 ], [ -123.1779577, 49.2423578 ], [ -123.1786456, 49.2423585 ], [ -123.178667, 49.2432931 ], [ -123.1786291, 49.2442559 ], [ -123.1786092, 49.245193 ], [ -123.1785961, 49.2461538 ], [ -123.1778903, 49.2461471 ], [ -123.1767512, 49.2461362 ], [ -123.1757319, 49.2461265 ], [ -123.1729722, 49.2461191 ], [ -123.1729793, 49.245664 ], [ -123.1729869, 49.2451791 ], [ -123.1729904, 49.2447192 ], [ -123.172994, 49.2442281 ], [ -123.1729976, 49.2437655 ], [ -123.1730014, 49.2432717 ], [ -123.1730018, 49.2428119 ] ] ] ] } },
{ "type": "Feature", "properties": { "name": "59150962", "population": 465, "population_density": 3843.0 }, "geometry": { "type": "MultiPolygon", "coordinates": [ [ [ [ -123.1679206, 49.2451651 ], [ -123.167911, 49.2446901 ], [ -123.1679012, 49.2442008 ], [ -123.170198, 49.2442089 ], [ -123.1702031, 49.2437426 ], [ -123.1702086, 49.2432463 ], [ -123.1702134, 49.2428162 ], [ -123.1702188, 49.2423359 ], [ -123.1730022, 49.2423341 ], [ -123.1730018, 49.2428119 ], [ -123.1730014, 49.2432717 ], [ -123.1729976, 49.2437655 ], [ -123.172994, 49.2442281 ], [ -123.1729904, 49.2447192 ], [ -123.1729869, 49.2451791 ], [ -123.1729793, 49.245664 ], [ -123.1729722, 49.2461191 ], [ -123.1709639, 49.2461234 ], [ -123.1702075, 49.246125 ], [ -123.1678973, 49.2461094 ], [ -123.1679088, 49.2456442 ], [ -123.1679206, 49.2451651 ] ] ] ] } },
{ "type": "Feature", "properties": { "name": "59150963", "population": 446, "population_density": 4259.8 }, "geometry": { "type": "MultiPolygon", "coordinates": [ [ [ [ -123.1707607, 49.2480202 ], [ -123.1705851, 49.2480399 ], [ -123.1704763, 49.2480911 ], [ -123.1702026, 49.2479398 ], [ -123.1694567, 49.2475279 ], [ -123.1691305, 49.2473478 ], [ -123.1687805, 49.2470522 ], [ -123.1683467, 49.2465891 ], [ -123.1678973, 49.2461094 ], [ -123.1702075, 49.246125 ], [ -123.1709639, 49.2461234 ], [ -123.1729722, 49.2461191 ], [ -123.1757319, 49.2461265 ], [ -123.175733, 49.2466308 ], [ -123.1757339, 49.2470859 ], [ -123.1757313, 49.2475755 ], [ -123.1757289, 49.2480261 ], [ -123.1729374, 49.2480205 ], [ -123.1707607, 49.2480202 ] ] ] ] } },
{ "type": "Feature", "properties": { "name": "59150964", "population": 598, "population_density": 3895.8 }, "geometry": { "type": "MultiPolygon", "coordinates": [ [ [ [ -123.1710305, 49.2499026 ], [ -123.1698732, 49.2492877 ], [ -123.1704908, 49.249993 ], [ -123.1701569, 49.2501076 ], [ -123.1696295, 49.2500866 ], [ -123.1678318, 49.2500628 ], [ -123.1652844, 49.2500616 ], [ -123.1653034, 49.2495779 ], [ -123.1653215, 49.2491159 ], [ -123.1653376, 49.2486606 ], [ -123.1653555, 49.2481549 ], [ -123.1653571, 49.2480669 ], [ -123.1653585, 49.2479937 ], [ -123.1653707, 49.2475182 ], [ -123.1653711, 49.2475002 ], [ -123.1653824, 49.2470621 ], [ -123.1654069, 49.2466454 ], [ -123.1654165, 49.246482 ], [ -123.1651573, 49.2457866 ], [ -123.1660453, 49.2461472 ], [ -123.1661852, 49.246105 ], [ -123.1678973, 49.2461094 ], [ -123.1683467, 49.2465891 ], [ -123.1687805, 49.2470522 ], [ -123.1691305, 49.2473478 ], [ -123.1694567, 49.2475279 ], [ -123.1702026, 49.2479398 ], [ -123.1704763, 49.2480911 ], [ -123.1708895, 49.2484082 ], [ -123.171355, 49.2490043 ], [ -123.1716757, 49.2494149 ], [ -123.1720666, 49.2499154 ], [ -123.1722193, 49.250113 ], [ -123.1716967, 49.2500804 ], [ -123.1713404, 49.2499999 ], [ -123.1710305, 49.2499026 ] ] ] ] } },
{ "type": "Feature", "properties": { "name": "59150965", "population": 415, "population_density": 4621.4 }, "geometry": { "type": "MultiPolygon", "coordinates": [ [ [ [ -123.1652681, 49.2505225 ], [ -123.1652844, 49.2500616 ], [ -123.1678318, 49.2500628 ], [ -123.1696295, 49.2500866 ], [ -123.1701569, 49.2501076 ], [ -123.1704908, 49.249993 ], [ -123.1706381, 49.2501606 ], [ -123.1708593, 49.2504125 ], [ -123.171008, 49.2505825 ], [ -123.1713755, 49.2510025 ], [ -123.1717629, 49.251445 ], [ -123.1718775, 49.2515759 ], [ -123.1722832, 49.2519045 ], [ -123.1718491, 49.2519004 ], [ -123.1701282, 49.251884 ], [ -123.1678093, 49.2518952 ], [ -123.1652638, 49.251859 ], [ -123.1652583, 49.2514407 ], [ -123.1652522, 49.2509705 ], [ -123.1652681, 49.2505225 ] ] ] ] } },
{ "type": "Feature", "properties": { "name": "59150966", "population": 510, "population_density": 4713.5 }, "geometry": { "type": "MultiPolygon", "coordinates": [ [ [ [ -123.1652455, 49.2523405 ], [ -123.1652638, 49.251859 ], [ -123.1678093, 49.2518952 ], [ -123.1701282, 49.251884 ], [ -123.1701393, 49.2523513 ], [ -123.1701502, 49.2528069 ], [ -123.1701308, 49.2532595 ], [ -123.1701116, 49.2537102 ], [ -123.1701044, 49.2546171 ], [ -123.1677741, 49.25461 ], [ -123.1658815, 49.2545844 ], [ -123.1651625, 49.2545747 ], [ -123.1651966, 49.2536794 ], [ -123.1652126, 49.2532309 ], [ -123.1652295, 49.2527588 ], [ -123.1652455, 49.2523405 ] ] ] ] } },
{ "type": "Feature", "properties": { "name": "59150967", "population": 588, "population_density": 4586.6 }, "geometry": { "type": "MultiPolygon", "coordinates": [ [ [ [ -123.1651288, 49.2554862 ], [ -123.1651625, 49.2545747 ], [ -123.1658815, 49.2545844 ], [ -123.1677741, 49.25461 ], [ -123.1701044, 49.2546171 ], [ -123.1700997, 49.2550588 ], [ -123.1700948, 49.2555175 ], [ -123.1700863, 49.2564451 ], [ -123.1700822, 49.2569629 ], [ -123.170149, 49.2571069 ], [ -123.1703898, 49.2576176 ], [ -123.1704233, 49.2576945 ], [ -123.1704621, 49.2577835 ], [ -123.1683683, 49.2577466 ], [ -123.1675107, 49.2577344 ], [ -123.166495, 49.2577199 ], [ -123.1654912, 49.2576917 ], [ -123.1649266, 49.257649 ], [ -123.164925, 49.2575165 ], [ -123.1650041, 49.257234 ], [ -123.165057, 49.2570426 ], [ -123.1650614, 49.2569647 ], [ -123.1650937, 49.2563969 ], [ -123.1651288, 49.2554862 ] ] ] ] } },
{ "type": "Feature", "properties": { "name": "59150968", "population": 516, "population_density": 2421.4 }, "geometry": { "type": "MultiPolygon", "coordinates": [ [ [ [ -123.1701079, 49.2541772 ], [ -123.1701116, 49.2537102 ], [ -123.1728858, 49.2537127 ], [ -123.1744721, 49.2537137 ], [ -123.175005, 49.2541642 ], [ -123.1750429, 49.2541962 ], [ -123.1750769, 49.254225 ], [ -123.1753996, 49.2546324 ], [ -123.1757768, 49.255104 ], [ -123.1761297, 49.255545 ], [ -123.1762279, 49.2556692 ], [ -123.178221, 49.2571796 ], [ -123.1781567, 49.2572887 ], [ -123.1781335, 49.2574541 ], [ -123.1780937, 49.2577374 ], [ -123.1780924, 49.2578086 ], [ -123.1780908, 49.2578977 ], [ -123.1761628, 49.2578687 ], [ -123.176149, 49.2578685 ], [ -123.1748668, 49.2578464 ], [ -123.1742775, 49.2578361 ], [ -123.1742225, 49.2578352 ], [ -123.1730009, 49.2578207 ], [ -123.1722762, 49.2578121 ], [ -123.1704621, 49.2577835 ], [ -123.1704233, 49.2576945 ], [ -123.1703898, 49.2576176 ], [ -123.170149, 49.2571069 ], [ -123.1700822, 49.2569629 ], [ -123.1700863, 49.2564451 ], [ -123.1700948, 49.2555175 ], [ -123.1700997, 49.2550588 ], [ -123.1701044, 49.2546171 ], [ -123.1701079, 49.2541772 ] ] ] ] } },
{ "type": "Feature", "properties": { "name": "59150969", "population": 573, "population_density": 3730.5 }, "geometry": { "type": "MultiPolygon", "coordinates": [ [ [ [ -123.1701393, 49.2523513 ], [ -123.1701282, 49.251884 ], [ -123.1718491, 49.2519004 ], [ -123.1722832, 49.2519045 ], [ -123.1731883, 49.252084 ], [ -123.1736434, 49.2522507 ], [ -123.1752196, 49.2528281 ], [ -123.1755365, 49.2528331 ], [ -123.1756587, 49.2528351 ], [ -123.1763529, 49.2528348 ], [ -123.1770885, 49.2528345 ], [ -123.1778992, 49.2528341 ], [ -123.1780764, 49.252834 ], [ -123.1785704, 49.2528338 ], [ -123.1785583, 49.2537324 ], [ -123.1785496, 49.2546446 ], [ -123.1785305, 49.2562005 ], [ -123.178549, 49.2565964 ], [ -123.1784439, 49.2567832 ], [ -123.178221, 49.2571796 ], [ -123.1762279, 49.2556692 ], [ -123.1761297, 49.255545 ], [ -123.1757768, 49.255104 ], [ -123.1753996, 49.2546324 ], [ -123.1750769, 49.254225 ], [ -123.1750429, 49.2541962 ], [ -123.175005, 49.2541642 ], [ -123.1744721, 49.2537137 ], [ -123.1728858, 49.2537127 ], [ -123.1701116, 49.2537102 ], [ -123.1701308, 49.2532595 ], [ -123.1701502, 49.2528069 ], [ -123.1701393, 49.2523513 ] ] ] ] } },
{ "type": "Feature", "properties": { "name": "59150970", "population": 517, "population_density": 3628.1 }, "geometry": { "type": "MultiPolygon", "coordinates": [ [ [ [ -123.1704908, 49.249993 ], [ -123.1698732, 49.2492877 ], [ -123.1710305, 49.2499026 ], [ -123.1713404, 49.2499999 ], [ -123.1716967, 49.2500804 ], [ -123.1722193, 49.250113 ], [ -123.172233, 49.250113 ], [ -123.1728866, 49.2501124 ], [ -123.1756776, 49.25011 ], [ -123.1765146, 49.2501156 ], [ -123.1779444, 49.2501251 ], [ -123.1781217, 49.2501262 ], [ -123.1786318, 49.2501296 ], [ -123.1786102, 49.2506038 ], [ -123.1785909, 49.2510293 ], [ -123.1785818, 49.2519243 ], [ -123.1785704, 49.2528338 ], [ -123.1780764, 49.252834 ], [ -123.1778992, 49.2528341 ], [ -123.1770885, 49.2528345 ], [ -123.1763529, 49.2528348 ], [ -123.1756587, 49.2528351 ], [ -123.1755365, 49.2528331 ], [ -123.1752196, 49.2528281 ], [ -123.1736434, 49.2522507 ], [ -123.1731883, 49.252084 ], [ -123.1722832, 49.2519045 ], [ -123.1718775, 49.2515759 ], [ -123.1717629, 49.251445 ], [ -123.1713755, 49.2510025 ], [ -123.171008, 49.2505825 ], [ -123.1708593, 49.2504125 ], [ -123.1706381, 49.2501606 ], [ -123.1704908, 49.249993 ] ] ] ] } },
{ "type": "Feature", "properties": { "name": "59150971", "population": 512, "population_density": 3088.1 }, "geometry": { "type": "MultiPolygon", "coordinates": [ [ [ [ -123.1720666, 49.2499154 ], [ -123.1716757, 49.2494149 ], [ -123.171355, 49.2490043 ], [ -123.1708895, 49.2484082 ], [ -123.1704763, 49.2480911 ], [ -123.1705851, 49.2480399 ], [ -123.1707607, 49.2480202 ], [ -123.1729374, 49.2480205 ], [ -123.1757289, 49.2480261 ], [ -123.1757313, 49.2475755 ], [ -123.1757339, 49.2470859 ], [ -123.175733, 49.2466308 ], [ -123.1757319, 49.2461265 ], [ -123.1767512, 49.2461362 ], [ -123.1778903, 49.2461471 ], [ -123.1785961, 49.2461538 ], [ -123.1785845, 49.2470686 ], [ -123.1785977, 49.2476068 ], [ -123.1786082, 49.2480339 ], [ -123.1785925, 49.2485245 ], [ -123.1785776, 49.2489888 ], [ -123.1786077, 49.2494773 ], [ -123.1786363, 49.2499424 ], [ -123.1786338, 49.2500454 ], [ -123.1786318, 49.2501296 ], [ -123.1781217, 49.2501262 ], [ -123.1779444, 49.2501251 ], [ -123.1765146, 49.2501156 ], [ -123.1756776, 49.25011 ], [ -123.1728866, 49.2501124 ], [ -123.172233, 49.250113 ], [ -123.1722193, 49.250113 ], [ -123.1720666, 49.2499154 ] ] ] ] } },
{ "type": "Feature", "properties": { "name": "59150972", "population": 679, "population_density": 5003.7 }, "geometry": { "type": "MultiPolygon", "coordinates": [ [ [ [ -123.1785305, 49.2562005 ], [ -123.1785496, 49.2546446 ], [ -123.1792061, 49.2546437 ], [ -123.1792174, 49.2551078 ], [ -123.1792285, 49.2555631 ], [ -123.1818421, 49.2555656 ], [ -123.1851356, 49.2555678 ], [ -123.1851286, 49.2564765 ], [ -123.185126, 49.2573564 ], [ -123.1851214, 49.2578399 ], [ -123.1851139, 49.2580091 ], [ -123.1840135, 49.2579894 ], [ -123.1820701, 49.2579639 ], [ -123.1817858, 49.2579598 ], [ -123.1806966, 49.2579441 ], [ -123.179991, 49.2579339 ], [ -123.1781046, 49.257898 ], [ -123.1780908, 49.2578977 ], [ -123.1780924, 49.2578086 ], [ -123.1780937, 49.2577374 ], [ -123.1781335, 49.2574541 ], [ -123.1781567, 49.2572887 ], [ -123.178221, 49.2571796 ], [ -123.1784439, 49.2567832 ], [ -123.178549, 49.2565964 ], [ -123.1785305, 49.2562005 ] ] ] ] } },
{ "type": "Feature", "properties": { "name": "59150973", "population": 641, "population_density": 5432.2 }, "geometry": { "type": "MultiPolygon", "coordinates": [ [ [ [ -123.178067, 49.2583848 ], [ -123.1780908, 49.2578977 ], [ -123.1781046, 49.257898 ], [ -123.179991, 49.2579339 ], [ -123.1806966, 49.2579441 ], [ -123.1817858, 49.2579598 ], [ -123.1820701, 49.2579639 ], [ -123.1820533, 49.2584227 ], [ -123.182037, 49.25887 ], [ -123.1820218, 49.2593406 ], [ -123.1820075, 49.2597853 ], [ -123.1819925, 49.2602308 ], [ -123.1819767, 49.2606996 ], [ -123.1819678, 49.261139 ], [ -123.1819582, 49.2616151 ], [ -123.1807065, 49.2615924 ], [ -123.1799247, 49.2615782 ], [ -123.1779193, 49.2615294 ], [ -123.1779419, 49.2610647 ], [ -123.1779629, 49.2606325 ], [ -123.1779842, 49.2601655 ], [ -123.1780045, 49.259723 ], [ -123.1780254, 49.2592657 ], [ -123.1780462, 49.2588107 ], [ -123.178067, 49.2583848 ] ] ] ] } },
{ "type": "Feature", "properties": { "name": "59150974", "population": 520, "population_density": 4395.6 }, "geometry": { "type": "MultiPolygon", "coordinates": [ [ [ [ -123.1820533, 49.2584227 ], [ -123.1820701, 49.2579639 ], [ -123.1840135, 49.2579894 ], [ -123.1851139, 49.2580091 ], [ -123.1860912, 49.2580211 ], [ -123.186073, 49.2584976 ], [ -123.1860565, 49.2589317 ], [ -123.1860381, 49.2594152 ], [ -123.1860216, 49.2598468 ], [ -123.1860039, 49.2602876 ], [ -123.1859864, 49.2607223 ], [ -123.1859908, 49.2608099 ], [ -123.1859442, 49.2613893 ], [ -123.1859308, 49.2615629 ], [ -123.1859152, 49.2616688 ], [ -123.1839256, 49.2616332 ], [ -123.1819582, 49.2616151 ], [ -123.1819678, 49.261139 ], [ -123.1819767, 49.2606996 ], [ -123.1819925, 49.2602308 ], [ -123.1820075, 49.2597853 ], [ -123.1820218, 49.2593406 ], [ -123.182037, 49.25887 ], [ -123.1820533, 49.2584227 ] ] ] ] } },
{ "type": "Feature", "properties": { "name": "59150975", "population": 691, "population_density": 7906.2 }, "geometry": { "type": "MultiPolygon", "coordinates": [ [ [ [ -123.1819374, 49.2620466 ], [ -123.1819582, 49.2616151 ], [ -123.1839256, 49.2616332 ], [ -123.1859152, 49.2616688 ], [ -123.1859181, 49.2621136 ], [ -123.185921, 49.2625472 ], [ -123.1859101, 49.263004 ], [ -123.1859074, 49.2631186 ], [ -123.1858987, 49.2634815 ], [ -123.1858886, 49.2639397 ], [ -123.1858791, 49.26437 ], [ -123.1837849, 49.2643361 ], [ -123.1818567, 49.2643038 ], [ -123.1818701, 49.2638741 ], [ -123.1818842, 49.2634209 ], [ -123.1819162, 49.2624877 ], [ -123.1819374, 49.2620466 ] ] ] ] } },
{ "type": "Feature", "properties": { "name": "59150976", "population": 621, "population_density": 4529.5 }, "geometry": { "type": "MultiPolygon", "coordinates": [ [ [ [ -123.186073, 49.2584976 ], [ -123.1860912, 49.2580211 ], [ -123.1880079, 49.2580332 ], [ -123.1879903, 49.2585301 ], [ -123.1879751, 49.2589601 ], [ -123.1879583, 49.2594385 ], [ -123.187957, 49.2594765 ], [ -123.187943, 49.2598753 ], [ -123.1909964, 49.2599233 ], [ -123.1909786, 49.2603599 ], [ -123.1909594, 49.2608293 ], [ -123.1908902, 49.2617444 ], [ -123.1908843, 49.2621772 ], [ -123.1908782, 49.2626241 ], [ -123.1878479, 49.2625776 ], [ -123.185921, 49.2625472 ], [ -123.1859181, 49.2621136 ], [ -123.1859152, 49.2616688 ], [ -123.1859308, 49.2615629 ], [ -123.1859442, 49.2613893 ], [ -123.1859908, 49.2608099 ], [ -123.1859864, 49.2607223 ], [ -123.1860039, 49.2602876 ], [ -123.1860216, 49.2598468 ], [ -123.1860381, 49.2594152 ], [ -123.1860565, 49.2589317 ], [ -123.186073, 49.2584976 ] ] ] ] } },
{ "type": "Feature", "properties": { "name": "59150977", "population": 796, "population_density": 6109.0 }, "geometry": { "type": "MultiPolygon", "coordinates": [ [ [ [ -123.1859101, 49.263004 ], [ -123.185921, 49.2625472 ], [ -123.1878479, 49.2625776 ], [ -123.1908782, 49.2626241 ], [ -123.1908602, 49.2630858 ], [ -123.1908587, 49.2631245 ], [ -123.190841, 49.2635788 ], [ -123.1908955, 49.2636982 ], [ -123.1911184, 49.2638742 ], [ -123.1916495, 49.2640666 ], [ -123.192624, 49.2644196 ], [ -123.1932227, 49.2646739 ], [ -123.1933654, 49.2648118 ], [ -123.1934142, 49.2650959 ], [ -123.1933597, 49.2652701 ], [ -123.193273, 49.2653174 ], [ -123.1931632, 49.2653388 ], [ -123.1917031, 49.2653185 ], [ -123.1911509, 49.2653108 ], [ -123.1877331, 49.2652632 ], [ -123.1858287, 49.2652469 ], [ -123.1858521, 49.2648394 ], [ -123.1858791, 49.26437 ], [ -123.1858886, 49.2639397 ], [ -123.1858987, 49.2634815 ], [ -123.1859074, 49.2631186 ], [ -123.1859101, 49.263004 ] ] ] ] } },
{ "type": "Feature", "properties": { "name": "59150978", "population": 410, "population_density": 3723.9 }, "geometry": { "type": "MultiPolygon", "coordinates": [ [ [ [ -123.1651573, 49.2457866 ], [ -123.165486, 49.2447814 ], [ -123.1654927, 49.244676 ], [ -123.1655245, 49.2441744 ], [ -123.1655415, 49.2437226 ], [ -123.16556, 49.2432332 ], [ -123.1655735, 49.2428049 ], [ -123.1655896, 49.2422981 ], [ -123.1679463, 49.2422906 ], [ -123.1702188, 49.2423359 ], [ -123.1702134, 49.2428162 ], [ -123.1702086, 49.2432463 ], [ -123.1702031, 49.2437426 ], [ -123.170198, 49.2442089 ], [ -123.1679012, 49.2442008 ], [ -123.167911, 49.2446901 ], [ -123.1679206, 49.2451651 ], [ -123.1679088, 49.2456442 ], [ -123.1678973, 49.2461094 ], [ -123.1661852, 49.246105 ], [ -123.1660453, 49.2461472 ], [ -123.1651573, 49.2457866 ] ] ] ] } },
{ "type": "Feature", "properties": { "name": "59150979", "population": 453, "population_density": 2894.6 }, "geometry": { "type": "MultiPolygon", "coordinates": [ [ [ [ -123.1597037, 49.2407983 ], [ -123.1597218, 49.2403089 ], [ -123.1625402, 49.2403624 ], [ -123.1625083, 49.2408486 ], [ -123.1624786, 49.241302 ], [ -123.1656279, 49.2413344 ], [ -123.1656088, 49.2418154 ], [ -123.1655896, 49.2422981 ], [ -123.1655735, 49.2428049 ], [ -123.16556, 49.2432332 ], [ -123.1655415, 49.2437226 ], [ -123.1655245, 49.2441744 ], [ -123.1654927, 49.244676 ], [ -123.165486, 49.2447814 ], [ -123.1651573, 49.2457866 ], [ -123.1640359, 49.2453312 ], [ -123.1635838, 49.2451476 ], [ -123.1633775, 49.2450178 ], [ -123.1630733, 49.2447378 ], [ -123.1628662, 49.2443017 ], [ -123.1627995, 49.2441613 ], [ -123.1626357, 49.2441228 ], [ -123.1622154, 49.2438775 ], [ -123.1616252, 49.2434494 ], [ -123.16028, 49.2424737 ], [ -123.1601726, 49.2423673 ], [ -123.1601382, 49.2422105 ], [ -123.1596512, 49.242204 ], [ -123.1596685, 49.2417432 ], [ -123.159686, 49.2412754 ], [ -123.1597037, 49.2407983 ] ] ] ] } },
{ "type": "Feature", "properties": { "name": "59150980", "population": 498, "population_density": 3539.4 }, "geometry": { "type": "MultiPolygon", "coordinates": [ [ [ [ -123.1657238, 49.2387373 ], [ -123.1657337, 49.2384773 ], [ -123.1680693, 49.2385197 ], [ -123.1702544, 49.2385321 ], [ -123.1702514, 49.2387785 ], [ -123.170243, 49.2394613 ], [ -123.1702457, 49.2399465 ], [ -123.1702484, 49.2404325 ], [ -123.1702465, 49.2408731 ], [ -123.1702444, 49.2413529 ], [ -123.1702316, 49.2418449 ], [ -123.1702188, 49.2423359 ], [ -123.1679463, 49.2422906 ], [ -123.1655896, 49.2422981 ], [ -123.1656088, 49.2418154 ], [ -123.1656279, 49.2413344 ], [ -123.1656435, 49.2409065 ], [ -123.1656627, 49.2403814 ], [ -123.1656793, 49.2399259 ], [ -123.1656969, 49.2394401 ], [ -123.1657148, 49.2389721 ], [ -123.1657238, 49.2387373 ] ] ] ] } },
{ "type": "Feature", "properties": { "name": "59150981", "population": 396, "population_density": 2769.2 }, "geometry": { "type": "MultiPolygon", "coordinates": [ [ [ [ -123.1583874, 49.2385569 ], [ -123.1583963, 49.2383437 ], [ -123.1597924, 49.2383697 ], [ -123.1612188, 49.2383955 ], [ -123.1626067, 49.2384203 ], [ -123.1640536, 49.2384476 ], [ -123.1657337, 49.2384773 ], [ -123.1657238, 49.2387373 ], [ -123.1657148, 49.2389721 ], [ -123.1656969, 49.2394401 ], [ -123.1656793, 49.2399259 ], [ -123.1656627, 49.2403814 ], [ -123.1656435, 49.2409065 ], [ -123.1656279, 49.2413344 ], [ -123.1624786, 49.241302 ], [ -123.1625083, 49.2408486 ], [ -123.1625402, 49.2403624 ], [ -123.1597218, 49.2403089 ], [ -123.1577186, 49.240285 ], [ -123.1579171, 49.2397995 ], [ -123.1581256, 49.2392895 ], [ -123.1582857, 49.2388416 ], [ -123.1583471, 49.2386698 ], [ -123.1583874, 49.2385569 ] ] ] ] } },
{ "type": "Feature", "properties": { "name": "59150982", "population": 609, "population_density": 4445.3 }, "geometry": { "type": "MultiPolygon", "coordinates": [ [ [ [ -123.1657949, 49.2365747 ], [ -123.1658321, 49.2347292 ], [ -123.1673944, 49.2347297 ], [ -123.168575, 49.2347254 ], [ -123.1688499, 49.2347244 ], [ -123.1702534, 49.2347192 ], [ -123.1702563, 49.2356018 ], [ -123.1702584, 49.2361955 ], [ -123.1702597, 49.2365974 ], [ -123.1702576, 49.237095 ], [ -123.1702555, 49.2375683 ], [ -123.170255, 49.2380485 ], [ -123.1702544, 49.2385321 ], [ -123.1680693, 49.2385197 ], [ -123.1657337, 49.2384773 ], [ -123.1657498, 49.2380275 ], [ -123.1657669, 49.2375504 ], [ -123.1657801, 49.2370919 ], [ -123.1657949, 49.2365747 ] ] ] ] } },
{ "type": "Feature", "properties": { "name": "59150983", "population": 604, "population_density": 527.6 }, "geometry": { "type": "MultiPolygon", "coordinates": [ [ [ [ -123.1511917, 49.2166135 ], [ -123.1512191, 49.2160917 ], [ -123.1512339, 49.2155873 ], [ -123.1512342, 49.2155772 ], [ -123.1512479, 49.2151079 ], [ -123.1539137, 49.215136 ], [ -123.1540575, 49.2151376 ], [ -123.1544228, 49.2151414 ], [ -123.1554583, 49.2145756 ], [ -123.1548666, 49.2136085 ], [ -123.155225, 49.2108946 ], [ -123.1554082, 49.2100856 ], [ -123.1556237, 49.2095449 ], [ -123.1569248, 49.2104783 ], [ -123.1635435, 49.2135876 ], [ -123.1682373, 49.2144601 ], [ -123.1680436, 49.2157501 ], [ -123.1679875, 49.2161527 ], [ -123.1682523, 49.2203071 ], [ -123.1683548, 49.2213939 ], [ -123.1683505, 49.2215078 ], [ -123.1682983, 49.2229057 ], [ -123.1683062, 49.2229523 ], [ -123.168374, 49.2233518 ], [ -123.1687004, 49.2243467 ], [ -123.1687206, 49.2244355 ], [ -123.1688, 49.2247844 ], [ -123.1687847, 49.2250578 ], [ -123.1687819, 49.2250667 ], [ -123.1686694, 49.2254178 ], [ -123.1684162, 49.2257886 ], [ -123.1680908, 49.2256323 ], [ -123.1675759, 49.2255008 ], [ -123.1664406, 49.2253232 ], [ -123.1661629, 49.225256 ], [ -123.1660023, 49.2252171 ], [ -123.1656079, 49.2250446 ], [ -123.163984, 49.2242155 ], [ -123.1627626, 49.2230664 ], [ -123.1624596, 49.222881 ], [ -123.1615958, 49.2225295 ], [ -123.1613329, 49.2224523 ], [ -123.1608332, 49.2224094 ], [ -123.1603796, 49.2224416 ], [ -123.1599462, 49.2223915 ], [ -123.1596791, 49.222316 ], [ -123.1591993, 49.2221052 ], [ -123.1589252, 49.2219628 ], [ -123.1588061, 49.2218903 ], [ -123.1586685, 49.221739 ], [ -123.1585576, 49.2214883 ], [ -123.1585426, 49.2195351 ], [ -123.1580378, 49.2195983 ], [ -123.1573746, 49.2195805 ], [ -123.1564621, 49.2195559 ], [ -123.154515, 49.2195711 ], [ -123.1529496, 49.2195397 ], [ -123.152452, 49.2195302 ], [ -123.1517985, 49.2195083 ], [ -123.1510632, 49.2194836 ], [ -123.1510791, 49.2191139 ], [ -123.1511621, 49.2171784 ], [ -123.1511917, 49.2166135 ] ] ] ] } },
{ "type": "Feature", "properties": { "name": "59150984", "population": 499, "population_density": 2272.3 }, "geometry": { "type": "MultiPolygon", "coordinates": [ [ [ [ -123.1551043, 49.2271577 ], [ -123.1552124, 49.2249897 ], [ -123.1552423, 49.2243955 ], [ -123.15526, 49.2240445 ], [ -123.1553204, 49.222846 ], [ -123.1551536, 49.2224993 ], [ -123.1549772, 49.2223541 ], [ -123.1546104, 49.222158 ], [ -123.154445, 49.2218564 ], [ -123.1544432, 49.2217059 ], [ -123.1544973, 49.2200982 ], [ -123.154515, 49.2195711 ], [ -123.1564621, 49.2195559 ], [ -123.1573746, 49.2195805 ], [ -123.1580378, 49.2195983 ], [ -123.1585426, 49.2195351 ], [ -123.1585576, 49.2214883 ], [ -123.1586685, 49.221739 ], [ -123.1588061, 49.2218903 ], [ -123.1589252, 49.2219628 ], [ -123.1591993, 49.2221052 ], [ -123.1590257, 49.2222952 ], [ -123.1590441, 49.222892 ], [ -123.1590391, 49.2230523 ], [ -123.159025, 49.2235113 ], [ -123.1589798, 49.2249776 ], [ -123.1589786, 49.225017 ], [ -123.1577724, 49.2250113 ], [ -123.1577472, 49.2254552 ], [ -123.1576731, 49.2267594 ], [ -123.1576484, 49.2271933 ], [ -123.1563313, 49.2271829 ], [ -123.1558063, 49.2271721 ], [ -123.1551043, 49.2271577 ] ] ] ] } },
{ "type": "Feature", "properties": { "name": "59150985", "population": 637, "population_density": 2544.9 }, "geometry": { "type": "MultiPolygon", "coordinates": [ [ [ [ -123.1502457, 49.2199728 ], [ -123.1499504, 49.2194794 ], [ -123.1500996, 49.2194797 ], [ -123.1502242, 49.21948 ], [ -123.1502873, 49.2194802 ], [ -123.1505103, 49.2194807 ], [ -123.1510632, 49.2194836 ], [ -123.1517985, 49.2195083 ], [ -123.152452, 49.2195302 ], [ -123.1529496, 49.2195397 ], [ -123.154515, 49.2195711 ], [ -123.1544973, 49.2200982 ], [ -123.1544432, 49.2217059 ], [ -123.154445, 49.2218564 ], [ -123.1546104, 49.222158 ], [ -123.1549772, 49.2223541 ], [ -123.1551536, 49.2224993 ], [ -123.1553204, 49.222846 ], [ -123.15526, 49.2240445 ], [ -123.1552423, 49.2243955 ], [ -123.1552124, 49.2249897 ], [ -123.1551043, 49.2271577 ], [ -123.1548025, 49.2271544 ], [ -123.1547424, 49.2271537 ], [ -123.1545144, 49.2271512 ], [ -123.1531126, 49.2271373 ], [ -123.1515331, 49.2271216 ], [ -123.1509106, 49.2271154 ], [ -123.1509561, 49.2257925 ], [ -123.1510064, 49.2242121 ], [ -123.1510865, 49.2218334 ], [ -123.1510994, 49.2213987 ], [ -123.1503444, 49.2201375 ], [ -123.1502457, 49.2199728 ] ] ] ] } },
{ "type": "Feature", "properties": { "name": "59150986", "population": 516, "population_density": 3720.3 }, "geometry": { "type": "MultiPolygon", "coordinates": [ [ [ [ -123.1450775, 49.2248479 ], [ -123.1451072, 49.2241416 ], [ -123.1459345, 49.2241517 ], [ -123.1466914, 49.224161 ], [ -123.1473767, 49.2241687 ], [ -123.1480575, 49.2241764 ], [ -123.1488054, 49.2241851 ], [ -123.1495718, 49.224194 ], [ -123.1502475, 49.2242025 ], [ -123.1510064, 49.2242121 ], [ -123.1509561, 49.2257925 ], [ -123.1509106, 49.2271154 ], [ -123.1501595, 49.2271032 ], [ -123.1494899, 49.2270923 ], [ -123.148676, 49.2270802 ], [ -123.1479443, 49.2270694 ], [ -123.1472886, 49.2270608 ], [ -123.1465865, 49.2270515 ], [ -123.1458599, 49.2270412 ], [ -123.1449846, 49.2270289 ], [ -123.1449962, 49.2267574 ], [ -123.145005, 49.2265507 ], [ -123.1450775, 49.2248479 ] ] ] ] } },
{ "type": "Feature", "properties": { "name": "59150987", "population": 1002, "population_density": 1561.5 }, "geometry": { "type": "MultiPolygon", "coordinates": [ [ [ [ -123.1408763, 49.2023831 ], [ -123.1408524, 49.2019135 ], [ -123.1412055, 49.2019871 ], [ -123.1474229, 49.2045406 ], [ -123.1507274, 49.2053477 ], [ -123.1535501, 49.207401 ], [ -123.1552811, 49.209299 ], [ -123.1556237, 49.2095449 ], [ -123.1554082, 49.2100856 ], [ -123.155225, 49.2108946 ], [ -123.1548666, 49.2136085 ], [ -123.1554583, 49.2145756 ], [ -123.1544228, 49.2151414 ], [ -123.1540575, 49.2151376 ], [ -123.1539137, 49.215136 ], [ -123.1512479, 49.2151079 ], [ -123.1512553, 49.2146243 ], [ -123.1512626, 49.2141517 ], [ -123.1512454, 49.2140972 ], [ -123.150928, 49.2137468 ], [ -123.1505064, 49.2132814 ], [ -123.1503784, 49.2131753 ], [ -123.1500243, 49.2132434 ], [ -123.1496238, 49.2132842 ], [ -123.1491977, 49.2132806 ], [ -123.1484786, 49.2132746 ], [ -123.1485362, 49.2119564 ], [ -123.1485573, 49.2115003 ], [ -123.1485788, 49.2110219 ], [ -123.1485949, 49.2106654 ], [ -123.1486013, 49.2105365 ], [ -123.1486411, 49.2097334 ], [ -123.148712, 49.2094722 ], [ -123.1482593, 49.2090468 ], [ -123.1480802, 49.2088799 ], [ -123.1478106, 49.2087563 ], [ -123.1476464, 49.208681 ], [ -123.1472687, 49.2086197 ], [ -123.1469731, 49.2086157 ], [ -123.1466431, 49.2086113 ], [ -123.1464324, 49.2086084 ], [ -123.145162, 49.2085828 ], [ -123.1444327, 49.2085783 ], [ -123.1444298, 49.2085783 ], [ -123.1442321, 49.2085771 ], [ -123.1437329, 49.208572 ], [ -123.1429231, 49.2085626 ], [ -123.1421547, 49.2085536 ], [ -123.1421769, 49.2082317 ], [ -123.1421926, 49.2080051 ], [ -123.1422527, 49.2070951 ], [ -123.1423154, 49.2061644 ], [ -123.1422668, 49.2058397 ], [ -123.1422408, 49.2057972 ], [ -123.1422045, 49.2057381 ], [ -123.1420082, 49.2055833 ], [ -123.1417402, 49.2054348 ], [ -123.1413519, 49.2053075 ], [ -123.140909, 49.2051623 ], [ -123.1405284, 49.2052828 ], [ -123.1403824, 49.2051357 ], [ -123.1403509, 49.2051179 ], [ -123.1402747, 49.2049753 ], [ -123.1402725, 49.2049711 ], [ -123.1404672, 49.2045461 ], [ -123.1405611, 49.2043414 ], [ -123.1405727, 49.2043162 ], [ -123.1406398, 49.2040661 ], [ -123.1406606, 49.2039865 ], [ -123.1408411, 49.202645 ], [ -123.1408763, 49.2023831 ] ] ] ] } },
{ "type": "Feature", "properties": { "name": "59151198", "population": 500, "population_density": 860.0 }, "geometry": { "type": "MultiPolygon", "coordinates": [ [ [ [ -123.1007348, 49.2108433 ], [ -123.1003211, 49.2108313 ], [ -123.1003057, 49.2112532 ], [ -123.1002881, 49.2117339 ], [ -123.0979524, 49.2116693 ], [ -123.0979425, 49.2121544 ], [ -123.0979404, 49.2122563 ], [ -123.0972796, 49.2122479 ], [ -123.0953448, 49.2122233 ], [ -123.0953453, 49.2121053 ], [ -123.0953479, 49.2111199 ], [ -123.0953143, 49.211119 ], [ -123.0943246, 49.2110914 ], [ -123.0941313, 49.2110884 ], [ -123.0939939, 49.2110862 ], [ -123.0932923, 49.2110753 ], [ -123.0932912, 49.2114563 ], [ -123.0932901, 49.2118355 ], [ -123.0916633, 49.2118227 ], [ -123.0911229, 49.2118185 ], [ -123.0911353, 49.2110729 ], [ -123.091135, 49.2110262 ], [ -123.0911346, 49.2109747 ], [ -123.0911514, 49.2098482 ], [ -123.0911762, 49.2081851 ], [ -123.0911808, 49.2080493 ], [ -123.0911856, 49.2079034 ], [ -123.0912379, 49.2061773 ], [ -123.0912435, 49.2059934 ], [ -123.0912537, 49.2058599 ], [ -123.0912596, 49.2052994 ], [ -123.091743, 49.2052396 ], [ -123.0934521, 49.2048315 ], [ -123.093592, 49.2048175 ], [ -123.0978194, 49.2041965 ], [ -123.097901, 49.2041845 ], [ -123.1000412, 49.2040333 ], [ -123.1014291, 49.2040809 ], [ -123.1015604, 49.2040845 ], [ -123.102458, 49.2049242 ], [ -123.1024703, 49.2051734 ], [ -123.1024269, 49.2069694 ], [ -123.1024221, 49.2071217 ], [ -123.1024185, 49.2072358 ], [ -123.1023316, 49.2093324 ], [ -123.1022274, 49.2110474 ], [ -123.1022215, 49.2111423 ], [ -123.1022209, 49.2111518 ], [ -123.1017658, 49.2110376 ], [ -123.1016277, 49.211003 ], [ -123.1015453, 49.2109823 ], [ -123.1014793, 49.210971 ], [ -123.1007348, 49.2108433 ] ] ] ] } },
{ "type": "Feature", "properties": { "name": "59151199", "population": 532, "population_density": 7358.2 }, "geometry": { "type": "MultiPolygon", "coordinates": [ [ [ [ -123.0911104, 49.2126316 ], [ -123.0911229, 49.2118185 ], [ -123.0916633, 49.2118227 ], [ -123.0932901, 49.2118355 ], [ -123.0932912, 49.2114563 ], [ -123.0932923, 49.2110753 ], [ -123.0939939, 49.2110862 ], [ -123.0941313, 49.2110884 ], [ -123.0943246, 49.2110914 ], [ -123.0953143, 49.211119 ], [ -123.0953479, 49.2111199 ], [ -123.0953453, 49.2121053 ], [ -123.0953448, 49.2122233 ], [ -123.0972796, 49.2122479 ], [ -123.0979404, 49.2122563 ], [ -123.0979335, 49.2125651 ], [ -123.0979052, 49.2130542 ], [ -123.0978834, 49.2134321 ], [ -123.0953411, 49.21327 ], [ -123.094495, 49.2132219 ], [ -123.0944121, 49.2132172 ], [ -123.0943848, 49.2132156 ], [ -123.094284, 49.2132099 ], [ -123.0932863, 49.2131452 ], [ -123.0932874, 49.212602 ], [ -123.0916377, 49.2126244 ], [ -123.0911104, 49.2126316 ] ] ] ] } },
{ "type": "Feature", "properties": { "name": "59151200", "population": 499, "population_density": 9415.1 }, "geometry": { "type": "MultiPolygon", "coordinates": [ [ [ [ -123.0911024, 49.2130232 ], [ -123.0911104, 49.2126316 ], [ -123.0916377, 49.2126244 ], [ -123.0932874, 49.212602 ], [ -123.0932863, 49.2131452 ], [ -123.094284, 49.2132099 ], [ -123.0942651, 49.2137685 ], [ -123.0942497, 49.2142197 ], [ -123.094235, 49.2148706 ], [ -123.0918625, 49.2148301 ], [ -123.0917112, 49.2148275 ], [ -123.0910477, 49.2148162 ], [ -123.0910683, 49.2141591 ], [ -123.0910733, 49.2139701 ], [ -123.0911024, 49.2130232 ] ] ] ] } },
{ "type": "Feature", "properties": { "name": "59151201", "population": 405, "population_density": 9142.2 }, "geometry": { "type": "MultiPolygon", "coordinates": [ [ [ [ -123.0910234, 49.2156425 ], [ -123.0910477, 49.2148162 ], [ -123.0917112, 49.2148275 ], [ -123.0918625, 49.2148301 ], [ -123.094235, 49.2148706 ], [ -123.0942238, 49.2153243 ], [ -123.0942143, 49.2157069 ], [ -123.0942039, 49.2161519 ], [ -123.0941939, 49.2165811 ], [ -123.0917971, 49.2165434 ], [ -123.0916736, 49.2165415 ], [ -123.0909952, 49.2165308 ], [ -123.0910234, 49.2156425 ] ] ] ] } },
{ "type": "Feature", "properties": { "name": "59151202", "population": 448, "population_density": 10275.2 }, "geometry": { "type": "MultiPolygon", "coordinates": [ [ [ [ -123.0879196, 49.2151847 ], [ -123.0879233, 49.2147652 ], [ -123.0885096, 49.2147748 ], [ -123.0903921, 49.2148055 ], [ -123.0910477, 49.2148162 ], [ -123.0910234, 49.2156425 ], [ -123.0909952, 49.2165308 ], [ -123.0903543, 49.2165246 ], [ -123.0878721, 49.2165005 ], [ -123.0878929, 49.2160664 ], [ -123.0879079, 49.2157516 ], [ -123.0879162, 49.2155784 ], [ -123.0879196, 49.2151847 ] ] ] ] } },
{ "type": "Feature", "properties": { "name": "59151203", "population": 573, "population_density": 10213.9 }, "geometry": { "type": "MultiPolygon", "coordinates": [ [ [ [ -123.0831521, 49.2142705 ], [ -123.0831475, 49.2138253 ], [ -123.0850349, 49.2138249 ], [ -123.0856959, 49.2138248 ], [ -123.086327, 49.2138416 ], [ -123.0873968, 49.2138701 ], [ -123.0880291, 49.213887 ], [ -123.0886047, 49.2139027 ], [ -123.0904038, 49.2139518 ], [ -123.0910733, 49.2139701 ], [ -123.0910683, 49.2141591 ], [ -123.0910477, 49.2148162 ], [ -123.0903921, 49.2148055 ], [ -123.0885096, 49.2147748 ], [ -123.0879233, 49.2147652 ], [ -123.0873829, 49.214756 ], [ -123.0867925, 49.214746 ], [ -123.0863115, 49.2147379 ], [ -123.0856983, 49.2147275 ], [ -123.0850206, 49.2147123 ], [ -123.0836487, 49.2146815 ], [ -123.0831562, 49.2146705 ], [ -123.0831521, 49.2142705 ] ] ] ] } },
{ "type": "Feature", "properties": { "name": "59151204", "population": 638, "population_density": 10722.7 }, "geometry": { "type": "MultiPolygon", "coordinates": [ [ [ [ -123.0857176, 49.2124511 ], [ -123.0857327, 49.2119918 ], [ -123.0881864, 49.2119914 ], [ -123.0881532, 49.2129589 ], [ -123.0886177, 49.2129669 ], [ -123.0888513, 49.2129709 ], [ -123.0895268, 49.2129825 ], [ -123.090417, 49.2130055 ], [ -123.090746, 49.213014 ], [ -123.0911024, 49.2130232 ], [ -123.0910733, 49.2139701 ], [ -123.0904038, 49.2139518 ], [ -123.0886047, 49.2139027 ], [ -123.0880291, 49.213887 ], [ -123.0873968, 49.2138701 ], [ -123.086327, 49.2138416 ], [ -123.0856959, 49.2138248 ], [ -123.0857023, 49.2129143 ], [ -123.0857176, 49.2124511 ] ] ] ] } },
{ "type": "Feature", "properties": { "name": "59151205", "population": 257, "population_density": 7219.1 }, "geometry": { "type": "MultiPolygon", "coordinates": [ [ [ [ -123.0857787, 49.2111498 ], [ -123.0857568, 49.2115514 ], [ -123.0857327, 49.2119918 ], [ -123.0857176, 49.2124511 ], [ -123.0857023, 49.2129143 ], [ -123.0831595, 49.2128689 ], [ -123.0831964, 49.2120038 ], [ -123.0832323, 49.2111638 ], [ -123.0840377, 49.2111658 ], [ -123.0857787, 49.2111498 ] ] ] ] } },
{ "type": "Feature", "properties": { "name": "59151206", "population": 690, "population_density": 10764.4 }, "geometry": { "type": "MultiPolygon", "coordinates": [ [ [ [ -123.0850349, 49.2138249 ], [ -123.0831475, 49.2138253 ], [ -123.0831521, 49.2142705 ], [ -123.0831562, 49.2146705 ], [ -123.0801649, 49.2146634 ], [ -123.080165, 49.2142278 ], [ -123.080165, 49.2137878 ], [ -123.08014, 49.2136402 ], [ -123.0799091, 49.2133187 ], [ -123.079893, 49.2128751 ], [ -123.0831595, 49.2128689 ], [ -123.0857023, 49.2129143 ], [ -123.0856959, 49.2138248 ], [ -123.0850349, 49.2138249 ] ] ] ] } },
{ "type": "Feature", "properties": { "name": "59151207", "population": 527, "population_density": 1305.7 }, "geometry": { "type": "MultiPolygon", "coordinates": [ [ [ [ -123.0807725, 49.2076632 ], [ -123.0806428, 49.2073987 ], [ -123.0833353, 49.2067926 ], [ -123.088642, 49.2057874 ], [ -123.0912596, 49.2052994 ], [ -123.0912537, 49.2058599 ], [ -123.0912435, 49.2059934 ], [ -123.0912379, 49.2061773 ], [ -123.0911856, 49.2079034 ], [ -123.0911808, 49.2080493 ], [ -123.0911762, 49.2081851 ], [ -123.0911514, 49.2098482 ], [ -123.0911346, 49.2109747 ], [ -123.091135, 49.2110262 ], [ -123.0911353, 49.2110729 ], [ -123.0911229, 49.2118185 ], [ -123.0911104, 49.2126316 ], [ -123.0911024, 49.2130232 ], [ -123.090746, 49.213014 ], [ -123.090417, 49.2130055 ], [ -123.0895268, 49.2129825 ], [ -123.0888513, 49.2129709 ], [ -123.0886177, 49.2129669 ], [ -123.0881532, 49.2129589 ], [ -123.0881864, 49.2119914 ], [ -123.0857327, 49.2119918 ], [ -123.0857568, 49.2115514 ], [ -123.0857787, 49.2111498 ], [ -123.0840377, 49.2111658 ], [ -123.0832323, 49.2111638 ], [ -123.0821005, 49.2111593 ], [ -123.0820993, 49.2110683 ], [ -123.0821107, 49.2095336 ], [ -123.0807693, 49.2095225 ], [ -123.0807888, 49.2091181 ], [ -123.0807915, 49.209061 ], [ -123.0807993, 49.2089111 ], [ -123.0808049, 49.2088046 ], [ -123.0808458, 49.2079346 ], [ -123.0807725, 49.2076632 ] ] ] ] } },
{ "type": "Feature", "properties": { "name": "59151208", "population": 734, "population_density": 2193.0 }, "geometry": { "type": "MultiPolygon", "coordinates": [ [ [ [ -123.0712123, 49.2080229 ], [ -123.0709884, 49.2075505 ], [ -123.0712691, 49.2076446 ], [ -123.0721485, 49.2078999 ], [ -123.073132, 49.2081348 ], [ -123.0744633, 49.2083308 ], [ -123.0762587, 49.2082822 ], [ -123.0772151, 49.2081082 ], [ -123.0773985, 49.2080703 ], [ -123.0806428, 49.2073987 ], [ -123.0807725, 49.2076632 ], [ -123.0808458, 49.2079346 ], [ -123.0808049, 49.2088046 ], [ -123.0807993, 49.2089111 ], [ -123.0807915, 49.209061 ], [ -123.0807888, 49.2091181 ], [ -123.0807693, 49.2095225 ], [ -123.0821107, 49.2095336 ], [ -123.0820993, 49.2110683 ], [ -123.0821005, 49.2111593 ], [ -123.0832323, 49.2111638 ], [ -123.0831964, 49.2120038 ], [ -123.0831595, 49.2128689 ], [ -123.079893, 49.2128751 ], [ -123.0792116, 49.2128765 ], [ -123.0771137, 49.2128808 ], [ -123.0771145, 49.2127324 ], [ -123.0771173, 49.2122143 ], [ -123.076593, 49.2119974 ], [ -123.076425, 49.2119955 ], [ -123.0763867, 49.2119951 ], [ -123.0740766, 49.2119696 ], [ -123.074081, 49.2115788 ], [ -123.074086, 49.2111231 ], [ -123.0727419, 49.2111017 ], [ -123.0720735, 49.211091 ], [ -123.0713036, 49.2110701 ], [ -123.0713031, 49.2110132 ], [ -123.0713026, 49.2109565 ], [ -123.0713038, 49.2108784 ], [ -123.0713161, 49.2100461 ], [ -123.0713172, 49.209466 ], [ -123.0713179, 49.2090433 ], [ -123.0713181, 49.2089697 ], [ -123.0713185, 49.2088723 ], [ -123.0713187, 49.2088183 ], [ -123.0713192, 49.2086905 ], [ -123.0712497, 49.2081331 ], [ -123.0712123, 49.2080229 ] ] ] ] } },
{ "type": "Feature", "properties": { "name": "59151209", "population": 667, "population_density": 6292.5 }, "geometry": { "type": "MultiPolygon", "coordinates": [ [ [ [ -123.0685758, 49.2112193 ], [ -123.0668468, 49.2106309 ], [ -123.0660924, 49.2106256 ], [ -123.0661101, 49.2097433 ], [ -123.0661103, 49.2097343 ], [ -123.0661225, 49.2097385 ], [ -123.0667897, 49.2099696 ], [ -123.0677929, 49.210317 ], [ -123.0677885, 49.2102124 ], [ -123.0677945, 49.2097563 ], [ -123.0678036, 49.2090606 ], [ -123.0678101, 49.2085417 ], [ -123.0678172, 49.2079755 ], [ -123.0678298, 49.2079791 ], [ -123.0713181, 49.2089697 ], [ -123.0713179, 49.2090433 ], [ -123.0713172, 49.209466 ], [ -123.0713161, 49.2100461 ], [ -123.0713038, 49.2108784 ], [ -123.0713026, 49.2109565 ], [ -123.0713031, 49.2110132 ], [ -123.0713036, 49.2110701 ], [ -123.0720735, 49.211091 ], [ -123.072046, 49.2119631 ], [ -123.071327, 49.2119512 ], [ -123.0691371, 49.2119147 ], [ -123.0690124, 49.211542 ], [ -123.0688972, 49.2114569 ], [ -123.0685758, 49.2112193 ] ] ] ] } },
{ "type": "Feature", "properties": { "name": "59151211", "population": 584, "population_density": 6058.1 }, "geometry": { "type": "MultiPolygon", "coordinates": [ [ [ [ -123.0594104, 49.2129308 ], [ -123.0594499, 49.2123715 ], [ -123.0600575, 49.2123763 ], [ -123.0628351, 49.2123981 ], [ -123.0634075, 49.2124389 ], [ -123.0643394, 49.2127408 ], [ -123.0646196, 49.2128674 ], [ -123.0646873, 49.2129476 ], [ -123.0646976, 49.2132396 ], [ -123.0647104, 49.2136022 ], [ -123.0653449, 49.213604 ], [ -123.0660455, 49.2136061 ], [ -123.0660218, 49.2145027 ], [ -123.0653192, 49.2144981 ], [ -123.0621533, 49.2144775 ], [ -123.0600741, 49.214462 ], [ -123.0593769, 49.2144568 ], [ -123.0594016, 49.2133512 ], [ -123.0594104, 49.2129308 ] ] ] ] } },
{ "type": "Feature", "properties": { "name": "59151213", "population": 644, "population_density": 4450.6 }, "geometry": { "type": "MultiPolygon", "coordinates": [ [ [ [ -123.0593538, 49.2095556 ], [ -123.0570356, 49.209758 ], [ -123.0569188, 49.2100197 ], [ -123.0568693, 49.2102902 ], [ -123.0566669, 49.2113965 ], [ -123.056524, 49.2120277 ], [ -123.0561318, 49.2120665 ], [ -123.0559137, 49.2121275 ], [ -123.0556037, 49.2122143 ], [ -123.0551212, 49.2124218 ], [ -123.0551453, 49.2118252 ], [ -123.0553659, 49.2102063 ], [ -123.0553865, 49.2100553 ], [ -123.0555749, 49.2094866 ], [ -123.0558833, 49.2089293 ], [ -123.0562269, 49.2084874 ], [ -123.0566889, 49.2079739 ], [ -123.0576296, 49.2078104 ], [ -123.0579618, 49.2078096 ], [ -123.0582507, 49.2078409 ], [ -123.0589136, 49.208004 ], [ -123.0593627, 49.2081145 ], [ -123.0596064, 49.208231 ], [ -123.0598465, 49.2084475 ], [ -123.0601143, 49.2084875 ], [ -123.060465, 49.20854 ], [ -123.0619865, 49.2089788 ], [ -123.0620646, 49.2090147 ], [ -123.0643619, 49.2100705 ], [ -123.0645756, 49.2101687 ], [ -123.0645868, 49.2101739 ], [ -123.0649376, 49.2103339 ], [ -123.0654181, 49.2105469 ], [ -123.0654773, 49.2105591 ], [ -123.06575, 49.2106154 ], [ -123.0660924, 49.2106256 ], [ -123.0660722, 49.2114232 ], [ -123.0660504, 49.2122244 ], [ -123.0653992, 49.2120128 ], [ -123.064695, 49.2117839 ], [ -123.0643325, 49.211266 ], [ -123.0641435, 49.2111293 ], [ -123.0636631, 49.2107838 ], [ -123.0634813, 49.2107192 ], [ -123.0634415, 49.2107051 ], [ -123.0630229, 49.2105565 ], [ -123.0621301, 49.2102438 ], [ -123.0609124, 49.2098157 ], [ -123.0606495, 49.2097233 ], [ -123.0605488, 49.2097015 ], [ -123.0600607, 49.2095956 ], [ -123.0593538, 49.2095556 ] ] ] ] } },
{ "type": "Feature", "properties": { "name": "59151214", "population": 628, "population_density": 7715.0 }, "geometry": { "type": "MultiPolygon", "coordinates": [ [ [ [ -123.0589136, 49.208004 ], [ -123.0582507, 49.2078409 ], [ -123.0579618, 49.2078096 ], [ -123.0576296, 49.2078104 ], [ -123.0566889, 49.2079739 ], [ -123.0568447, 49.2075728 ], [ -123.0568198, 49.2071424 ], [ -123.0577309, 49.2071213 ], [ -123.0579588, 49.207142 ], [ -123.0586853, 49.2072834 ], [ -123.0595454, 49.2075465 ], [ -123.0595449, 49.2074681 ], [ -123.0595547, 49.2070747 ], [ -123.0595607, 49.2069803 ], [ -123.0601654, 49.2071815 ], [ -123.0607073, 49.2073566 ], [ -123.0612277, 49.2075248 ], [ -123.0614055, 49.2075342 ], [ -123.0614854, 49.207594 ], [ -123.0623056, 49.2078389 ], [ -123.0633481, 49.2081691 ], [ -123.0643914, 49.2085101 ], [ -123.0643796, 49.2090656 ], [ -123.0643749, 49.2091411 ], [ -123.0643871, 49.2091453 ], [ -123.0661103, 49.2097343 ], [ -123.0661101, 49.2097433 ], [ -123.0660924, 49.2106256 ], [ -123.06575, 49.2106154 ], [ -123.0654773, 49.2105591 ], [ -123.0654181, 49.2105469 ], [ -123.0649376, 49.2103339 ], [ -123.0645868, 49.2101739 ], [ -123.0645756, 49.2101687 ], [ -123.0643619, 49.2100705 ], [ -123.0620646, 49.2090147 ], [ -123.0619865, 49.2089788 ], [ -123.060465, 49.20854 ], [ -123.0601143, 49.2084875 ], [ -123.0598465, 49.2084475 ], [ -123.0596064, 49.208231 ], [ -123.0593627, 49.2081145 ], [ -123.0589136, 49.208004 ] ] ] ] } },
{ "type": "Feature", "properties": { "name": "59151215", "population": 543, "population_density": 5146.9 }, "geometry": { "type": "MultiPolygon", "coordinates": [ [ [ [ -123.0614149, 49.2068435 ], [ -123.0614313, 49.2065845 ], [ -123.06152, 49.2062671 ], [ -123.0621232, 49.2063835 ], [ -123.0622005, 49.2063541 ], [ -123.0622787, 49.2062897 ], [ -123.0623858, 49.2062015 ], [ -123.0624826, 49.2061898 ], [ -123.0661632, 49.2072233 ], [ -123.0661608, 49.2073194 ], [ -123.0661568, 49.2074772 ], [ -123.0661693, 49.2074809 ], [ -123.0678172, 49.2079755 ], [ -123.0678101, 49.2085417 ], [ -123.0678036, 49.2090606 ], [ -123.0677945, 49.2097563 ], [ -123.0677885, 49.2102124 ], [ -123.0677929, 49.210317 ], [ -123.0667897, 49.2099696 ], [ -123.0661225, 49.2097385 ], [ -123.0661103, 49.2097343 ], [ -123.0643871, 49.2091453 ], [ -123.0643749, 49.2091411 ], [ -123.0643796, 49.2090656 ], [ -123.0643914, 49.2085101 ], [ -123.0633481, 49.2081691 ], [ -123.0623056, 49.2078389 ], [ -123.0614854, 49.207594 ], [ -123.0614055, 49.2075342 ], [ -123.0613968, 49.207152 ], [ -123.0614149, 49.2068435 ] ] ] ] } },
{ "type": "Feature", "properties": { "name": "59151216", "population": 651, "population_density": 7587.4 }, "geometry": { "type": "MultiPolygon", "coordinates": [ [ [ [ -123.0624826, 49.2061898 ], [ -123.0623858, 49.2062015 ], [ -123.0622787, 49.2062897 ], [ -123.0622005, 49.2063541 ], [ -123.0621232, 49.2063835 ], [ -123.06152, 49.2062671 ], [ -123.060605, 49.2060899 ], [ -123.0595906, 49.2059645 ], [ -123.0595771, 49.2059628 ], [ -123.0587362, 49.2058723 ], [ -123.0579367, 49.2058216 ], [ -123.0568776, 49.2058111 ], [ -123.0567917, 49.2058102 ], [ -123.0567666, 49.205695 ], [ -123.056756, 49.2056767 ], [ -123.0566401, 49.2054428 ], [ -123.0565942, 49.2053294 ], [ -123.0565875, 49.2052943 ], [ -123.0564445, 49.2046597 ], [ -123.058769, 49.2046564 ], [ -123.0593893, 49.2047558 ], [ -123.0632229, 49.2053541 ], [ -123.0666042, 49.2059385 ], [ -123.0668824, 49.2059802 ], [ -123.0675271, 49.2061472 ], [ -123.0682979, 49.2064785 ], [ -123.0685214, 49.2065729 ], [ -123.0692401, 49.206827 ], [ -123.0701393, 49.2071991 ], [ -123.0709884, 49.2075505 ], [ -123.0712123, 49.2080229 ], [ -123.0712497, 49.2081331 ], [ -123.0713192, 49.2086905 ], [ -123.0713187, 49.2088183 ], [ -123.0713185, 49.2088723 ], [ -123.0713181, 49.2089697 ], [ -123.0678298, 49.2079791 ], [ -123.0678172, 49.2079755 ], [ -123.0661693, 49.2074809 ], [ -123.0661568, 49.2074772 ], [ -123.0661608, 49.2073194 ], [ -123.0661632, 49.2072233 ], [ -123.0624826, 49.2061898 ] ] ] ] } },
{ "type": "Feature", "properties": { "name": "59151217", "population": 405, "population_density": 8282.2 }, "geometry": { "type": "MultiPolygon", "coordinates": [ [ [ [ -123.0601654, 49.2071815 ], [ -123.0595607, 49.2069803 ], [ -123.0595547, 49.2070747 ], [ -123.0595449, 49.2074681 ], [ -123.0595454, 49.2075465 ], [ -123.0586853, 49.2072834 ], [ -123.0579588, 49.207142 ], [ -123.0577309, 49.2071213 ], [ -123.0568198, 49.2071424 ], [ -123.0568174, 49.2070721 ], [ -123.0568194, 49.2064426 ], [ -123.0568202, 49.2061623 ], [ -123.0567928, 49.2058244 ], [ -123.0567917, 49.2058102 ], [ -123.0568776, 49.2058111 ], [ -123.0579367, 49.2058216 ], [ -123.0587362, 49.2058723 ], [ -123.0595771, 49.2059628 ], [ -123.0595906, 49.2059645 ], [ -123.060605, 49.2060899 ], [ -123.06152, 49.2062671 ], [ -123.0614313, 49.2065845 ], [ -123.0614149, 49.2068435 ], [ -123.0613968, 49.207152 ], [ -123.0614055, 49.2075342 ], [ -123.0612277, 49.2075248 ], [ -123.0607073, 49.2073566 ], [ -123.0601654, 49.2071815 ] ] ] ] } },
{ "type": "Feature", "properties": { "name": "59151219", "population": 457, "population_density": 459.3 }, "geometry": { "type": "MultiPolygon", "coordinates": [ [ [ [ -123.0494234, 49.21808 ], [ -123.0489713, 49.2181748 ], [ -123.0488743, 49.2182325 ], [ -123.048424, 49.2179751 ], [ -123.0471312, 49.2174344 ], [ -123.0450946, 49.2164192 ], [ -123.04474, 49.2167787 ], [ -123.0444432, 49.2170796 ], [ -123.0441857, 49.2173518 ], [ -123.0439325, 49.2178345 ], [ -123.0438764, 49.2179415 ], [ -123.043806, 49.2182269 ], [ -123.0427049, 49.2181895 ], [ -123.0422682, 49.2181834 ], [ -123.0413775, 49.2181711 ], [ -123.0413899, 49.2180061 ], [ -123.0414034, 49.2178263 ], [ -123.0414087, 49.2177561 ], [ -123.0414498, 49.2172092 ], [ -123.0414768, 49.2165055 ], [ -123.0414866, 49.2162634 ], [ -123.0415176, 49.2154986 ], [ -123.041555, 49.2147336 ], [ -123.0415997, 49.2138216 ], [ -123.0416385, 49.2130408 ], [ -123.0416645, 49.2126557 ], [ -123.0417039, 49.2120709 ], [ -123.0417873, 49.2108342 ], [ -123.0421683, 49.2089231 ], [ -123.0422597, 49.2081572 ], [ -123.0422732, 49.2081556 ], [ -123.0437721, 49.2079807 ], [ -123.0448829, 49.2078832 ], [ -123.0477033, 49.2077236 ], [ -123.0498741, 49.2075853 ], [ -123.0505911, 49.2075396 ], [ -123.0557538, 49.2072104 ], [ -123.0562375, 49.2071796 ], [ -123.0568062, 49.2071433 ], [ -123.0568198, 49.2071424 ], [ -123.0568447, 49.2075728 ], [ -123.0566889, 49.2079739 ], [ -123.0562269, 49.2084874 ], [ -123.0558833, 49.2089293 ], [ -123.0555749, 49.2094866 ], [ -123.0553865, 49.2100553 ], [ -123.0553659, 49.2102063 ], [ -123.0551453, 49.2118252 ], [ -123.0551212, 49.2124218 ], [ -123.0551172, 49.2127009 ], [ -123.0549507, 49.2127081 ], [ -123.054792, 49.2127866 ], [ -123.0540505, 49.2134254 ], [ -123.0534418, 49.2139497 ], [ -123.0530892, 49.2142535 ], [ -123.052747, 49.2145524 ], [ -123.0526351, 49.2146503 ], [ -123.0524604, 49.2148029 ], [ -123.0522654, 49.2149733 ], [ -123.0517248, 49.2154496 ], [ -123.0514077, 49.215729 ], [ -123.0508875, 49.2163571 ], [ -123.050637, 49.2170169 ], [ -123.0505663, 49.2180644 ], [ -123.0494234, 49.21808 ] ] ] ] } },
{ "type": "Feature", "properties": { "name": "59151220", "population": 476, "population_density": 3736.3 }, "geometry": { "type": "MultiPolygon", "coordinates": [ [ [ [ -123.0451608, 49.2195406 ], [ -123.045179, 49.219401 ], [ -123.0451957, 49.2192731 ], [ -123.045395, 49.2189885 ], [ -123.0455456, 49.2188756 ], [ -123.0456501, 49.2187973 ], [ -123.0452029, 49.2185966 ], [ -123.0447694, 49.218402 ], [ -123.0444111, 49.2183174 ], [ -123.043806, 49.2182269 ], [ -123.0438764, 49.2179415 ], [ -123.0439325, 49.2178345 ], [ -123.0441857, 49.2173518 ], [ -123.0444432, 49.2170796 ], [ -123.04474, 49.2167787 ], [ -123.0450946, 49.2164192 ], [ -123.0471312, 49.2174344 ], [ -123.048424, 49.2179751 ], [ -123.0488743, 49.2182325 ], [ -123.0489713, 49.2181748 ], [ -123.0494234, 49.21808 ], [ -123.0505663, 49.2180644 ], [ -123.0505646, 49.2184904 ], [ -123.0505628, 49.2189408 ], [ -123.0505791, 49.219785 ], [ -123.0505868, 49.2201837 ], [ -123.0490257, 49.2202131 ], [ -123.0480241, 49.2202082 ], [ -123.0475163, 49.220206 ], [ -123.0459426, 49.2201971 ], [ -123.0451495, 49.2201934 ], [ -123.045157, 49.2197609 ], [ -123.0451608, 49.2195406 ] ] ] ] } },
{ "type": "Feature", "properties": { "name": "59151221", "population": 709, "population_density": 11623.0 }, "geometry": { "type": "MultiPolygon", "coordinates": [ [ [ [ -123.043806, 49.2182269 ], [ -123.0444111, 49.2183174 ], [ -123.0447694, 49.218402 ], [ -123.0452029, 49.2185966 ], [ -123.0456501, 49.2187973 ], [ -123.0455456, 49.2188756 ], [ -123.045395, 49.2189885 ], [ -123.0451957, 49.2192731 ], [ -123.045179, 49.219401 ], [ -123.0451608, 49.2195406 ], [ -123.045157, 49.2197609 ], [ -123.0451495, 49.2201934 ], [ -123.0446716, 49.2201902 ], [ -123.0444127, 49.2201885 ], [ -123.0438068, 49.2201858 ], [ -123.0428457, 49.2201816 ], [ -123.0412811, 49.2201593 ], [ -123.0413561, 49.2191975 ], [ -123.0413578, 49.2191273 ], [ -123.0413748, 49.2183049 ], [ -123.0413775, 49.2181711 ], [ -123.0422682, 49.2181834 ], [ -123.0427049, 49.2181895 ], [ -123.043806, 49.2182269 ] ] ] ] } },
{ "type": "Feature", "properties": { "name": "59151222", "population": 583, "population_density": 5383.2 }, "geometry": { "type": "MultiPolygon", "coordinates": [ [ [ [ -123.0443851, 49.2206707 ], [ -123.0444127, 49.2201885 ], [ -123.0446716, 49.2201902 ], [ -123.0451495, 49.2201934 ], [ -123.0459426, 49.2201971 ], [ -123.0475163, 49.220206 ], [ -123.0480241, 49.2202082 ], [ -123.0490257, 49.2202131 ], [ -123.048884, 49.2227667 ], [ -123.0481226, 49.2229373 ], [ -123.0473008, 49.2231215 ], [ -123.0470612, 49.2231762 ], [ -123.0465425, 49.2231766 ], [ -123.0457805, 49.2231771 ], [ -123.045032, 49.2231763 ], [ -123.0442432, 49.2231755 ], [ -123.0443243, 49.2217292 ], [ -123.0443851, 49.2206707 ] ] ] ] } },
{ "type": "Feature", "properties": { "name": "59151223", "population": 588, "population_density": 5130.9 }, "geometry": { "type": "MultiPolygon", "coordinates": [ [ [ [ -123.0412545, 49.2206619 ], [ -123.0412811, 49.2201593 ], [ -123.0428457, 49.2201816 ], [ -123.0438068, 49.2201858 ], [ -123.0444127, 49.2201885 ], [ -123.0443851, 49.2206707 ], [ -123.0443243, 49.2217292 ], [ -123.0442432, 49.2231755 ], [ -123.0441814, 49.2242675 ], [ -123.044155, 49.2247333 ], [ -123.0427948, 49.2247253 ], [ -123.0426072, 49.2247242 ], [ -123.0410499, 49.224713 ], [ -123.0410714, 49.2242878 ], [ -123.0410746, 49.2242249 ], [ -123.0410926, 49.2238701 ], [ -123.041118, 49.2236135 ], [ -123.0411367, 49.2234248 ], [ -123.0411618, 49.2231721 ], [ -123.0411737, 49.2229427 ], [ -123.0411818, 49.222061 ], [ -123.0411994, 49.22172 ], [ -123.0412277, 49.2211695 ], [ -123.0412545, 49.2206619 ] ] ] ] } },
{ "type": "Feature", "properties": { "name": "59151224", "population": 731, "population_density": 5618.8 }, "geometry": { "type": "MultiPolygon", "coordinates": [ [ [ [ -123.0367704, 49.2212624 ], [ -123.0368253, 49.220145 ], [ -123.0379643, 49.2201484 ], [ -123.0380837, 49.2201481 ], [ -123.0384242, 49.2201527 ], [ -123.0390505, 49.2201612 ], [ -123.0393457, 49.2201602 ], [ -123.0396871, 49.22016 ], [ -123.0406621, 49.2201596 ], [ -123.0412811, 49.2201593 ], [ -123.0412545, 49.2206619 ], [ -123.0412277, 49.2211695 ], [ -123.0411994, 49.22172 ], [ -123.0411818, 49.222061 ], [ -123.0411737, 49.2229427 ], [ -123.0411618, 49.2231721 ], [ -123.0411367, 49.2234248 ], [ -123.041118, 49.2236135 ], [ -123.0410926, 49.2238701 ], [ -123.0388554, 49.223824 ], [ -123.0388609, 49.2236944 ], [ -123.0373427, 49.2236615 ], [ -123.0366704, 49.2236469 ], [ -123.0367312, 49.222845 ], [ -123.0367245, 49.2223701 ], [ -123.0367363, 49.2220344 ], [ -123.0367704, 49.2212624 ] ] ] ] } },
{ "type": "Feature", "properties": { "name": "59151225", "population": 559, "population_density": 5896.6 }, "geometry": { "type": "MultiPolygon", "coordinates": [ [ [ [ -123.0398841, 49.2254675 ], [ -123.038806, 49.2254595 ], [ -123.0387829, 49.2258539 ], [ -123.0387609, 49.2262311 ], [ -123.0365722, 49.2261962 ], [ -123.036562, 49.2264211 ], [ -123.0358328, 49.2264187 ], [ -123.0351072, 49.2264163 ], [ -123.0351638, 49.2251796 ], [ -123.0351869, 49.2246736 ], [ -123.0358866, 49.2246784 ], [ -123.0366344, 49.2246836 ], [ -123.0366704, 49.2236469 ], [ -123.0373427, 49.2236615 ], [ -123.0388609, 49.2236944 ], [ -123.0388554, 49.223824 ], [ -123.0410926, 49.2238701 ], [ -123.0410746, 49.2242249 ], [ -123.0410714, 49.2242878 ], [ -123.0410499, 49.224713 ], [ -123.0410284, 49.2251333 ], [ -123.0410109, 49.2254759 ], [ -123.0398841, 49.2254675 ] ] ] ] } },
{ "type": "Feature", "properties": { "name": "59151226", "population": 666, "population_density": 6247.7 }, "geometry": { "type": "MultiPolygon", "coordinates": [ [ [ [ -123.032372, 49.2211432 ], [ -123.0323906, 49.2201221 ], [ -123.0330954, 49.2201254 ], [ -123.0338437, 49.2201288 ], [ -123.0345923, 49.2201329 ], [ -123.0347022, 49.2201335 ], [ -123.0352775, 49.2201367 ], [ -123.0360756, 49.220141 ], [ -123.0368253, 49.220145 ], [ -123.0367704, 49.2212624 ], [ -123.0367363, 49.2220344 ], [ -123.0367245, 49.2223701 ], [ -123.0367312, 49.222845 ], [ -123.0366704, 49.2236469 ], [ -123.0366344, 49.2246836 ], [ -123.0358866, 49.2246784 ], [ -123.0351869, 49.2246736 ], [ -123.0352794, 49.2223655 ], [ -123.0345251, 49.2223587 ], [ -123.0337264, 49.2223516 ], [ -123.033001, 49.2223471 ], [ -123.0323365, 49.222343 ], [ -123.0323471, 49.2219632 ], [ -123.032372, 49.2211432 ] ] ] ] } },
{ "type": "Feature", "properties": { "name": "59151227", "population": 589, "population_density": 6129.0 }, "geometry": { "type": "MultiPolygon", "coordinates": [ [ [ [ -123.0323225, 49.2228408 ], [ -123.0323365, 49.222343 ], [ -123.033001, 49.2223471 ], [ -123.0337264, 49.2223516 ], [ -123.0345251, 49.2223587 ], [ -123.0352794, 49.2223655 ], [ -123.0351869, 49.2246736 ], [ -123.0351638, 49.2251796 ], [ -123.0351072, 49.2264163 ], [ -123.0343907, 49.2264137 ], [ -123.0336757, 49.2264111 ], [ -123.0329212, 49.2264078 ], [ -123.032195, 49.2264046 ], [ -123.032218, 49.2258647 ], [ -123.0322442, 49.2252475 ], [ -123.032248, 49.2251541 ], [ -123.0322693, 49.2246401 ], [ -123.0322824, 49.2241644 ], [ -123.0322954, 49.223695 ], [ -123.0323225, 49.2228408 ] ] ] ] } },
{ "type": "Feature", "properties": { "name": "59151228", "population": 599, "population_density": 5190.6 }, "geometry": { "type": "MultiPolygon", "coordinates": [ [ [ [ -123.029867, 49.2212499 ], [ -123.0300496, 49.2202449 ], [ -123.0300747, 49.220107 ], [ -123.0306399, 49.2201118 ], [ -123.030658, 49.2198285 ], [ -123.0307295, 49.2196981 ], [ -123.0308452, 49.2195841 ], [ -123.0311567, 49.2194351 ], [ -123.0314215, 49.2193928 ], [ -123.0316855, 49.2193857 ], [ -123.0316914, 49.2190354 ], [ -123.0324013, 49.2190315 ], [ -123.0323906, 49.2201221 ], [ -123.032372, 49.2211432 ], [ -123.0323471, 49.2219632 ], [ -123.0323365, 49.222343 ], [ -123.0323225, 49.2228408 ], [ -123.0322954, 49.223695 ], [ -123.0322824, 49.2241644 ], [ -123.0322693, 49.2246401 ], [ -123.0322066, 49.224639 ], [ -123.031895, 49.2246334 ], [ -123.0313358, 49.2245766 ], [ -123.0308474, 49.2244866 ], [ -123.0304161, 49.2243828 ], [ -123.0298787, 49.2242013 ], [ -123.0293842, 49.2239913 ], [ -123.0289591, 49.2237697 ], [ -123.0283469, 49.2233724 ], [ -123.0281605, 49.2232514 ], [ -123.0288044, 49.2227767 ], [ -123.0291041, 49.2225558 ], [ -123.0295773, 49.2219831 ], [ -123.029604, 49.2219507 ], [ -123.0296669, 49.2218112 ], [ -123.0298311, 49.2214471 ], [ -123.029867, 49.2212499 ] ] ] ] } },
{ "type": "Feature", "properties": { "name": "59151229", "population": 895, "population_density": 7775.8 }, "geometry": { "type": "MultiPolygon", "coordinates": [ [ [ [ -123.0234842, 49.2246376 ], [ -123.0234947, 49.2232524 ], [ -123.0241603, 49.2232545 ], [ -123.024624, 49.2232546 ], [ -123.0246515, 49.2232545 ], [ -123.0262907, 49.2232547 ], [ -123.0264894, 49.2228954 ], [ -123.0265691, 49.2228084 ], [ -123.0268672, 49.222504 ], [ -123.0270073, 49.2225753 ], [ -123.0273392, 49.2227441 ], [ -123.0281605, 49.2232514 ], [ -123.0283469, 49.2233724 ], [ -123.0289591, 49.2237697 ], [ -123.0293842, 49.2239913 ], [ -123.0298787, 49.2242013 ], [ -123.0304161, 49.2243828 ], [ -123.0308474, 49.2244866 ], [ -123.0313358, 49.2245766 ], [ -123.031895, 49.2246334 ], [ -123.0322066, 49.224639 ], [ -123.0322693, 49.2246401 ], [ -123.032248, 49.2251541 ], [ -123.0322442, 49.2252475 ], [ -123.0306815, 49.2252404 ], [ -123.027894, 49.2252277 ], [ -123.0260138, 49.2252208 ], [ -123.0241442, 49.2252045 ], [ -123.0234798, 49.2251987 ], [ -123.0234811, 49.2250295 ], [ -123.0234842, 49.2246376 ] ] ] ] } },
{ "type": "Feature", "properties": { "name": "59151230", "population": 365, "population_density": 6103.7 }, "geometry": { "type": "MultiPolygon", "coordinates": [ [ [ [ -123.0236529, 49.2209785 ], [ -123.0236507, 49.2201497 ], [ -123.0238027, 49.2201394 ], [ -123.0245676, 49.2201424 ], [ -123.0246797, 49.2201428 ], [ -123.0246169, 49.2203493 ], [ -123.0246103, 49.2205599 ], [ -123.025781, 49.2205616 ], [ -123.0257735, 49.2212145 ], [ -123.0258266, 49.2213285 ], [ -123.0260355, 49.22141 ], [ -123.0258441, 49.2216984 ], [ -123.026425, 49.2218432 ], [ -123.0261522, 49.2222456 ], [ -123.0268672, 49.222504 ], [ -123.0265691, 49.2228084 ], [ -123.0264894, 49.2228954 ], [ -123.0262907, 49.2232547 ], [ -123.0246515, 49.2232545 ], [ -123.024624, 49.2232546 ], [ -123.0241603, 49.2232545 ], [ -123.0234947, 49.2232524 ], [ -123.0234954, 49.2232432 ], [ -123.0235098, 49.22306 ], [ -123.0235008, 49.22273 ], [ -123.0236111, 49.2219511 ], [ -123.0236122, 49.2219262 ], [ -123.0236529, 49.2209785 ] ] ] ] } },
{ "type": "Feature", "properties": { "name": "59151231", "population": 300, "population_density": 3841.2 }, "geometry": { "type": "MultiPolygon", "coordinates": [ [ [ [ -123.0236484, 49.2192533 ], [ -123.0236463, 49.218418 ], [ -123.023646, 49.2183281 ], [ -123.0236447, 49.2178376 ], [ -123.0236445, 49.2177477 ], [ -123.0236438, 49.2174738 ], [ -123.0238026, 49.2174648 ], [ -123.0245816, 49.2174728 ], [ -123.0250616, 49.2174788 ], [ -123.025126, 49.2178662 ], [ -123.0252346, 49.2180989 ], [ -123.0254809, 49.2183678 ], [ -123.0255199, 49.2183524 ], [ -123.0256023, 49.21832 ], [ -123.0258893, 49.218207 ], [ -123.026123, 49.2182216 ], [ -123.0262102, 49.2182528 ], [ -123.0263188, 49.2183576 ], [ -123.0269097, 49.2182009 ], [ -123.0269104, 49.2182029 ], [ -123.0269384, 49.2182846 ], [ -123.0269301, 49.2185213 ], [ -123.0266332, 49.2188708 ], [ -123.0270284, 49.2189159 ], [ -123.0274166, 49.2189194 ], [ -123.0276675, 49.218902 ], [ -123.0281778, 49.2187981 ], [ -123.027476, 49.2194314 ], [ -123.0270282, 49.2197762 ], [ -123.0264166, 49.2200026 ], [ -123.0263472, 49.2200583 ], [ -123.0266086, 49.22037 ], [ -123.026747, 49.2206736 ], [ -123.0268012, 49.2207924 ], [ -123.026829, 49.2210004 ], [ -123.0268176, 49.2210494 ], [ -123.0267532, 49.2213271 ], [ -123.026425, 49.2218432 ], [ -123.0258441, 49.2216984 ], [ -123.0260355, 49.22141 ], [ -123.0258266, 49.2213285 ], [ -123.0257735, 49.2212145 ], [ -123.025781, 49.2205616 ], [ -123.0246103, 49.2205599 ], [ -123.0246169, 49.2203493 ], [ -123.0246797, 49.2201428 ], [ -123.0245676, 49.2201424 ], [ -123.0238027, 49.2201394 ], [ -123.0236507, 49.2201497 ], [ -123.0236506, 49.2200869 ], [ -123.0236484, 49.2192533 ] ] ] ] } },
{ "type": "Feature", "properties": { "name": "59151234", "population": 292, "population_density": 8366.8 }, "geometry": { "type": "MultiPolygon", "coordinates": [ [ [ [ -123.0244939, 49.2129093 ], [ -123.0245446, 49.2122036 ], [ -123.0246737, 49.2117513 ], [ -123.0253317, 49.211592 ], [ -123.0256288, 49.211902 ], [ -123.0258447, 49.211806 ], [ -123.0260582, 49.2117111 ], [ -123.0263019, 49.2119773 ], [ -123.0263382, 49.212054 ], [ -123.0264007, 49.2121494 ], [ -123.0264681, 49.2121891 ], [ -123.0265759, 49.2121993 ], [ -123.0268602, 49.2121747 ], [ -123.0271952, 49.2122362 ], [ -123.0272725, 49.2124221 ], [ -123.0272575, 49.2124856 ], [ -123.0273146, 49.2125584 ], [ -123.0273905, 49.2127659 ], [ -123.0274711, 49.2129212 ], [ -123.0274863, 49.213091 ], [ -123.0274555, 49.2133145 ], [ -123.0274193, 49.2133566 ], [ -123.0273473, 49.2134403 ], [ -123.0272073, 49.2135473 ], [ -123.0270043, 49.2136534 ], [ -123.026607, 49.2137505 ], [ -123.026286, 49.2137471 ], [ -123.0260149, 49.2136945 ], [ -123.0256801, 49.2135448 ], [ -123.0255018, 49.2133921 ], [ -123.0254829, 49.2133439 ], [ -123.0254428, 49.2132418 ], [ -123.02521, 49.2132777 ], [ -123.0251039, 49.2128983 ], [ -123.0244939, 49.2129093 ] ] ] ] } },
{ "type": "Feature", "properties": { "name": "59151236", "population": 1133, "population_density": 6225.3 }, "geometry": { "type": "MultiPolygon", "coordinates": [ [ [ [ -123.0236303, 49.2124441 ], [ -123.0236671, 49.2120352 ], [ -123.0237103, 49.2092473 ], [ -123.0237029, 49.2092252 ], [ -123.0236999, 49.2092164 ], [ -123.0236231, 49.2087261 ], [ -123.0235373, 49.2081777 ], [ -123.0235871, 49.208174 ], [ -123.023671, 49.2081679 ], [ -123.0240351, 49.2081381 ], [ -123.0257926, 49.2079941 ], [ -123.0261002, 49.2079692 ], [ -123.0275507, 49.2078606 ], [ -123.0280154, 49.2078257 ], [ -123.0285047, 49.2078563 ], [ -123.0286616, 49.2078719 ], [ -123.0287032, 49.207876 ], [ -123.0287569, 49.2078813 ], [ -123.0290179, 49.2079072 ], [ -123.0293092, 49.2079361 ], [ -123.0298906, 49.2079933 ], [ -123.0300346, 49.2080075 ], [ -123.0308977, 49.2080934 ], [ -123.0308689, 49.2083944 ], [ -123.0308176, 49.2085524 ], [ -123.0306524, 49.2088614 ], [ -123.0302013, 49.2091138 ], [ -123.0297275, 49.2091836 ], [ -123.0290815, 49.2091793 ], [ -123.0285992, 49.2093174 ], [ -123.028269, 49.209502 ], [ -123.028074, 49.2096551 ], [ -123.0276822, 49.2100515 ], [ -123.0273679, 49.210396 ], [ -123.0272779, 49.2105584 ], [ -123.0270984, 49.2108543 ], [ -123.0268641, 49.2112343 ], [ -123.026683, 49.2113843 ], [ -123.0264553, 49.2115113 ], [ -123.0260582, 49.2117111 ], [ -123.0258447, 49.211806 ], [ -123.0256288, 49.211902 ], [ -123.0253317, 49.211592 ], [ -123.0246737, 49.2117513 ], [ -123.0245446, 49.2122036 ], [ -123.0244939, 49.2129093 ], [ -123.0251039, 49.2128983 ], [ -123.02521, 49.2132777 ], [ -123.0254657, 49.2138911 ], [ -123.0255624, 49.2143748 ], [ -123.0255856, 49.2145475 ], [ -123.0255613, 49.2148198 ], [ -123.025512, 49.2148194 ], [ -123.0238015, 49.2148046 ], [ -123.0236726, 49.2148038 ], [ -123.0236369, 49.2148036 ], [ -123.0236343, 49.213869 ], [ -123.0236341, 49.2138036 ], [ -123.0236335, 49.2135894 ], [ -123.0236314, 49.2128511 ], [ -123.0236303, 49.2124441 ] ] ] ] } },
{ "type": "Feature", "properties": { "name": "59151351", "population": 784, "population_density": 14332.7 }, "geometry": { "type": "MultiPolygon", "coordinates": [ [ [ [ -123.0234538, 49.2345013 ], [ -123.0234561, 49.2343253 ], [ -123.0236113, 49.234325 ], [ -123.0236184, 49.2345019 ], [ -123.0236255, 49.234681 ], [ -123.0236338, 49.2348891 ], [ -123.023635, 49.2349184 ], [ -123.0269409, 49.2364032 ], [ -123.0266403, 49.2366808 ], [ -123.0251866, 49.2380232 ], [ -123.0246999, 49.2378413 ], [ -123.0246621, 49.2378338 ], [ -123.0243307, 49.2377676 ], [ -123.0243175, 49.237765 ], [ -123.0235626, 49.2377604 ], [ -123.0234295, 49.2377603 ], [ -123.0234268, 49.2369882 ], [ -123.0234313, 49.2362118 ], [ -123.0234482, 49.2349242 ], [ -123.0234505, 49.2347518 ], [ -123.0234508, 49.2347263 ], [ -123.0234524, 49.2346093 ], [ -123.0234538, 49.2345013 ] ] ] ] } },
{ "type": "Feature", "properties": { "name": "59151352", "population": 404, "population_density": 10631.6 }, "geometry": { "type": "MultiPolygon", "coordinates": [ [ [ [ -123.0263289, 49.2396969 ], [ -123.0250992, 49.2392369 ], [ -123.0251021, 49.2396 ], [ -123.024344, 49.2395849 ], [ -123.0242342, 49.2395827 ], [ -123.0235839, 49.2395698 ], [ -123.0235838, 49.2395608 ], [ -123.0235626, 49.2377604 ], [ -123.0243175, 49.237765 ], [ -123.0243307, 49.2377676 ], [ -123.0246621, 49.2378338 ], [ -123.0246999, 49.2378413 ], [ -123.0251866, 49.2380232 ], [ -123.0256231, 49.2382044 ], [ -123.0261697, 49.2384313 ], [ -123.0271353, 49.2388336 ], [ -123.0267155, 49.239283 ], [ -123.0263289, 49.2396969 ] ] ] ] } },
{ "type": "Feature", "properties": { "name": "59151353", "population": 454, "population_density": 6102.2 }, "geometry": { "type": "MultiPolygon", "coordinates": [ [ [ [ -123.0236184, 49.2345019 ], [ -123.0236113, 49.234325 ], [ -123.0240894, 49.2346 ], [ -123.0241738, 49.2346485 ], [ -123.0248123, 49.2350158 ], [ -123.0261505, 49.2356263 ], [ -123.026193, 49.2356457 ], [ -123.0268652, 49.2359544 ], [ -123.0273507, 49.2361774 ], [ -123.0281377, 49.2365389 ], [ -123.0299345, 49.2373622 ], [ -123.0297332, 49.2375503 ], [ -123.0297129, 49.2375692 ], [ -123.029477, 49.237818 ], [ -123.0281106, 49.2392136 ], [ -123.0276125, 49.2390196 ], [ -123.0271353, 49.2388336 ], [ -123.0261697, 49.2384313 ], [ -123.0256231, 49.2382044 ], [ -123.0251866, 49.2380232 ], [ -123.0266403, 49.2366808 ], [ -123.0269409, 49.2364032 ], [ -123.023635, 49.2349184 ], [ -123.0236338, 49.2348891 ], [ -123.0236255, 49.234681 ], [ -123.0236184, 49.2345019 ] ] ] ] } },
{ "type": "Feature", "properties": { "name": "59151354", "population": 480, "population_density": 7894.7 }, "geometry": { "type": "MultiPolygon", "coordinates": [ [ [ [ -123.0296195, 49.2398351 ], [ -123.0291178, 49.2396323 ], [ -123.028686, 49.2400811 ], [ -123.028297, 49.2404853 ], [ -123.0263289, 49.2396969 ], [ -123.0267155, 49.239283 ], [ -123.0271353, 49.2388336 ], [ -123.0276125, 49.2390196 ], [ -123.0281106, 49.2392136 ], [ -123.029477, 49.237818 ], [ -123.0297129, 49.2375692 ], [ -123.0297332, 49.2375503 ], [ -123.0299345, 49.2373622 ], [ -123.030674, 49.2376721 ], [ -123.0309054, 49.2377691 ], [ -123.0313707, 49.2380019 ], [ -123.0318487, 49.238241 ], [ -123.0317495, 49.2383447 ], [ -123.0317071, 49.2383891 ], [ -123.0316607, 49.2384376 ], [ -123.0316515, 49.2384472 ], [ -123.0315919, 49.2385095 ], [ -123.0301271, 49.2400402 ], [ -123.0296195, 49.2398351 ] ] ] ] } },
{ "type": "Feature", "properties": { "name": "59151355", "population": 678, "population_density": 7306.0 }, "geometry": { "type": "MultiPolygon", "coordinates": [ [ [ [ -123.0279123, 49.241498 ], [ -123.0255417, 49.2405174 ], [ -123.0259436, 49.2400985 ], [ -123.0263289, 49.2396969 ], [ -123.028297, 49.2404853 ], [ -123.028686, 49.2400811 ], [ -123.0291178, 49.2396323 ], [ -123.0296195, 49.2398351 ], [ -123.0301271, 49.2400402 ], [ -123.030397, 49.2401502 ], [ -123.030615, 49.240239 ], [ -123.0320314, 49.240816 ], [ -123.0330013, 49.2412174 ], [ -123.0325733, 49.2416592 ], [ -123.0321854, 49.2420598 ], [ -123.0318165, 49.2424538 ], [ -123.0313747, 49.2429257 ], [ -123.0308931, 49.2427272 ], [ -123.0304666, 49.2425515 ], [ -123.029647, 49.2422138 ], [ -123.0289987, 49.2419466 ], [ -123.0285048, 49.2417431 ], [ -123.0279123, 49.241498 ] ] ] ] } },
{ "type": "Feature", "properties": { "name": "59151356", "population": 1190, "population_density": 20659.7 }, "geometry": { "type": "MultiPolygon", "coordinates": [ [ [ [ -123.0317495, 49.2383447 ], [ -123.0318487, 49.238241 ], [ -123.0323373, 49.2384592 ], [ -123.0330075, 49.2387584 ], [ -123.0337236, 49.2390474 ], [ -123.0346629, 49.2394336 ], [ -123.0341989, 49.2399901 ], [ -123.0338115, 49.2404011 ], [ -123.0333906, 49.2408252 ], [ -123.0330013, 49.2412174 ], [ -123.0320314, 49.240816 ], [ -123.030615, 49.240239 ], [ -123.030397, 49.2401502 ], [ -123.0301271, 49.2400402 ], [ -123.0315919, 49.2385095 ], [ -123.0316515, 49.2384472 ], [ -123.0316607, 49.2384376 ], [ -123.0317071, 49.2383891 ], [ -123.0317495, 49.2383447 ] ] ] ] } },
{ "type": "Feature", "properties": { "name": "59151357", "population": 627, "population_density": 5573.3 }, "geometry": { "type": "MultiPolygon", "coordinates": [ [ [ [ -123.0333906, 49.2408252 ], [ -123.0338115, 49.2404011 ], [ -123.0368235, 49.2416378 ], [ -123.0364219, 49.2420578 ], [ -123.0360128, 49.2424857 ], [ -123.0344192, 49.2441715 ], [ -123.0340912, 49.2445129 ], [ -123.033332, 49.2445073 ], [ -123.0331122, 49.2445056 ], [ -123.0314914, 49.2444936 ], [ -123.0316441, 49.2441239 ], [ -123.0305974, 49.2437627 ], [ -123.0309998, 49.2433294 ], [ -123.0313747, 49.2429257 ], [ -123.0318165, 49.2424538 ], [ -123.0321854, 49.2420598 ], [ -123.0325733, 49.2416592 ], [ -123.0330013, 49.2412174 ], [ -123.0333906, 49.2408252 ] ] ] ] } },
{ "type": "Feature", "properties": { "name": "59151358", "population": 482, "population_density": 7824.7 }, "geometry": { "type": "MultiPolygon", "coordinates": [ [ [ [ -123.0341989, 49.2399901 ], [ -123.0346629, 49.2394336 ], [ -123.0366809, 49.2402592 ], [ -123.0377583, 49.2406978 ], [ -123.0376736, 49.2407809 ], [ -123.0371972, 49.2412481 ], [ -123.0376939, 49.2414522 ], [ -123.0382382, 49.2416758 ], [ -123.0387891, 49.2419006 ], [ -123.0392889, 49.2421046 ], [ -123.0389238, 49.2424891 ], [ -123.0384974, 49.2429322 ], [ -123.0381089, 49.243336 ], [ -123.0374837, 49.2430806 ], [ -123.037057, 49.2429063 ], [ -123.0365441, 49.2426997 ], [ -123.0360128, 49.2424857 ], [ -123.0364219, 49.2420578 ], [ -123.0368235, 49.2416378 ], [ -123.0338115, 49.2404011 ], [ -123.0341989, 49.2399901 ] ] ] ] } },
{ "type": "Feature", "properties": { "name": "59151359", "population": 594, "population_density": 7029.6 }, "geometry": { "type": "MultiPolygon", "coordinates": [ [ [ [ -123.0366588, 49.2445186 ], [ -123.0355276, 49.2445127 ], [ -123.0345132, 49.2445128 ], [ -123.0340912, 49.2445129 ], [ -123.0344192, 49.2441715 ], [ -123.0360128, 49.2424857 ], [ -123.0365441, 49.2426997 ], [ -123.037057, 49.2429063 ], [ -123.0374837, 49.2430806 ], [ -123.0381089, 49.243336 ], [ -123.0384974, 49.2429322 ], [ -123.0389238, 49.2424891 ], [ -123.0404221, 49.2431112 ], [ -123.0408218, 49.2427214 ], [ -123.0417462, 49.2431278 ], [ -123.0414031, 49.2434892 ], [ -123.0405759, 49.2443604 ], [ -123.040589, 49.2445418 ], [ -123.03913, 49.2445306 ], [ -123.0369814, 49.2445202 ], [ -123.0366588, 49.2445186 ] ] ] ] } },
{ "type": "Feature", "properties": { "name": "59151360", "population": 552, "population_density": 7282.3 }, "geometry": { "type": "MultiPolygon", "coordinates": [ [ [ [ -123.039127, 49.2453953 ], [ -123.0366519, 49.2453805 ], [ -123.0366479, 49.2458232 ], [ -123.036644, 49.2462567 ], [ -123.0345423, 49.2462404 ], [ -123.0339055, 49.2462355 ], [ -123.033782, 49.2462339 ], [ -123.033782, 49.2462249 ], [ -123.0337763, 49.2453564 ], [ -123.0337768, 49.2453474 ], [ -123.0337897, 49.2451045 ], [ -123.0338903, 49.2447542 ], [ -123.0339443, 49.244662 ], [ -123.0339987, 49.2446265 ], [ -123.0340912, 49.2445129 ], [ -123.0345132, 49.2445128 ], [ -123.0355276, 49.2445127 ], [ -123.0366588, 49.2445186 ], [ -123.0369814, 49.2445202 ], [ -123.03913, 49.2445306 ], [ -123.040589, 49.2445418 ], [ -123.0411631, 49.2445444 ], [ -123.0421637, 49.244549 ], [ -123.0419422, 49.2447492 ], [ -123.0417908, 49.2449926 ], [ -123.0416898, 49.2451548 ], [ -123.0416258, 49.2454053 ], [ -123.039127, 49.2453953 ] ] ] ] } },
{ "type": "Feature", "properties": { "name": "59151361", "population": 538, "population_density": 4543.9 }, "geometry": { "type": "MultiPolygon", "coordinates": [ [ [ [ -123.0409186, 49.2478859 ], [ -123.0391158, 49.247874 ], [ -123.0391115, 49.2487594 ], [ -123.0384596, 49.2487618 ], [ -123.0371131, 49.2487668 ], [ -123.0365673, 49.2487688 ], [ -123.0365975, 49.2483166 ], [ -123.0366282, 49.2478579 ], [ -123.0366317, 49.2474695 ], [ -123.0366349, 49.2471086 ], [ -123.0366395, 49.2466778 ], [ -123.036644, 49.2462567 ], [ -123.0366479, 49.2458232 ], [ -123.0366519, 49.2453805 ], [ -123.039127, 49.2453953 ], [ -123.0416258, 49.2454053 ], [ -123.0416248, 49.2458484 ], [ -123.0416239, 49.2462322 ], [ -123.0416234, 49.246658 ], [ -123.0416229, 49.2470663 ], [ -123.041622, 49.2474676 ], [ -123.0416211, 49.2478905 ], [ -123.0409186, 49.2478859 ] ] ] ] } },
{ "type": "Feature", "properties": { "name": "59151362", "population": 579, "population_density": 7442.2 }, "geometry": { "type": "MultiPolygon", "coordinates": [ [ [ [ -123.033764, 49.247863 ], [ -123.0337749, 49.2470967 ], [ -123.0337891, 49.2470969 ], [ -123.0338888, 49.247098 ], [ -123.033889, 49.2470889 ], [ -123.0339055, 49.2462355 ], [ -123.0345423, 49.2462404 ], [ -123.036644, 49.2462567 ], [ -123.0366395, 49.2466778 ], [ -123.0366349, 49.2471086 ], [ -123.0366317, 49.2474695 ], [ -123.0366282, 49.2478579 ], [ -123.0365975, 49.2483166 ], [ -123.0365673, 49.2487688 ], [ -123.0365628, 49.2491965 ], [ -123.0365578, 49.2496711 ], [ -123.0345442, 49.2496617 ], [ -123.0338721, 49.2496585 ], [ -123.0337527, 49.2496571 ], [ -123.0337546, 49.2487689 ], [ -123.0337638, 49.247872 ], [ -123.033764, 49.247863 ] ] ] ] } },
{ "type": "Feature", "properties": { "name": "59151363", "population": 658, "population_density": 6811.6 }, "geometry": { "type": "MultiPolygon", "coordinates": [ [ [ [ -123.0338704, 49.2506169 ], [ -123.0338705, 49.2506079 ], [ -123.0337747, 49.2506068 ], [ -123.0337566, 49.2506066 ], [ -123.0337527, 49.2496571 ], [ -123.0338721, 49.2496585 ], [ -123.0345442, 49.2496617 ], [ -123.0365578, 49.2496711 ], [ -123.0365628, 49.2491965 ], [ -123.0365673, 49.2487688 ], [ -123.0371131, 49.2487668 ], [ -123.0384596, 49.2487618 ], [ -123.0391115, 49.2487594 ], [ -123.0391085, 49.2496673 ], [ -123.0391032, 49.2506103 ], [ -123.0391011, 49.2510756 ], [ -123.0390993, 49.2514902 ], [ -123.0365957, 49.2514863 ], [ -123.0345455, 49.2514827 ], [ -123.0338627, 49.2514815 ], [ -123.0338704, 49.2506169 ] ] ] ] } },
{ "type": "Feature", "properties": { "name": "59151364", "population": 718, "population_density": 7907.5 }, "geometry": { "type": "MultiPolygon", "coordinates": [ [ [ [ -123.0391115, 49.2487594 ], [ -123.0391158, 49.247874 ], [ -123.0409186, 49.2478859 ], [ -123.0416211, 49.2478905 ], [ -123.0416157, 49.2487515 ], [ -123.0417804, 49.2491839 ], [ -123.0416013, 49.2494078 ], [ -123.0415905, 49.2496633 ], [ -123.041598, 49.2501481 ], [ -123.0416052, 49.2506177 ], [ -123.0416153, 49.2510653 ], [ -123.0416249, 49.2514938 ], [ -123.041623, 49.2516327 ], [ -123.0416135, 49.2523402 ], [ -123.0390962, 49.2523351 ], [ -123.0390977, 49.2519122 ], [ -123.0390993, 49.2514902 ], [ -123.0391011, 49.2510756 ], [ -123.0391032, 49.2506103 ], [ -123.0391085, 49.2496673 ], [ -123.0391115, 49.2487594 ] ] ] ] } },
{ "type": "Feature", "properties": { "name": "59151365", "population": 534, "population_density": 7864.5 }, "geometry": { "type": "MultiPolygon", "coordinates": [ [ [ [ -123.0365905, 49.2519222 ], [ -123.0365957, 49.2514863 ], [ -123.0390993, 49.2514902 ], [ -123.0390977, 49.2519122 ], [ -123.0390962, 49.2523351 ], [ -123.0416135, 49.2523402 ], [ -123.0416094, 49.2527479 ], [ -123.0416052, 49.2531597 ], [ -123.0416033, 49.2534135 ], [ -123.0416019, 49.2536024 ], [ -123.0415988, 49.2540144 ], [ -123.0390897, 49.2540077 ], [ -123.0390908, 49.2535943 ], [ -123.039092, 49.2531547 ], [ -123.0365787, 49.2531506 ], [ -123.0365857, 49.252331 ], [ -123.0365905, 49.2519222 ] ] ] ] } },
{ "type": "Feature", "properties": { "name": "59151366", "population": 496, "population_density": 3289.1 }, "geometry": { "type": "MultiPolygon", "coordinates": [ [ [ [ -123.0435495, 49.255403 ], [ -123.041586, 49.2554003 ], [ -123.0415838, 49.2555858 ], [ -123.0390814, 49.2555803 ], [ -123.0390833, 49.2551864 ], [ -123.0390853, 49.2547651 ], [ -123.0390875, 49.2543859 ], [ -123.0390897, 49.2540077 ], [ -123.0415988, 49.2540144 ], [ -123.0416019, 49.2536024 ], [ -123.0416033, 49.2534135 ], [ -123.0416052, 49.2531597 ], [ -123.0416094, 49.2527479 ], [ -123.0416135, 49.2523402 ], [ -123.041623, 49.2516327 ], [ -123.0416249, 49.2514938 ], [ -123.0416153, 49.2510653 ], [ -123.0416052, 49.2506177 ], [ -123.041598, 49.2501481 ], [ -123.0415905, 49.2496633 ], [ -123.0416013, 49.2494078 ], [ -123.0417804, 49.2491839 ], [ -123.0423223, 49.2496248 ], [ -123.0427973, 49.2498228 ], [ -123.0434581, 49.2500983 ], [ -123.0438225, 49.2503289 ], [ -123.04407, 49.2505843 ], [ -123.0441564, 49.2506723 ], [ -123.0442186, 49.2508379 ], [ -123.0442974, 49.2512617 ], [ -123.0442959, 49.2515003 ], [ -123.0442846, 49.2523468 ], [ -123.0442752, 49.2531842 ], [ -123.0442719, 49.2534124 ], [ -123.0442631, 49.2540207 ], [ -123.044263, 49.2543892 ], [ -123.0442464, 49.2554039 ], [ -123.0435495, 49.255403 ] ] ] ] } },
{ "type": "Feature", "properties": { "name": "59151367", "population": 555, "population_density": 6423.6 }, "geometry": { "type": "MultiPolygon", "coordinates": [ [ [ [ -123.0337348, 49.2559796 ], [ -123.0337366, 49.2555639 ], [ -123.0337399, 49.2547444 ], [ -123.0337399, 49.2547354 ], [ -123.0338567, 49.254735 ], [ -123.03452, 49.2547389 ], [ -123.036563, 49.2547508 ], [ -123.0365662, 49.2543868 ], [ -123.0365696, 49.2540025 ], [ -123.0390897, 49.2540077 ], [ -123.0390875, 49.2543859 ], [ -123.0390853, 49.2547651 ], [ -123.0390833, 49.2551864 ], [ -123.0390814, 49.2555803 ], [ -123.0390802, 49.255996 ], [ -123.0390791, 49.2563693 ], [ -123.0365503, 49.2563899 ], [ -123.0344937, 49.2564061 ], [ -123.0338498, 49.2564112 ], [ -123.0337331, 49.2564098 ], [ -123.0337348, 49.2559796 ] ] ] ] } },
{ "type": "Feature", "properties": { "name": "59151368", "population": 568, "population_density": 6120.7 }, "geometry": { "type": "MultiPolygon", "coordinates": [ [ [ [ -123.0390897, 49.2540077 ], [ -123.0365696, 49.2540025 ], [ -123.0365662, 49.2543868 ], [ -123.036563, 49.2547508 ], [ -123.03452, 49.2547389 ], [ -123.0338567, 49.254735 ], [ -123.0337399, 49.2547354 ], [ -123.0337461, 49.2539942 ], [ -123.0337467, 49.2531457 ], [ -123.0337486, 49.2527773 ], [ -123.033751, 49.2523054 ], [ -123.0337523, 49.2519227 ], [ -123.0337537, 49.2514797 ], [ -123.0337566, 49.2506156 ], [ -123.0337566, 49.2506066 ], [ -123.0337747, 49.2506068 ], [ -123.0338705, 49.2506079 ], [ -123.0338704, 49.2506169 ], [ -123.0338627, 49.2514815 ], [ -123.0345455, 49.2514827 ], [ -123.0365957, 49.2514863 ], [ -123.0365905, 49.2519222 ], [ -123.0365857, 49.252331 ], [ -123.0365787, 49.2531506 ], [ -123.039092, 49.2531547 ], [ -123.0390908, 49.2535943 ], [ -123.0390897, 49.2540077 ] ] ] ] } },
{ "type": "Feature", "properties": { "name": "59151369", "population": 702, "population_density": 4692.5 }, "geometry": { "type": "MultiPolygon", "coordinates": [ [ [ [ -123.0285513, 49.2510975 ], [ -123.0285225, 49.2506256 ], [ -123.029942, 49.250616 ], [ -123.0310686, 49.2506083 ], [ -123.0330609, 49.250607 ], [ -123.0337566, 49.2506066 ], [ -123.0337566, 49.2506156 ], [ -123.0337537, 49.2514797 ], [ -123.0337523, 49.2519227 ], [ -123.033751, 49.2523054 ], [ -123.0337486, 49.2527773 ], [ -123.0337467, 49.2531457 ], [ -123.0337461, 49.2539942 ], [ -123.0337399, 49.2547354 ], [ -123.0337399, 49.2547444 ], [ -123.0337366, 49.2555639 ], [ -123.0337348, 49.2559796 ], [ -123.0337331, 49.2564098 ], [ -123.0326897, 49.2564009 ], [ -123.0325309, 49.2563497 ], [ -123.0324621, 49.2562917 ], [ -123.0324436, 49.2562761 ], [ -123.0324375, 49.2562627 ], [ -123.0323918, 49.2561621 ], [ -123.0324317, 49.2547436 ], [ -123.0316336, 49.2547349 ], [ -123.0309726, 49.2547277 ], [ -123.0306836, 49.2547369 ], [ -123.0305306, 49.254766 ], [ -123.0303457, 49.254715 ], [ -123.0293017, 49.2540296 ], [ -123.0301945, 49.2534281 ], [ -123.0309864, 49.2529022 ], [ -123.0310376, 49.2528108 ], [ -123.0310394, 49.2527688 ], [ -123.0310582, 49.2523169 ], [ -123.0304175, 49.2523055 ], [ -123.0302005, 49.2522617 ], [ -123.028648, 49.2512398 ], [ -123.0285513, 49.2510975 ] ] ] ] } },
{ "type": "Feature", "properties": { "name": "59151370", "population": 768, "population_density": 6649.4 }, "geometry": { "type": "MultiPolygon", "coordinates": [ [ [ [ -123.0285321, 49.2483261 ], [ -123.0285341, 49.2478911 ], [ -123.0310644, 49.2478833 ], [ -123.0330865, 49.2478749 ], [ -123.0337638, 49.247872 ], [ -123.0337546, 49.2487689 ], [ -123.0337527, 49.2496571 ], [ -123.0337566, 49.2506066 ], [ -123.0330609, 49.250607 ], [ -123.0310686, 49.2506083 ], [ -123.029942, 49.250616 ], [ -123.0285225, 49.2506256 ], [ -123.0285276, 49.2496871 ], [ -123.0285289, 49.2491986 ], [ -123.02853, 49.2487927 ], [ -123.0285321, 49.2483261 ] ] ] ] } },
{ "type": "Feature", "properties": { "name": "59151371", "population": 647, "population_density": 6063.7 }, "geometry": { "type": "MultiPolygon", "coordinates": [ [ [ [ -123.0262623, 49.2492172 ], [ -123.0262633, 49.2488005 ], [ -123.02853, 49.2487927 ], [ -123.0285289, 49.2491986 ], [ -123.0285276, 49.2496871 ], [ -123.0285225, 49.2506256 ], [ -123.0285513, 49.2510975 ], [ -123.028648, 49.2512398 ], [ -123.0302005, 49.2522617 ], [ -123.0304175, 49.2523055 ], [ -123.0310582, 49.2523169 ], [ -123.0310394, 49.2527688 ], [ -123.0310376, 49.2528108 ], [ -123.0309864, 49.2529022 ], [ -123.0301945, 49.2534281 ], [ -123.0293017, 49.2540296 ], [ -123.0287977, 49.2536995 ], [ -123.0265162, 49.2522053 ], [ -123.026307, 49.2520419 ], [ -123.0262432, 49.251933 ], [ -123.0262302, 49.2519109 ], [ -123.0262403, 49.2515167 ], [ -123.026246, 49.2511154 ], [ -123.0262527, 49.2506387 ], [ -123.0262566, 49.2501977 ], [ -123.0262612, 49.2496913 ], [ -123.0262623, 49.2492172 ] ] ] ] } },
{ "type": "Feature", "properties": { "name": "59151372", "population": 554, "population_density": 4946.4 }, "geometry": { "type": "MultiPolygon", "coordinates": [ [ [ [ -123.0235182, 49.2506579 ], [ -123.0235266, 49.2497357 ], [ -123.0235323, 49.2488413 ], [ -123.0235323, 49.2488323 ], [ -123.0235392, 49.2479119 ], [ -123.0235437, 49.2470563 ], [ -123.0235438, 49.2470473 ], [ -123.0236604, 49.2470471 ], [ -123.0236741, 49.247047 ], [ -123.0238487, 49.2470467 ], [ -123.0262708, 49.2470342 ], [ -123.0278787, 49.2470472 ], [ -123.0285384, 49.2470525 ], [ -123.0285364, 49.2474445 ], [ -123.0285341, 49.2478911 ], [ -123.0285321, 49.2483261 ], [ -123.02853, 49.2487927 ], [ -123.0262633, 49.2488005 ], [ -123.0262623, 49.2492172 ], [ -123.0262612, 49.2496913 ], [ -123.0262566, 49.2501977 ], [ -123.0262527, 49.2506387 ], [ -123.0253734, 49.2506424 ], [ -123.0237864, 49.2506527 ], [ -123.0236636, 49.2506551 ], [ -123.0235182, 49.2506579 ] ] ] ] } },
{ "type": "Feature", "properties": { "name": "59151373", "population": 728, "population_density": 3886.8 }, "geometry": { "type": "MultiPolygon", "coordinates": [ [ [ [ -123.0235181, 49.250667 ], [ -123.0235182, 49.2506579 ], [ -123.0236636, 49.2506551 ], [ -123.0237864, 49.2506527 ], [ -123.0253734, 49.2506424 ], [ -123.0262527, 49.2506387 ], [ -123.026246, 49.2511154 ], [ -123.0262403, 49.2515167 ], [ -123.0262302, 49.2519109 ], [ -123.0262432, 49.251933 ], [ -123.026307, 49.2520419 ], [ -123.0265162, 49.2522053 ], [ -123.0287977, 49.2536995 ], [ -123.0293017, 49.2540296 ], [ -123.0303457, 49.254715 ], [ -123.0305306, 49.254766 ], [ -123.0304453, 49.2548754 ], [ -123.0293727, 49.2555809 ], [ -123.0289044, 49.2558843 ], [ -123.028434, 49.2561892 ], [ -123.0278481, 49.2565868 ], [ -123.0273929, 49.2568956 ], [ -123.0268541, 49.2565473 ], [ -123.0267043, 49.2564505 ], [ -123.0263361, 49.2561954 ], [ -123.0261422, 49.256069 ], [ -123.0256794, 49.2557674 ], [ -123.0252577, 49.2554891 ], [ -123.0247339, 49.2551531 ], [ -123.0246381, 49.2550406 ], [ -123.0246342, 49.2542027 ], [ -123.0238058, 49.2542051 ], [ -123.0235066, 49.2542013 ], [ -123.0235088, 49.2533105 ], [ -123.0235089, 49.2532832 ], [ -123.0235096, 49.2531361 ], [ -123.0235129, 49.2524107 ], [ -123.023515, 49.251501 ], [ -123.0235181, 49.250667 ] ] ] ] } },
{ "type": "Feature", "properties": { "name": "59151407", "population": 534, "population_density": 1492.0 }, "geometry": { "type": "MultiPolygon", "coordinates": [ [ [ [ -123.0285237, 49.2693729 ], [ -123.027735, 49.2693737 ], [ -123.0278129, 49.2695308 ], [ -123.0274872, 49.2695308 ], [ -123.0270887, 49.2695315 ], [ -123.0267315, 49.2695307 ], [ -123.0236717, 49.2695283 ], [ -123.0234614, 49.2695288 ], [ -123.0234592, 49.2693919 ], [ -123.0234516, 49.2684611 ], [ -123.0234516, 49.2684521 ], [ -123.023458, 49.2666273 ], [ -123.0234799, 49.2656443 ], [ -123.0234801, 49.2655551 ], [ -123.0234835, 49.2636608 ], [ -123.023496, 49.263059 ], [ -123.0235086, 49.262453 ], [ -123.0235116, 49.2623057 ], [ -123.0235275, 49.2615407 ], [ -123.0236989, 49.2615454 ], [ -123.0237593, 49.2623164 ], [ -123.0237591, 49.2623255 ], [ -123.0237564, 49.2624665 ], [ -123.0237769, 49.2624676 ], [ -123.0252115, 49.2629789 ], [ -123.025439, 49.2630586 ], [ -123.0256234, 49.2629939 ], [ -123.025711, 49.2629636 ], [ -123.0272545, 49.262429 ], [ -123.0282699, 49.2619583 ], [ -123.0285014, 49.2617859 ], [ -123.0284832, 49.2634852 ], [ -123.0284717, 49.2657017 ], [ -123.0299199, 49.2656578 ], [ -123.0310034, 49.2656444 ], [ -123.0310014, 49.2660156 ], [ -123.0310005, 49.2661809 ], [ -123.0310004, 49.2661956 ], [ -123.0309981, 49.2666288 ], [ -123.0309946, 49.2671074 ], [ -123.0309913, 49.267551 ], [ -123.0309912, 49.2680159 ], [ -123.0309911, 49.2684553 ], [ -123.0309908, 49.2689425 ], [ -123.0309906, 49.2691493 ], [ -123.0309905, 49.2693669 ], [ -123.0309767, 49.2693669 ], [ -123.0293207, 49.269371 ], [ -123.0292107, 49.2693712 ], [ -123.0285237, 49.2693729 ] ] ] ] } },
{ "type": "Feature", "properties": { "name": "59151408", "population": 440, "population_density": 9565.2 }, "geometry": { "type": "MultiPolygon", "coordinates": [ [ [ [ -123.0300339, 49.2633414 ], [ -123.0306142, 49.2631178 ], [ -123.0310185, 49.263091 ], [ -123.0310089, 49.2646996 ], [ -123.0330034, 49.2647067 ], [ -123.03367, 49.2647025 ], [ -123.0336599, 49.2656471 ], [ -123.0336598, 49.2656562 ], [ -123.033016, 49.2656534 ], [ -123.0325439, 49.2656513 ], [ -123.0322688, 49.26565 ], [ -123.0320741, 49.2656492 ], [ -123.0318461, 49.2656481 ], [ -123.0310034, 49.2656444 ], [ -123.0299199, 49.2656578 ], [ -123.0296164, 49.2647126 ], [ -123.0296027, 49.2640249 ], [ -123.0296621, 49.263741 ], [ -123.0297546, 49.2635616 ], [ -123.0300339, 49.2633414 ] ] ] ] } },
{ "type": "Feature", "properties": { "name": "59151409", "population": 548, "population_density": 4914.8 }, "geometry": { "type": "MultiPolygon", "coordinates": [ [ [ [ -123.0310185, 49.263091 ], [ -123.0306142, 49.2631178 ], [ -123.0300339, 49.2633414 ], [ -123.0297546, 49.2635616 ], [ -123.0296621, 49.263741 ], [ -123.0296027, 49.2640249 ], [ -123.0296164, 49.2647126 ], [ -123.0299199, 49.2656578 ], [ -123.0284717, 49.2657017 ], [ -123.0284832, 49.2634852 ], [ -123.0285014, 49.2617859 ], [ -123.0304302, 49.2619231 ], [ -123.0304307, 49.2619228 ], [ -123.0304324, 49.2619236 ], [ -123.03154, 49.2620091 ], [ -123.031871, 49.2619417 ], [ -123.033056, 49.2618952 ], [ -123.0333281, 49.2618845 ], [ -123.0336459, 49.2618986 ], [ -123.0336471, 49.2619794 ], [ -123.0336602, 49.2628297 ], [ -123.0336613, 49.2629034 ], [ -123.0336787, 49.2638137 ], [ -123.0336701, 49.2646934 ], [ -123.03367, 49.2647025 ], [ -123.0330034, 49.2647067 ], [ -123.0310089, 49.2646996 ], [ -123.0310185, 49.263091 ] ] ] ] } },
{ "type": "Feature", "properties": { "name": "59151410", "population": 566, "population_density": 6535.8 }, "geometry": { "type": "MultiPolygon", "coordinates": [ [ [ [ -123.0336471, 49.2619794 ], [ -123.0336459, 49.2618986 ], [ -123.0338217, 49.2618989 ], [ -123.034003, 49.2618988 ], [ -123.0351438, 49.2618982 ], [ -123.0365186, 49.2618974 ], [ -123.0365211, 49.2629117 ], [ -123.0365078, 49.2638302 ], [ -123.0365019, 49.2642905 ], [ -123.0364965, 49.2647171 ], [ -123.0364914, 49.265199 ], [ -123.0364864, 49.2656708 ], [ -123.0347892, 49.265666 ], [ -123.0345005, 49.2656652 ], [ -123.0340331, 49.2656638 ], [ -123.0338174, 49.2656632 ], [ -123.0336598, 49.2656562 ], [ -123.0336599, 49.2656471 ], [ -123.03367, 49.2647025 ], [ -123.0336701, 49.2646934 ], [ -123.0336787, 49.2638137 ], [ -123.0336613, 49.2629034 ], [ -123.0336602, 49.2628297 ], [ -123.0336471, 49.2619794 ] ] ] ] } },
{ "type": "Feature", "properties": { "name": "59151411", "population": 712, "population_density": 7518.5 }, "geometry": { "type": "MultiPolygon", "coordinates": [ [ [ [ -123.0365201, 49.2624913 ], [ -123.0365186, 49.2618974 ], [ -123.0378912, 49.2618954 ], [ -123.0390834, 49.2618993 ], [ -123.0390715, 49.262509 ], [ -123.0390635, 49.2629203 ], [ -123.0415524, 49.2629273 ], [ -123.0415483, 49.2633979 ], [ -123.0415444, 49.2638513 ], [ -123.0415334, 49.2647337 ], [ -123.0390334, 49.2647264 ], [ -123.0364965, 49.2647171 ], [ -123.0365019, 49.2642905 ], [ -123.0365078, 49.2638302 ], [ -123.0365211, 49.2629117 ], [ -123.0365201, 49.2624913 ] ] ] ] } },
{ "type": "Feature", "properties": { "name": "59151412", "population": 547, "population_density": 5621.8 }, "geometry": { "type": "MultiPolygon", "coordinates": [ [ [ [ -123.0364914, 49.265199 ], [ -123.0364965, 49.2647171 ], [ -123.0390334, 49.2647264 ], [ -123.0415334, 49.2647337 ], [ -123.0415235, 49.2656856 ], [ -123.0415182, 49.2662136 ], [ -123.0415138, 49.2666563 ], [ -123.0415067, 49.2671401 ], [ -123.0415002, 49.2675811 ], [ -123.0389863, 49.2675734 ], [ -123.0389944, 49.2671142 ], [ -123.0390025, 49.2666523 ], [ -123.036472, 49.2666477 ], [ -123.0364864, 49.2656708 ], [ -123.0364914, 49.265199 ] ] ] ] } },
{ "type": "Feature", "properties": { "name": "59151413", "population": 590, "population_density": 5629.8 }, "geometry": { "type": "MultiPolygon", "coordinates": [ [ [ [ -123.0390715, 49.262509 ], [ -123.0390834, 49.2618993 ], [ -123.0401301, 49.261901 ], [ -123.0415779, 49.2619245 ], [ -123.0435552, 49.2619416 ], [ -123.0443144, 49.2619482 ], [ -123.0443299, 49.262934 ], [ -123.0443199, 49.263867 ], [ -123.0443145, 49.2647496 ], [ -123.044309, 49.2656988 ], [ -123.0435176, 49.2656951 ], [ -123.0415235, 49.2656856 ], [ -123.0415334, 49.2647337 ], [ -123.0415444, 49.2638513 ], [ -123.0415483, 49.2633979 ], [ -123.0415524, 49.2629273 ], [ -123.0390635, 49.2629203 ], [ -123.0390715, 49.262509 ] ] ] ] } },
{ "type": "Feature", "properties": { "name": "59151414", "population": 854, "population_density": 6354.2 }, "geometry": { "type": "MultiPolygon", "coordinates": [ [ [ [ -123.0389407, 49.2695574 ], [ -123.0364358, 49.2695373 ], [ -123.034407, 49.2695366 ], [ -123.0338115, 49.2695364 ], [ -123.0338089, 49.2693615 ], [ -123.036439, 49.2693581 ], [ -123.038946, 49.2693675 ], [ -123.0389702, 49.2684719 ], [ -123.0389863, 49.2675734 ], [ -123.0415002, 49.2675811 ], [ -123.0415067, 49.2671401 ], [ -123.0415138, 49.2666563 ], [ -123.0415182, 49.2662136 ], [ -123.0415235, 49.2656856 ], [ -123.0435176, 49.2656951 ], [ -123.044309, 49.2656988 ], [ -123.0442706, 49.266667 ], [ -123.0442637, 49.2675955 ], [ -123.0442544, 49.2678789 ], [ -123.0442485, 49.2680589 ], [ -123.0442346, 49.2684829 ], [ -123.0442218, 49.2693743 ], [ -123.0442172, 49.269576 ], [ -123.0414661, 49.2695582 ], [ -123.0389407, 49.2695574 ] ] ] ] } },
{ "type": "Feature", "properties": { "name": "59151415", "population": 611, "population_density": 4876.3 }, "geometry": { "type": "MultiPolygon", "coordinates": [ [ [ [ -123.0442706, 49.266667 ], [ -123.044309, 49.2656988 ], [ -123.045043, 49.2656991 ], [ -123.0469839, 49.2657 ], [ -123.0469804, 49.2662205 ], [ -123.0469774, 49.2666655 ], [ -123.0469722, 49.267156 ], [ -123.0469675, 49.2675975 ], [ -123.049481, 49.2675897 ], [ -123.0494736, 49.2680546 ], [ -123.0494669, 49.2684802 ], [ -123.0494597, 49.2689541 ], [ -123.0494589, 49.2690081 ], [ -123.0494532, 49.2693868 ], [ -123.0494412, 49.2695757 ], [ -123.0469362, 49.2695774 ], [ -123.0449229, 49.2695764 ], [ -123.0442172, 49.269576 ], [ -123.0442218, 49.2693743 ], [ -123.0442346, 49.2684829 ], [ -123.0442485, 49.2680589 ], [ -123.0442544, 49.2678789 ], [ -123.0442637, 49.2675955 ], [ -123.0442706, 49.266667 ] ] ] ] } },
{ "type": "Feature", "properties": { "name": "59151416", "population": 548, "population_density": 7007.7 }, "geometry": { "type": "MultiPolygon", "coordinates": [ [ [ [ -123.044309, 49.2656988 ], [ -123.0443145, 49.2647496 ], [ -123.0450422, 49.2647502 ], [ -123.0469962, 49.2647518 ], [ -123.0495029, 49.2647601 ], [ -123.049499, 49.2652299 ], [ -123.0494949, 49.2657074 ], [ -123.0494886, 49.2666702 ], [ -123.0494847, 49.267146 ], [ -123.049481, 49.2675897 ], [ -123.0469675, 49.2675975 ], [ -123.0469722, 49.267156 ], [ -123.0469774, 49.2666655 ], [ -123.0469804, 49.2662205 ], [ -123.0469839, 49.2657 ], [ -123.045043, 49.2656991 ], [ -123.044309, 49.2656988 ] ] ] ] } },
{ "type": "Feature", "properties": { "name": "59151417", "population": 495, "population_density": 6496.1 }, "geometry": { "type": "MultiPolygon", "coordinates": [ [ [ [ -123.0443199, 49.263867 ], [ -123.0443299, 49.262934 ], [ -123.0450268, 49.2629362 ], [ -123.0470124, 49.2629426 ], [ -123.0495738, 49.2629541 ], [ -123.0495393, 49.26344 ], [ -123.049509, 49.2638658 ], [ -123.0495057, 49.2643484 ], [ -123.0495029, 49.2647601 ], [ -123.0469962, 49.2647518 ], [ -123.0450422, 49.2647502 ], [ -123.0443145, 49.2647496 ], [ -123.0443199, 49.263867 ] ] ] ] } },
{ "type": "Feature", "properties": { "name": "59151418", "population": 592, "population_density": 9736.8 }, "geometry": { "type": "MultiPolygon", "coordinates": [ [ [ [ -123.0443299, 49.262934 ], [ -123.0443144, 49.2619482 ], [ -123.0470407, 49.2620021 ], [ -123.049586, 49.2620069 ], [ -123.0505236, 49.2620068 ], [ -123.05221, 49.2620065 ], [ -123.0522085, 49.2625304 ], [ -123.0522073, 49.2629568 ], [ -123.0495738, 49.2629541 ], [ -123.0470124, 49.2629426 ], [ -123.0450268, 49.2629362 ], [ -123.0443299, 49.262934 ] ] ] ] } },
{ "type": "Feature", "properties": { "name": "59151419", "population": 487, "population_density": 6424.8 }, "geometry": { "type": "MultiPolygon", "coordinates": [ [ [ [ -123.0521906, 49.2638679 ], [ -123.049509, 49.2638658 ], [ -123.0495393, 49.26344 ], [ -123.0495738, 49.2629541 ], [ -123.0522073, 49.2629568 ], [ -123.0522085, 49.2625304 ], [ -123.05221, 49.2620065 ], [ -123.0530067, 49.2620067 ], [ -123.0547054, 49.2620179 ], [ -123.0547101, 49.262529 ], [ -123.054714, 49.2629639 ], [ -123.0547134, 49.2634286 ], [ -123.0547128, 49.263871 ], [ -123.0547129, 49.2643461 ], [ -123.054713, 49.2647763 ], [ -123.0521746, 49.2647682 ], [ -123.0521822, 49.2643388 ], [ -123.0521906, 49.2638679 ] ] ] ] } },
{ "type": "Feature", "properties": { "name": "59151420", "population": 576, "population_density": 5765.8 }, "geometry": { "type": "MultiPolygon", "coordinates": [ [ [ [ -123.0495057, 49.2643484 ], [ -123.049509, 49.2638658 ], [ -123.0521906, 49.2638679 ], [ -123.0521822, 49.2643388 ], [ -123.0521746, 49.2647682 ], [ -123.054713, 49.2647763 ], [ -123.0547105, 49.2652456 ], [ -123.054708, 49.2657201 ], [ -123.0547085, 49.2662351 ], [ -123.054709, 49.2666786 ], [ -123.05214, 49.2666742 ], [ -123.0494886, 49.2666702 ], [ -123.0494949, 49.2657074 ], [ -123.049499, 49.2652299 ], [ -123.0495029, 49.2647601 ], [ -123.0495057, 49.2643484 ] ] ] ] } },
{ "type": "Feature", "properties": { "name": "59151423", "population": 865, "population_density": 20843.4 }, "geometry": { "type": "MultiPolygon", "coordinates": [ [ [ [ -123.0530067, 49.2620067 ], [ -123.0530002, 49.2610291 ], [ -123.0547419, 49.26101 ], [ -123.0559929, 49.2610135 ], [ -123.0565797, 49.2610151 ], [ -123.0565891, 49.2612568 ], [ -123.0573954, 49.2612697 ], [ -123.0581879, 49.2612824 ], [ -123.0581572, 49.2622427 ], [ -123.0573967, 49.2622251 ], [ -123.0573503, 49.262224 ], [ -123.0570735, 49.2622176 ], [ -123.0565913, 49.2621315 ], [ -123.0558601, 49.2620267 ], [ -123.0558466, 49.2620247 ], [ -123.055513, 49.2620227 ], [ -123.0549804, 49.2620195 ], [ -123.0547054, 49.2620179 ], [ -123.0530067, 49.2620067 ] ] ] ] } },
{ "type": "Feature", "properties": { "name": "59151424", "population": 567, "population_density": 5334.0 }, "geometry": { "type": "MultiPolygon", "coordinates": [ [ [ [ -123.0547419, 49.26101 ], [ -123.0530002, 49.2610291 ], [ -123.0529994, 49.2605779 ], [ -123.0529986, 49.2600797 ], [ -123.0529987, 49.2600652 ], [ -123.0530009, 49.2596334 ], [ -123.0530034, 49.2591403 ], [ -123.05475, 49.2591519 ], [ -123.0566293, 49.259151 ], [ -123.0566269, 49.2594473 ], [ -123.0573665, 49.2594578 ], [ -123.0582121, 49.2594698 ], [ -123.0582215, 49.2591052 ], [ -123.0591634, 49.2594822 ], [ -123.060151, 49.259873 ], [ -123.060127, 49.2603822 ], [ -123.0601181, 49.2608712 ], [ -123.0601104, 49.2612934 ], [ -123.0581879, 49.2612824 ], [ -123.0573954, 49.2612697 ], [ -123.0565891, 49.2612568 ], [ -123.0565797, 49.2610151 ], [ -123.0559929, 49.2610135 ], [ -123.0547419, 49.26101 ] ] ] ] } },
{ "type": "Feature", "properties": { "name": "59151425", "population": 574, "population_density": 2440.5 }, "geometry": { "type": "MultiPolygon", "coordinates": [ [ [ [ -123.049586, 49.2620069 ], [ -123.0495497, 49.258755 ], [ -123.049569, 49.2583911 ], [ -123.0495704, 49.2583646 ], [ -123.0495734, 49.2578846 ], [ -123.0521164, 49.2575766 ], [ -123.0529519, 49.2575067 ], [ -123.0529548, 49.2572187 ], [ -123.0529563, 49.2570694 ], [ -123.0529601, 49.2566849 ], [ -123.053748, 49.2566078 ], [ -123.0550076, 49.256608 ], [ -123.0550033, 49.2561694 ], [ -123.0550017, 49.2560088 ], [ -123.0558265, 49.2562302 ], [ -123.0566197, 49.256443 ], [ -123.0566167, 49.2567501 ], [ -123.0574994, 49.2567641 ], [ -123.0582772, 49.2567764 ], [ -123.0582759, 49.2568514 ], [ -123.0582512, 49.2582683 ], [ -123.0582447, 49.2587426 ], [ -123.0582215, 49.2591052 ], [ -123.0582121, 49.2594698 ], [ -123.0573665, 49.2594578 ], [ -123.0566269, 49.2594473 ], [ -123.0566293, 49.259151 ], [ -123.05475, 49.2591519 ], [ -123.0530034, 49.2591403 ], [ -123.0530009, 49.2596334 ], [ -123.0529987, 49.2600652 ], [ -123.0529986, 49.2600797 ], [ -123.0529994, 49.2605779 ], [ -123.0530002, 49.2610291 ], [ -123.0530067, 49.2620067 ], [ -123.05221, 49.2620065 ], [ -123.0505236, 49.2620068 ], [ -123.049586, 49.2620069 ] ] ] ] } },
{ "type": "Feature", "properties": { "name": "59151426", "population": 533, "population_density": 2812.7 }, "geometry": { "type": "MultiPolygon", "coordinates": [ [ [ [ -123.060127, 49.2603822 ], [ -123.060151, 49.259873 ], [ -123.0591634, 49.2594822 ], [ -123.0582215, 49.2591052 ], [ -123.0582447, 49.2587426 ], [ -123.0582512, 49.2582683 ], [ -123.0582759, 49.2568514 ], [ -123.0582772, 49.2567764 ], [ -123.058988, 49.2567877 ], [ -123.0614892, 49.2566934 ], [ -123.0614995, 49.2566933 ], [ -123.0625291, 49.2567046 ], [ -123.0630731, 49.2567452 ], [ -123.0653575, 49.2568314 ], [ -123.0660081, 49.2568167 ], [ -123.0659893, 49.2577224 ], [ -123.065965, 49.2586495 ], [ -123.0659498, 49.2595409 ], [ -123.0652675, 49.2595358 ], [ -123.0640372, 49.2595267 ], [ -123.0620702, 49.2595236 ], [ -123.0620693, 49.2596189 ], [ -123.062066, 49.2599617 ], [ -123.0620635, 49.2602316 ], [ -123.0620604, 49.2605644 ], [ -123.0620596, 49.2606456 ], [ -123.0620559, 49.2608883 ], [ -123.0620494, 49.2613056 ], [ -123.0601104, 49.2612934 ], [ -123.0601181, 49.2608712 ], [ -123.060127, 49.2603822 ] ] ] ] } },
{ "type": "Feature", "properties": { "name": "59151427", "population": 565, "population_density": 4858.1 }, "geometry": { "type": "MultiPolygon", "coordinates": [ [ [ [ -123.0620301, 49.2622608 ], [ -123.0582754, 49.2622433 ], [ -123.0581572, 49.2622427 ], [ -123.0581879, 49.2612824 ], [ -123.0601104, 49.2612934 ], [ -123.0620494, 49.2613056 ], [ -123.0620559, 49.2608883 ], [ -123.0620596, 49.2606456 ], [ -123.0620604, 49.2605644 ], [ -123.0620635, 49.2602316 ], [ -123.062066, 49.2599617 ], [ -123.0620693, 49.2596189 ], [ -123.0620702, 49.2595236 ], [ -123.0640372, 49.2595267 ], [ -123.0652675, 49.2595358 ], [ -123.0659498, 49.2595409 ], [ -123.0659419, 49.2599958 ], [ -123.0659342, 49.2604403 ], [ -123.0659314, 49.2608772 ], [ -123.0659306, 49.2610089 ], [ -123.0659282, 49.2613824 ], [ -123.065927, 49.2614707 ], [ -123.065923, 49.2617614 ], [ -123.0659214, 49.261886 ], [ -123.0659184, 49.2621005 ], [ -123.0659175, 49.2621672 ], [ -123.0659158, 49.2622945 ], [ -123.063969, 49.2622749 ], [ -123.0620301, 49.2622608 ] ] ] ] } },
{ "type": "Feature", "properties": { "name": "59151428", "population": 519, "population_density": 7168.5 }, "geometry": { "type": "MultiPolygon", "coordinates": [ [ [ [ -123.0620289, 49.2627503 ], [ -123.0620301, 49.2622608 ], [ -123.063969, 49.2622749 ], [ -123.0659158, 49.2622945 ], [ -123.0659013, 49.2627571 ], [ -123.0658861, 49.2632413 ], [ -123.0658761, 49.2637196 ], [ -123.0658671, 49.2641505 ], [ -123.0658596, 49.2645832 ], [ -123.0658515, 49.2650482 ], [ -123.0639254, 49.2650255 ], [ -123.0639223, 49.2645663 ], [ -123.0639195, 49.2641426 ], [ -123.0620007, 49.2641354 ], [ -123.0620138, 49.2636863 ], [ -123.0620277, 49.2632111 ], [ -123.0620289, 49.2627503 ] ] ] ] } },
{ "type": "Feature", "properties": { "name": "59151429", "population": 590, "population_density": 5917.8 }, "geometry": { "type": "MultiPolygon", "coordinates": [ [ [ [ -123.0580475, 49.2676983 ], [ -123.0580579, 49.2672586 ], [ -123.0580695, 49.2667667 ], [ -123.0599871, 49.2667509 ], [ -123.0600009, 49.2667508 ], [ -123.060013, 49.266358 ], [ -123.0600267, 49.2659093 ], [ -123.0619382, 49.2659244 ], [ -123.0619572, 49.2654755 ], [ -123.061977, 49.2650085 ], [ -123.0619892, 49.2645585 ], [ -123.0620007, 49.2641354 ], [ -123.0639195, 49.2641426 ], [ -123.0639223, 49.2645663 ], [ -123.0639254, 49.2650255 ], [ -123.0639135, 49.2654927 ], [ -123.0639021, 49.2659374 ], [ -123.0638914, 49.2663922 ], [ -123.0638808, 49.2668384 ], [ -123.0638693, 49.2672918 ], [ -123.0638578, 49.267744 ], [ -123.0619339, 49.2677277 ], [ -123.0599947, 49.2677145 ], [ -123.0580475, 49.2676983 ] ] ] ] } },
{ "type": "Feature", "properties": { "name": "59151430", "population": 420, "population_density": 6122.4 }, "geometry": { "type": "MultiPolygon", "coordinates": [ [ [ [ -123.0580695, 49.2667667 ], [ -123.0580778, 49.2663322 ], [ -123.0580861, 49.2658979 ], [ -123.0580958, 49.2654688 ], [ -123.0581067, 49.2649886 ], [ -123.058115, 49.2645512 ], [ -123.0581226, 49.2641532 ], [ -123.0620007, 49.2641354 ], [ -123.0619892, 49.2645585 ], [ -123.061977, 49.2650085 ], [ -123.0619572, 49.2654755 ], [ -123.0619382, 49.2659244 ], [ -123.0600267, 49.2659093 ], [ -123.060013, 49.266358 ], [ -123.0600009, 49.2667508 ], [ -123.0599871, 49.2667509 ], [ -123.0580695, 49.2667667 ] ] ] ] } },
{ "type": "Feature", "properties": { "name": "59151432", "population": 610, "population_density": 4955.3 }, "geometry": { "type": "MultiPolygon", "coordinates": [ [ [ [ -123.0494847, 49.267146 ], [ -123.0494886, 49.2666702 ], [ -123.05214, 49.2666742 ], [ -123.054709, 49.2666786 ], [ -123.054706, 49.2671526 ], [ -123.0547033, 49.2675693 ], [ -123.0547037, 49.2680341 ], [ -123.0547042, 49.2684845 ], [ -123.0546934, 49.2694129 ], [ -123.0546698, 49.2696104 ], [ -123.0541321, 49.2696022 ], [ -123.0520659, 49.2695708 ], [ -123.0494412, 49.2695757 ], [ -123.0494532, 49.2693868 ], [ -123.0494589, 49.2690081 ], [ -123.0494597, 49.2689541 ], [ -123.0494669, 49.2684802 ], [ -123.0494736, 49.2680546 ], [ -123.049481, 49.2675897 ], [ -123.0494847, 49.267146 ] ] ] ] } },
{ "type": "Feature", "properties": { "name": "59151433", "population": 478, "population_density": 6620.5 }, "geometry": { "type": "MultiPolygon", "coordinates": [ [ [ [ -123.0566009, 49.2699854 ], [ -123.0566039, 49.2695533 ], [ -123.0576892, 49.2695559 ], [ -123.0578731, 49.2694951 ], [ -123.0580159, 49.2694963 ], [ -123.0599455, 49.2695102 ], [ -123.0619019, 49.2695346 ], [ -123.0618925, 49.2699918 ], [ -123.0618835, 49.2704331 ], [ -123.061876, 49.2708013 ], [ -123.0618673, 49.2712298 ], [ -123.0599241, 49.2712129 ], [ -123.0579712, 49.2711975 ], [ -123.056593, 49.2711978 ], [ -123.0565956, 49.2707859 ], [ -123.056598, 49.2704052 ], [ -123.0566009, 49.2699854 ] ] ] ] } },
{ "type": "Feature", "properties": { "name": "59151434", "population": 486, "population_density": 5618.5 }, "geometry": { "type": "MultiPolygon", "coordinates": [ [ [ [ -123.0598016, 49.2729468 ], [ -123.0579548, 49.2729067 ], [ -123.0565859, 49.2729342 ], [ -123.0565872, 49.2725038 ], [ -123.0565879, 49.2722957 ], [ -123.0565898, 49.2720498 ], [ -123.0565911, 49.2716223 ], [ -123.0565918, 49.271368 ], [ -123.056593, 49.2711978 ], [ -123.0579712, 49.2711975 ], [ -123.0599241, 49.2712129 ], [ -123.0618673, 49.2712298 ], [ -123.063779, 49.2712458 ], [ -123.0637699, 49.2716815 ], [ -123.0637613, 49.2720902 ], [ -123.0618492, 49.272058 ], [ -123.0618405, 49.2725282 ], [ -123.0618323, 49.2729754 ], [ -123.0604332, 49.2729562 ], [ -123.0598965, 49.2729488 ], [ -123.0598016, 49.2729468 ] ] ] ] } },
{ "type": "Feature", "properties": { "name": "59151435", "population": 537, "population_density": 8111.8 }, "geometry": { "type": "MultiPolygon", "coordinates": [ [ [ [ -123.0618925, 49.2699918 ], [ -123.0619019, 49.2695346 ], [ -123.063807, 49.2695666 ], [ -123.0657694, 49.2695606 ], [ -123.0657531, 49.2704708 ], [ -123.0657467, 49.270835 ], [ -123.0657389, 49.2712811 ], [ -123.0657106, 49.2720973 ], [ -123.0651468, 49.2720953 ], [ -123.0637613, 49.2720902 ], [ -123.0637699, 49.2716815 ], [ -123.063779, 49.2712458 ], [ -123.0618673, 49.2712298 ], [ -123.061876, 49.2708013 ], [ -123.0618835, 49.2704331 ], [ -123.0618925, 49.2699918 ] ] ] ] } },
{ "type": "Feature", "properties": { "name": "59151436", "population": 482, "population_density": 6807.9 }, "geometry": { "type": "MultiPolygon", "coordinates": [ [ [ [ -123.059983, 49.2681751 ], [ -123.0599947, 49.2677145 ], [ -123.0619339, 49.2677277 ], [ -123.0638578, 49.267744 ], [ -123.0638475, 49.2682003 ], [ -123.0638373, 49.2686532 ], [ -123.0657846, 49.2686692 ], [ -123.0657771, 49.2691081 ], [ -123.0657694, 49.2695606 ], [ -123.063807, 49.2695666 ], [ -123.0619019, 49.2695346 ], [ -123.0599455, 49.2695102 ], [ -123.0599575, 49.2691014 ], [ -123.0599717, 49.26862 ], [ -123.059983, 49.2681751 ] ] ] ] } },
{ "type": "Feature", "properties": { "name": "59151437", "population": 423, "population_density": 7434.1 }, "geometry": { "type": "MultiPolygon", "coordinates": [ [ [ [ -123.0639135, 49.2654927 ], [ -123.0639254, 49.2650255 ], [ -123.0658515, 49.2650482 ], [ -123.065843, 49.2655278 ], [ -123.0658356, 49.2659512 ], [ -123.0658276, 49.2664094 ], [ -123.06582, 49.2668507 ], [ -123.0658179, 49.2669673 ], [ -123.0658115, 49.2673271 ], [ -123.0658037, 49.2677591 ], [ -123.0657939, 49.2682267 ], [ -123.0657846, 49.2686692 ], [ -123.0638373, 49.2686532 ], [ -123.0638475, 49.2682003 ], [ -123.0638578, 49.267744 ], [ -123.0638693, 49.2672918 ], [ -123.0638808, 49.2668384 ], [ -123.0638914, 49.2663922 ], [ -123.0639021, 49.2659374 ], [ -123.0639135, 49.2654927 ] ] ] ] } },
{ "type": "Feature", "properties": { "name": "59151438", "population": 412, "population_density": 7317.9 }, "geometry": { "type": "MultiPolygon", "coordinates": [ [ [ [ -123.0657939, 49.2682267 ], [ -123.0658037, 49.2677591 ], [ -123.0663919, 49.2677642 ], [ -123.0689902, 49.2677864 ], [ -123.0696789, 49.2677923 ], [ -123.0696737, 49.268701 ], [ -123.0696755, 49.2695865 ], [ -123.0689663, 49.2695734 ], [ -123.0676965, 49.2695499 ], [ -123.0670128, 49.2695537 ], [ -123.0663943, 49.2695571 ], [ -123.0657694, 49.2695606 ], [ -123.0657771, 49.2691081 ], [ -123.0657846, 49.2686692 ], [ -123.0657939, 49.2682267 ] ] ] ] } },
{ "type": "Feature", "properties": { "name": "59151439", "population": 501, "population_density": 2849.8 }, "geometry": { "type": "MultiPolygon", "coordinates": [ [ [ [ -123.0443815, 49.2592134 ], [ -123.0443329, 49.2588888 ], [ -123.0442803, 49.2585377 ], [ -123.0441873, 49.2583794 ], [ -123.0441936, 49.2581949 ], [ -123.0443749, 49.2581954 ], [ -123.0450775, 49.2581941 ], [ -123.0469948, 49.2581905 ], [ -123.0470073, 49.2577021 ], [ -123.0470123, 49.2575055 ], [ -123.0475645, 49.2575053 ], [ -123.0480311, 49.2574776 ], [ -123.0488625, 49.257503 ], [ -123.0495583, 49.2574094 ], [ -123.0495734, 49.2578846 ], [ -123.0495704, 49.2583646 ], [ -123.049569, 49.2583911 ], [ -123.0495497, 49.258755 ], [ -123.049586, 49.2620069 ], [ -123.0470407, 49.2620021 ], [ -123.0443144, 49.2619482 ], [ -123.0443201, 49.2612115 ], [ -123.0443222, 49.2608981 ], [ -123.0443815, 49.2592134 ] ] ] ] } },
{ "type": "Feature", "properties": { "name": "59151440", "population": 485, "population_density": 6928.6 }, "geometry": { "type": "MultiPolygon", "coordinates": [ [ [ [ -123.0470432, 49.2544459 ], [ -123.0470469, 49.2540276 ], [ -123.0476299, 49.2540292 ], [ -123.0479322, 49.2540301 ], [ -123.0482567, 49.254031 ], [ -123.0486052, 49.2540306 ], [ -123.0489763, 49.25403 ], [ -123.0495439, 49.2540293 ], [ -123.0495386, 49.2544795 ], [ -123.0495292, 49.2554485 ], [ -123.0495261, 49.2559109 ], [ -123.0495232, 49.256341 ], [ -123.0495392, 49.2568285 ], [ -123.0495583, 49.2574094 ], [ -123.0488625, 49.257503 ], [ -123.0480311, 49.2574776 ], [ -123.0475645, 49.2575053 ], [ -123.0470123, 49.2575055 ], [ -123.0470186, 49.2572345 ], [ -123.047023, 49.2568116 ], [ -123.047028, 49.2563304 ], [ -123.0470311, 49.2558851 ], [ -123.0470343, 49.2554334 ], [ -123.0470387, 49.2549406 ], [ -123.0470432, 49.2544459 ] ] ] ] } },
{ "type": "Feature", "properties": { "name": "59151441", "population": 533, "population_density": 5743.5 }, "geometry": { "type": "MultiPolygon", "coordinates": [ [ [ [ -123.0442268, 49.2572221 ], [ -123.0442364, 49.2563152 ], [ -123.0442925, 49.2563153 ], [ -123.0444122, 49.2563155 ], [ -123.0444249, 49.2554043 ], [ -123.0442464, 49.2554039 ], [ -123.044263, 49.2543892 ], [ -123.0442631, 49.2540207 ], [ -123.0444416, 49.2540211 ], [ -123.0450736, 49.2540227 ], [ -123.0470469, 49.2540276 ], [ -123.0470432, 49.2544459 ], [ -123.0470387, 49.2549406 ], [ -123.0470343, 49.2554334 ], [ -123.0470311, 49.2558851 ], [ -123.047028, 49.2563304 ], [ -123.047023, 49.2568116 ], [ -123.0470186, 49.2572345 ], [ -123.0470123, 49.2575055 ], [ -123.0470073, 49.2577021 ], [ -123.0469948, 49.2581905 ], [ -123.0450775, 49.2581941 ], [ -123.0443749, 49.2581954 ], [ -123.0441936, 49.2581949 ], [ -123.0442103, 49.2577031 ], [ -123.0442268, 49.2572221 ] ] ] ] } },
{ "type": "Feature", "properties": { "name": "59151442", "population": 519, "population_density": 4621.5 }, "geometry": { "type": "MultiPolygon", "coordinates": [ [ [ [ -123.0409958, 49.2581415 ], [ -123.0390735, 49.2581149 ], [ -123.0390734, 49.25766 ], [ -123.0390732, 49.257215 ], [ -123.0390761, 49.2568057 ], [ -123.0390791, 49.2563693 ], [ -123.0390802, 49.255996 ], [ -123.0390814, 49.2555803 ], [ -123.0415838, 49.2555858 ], [ -123.041586, 49.2554003 ], [ -123.0435495, 49.255403 ], [ -123.0442464, 49.2554039 ], [ -123.0444249, 49.2554043 ], [ -123.0444122, 49.2563155 ], [ -123.0442925, 49.2563153 ], [ -123.0442364, 49.2563152 ], [ -123.0442268, 49.2572221 ], [ -123.0442103, 49.2577031 ], [ -123.0441936, 49.2581949 ], [ -123.0415961, 49.2581498 ], [ -123.0409958, 49.2581415 ] ] ] ] } },
{ "type": "Feature", "properties": { "name": "59151443", "population": 505, "population_density": 1263.1 }, "geometry": { "type": "MultiPolygon", "coordinates": [ [ [ [ -123.0337279, 49.2569781 ], [ -123.0337331, 49.2564098 ], [ -123.0338498, 49.2564112 ], [ -123.0344937, 49.2564061 ], [ -123.0365503, 49.2563899 ], [ -123.0390791, 49.2563693 ], [ -123.0390761, 49.2568057 ], [ -123.0390732, 49.257215 ], [ -123.0390734, 49.25766 ], [ -123.0390735, 49.2581149 ], [ -123.0409958, 49.2581415 ], [ -123.0415961, 49.2581498 ], [ -123.0441936, 49.2581949 ], [ -123.0441873, 49.2583794 ], [ -123.0442803, 49.2585377 ], [ -123.0443329, 49.2588888 ], [ -123.0443815, 49.2592134 ], [ -123.0443222, 49.2608981 ], [ -123.0443201, 49.2612115 ], [ -123.0443144, 49.2619482 ], [ -123.0435552, 49.2619416 ], [ -123.0415779, 49.2619245 ], [ -123.0401301, 49.261901 ], [ -123.0390834, 49.2618993 ], [ -123.0378912, 49.2618954 ], [ -123.0365186, 49.2618974 ], [ -123.0351438, 49.2618982 ], [ -123.034003, 49.2618988 ], [ -123.0338217, 49.2618989 ], [ -123.0336459, 49.2618986 ], [ -123.0336772, 49.2603513 ], [ -123.0336825, 49.2600853 ], [ -123.0336966, 49.2593888 ], [ -123.0337221, 49.2581282 ], [ -123.0337236, 49.2577517 ], [ -123.0337256, 49.2572365 ], [ -123.0337279, 49.2569781 ] ] ] ] } },
{ "type": "Feature", "properties": { "name": "59151444", "population": 878, "population_density": 1600.7 }, "geometry": { "type": "MultiPolygon", "coordinates": [ [ [ [ -123.0304324, 49.2619236 ], [ -123.0304307, 49.2619228 ], [ -123.0304302, 49.2619231 ], [ -123.0285014, 49.2617859 ], [ -123.0282699, 49.2619583 ], [ -123.0272545, 49.262429 ], [ -123.025711, 49.2629636 ], [ -123.0256234, 49.2629939 ], [ -123.025439, 49.2630586 ], [ -123.0252115, 49.2629789 ], [ -123.0237769, 49.2624676 ], [ -123.0237564, 49.2624665 ], [ -123.0237591, 49.2623255 ], [ -123.0237593, 49.2623164 ], [ -123.0236989, 49.2615454 ], [ -123.0235275, 49.2615407 ], [ -123.0235383, 49.2612654 ], [ -123.0235461, 49.2610998 ], [ -123.0235438, 49.2607935 ], [ -123.0235308, 49.2600968 ], [ -123.0235243, 49.2598768 ], [ -123.023521, 49.2598233 ], [ -123.0234771, 49.2591135 ], [ -123.0234827, 49.2582128 ], [ -123.0234956, 49.2573277 ], [ -123.0234985, 49.2564261 ], [ -123.0235011, 49.2555234 ], [ -123.0235017, 49.2553047 ], [ -123.0235045, 49.2547255 ], [ -123.0235066, 49.2542013 ], [ -123.0238058, 49.2542051 ], [ -123.0246342, 49.2542027 ], [ -123.0246381, 49.2550406 ], [ -123.0247339, 49.2551531 ], [ -123.0252577, 49.2554891 ], [ -123.0256794, 49.2557674 ], [ -123.0261422, 49.256069 ], [ -123.0263361, 49.2561954 ], [ -123.0267043, 49.2564505 ], [ -123.0268541, 49.2565473 ], [ -123.0273929, 49.2568956 ], [ -123.0278481, 49.2565868 ], [ -123.028434, 49.2561892 ], [ -123.0289044, 49.2558843 ], [ -123.0293727, 49.2555809 ], [ -123.0304453, 49.2548754 ], [ -123.0305306, 49.254766 ], [ -123.0306836, 49.2547369 ], [ -123.0309726, 49.2547277 ], [ -123.0316336, 49.2547349 ], [ -123.0324317, 49.2547436 ], [ -123.0323918, 49.2561621 ], [ -123.0324375, 49.2562627 ], [ -123.0324436, 49.2562761 ], [ -123.0324621, 49.2562917 ], [ -123.0325309, 49.2563497 ], [ -123.0326897, 49.2564009 ], [ -123.0337331, 49.2564098 ], [ -123.0337279, 49.2569781 ], [ -123.0337256, 49.2572365 ], [ -123.0337236, 49.2577517 ], [ -123.0337221, 49.2581282 ], [ -123.0336966, 49.2593888 ], [ -123.0336825, 49.2600853 ], [ -123.0336772, 49.2603513 ], [ -123.0336459, 49.2618986 ], [ -123.0333281, 49.2618845 ], [ -123.033056, 49.2618952 ], [ -123.031871, 49.2619417 ], [ -123.03154, 49.2620091 ], [ -123.0304324, 49.2619236 ] ] ] ] } },
{ "type": "Feature", "properties": { "name": "59151448", "population": 660, "population_density": 4570.6 }, "geometry": { "type": "MultiPolygon", "coordinates": [ [ [ [ -123.0442186, 49.2508379 ], [ -123.0441564, 49.2506723 ], [ -123.04428, 49.250673 ], [ -123.0450627, 49.2506744 ], [ -123.0470718, 49.2506783 ], [ -123.0496152, 49.2506821 ], [ -123.0496115, 49.2511345 ], [ -123.0496082, 49.2515485 ], [ -123.0496037, 49.2523753 ], [ -123.0496033, 49.2524117 ], [ -123.049595, 49.2532254 ], [ -123.0495439, 49.2540293 ], [ -123.0489763, 49.25403 ], [ -123.0486052, 49.2540306 ], [ -123.0482567, 49.254031 ], [ -123.0479322, 49.2540301 ], [ -123.0476299, 49.2540292 ], [ -123.0470469, 49.2540276 ], [ -123.0450736, 49.2540227 ], [ -123.0444416, 49.2540211 ], [ -123.0442631, 49.2540207 ], [ -123.0442719, 49.2534124 ], [ -123.0442752, 49.2531842 ], [ -123.0442846, 49.2523468 ], [ -123.0442959, 49.2515003 ], [ -123.0442974, 49.2512617 ], [ -123.0442186, 49.2508379 ] ] ] ] } },
{ "type": "Feature", "properties": { "name": "59151449", "population": 527, "population_density": 6782.5 }, "geometry": { "type": "MultiPolygon", "coordinates": [ [ [ [ -123.0443995, 49.2498313 ], [ -123.0444059, 49.2496864 ], [ -123.0444115, 49.2492475 ], [ -123.0444173, 49.2487959 ], [ -123.0451236, 49.2479063 ], [ -123.0458403, 49.2479097 ], [ -123.0464423, 49.2479124 ], [ -123.0470966, 49.2479153 ], [ -123.0489018, 49.2479244 ], [ -123.0496392, 49.2479281 ], [ -123.0496399, 49.2488028 ], [ -123.0489162, 49.2488039 ], [ -123.0470879, 49.2488068 ], [ -123.0470852, 49.2492555 ], [ -123.0470826, 49.2496895 ], [ -123.0470779, 49.2501371 ], [ -123.0470732, 49.2505918 ], [ -123.0470718, 49.2506783 ], [ -123.0450627, 49.2506744 ], [ -123.04428, 49.250673 ], [ -123.0441564, 49.2506723 ], [ -123.04407, 49.2505843 ], [ -123.0438225, 49.2503289 ], [ -123.043919, 49.2502595 ], [ -123.0440864, 49.2501417 ], [ -123.0442506, 49.2500261 ], [ -123.0443144, 49.2499812 ], [ -123.0443995, 49.2498313 ] ] ] ] } },
{ "type": "Feature", "properties": { "name": "59151450", "population": 663, "population_density": 4175.1 }, "geometry": { "type": "MultiPolygon", "coordinates": [ [ [ [ -123.0417804, 49.2491839 ], [ -123.0416157, 49.2487515 ], [ -123.0416211, 49.2478905 ], [ -123.041622, 49.2474676 ], [ -123.0416229, 49.2470663 ], [ -123.0416234, 49.246658 ], [ -123.0416239, 49.2462322 ], [ -123.0416248, 49.2458484 ], [ -123.0416258, 49.2454053 ], [ -123.0440578, 49.2454287 ], [ -123.0449878, 49.2454526 ], [ -123.0450314, 49.2462545 ], [ -123.0452963, 49.2462518 ], [ -123.0458633, 49.2462538 ], [ -123.046468, 49.2462577 ], [ -123.0471084, 49.2462618 ], [ -123.0471056, 49.2466918 ], [ -123.0471029, 49.2471038 ], [ -123.0489145, 49.2471091 ], [ -123.0496445, 49.2471112 ], [ -123.0496413, 49.2475282 ], [ -123.0496392, 49.2479281 ], [ -123.0489018, 49.2479244 ], [ -123.0470966, 49.2479153 ], [ -123.0464423, 49.2479124 ], [ -123.0458403, 49.2479097 ], [ -123.0451236, 49.2479063 ], [ -123.0444173, 49.2487959 ], [ -123.0444115, 49.2492475 ], [ -123.0444059, 49.2496864 ], [ -123.0443995, 49.2498313 ], [ -123.0443144, 49.2499812 ], [ -123.0442506, 49.2500261 ], [ -123.0440864, 49.2501417 ], [ -123.043919, 49.2502595 ], [ -123.0438225, 49.2503289 ], [ -123.0434581, 49.2500983 ], [ -123.0427973, 49.2498228 ], [ -123.0423223, 49.2496248 ], [ -123.0417804, 49.2491839 ] ] ] ] } },
{ "type": "Feature", "properties": { "name": "59151451", "population": 589, "population_density": 5785.9 }, "geometry": { "type": "MultiPolygon", "coordinates": [ [ [ [ -123.0419422, 49.2447492 ], [ -123.0421637, 49.244549 ], [ -123.0441998, 49.2445752 ], [ -123.0445238, 49.2445794 ], [ -123.0448322, 49.2445837 ], [ -123.0450446, 49.2445867 ], [ -123.0456012, 49.2445945 ], [ -123.0458753, 49.2445984 ], [ -123.0461719, 49.2445994 ], [ -123.0464805, 49.2446013 ], [ -123.0466179, 49.2446021 ], [ -123.0471217, 49.2446052 ], [ -123.0488984, 49.244616 ], [ -123.0496476, 49.2446206 ], [ -123.049659, 49.2454569 ], [ -123.0496582, 49.2455485 ], [ -123.0496569, 49.2457014 ], [ -123.0496556, 49.2458567 ], [ -123.0496523, 49.2462755 ], [ -123.0496445, 49.2471112 ], [ -123.0489145, 49.2471091 ], [ -123.0471029, 49.2471038 ], [ -123.0471056, 49.2466918 ], [ -123.0471084, 49.2462618 ], [ -123.046468, 49.2462577 ], [ -123.0458633, 49.2462538 ], [ -123.0452963, 49.2462518 ], [ -123.0450314, 49.2462545 ], [ -123.0449878, 49.2454526 ], [ -123.0440578, 49.2454287 ], [ -123.0416258, 49.2454053 ], [ -123.0416898, 49.2451548 ], [ -123.0417908, 49.2449926 ], [ -123.0419422, 49.2447492 ] ] ] ] } },
{ "type": "Feature", "properties": { "name": "59151452", "population": 538, "population_density": 6148.6 }, "geometry": { "type": "MultiPolygon", "coordinates": [ [ [ [ -123.0417462, 49.2431278 ], [ -123.0408218, 49.2427214 ], [ -123.0404221, 49.2431112 ], [ -123.0389238, 49.2424891 ], [ -123.0392889, 49.2421046 ], [ -123.0387891, 49.2419006 ], [ -123.0382382, 49.2416758 ], [ -123.0376939, 49.2414522 ], [ -123.0371972, 49.2412481 ], [ -123.0376736, 49.2407809 ], [ -123.0377583, 49.2406978 ], [ -123.0382405, 49.2408951 ], [ -123.038778, 49.241115 ], [ -123.0397256, 49.2415013 ], [ -123.0406651, 49.2418838 ], [ -123.0410945, 49.2420592 ], [ -123.0415993, 49.2422653 ], [ -123.0420424, 49.2424461 ], [ -123.0425389, 49.2426486 ], [ -123.0430643, 49.2428634 ], [ -123.0435828, 49.2430754 ], [ -123.0435126, 49.2431471 ], [ -123.0434694, 49.2431913 ], [ -123.0434678, 49.243193 ], [ -123.0450182, 49.2438238 ], [ -123.0471217, 49.2446052 ], [ -123.0466179, 49.2446021 ], [ -123.0464805, 49.2446013 ], [ -123.0461719, 49.2445994 ], [ -123.0458753, 49.2445984 ], [ -123.0456012, 49.2445945 ], [ -123.0450446, 49.2445867 ], [ -123.0448322, 49.2445837 ], [ -123.0445238, 49.2445794 ], [ -123.0441998, 49.2445752 ], [ -123.0421637, 49.244549 ], [ -123.0411631, 49.2445444 ], [ -123.040589, 49.2445418 ], [ -123.0405759, 49.2443604 ], [ -123.0414031, 49.2434892 ], [ -123.0417462, 49.2431278 ] ] ] ] } },
{ "type": "Feature", "properties": { "name": "59151453", "population": 626, "population_density": 7390.8 }, "geometry": { "type": "MultiPolygon", "coordinates": [ [ [ [ -123.0406651, 49.2418838 ], [ -123.0424752, 49.2400057 ], [ -123.0429455, 49.2401954 ], [ -123.0434217, 49.2403875 ], [ -123.04384, 49.2405569 ], [ -123.0443521, 49.2407643 ], [ -123.0453896, 49.2411828 ], [ -123.04593, 49.2414006 ], [ -123.0464781, 49.2416216 ], [ -123.046106, 49.2420054 ], [ -123.0455507, 49.2425779 ], [ -123.0446469, 49.2435099 ], [ -123.0441652, 49.2433132 ], [ -123.0435828, 49.2430754 ], [ -123.0430643, 49.2428634 ], [ -123.0425389, 49.2426486 ], [ -123.0420424, 49.2424461 ], [ -123.0415993, 49.2422653 ], [ -123.0410945, 49.2420592 ], [ -123.0406651, 49.2418838 ] ] ] ] } },
{ "type": "Feature", "properties": { "name": "59151454", "population": 537, "population_density": 8731.7 }, "geometry": { "type": "MultiPolygon", "coordinates": [ [ [ [ -123.0380702, 49.2403723 ], [ -123.039553, 49.2388248 ], [ -123.0400438, 49.2390236 ], [ -123.0405837, 49.2392422 ], [ -123.0415274, 49.2396239 ], [ -123.0424752, 49.2400057 ], [ -123.0406651, 49.2418838 ], [ -123.0397256, 49.2415013 ], [ -123.038778, 49.241115 ], [ -123.0382405, 49.2408951 ], [ -123.0377583, 49.2406978 ], [ -123.0380702, 49.2403723 ] ] ] ] } },
{ "type": "Feature", "properties": { "name": "59151455", "population": 916, "population_density": 11698.6 }, "geometry": { "type": "MultiPolygon", "coordinates": [ [ [ [ -123.0409307, 49.2388822 ], [ -123.0419776, 49.2377959 ], [ -123.0424354, 49.2379805 ], [ -123.0429201, 49.2381749 ], [ -123.0435132, 49.2384127 ], [ -123.0438719, 49.2385577 ], [ -123.0440031, 49.2386106 ], [ -123.0443925, 49.2387674 ], [ -123.0445534, 49.2388322 ], [ -123.045234, 49.2391056 ], [ -123.045504, 49.2392141 ], [ -123.0457489, 49.2393136 ], [ -123.04678, 49.2397255 ], [ -123.0461282, 49.2404094 ], [ -123.0453896, 49.2411828 ], [ -123.0443521, 49.2407643 ], [ -123.04384, 49.2405569 ], [ -123.0434217, 49.2403875 ], [ -123.0429455, 49.2401954 ], [ -123.0424752, 49.2400057 ], [ -123.0415274, 49.2396239 ], [ -123.0405837, 49.2392422 ], [ -123.0409307, 49.2388822 ] ] ] ] } },
{ "type": "Feature", "properties": { "name": "59151456", "population": 715, "population_density": 4805.1 }, "geometry": { "type": "MultiPolygon", "coordinates": [ [ [ [ -123.0450182, 49.2438238 ], [ -123.0434678, 49.243193 ], [ -123.0434694, 49.2431913 ], [ -123.0435126, 49.2431471 ], [ -123.0435828, 49.2430754 ], [ -123.0441652, 49.2433132 ], [ -123.0446469, 49.2435099 ], [ -123.0455507, 49.2425779 ], [ -123.046106, 49.2420054 ], [ -123.0464781, 49.2416216 ], [ -123.04593, 49.2414006 ], [ -123.0453896, 49.2411828 ], [ -123.0461282, 49.2404094 ], [ -123.04678, 49.2397255 ], [ -123.0473471, 49.2399538 ], [ -123.0502785, 49.2411338 ], [ -123.0499529, 49.2414524 ], [ -123.0495888, 49.2418085 ], [ -123.0489112, 49.2424881 ], [ -123.0493188, 49.2426525 ], [ -123.0502959, 49.2430465 ], [ -123.0508593, 49.2432737 ], [ -123.0499799, 49.2441647 ], [ -123.0498759, 49.2442701 ], [ -123.0496476, 49.2446206 ], [ -123.0488984, 49.244616 ], [ -123.0471217, 49.2446052 ], [ -123.0450182, 49.2438238 ] ] ] ] } },
{ "type": "Feature", "properties": { "name": "59151457", "population": 518, "population_density": 6632.5 }, "geometry": { "type": "MultiPolygon", "coordinates": [ [ [ [ -123.0452291, 49.2366778 ], [ -123.0455707, 49.2363324 ], [ -123.0458986, 49.2364224 ], [ -123.0466936, 49.2367028 ], [ -123.047629, 49.2370644 ], [ -123.0488094, 49.2375669 ], [ -123.0480751, 49.238362 ], [ -123.0478746, 49.2385728 ], [ -123.047432, 49.2390381 ], [ -123.0471115, 49.239376 ], [ -123.04678, 49.2397255 ], [ -123.0457489, 49.2393136 ], [ -123.045504, 49.2392141 ], [ -123.045234, 49.2391056 ], [ -123.0445534, 49.2388322 ], [ -123.0443925, 49.2387674 ], [ -123.0440031, 49.2386106 ], [ -123.0438719, 49.2385577 ], [ -123.0435132, 49.2384127 ], [ -123.0452291, 49.2366778 ] ] ] ] } },
{ "type": "Feature", "properties": { "name": "59151458", "population": 650, "population_density": 9420.3 }, "geometry": { "type": "MultiPolygon", "coordinates": [ [ [ [ -123.0424354, 49.2379805 ], [ -123.0419776, 49.2377959 ], [ -123.0409307, 49.2388822 ], [ -123.0405837, 49.2392422 ], [ -123.0400438, 49.2390236 ], [ -123.039553, 49.2388248 ], [ -123.0399374, 49.2384255 ], [ -123.0409676, 49.2373556 ], [ -123.0412123, 49.2371021 ], [ -123.0423348, 49.2359392 ], [ -123.0443114, 49.2361195 ], [ -123.0444343, 49.2361364 ], [ -123.0448463, 49.2361929 ], [ -123.0452955, 49.2362546 ], [ -123.0455707, 49.2363324 ], [ -123.0452291, 49.2366778 ], [ -123.0435132, 49.2384127 ], [ -123.0429201, 49.2381749 ], [ -123.0424354, 49.2379805 ] ] ] ] } },
{ "type": "Feature", "properties": { "name": "59151459", "population": 531, "population_density": 8021.1 }, "geometry": { "type": "MultiPolygon", "coordinates": [ [ [ [ -123.0391951, 49.2359714 ], [ -123.039546, 49.2356411 ], [ -123.0407516, 49.2357895 ], [ -123.0423212, 49.2359379 ], [ -123.0423348, 49.2359392 ], [ -123.0412123, 49.2371021 ], [ -123.0409676, 49.2373556 ], [ -123.0399374, 49.2384255 ], [ -123.039553, 49.2388248 ], [ -123.0389645, 49.2385855 ], [ -123.0384863, 49.238391 ], [ -123.0383525, 49.238336 ], [ -123.0380105, 49.2381993 ], [ -123.0371809, 49.2378678 ], [ -123.0375405, 49.2375293 ], [ -123.0381927, 49.2369153 ], [ -123.0381972, 49.236911 ], [ -123.0391951, 49.2359714 ] ] ] ] } },
{ "type": "Feature", "properties": { "name": "59151460", "population": 414, "population_density": 6438.6 }, "geometry": { "type": "MultiPolygon", "coordinates": [ [ [ [ -123.0364912, 49.2350296 ], [ -123.0368896, 49.2346232 ], [ -123.0378036, 49.2350383 ], [ -123.0387358, 49.2353846 ], [ -123.0390348, 49.2354973 ], [ -123.039546, 49.2356411 ], [ -123.0391951, 49.2359714 ], [ -123.0381972, 49.236911 ], [ -123.0381927, 49.2369153 ], [ -123.0375405, 49.2375293 ], [ -123.0371809, 49.2378678 ], [ -123.03647, 49.2375825 ], [ -123.0356399, 49.2372507 ], [ -123.0346969, 49.23686 ], [ -123.0350283, 49.236522 ], [ -123.0364912, 49.2350296 ] ] ] ] } },
{ "type": "Feature", "properties": { "name": "59151461", "population": 649, "population_density": 10000.0 }, "geometry": { "type": "MultiPolygon", "coordinates": [ [ [ [ -123.0361379, 49.23792 ], [ -123.03647, 49.2375825 ], [ -123.0371809, 49.2378678 ], [ -123.0380105, 49.2381993 ], [ -123.0383525, 49.238336 ], [ -123.0384863, 49.238391 ], [ -123.0389645, 49.2385855 ], [ -123.039553, 49.2388248 ], [ -123.0380702, 49.2403723 ], [ -123.0377583, 49.2406978 ], [ -123.0366809, 49.2402592 ], [ -123.0346629, 49.2394336 ], [ -123.0351037, 49.2390034 ], [ -123.0358166, 49.2382465 ], [ -123.0361379, 49.23792 ] ] ] ] } },
{ "type": "Feature", "properties": { "name": "59151463", "population": 458, "population_density": 11036.1 }, "geometry": { "type": "MultiPolygon", "coordinates": [ [ [ [ -123.0335896, 49.2364179 ], [ -123.030456, 49.2351777 ], [ -123.03044, 49.2347423 ], [ -123.030436, 49.2346321 ], [ -123.0304829, 49.2344776 ], [ -123.0305967, 49.2343312 ], [ -123.0309552, 49.2339636 ], [ -123.0316612, 49.2342492 ], [ -123.0341128, 49.2352407 ], [ -123.0345903, 49.2354338 ], [ -123.0349208, 49.2351022 ], [ -123.0352196, 49.2348025 ], [ -123.0354698, 49.2345355 ], [ -123.0358532, 49.2341263 ], [ -123.0359302, 49.2341662 ], [ -123.0355318, 49.2345684 ], [ -123.0352771, 49.2348256 ], [ -123.0346576, 49.2354511 ], [ -123.0342961, 49.235816 ], [ -123.0336701, 49.236448 ], [ -123.0335896, 49.2364179 ] ] ] ] } },
{ "type": "Feature", "properties": { "name": "59151464", "population": 451, "population_density": 7631.1 }, "geometry": { "type": "MultiPolygon", "coordinates": [ [ [ [ -123.0321003, 49.2328053 ], [ -123.0324965, 49.2324034 ], [ -123.033232, 49.232775 ], [ -123.0340703, 49.2331917 ], [ -123.0348995, 49.2336209 ], [ -123.0349103, 49.2336265 ], [ -123.0358532, 49.2341263 ], [ -123.0354698, 49.2345355 ], [ -123.0352196, 49.2348025 ], [ -123.0349208, 49.2351022 ], [ -123.0345903, 49.2354338 ], [ -123.0341128, 49.2352407 ], [ -123.0316612, 49.2342492 ], [ -123.0309552, 49.2339636 ], [ -123.0316127, 49.2332998 ], [ -123.0321003, 49.2328053 ] ] ] ] } },
{ "type": "Feature", "properties": { "name": "59151465", "population": 503, "population_density": 9901.6 }, "geometry": { "type": "MultiPolygon", "coordinates": [ [ [ [ -123.029265, 49.2324223 ], [ -123.0292672, 49.2320416 ], [ -123.0306021, 49.2319711 ], [ -123.0312514, 49.232016 ], [ -123.0317458, 49.2321197 ], [ -123.0321163, 49.2322299 ], [ -123.0324965, 49.2324034 ], [ -123.0321003, 49.2328053 ], [ -123.0316127, 49.2332998 ], [ -123.0309552, 49.2339636 ], [ -123.0305967, 49.2343312 ], [ -123.0304829, 49.2344776 ], [ -123.030436, 49.2346321 ], [ -123.03044, 49.2347423 ], [ -123.030456, 49.2351777 ], [ -123.0299488, 49.2349934 ], [ -123.0292666, 49.2348188 ], [ -123.0292557, 49.2340231 ], [ -123.029264, 49.2325842 ], [ -123.029265, 49.2324223 ] ] ] ] } },
{ "type": "Feature", "properties": { "name": "59151467", "population": 520, "population_density": 34666.7 }, "geometry": { "type": "MultiPolygon", "coordinates": [ [ [ [ -123.0281377, 49.2365389 ], [ -123.028202, 49.2364793 ], [ -123.028802, 49.2359233 ], [ -123.0288778, 49.235853 ], [ -123.0297602, 49.2362242 ], [ -123.0306417, 49.2366313 ], [ -123.0303087, 49.2369755 ], [ -123.0300741, 49.2372179 ], [ -123.0299345, 49.2373622 ], [ -123.0281377, 49.2365389 ] ] ] ] } },
{ "type": "Feature", "properties": { "name": "59151469", "population": 696, "population_density": 7837.8 }, "geometry": { "type": "MultiPolygon", "coordinates": [ [ [ [ -123.0234765, 49.2322855 ], [ -123.0234767, 49.2308576 ], [ -123.0234948, 49.2307691 ], [ -123.0234984, 49.2307514 ], [ -123.0235307, 49.2305934 ], [ -123.0235182, 49.2296799 ], [ -123.023515, 49.229446 ], [ -123.0235121, 49.2292344 ], [ -123.0241188, 49.229235 ], [ -123.0242836, 49.2292352 ], [ -123.0250358, 49.2292359 ], [ -123.0264272, 49.2292257 ], [ -123.0277475, 49.2292305 ], [ -123.0277642, 49.2296703 ], [ -123.0278074, 49.230805 ], [ -123.0271138, 49.2307975 ], [ -123.026456, 49.2307903 ], [ -123.0264743, 49.231757 ], [ -123.026482, 49.232163 ], [ -123.0259314, 49.2321856 ], [ -123.0250776, 49.232226 ], [ -123.0248435, 49.2322376 ], [ -123.0236004, 49.2322889 ], [ -123.0234765, 49.2322945 ], [ -123.0234765, 49.2322855 ] ] ] ] } },
{ "type": "Feature", "properties": { "name": "59151470", "population": 670, "population_density": 8589.7 }, "geometry": { "type": "MultiPolygon", "coordinates": [ [ [ [ -123.0264743, 49.231757 ], [ -123.026456, 49.2307903 ], [ -123.0271138, 49.2307975 ], [ -123.0278074, 49.230805 ], [ -123.0277642, 49.2296703 ], [ -123.0277475, 49.2292305 ], [ -123.0291504, 49.2292332 ], [ -123.02986, 49.2292324 ], [ -123.0305041, 49.2292317 ], [ -123.0305479, 49.229341 ], [ -123.030559, 49.2297323 ], [ -123.0305902, 49.2308268 ], [ -123.0306021, 49.2319711 ], [ -123.0292672, 49.2320416 ], [ -123.0281433, 49.232098 ], [ -123.026482, 49.232163 ], [ -123.0264743, 49.231757 ] ] ] ] } },
{ "type": "Feature", "properties": { "name": "59151471", "population": 742, "population_density": 6993.4 }, "geometry": { "type": "MultiPolygon", "coordinates": [ [ [ [ -123.0305479, 49.229341 ], [ -123.0305041, 49.2292317 ], [ -123.0321472, 49.2292355 ], [ -123.0342393, 49.229258 ], [ -123.0345576, 49.2292613 ], [ -123.0345566, 49.2296593 ], [ -123.0345563, 49.2297583 ], [ -123.0345555, 49.2300675 ], [ -123.0345559, 49.2302549 ], [ -123.0345559, 49.2303969 ], [ -123.0345559, 49.2306668 ], [ -123.0345559, 49.2308566 ], [ -123.0345547, 49.2310908 ], [ -123.0345682, 49.2315659 ], [ -123.0345277, 49.2318783 ], [ -123.0351074, 49.2321095 ], [ -123.0340703, 49.2331917 ], [ -123.033232, 49.232775 ], [ -123.0324965, 49.2324034 ], [ -123.0321163, 49.2322299 ], [ -123.0317458, 49.2321197 ], [ -123.0312514, 49.232016 ], [ -123.0306021, 49.2319711 ], [ -123.0305902, 49.2308268 ], [ -123.030559, 49.2297323 ], [ -123.0305479, 49.229341 ] ] ] ] } },
{ "type": "Feature", "properties": { "name": "59151472", "population": 577, "population_density": 7167.7 }, "geometry": { "type": "MultiPolygon", "coordinates": [ [ [ [ -123.0358532, 49.2341263 ], [ -123.0349103, 49.2336265 ], [ -123.0348995, 49.2336209 ], [ -123.0340703, 49.2331917 ], [ -123.0351074, 49.2321095 ], [ -123.0345277, 49.2318783 ], [ -123.0345682, 49.2315659 ], [ -123.0345547, 49.2310908 ], [ -123.0367154, 49.2310937 ], [ -123.0371355, 49.2310942 ], [ -123.0374344, 49.231142 ], [ -123.0381713, 49.2311455 ], [ -123.0387836, 49.2311485 ], [ -123.038788, 49.2329079 ], [ -123.0387909, 49.2329701 ], [ -123.038777, 49.2329706 ], [ -123.0382777, 49.2329885 ], [ -123.0374402, 49.2331384 ], [ -123.0368142, 49.233396 ], [ -123.0365114, 49.2336011 ], [ -123.0359302, 49.2341662 ], [ -123.0358532, 49.2341263 ] ] ] ] } },
{ "type": "Feature", "properties": { "name": "59151473", "population": 690, "population_density": 8060.7 }, "geometry": { "type": "MultiPolygon", "coordinates": [ [ [ [ -123.0345566, 49.2296593 ], [ -123.0345576, 49.2292613 ], [ -123.0364354, 49.2292643 ], [ -123.0367552, 49.2292647 ], [ -123.0373963, 49.2292655 ], [ -123.038611, 49.2292691 ], [ -123.0388194, 49.2292739 ], [ -123.0402877, 49.2292836 ], [ -123.040274, 49.2297383 ], [ -123.0402324, 49.2311198 ], [ -123.0400416, 49.2311632 ], [ -123.0395174, 49.2311571 ], [ -123.0387836, 49.2311485 ], [ -123.0381713, 49.2311455 ], [ -123.0374344, 49.231142 ], [ -123.0371355, 49.2310942 ], [ -123.0367154, 49.2310937 ], [ -123.0345547, 49.2310908 ], [ -123.0345559, 49.2308566 ], [ -123.0345559, 49.2306668 ], [ -123.0345559, 49.2303969 ], [ -123.0345559, 49.2302549 ], [ -123.0345555, 49.2300675 ], [ -123.0345563, 49.2297583 ], [ -123.0345566, 49.2296593 ] ] ] ] } },
{ "type": "Feature", "properties": { "name": "59151474", "population": 647, "population_density": 7567.3 }, "geometry": { "type": "MultiPolygon", "coordinates": [ [ [ [ -123.0342393, 49.229258 ], [ -123.0321472, 49.2292355 ], [ -123.0320937, 49.2291476 ], [ -123.0320698, 49.2289415 ], [ -123.0320759, 49.2288329 ], [ -123.0320995, 49.2284127 ], [ -123.033568, 49.2284188 ], [ -123.0342763, 49.2284212 ], [ -123.0350022, 49.228425 ], [ -123.0364681, 49.2284301 ], [ -123.036485, 49.2280576 ], [ -123.0364891, 49.2279678 ], [ -123.0365018, 49.227687 ], [ -123.0409161, 49.2277163 ], [ -123.0408892, 49.228084 ], [ -123.0408626, 49.2284481 ], [ -123.0408399, 49.2288575 ], [ -123.0408166, 49.2292783 ], [ -123.0402877, 49.2292836 ], [ -123.0388194, 49.2292739 ], [ -123.038611, 49.2292691 ], [ -123.0373963, 49.2292655 ], [ -123.0367552, 49.2292647 ], [ -123.0364354, 49.2292643 ], [ -123.0345576, 49.2292613 ], [ -123.0342393, 49.229258 ] ] ] ] } },
{ "type": "Feature", "properties": { "name": "59151475", "population": 735, "population_density": 6453.0 }, "geometry": { "type": "MultiPolygon", "coordinates": [ [ [ [ -123.0409161, 49.2277163 ], [ -123.0365018, 49.227687 ], [ -123.0364891, 49.2279678 ], [ -123.036485, 49.2280576 ], [ -123.0364681, 49.2284301 ], [ -123.0350022, 49.228425 ], [ -123.0342763, 49.2284212 ], [ -123.033568, 49.2284188 ], [ -123.0335922, 49.2279681 ], [ -123.0336757, 49.2264111 ], [ -123.0343907, 49.2264137 ], [ -123.0351072, 49.2264163 ], [ -123.0358328, 49.2264187 ], [ -123.036562, 49.2264211 ], [ -123.0365722, 49.2261962 ], [ -123.0387609, 49.2262311 ], [ -123.0387829, 49.2258539 ], [ -123.038806, 49.2254595 ], [ -123.0398841, 49.2254675 ], [ -123.0410109, 49.2254759 ], [ -123.0409283, 49.2263411 ], [ -123.0409917, 49.2269824 ], [ -123.0410971, 49.2272465 ], [ -123.0409929, 49.2273311 ], [ -123.0409161, 49.2277163 ] ] ] ] } },
{ "type": "Feature", "properties": { "name": "59151476", "population": 736, "population_density": 4482.3 }, "geometry": { "type": "MultiPolygon", "coordinates": [ [ [ [ -123.02986, 49.2292324 ], [ -123.0291504, 49.2292332 ], [ -123.0277475, 49.2292305 ], [ -123.0277598, 49.2288152 ], [ -123.0277649, 49.2286442 ], [ -123.0277806, 49.2281135 ], [ -123.0278122, 49.2272991 ], [ -123.0278382, 49.2269355 ], [ -123.0278773, 49.2263893 ], [ -123.0278852, 49.2258382 ], [ -123.027894, 49.2252277 ], [ -123.0306815, 49.2252404 ], [ -123.0322442, 49.2252475 ], [ -123.032218, 49.2258647 ], [ -123.032195, 49.2264046 ], [ -123.0329212, 49.2264078 ], [ -123.0336757, 49.2264111 ], [ -123.0335922, 49.2279681 ], [ -123.033568, 49.2284188 ], [ -123.0320995, 49.2284127 ], [ -123.0320759, 49.2288329 ], [ -123.0320698, 49.2289415 ], [ -123.0320937, 49.2291476 ], [ -123.0321472, 49.2292355 ], [ -123.0305041, 49.2292317 ], [ -123.02986, 49.2292324 ] ] ] ] } },
{ "type": "Feature", "properties": { "name": "59151477", "population": 822, "population_density": 5858.9 }, "geometry": { "type": "MultiPolygon", "coordinates": [ [ [ [ -123.0235237, 49.2263764 ], [ -123.0234798, 49.2251987 ], [ -123.0241442, 49.2252045 ], [ -123.0260138, 49.2252208 ], [ -123.027894, 49.2252277 ], [ -123.0278852, 49.2258382 ], [ -123.0278773, 49.2263893 ], [ -123.0278382, 49.2269355 ], [ -123.0278122, 49.2272991 ], [ -123.0277806, 49.2281135 ], [ -123.0277649, 49.2286442 ], [ -123.0277598, 49.2288152 ], [ -123.0277475, 49.2292305 ], [ -123.0264272, 49.2292257 ], [ -123.0250358, 49.2292359 ], [ -123.0242836, 49.2292352 ], [ -123.0241188, 49.229235 ], [ -123.0235121, 49.2292344 ], [ -123.0235098, 49.228093 ], [ -123.0235237, 49.2263764 ] ] ] ] } },
{ "type": "Feature", "properties": { "name": "59151478", "population": 642, "population_density": 2014.4 }, "geometry": { "type": "MultiPolygon", "coordinates": [ [ [ [ -123.0431049, 49.2293033 ], [ -123.0423589, 49.2292902 ], [ -123.0417363, 49.2292792 ], [ -123.0408166, 49.2292783 ], [ -123.0408399, 49.2288575 ], [ -123.0408626, 49.2284481 ], [ -123.0408892, 49.228084 ], [ -123.0409161, 49.2277163 ], [ -123.0409929, 49.2273311 ], [ -123.0410971, 49.2272465 ], [ -123.0409917, 49.2269824 ], [ -123.0409283, 49.2263411 ], [ -123.0410109, 49.2254759 ], [ -123.0410284, 49.2251333 ], [ -123.0410499, 49.224713 ], [ -123.0426072, 49.2247242 ], [ -123.0427948, 49.2247253 ], [ -123.044155, 49.2247333 ], [ -123.0441814, 49.2242675 ], [ -123.0442432, 49.2231755 ], [ -123.045032, 49.2231763 ], [ -123.0457805, 49.2231771 ], [ -123.0465425, 49.2231766 ], [ -123.0470612, 49.2231762 ], [ -123.0473008, 49.2231215 ], [ -123.0481226, 49.2229373 ], [ -123.048884, 49.2227667 ], [ -123.0487776, 49.2247645 ], [ -123.050339, 49.2247757 ], [ -123.0503218, 49.2250888 ], [ -123.0503193, 49.2251339 ], [ -123.0503119, 49.2252687 ], [ -123.050306, 49.2253739 ], [ -123.0503046, 49.2253993 ], [ -123.0502763, 49.2259144 ], [ -123.0495942, 49.2259102 ], [ -123.047724, 49.2258986 ], [ -123.0476986, 49.226371 ], [ -123.0476791, 49.2267351 ], [ -123.0476595, 49.2271452 ], [ -123.0476422, 49.2275088 ], [ -123.0476178, 49.2279818 ], [ -123.0475947, 49.2284282 ], [ -123.045491, 49.2284156 ], [ -123.0454713, 49.2288726 ], [ -123.0454535, 49.2292857 ], [ -123.0445566, 49.2292924 ], [ -123.0433206, 49.2293017 ], [ -123.0431049, 49.2293033 ] ] ] ] } },
{ "type": "Feature", "properties": { "name": "59151479", "population": 745, "population_density": 8652.7 }, "geometry": { "type": "MultiPolygon", "coordinates": [ [ [ [ -123.040274, 49.2297383 ], [ -123.0402877, 49.2292836 ], [ -123.0408166, 49.2292783 ], [ -123.0417363, 49.2292792 ], [ -123.0423589, 49.2292902 ], [ -123.0431049, 49.2293033 ], [ -123.0431294, 49.2297634 ], [ -123.0431518, 49.2301829 ], [ -123.0431486, 49.230655 ], [ -123.0431455, 49.2311006 ], [ -123.0431226, 49.2315638 ], [ -123.0431028, 49.2319651 ], [ -123.0430948, 49.232481 ], [ -123.0430882, 49.2329061 ], [ -123.0430925, 49.2329891 ], [ -123.0423759, 49.2329887 ], [ -123.0417306, 49.2329883 ], [ -123.0417169, 49.2329883 ], [ -123.0409749, 49.2329812 ], [ -123.0402653, 49.2329743 ], [ -123.0402515, 49.2329742 ], [ -123.0402512, 49.2329586 ], [ -123.0402502, 49.2329075 ], [ -123.0402324, 49.2311198 ], [ -123.040274, 49.2297383 ] ] ] ] } },
{ "type": "Feature", "properties": { "name": "59151480", "population": 538, "population_density": 4180.3 }, "geometry": { "type": "MultiPolygon", "coordinates": [ [ [ [ -123.0431294, 49.2297634 ], [ -123.0431049, 49.2293033 ], [ -123.0433206, 49.2293017 ], [ -123.0445566, 49.2292924 ], [ -123.0454535, 49.2292857 ], [ -123.0459612, 49.2292897 ], [ -123.0459592, 49.2295206 ], [ -123.045957, 49.2297724 ], [ -123.0459532, 49.2302146 ], [ -123.0459507, 49.2306719 ], [ -123.0459483, 49.2311108 ], [ -123.0488074, 49.2311639 ], [ -123.0488028, 49.2315703 ], [ -123.0487977, 49.2320284 ], [ -123.0487919, 49.2323439 ], [ -123.0487902, 49.2324338 ], [ -123.0487842, 49.2327595 ], [ -123.0487819, 49.2340476 ], [ -123.0485582, 49.2340479 ], [ -123.0480637, 49.2340485 ], [ -123.047402, 49.2340494 ], [ -123.0466488, 49.2340501 ], [ -123.0459054, 49.2340508 ], [ -123.0459211, 49.2334428 ], [ -123.0459336, 49.2329598 ], [ -123.0459368, 49.23248 ], [ -123.04594, 49.2319961 ], [ -123.0453289, 49.2319894 ], [ -123.0431028, 49.2319651 ], [ -123.0431226, 49.2315638 ], [ -123.0431455, 49.2311006 ], [ -123.0431486, 49.230655 ], [ -123.0431518, 49.2301829 ], [ -123.0431294, 49.2297634 ] ] ] ] } },
{ "type": "Feature", "properties": { "name": "59151481", "population": 614, "population_density": 6233.5 }, "geometry": { "type": "MultiPolygon", "coordinates": [ [ [ [ -123.0430948, 49.232481 ], [ -123.0431028, 49.2319651 ], [ -123.0453289, 49.2319894 ], [ -123.04594, 49.2319961 ], [ -123.0459368, 49.23248 ], [ -123.0459336, 49.2329598 ], [ -123.0459211, 49.2334428 ], [ -123.0459054, 49.2340508 ], [ -123.0459016, 49.2353854 ], [ -123.0458998, 49.236024 ], [ -123.0458986, 49.2364224 ], [ -123.0455707, 49.2363324 ], [ -123.0452955, 49.2362546 ], [ -123.0448463, 49.2361929 ], [ -123.0444343, 49.2361364 ], [ -123.0443114, 49.2361195 ], [ -123.0423348, 49.2359392 ], [ -123.042874, 49.2353631 ], [ -123.0430344, 49.2351158 ], [ -123.04304, 49.2351073 ], [ -123.0430901, 49.2348159 ], [ -123.0430919, 49.2334344 ], [ -123.0430925, 49.2329891 ], [ -123.0430882, 49.2329061 ], [ -123.0430948, 49.232481 ] ] ] ] } },
{ "type": "Feature", "properties": { "name": "59151482", "population": 559, "population_density": 8054.8 }, "geometry": { "type": "MultiPolygon", "coordinates": [ [ [ [ -123.0459016, 49.2353854 ], [ -123.0459054, 49.2340508 ], [ -123.0466488, 49.2340501 ], [ -123.047402, 49.2340494 ], [ -123.0480637, 49.2340485 ], [ -123.0485582, 49.2340479 ], [ -123.0487819, 49.2340476 ], [ -123.0488499, 49.2358294 ], [ -123.0488507, 49.2370662 ], [ -123.0488509, 49.2373248 ], [ -123.0488094, 49.2375669 ], [ -123.047629, 49.2370644 ], [ -123.0466936, 49.2367028 ], [ -123.0458986, 49.2364224 ], [ -123.0458998, 49.236024 ], [ -123.0459016, 49.2353854 ] ] ] ] } },
{ "type": "Feature", "properties": { "name": "59151483", "population": 634, "population_density": 9505.2 }, "geometry": { "type": "MultiPolygon", "coordinates": [ [ [ [ -123.0402449, 49.2336874 ], [ -123.0402515, 49.2329742 ], [ -123.0402653, 49.2329743 ], [ -123.0409749, 49.2329812 ], [ -123.0417169, 49.2329883 ], [ -123.0417306, 49.2329883 ], [ -123.0423759, 49.2329887 ], [ -123.0430925, 49.2329891 ], [ -123.0430919, 49.2334344 ], [ -123.0430901, 49.2348159 ], [ -123.04304, 49.2351073 ], [ -123.0430344, 49.2351158 ], [ -123.042874, 49.2353631 ], [ -123.0423348, 49.2359392 ], [ -123.0423212, 49.2359379 ], [ -123.0407516, 49.2357895 ], [ -123.039546, 49.2356411 ], [ -123.0399953, 49.2351183 ], [ -123.0401773, 49.2347405 ], [ -123.0402392, 49.2343089 ], [ -123.0402449, 49.2336874 ] ] ] ] } },
{ "type": "Feature", "properties": { "name": "59151484", "population": 503, "population_density": 5945.6 }, "geometry": { "type": "MultiPolygon", "coordinates": [ [ [ [ -123.0359302, 49.2341662 ], [ -123.0365114, 49.2336011 ], [ -123.0368142, 49.233396 ], [ -123.0374402, 49.2331384 ], [ -123.0382777, 49.2329885 ], [ -123.038777, 49.2329706 ], [ -123.0387909, 49.2329701 ], [ -123.038788, 49.2329079 ], [ -123.0387836, 49.2311485 ], [ -123.0395174, 49.2311571 ], [ -123.0400416, 49.2311632 ], [ -123.0402324, 49.2311198 ], [ -123.0402502, 49.2329075 ], [ -123.0402512, 49.2329586 ], [ -123.0402515, 49.2329742 ], [ -123.0402449, 49.2336874 ], [ -123.0402392, 49.2343089 ], [ -123.0401773, 49.2347405 ], [ -123.0399953, 49.2351183 ], [ -123.039546, 49.2356411 ], [ -123.0390348, 49.2354973 ], [ -123.0387358, 49.2353846 ], [ -123.0378036, 49.2350383 ], [ -123.0368896, 49.2346232 ], [ -123.0359302, 49.2341662 ] ] ] ] } },
{ "type": "Feature", "properties": { "name": "59151485", "population": 586, "population_density": 4164.9 }, "geometry": { "type": "MultiPolygon", "coordinates": [ [ [ [ -123.036439, 49.2693581 ], [ -123.0338089, 49.2693615 ], [ -123.0338115, 49.2695364 ], [ -123.0335834, 49.2695364 ], [ -123.033585, 49.2693617 ], [ -123.0335904, 49.2689507 ], [ -123.0335967, 49.2684766 ], [ -123.0335968, 49.2684676 ], [ -123.0336017, 49.2680242 ], [ -123.0336068, 49.2675589 ], [ -123.0336454, 49.266634 ], [ -123.0336552, 49.2659662 ], [ -123.0336598, 49.2656562 ], [ -123.0338174, 49.2656632 ], [ -123.0340331, 49.2656638 ], [ -123.0345005, 49.2656652 ], [ -123.0347892, 49.265666 ], [ -123.0364864, 49.2656708 ], [ -123.036472, 49.2666477 ], [ -123.0390025, 49.2666523 ], [ -123.0389944, 49.2671142 ], [ -123.0389863, 49.2675734 ], [ -123.0389702, 49.2684719 ], [ -123.038946, 49.2693675 ], [ -123.036439, 49.2693581 ] ] ] ] } },
{ "type": "Feature", "properties": { "name": "59151486", "population": 735, "population_density": 8467.7 }, "geometry": { "type": "MultiPolygon", "coordinates": [ [ [ [ -123.0309036, 49.2695329 ], [ -123.0278129, 49.2695308 ], [ -123.027735, 49.2693737 ], [ -123.0285237, 49.2693729 ], [ -123.0292107, 49.2693712 ], [ -123.0293207, 49.269371 ], [ -123.0309767, 49.2693669 ], [ -123.0309905, 49.2693669 ], [ -123.0309906, 49.2691493 ], [ -123.0309908, 49.2689425 ], [ -123.0309911, 49.2684553 ], [ -123.0309912, 49.2680159 ], [ -123.0309913, 49.267551 ], [ -123.0309946, 49.2671074 ], [ -123.0309981, 49.2666288 ], [ -123.0310004, 49.2661956 ], [ -123.0310005, 49.2661809 ], [ -123.0310014, 49.2660156 ], [ -123.0310034, 49.2656444 ], [ -123.0318461, 49.2656481 ], [ -123.0320741, 49.2656492 ], [ -123.0322688, 49.26565 ], [ -123.0325439, 49.2656513 ], [ -123.033016, 49.2656534 ], [ -123.0336598, 49.2656562 ], [ -123.0336552, 49.2659662 ], [ -123.0336454, 49.266634 ], [ -123.0336068, 49.2675589 ], [ -123.0336017, 49.2680242 ], [ -123.0335968, 49.2684676 ], [ -123.0335967, 49.2684766 ], [ -123.0335904, 49.2689507 ], [ -123.033585, 49.2693617 ], [ -123.0335834, 49.2695364 ], [ -123.0324581, 49.2695352 ], [ -123.0313027, 49.2695331 ], [ -123.0309036, 49.2695329 ] ] ] ] } },
{ "type": "Feature", "properties": { "name": "59152941", "population": 1691, "population_density": 2379.0 }, "geometry": { "type": "MultiPolygon", "coordinates": [ [ [ [ -123.0383961, 49.2063656 ], [ -123.036704, 49.206129 ], [ -123.0366366, 49.2069064 ], [ -123.0366252, 49.2069772 ], [ -123.0372169, 49.2070866 ], [ -123.0377761, 49.2072879 ], [ -123.0389009, 49.207828 ], [ -123.0385249, 49.2080213 ], [ -123.0381486, 49.2081776 ], [ -123.0377983, 49.2082698 ], [ -123.0371586, 49.2083171 ], [ -123.0354053, 49.2083825 ], [ -123.0346552, 49.2084104 ], [ -123.0339604, 49.208439 ], [ -123.0335318, 49.2084245 ], [ -123.0329734, 49.2083541 ], [ -123.0326089, 49.2083081 ], [ -123.0312836, 49.2081418 ], [ -123.0311726, 49.2081279 ], [ -123.0308977, 49.2080934 ], [ -123.0300346, 49.2080075 ], [ -123.0298906, 49.2079933 ], [ -123.0293092, 49.2079361 ], [ -123.0290179, 49.2079072 ], [ -123.0287569, 49.2078813 ], [ -123.0287032, 49.207876 ], [ -123.0286616, 49.2078719 ], [ -123.0285047, 49.2078563 ], [ -123.0280154, 49.2078257 ], [ -123.0275507, 49.2078606 ], [ -123.0261002, 49.2079692 ], [ -123.0257926, 49.2079941 ], [ -123.0240351, 49.2081381 ], [ -123.023671, 49.2081679 ], [ -123.0235871, 49.208174 ], [ -123.0235373, 49.2081777 ], [ -123.0234126, 49.2075959 ], [ -123.0233482, 49.2069539 ], [ -123.0233415, 49.2068868 ], [ -123.0233864, 49.2055007 ], [ -123.0233861, 49.2054827 ], [ -123.0233835, 49.2053313 ], [ -123.0233826, 49.2045322 ], [ -123.0234348, 49.2044237 ], [ -123.0234256, 49.2042883 ], [ -123.0234018, 49.2039327 ], [ -123.0233767, 49.2034456 ], [ -123.0232042, 49.2029912 ], [ -123.0229365, 49.2026073 ], [ -123.0232533, 49.2024377 ], [ -123.0233857, 49.202235 ], [ -123.0234276, 49.201474 ], [ -123.0234174, 49.2013589 ], [ -123.0231395, 49.1997445 ], [ -123.0241681, 49.2000168 ], [ -123.029777, 49.2012901 ], [ -123.039876, 49.2037751 ], [ -123.0421481, 49.2041327 ], [ -123.0423256, 49.2041577 ], [ -123.042534, 49.2052739 ], [ -123.0423061, 49.2057901 ], [ -123.0423011, 49.2059008 ], [ -123.0422934, 49.2060697 ], [ -123.042272, 49.2065414 ], [ -123.0422577, 49.2067878 ], [ -123.0405461, 49.2066661 ], [ -123.0383961, 49.2063656 ] ] ] ] } },
{ "type": "Feature", "properties": { "name": "59152942", "population": 1104, "population_density": 1652.2 }, "geometry": { "type": "MultiPolygon", "coordinates": [ [ [ [ -123.0344417, 49.2135601 ], [ -123.0338342, 49.2136388 ], [ -123.033515, 49.2137796 ], [ -123.0332655, 49.2140331 ], [ -123.0332116, 49.2141902 ], [ -123.0332228, 49.2144004 ], [ -123.0333105, 49.2146168 ], [ -123.033735, 49.2156639 ], [ -123.033056, 49.2156588 ], [ -123.0314192, 49.2155011 ], [ -123.0311868, 49.2154857 ], [ -123.0306863, 49.2155863 ], [ -123.0303064, 49.2156893 ], [ -123.0302504, 49.2155995 ], [ -123.030109, 49.2153209 ], [ -123.0299883, 49.2150193 ], [ -123.0298791, 49.214474 ], [ -123.0298207, 49.2139165 ], [ -123.0297811, 49.2135393 ], [ -123.0297504, 49.2132469 ], [ -123.0297316, 49.2130673 ], [ -123.0297104, 49.2127776 ], [ -123.0297156, 49.212675 ], [ -123.0297268, 49.2121772 ], [ -123.0297035, 49.2118973 ], [ -123.0295511, 49.2115985 ], [ -123.0294746, 49.2115081 ], [ -123.0293126, 49.2113153 ], [ -123.0288077, 49.2109924 ], [ -123.02858, 49.2109051 ], [ -123.0272779, 49.2105584 ], [ -123.0273679, 49.210396 ], [ -123.0276822, 49.2100515 ], [ -123.028074, 49.2096551 ], [ -123.028269, 49.209502 ], [ -123.0285992, 49.2093174 ], [ -123.0290815, 49.2091793 ], [ -123.0297275, 49.2091836 ], [ -123.0302013, 49.2091138 ], [ -123.0306524, 49.2088614 ], [ -123.0308176, 49.2085524 ], [ -123.0308689, 49.2083944 ], [ -123.0308977, 49.2080934 ], [ -123.0311726, 49.2081279 ], [ -123.0312836, 49.2081418 ], [ -123.0326089, 49.2083081 ], [ -123.0329734, 49.2083541 ], [ -123.0335318, 49.2084245 ], [ -123.0339604, 49.208439 ], [ -123.0346552, 49.2084104 ], [ -123.0354053, 49.2083825 ], [ -123.0371586, 49.2083171 ], [ -123.0377983, 49.2082698 ], [ -123.0381486, 49.2081776 ], [ -123.0385249, 49.2080213 ], [ -123.0389009, 49.207828 ], [ -123.0377761, 49.2072879 ], [ -123.0372169, 49.2070866 ], [ -123.0366252, 49.2069772 ], [ -123.0366366, 49.2069064 ], [ -123.036704, 49.206129 ], [ -123.0383961, 49.2063656 ], [ -123.0405461, 49.2066661 ], [ -123.0422577, 49.2067878 ], [ -123.0422573, 49.2071011 ], [ -123.0422563, 49.2080382 ], [ -123.0422584, 49.2081114 ], [ -123.0422587, 49.2081219 ], [ -123.0422597, 49.2081572 ], [ -123.0421683, 49.2089231 ], [ -123.0417873, 49.2108342 ], [ -123.0417039, 49.2120709 ], [ -123.0416645, 49.2126557 ], [ -123.0416385, 49.2130408 ], [ -123.0415997, 49.2138216 ], [ -123.040837, 49.2138007 ], [ -123.0402256, 49.2137839 ], [ -123.0388694, 49.2137458 ], [ -123.038135, 49.2137058 ], [ -123.0369205, 49.2135976 ], [ -123.0356594, 49.2135098 ], [ -123.0352347, 49.2134981 ], [ -123.0344417, 49.2135601 ] ] ] ] } },
{ "type": "Feature", "properties": { "name": "59152943", "population": 660, "population_density": 4925.4 }, "geometry": { "type": "MultiPolygon", "coordinates": [ [ [ [ -123.036444, 49.2156889 ], [ -123.0359075, 49.2158588 ], [ -123.0355874, 49.2159933 ], [ -123.0348115, 49.2164304 ], [ -123.0348018, 49.216424 ], [ -123.034643, 49.2163203 ], [ -123.0344643, 49.2162034 ], [ -123.0342925, 49.2160911 ], [ -123.0339657, 49.2158775 ], [ -123.0339483, 49.2158614 ], [ -123.033735, 49.2156639 ], [ -123.0333105, 49.2146168 ], [ -123.0332228, 49.2144004 ], [ -123.0332116, 49.2141902 ], [ -123.0332655, 49.2140331 ], [ -123.033515, 49.2137796 ], [ -123.0338342, 49.2136388 ], [ -123.0344417, 49.2135601 ], [ -123.0352347, 49.2134981 ], [ -123.0356594, 49.2135098 ], [ -123.0369205, 49.2135976 ], [ -123.038135, 49.2137058 ], [ -123.0388694, 49.2137458 ], [ -123.0402256, 49.2137839 ], [ -123.040837, 49.2138007 ], [ -123.0415997, 49.2138216 ], [ -123.041555, 49.2147336 ], [ -123.0415176, 49.2154986 ], [ -123.0407957, 49.2154968 ], [ -123.0400635, 49.215495 ], [ -123.0397888, 49.2154943 ], [ -123.0384151, 49.2154908 ], [ -123.0370761, 49.2155685 ], [ -123.036444, 49.2156889 ] ] ] ] } },
{ "type": "Feature", "properties": { "name": "59152944", "population": 676, "population_density": 8345.7 }, "geometry": { "type": "MultiPolygon", "coordinates": [ [ [ [ -123.0415176, 49.2154986 ], [ -123.0414866, 49.2162634 ], [ -123.0414768, 49.2165055 ], [ -123.0414498, 49.2172092 ], [ -123.0410033, 49.2172006 ], [ -123.0407287, 49.2171953 ], [ -123.0404721, 49.2171904 ], [ -123.0401975, 49.2171851 ], [ -123.0395842, 49.2171733 ], [ -123.0391987, 49.21719 ], [ -123.0383064, 49.2172285 ], [ -123.038106, 49.2172372 ], [ -123.0379232, 49.2172441 ], [ -123.0368596, 49.217284 ], [ -123.0366922, 49.2172682 ], [ -123.0364162, 49.2172421 ], [ -123.0362542, 49.2172007 ], [ -123.035759, 49.2170024 ], [ -123.0349004, 49.2164841 ], [ -123.0348115, 49.2164304 ], [ -123.0355874, 49.2159933 ], [ -123.0359075, 49.2158588 ], [ -123.036444, 49.2156889 ], [ -123.0370761, 49.2155685 ], [ -123.0384151, 49.2154908 ], [ -123.0397888, 49.2154943 ], [ -123.0400635, 49.215495 ], [ -123.0407957, 49.2154968 ], [ -123.0415176, 49.2154986 ] ] ] ] } },
{ "type": "Feature", "properties": { "name": "59152945", "population": 1325, "population_density": 4942.2 }, "geometry": { "type": "MultiPolygon", "coordinates": [ [ [ [ -123.0304186, 49.2158429 ], [ -123.0303064, 49.2156893 ], [ -123.0306863, 49.2155863 ], [ -123.0311868, 49.2154857 ], [ -123.0314192, 49.2155011 ], [ -123.033056, 49.2156588 ], [ -123.033735, 49.2156639 ], [ -123.0339483, 49.2158614 ], [ -123.0339657, 49.2158775 ], [ -123.0342925, 49.2160911 ], [ -123.0344643, 49.2162034 ], [ -123.034643, 49.2163203 ], [ -123.0348018, 49.216424 ], [ -123.0348115, 49.2164304 ], [ -123.0349004, 49.2164841 ], [ -123.035759, 49.2170024 ], [ -123.0362542, 49.2172007 ], [ -123.0364162, 49.2172421 ], [ -123.0366922, 49.2172682 ], [ -123.0368596, 49.217284 ], [ -123.0379232, 49.2172441 ], [ -123.038106, 49.2172372 ], [ -123.0383064, 49.2172285 ], [ -123.0391987, 49.21719 ], [ -123.0395842, 49.2171733 ], [ -123.0401975, 49.2171851 ], [ -123.0404721, 49.2171904 ], [ -123.0407287, 49.2171953 ], [ -123.0410033, 49.2172006 ], [ -123.0414498, 49.2172092 ], [ -123.0414087, 49.2177561 ], [ -123.0414034, 49.2178263 ], [ -123.0413899, 49.2180061 ], [ -123.0413775, 49.2181711 ], [ -123.0413748, 49.2183049 ], [ -123.0413578, 49.2191273 ], [ -123.0413561, 49.2191975 ], [ -123.0412811, 49.2201593 ], [ -123.0406621, 49.2201596 ], [ -123.0396871, 49.22016 ], [ -123.0393457, 49.2201602 ], [ -123.0390505, 49.2201612 ], [ -123.0384242, 49.2201527 ], [ -123.0380837, 49.2201481 ], [ -123.0379643, 49.2201484 ], [ -123.0368253, 49.220145 ], [ -123.0360756, 49.220141 ], [ -123.0352775, 49.2201367 ], [ -123.0347022, 49.2201335 ], [ -123.0345923, 49.2201329 ], [ -123.0338437, 49.2201288 ], [ -123.0330954, 49.2201254 ], [ -123.0323906, 49.2201221 ], [ -123.0324013, 49.2190315 ], [ -123.03237, 49.2188923 ], [ -123.0322754, 49.2184707 ], [ -123.0321631, 49.2179701 ], [ -123.0321386, 49.2179231 ], [ -123.0321117, 49.2178714 ], [ -123.0319736, 49.2176063 ], [ -123.0311519, 49.2166756 ], [ -123.0307355, 49.2162768 ], [ -123.0304186, 49.2158429 ] ] ] ] } },
{ "type": "Feature", "properties": { "name": "59152946", "population": 927, "population_density": 5591.1 }, "geometry": { "type": "MultiPolygon", "coordinates": [ [ [ [ -123.0267532, 49.2213271 ], [ -123.0268176, 49.2210494 ], [ -123.026829, 49.2210004 ], [ -123.0268012, 49.2207924 ], [ -123.026747, 49.2206736 ], [ -123.0266086, 49.22037 ], [ -123.0263472, 49.2200583 ], [ -123.0264166, 49.2200026 ], [ -123.0270282, 49.2197762 ], [ -123.027476, 49.2194314 ], [ -123.0281778, 49.2187981 ], [ -123.0284769, 49.2186928 ], [ -123.028619, 49.2185848 ], [ -123.0287034, 49.2185207 ], [ -123.0289448, 49.2181805 ], [ -123.0285987, 49.2180124 ], [ -123.0283717, 49.217871 ], [ -123.0282791, 49.2177523 ], [ -123.0282068, 49.2175944 ], [ -123.0281778, 49.2173612 ], [ -123.0281887, 49.2170201 ], [ -123.028315, 49.2168911 ], [ -123.0284457, 49.2167569 ], [ -123.0286875, 49.216732 ], [ -123.0290226, 49.2167503 ], [ -123.0294795, 49.2168169 ], [ -123.029648, 49.2168648 ], [ -123.0297089, 49.2169206 ], [ -123.0298852, 49.2172758 ], [ -123.0311519, 49.2166756 ], [ -123.0319736, 49.2176063 ], [ -123.0321117, 49.2178714 ], [ -123.0321386, 49.2179231 ], [ -123.0321631, 49.2179701 ], [ -123.0322754, 49.2184707 ], [ -123.03237, 49.2188923 ], [ -123.0324013, 49.2190315 ], [ -123.0316914, 49.2190354 ], [ -123.0316855, 49.2193857 ], [ -123.0314215, 49.2193928 ], [ -123.0311567, 49.2194351 ], [ -123.0308452, 49.2195841 ], [ -123.0307295, 49.2196981 ], [ -123.030658, 49.2198285 ], [ -123.0306399, 49.2201118 ], [ -123.0300747, 49.220107 ], [ -123.0300496, 49.2202449 ], [ -123.029867, 49.2212499 ], [ -123.0298311, 49.2214471 ], [ -123.0296669, 49.2218112 ], [ -123.029604, 49.2219507 ], [ -123.0295773, 49.2219831 ], [ -123.0291041, 49.2225558 ], [ -123.0288044, 49.2227767 ], [ -123.0281605, 49.2232514 ], [ -123.0273392, 49.2227441 ], [ -123.0270073, 49.2225753 ], [ -123.0268672, 49.222504 ], [ -123.0261522, 49.2222456 ], [ -123.026425, 49.2218432 ], [ -123.0267532, 49.2213271 ] ] ] ] } },
{ "type": "Feature", "properties": { "name": "59153075", "population": 444, "population_density": 4654.1 }, "geometry": { "type": "MultiPolygon", "coordinates": [ [ [ [ -123.0249466, 49.2425819 ], [ -123.0236882, 49.2425472 ], [ -123.0236946, 49.2429833 ], [ -123.0235599, 49.242985 ], [ -123.023565, 49.2425703 ], [ -123.0235651, 49.2425613 ], [ -123.0235713, 49.2420575 ], [ -123.0235713, 49.2420485 ], [ -123.0235706, 49.2415303 ], [ -123.0235705, 49.2414908 ], [ -123.0235698, 49.2409675 ], [ -123.0235549, 49.2403935 ], [ -123.0235508, 49.2402364 ], [ -123.0234468, 49.2395669 ], [ -123.0234295, 49.2377603 ], [ -123.0235626, 49.2377604 ], [ -123.0235838, 49.2395608 ], [ -123.0235839, 49.2395698 ], [ -123.0242342, 49.2395827 ], [ -123.024344, 49.2395849 ], [ -123.0251021, 49.2396 ], [ -123.0250992, 49.2392369 ], [ -123.0263289, 49.2396969 ], [ -123.0259436, 49.2400985 ], [ -123.0255417, 49.2405174 ], [ -123.0279123, 49.241498 ], [ -123.0285048, 49.2417431 ], [ -123.0277091, 49.2425887 ], [ -123.026974, 49.2433467 ], [ -123.0263758, 49.2431034 ], [ -123.0252113, 49.2426297 ], [ -123.0249466, 49.2425819 ] ] ] ] } },
{ "type": "Feature", "properties": { "name": "59153076", "population": 238, "population_density": 4630.4 }, "geometry": { "type": "MultiPolygon", "coordinates": [ [ [ [ -123.0262266, 49.2444657 ], [ -123.0258931, 49.2443556 ], [ -123.0257074, 49.2444252 ], [ -123.0256116, 49.2444384 ], [ -123.0254289, 49.2444635 ], [ -123.0249688, 49.2444643 ], [ -123.0245877, 49.2444322 ], [ -123.0237147, 49.2444261 ], [ -123.023558, 49.2444281 ], [ -123.0235599, 49.242985 ], [ -123.0236946, 49.2429833 ], [ -123.0236882, 49.2425472 ], [ -123.0249466, 49.2425819 ], [ -123.0252113, 49.2426297 ], [ -123.0263758, 49.2431034 ], [ -123.026974, 49.2433467 ], [ -123.0275268, 49.2435628 ], [ -123.0280524, 49.2437683 ], [ -123.0277762, 49.2440541 ], [ -123.0273715, 49.2444729 ], [ -123.0262696, 49.244466 ], [ -123.0262266, 49.2444657 ] ] ] ] } },
{ "type": "Feature", "properties": { "name": "59153077", "population": 457, "population_density": 7020.0 }, "geometry": { "type": "MultiPolygon", "coordinates": [ [ [ [ -123.0277091, 49.2425887 ], [ -123.0285048, 49.2417431 ], [ -123.0289987, 49.2419466 ], [ -123.029647, 49.2422138 ], [ -123.0304666, 49.2425515 ], [ -123.0308931, 49.2427272 ], [ -123.0313747, 49.2429257 ], [ -123.0309998, 49.2433294 ], [ -123.0305974, 49.2437627 ], [ -123.0316441, 49.2441239 ], [ -123.0314914, 49.2444936 ], [ -123.0299423, 49.2444942 ], [ -123.0292097, 49.2444858 ], [ -123.0285494, 49.2444783 ], [ -123.0283671, 49.2444775 ], [ -123.0278909, 49.2444753 ], [ -123.0273715, 49.2444729 ], [ -123.0277762, 49.2440541 ], [ -123.0280524, 49.2437683 ], [ -123.0275268, 49.2435628 ], [ -123.026974, 49.2433467 ], [ -123.0277091, 49.2425887 ] ] ] ] } },
{ "type": "Feature", "properties": { "name": "59153078", "population": 691, "population_density": 6599.8 }, "geometry": { "type": "MultiPolygon", "coordinates": [ [ [ [ -123.0235544, 49.2453562 ], [ -123.0235562, 49.2448982 ], [ -123.0235564, 49.2448442 ], [ -123.0235565, 49.244828 ], [ -123.023558, 49.2444281 ], [ -123.0237147, 49.2444261 ], [ -123.0245877, 49.2444322 ], [ -123.0249688, 49.2444643 ], [ -123.0254289, 49.2444635 ], [ -123.0256116, 49.2444384 ], [ -123.0257074, 49.2444252 ], [ -123.0258931, 49.2443556 ], [ -123.0262266, 49.2444657 ], [ -123.0262696, 49.244466 ], [ -123.0273715, 49.2444729 ], [ -123.0278909, 49.2444753 ], [ -123.0283671, 49.2444775 ], [ -123.0285494, 49.2444783 ], [ -123.0285444, 49.2453502 ], [ -123.0285424, 49.246196 ], [ -123.0285384, 49.2470525 ], [ -123.0278787, 49.2470472 ], [ -123.0262708, 49.2470342 ], [ -123.0238487, 49.2470467 ], [ -123.0236741, 49.247047 ], [ -123.0236604, 49.2470471 ], [ -123.0235438, 49.2470473 ], [ -123.0235513, 49.2461809 ], [ -123.0235544, 49.2453562 ] ] ] ] } },
{ "type": "Feature", "properties": { "name": "59153079", "population": 594, "population_density": 8092.6 }, "geometry": { "type": "MultiPolygon", "coordinates": [ [ [ [ -123.0285444, 49.2453502 ], [ -123.0285494, 49.2444783 ], [ -123.0292097, 49.2444858 ], [ -123.0299423, 49.2444942 ], [ -123.0314914, 49.2444936 ], [ -123.0331122, 49.2445056 ], [ -123.033332, 49.2445073 ], [ -123.0340912, 49.2445129 ], [ -123.0339987, 49.2446265 ], [ -123.0339443, 49.244662 ], [ -123.0338903, 49.2447542 ], [ -123.0337897, 49.2451045 ], [ -123.0337768, 49.2453474 ], [ -123.0337763, 49.2453564 ], [ -123.033782, 49.2462249 ], [ -123.033782, 49.2462339 ], [ -123.0330998, 49.246229 ], [ -123.0291843, 49.2462007 ], [ -123.0285424, 49.246196 ], [ -123.0285444, 49.2453502 ] ] ] ] } },
{ "type": "Feature", "properties": { "name": "59153080", "population": 578, "population_density": 8072.6 }, "geometry": { "type": "MultiPolygon", "coordinates": [ [ [ [ -123.0330865, 49.2478749 ], [ -123.0310644, 49.2478833 ], [ -123.0285341, 49.2478911 ], [ -123.0285364, 49.2474445 ], [ -123.0285384, 49.2470525 ], [ -123.0285424, 49.246196 ], [ -123.0291843, 49.2462007 ], [ -123.0330998, 49.246229 ], [ -123.033782, 49.2462339 ], [ -123.0339055, 49.2462355 ], [ -123.033889, 49.2470889 ], [ -123.0338888, 49.247098 ], [ -123.0337891, 49.2470969 ], [ -123.0337749, 49.2470967 ], [ -123.0337638, 49.247872 ], [ -123.0330865, 49.2478749 ] ] ] ] } },
{ "type": "Feature", "properties": { "name": "59153081", "population": 376, "population_density": 5053.8 }, "geometry": { "type": "MultiPolygon", "coordinates": [ [ [ [ -123.0505646, 49.2184904 ], [ -123.0505663, 49.2180644 ], [ -123.0512756, 49.218047 ], [ -123.0541953, 49.2179754 ], [ -123.0548059, 49.2184927 ], [ -123.0548622, 49.2185404 ], [ -123.0548876, 49.2189618 ], [ -123.0548819, 49.2194055 ], [ -123.054872, 49.220182 ], [ -123.0527602, 49.2201945 ], [ -123.0512363, 49.2201869 ], [ -123.0505868, 49.2201837 ], [ -123.0505791, 49.219785 ], [ -123.0505628, 49.2189408 ], [ -123.0505646, 49.2184904 ] ] ] ] } },
{ "type": "Feature", "properties": { "name": "59153082", "population": 339, "population_density": 3937.3 }, "geometry": { "type": "MultiPolygon", "coordinates": [ [ [ [ -123.0512756, 49.218047 ], [ -123.0505663, 49.2180644 ], [ -123.050637, 49.2170169 ], [ -123.0508875, 49.2163571 ], [ -123.0514077, 49.215729 ], [ -123.0517248, 49.2154496 ], [ -123.0522654, 49.2149733 ], [ -123.0524604, 49.2148029 ], [ -123.0526351, 49.2146503 ], [ -123.052747, 49.2145524 ], [ -123.0530892, 49.2142535 ], [ -123.0543972, 49.2149009 ], [ -123.0541983, 49.2152361 ], [ -123.0538932, 49.2157502 ], [ -123.0537332, 49.2160785 ], [ -123.0536801, 49.2161875 ], [ -123.0543788, 49.2162088 ], [ -123.0551088, 49.2162311 ], [ -123.0550699, 49.2166291 ], [ -123.0551378, 49.2169652 ], [ -123.0536644, 49.2171492 ], [ -123.0539157, 49.2175402 ], [ -123.0541953, 49.2179754 ], [ -123.0512756, 49.218047 ] ] ] ] } },
{ "type": "Feature", "properties": { "name": "59153083", "population": 362, "population_density": 2238.7 }, "geometry": { "type": "MultiPolygon", "coordinates": [ [ [ [ -123.0557498, 49.2157838 ], [ -123.0553061, 49.2157825 ], [ -123.0551088, 49.2162311 ], [ -123.0543788, 49.2162088 ], [ -123.0536801, 49.2161875 ], [ -123.0537332, 49.2160785 ], [ -123.0538932, 49.2157502 ], [ -123.0541983, 49.2152361 ], [ -123.0543972, 49.2149009 ], [ -123.0530892, 49.2142535 ], [ -123.0534418, 49.2139497 ], [ -123.0540505, 49.2134254 ], [ -123.054792, 49.2127866 ], [ -123.0549507, 49.2127081 ], [ -123.0551172, 49.2127009 ], [ -123.0551212, 49.2124218 ], [ -123.0556037, 49.2122143 ], [ -123.0559137, 49.2121275 ], [ -123.0561318, 49.2120665 ], [ -123.056524, 49.2120277 ], [ -123.057108, 49.2121229 ], [ -123.0574103, 49.2122258 ], [ -123.0578764, 49.2124502 ], [ -123.0587212, 49.2118084 ], [ -123.0591728, 49.2116108 ], [ -123.0593808, 49.2119453 ], [ -123.0593908, 49.2119828 ], [ -123.0594176, 49.2120834 ], [ -123.0594396, 49.2121658 ], [ -123.0594499, 49.2123715 ], [ -123.0594104, 49.2129308 ], [ -123.0594016, 49.2133512 ], [ -123.0593769, 49.2144568 ], [ -123.0593584, 49.2152697 ], [ -123.0593443, 49.2158378 ], [ -123.0589351, 49.2158305 ], [ -123.0582943, 49.215819 ], [ -123.0580567, 49.2158171 ], [ -123.0578279, 49.2158153 ], [ -123.0571383, 49.2158009 ], [ -123.0564162, 49.2157858 ], [ -123.0557498, 49.2157838 ] ] ] ] } },
{ "type": "Feature", "properties": { "name": "59153084", "population": 666, "population_density": 5423.5 }, "geometry": { "type": "MultiPolygon", "coordinates": [ [ [ [ -123.0831386, 49.2151168 ], [ -123.0831562, 49.2146705 ], [ -123.0836487, 49.2146815 ], [ -123.0850206, 49.2147123 ], [ -123.0856983, 49.2147275 ], [ -123.0863115, 49.2147379 ], [ -123.0867925, 49.214746 ], [ -123.0873829, 49.214756 ], [ -123.0879233, 49.2147652 ], [ -123.0879196, 49.2151847 ], [ -123.0879162, 49.2155784 ], [ -123.0879079, 49.2157516 ], [ -123.0878929, 49.2160664 ], [ -123.0878721, 49.2165005 ], [ -123.0903543, 49.2165246 ], [ -123.0909952, 49.2165308 ], [ -123.0909787, 49.2171222 ], [ -123.0909695, 49.2174012 ], [ -123.0903281, 49.217394 ], [ -123.0878384, 49.2173662 ], [ -123.0854646, 49.2173138 ], [ -123.0830957, 49.2173164 ], [ -123.0830993, 49.2170145 ], [ -123.0831008, 49.2168886 ], [ -123.083106, 49.2164519 ], [ -123.0831136, 49.216007 ], [ -123.0831175, 49.2157821 ], [ -123.0831214, 49.2155523 ], [ -123.0831386, 49.2151168 ] ] ] ] } },
{ "type": "Feature", "properties": { "name": "59153085", "population": 496, "population_density": 8857.1 }, "geometry": { "type": "MultiPolygon", "coordinates": [ [ [ [ -123.0830795, 49.2177259 ], [ -123.0830957, 49.2173164 ], [ -123.0854646, 49.2173138 ], [ -123.0878384, 49.2173662 ], [ -123.0903281, 49.217394 ], [ -123.0909695, 49.2174012 ], [ -123.0909423, 49.2182743 ], [ -123.0903028, 49.2182664 ], [ -123.0878045, 49.2182355 ], [ -123.0854389, 49.2182049 ], [ -123.0830608, 49.2181982 ], [ -123.0830795, 49.2177259 ] ] ] ] } },
{ "type": "Feature", "properties": { "name": "59153086", "population": 684, "population_density": 10737.8 }, "geometry": { "type": "MultiPolygon", "coordinates": [ [ [ [ -123.0830593, 49.2186066 ], [ -123.0830608, 49.2181982 ], [ -123.0854389, 49.2182049 ], [ -123.0878045, 49.2182355 ], [ -123.0877916, 49.2186659 ], [ -123.0877793, 49.2190744 ], [ -123.0877642, 49.2195292 ], [ -123.0877514, 49.2199132 ], [ -123.0830306, 49.2198378 ], [ -123.0830345, 49.2196235 ], [ -123.083041, 49.2194536 ], [ -123.0830577, 49.2190134 ], [ -123.0830593, 49.2186066 ] ] ] ] } },
{ "type": "Feature", "properties": { "name": "59153087", "population": 750, "population_density": 8650.5 }, "geometry": { "type": "MultiPolygon", "coordinates": [ [ [ [ -123.0899763, 49.2206334 ], [ -123.0830079, 49.2205263 ], [ -123.0830228, 49.220074 ], [ -123.0830306, 49.2198378 ], [ -123.0877514, 49.2199132 ], [ -123.0877642, 49.2195292 ], [ -123.0877793, 49.2190744 ], [ -123.0877916, 49.2186659 ], [ -123.0878045, 49.2182355 ], [ -123.0903028, 49.2182664 ], [ -123.0909423, 49.2182743 ], [ -123.0909197, 49.2191168 ], [ -123.0909038, 49.2199623 ], [ -123.0908924, 49.2206475 ], [ -123.0899763, 49.2206334 ] ] ] ] } },
{ "type": "Feature", "properties": { "name": "59153088", "population": 676, "population_density": 5787.7 }, "geometry": { "type": "MultiPolygon", "coordinates": [ [ [ [ -123.0908924, 49.2206475 ], [ -123.0908891, 49.2208537 ], [ -123.0908793, 49.2213621 ], [ -123.0908719, 49.2217423 ], [ -123.0908698, 49.2219945 ], [ -123.0892912, 49.2219709 ], [ -123.0852406, 49.2219104 ], [ -123.0829616, 49.2218763 ], [ -123.0822474, 49.221866 ], [ -123.0816135, 49.2218569 ], [ -123.0808882, 49.2218463 ], [ -123.0801778, 49.221836 ], [ -123.080202, 49.2211903 ], [ -123.0802284, 49.2204844 ], [ -123.080926, 49.2204949 ], [ -123.0830079, 49.2205263 ], [ -123.0899763, 49.2206334 ], [ -123.0908924, 49.2206475 ] ] ] ] } },
{ "type": "Feature", "properties": { "name": "59153089", "population": 706, "population_density": 8305.9 }, "geometry": { "type": "MultiPolygon", "coordinates": [ [ [ [ -123.0829339, 49.2222603 ], [ -123.0829616, 49.2218763 ], [ -123.0852406, 49.2219104 ], [ -123.0892912, 49.2219709 ], [ -123.0908698, 49.2219945 ], [ -123.090841, 49.2227171 ], [ -123.0908424, 49.2235711 ], [ -123.0900786, 49.2235604 ], [ -123.0880694, 49.2235322 ], [ -123.0853154, 49.2234965 ], [ -123.0853262, 49.2230487 ], [ -123.0853359, 49.2226458 ], [ -123.0829084, 49.2226135 ], [ -123.0829339, 49.2222603 ] ] ] ] } },
{ "type": "Feature", "properties": { "name": "59153090", "population": 787, "population_density": 10128.7 }, "geometry": { "type": "MultiPolygon", "coordinates": [ [ [ [ -123.0942069, 49.2209125 ], [ -123.0915175, 49.2208649 ], [ -123.0908891, 49.2208537 ], [ -123.0908924, 49.2206475 ], [ -123.0909038, 49.2199623 ], [ -123.0909197, 49.2191168 ], [ -123.0909423, 49.2182743 ], [ -123.0915661, 49.2182849 ], [ -123.0917585, 49.2182881 ], [ -123.0942983, 49.218331 ], [ -123.0948702, 49.2183406 ], [ -123.0948602, 49.2187858 ], [ -123.094851, 49.2191958 ], [ -123.094841, 49.2196314 ], [ -123.0948321, 49.2200241 ], [ -123.0942751, 49.2200148 ], [ -123.0942613, 49.2200146 ], [ -123.094222, 49.2200139 ], [ -123.0942069, 49.2209125 ] ] ] ] } },
{ "type": "Feature", "properties": { "name": "59153091", "population": 719, "population_density": 11376.6 }, "geometry": { "type": "MultiPolygon", "coordinates": [ [ [ [ -123.0909787, 49.2171222 ], [ -123.0917847, 49.2171368 ], [ -123.0943113, 49.2171825 ], [ -123.0943388, 49.217183 ], [ -123.0969473, 49.2172301 ], [ -123.0977687, 49.2172449 ], [ -123.0977584, 49.2175194 ], [ -123.0977313, 49.2183924 ], [ -123.0948702, 49.2183406 ], [ -123.0942983, 49.218331 ], [ -123.0917585, 49.2182881 ], [ -123.0915661, 49.2182849 ], [ -123.0909423, 49.2182743 ], [ -123.0909695, 49.2174012 ], [ -123.0909787, 49.2171222 ] ] ] ] } },
{ "type": "Feature", "properties": { "name": "59153092", "population": 466, "population_density": 7979.5 }, "geometry": { "type": "MultiPolygon", "coordinates": [ [ [ [ -123.0943113, 49.2171825 ], [ -123.0917847, 49.2171368 ], [ -123.0909787, 49.2171222 ], [ -123.0909952, 49.2165308 ], [ -123.0916736, 49.2165415 ], [ -123.0917971, 49.2165434 ], [ -123.0941939, 49.2165811 ], [ -123.0942039, 49.2161519 ], [ -123.0942143, 49.2157069 ], [ -123.0943343, 49.2157089 ], [ -123.0943618, 49.2157094 ], [ -123.0970126, 49.2157536 ], [ -123.097813, 49.215767 ], [ -123.0977848, 49.216658 ], [ -123.0977731, 49.2170857 ], [ -123.0977716, 49.217138 ], [ -123.0977687, 49.2172449 ], [ -123.0969473, 49.2172301 ], [ -123.0943388, 49.217183 ], [ -123.0943113, 49.2171825 ] ] ] ] } },
{ "type": "Feature", "properties": { "name": "59153093", "population": 653, "population_density": 6795.0 }, "geometry": { "type": "MultiPolygon", "coordinates": [ [ [ [ -123.0985071, 49.2142981 ], [ -123.0978575, 49.2142872 ], [ -123.0978378, 49.2149317 ], [ -123.097813, 49.215767 ], [ -123.0970126, 49.2157536 ], [ -123.0943618, 49.2157094 ], [ -123.0943343, 49.2157089 ], [ -123.0942143, 49.2157069 ], [ -123.0942238, 49.2153243 ], [ -123.094235, 49.2148706 ], [ -123.0942497, 49.2142197 ], [ -123.0942651, 49.2137685 ], [ -123.094284, 49.2132099 ], [ -123.0943848, 49.2132156 ], [ -123.0944121, 49.2132172 ], [ -123.094495, 49.2132219 ], [ -123.0953411, 49.21327 ], [ -123.0978834, 49.2134321 ], [ -123.1002202, 49.2135905 ], [ -123.1013884, 49.2136691 ], [ -123.1020747, 49.2137152 ], [ -123.1020565, 49.214138 ], [ -123.1020497, 49.2143577 ], [ -123.0985071, 49.2142981 ] ] ] ] } },
{ "type": "Feature", "properties": { "name": "59153094", "population": 484, "population_density": 9699.4 }, "geometry": { "type": "MultiPolygon", "coordinates": [ [ [ [ -123.0978378, 49.2149317 ], [ -123.0978575, 49.2142872 ], [ -123.0985071, 49.2142981 ], [ -123.1020497, 49.2143577 ], [ -123.1020232, 49.2150019 ], [ -123.1019915, 49.2158181 ], [ -123.1013114, 49.2158098 ], [ -123.0984542, 49.2157748 ], [ -123.097813, 49.215767 ], [ -123.0978378, 49.2149317 ] ] ] ] } },
{ "type": "Feature", "properties": { "name": "59153095", "population": 548, "population_density": 7258.3 }, "geometry": { "type": "MultiPolygon", "coordinates": [ [ [ [ -123.0979335, 49.2125651 ], [ -123.0979404, 49.2122563 ], [ -123.0979425, 49.2121544 ], [ -123.0979524, 49.2116693 ], [ -123.1002881, 49.2117339 ], [ -123.1003057, 49.2112532 ], [ -123.1003211, 49.2108313 ], [ -123.1007348, 49.2108433 ], [ -123.1014793, 49.210971 ], [ -123.1015453, 49.2109823 ], [ -123.1016277, 49.211003 ], [ -123.1017658, 49.2110376 ], [ -123.1022209, 49.2111518 ], [ -123.1021826, 49.2117876 ], [ -123.1021431, 49.2124198 ], [ -123.1021296, 49.2126807 ], [ -123.1020937, 49.2132553 ], [ -123.1020747, 49.2137152 ], [ -123.1013884, 49.2136691 ], [ -123.1002202, 49.2135905 ], [ -123.0978834, 49.2134321 ], [ -123.0979052, 49.2130542 ], [ -123.0979335, 49.2125651 ] ] ] ] } },
{ "type": "Feature", "properties": { "name": "59153096", "population": 627, "population_density": 7464.3 }, "geometry": { "type": "MultiPolygon", "coordinates": [ [ [ [ -123.1021826, 49.2117876 ], [ -123.1022209, 49.2111518 ], [ -123.1027976, 49.2113371 ], [ -123.105272, 49.2121319 ], [ -123.1055362, 49.2121876 ], [ -123.105943, 49.2122654 ], [ -123.1065709, 49.2123856 ], [ -123.1065347, 49.2128944 ], [ -123.1065043, 49.2133225 ], [ -123.1064324, 49.2142124 ], [ -123.1057962, 49.2142016 ], [ -123.102693, 49.2141488 ], [ -123.1020565, 49.214138 ], [ -123.1020747, 49.2137152 ], [ -123.1020937, 49.2132553 ], [ -123.1021296, 49.2126807 ], [ -123.1021431, 49.2124198 ], [ -123.1021826, 49.2117876 ] ] ] ] } },
{ "type": "Feature", "properties": { "name": "59153097", "population": 1067, "population_density": 1201.0 }, "geometry": { "type": "MultiPolygon", "coordinates": [ [ [ [ -123.1127197, 49.2142891 ], [ -123.1098844, 49.2142464 ], [ -123.1099027, 49.2138247 ], [ -123.1099223, 49.2133728 ], [ -123.1070726, 49.2133309 ], [ -123.1065043, 49.2133225 ], [ -123.1065347, 49.2128944 ], [ -123.1065709, 49.2123856 ], [ -123.105943, 49.2122654 ], [ -123.1055362, 49.2121876 ], [ -123.105272, 49.2121319 ], [ -123.1027976, 49.2113371 ], [ -123.1022209, 49.2111518 ], [ -123.1022215, 49.2111423 ], [ -123.1022274, 49.2110474 ], [ -123.1023316, 49.2093324 ], [ -123.1024185, 49.2072358 ], [ -123.1024221, 49.2071217 ], [ -123.1024269, 49.2069694 ], [ -123.1024703, 49.2051734 ], [ -123.102458, 49.2049242 ], [ -123.1015604, 49.2040845 ], [ -123.1018464, 49.2040967 ], [ -123.1091285, 49.2045342 ], [ -123.1135061, 49.204761 ], [ -123.1151059, 49.2043104 ], [ -123.1157108, 49.2041401 ], [ -123.1159703, 49.2040891 ], [ -123.116133, 49.2040572 ], [ -123.1165634, 49.2039771 ], [ -123.1167299, 49.2039462 ], [ -123.1170277, 49.2038746 ], [ -123.1170594, 49.2042796 ], [ -123.1171616, 49.205013 ], [ -123.1172593, 49.2057142 ], [ -123.1172494, 49.2058599 ], [ -123.1172904, 49.2059136 ], [ -123.1172912, 49.2059983 ], [ -123.1172919, 49.2060718 ], [ -123.1172465, 49.2074406 ], [ -123.1171973, 49.2089653 ], [ -123.1171769, 49.2095457 ], [ -123.1171664, 49.2098608 ], [ -123.1170777, 49.2099647 ], [ -123.1170727, 49.210088 ], [ -123.1170532, 49.2102487 ], [ -123.1165283, 49.210459 ], [ -123.1162376, 49.2105818 ], [ -123.1161805, 49.2106059 ], [ -123.1156518, 49.2108292 ], [ -123.1150591, 49.2110268 ], [ -123.1147167, 49.2111258 ], [ -123.1145001, 49.2111884 ], [ -123.1142493, 49.2112309 ], [ -123.1140967, 49.2112568 ], [ -123.1140162, 49.2112704 ], [ -123.1128151, 49.2114739 ], [ -123.1128035, 49.2117991 ], [ -123.1127761, 49.2125655 ], [ -123.1128405, 49.2125673 ], [ -123.1132814, 49.2127592 ], [ -123.1135776, 49.2129608 ], [ -123.1137479, 49.2131582 ], [ -123.1127498, 49.2133639 ], [ -123.1127396, 49.213643 ], [ -123.112731, 49.2138768 ], [ -123.1127241, 49.214064 ], [ -123.1127197, 49.2142891 ] ] ] ] } },
{ "type": "Feature", "properties": { "name": "59153098", "population": 510, "population_density": 2975.5 }, "geometry": { "type": "MultiPolygon", "coordinates": [ [ [ [ -123.1172465, 49.2074406 ], [ -123.1172919, 49.2060718 ], [ -123.1191194, 49.2057414 ], [ -123.1199826, 49.2056059 ], [ -123.1212164, 49.2053477 ], [ -123.1213685, 49.2053159 ], [ -123.1224864, 49.2050548 ], [ -123.1235097, 49.2061115 ], [ -123.1239074, 49.2065222 ], [ -123.1244144, 49.2070457 ], [ -123.1244749, 49.2071104 ], [ -123.1242634, 49.2072012 ], [ -123.1228282, 49.2077988 ], [ -123.1217, 49.2082696 ], [ -123.1209465, 49.2086043 ], [ -123.1203806, 49.2088568 ], [ -123.1189618, 49.2094539 ], [ -123.1182995, 49.2097335 ], [ -123.117225, 49.2101768 ], [ -123.1170532, 49.2102487 ], [ -123.1170727, 49.210088 ], [ -123.1170777, 49.2099647 ], [ -123.1171664, 49.2098608 ], [ -123.1171769, 49.2095457 ], [ -123.1171973, 49.2089653 ], [ -123.1172465, 49.2074406 ] ] ] ] } },
{ "type": "Feature", "properties": { "name": "59153123", "population": 554, "population_density": 16198.8 }, "geometry": { "type": "MultiPolygon", "coordinates": [ [ [ [ -123.1551234, 49.2686186 ], [ -123.1551414, 49.2681523 ], [ -123.1575024, 49.2681866 ], [ -123.1574744, 49.2690929 ], [ -123.1574606, 49.269507 ], [ -123.1574592, 49.2695499 ], [ -123.157445, 49.2699748 ], [ -123.1550745, 49.2699385 ], [ -123.1550901, 49.269509 ], [ -123.1550916, 49.2694678 ], [ -123.1551065, 49.2690575 ], [ -123.1551234, 49.2686186 ] ] ] ] } },
{ "type": "Feature", "properties": { "name": "59153124", "population": 321, "population_density": 18882.4 }, "geometry": { "type": "MultiPolygon", "coordinates": [ [ [ [ -123.1574155, 49.2708603 ], [ -123.1550437, 49.2708213 ], [ -123.1550594, 49.2703722 ], [ -123.1550745, 49.2699385 ], [ -123.157445, 49.2699748 ], [ -123.1574304, 49.2704136 ], [ -123.1574155, 49.2708603 ] ] ] ] } },
{ "type": "Feature", "properties": { "name": "59153132", "population": 1359, "population_density": 11306.2 }, "geometry": { "type": "MultiPolygon", "coordinates": [ [ [ [ -123.1313705, 49.2660828 ], [ -123.1312415, 49.2660812 ], [ -123.1312625, 49.2656508 ], [ -123.131283, 49.2652311 ], [ -123.1336602, 49.2652682 ], [ -123.1336756, 49.2648573 ], [ -123.1336918, 49.2644241 ], [ -123.1337202, 49.2635196 ], [ -123.1360888, 49.26356 ], [ -123.1378594, 49.2635812 ], [ -123.1385625, 49.2635896 ], [ -123.1385295, 49.264503 ], [ -123.1384997, 49.2653426 ], [ -123.1384685, 49.266183 ], [ -123.1360622, 49.2661489 ], [ -123.1352994, 49.2661539 ], [ -123.1349021, 49.2661812 ], [ -123.1345271, 49.2662469 ], [ -123.1343299, 49.2662804 ], [ -123.1341249, 49.2662191 ], [ -123.1336187, 49.2661849 ], [ -123.1335106, 49.266183 ], [ -123.1321008, 49.2661581 ], [ -123.131464, 49.2661258 ], [ -123.1313705, 49.2660828 ] ] ] ] } },
{ "type": "Feature", "properties": { "name": "59153133", "population": 714, "population_density": 10393.0 }, "geometry": { "type": "MultiPolygon", "coordinates": [ [ [ [ -123.1266008, 49.2639121 ], [ -123.1266193, 49.2634065 ], [ -123.1290032, 49.2634438 ], [ -123.1313677, 49.2634842 ], [ -123.1337202, 49.2635196 ], [ -123.1336918, 49.2644241 ], [ -123.1336756, 49.2648573 ], [ -123.1336602, 49.2652682 ], [ -123.131283, 49.2652311 ], [ -123.1312981, 49.2648236 ], [ -123.1313139, 49.2643988 ], [ -123.128963, 49.2643606 ], [ -123.1265856, 49.2643279 ], [ -123.1266008, 49.2639121 ] ] ] ] } },
{ "type": "Feature", "properties": { "name": "59153134", "population": 581, "population_density": 16183.8 }, "geometry": { "type": "MultiPolygon", "coordinates": [ [ [ [ -123.1314324, 49.2620627 ], [ -123.1314489, 49.261593 ], [ -123.1337933, 49.2616237 ], [ -123.1337728, 49.2621043 ], [ -123.1337536, 49.2625558 ], [ -123.1337377, 49.2630132 ], [ -123.1337202, 49.2635196 ], [ -123.1313677, 49.2634842 ], [ -123.1313931, 49.2629803 ], [ -123.1314162, 49.2625217 ], [ -123.1314324, 49.2620627 ] ] ] ] } },
{ "type": "Feature", "properties": { "name": "59153135", "population": 827, "population_density": 15258.3 }, "geometry": { "type": "MultiPolygon", "coordinates": [ [ [ [ -123.1290827, 49.2611209 ], [ -123.1291004, 49.2606082 ], [ -123.131482, 49.2606814 ], [ -123.1314652, 49.2611453 ], [ -123.1314489, 49.261593 ], [ -123.1314324, 49.2620627 ], [ -123.1314162, 49.2625217 ], [ -123.1313931, 49.2629803 ], [ -123.1313677, 49.2634842 ], [ -123.1290032, 49.2634438 ], [ -123.1290212, 49.2629468 ], [ -123.1290378, 49.2624854 ], [ -123.1290525, 49.2620293 ], [ -123.1290675, 49.2615621 ], [ -123.1290827, 49.2611209 ] ] ] ] } },
{ "type": "Feature", "properties": { "name": "59153136", "population": 985, "population_density": 18274.6 }, "geometry": { "type": "MultiPolygon", "coordinates": [ [ [ [ -123.1266792, 49.2615291 ], [ -123.1266933, 49.2610787 ], [ -123.1267075, 49.2606291 ], [ -123.1267212, 49.2606293 ], [ -123.1284682, 49.260658 ], [ -123.1285811, 49.2606088 ], [ -123.1291004, 49.2606082 ], [ -123.1290827, 49.2611209 ], [ -123.1290675, 49.2615621 ], [ -123.1290525, 49.2620293 ], [ -123.1290378, 49.2624854 ], [ -123.1290212, 49.2629468 ], [ -123.1290032, 49.2634438 ], [ -123.1266193, 49.2634065 ], [ -123.1266354, 49.2629049 ], [ -123.1266503, 49.2624399 ], [ -123.1266644, 49.2619964 ], [ -123.1266792, 49.2615291 ] ] ] ] } },
{ "type": "Feature", "properties": { "name": "59153137", "population": 645, "population_density": 18587.9 }, "geometry": { "type": "MultiPolygon", "coordinates": [ [ [ [ -123.1314652, 49.2611453 ], [ -123.131482, 49.2606814 ], [ -123.1338287, 49.2607185 ], [ -123.1347118, 49.2607319 ], [ -123.1348889, 49.2607346 ], [ -123.1362098, 49.2607547 ], [ -123.1361748, 49.2616554 ], [ -123.1337933, 49.2616237 ], [ -123.1314489, 49.261593 ], [ -123.1314652, 49.2611453 ] ] ] ] } },
{ "type": "Feature", "properties": { "name": "59153138", "population": 573, "population_density": 10324.3 }, "geometry": { "type": "MultiPolygon", "coordinates": [ [ [ [ -123.1337728, 49.2621043 ], [ -123.1337933, 49.2616237 ], [ -123.1361748, 49.2616554 ], [ -123.136158, 49.2621289 ], [ -123.1361417, 49.2625913 ], [ -123.1378835, 49.2626258 ], [ -123.1385415, 49.2626388 ], [ -123.1385625, 49.2635896 ], [ -123.1378594, 49.2635812 ], [ -123.1360888, 49.26356 ], [ -123.1337202, 49.2635196 ], [ -123.1337377, 49.2630132 ], [ -123.1337536, 49.2625558 ], [ -123.1337728, 49.2621043 ] ] ] ] } },
{ "type": "Feature", "properties": { "name": "59153139", "population": 495, "population_density": 13750.0 }, "geometry": { "type": "MultiPolygon", "coordinates": [ [ [ [ -123.1361924, 49.2612025 ], [ -123.1362098, 49.2607547 ], [ -123.1374384, 49.2607775 ], [ -123.1377133, 49.2607826 ], [ -123.1379465, 49.260787 ], [ -123.1386974, 49.2608009 ], [ -123.1385726, 49.2617101 ], [ -123.1385415, 49.2626388 ], [ -123.1378835, 49.2626258 ], [ -123.1361417, 49.2625913 ], [ -123.136158, 49.2621289 ], [ -123.1361748, 49.2616554 ], [ -123.1361924, 49.2612025 ] ] ] ] } },
{ "type": "Feature", "properties": { "name": "59153140", "population": 790, "population_density": 10394.7 }, "geometry": { "type": "MultiPolygon", "coordinates": [ [ [ [ -123.1386974, 49.2608009 ], [ -123.1387293, 49.2598155 ], [ -123.1394432, 49.2598266 ], [ -123.1411831, 49.2598535 ], [ -123.1411615, 49.2603485 ], [ -123.1411469, 49.2606843 ], [ -123.14114, 49.2608422 ], [ -123.1411214, 49.2613047 ], [ -123.1411212, 49.2613096 ], [ -123.141104, 49.2617384 ], [ -123.1410851, 49.2622133 ], [ -123.1410667, 49.2626778 ], [ -123.1410478, 49.2631219 ], [ -123.1410269, 49.2636144 ], [ -123.1385625, 49.2635896 ], [ -123.1385415, 49.2626388 ], [ -123.1385726, 49.2617101 ], [ -123.1386974, 49.2608009 ] ] ] ] } },
{ "type": "Feature", "properties": { "name": "59153141", "population": 724, "population_density": 15146.4 }, "geometry": { "type": "MultiPolygon", "coordinates": [ [ [ [ -123.1265732, 49.2647576 ], [ -123.1265856, 49.2643279 ], [ -123.128963, 49.2643606 ], [ -123.1313139, 49.2643988 ], [ -123.1312981, 49.2648236 ], [ -123.131283, 49.2652311 ], [ -123.1312625, 49.2656508 ], [ -123.1312415, 49.2660812 ], [ -123.1289153, 49.2660401 ], [ -123.12893, 49.2656252 ], [ -123.128943, 49.2651941 ], [ -123.1265616, 49.2651577 ], [ -123.1265732, 49.2647576 ] ] ] ] } },
{ "type": "Feature", "properties": { "name": "59153142", "population": 500, "population_density": 15197.6 }, "geometry": { "type": "MultiPolygon", "coordinates": [ [ [ [ -123.1240769, 49.2659473 ], [ -123.1241076, 49.2651194 ], [ -123.1265616, 49.2651577 ], [ -123.128943, 49.2651941 ], [ -123.12893, 49.2656252 ], [ -123.1289153, 49.2660401 ], [ -123.1265329, 49.2659992 ], [ -123.1243266, 49.2659526 ], [ -123.1240769, 49.2659473 ] ] ] ] } },
{ "type": "Feature", "properties": { "name": "59153144", "population": 765, "population_density": 17708.3 }, "geometry": { "type": "MultiPolygon", "coordinates": [ [ [ [ -123.121754, 49.2659205 ], [ -123.1214547, 49.265917 ], [ -123.1213461, 49.2659636 ], [ -123.1206424, 49.2659567 ], [ -123.1205456, 49.2659558 ], [ -123.1197831, 49.2659561 ], [ -123.1197857, 49.2658706 ], [ -123.1197984, 49.2654661 ], [ -123.119811, 49.2650634 ], [ -123.1198185, 49.2646564 ], [ -123.1198266, 49.2642162 ], [ -123.1217942, 49.2642317 ], [ -123.1217839, 49.2646727 ], [ -123.1217744, 49.2650833 ], [ -123.1241076, 49.2651194 ], [ -123.1240769, 49.2659473 ], [ -123.121754, 49.2659205 ] ] ] ] } },
{ "type": "Feature", "properties": { "name": "59153145", "population": 590, "population_density": 8663.7 }, "geometry": { "type": "MultiPolygon", "coordinates": [ [ [ [ -123.1217942, 49.2642317 ], [ -123.1218194, 49.2633173 ], [ -123.1241763, 49.2633684 ], [ -123.1266193, 49.2634065 ], [ -123.1266008, 49.2639121 ], [ -123.1265856, 49.2643279 ], [ -123.1265732, 49.2647576 ], [ -123.1265616, 49.2651577 ], [ -123.1241076, 49.2651194 ], [ -123.1217744, 49.2650833 ], [ -123.1217839, 49.2646727 ], [ -123.1217942, 49.2642317 ] ] ] ] } },
{ "type": "Feature", "properties": { "name": "59153146", "population": 8778, "population_density": 8068.8 }, "geometry": { "type": "MultiPolygon", "coordinates": [ [ [ [ -123.1124348, 49.271573 ], [ -123.1118302, 49.2716457 ], [ -123.1116807, 49.2717624 ], [ -123.1121334, 49.2718607 ], [ -123.1119555, 49.2719775 ], [ -123.1114475, 49.2720416 ], [ -123.1112669, 49.2719333 ], [ -123.110719, 49.2722666 ], [ -123.1105121, 49.2722851 ], [ -123.1104168, 49.2721228 ], [ -123.1100321, 49.2723307 ], [ -123.1097568, 49.2723848 ], [ -123.1084239, 49.2723948 ], [ -123.107831, 49.2723321 ], [ -123.1076946, 49.2721883 ], [ -123.1077211, 49.2719732 ], [ -123.1075142, 49.271892 ], [ -123.1072542, 49.2721797 ], [ -123.1070342, 49.2722709 ], [ -123.1053702, 49.2722452 ], [ -123.1031157, 49.2723635 ], [ -123.1029509, 49.2724802 ], [ -123.1029258, 49.2726967 ], [ -123.1023411, 49.2728648 ], [ -123.101992, 49.273032 ], [ -123.1018354, 49.2729888 ], [ -123.1016219, 49.2729298 ], [ -123.1016314, 49.2730128 ], [ -123.1016352, 49.2730464 ], [ -123.1014834, 49.2730474 ], [ -123.1011816, 49.2730495 ], [ -123.1000994, 49.2728853 ], [ -123.0999337, 49.2728556 ], [ -123.0999373, 49.2727825 ], [ -123.0999378, 49.2727712 ], [ -123.0999391, 49.2727459 ], [ -123.10002, 49.2718915 ], [ -123.1002123, 49.2714882 ], [ -123.1002698, 49.2713676 ], [ -123.1005862, 49.2707042 ], [ -123.1005916, 49.2705071 ], [ -123.1005961, 49.2703421 ], [ -123.100602, 49.2701219 ], [ -123.1007362, 49.2701282 ], [ -123.1007756, 49.2691465 ], [ -123.1007857, 49.2690513 ], [ -123.1008233, 49.2682299 ], [ -123.1008259, 49.2681444 ], [ -123.1007454, 49.2680477 ], [ -123.1007569, 49.267313 ], [ -123.1007831, 49.2666093 ], [ -123.1007288, 49.2664881 ], [ -123.1007311, 49.266408 ], [ -123.1007353, 49.26631 ], [ -123.1007697, 49.2655038 ], [ -123.1007737, 49.2654396 ], [ -123.1008265, 49.2645955 ], [ -123.100833, 49.2644903 ], [ -123.100989, 49.2646332 ], [ -123.100926, 49.265488 ], [ -123.1009254, 49.2654971 ], [ -123.1016474, 49.2655098 ], [ -123.1028604, 49.2655311 ], [ -123.1047885, 49.2655648 ], [ -123.1048042, 49.2651305 ], [ -123.1048207, 49.2646748 ], [ -123.1048377, 49.2642306 ], [ -123.1048554, 49.2637669 ], [ -123.1048716, 49.263367 ], [ -123.1048851, 49.2630344 ], [ -123.1048859, 49.2630147 ], [ -123.1068317, 49.2630489 ], [ -123.1094842, 49.26312 ], [ -123.1109525, 49.2631458 ], [ -123.1128916, 49.2631797 ], [ -123.114779, 49.263204 ], [ -123.1148496, 49.2632059 ], [ -123.1149257, 49.2632079 ], [ -123.1175209, 49.2632503 ], [ -123.1198948, 49.2632947 ], [ -123.1218194, 49.2633173 ], [ -123.1217942, 49.2642317 ], [ -123.1198266, 49.2642162 ], [ -123.1198185, 49.2646564 ], [ -123.119811, 49.2650634 ], [ -123.1197984, 49.2654661 ], [ -123.1197857, 49.2658706 ], [ -123.1197831, 49.2659561 ], [ -123.1174156, 49.2659181 ], [ -123.1174168, 49.2658533 ], [ -123.1174209, 49.2657877 ], [ -123.1155304, 49.265811 ], [ -123.1150756, 49.2657682 ], [ -123.114979, 49.2657314 ], [ -123.1148911, 49.2656426 ], [ -123.1148991, 49.266022 ], [ -123.1149056, 49.2665356 ], [ -123.1147764, 49.2666033 ], [ -123.11478, 49.2667214 ], [ -123.1147898, 49.2673969 ], [ -123.1147938, 49.2676703 ], [ -123.1147981, 49.2679361 ], [ -123.1148, 49.2680569 ], [ -123.1148053, 49.268347 ], [ -123.11482, 49.2693923 ], [ -123.1147745, 49.2711472 ], [ -123.1144686, 49.2713095 ], [ -123.1129305, 49.2716798 ], [ -123.112614, 49.2716798 ], [ -123.1124348, 49.271573 ] ] ] ] } },
{ "type": "Feature", "properties": { "name": "59153151", "population": 641, "population_density": 5864.6 }, "geometry": { "type": "MultiPolygon", "coordinates": [ [ [ [ -123.1095428, 49.2607723 ], [ -123.1095586, 49.2603378 ], [ -123.1110365, 49.2603629 ], [ -123.1129872, 49.2603845 ], [ -123.114922, 49.2603957 ], [ -123.1148572, 49.2622288 ], [ -123.1148569, 49.2622378 ], [ -123.1147797, 49.263195 ], [ -123.114779, 49.263204 ], [ -123.1128916, 49.2631797 ], [ -123.1109525, 49.2631458 ], [ -123.1110061, 49.2621753 ], [ -123.109491, 49.2621509 ], [ -123.1095259, 49.2612385 ], [ -123.1095428, 49.2607723 ] ] ] ] } },
{ "type": "Feature", "properties": { "name": "59153152", "population": 935, "population_density": 7030.1 }, "geometry": { "type": "MultiPolygon", "coordinates": [ [ [ [ -123.1148572, 49.2622288 ], [ -123.114922, 49.2603957 ], [ -123.1150565, 49.2603984 ], [ -123.1176295, 49.2604411 ], [ -123.1176445, 49.2599459 ], [ -123.1176582, 49.2594933 ], [ -123.1199899, 49.2595268 ], [ -123.1199656, 49.2599693 ], [ -123.1199365, 49.2604982 ], [ -123.1199304, 49.2613933 ], [ -123.1199228, 49.2623344 ], [ -123.1199104, 49.2627591 ], [ -123.1199091, 49.2628041 ], [ -123.1198948, 49.2632947 ], [ -123.1175209, 49.2632503 ], [ -123.1149257, 49.2632079 ], [ -123.1148496, 49.2632059 ], [ -123.114779, 49.263204 ], [ -123.1147797, 49.263195 ], [ -123.1148569, 49.2622378 ], [ -123.1148572, 49.2622288 ] ] ] ] } },
{ "type": "Feature", "properties": { "name": "59153153", "population": 768, "population_density": 15641.5 }, "geometry": { "type": "MultiPolygon", "coordinates": [ [ [ [ -123.1176295, 49.2604411 ], [ -123.1150565, 49.2603984 ], [ -123.114922, 49.2603957 ], [ -123.1149369, 49.2598931 ], [ -123.1149431, 49.2596811 ], [ -123.1150104, 49.2595928 ], [ -123.1150128, 49.2594443 ], [ -123.1150223, 49.2587383 ], [ -123.1156631, 49.2587501 ], [ -123.1177075, 49.2587876 ], [ -123.1200505, 49.2588384 ], [ -123.1200292, 49.2590804 ], [ -123.1199899, 49.2595268 ], [ -123.1176582, 49.2594933 ], [ -123.1176445, 49.2599459 ], [ -123.1176295, 49.2604411 ] ] ] ] } },
{ "type": "Feature", "properties": { "name": "59153154", "population": 841, "population_density": 11139.1 }, "geometry": { "type": "MultiPolygon", "coordinates": [ [ [ [ -123.1150461, 49.2573393 ], [ -123.1150534, 49.2569133 ], [ -123.1160034, 49.2569225 ], [ -123.1181282, 49.256946 ], [ -123.119385, 49.2569688 ], [ -123.1201286, 49.2569823 ], [ -123.1201131, 49.257416 ], [ -123.1201026, 49.2577112 ], [ -123.1200813, 49.2581806 ], [ -123.1200619, 49.2586099 ], [ -123.1200505, 49.2588384 ], [ -123.1177075, 49.2587876 ], [ -123.1156631, 49.2587501 ], [ -123.1150223, 49.2587383 ], [ -123.11503, 49.2582839 ], [ -123.1150461, 49.2573393 ] ] ] ] } },
{ "type": "Feature", "properties": { "name": "59153155", "population": 481, "population_density": 6073.2 }, "geometry": { "type": "MultiPolygon", "coordinates": [ [ [ [ -123.1095586, 49.2603378 ], [ -123.1095808, 49.2598998 ], [ -123.1095839, 49.2598369 ], [ -123.1096062, 49.2593977 ], [ -123.1097318, 49.2593669 ], [ -123.1110849, 49.2593662 ], [ -123.1111117, 49.2586697 ], [ -123.1130768, 49.2587016 ], [ -123.1130862, 49.258259 ], [ -123.1130961, 49.2577951 ], [ -123.1150378, 49.2578272 ], [ -123.11503, 49.2582839 ], [ -123.1150223, 49.2587383 ], [ -123.1150128, 49.2594443 ], [ -123.1150104, 49.2595928 ], [ -123.1149431, 49.2596811 ], [ -123.1149369, 49.2598931 ], [ -123.114922, 49.2603957 ], [ -123.1129872, 49.2603845 ], [ -123.1110365, 49.2603629 ], [ -123.1095586, 49.2603378 ] ] ] ] } },
{ "type": "Feature", "properties": { "name": "59153156", "population": 356, "population_density": 8661.8 }, "geometry": { "type": "MultiPolygon", "coordinates": [ [ [ [ -123.1050525, 49.2593531 ], [ -123.1051016, 49.2584573 ], [ -123.1070288, 49.2585009 ], [ -123.1094926, 49.2585318 ], [ -123.1096097, 49.2585926 ], [ -123.1098004, 49.2586616 ], [ -123.1111117, 49.2586697 ], [ -123.1110849, 49.2593662 ], [ -123.1097318, 49.2593669 ], [ -123.1096062, 49.2593977 ], [ -123.1094507, 49.2594251 ], [ -123.1069874, 49.2593852 ], [ -123.1050525, 49.2593531 ] ] ] ] } },
{ "type": "Feature", "properties": { "name": "59153157", "population": 575, "population_density": 8646.6 }, "geometry": { "type": "MultiPolygon", "coordinates": [ [ [ [ -123.1050415, 49.2598137 ], [ -123.1050525, 49.2593531 ], [ -123.1069874, 49.2593852 ], [ -123.1094507, 49.2594251 ], [ -123.1096062, 49.2593977 ], [ -123.1095839, 49.2598369 ], [ -123.1095808, 49.2598998 ], [ -123.1095586, 49.2603378 ], [ -123.1095259, 49.2612385 ], [ -123.1069295, 49.2611951 ], [ -123.1049836, 49.2611627 ], [ -123.1050069, 49.2607137 ], [ -123.1050311, 49.2602479 ], [ -123.1050415, 49.2598137 ] ] ] ] } },
{ "type": "Feature", "properties": { "name": "59153158", "population": 727, "population_density": 9008.7 }, "geometry": { "type": "MultiPolygon", "coordinates": [ [ [ [ -123.1049365, 49.2614983 ], [ -123.1049836, 49.2611627 ], [ -123.1069295, 49.2611951 ], [ -123.1095259, 49.2612385 ], [ -123.109491, 49.2621509 ], [ -123.1110061, 49.2621753 ], [ -123.1109525, 49.2631458 ], [ -123.1094842, 49.26312 ], [ -123.1068317, 49.2630489 ], [ -123.1048859, 49.2630147 ], [ -123.1049172, 49.2620725 ], [ -123.1049365, 49.2614983 ] ] ] ] } },
{ "type": "Feature", "properties": { "name": "59153159", "population": 654, "population_density": 8861.8 }, "geometry": { "type": "MultiPolygon", "coordinates": [ [ [ [ -123.1009658, 49.2611134 ], [ -123.1010028, 49.2601911 ], [ -123.1010871, 49.2601933 ], [ -123.1011564, 49.2601952 ], [ -123.1030855, 49.2602317 ], [ -123.1030452, 49.2611422 ], [ -123.1049836, 49.2611627 ], [ -123.1049365, 49.2614983 ], [ -123.1049172, 49.2620725 ], [ -123.1048859, 49.2630147 ], [ -123.1029615, 49.2629667 ], [ -123.1010455, 49.2629161 ], [ -123.100888, 49.2629083 ], [ -123.1009028, 49.2624511 ], [ -123.1009779, 49.2623928 ], [ -123.1009963, 49.2620104 ], [ -123.1010438, 49.2612938 ], [ -123.1009627, 49.261207 ], [ -123.1009658, 49.2611134 ] ] ] ] } },
{ "type": "Feature", "properties": { "name": "59153160", "population": 741, "population_density": 10263.2 }, "geometry": { "type": "MultiPolygon", "coordinates": [ [ [ [ -123.1011088, 49.2593085 ], [ -123.1011314, 49.2583975 ], [ -123.1017544, 49.2584061 ], [ -123.1031846, 49.2584257 ], [ -123.1051016, 49.2584573 ], [ -123.1050525, 49.2593531 ], [ -123.1050415, 49.2598137 ], [ -123.1050311, 49.2602479 ], [ -123.1050069, 49.2607137 ], [ -123.1049836, 49.2611627 ], [ -123.1030452, 49.2611422 ], [ -123.1030855, 49.2602317 ], [ -123.1011564, 49.2601952 ], [ -123.1010871, 49.2601933 ], [ -123.1010028, 49.2601911 ], [ -123.1010034, 49.2601821 ], [ -123.1010084, 49.2601012 ], [ -123.1010858, 49.260006 ], [ -123.1011088, 49.2593085 ] ] ] ] } },
{ "type": "Feature", "properties": { "name": "59153161", "population": 552, "population_density": 12988.2 }, "geometry": { "type": "MultiPolygon", "coordinates": [ [ [ [ -123.1011314, 49.2583975 ], [ -123.101198, 49.2575076 ], [ -123.1016464, 49.2575135 ], [ -123.1019996, 49.2575182 ], [ -123.1031853, 49.2575339 ], [ -123.1051335, 49.2575709 ], [ -123.1070673, 49.2575967 ], [ -123.107048, 49.2580489 ], [ -123.1070288, 49.2585009 ], [ -123.1051016, 49.2584573 ], [ -123.1031846, 49.2584257 ], [ -123.1017544, 49.2584061 ], [ -123.1011314, 49.2583975 ] ] ] ] } },
{ "type": "Feature", "properties": { "name": "59153162", "population": 504, "population_density": 17027.0 }, "geometry": { "type": "MultiPolygon", "coordinates": [ [ [ [ -123.101198, 49.2575076 ], [ -123.1012381, 49.2565791 ], [ -123.1032432, 49.2566068 ], [ -123.1049474, 49.2566354 ], [ -123.1051697, 49.2566396 ], [ -123.1051526, 49.2570794 ], [ -123.1051335, 49.2575709 ], [ -123.1031853, 49.2575339 ], [ -123.1019996, 49.2575182 ], [ -123.1016464, 49.2575135 ], [ -123.101198, 49.2575076 ] ] ] ] } },
{ "type": "Feature", "properties": { "name": "59153163", "population": 425, "population_density": 5195.6 }, "geometry": { "type": "MultiPolygon", "coordinates": [ [ [ [ -123.1008606, 49.2637401 ], [ -123.100888, 49.2629083 ], [ -123.1010455, 49.2629161 ], [ -123.1029615, 49.2629667 ], [ -123.1048859, 49.2630147 ], [ -123.1048851, 49.2630344 ], [ -123.1048716, 49.263367 ], [ -123.1048554, 49.2637669 ], [ -123.1048377, 49.2642306 ], [ -123.1048207, 49.2646748 ], [ -123.1048042, 49.2651305 ], [ -123.1047885, 49.2655648 ], [ -123.1028604, 49.2655311 ], [ -123.1016474, 49.2655098 ], [ -123.1009254, 49.2654971 ], [ -123.100926, 49.265488 ], [ -123.100989, 49.2646332 ], [ -123.100833, 49.2644903 ], [ -123.1008421, 49.2643023 ], [ -123.1008606, 49.2637401 ] ] ] ] } },
{ "type": "Feature", "properties": { "name": "59153164", "population": 1593, "population_density": 16074.7 }, "geometry": { "type": "MultiPolygon", "coordinates": [ [ [ [ -123.096893, 49.2662237 ], [ -123.0969088, 49.2658741 ], [ -123.0969283, 49.2654401 ], [ -123.0988556, 49.2654649 ], [ -123.0988785, 49.2649823 ], [ -123.0988984, 49.2645617 ], [ -123.1000088, 49.2645812 ], [ -123.1008265, 49.2645955 ], [ -123.1007737, 49.2654396 ], [ -123.1007697, 49.2655038 ], [ -123.1007353, 49.26631 ], [ -123.1007311, 49.266408 ], [ -123.1007288, 49.2664881 ], [ -123.1007831, 49.2666093 ], [ -123.1007569, 49.267313 ], [ -123.1007454, 49.2680477 ], [ -123.1008259, 49.2681444 ], [ -123.1008233, 49.2682299 ], [ -123.1007857, 49.2690513 ], [ -123.1007756, 49.2691465 ], [ -123.1006307, 49.269112 ], [ -123.1006331, 49.2690085 ], [ -123.1002303, 49.268858 ], [ -123.0996884, 49.2685823 ], [ -123.0991936, 49.2682987 ], [ -123.0990714, 49.2682756 ], [ -123.0982024, 49.267738 ], [ -123.0971718, 49.2671905 ], [ -123.096693, 49.2669822 ], [ -123.0962061, 49.2668601 ], [ -123.0963046, 49.266624 ], [ -123.0967653, 49.266332 ], [ -123.096893, 49.2662237 ] ] ] ] } },
{ "type": "Feature", "properties": { "name": "59153165", "population": 525, "population_density": 16104.3 }, "geometry": { "type": "MultiPolygon", "coordinates": [ [ [ [ -123.0956525, 49.2662219 ], [ -123.0957165, 49.2657306 ], [ -123.0957584, 49.2654086 ], [ -123.0957632, 49.2652881 ], [ -123.0957771, 49.2649398 ], [ -123.0957946, 49.2645008 ], [ -123.0968263, 49.264524 ], [ -123.096969, 49.2645486 ], [ -123.0988984, 49.2645617 ], [ -123.0988785, 49.2649823 ], [ -123.0988556, 49.2654649 ], [ -123.0969283, 49.2654401 ], [ -123.0969088, 49.2658741 ], [ -123.096893, 49.2662237 ], [ -123.0967653, 49.266332 ], [ -123.0963046, 49.266624 ], [ -123.0961302, 49.2665572 ], [ -123.0958152, 49.2663659 ], [ -123.0956525, 49.2662219 ] ] ] ] } },
{ "type": "Feature", "properties": { "name": "59153166", "population": 1091, "population_density": 9864.4 }, "geometry": { "type": "MultiPolygon", "coordinates": [ [ [ [ -123.1151605, 49.2549039 ], [ -123.1152108, 49.2539847 ], [ -123.1153245, 49.2540337 ], [ -123.1160006, 49.254204 ], [ -123.1162096, 49.2542231 ], [ -123.1182238, 49.2542571 ], [ -123.1201913, 49.2542907 ], [ -123.1201788, 49.2547527 ], [ -123.1201668, 49.2551944 ], [ -123.1201559, 49.2556434 ], [ -123.1201446, 49.2561054 ], [ -123.1201286, 49.2569823 ], [ -123.119385, 49.2569688 ], [ -123.1181282, 49.256946 ], [ -123.1160034, 49.2569225 ], [ -123.1150534, 49.2569133 ], [ -123.1151142, 49.2558692 ], [ -123.1151605, 49.2549039 ] ] ] ] } },
{ "type": "Feature", "properties": { "name": "59153167", "population": 616, "population_density": 3634.2 }, "geometry": { "type": "MultiPolygon", "coordinates": [ [ [ [ -123.1183051, 49.2519931 ], [ -123.1183218, 49.2515511 ], [ -123.1202849, 49.2515874 ], [ -123.1222151, 49.2516235 ], [ -123.1239577, 49.2516563 ], [ -123.1246254, 49.2516689 ], [ -123.1246069, 49.2521401 ], [ -123.12459, 49.2525714 ], [ -123.1245632, 49.2530395 ], [ -123.1245387, 49.2534663 ], [ -123.1245201, 49.2543647 ], [ -123.1245022, 49.2548205 ], [ -123.1244844, 49.2552735 ], [ -123.123777, 49.2552605 ], [ -123.1220972, 49.2552297 ], [ -123.1208365, 49.2552067 ], [ -123.1201668, 49.2551944 ], [ -123.1201788, 49.2547527 ], [ -123.1201913, 49.2542907 ], [ -123.1182238, 49.2542571 ], [ -123.1182403, 49.2538185 ], [ -123.1182574, 49.2533617 ], [ -123.1182722, 49.2529193 ], [ -123.1182878, 49.2524528 ], [ -123.1183051, 49.2519931 ] ] ] ] } },
{ "type": "Feature", "properties": { "name": "59153168", "population": 1096, "population_density": 36655.5 }, "geometry": { "type": "MultiPolygon", "coordinates": [ [ [ [ -123.0999273, 49.2730142 ], [ -123.0999337, 49.2728556 ], [ -123.1000994, 49.2728853 ], [ -123.1011816, 49.2730495 ], [ -123.1014834, 49.2730474 ], [ -123.1016352, 49.2730464 ], [ -123.1016357, 49.2733815 ], [ -123.1016365, 49.2739715 ], [ -123.1017261, 49.2740099 ], [ -123.1018212, 49.2743881 ], [ -123.1019517, 49.2749077 ], [ -123.10197, 49.2749883 ], [ -123.1014174, 49.2749845 ], [ -123.1013748, 49.2749842 ], [ -123.1010185, 49.2749817 ], [ -123.1003993, 49.2749775 ], [ -123.1002531, 49.2749764 ], [ -123.1001359, 49.2749391 ], [ -123.0999946, 49.2749362 ], [ -123.099974, 49.2749356 ], [ -123.0998505, 49.2749323 ], [ -123.0998729, 49.2743725 ], [ -123.099923, 49.2731221 ], [ -123.0999245, 49.2730861 ], [ -123.0999273, 49.2730142 ] ] ] ] } },
{ "type": "Feature", "properties": { "name": "59153171", "population": 742, "population_density": 11041.7 }, "geometry": { "type": "MultiPolygon", "coordinates": [ [ [ [ -123.1365705, 49.2796596 ], [ -123.1354962, 49.2789572 ], [ -123.134424, 49.2782561 ], [ -123.1354242, 49.2775936 ], [ -123.1348876, 49.2770345 ], [ -123.1344688, 49.2765982 ], [ -123.1342168, 49.2763843 ], [ -123.1361871, 49.2757507 ], [ -123.1362843, 49.2758642 ], [ -123.1362365, 49.2760405 ], [ -123.1362306, 49.2760621 ], [ -123.1363491, 49.2763313 ], [ -123.1363811, 49.2764039 ], [ -123.1363844, 49.2769352 ], [ -123.1368386, 49.2770961 ], [ -123.1373747, 49.2776886 ], [ -123.1376769, 49.2776715 ], [ -123.1378264, 49.2777372 ], [ -123.1381048, 49.2778595 ], [ -123.1383938, 49.2783722 ], [ -123.1386993, 49.2787132 ], [ -123.138773, 49.2787955 ], [ -123.1371298, 49.2792843 ], [ -123.1371296, 49.2792844 ], [ -123.1365705, 49.2796596 ] ] ] ] } },
{ "type": "Feature", "properties": { "name": "59153172", "population": 784, "population_density": 37874.4 }, "geometry": { "type": "MultiPolygon", "coordinates": [ [ [ [ -123.1342168, 49.2763843 ], [ -123.1344688, 49.2765982 ], [ -123.1348876, 49.2770345 ], [ -123.1354242, 49.2775936 ], [ -123.134424, 49.2782561 ], [ -123.1332849, 49.2775206 ], [ -123.1332917, 49.2774559 ], [ -123.1331467, 49.2773566 ], [ -123.1330181, 49.2772144 ], [ -123.1329615, 49.2771517 ], [ -123.1329636, 49.2769833 ], [ -123.1332148, 49.2767216 ], [ -123.1342046, 49.2763884 ], [ -123.1342168, 49.2763843 ] ] ] ] } },
{ "type": "Feature", "properties": { "name": "59153181", "population": 554, "population_density": 640.9 }, "geometry": { "type": "MultiPolygon", "coordinates": [ [ [ [ -123.0948751, 49.2888635 ], [ -123.0918595, 49.2878902 ], [ -123.091779, 49.2895266 ], [ -123.089523, 49.2888985 ], [ -123.0896267, 49.2856428 ], [ -123.0889665, 49.2854448 ], [ -123.0881705, 49.2854548 ], [ -123.0880908, 49.2881622 ], [ -123.0866883, 49.2881366 ], [ -123.0867789, 49.2848353 ], [ -123.0857747, 49.284747 ], [ -123.0857752, 49.2846387 ], [ -123.0853634, 49.2845761 ], [ -123.0852964, 49.2862224 ], [ -123.0847335, 49.2862139 ], [ -123.084733, 49.2865828 ], [ -123.0845539, 49.2865828 ], [ -123.0845535, 49.286231 ], [ -123.084031, 49.2862053 ], [ -123.084137, 49.2837856 ], [ -123.083958, 49.2837856 ], [ -123.0838083, 49.2846843 ], [ -123.0835489, 49.2846757 ], [ -123.0835598, 49.283948 ], [ -123.082776, 49.283948 ], [ -123.082791, 49.2845689 ], [ -123.0830809, 49.2845775 ], [ -123.0830428, 49.2866098 ], [ -123.0829315, 49.2866098 ], [ -123.0829437, 49.2856841 ], [ -123.0827931, 49.2856841 ], [ -123.0827682, 49.2866013 ], [ -123.0826989, 49.2865927 ], [ -123.0827099, 49.2856385 ], [ -123.0829575, 49.2856485 ], [ -123.0829703, 49.2846757 ], [ -123.0823647, 49.2846772 ], [ -123.0819822, 49.2852525 ], [ -123.0822018, 49.2860359 ], [ -123.082162, 49.286278 ], [ -123.0823819, 49.2864133 ], [ -123.0823855, 49.2879244 ], [ -123.0822047, 49.2879158 ], [ -123.0822311, 49.2864403 ], [ -123.0820247, 49.2863236 ], [ -123.0818038, 49.286305 ], [ -123.0815573, 49.2863506 ], [ -123.0811995, 49.2869901 ], [ -123.0811996, 49.287124 ], [ -123.0813939, 49.287124 ], [ -123.0813935, 49.2872051 ], [ -123.0811861, 49.2872051 ], [ -123.0811753, 49.2880326 ], [ -123.0811054, 49.2880326 ], [ -123.0810762, 49.2873404 ], [ -123.080596, 49.2873134 ], [ -123.0806232, 49.2871966 ], [ -123.0810905, 49.2871966 ], [ -123.081076, 49.2870342 ], [ -123.0806635, 49.2871069 ], [ -123.0804296, 49.2870613 ], [ -123.0803193, 49.2869445 ], [ -123.0802629, 49.2855417 ], [ -123.0800979, 49.2851187 ], [ -123.0799459, 49.2851287 ], [ -123.0797957, 49.2855417 ], [ -123.0797563, 49.286963 ], [ -123.079701, 49.2870983 ], [ -123.079234, 49.2871439 ], [ -123.0791688, 49.2893657 ], [ -123.0789068, 49.2893657 ], [ -123.0788621, 49.2869459 ], [ -123.0779251, 49.2872333 ], [ -123.0779945, 49.284397 ], [ -123.0770919, 49.2838077 ], [ -123.0770929, 49.2837539 ], [ -123.0770965, 49.283565 ], [ -123.0771058, 49.2830641 ], [ -123.0770898, 49.2823933 ], [ -123.0770865, 49.2822583 ], [ -123.0770965, 49.2817722 ], [ -123.0771002, 49.2813444 ], [ -123.0780545, 49.2813567 ], [ -123.0785682, 49.2812743 ], [ -123.0791596, 49.2811155 ], [ -123.079643, 49.2810124 ], [ -123.0800611, 49.2809859 ], [ -123.0808513, 49.2809741 ], [ -123.0813046, 49.2809673 ], [ -123.0820313, 49.2809813 ], [ -123.0821823, 49.2809842 ], [ -123.0824159, 49.2809887 ], [ -123.0824549, 49.2809894 ], [ -123.0825535, 49.2809917 ], [ -123.0847975, 49.2810436 ], [ -123.0871624, 49.2810922 ], [ -123.0871337, 49.2816067 ], [ -123.0871092, 49.2820473 ], [ -123.0870908, 49.282506 ], [ -123.0870729, 49.2829542 ], [ -123.0894614, 49.2829998 ], [ -123.0894593, 49.283187 ], [ -123.0894627, 49.2834393 ], [ -123.089464, 49.2835292 ], [ -123.0894691, 49.283907 ], [ -123.0895419, 49.2839081 ], [ -123.0913634, 49.2839445 ], [ -123.0913866, 49.2834731 ], [ -123.091408, 49.2830369 ], [ -123.0914138, 49.2825651 ], [ -123.0914192, 49.2821347 ], [ -123.0931962, 49.2821736 ], [ -123.0933846, 49.2821777 ], [ -123.0935946, 49.2821807 ], [ -123.0953406, 49.2822054 ], [ -123.095366, 49.2822058 ], [ -123.0953468, 49.2826877 ], [ -123.0953299, 49.283111 ], [ -123.0933463, 49.2830738 ], [ -123.0933261, 49.2835256 ], [ -123.0933054, 49.2839887 ], [ -123.0932725, 49.2847553 ], [ -123.0938107, 49.2848742 ], [ -123.094922, 49.284905 ], [ -123.0952503, 49.2848652 ], [ -123.0952378, 49.2853504 ], [ -123.09476, 49.2856267 ], [ -123.0952299, 49.2856294 ], [ -123.095912, 49.2854487 ], [ -123.0965377, 49.2853322 ], [ -123.0979961, 49.2850006 ], [ -123.0980185, 49.2849955 ], [ -123.0984959, 49.2849435 ], [ -123.0988194, 49.2849342 ], [ -123.0991762, 49.2848555 ], [ -123.0990699, 49.2850584 ], [ -123.0994556, 49.2853676 ], [ -123.0997991, 49.2856788 ], [ -123.0997375, 49.2865101 ], [ -123.0997374, 49.2865101 ], [ -123.0997124, 49.2869123 ], [ -123.0996873, 49.287316 ], [ -123.0996872, 49.2873165 ], [ -123.0996872, 49.287317 ], [ -123.0996776, 49.2877568 ], [ -123.0995886, 49.2882874 ], [ -123.0991245, 49.2902673 ], [ -123.0966394, 49.2893738 ], [ -123.0948751, 49.2888635 ] ] ] ] } },
{ "type": "Feature", "properties": { "name": "59153182", "population": 454, "population_density": 30469.8 }, "geometry": { "type": "MultiPolygon", "coordinates": [ [ [ [ -123.0933846, 49.2821777 ], [ -123.0931962, 49.2821736 ], [ -123.0914192, 49.2821347 ], [ -123.0914418, 49.2816921 ], [ -123.0914671, 49.2811965 ], [ -123.0932084, 49.281233 ], [ -123.093427, 49.2812376 ], [ -123.0934033, 49.2817625 ], [ -123.0933846, 49.2821777 ] ] ] ] } },
{ "type": "Feature", "properties": { "name": "59153183", "population": 814, "population_density": 10369.4 }, "geometry": { "type": "MultiPolygon", "coordinates": [ [ [ [ -123.0871337, 49.2816067 ], [ -123.0871624, 49.2810922 ], [ -123.0895313, 49.2811642 ], [ -123.0914671, 49.2811965 ], [ -123.0914418, 49.2816921 ], [ -123.0914192, 49.2821347 ], [ -123.0914138, 49.2825651 ], [ -123.091408, 49.2830369 ], [ -123.0913866, 49.2834731 ], [ -123.0913634, 49.2839445 ], [ -123.0895419, 49.2839081 ], [ -123.0894691, 49.283907 ], [ -123.089464, 49.2835292 ], [ -123.0894627, 49.2834393 ], [ -123.0894593, 49.283187 ], [ -123.0894614, 49.2829998 ], [ -123.0870729, 49.2829542 ], [ -123.0870908, 49.282506 ], [ -123.0871092, 49.2820473 ], [ -123.0871337, 49.2816067 ] ] ] ] } },
{ "type": "Feature", "properties": { "name": "59153184", "population": 639, "population_density": 8287.9 }, "geometry": { "type": "MultiPolygon", "coordinates": [ [ [ [ -123.0871624, 49.2810922 ], [ -123.0871878, 49.2806082 ], [ -123.0872115, 49.2801576 ], [ -123.0895707, 49.2802086 ], [ -123.0896002, 49.2794328 ], [ -123.0896851, 49.2792614 ], [ -123.089813, 49.2793045 ], [ -123.0915635, 49.2793301 ], [ -123.0932457, 49.2793614 ], [ -123.09351, 49.2793663 ], [ -123.0934922, 49.2798107 ], [ -123.0934738, 49.2802715 ], [ -123.0934517, 49.2807282 ], [ -123.093427, 49.2812376 ], [ -123.0932084, 49.281233 ], [ -123.0914671, 49.2811965 ], [ -123.0895313, 49.2811642 ], [ -123.0871624, 49.2810922 ] ] ] ] } },
{ "type": "Feature", "properties": { "name": "59153185", "population": 447, "population_density": 8514.3 }, "geometry": { "type": "MultiPolygon", "coordinates": [ [ [ [ -123.0848986, 49.2787741 ], [ -123.0849191, 49.2782997 ], [ -123.0872826, 49.2783473 ], [ -123.0872603, 49.2788114 ], [ -123.0872395, 49.2792513 ], [ -123.0872265, 49.2796727 ], [ -123.0872115, 49.2801576 ], [ -123.0871878, 49.2806082 ], [ -123.0871624, 49.2810922 ], [ -123.0847975, 49.2810436 ], [ -123.08482, 49.2805463 ], [ -123.0848398, 49.2801071 ], [ -123.0848599, 49.2796557 ], [ -123.0848801, 49.2792039 ], [ -123.0848986, 49.2787741 ] ] ] ] } },
{ "type": "Feature", "properties": { "name": "59153186", "population": 483, "population_density": 6939.7 }, "geometry": { "type": "MultiPolygon", "coordinates": [ [ [ [ -123.084938, 49.2778749 ], [ -123.0849592, 49.2774 ], [ -123.0872986, 49.2774361 ], [ -123.0877343, 49.2774569 ], [ -123.0896979, 49.277481 ], [ -123.0896786, 49.2779607 ], [ -123.0896613, 49.2783916 ], [ -123.0896313, 49.2788692 ], [ -123.0896121, 49.2791757 ], [ -123.0896851, 49.2792614 ], [ -123.0896002, 49.2794328 ], [ -123.0895707, 49.2802086 ], [ -123.0872115, 49.2801576 ], [ -123.0872265, 49.2796727 ], [ -123.0872395, 49.2792513 ], [ -123.0872603, 49.2788114 ], [ -123.0872826, 49.2783473 ], [ -123.0849191, 49.2782997 ], [ -123.084938, 49.2778749 ] ] ] ] } },
{ "type": "Feature", "properties": { "name": "59153187", "population": 815, "population_density": 14476.0 }, "geometry": { "type": "MultiPolygon", "coordinates": [ [ [ [ -123.0824549, 49.2809894 ], [ -123.0824732, 49.2804809 ], [ -123.0826371, 49.2800989 ], [ -123.0826455, 49.2800794 ], [ -123.0831374, 49.2792425 ], [ -123.0831687, 49.2791892 ], [ -123.0832871, 49.277372 ], [ -123.0849592, 49.2774 ], [ -123.0849191, 49.2782997 ], [ -123.0848986, 49.2787741 ], [ -123.0848801, 49.2792039 ], [ -123.0848599, 49.2796557 ], [ -123.0848398, 49.2801071 ], [ -123.08482, 49.2805463 ], [ -123.0847975, 49.2810436 ], [ -123.0825535, 49.2809917 ], [ -123.0824549, 49.2809894 ] ] ] ] } },
{ "type": "Feature", "properties": { "name": "59153188", "population": 252, "population_density": 1547.0 }, "geometry": { "type": "MultiPolygon", "coordinates": [ [ [ [ -123.0825844, 49.2773584 ], [ -123.0818853, 49.2773473 ], [ -123.0813722, 49.2773391 ], [ -123.0813803, 49.2768169 ], [ -123.0813958, 49.2761142 ], [ -123.0813968, 49.2760692 ], [ -123.0814003, 49.2759104 ], [ -123.0814097, 49.2758044 ], [ -123.0814347, 49.274227 ], [ -123.081436, 49.2740973 ], [ -123.0814565, 49.2730944 ], [ -123.0823691, 49.2731137 ], [ -123.0827557, 49.2731502 ], [ -123.0833139, 49.273232 ], [ -123.0840408, 49.2734282 ], [ -123.0850842, 49.2737716 ], [ -123.0859058, 49.274114 ], [ -123.0860711, 49.2741829 ], [ -123.0868945, 49.2744595 ], [ -123.0874329, 49.2746403 ], [ -123.087355, 49.2765342 ], [ -123.0873546, 49.2765432 ], [ -123.0849983, 49.2764931 ], [ -123.0849592, 49.2774 ], [ -123.0832871, 49.277372 ], [ -123.0825844, 49.2773584 ] ] ] ] } },
{ "type": "Feature", "properties": { "name": "59153189", "population": 535, "population_density": 2392.7 }, "geometry": { "type": "MultiPolygon", "coordinates": [ [ [ [ -123.0772761, 49.2763333 ], [ -123.0772881, 49.275855 ], [ -123.0786302, 49.2758841 ], [ -123.0794532, 49.2758866 ], [ -123.08, 49.2758878 ], [ -123.0806612, 49.2758985 ], [ -123.0809483, 49.2759031 ], [ -123.0814003, 49.2759104 ], [ -123.0813968, 49.2760692 ], [ -123.0813958, 49.2761142 ], [ -123.0813803, 49.2768169 ], [ -123.0813722, 49.2773391 ], [ -123.0818853, 49.2773473 ], [ -123.0825844, 49.2773584 ], [ -123.0832871, 49.277372 ], [ -123.0831687, 49.2791892 ], [ -123.0831374, 49.2792425 ], [ -123.0826455, 49.2800794 ], [ -123.0826371, 49.2800989 ], [ -123.0824732, 49.2804809 ], [ -123.0824549, 49.2809894 ], [ -123.0824159, 49.2809887 ], [ -123.0821823, 49.2809842 ], [ -123.0820313, 49.2809813 ], [ -123.0813046, 49.2809673 ], [ -123.0808513, 49.2809741 ], [ -123.0800611, 49.2809859 ], [ -123.079643, 49.2810124 ], [ -123.0791596, 49.2811155 ], [ -123.0785682, 49.2812743 ], [ -123.0780545, 49.2813567 ], [ -123.0771002, 49.2813444 ], [ -123.0771319, 49.2808402 ], [ -123.0771623, 49.280358 ], [ -123.0771783, 49.2799225 ], [ -123.077195, 49.2794689 ], [ -123.0772123, 49.2789871 ], [ -123.0772278, 49.2785556 ], [ -123.0772368, 49.2781324 ], [ -123.0772467, 49.277668 ], [ -123.0772558, 49.2772239 ], [ -123.0772654, 49.2767596 ], [ -123.0772761, 49.2763333 ] ] ] ] } },
{ "type": "Feature", "properties": { "name": "59153190", "population": 629, "population_density": 3130.9 }, "geometry": { "type": "MultiPolygon", "coordinates": [ [ [ [ -123.0704287, 49.2802844 ], [ -123.0704398, 49.2798456 ], [ -123.0704515, 49.2793798 ], [ -123.0726829, 49.2794088 ], [ -123.0726964, 49.2789536 ], [ -123.0727097, 49.2785052 ], [ -123.0727459, 49.2776054 ], [ -123.0727624, 49.2771634 ], [ -123.0727796, 49.2767011 ], [ -123.0733381, 49.2767145 ], [ -123.0740816, 49.2767236 ], [ -123.0741641, 49.2767246 ], [ -123.0743102, 49.2767264 ], [ -123.0758579, 49.276744 ], [ -123.0772654, 49.2767596 ], [ -123.0772558, 49.2772239 ], [ -123.0772467, 49.277668 ], [ -123.0772368, 49.2781324 ], [ -123.0772278, 49.2785556 ], [ -123.0772123, 49.2789871 ], [ -123.077195, 49.2794689 ], [ -123.0771783, 49.2799225 ], [ -123.0771623, 49.280358 ], [ -123.0771319, 49.2808402 ], [ -123.0771002, 49.2813444 ], [ -123.0741172, 49.2813104 ], [ -123.0726299, 49.2812926 ], [ -123.0703994, 49.2812483 ], [ -123.070415, 49.2807361 ], [ -123.0704287, 49.2802844 ] ] ] ] } },
{ "type": "Feature", "properties": { "name": "59153191", "population": 558, "population_density": 9893.6 }, "geometry": { "type": "MultiPolygon", "coordinates": [ [ [ [ -123.0694598, 49.2769146 ], [ -123.0694706, 49.2766564 ], [ -123.0704617, 49.2766734 ], [ -123.0714161, 49.2766839 ], [ -123.0727796, 49.2767011 ], [ -123.0727624, 49.2771634 ], [ -123.0727459, 49.2776054 ], [ -123.0727097, 49.2785052 ], [ -123.0726964, 49.2789536 ], [ -123.0726829, 49.2794088 ], [ -123.0704515, 49.2793798 ], [ -123.0704612, 49.2789372 ], [ -123.0704711, 49.2784823 ], [ -123.070472, 49.2780977 ], [ -123.0704203, 49.2780103 ], [ -123.0702821, 49.2777764 ], [ -123.070071, 49.2775725 ], [ -123.0696792, 49.2772475 ], [ -123.0695442, 49.2771004 ], [ -123.0695224, 49.2770766 ], [ -123.0694598, 49.2769146 ] ] ] ] } },
{ "type": "Feature", "properties": { "name": "59153192", "population": 552, "population_density": 18278.1 }, "geometry": { "type": "MultiPolygon", "coordinates": [ [ [ [ -123.0683492, 49.2779936 ], [ -123.0683492, 49.2775483 ], [ -123.070071, 49.2775725 ], [ -123.0702821, 49.2777764 ], [ -123.0704203, 49.2780103 ], [ -123.070472, 49.2780977 ], [ -123.0704711, 49.2784823 ], [ -123.0704612, 49.2789372 ], [ -123.0704515, 49.2793798 ], [ -123.0683301, 49.2793501 ], [ -123.0683395, 49.2789111 ], [ -123.0683492, 49.2784607 ], [ -123.0683492, 49.2779936 ] ] ] ] } },
{ "type": "Feature", "properties": { "name": "59153193", "population": 664, "population_density": 13551.0 }, "geometry": { "type": "MultiPolygon", "coordinates": [ [ [ [ -123.0683492, 49.2784607 ], [ -123.0658264, 49.2784129 ], [ -123.0656127, 49.2783801 ], [ -123.0656091, 49.2779771 ], [ -123.0656051, 49.2775224 ], [ -123.0656141, 49.2770596 ], [ -123.0656221, 49.2766464 ], [ -123.0675456, 49.2766518 ], [ -123.068372, 49.2766445 ], [ -123.0688788, 49.27665 ], [ -123.0694706, 49.2766564 ], [ -123.0694598, 49.2769146 ], [ -123.0695224, 49.2770766 ], [ -123.0695442, 49.2771004 ], [ -123.0696792, 49.2772475 ], [ -123.070071, 49.2775725 ], [ -123.0683492, 49.2775483 ], [ -123.0683492, 49.2779936 ], [ -123.0683492, 49.2784607 ] ] ] ] } },
{ "type": "Feature", "properties": { "name": "59153194", "population": 345, "population_density": 17336.7 }, "geometry": { "type": "MultiPolygon", "coordinates": [ [ [ [ -123.0655989, 49.2793147 ], [ -123.0656006, 49.279158 ], [ -123.0656053, 49.2788587 ], [ -123.0656127, 49.2783801 ], [ -123.0658264, 49.2784129 ], [ -123.0683492, 49.2784607 ], [ -123.0683395, 49.2789111 ], [ -123.0683301, 49.2793501 ], [ -123.0655989, 49.2793147 ] ] ] ] } },
{ "type": "Feature", "properties": { "name": "59153195", "population": 371, "population_density": 18275.9 }, "geometry": { "type": "MultiPolygon", "coordinates": [ [ [ [ -123.0655869, 49.280243 ], [ -123.065594, 49.2797762 ], [ -123.0655955, 49.2796722 ], [ -123.0655989, 49.2793147 ], [ -123.0683301, 49.2793501 ], [ -123.0683204, 49.2798107 ], [ -123.0683109, 49.2802621 ], [ -123.0655869, 49.280243 ] ] ] ] } },
{ "type": "Feature", "properties": { "name": "59153196", "population": 495, "population_density": 15372.7 }, "geometry": { "type": "MultiPolygon", "coordinates": [ [ [ [ -123.0683204, 49.2798107 ], [ -123.0683301, 49.2793501 ], [ -123.0704515, 49.2793798 ], [ -123.0704398, 49.2798456 ], [ -123.0704287, 49.2802844 ], [ -123.070415, 49.2807361 ], [ -123.0703994, 49.2812483 ], [ -123.0682903, 49.2812406 ], [ -123.0683109, 49.2802621 ], [ -123.0683204, 49.2798107 ] ] ] ] } },
{ "type": "Feature", "properties": { "name": "59153197", "population": 528, "population_density": 734.0 }, "geometry": { "type": "MultiPolygon", "coordinates": [ [ [ [ -123.0771611, 49.2895551 ], [ -123.0698023, 49.2880041 ], [ -123.0697761, 49.289632 ], [ -123.068552, 49.289642 ], [ -123.0685768, 49.2865842 ], [ -123.0672694, 49.2865756 ], [ -123.0672463, 49.2891478 ], [ -123.0670131, 49.2891392 ], [ -123.0670244, 49.2873846 ], [ -123.0661987, 49.2873775 ], [ -123.0661463, 49.2892119 ], [ -123.065994, 49.2892033 ], [ -123.0660331, 49.2874572 ], [ -123.0658131, 49.2874487 ], [ -123.0658001, 49.2871881 ], [ -123.0654966, 49.2871881 ], [ -123.0654977, 49.2874045 ], [ -123.0653842, 49.2873874 ], [ -123.0654116, 49.2867846 ], [ -123.0654735, 49.2863026 ], [ -123.0655177, 49.2854843 ], [ -123.065515, 49.2852745 ], [ -123.0655142, 49.2852094 ], [ -123.0655127, 49.2850925 ], [ -123.0655094, 49.2848338 ], [ -123.0655266, 49.2843095 ], [ -123.0655391, 49.2839293 ], [ -123.0655513, 49.2830415 ], [ -123.0655563, 49.2825647 ], [ -123.0655608, 49.2821321 ], [ -123.0655672, 49.2816742 ], [ -123.0655737, 49.2812118 ], [ -123.0655809, 49.2806847 ], [ -123.0655869, 49.280243 ], [ -123.0683109, 49.2802621 ], [ -123.0682903, 49.2812406 ], [ -123.0703994, 49.2812483 ], [ -123.0726299, 49.2812926 ], [ -123.0741172, 49.2813104 ], [ -123.0771002, 49.2813444 ], [ -123.0770965, 49.2817722 ], [ -123.0770865, 49.2822583 ], [ -123.0770898, 49.2823933 ], [ -123.0771058, 49.2830641 ], [ -123.0770965, 49.283565 ], [ -123.0770929, 49.2837539 ], [ -123.0770919, 49.2838077 ], [ -123.0779945, 49.284397 ], [ -123.0779251, 49.2872333 ], [ -123.0772137, 49.2874515 ], [ -123.0771611, 49.2895551 ] ] ] ] } },
{ "type": "Feature", "properties": { "name": "59153198", "population": 517, "population_density": 7333.3 }, "geometry": { "type": "MultiPolygon", "coordinates": [ [ [ [ -123.0597171, 49.2834674 ], [ -123.0597219, 49.2830072 ], [ -123.0616665, 49.2830106 ], [ -123.0635886, 49.2830431 ], [ -123.0647626, 49.2830422 ], [ -123.0655513, 49.2830415 ], [ -123.0655391, 49.2839293 ], [ -123.0655266, 49.2843095 ], [ -123.0655094, 49.2848338 ], [ -123.0637289, 49.284843 ], [ -123.0635525, 49.2848067 ], [ -123.0616164, 49.284799 ], [ -123.0616337, 49.2843482 ], [ -123.0616502, 49.283919 ], [ -123.0597125, 49.283914 ], [ -123.0597171, 49.2834674 ] ] ] ] } },
{ "type": "Feature", "properties": { "name": "59153199", "population": 458, "population_density": 16014.0 }, "geometry": { "type": "MultiPolygon", "coordinates": [ [ [ [ -123.059741, 49.2825416 ], [ -123.0597598, 49.282085 ], [ -123.0616826, 49.2821058 ], [ -123.0636372, 49.282123 ], [ -123.0636157, 49.28253 ], [ -123.0635886, 49.2830431 ], [ -123.0616665, 49.2830106 ], [ -123.0597219, 49.2830072 ], [ -123.059741, 49.2825416 ] ] ] ] } },
{ "type": "Feature", "properties": { "name": "59153200", "population": 578, "population_density": 4473.7 }, "geometry": { "type": "MultiPolygon", "coordinates": [ [ [ [ -123.0597874, 49.2796555 ], [ -123.0597942, 49.2791153 ], [ -123.0617481, 49.2791198 ], [ -123.0617384, 49.2796636 ], [ -123.062572, 49.2796639 ], [ -123.0636528, 49.2796644 ], [ -123.0636562, 49.28024 ], [ -123.0655869, 49.280243 ], [ -123.0655809, 49.2806847 ], [ -123.0655737, 49.2812118 ], [ -123.0655672, 49.2816742 ], [ -123.0655608, 49.2821321 ], [ -123.0655563, 49.2825647 ], [ -123.0655513, 49.2830415 ], [ -123.0647626, 49.2830422 ], [ -123.0635886, 49.2830431 ], [ -123.0636157, 49.28253 ], [ -123.0636372, 49.282123 ], [ -123.0616826, 49.2821058 ], [ -123.0597598, 49.282085 ], [ -123.0597619, 49.2816234 ], [ -123.059764, 49.2811736 ], [ -123.0597714, 49.280688 ], [ -123.0597782, 49.2802345 ], [ -123.0597874, 49.2796555 ] ] ] ] } },
{ "type": "Feature", "properties": { "name": "59153201", "population": 590, "population_density": 9562.4 }, "geometry": { "type": "MultiPolygon", "coordinates": [ [ [ [ -123.0565415, 49.281643 ], [ -123.0565442, 49.2811687 ], [ -123.0578387, 49.2811707 ], [ -123.059764, 49.2811736 ], [ -123.0597619, 49.2816234 ], [ -123.0597598, 49.282085 ], [ -123.059741, 49.2825416 ], [ -123.0597219, 49.2830072 ], [ -123.0597171, 49.2834674 ], [ -123.0597125, 49.283914 ], [ -123.0596987, 49.2839139 ], [ -123.0577546, 49.2839039 ], [ -123.0577737, 49.2834503 ], [ -123.0577928, 49.2829988 ], [ -123.056534, 49.282996 ], [ -123.0565366, 49.2825245 ], [ -123.0565391, 49.282072 ], [ -123.0565415, 49.281643 ] ] ] ] } },
{ "type": "Feature", "properties": { "name": "59153202", "population": 479, "population_density": 17230.2 }, "geometry": { "type": "MultiPolygon", "coordinates": [ [ [ [ -123.0577608, 49.2843499 ], [ -123.0577546, 49.2839039 ], [ -123.0596987, 49.2839139 ], [ -123.0597125, 49.283914 ], [ -123.0616502, 49.283919 ], [ -123.0616337, 49.2843482 ], [ -123.0616164, 49.284799 ], [ -123.061602, 49.2847991 ], [ -123.0597082, 49.2848056 ], [ -123.057767, 49.2847915 ], [ -123.0577608, 49.2843499 ] ] ] ] } },
{ "type": "Feature", "properties": { "name": "59153203", "population": 528, "population_density": 18526.3 }, "geometry": { "type": "MultiPolygon", "coordinates": [ [ [ [ -123.0577584, 49.2852586 ], [ -123.057767, 49.2847915 ], [ -123.0597082, 49.2848056 ], [ -123.061602, 49.2847991 ], [ -123.0616164, 49.284799 ], [ -123.0616161, 49.2852744 ], [ -123.0616159, 49.2857178 ], [ -123.0597098, 49.2857127 ], [ -123.0577503, 49.2857053 ], [ -123.0577584, 49.2852586 ] ] ] ] } },
{ "type": "Feature", "properties": { "name": "59153204", "population": 400, "population_density": 13201.3 }, "geometry": { "type": "MultiPolygon", "coordinates": [ [ [ [ -123.0614885, 49.286618 ], [ -123.0608625, 49.2865872 ], [ -123.0607679, 49.286627 ], [ -123.0596851, 49.2866218 ], [ -123.0577292, 49.2866009 ], [ -123.057739, 49.2861849 ], [ -123.0577503, 49.2857053 ], [ -123.0597098, 49.2857127 ], [ -123.0616159, 49.2857178 ], [ -123.0624531, 49.2857108 ], [ -123.0619234, 49.2860711 ], [ -123.0614885, 49.286618 ] ] ] ] } },
{ "type": "Feature", "properties": { "name": "59153205", "population": 409, "population_density": 15261.2 }, "geometry": { "type": "MultiPolygon", "coordinates": [ [ [ [ -123.0565266, 49.285268 ], [ -123.0565253, 49.2847793 ], [ -123.057767, 49.2847915 ], [ -123.0577584, 49.2852586 ], [ -123.0577503, 49.2857053 ], [ -123.057739, 49.2861849 ], [ -123.0577292, 49.2866009 ], [ -123.0577162, 49.2870755 ], [ -123.0577042, 49.2875136 ], [ -123.0565061, 49.2875062 ], [ -123.0565095, 49.2874001 ], [ -123.0565118, 49.2873281 ], [ -123.05652, 49.2870675 ], [ -123.0565307, 49.2867286 ], [ -123.0565249, 49.2866033 ], [ -123.0565277, 49.2856945 ], [ -123.0565266, 49.285268 ] ] ] ] } },
{ "type": "Feature", "properties": { "name": "59153206", "population": 562, "population_density": 16578.2 }, "geometry": { "type": "MultiPolygon", "coordinates": [ [ [ [ -123.0577162, 49.2870755 ], [ -123.0577292, 49.2866009 ], [ -123.0596851, 49.2866218 ], [ -123.0596693, 49.2871019 ], [ -123.0596555, 49.2875226 ], [ -123.0601065, 49.2875304 ], [ -123.0607539, 49.2875417 ], [ -123.0600208, 49.2884378 ], [ -123.0592835, 49.2884302 ], [ -123.0577268, 49.2884141 ], [ -123.0577158, 49.2879749 ], [ -123.0577042, 49.2875136 ], [ -123.0577162, 49.2870755 ] ] ] ] } },
{ "type": "Feature", "properties": { "name": "59153207", "population": 483, "population_density": 11985.1 }, "geometry": { "type": "MultiPolygon", "coordinates": [ [ [ [ -123.0565523, 49.2886622 ], [ -123.0565522, 49.2884046 ], [ -123.0577268, 49.2884141 ], [ -123.0592835, 49.2884302 ], [ -123.0600208, 49.2884378 ], [ -123.0593076, 49.2893236 ], [ -123.0591112, 49.2894939 ], [ -123.0586661, 49.2897493 ], [ -123.0568349, 49.29062 ], [ -123.0564837, 49.2907167 ], [ -123.0565042, 49.2902073 ], [ -123.0565243, 49.2897099 ], [ -123.0565361, 49.2893067 ], [ -123.0565383, 49.2892162 ], [ -123.0565448, 49.2889529 ], [ -123.0565523, 49.2886622 ] ] ] ] } },
{ "type": "Feature", "properties": { "name": "59153208", "population": 605, "population_density": 2420.0 }, "geometry": { "type": "MultiPolygon", "coordinates": [ [ [ [ -123.0608666, 49.2905634 ], [ -123.0605772, 49.2903128 ], [ -123.0603575, 49.290384 ], [ -123.0609349, 49.2908611 ], [ -123.0607987, 49.2909238 ], [ -123.0601378, 49.2903939 ], [ -123.0603166, 49.2902757 ], [ -123.0601784, 49.2901504 ], [ -123.0595318, 49.2904381 ], [ -123.0596435, 49.2905563 ], [ -123.059314, 49.2906631 ], [ -123.059878, 49.2911944 ], [ -123.0591361, 49.291492 ], [ -123.0587085, 49.2911046 ], [ -123.0578975, 49.2915006 ], [ -123.0577042, 49.2913838 ], [ -123.057004, 49.2918879 ], [ -123.0562762, 49.2918623 ], [ -123.0558758, 49.2921585 ], [ -123.0544603, 49.2926456 ], [ -123.0517218, 49.2934325 ], [ -123.0516724, 49.2928109 ], [ -123.0516155, 49.2925192 ], [ -123.0517991, 49.2922808 ], [ -123.0518819, 49.2920429 ], [ -123.0519532, 49.2916632 ], [ -123.0532966, 49.2913825 ], [ -123.0545654, 49.2911174 ], [ -123.054565, 49.2907346 ], [ -123.0563905, 49.2907349 ], [ -123.0564837, 49.2907167 ], [ -123.0568349, 49.29062 ], [ -123.0586661, 49.2897493 ], [ -123.0591112, 49.2894939 ], [ -123.0593076, 49.2893236 ], [ -123.0600208, 49.2884378 ], [ -123.0607539, 49.2875417 ], [ -123.0601065, 49.2875304 ], [ -123.0596555, 49.2875226 ], [ -123.0596693, 49.2871019 ], [ -123.0596851, 49.2866218 ], [ -123.0607679, 49.286627 ], [ -123.0608625, 49.2865872 ], [ -123.0614885, 49.286618 ], [ -123.0619234, 49.2860711 ], [ -123.0624531, 49.2857108 ], [ -123.0616159, 49.2857178 ], [ -123.0616161, 49.2852744 ], [ -123.0616164, 49.284799 ], [ -123.0635525, 49.2848067 ], [ -123.0637289, 49.284843 ], [ -123.0655094, 49.2848338 ], [ -123.0655127, 49.2850925 ], [ -123.0655142, 49.2852094 ], [ -123.065515, 49.2852745 ], [ -123.0655177, 49.2854843 ], [ -123.0654735, 49.2863026 ], [ -123.0654116, 49.2867846 ], [ -123.0653842, 49.2873874 ], [ -123.0653188, 49.2873775 ], [ -123.0653188, 49.2872778 ], [ -123.0649752, 49.2872792 ], [ -123.0649336, 49.2871339 ], [ -123.0646992, 49.2871354 ], [ -123.064673, 49.2878361 ], [ -123.0645621, 49.2878275 ], [ -123.0645901, 49.2871083 ], [ -123.0644657, 49.2871083 ], [ -123.0644656, 49.2872692 ], [ -123.0641351, 49.2872707 ], [ -123.0641232, 49.2879272 ], [ -123.0638895, 49.2879272 ], [ -123.0638884, 49.2875042 ], [ -123.0636956, 49.2875398 ], [ -123.0636833, 49.2880169 ], [ -123.0633808, 49.2883944 ], [ -123.0626781, 49.2881793 ], [ -123.0626527, 49.2883502 ], [ -123.0629546, 49.2884755 ], [ -123.0624324, 49.2891691 ], [ -123.0620487, 49.2890609 ], [ -123.062213, 49.2892859 ], [ -123.062049, 49.28934 ], [ -123.0618696, 49.2891606 ], [ -123.0613737, 49.2897545 ], [ -123.0610576, 49.2899069 ], [ -123.0605625, 49.2898713 ], [ -123.0603857, 49.2899439 ], [ -123.060508, 49.2901775 ], [ -123.0606324, 49.2901048 ], [ -123.061045, 49.2903655 ], [ -123.0611961, 49.2902843 ], [ -123.0616497, 49.2906261 ], [ -123.0614728, 49.2907258 ], [ -123.0610863, 49.2904922 ], [ -123.0608666, 49.2905634 ] ] ] ] } },
{ "type": "Feature", "properties": { "name": "59153209", "population": 485, "population_density": 6726.8 }, "geometry": { "type": "MultiPolygon", "coordinates": [ [ [ [ -123.0545585, 49.2892085 ], [ -123.0545491, 49.2887346 ], [ -123.0545626, 49.2882022 ], [ -123.0545746, 49.2877264 ], [ -123.0545738, 49.2872209 ], [ -123.0545731, 49.2867338 ], [ -123.0565307, 49.2867286 ], [ -123.05652, 49.2870675 ], [ -123.0565118, 49.2873281 ], [ -123.0565095, 49.2874001 ], [ -123.0565061, 49.2875062 ], [ -123.0577042, 49.2875136 ], [ -123.0577158, 49.2879749 ], [ -123.0577268, 49.2884141 ], [ -123.0565522, 49.2884046 ], [ -123.0565523, 49.2886622 ], [ -123.0565448, 49.2889529 ], [ -123.0565383, 49.2892162 ], [ -123.0565361, 49.2893067 ], [ -123.0565243, 49.2897099 ], [ -123.0565042, 49.2902073 ], [ -123.0564837, 49.2907167 ], [ -123.0563905, 49.2907349 ], [ -123.054565, 49.2907346 ], [ -123.0545667, 49.2902164 ], [ -123.0545683, 49.2897079 ], [ -123.0545585, 49.2892085 ] ] ] ] } },
{ "type": "Feature", "properties": { "name": "59153210", "population": 499, "population_density": 5076.3 }, "geometry": { "type": "MultiPolygon", "coordinates": [ [ [ [ -123.0519531, 49.2872133 ], [ -123.0519572, 49.2867362 ], [ -123.0545731, 49.2867338 ], [ -123.0545738, 49.2872209 ], [ -123.0545746, 49.2877264 ], [ -123.0545626, 49.2882022 ], [ -123.0545491, 49.2887346 ], [ -123.0545585, 49.2892085 ], [ -123.0545683, 49.2897079 ], [ -123.0545667, 49.2902164 ], [ -123.054565, 49.2907346 ], [ -123.0545654, 49.2911174 ], [ -123.0532966, 49.2913825 ], [ -123.0519532, 49.2916632 ], [ -123.0519644, 49.2907312 ], [ -123.0519651, 49.2906134 ], [ -123.0519674, 49.2902266 ], [ -123.0519704, 49.2897063 ], [ -123.0519558, 49.2892099 ], [ -123.0519413, 49.2887156 ], [ -123.0519451, 49.2882116 ], [ -123.0519487, 49.2877358 ], [ -123.0519531, 49.2872133 ] ] ] ] } },
{ "type": "Feature", "properties": { "name": "59153211", "population": 475, "population_density": 5529.7 }, "geometry": { "type": "MultiPolygon", "coordinates": [ [ [ [ -123.0493159, 49.2861799 ], [ -123.0493195, 49.2856779 ], [ -123.0519647, 49.2856898 ], [ -123.0519611, 49.2861878 ], [ -123.0519572, 49.2867362 ], [ -123.0519531, 49.2872133 ], [ -123.0519487, 49.2877358 ], [ -123.0519451, 49.2882116 ], [ -123.0519413, 49.2887156 ], [ -123.0519558, 49.2892099 ], [ -123.0519704, 49.2897063 ], [ -123.0493011, 49.2897037 ], [ -123.049316, 49.2887133 ], [ -123.0493112, 49.2882217 ], [ -123.0493064, 49.2877204 ], [ -123.0493093, 49.2872143 ], [ -123.049312, 49.2867252 ], [ -123.0493159, 49.2861799 ] ] ] ] } },
{ "type": "Feature", "properties": { "name": "59153212", "population": 426, "population_density": 5101.8 }, "geometry": { "type": "MultiPolygon", "coordinates": [ [ [ [ -123.0467013, 49.2852364 ], [ -123.0467009, 49.2847758 ], [ -123.049322, 49.2847745 ], [ -123.0493207, 49.2852444 ], [ -123.0493195, 49.2856779 ], [ -123.0493159, 49.2861799 ], [ -123.049312, 49.2867252 ], [ -123.0493093, 49.2872143 ], [ -123.0493064, 49.2877204 ], [ -123.0493112, 49.2882217 ], [ -123.049316, 49.2887133 ], [ -123.0467013, 49.2887183 ], [ -123.0466984, 49.2882229 ], [ -123.0466954, 49.2877094 ], [ -123.0466959, 49.2872244 ], [ -123.0466965, 49.2867213 ], [ -123.0467016, 49.2856711 ], [ -123.0467013, 49.2852364 ] ] ] ] } },
{ "type": "Feature", "properties": { "name": "59153213", "population": 563, "population_density": 4443.6 }, "geometry": { "type": "MultiPolygon", "coordinates": [ [ [ [ -123.0440533, 49.2856644 ], [ -123.0440028, 49.2847758 ], [ -123.0461054, 49.2847758 ], [ -123.0467009, 49.2847758 ], [ -123.0467013, 49.2852364 ], [ -123.0467016, 49.2856711 ], [ -123.0466965, 49.2867213 ], [ -123.0466959, 49.2872244 ], [ -123.0466954, 49.2877094 ], [ -123.0466984, 49.2882229 ], [ -123.0467013, 49.2887183 ], [ -123.049316, 49.2887133 ], [ -123.0493011, 49.2897037 ], [ -123.0466853, 49.2897033 ], [ -123.0440461, 49.2897014 ], [ -123.0440465, 49.2892134 ], [ -123.0440469, 49.2887844 ], [ -123.0440476, 49.2887006 ], [ -123.044048, 49.2886592 ], [ -123.0440414, 49.2882241 ], [ -123.0440335, 49.2876996 ], [ -123.0440474, 49.2872163 ], [ -123.0440618, 49.2867167 ], [ -123.0440533, 49.2856644 ] ] ] ] } },
{ "type": "Feature", "properties": { "name": "59153214", "population": 604, "population_density": 2898.3 }, "geometry": { "type": "MultiPolygon", "coordinates": [ [ [ [ -123.0416047, 49.289294 ], [ -123.0413207, 49.2890641 ], [ -123.0412966, 49.2890975 ], [ -123.0412789, 49.289122 ], [ -123.0411341, 49.2891937 ], [ -123.0409577, 49.2892231 ], [ -123.0407727, 49.2892127 ], [ -123.0405293, 49.2891501 ], [ -123.0406437, 49.2888002 ], [ -123.0407598, 49.2888 ], [ -123.0413586, 49.2887991 ], [ -123.0440469, 49.2887844 ], [ -123.0440465, 49.2892134 ], [ -123.0440461, 49.2897014 ], [ -123.0466853, 49.2897033 ], [ -123.0493011, 49.2897037 ], [ -123.0519704, 49.2897063 ], [ -123.0519674, 49.2902266 ], [ -123.0519651, 49.2906134 ], [ -123.0519644, 49.2907312 ], [ -123.0519532, 49.2916632 ], [ -123.0518819, 49.2920429 ], [ -123.0517991, 49.2922808 ], [ -123.0516155, 49.2925192 ], [ -123.0511439, 49.2926085 ], [ -123.0501321, 49.2927817 ], [ -123.0498535, 49.2927987 ], [ -123.049281, 49.2928337 ], [ -123.0492461, 49.2928358 ], [ -123.0486955, 49.2928037 ], [ -123.0480955, 49.2927062 ], [ -123.0463454, 49.2922972 ], [ -123.0446219, 49.2919454 ], [ -123.0442828, 49.2918761 ], [ -123.0440724, 49.2918332 ], [ -123.0440783, 49.2916953 ], [ -123.0440709, 49.2915014 ], [ -123.0440564, 49.2910717 ], [ -123.0437673, 49.2909476 ], [ -123.0434108, 49.290718 ], [ -123.0421519, 49.2896792 ], [ -123.0416047, 49.289294 ] ] ] ] } },
{ "type": "Feature", "properties": { "name": "59153215", "population": 814, "population_density": 562.9 }, "geometry": { "type": "MultiPolygon", "coordinates": [ [ [ [ -123.0495369, 49.2931954 ], [ -123.0492754, 49.2931868 ], [ -123.0491119, 49.2935386 ], [ -123.0482319, 49.2934389 ], [ -123.0473937, 49.2937636 ], [ -123.0467734, 49.2937907 ], [ -123.0462922, 49.2936198 ], [ -123.0459487, 49.292882 ], [ -123.0442702, 49.2921457 ], [ -123.0439672, 49.2921372 ], [ -123.0430737, 49.2924975 ], [ -123.042744, 49.2924975 ], [ -123.0405156, 49.2920745 ], [ -123.0398134, 49.2915447 ], [ -123.0395646, 49.2912114 ], [ -123.039002, 49.2908696 ], [ -123.0373086, 49.2908255 ], [ -123.0368273, 49.2906816 ], [ -123.035013, 49.2904936 ], [ -123.0341869, 49.2903227 ], [ -123.033858, 49.2903327 ], [ -123.0341055, 49.2906375 ], [ -123.0341878, 49.2909793 ], [ -123.0338295, 49.2910064 ], [ -123.0336378, 49.2907187 ], [ -123.0324965, 49.290656 ], [ -123.0317389, 49.2904224 ], [ -123.0289345, 49.2921144 ], [ -123.0300501, 49.291962 ], [ -123.0301451, 49.2920517 ], [ -123.0346687, 49.2911773 ], [ -123.0346829, 49.2913667 ], [ -123.0279447, 49.292808 ], [ -123.0278346, 49.2926641 ], [ -123.0274788, 49.292771 ], [ -123.0269013, 49.2927268 ], [ -123.0261031, 49.293012 ], [ -123.0260878, 49.2924301 ], [ -123.026087, 49.2923977 ], [ -123.0260873, 49.2923929 ], [ -123.0261004, 49.2921514 ], [ -123.0261136, 49.2919083 ], [ -123.0261313, 49.2915809 ], [ -123.0261328, 49.2915541 ], [ -123.026199, 49.2911866 ], [ -123.0263128, 49.2909556 ], [ -123.0264504, 49.2907828 ], [ -123.0276465, 49.2897379 ], [ -123.0283085, 49.2891595 ], [ -123.0284307, 49.2890547 ], [ -123.0291995, 49.2884405 ], [ -123.0292425, 49.288361 ], [ -123.0292486, 49.2883498 ], [ -123.0296623, 49.2879568 ], [ -123.0299546, 49.287711 ], [ -123.0301003, 49.2872477 ], [ -123.0300875, 49.2871202 ], [ -123.0300413, 49.286658 ], [ -123.0301087, 49.2866355 ], [ -123.0304454, 49.2861777 ], [ -123.0308118, 49.2856794 ], [ -123.0308377, 49.2856428 ], [ -123.0308542, 49.2856193 ], [ -123.0308661, 49.2852318 ], [ -123.0308798, 49.2847895 ], [ -123.0308755, 49.2842975 ], [ -123.0308719, 49.2838822 ], [ -123.0308706, 49.2834158 ], [ -123.0308694, 49.2829562 ], [ -123.0308495, 49.2825086 ], [ -123.03083, 49.2820696 ], [ -123.0308213, 49.2816253 ], [ -123.030852, 49.2811418 ], [ -123.0309638, 49.2811422 ], [ -123.031281, 49.2811434 ], [ -123.0314774, 49.2811443 ], [ -123.0315184, 49.2811444 ], [ -123.03164, 49.2811448 ], [ -123.031686, 49.2811449 ], [ -123.031766, 49.2811451 ], [ -123.031913, 49.2811455 ], [ -123.0327099, 49.2811489 ], [ -123.0361861, 49.2811638 ], [ -123.0361971, 49.2801976 ], [ -123.0362041, 49.2796361 ], [ -123.0362111, 49.2790748 ], [ -123.038845, 49.2790849 ], [ -123.0388471, 49.2786729 ], [ -123.0388492, 49.2782653 ], [ -123.036221, 49.2782743 ], [ -123.0362283, 49.2778369 ], [ -123.0362346, 49.2774603 ], [ -123.0369422, 49.2774609 ], [ -123.0382482, 49.2774621 ], [ -123.0388757, 49.2774626 ], [ -123.0395268, 49.2774598 ], [ -123.0407642, 49.2774544 ], [ -123.0414298, 49.2774515 ], [ -123.0414656, 49.2774939 ], [ -123.0414631, 49.2778537 ], [ -123.0414603, 49.2782658 ], [ -123.0414578, 49.2786812 ], [ -123.0414561, 49.27896 ], [ -123.0414553, 49.2790988 ], [ -123.0414538, 49.2796167 ], [ -123.0440851, 49.2796248 ], [ -123.0440783, 49.2802065 ], [ -123.0447674, 49.2802087 ], [ -123.0459911, 49.2802125 ], [ -123.0466753, 49.2802146 ], [ -123.0466672, 49.2806936 ], [ -123.0466594, 49.2811545 ], [ -123.0466601, 49.2816024 ], [ -123.0466608, 49.2820607 ], [ -123.0448105, 49.2820586 ], [ -123.0439836, 49.2820577 ], [ -123.0439878, 49.2825302 ], [ -123.0439917, 49.2829668 ], [ -123.0439958, 49.2838722 ], [ -123.0440028, 49.2847758 ], [ -123.0440533, 49.2856644 ], [ -123.0440618, 49.2867167 ], [ -123.0440474, 49.2872163 ], [ -123.0440335, 49.2876996 ], [ -123.0440414, 49.2882241 ], [ -123.044048, 49.2886592 ], [ -123.0440476, 49.2887006 ], [ -123.0440469, 49.2887844 ], [ -123.0413586, 49.2887991 ], [ -123.0407598, 49.2888 ], [ -123.0406437, 49.2888002 ], [ -123.0405293, 49.2891501 ], [ -123.0407727, 49.2892127 ], [ -123.0409577, 49.2892231 ], [ -123.0411341, 49.2891937 ], [ -123.0412789, 49.289122 ], [ -123.0412966, 49.2890975 ], [ -123.0413207, 49.2890641 ], [ -123.0416047, 49.289294 ], [ -123.0421519, 49.2896792 ], [ -123.0434108, 49.290718 ], [ -123.0437673, 49.2909476 ], [ -123.0440564, 49.2910717 ], [ -123.0440709, 49.2915014 ], [ -123.0440783, 49.2916953 ], [ -123.0440724, 49.2918332 ], [ -123.0442828, 49.2918761 ], [ -123.0446219, 49.2919454 ], [ -123.0463454, 49.2922972 ], [ -123.0480955, 49.2927062 ], [ -123.0486955, 49.2928037 ], [ -123.0492461, 49.2928358 ], [ -123.049281, 49.2928337 ], [ -123.0498535, 49.2927987 ], [ -123.0501321, 49.2927817 ], [ -123.0511439, 49.2926085 ], [ -123.0516155, 49.2925192 ], [ -123.0516724, 49.2928109 ], [ -123.0517218, 49.2934325 ], [ -123.0501979, 49.2938704 ], [ -123.0498553, 49.2938163 ], [ -123.0497433, 49.2933122 ], [ -123.0495369, 49.2931954 ] ] ] ] } },
{ "type": "Feature", "properties": { "name": "59153216", "population": 841, "population_density": 6089.8 }, "geometry": { "type": "MultiPolygon", "coordinates": [ [ [ [ -123.0493235, 49.2838873 ], [ -123.0466892, 49.2838801 ], [ -123.0466951, 49.2843369 ], [ -123.0467009, 49.2847758 ], [ -123.0461054, 49.2847758 ], [ -123.0440028, 49.2847758 ], [ -123.0439958, 49.2838722 ], [ -123.0439917, 49.2829668 ], [ -123.0439878, 49.2825302 ], [ -123.0439836, 49.2820577 ], [ -123.0448105, 49.2820586 ], [ -123.0466608, 49.2820607 ], [ -123.0466601, 49.2816024 ], [ -123.0466594, 49.2811545 ], [ -123.0466672, 49.2806936 ], [ -123.0466753, 49.2802146 ], [ -123.0493368, 49.2802225 ], [ -123.0493366, 49.2807108 ], [ -123.0493363, 49.2811593 ], [ -123.0493334, 49.2816284 ], [ -123.0493308, 49.2820662 ], [ -123.0493306, 49.2825278 ], [ -123.0493304, 49.2829804 ], [ -123.0493271, 49.2834184 ], [ -123.0493235, 49.2838873 ] ] ] ] } },
{ "type": "Feature", "properties": { "name": "59153217", "population": 546, "population_density": 4727.3 }, "geometry": { "type": "MultiPolygon", "coordinates": [ [ [ [ -123.049322, 49.2847745 ], [ -123.0467009, 49.2847758 ], [ -123.0466951, 49.2843369 ], [ -123.0466892, 49.2838801 ], [ -123.0493235, 49.2838873 ], [ -123.0493271, 49.2834184 ], [ -123.0493304, 49.2829804 ], [ -123.0493306, 49.2825278 ], [ -123.0493308, 49.2820662 ], [ -123.0493334, 49.2816284 ], [ -123.0493363, 49.2811593 ], [ -123.0519748, 49.2811629 ], [ -123.0519714, 49.2816362 ], [ -123.0519683, 49.2820662 ], [ -123.0519596, 49.2825267 ], [ -123.0519509, 49.2829881 ], [ -123.0519583, 49.283426 ], [ -123.0519661, 49.2838946 ], [ -123.0519716, 49.2847802 ], [ -123.0519681, 49.2852433 ], [ -123.0519647, 49.2856898 ], [ -123.0493195, 49.2856779 ], [ -123.0493207, 49.2852444 ], [ -123.049322, 49.2847745 ] ] ] ] } },
{ "type": "Feature", "properties": { "name": "59153218", "population": 520, "population_density": 4933.6 }, "geometry": { "type": "MultiPolygon", "coordinates": [ [ [ [ -123.0519688, 49.2843346 ], [ -123.0519661, 49.2838946 ], [ -123.0519583, 49.283426 ], [ -123.0519509, 49.2829881 ], [ -123.0519596, 49.2825267 ], [ -123.0519683, 49.2820662 ], [ -123.0519714, 49.2816362 ], [ -123.0519748, 49.2811629 ], [ -123.0545818, 49.2811665 ], [ -123.0565442, 49.2811687 ], [ -123.0565415, 49.281643 ], [ -123.0565391, 49.282072 ], [ -123.0565366, 49.2825245 ], [ -123.056534, 49.282996 ], [ -123.0545824, 49.282995 ], [ -123.0545832, 49.2834519 ], [ -123.054584, 49.2839012 ], [ -123.0545838, 49.2843245 ], [ -123.0545836, 49.2847722 ], [ -123.0519716, 49.2847802 ], [ -123.0519688, 49.2843346 ] ] ] ] } },
{ "type": "Feature", "properties": { "name": "59153219", "population": 489, "population_density": 10653.6 }, "geometry": { "type": "MultiPolygon", "coordinates": [ [ [ [ -123.0545832, 49.2834519 ], [ -123.0545824, 49.282995 ], [ -123.056534, 49.282996 ], [ -123.0577928, 49.2829988 ], [ -123.0577737, 49.2834503 ], [ -123.0577546, 49.2839039 ], [ -123.0577608, 49.2843499 ], [ -123.057767, 49.2847915 ], [ -123.0565253, 49.2847793 ], [ -123.0545836, 49.2847722 ], [ -123.0545838, 49.2843245 ], [ -123.054584, 49.2839012 ], [ -123.0545832, 49.2834519 ] ] ] ] } },
{ "type": "Feature", "properties": { "name": "59153220", "population": 410, "population_density": 5678.7 }, "geometry": { "type": "MultiPolygon", "coordinates": [ [ [ [ -123.0519681, 49.2852433 ], [ -123.0519716, 49.2847802 ], [ -123.0545836, 49.2847722 ], [ -123.0565253, 49.2847793 ], [ -123.0565266, 49.285268 ], [ -123.0565277, 49.2856945 ], [ -123.0565249, 49.2866033 ], [ -123.0565307, 49.2867286 ], [ -123.0545731, 49.2867338 ], [ -123.0519572, 49.2867362 ], [ -123.0519611, 49.2861878 ], [ -123.0519647, 49.2856898 ], [ -123.0519681, 49.2852433 ] ] ] ] } },
{ "type": "Feature", "properties": { "name": "59153221", "population": 631, "population_density": 8100.1 }, "geometry": { "type": "MultiPolygon", "coordinates": [ [ [ [ -123.0520067, 49.2778584 ], [ -123.052013, 49.2774718 ], [ -123.0546117, 49.2774706 ], [ -123.0546079, 49.2778567 ], [ -123.0546037, 49.2782892 ], [ -123.0546006, 49.2786844 ], [ -123.0545974, 49.2791024 ], [ -123.054594, 49.279638 ], [ -123.0545903, 49.2802318 ], [ -123.0545861, 49.2806905 ], [ -123.0545818, 49.2811665 ], [ -123.0519748, 49.2811629 ], [ -123.0519791, 49.2807007 ], [ -123.0519834, 49.2802291 ], [ -123.0519871, 49.2797293 ], [ -123.0519877, 49.2796483 ], [ -123.0519918, 49.2791015 ], [ -123.0519959, 49.278677 ], [ -123.0519997, 49.2782866 ], [ -123.0520067, 49.2778584 ] ] ] ] } },
{ "type": "Feature", "properties": { "name": "59153222", "population": 666, "population_density": 5131.0 }, "geometry": { "type": "MultiPolygon", "coordinates": [ [ [ [ -123.0546079, 49.2778567 ], [ -123.0546117, 49.2774706 ], [ -123.0558188, 49.2774701 ], [ -123.0565618, 49.2774698 ], [ -123.0572486, 49.2774693 ], [ -123.0578784, 49.2774688 ], [ -123.0578731, 49.2778645 ], [ -123.0578674, 49.2782926 ], [ -123.0578636, 49.2786832 ], [ -123.0578595, 49.2791103 ], [ -123.0597942, 49.2791153 ], [ -123.0597874, 49.2796555 ], [ -123.0597782, 49.2802345 ], [ -123.0597714, 49.280688 ], [ -123.059764, 49.2811736 ], [ -123.0578387, 49.2811707 ], [ -123.0565442, 49.2811687 ], [ -123.0545818, 49.2811665 ], [ -123.0545861, 49.2806905 ], [ -123.0545903, 49.2802318 ], [ -123.054594, 49.279638 ], [ -123.0545974, 49.2791024 ], [ -123.0546006, 49.2786844 ], [ -123.0546037, 49.2782892 ], [ -123.0546079, 49.2778567 ] ] ] ] } },
{ "type": "Feature", "properties": { "name": "59153223", "population": 479, "population_density": 3748.0 }, "geometry": { "type": "MultiPolygon", "coordinates": [ [ [ [ -123.0578731, 49.2778645 ], [ -123.0578784, 49.2774688 ], [ -123.0596688, 49.2774801 ], [ -123.0598153, 49.277481 ], [ -123.0617454, 49.277493 ], [ -123.0636989, 49.2775038 ], [ -123.0656051, 49.2775224 ], [ -123.0656091, 49.2779771 ], [ -123.0656127, 49.2783801 ], [ -123.0656053, 49.2788587 ], [ -123.0656006, 49.279158 ], [ -123.0655989, 49.2793147 ], [ -123.0655955, 49.2796722 ], [ -123.065594, 49.2797762 ], [ -123.0655869, 49.280243 ], [ -123.0636562, 49.28024 ], [ -123.0636528, 49.2796644 ], [ -123.062572, 49.2796639 ], [ -123.0617384, 49.2796636 ], [ -123.0617481, 49.2791198 ], [ -123.0597942, 49.2791153 ], [ -123.0578595, 49.2791103 ], [ -123.0578636, 49.2786832 ], [ -123.0578674, 49.2782926 ], [ -123.0578731, 49.2778645 ] ] ] ] } },
{ "type": "Feature", "properties": { "name": "59153224", "population": 786, "population_density": 5687.4 }, "geometry": { "type": "MultiPolygon", "coordinates": [ [ [ [ -123.0467394, 49.2778593 ], [ -123.0467689, 49.27745 ], [ -123.0474185, 49.2774521 ], [ -123.0485596, 49.2774558 ], [ -123.0493451, 49.2774583 ], [ -123.052013, 49.2774718 ], [ -123.0519997, 49.2782866 ], [ -123.0519959, 49.278677 ], [ -123.0519918, 49.2791015 ], [ -123.0519877, 49.2796483 ], [ -123.0519871, 49.2797293 ], [ -123.0519834, 49.2802291 ], [ -123.0519791, 49.2807007 ], [ -123.0519748, 49.2811629 ], [ -123.0493363, 49.2811593 ], [ -123.0493366, 49.2807108 ], [ -123.0493368, 49.2802225 ], [ -123.0466753, 49.2802146 ], [ -123.046686, 49.2796232 ], [ -123.0466954, 49.2791 ], [ -123.0467028, 49.2786609 ], [ -123.0467092, 49.2782789 ], [ -123.0467394, 49.2778593 ] ] ] ] } },
{ "type": "Feature", "properties": { "name": "59153225", "population": 579, "population_density": 5017.3 }, "geometry": { "type": "MultiPolygon", "coordinates": [ [ [ [ -123.0441159, 49.2764262 ], [ -123.044128, 49.2753726 ], [ -123.0448594, 49.2753731 ], [ -123.0455407, 49.2753735 ], [ -123.0462066, 49.2753735 ], [ -123.046853, 49.2753734 ], [ -123.0468437, 49.2757785 ], [ -123.0493652, 49.2758024 ], [ -123.0520159, 49.2758045 ], [ -123.052011, 49.2762121 ], [ -123.052006, 49.2766312 ], [ -123.0520095, 49.2770485 ], [ -123.052013, 49.2774718 ], [ -123.0493451, 49.2774583 ], [ -123.0485596, 49.2774558 ], [ -123.0474185, 49.2774521 ], [ -123.0467689, 49.27745 ], [ -123.044106, 49.2774645 ], [ -123.0441108, 49.2770429 ], [ -123.0441158, 49.2765991 ], [ -123.0441159, 49.2764262 ] ] ] ] } },
{ "type": "Feature", "properties": { "name": "59153226", "population": 632, "population_density": 5979.2 }, "geometry": { "type": "MultiPolygon", "coordinates": [ [ [ [ -123.0468641, 49.2737226 ], [ -123.0468609, 49.2732649 ], [ -123.0493986, 49.2732694 ], [ -123.0520406, 49.273275 ], [ -123.0520186, 49.2741409 ], [ -123.052023, 49.274557 ], [ -123.0520274, 49.2749744 ], [ -123.0520216, 49.2753935 ], [ -123.0520159, 49.2758045 ], [ -123.0493652, 49.2758024 ], [ -123.0468437, 49.2757785 ], [ -123.046853, 49.2753734 ], [ -123.0468618, 49.2749548 ], [ -123.0468646, 49.27455 ], [ -123.0468672, 49.2741793 ], [ -123.0468641, 49.2737226 ] ] ] ] } },
{ "type": "Feature", "properties": { "name": "59153227", "population": 694, "population_density": 6641.1 }, "geometry": { "type": "MultiPolygon", "coordinates": [ [ [ [ -123.0414656, 49.2774939 ], [ -123.0414298, 49.2774515 ], [ -123.0433076, 49.2774606 ], [ -123.044106, 49.2774645 ], [ -123.0467689, 49.27745 ], [ -123.0467394, 49.2778593 ], [ -123.0467092, 49.2782789 ], [ -123.0467028, 49.2786609 ], [ -123.0466954, 49.2791 ], [ -123.046686, 49.2796232 ], [ -123.0466753, 49.2802146 ], [ -123.0459911, 49.2802125 ], [ -123.0447674, 49.2802087 ], [ -123.0440783, 49.2802065 ], [ -123.0440851, 49.2796248 ], [ -123.0414538, 49.2796167 ], [ -123.0414553, 49.2790988 ], [ -123.0414561, 49.27896 ], [ -123.0414578, 49.2786812 ], [ -123.0414603, 49.2782658 ], [ -123.0414631, 49.2778537 ], [ -123.0414656, 49.2774939 ] ] ] ] } },
{ "type": "Feature", "properties": { "name": "59153228", "population": 577, "population_density": 6534.5 }, "geometry": { "type": "MultiPolygon", "coordinates": [ [ [ [ -123.0388891, 49.2758754 ], [ -123.0388938, 49.2753715 ], [ -123.0395252, 49.2753717 ], [ -123.0401264, 49.275372 ], [ -123.0407762, 49.2753719 ], [ -123.041366, 49.2753717 ], [ -123.0420548, 49.2753724 ], [ -123.0427264, 49.275373 ], [ -123.0433883, 49.2753728 ], [ -123.044128, 49.2753726 ], [ -123.0441159, 49.2764262 ], [ -123.0441158, 49.2765991 ], [ -123.0441108, 49.2770429 ], [ -123.044106, 49.2774645 ], [ -123.0433076, 49.2774606 ], [ -123.0414298, 49.2774515 ], [ -123.0407642, 49.2774544 ], [ -123.0395268, 49.2774598 ], [ -123.0388757, 49.2774626 ], [ -123.0388838, 49.2764323 ], [ -123.0388891, 49.2758754 ] ] ] ] } },
{ "type": "Feature", "properties": { "name": "59153229", "population": 580, "population_density": 7295.6 }, "geometry": { "type": "MultiPolygon", "coordinates": [ [ [ [ -123.033606, 49.2770193 ], [ -123.0336017, 49.2766197 ], [ -123.0336053, 49.2762099 ], [ -123.0336089, 49.2757975 ], [ -123.0363174, 49.2757989 ], [ -123.036333, 49.2753823 ], [ -123.0375949, 49.2753764 ], [ -123.0382466, 49.275374 ], [ -123.0388938, 49.2753715 ], [ -123.0388891, 49.2758754 ], [ -123.0388838, 49.2764323 ], [ -123.0388757, 49.2774626 ], [ -123.0382482, 49.2774621 ], [ -123.0369422, 49.2774609 ], [ -123.0362346, 49.2774603 ], [ -123.0336107, 49.2774459 ], [ -123.033606, 49.2770193 ] ] ] ] } },
{ "type": "Feature", "properties": { "name": "59153230", "population": 799, "population_density": 4493.8 }, "geometry": { "type": "MultiPolygon", "coordinates": [ [ [ [ -123.030852, 49.2811418 ], [ -123.0308052, 49.2806953 ], [ -123.0308388, 49.2802152 ], [ -123.0308513, 49.279637 ], [ -123.0308635, 49.2790773 ], [ -123.0308788, 49.278259 ], [ -123.0308755, 49.277848 ], [ -123.0308742, 49.2776868 ], [ -123.0307696, 49.2774318 ], [ -123.0312796, 49.2774296 ], [ -123.0313991, 49.2774301 ], [ -123.0315442, 49.2774309 ], [ -123.0316835, 49.2774317 ], [ -123.0318084, 49.2774333 ], [ -123.032804, 49.2774402 ], [ -123.0336107, 49.2774459 ], [ -123.0362346, 49.2774603 ], [ -123.0362283, 49.2778369 ], [ -123.036221, 49.2782743 ], [ -123.0388492, 49.2782653 ], [ -123.0388471, 49.2786729 ], [ -123.038845, 49.2790849 ], [ -123.0362111, 49.2790748 ], [ -123.0362041, 49.2796361 ], [ -123.0361971, 49.2801976 ], [ -123.0361861, 49.2811638 ], [ -123.0327099, 49.2811489 ], [ -123.031913, 49.2811455 ], [ -123.031766, 49.2811451 ], [ -123.031686, 49.2811449 ], [ -123.03164, 49.2811448 ], [ -123.0315184, 49.2811444 ], [ -123.0314774, 49.2811443 ], [ -123.031281, 49.2811434 ], [ -123.0309638, 49.2811422 ], [ -123.030852, 49.2811418 ] ] ] ] } },
{ "type": "Feature", "properties": { "name": "59153231", "population": 482, "population_density": 8546.1 }, "geometry": { "type": "MultiPolygon", "coordinates": [ [ [ [ -123.065649, 49.2751684 ], [ -123.065655, 49.2748449 ], [ -123.0675851, 49.2748532 ], [ -123.0688898, 49.2748605 ], [ -123.0695454, 49.2748641 ], [ -123.0695326, 49.2757618 ], [ -123.0694706, 49.2766564 ], [ -123.0688788, 49.27665 ], [ -123.068372, 49.2766445 ], [ -123.0675456, 49.2766518 ], [ -123.0656221, 49.2766464 ], [ -123.0656305, 49.2761782 ], [ -123.0656384, 49.2757362 ], [ -123.0656456, 49.2753484 ], [ -123.0656469, 49.2752786 ], [ -123.065649, 49.2751684 ] ] ] ] } },
{ "type": "Feature", "properties": { "name": "59153232", "population": 504, "population_density": 2718.4 }, "geometry": { "type": "MultiPolygon", "coordinates": [ [ [ [ -123.0675957, 49.2743599 ], [ -123.0676047, 49.273935 ], [ -123.069559, 49.273952 ], [ -123.0701688, 49.2739569 ], [ -123.0708091, 49.273958 ], [ -123.0714682, 49.2739444 ], [ -123.0734029, 49.2739879 ], [ -123.0744714, 49.273997 ], [ -123.0749243, 49.2740039 ], [ -123.075378, 49.2740108 ], [ -123.0759156, 49.274019 ], [ -123.0772994, 49.2740403 ], [ -123.0772986, 49.2744528 ], [ -123.0772976, 49.274941 ], [ -123.0772881, 49.275855 ], [ -123.0772654, 49.2767596 ], [ -123.0758579, 49.276744 ], [ -123.0743102, 49.2767264 ], [ -123.0741641, 49.2767246 ], [ -123.0740816, 49.2767236 ], [ -123.0733381, 49.2767145 ], [ -123.0727796, 49.2767011 ], [ -123.0714161, 49.2766839 ], [ -123.0704617, 49.2766734 ], [ -123.0694706, 49.2766564 ], [ -123.0695326, 49.2757618 ], [ -123.0695454, 49.2748641 ], [ -123.0688898, 49.2748605 ], [ -123.0675851, 49.2748532 ], [ -123.0675957, 49.2743599 ] ] ] ] } },
{ "type": "Feature", "properties": { "name": "59153246", "population": 943, "population_density": 54195.4 }, "geometry": { "type": "MultiPolygon", "coordinates": [ [ [ [ -123.123373, 49.281574 ], [ -123.1249834, 49.2805361 ], [ -123.1260379, 49.2811947 ], [ -123.1254307, 49.2815842 ], [ -123.1249688, 49.2818805 ], [ -123.1244224, 49.2822253 ], [ -123.123373, 49.281574 ] ] ] ] } },
{ "type": "Feature", "properties": { "name": "59153249", "population": 574, "population_density": 1846.3 }, "geometry": { "type": "MultiPolygon", "coordinates": [ [ [ [ -123.1144252, 49.2460832 ], [ -123.1123192, 49.2460446 ], [ -123.112299, 49.2465117 ], [ -123.1122783, 49.2469893 ], [ -123.1112991, 49.246946 ], [ -123.1104245, 49.2468109 ], [ -123.1097681, 49.2465681 ], [ -123.1089507, 49.246021 ], [ -123.1083858, 49.2463019 ], [ -123.1078765, 49.2465552 ], [ -123.1076185, 49.2469041 ], [ -123.1073929, 49.2468989 ], [ -123.1051008, 49.2468456 ], [ -123.1051229, 49.2464474 ], [ -123.1051444, 49.2460595 ], [ -123.1052084, 49.2445272 ], [ -123.1052558, 49.243371 ], [ -123.1045669, 49.2433544 ], [ -123.1039751, 49.2433402 ], [ -123.1033312, 49.2433297 ], [ -123.1026061, 49.2433178 ], [ -123.1026636, 49.2420223 ], [ -123.102739, 49.240529 ], [ -123.1034185, 49.2405319 ], [ -123.1040904, 49.2405464 ], [ -123.1044472, 49.2405549 ], [ -123.1047134, 49.2405614 ], [ -123.105059, 49.2405696 ], [ -123.1053627, 49.2405769 ], [ -123.1060879, 49.2406189 ], [ -123.1066298, 49.2407794 ], [ -123.1077993, 49.241834 ], [ -123.1091026, 49.2430093 ], [ -123.1103048, 49.2440411 ], [ -123.1108858, 49.2445398 ], [ -123.1111161, 49.2447009 ], [ -123.1113599, 49.2448218 ], [ -123.1115868, 49.2449279 ], [ -123.1121325, 49.2450731 ], [ -123.112364, 49.2451045 ], [ -123.1128677, 49.2451315 ], [ -123.1144783, 49.2451498 ], [ -123.1153789, 49.24516 ], [ -123.1153075, 49.2460903 ], [ -123.1153068, 49.2460993 ], [ -123.1144252, 49.2460832 ] ] ] ] } },
{ "type": "Feature", "properties": { "name": "59153250", "population": 385, "population_density": 542.4 }, "geometry": { "type": "MultiPolygon", "coordinates": [ [ [ [ -123.1044566, 49.2401862 ], [ -123.1047354, 49.240015 ], [ -123.1046976, 49.2391837 ], [ -123.1046939, 49.2391018 ], [ -123.1046899, 49.239015 ], [ -123.1047309, 49.2385332 ], [ -123.1047077, 49.237848 ], [ -123.1045439, 49.237722 ], [ -123.1040008, 49.2376245 ], [ -123.1040111, 49.2373059 ], [ -123.105495, 49.2373332 ], [ -123.1063975, 49.2373537 ], [ -123.1079259, 49.2373885 ], [ -123.107937, 49.2371343 ], [ -123.1079646, 49.2365031 ], [ -123.1079838, 49.2360824 ], [ -123.1080062, 49.2355927 ], [ -123.1093485, 49.235644 ], [ -123.1099796, 49.2356683 ], [ -123.1106511, 49.2356942 ], [ -123.1115792, 49.2357164 ], [ -123.1119637, 49.2356483 ], [ -123.1119269, 49.2367941 ], [ -123.1119183, 49.2370631 ], [ -123.1125709, 49.2370092 ], [ -123.1127008, 49.2369985 ], [ -123.1132651, 49.2370415 ], [ -123.1132797, 49.2367719 ], [ -123.1132871, 49.2366341 ], [ -123.1133103, 49.236205 ], [ -123.1152271, 49.2362713 ], [ -123.1159599, 49.2362966 ], [ -123.1159265, 49.237063 ], [ -123.1159184, 49.2372499 ], [ -123.115918, 49.2372593 ], [ -123.1158921, 49.2380513 ], [ -123.1160116, 49.2384481 ], [ -123.1162147, 49.2387148 ], [ -123.1166473, 49.239111 ], [ -123.117152, 49.2395415 ], [ -123.118167, 49.2404775 ], [ -123.118178, 49.2404877 ], [ -123.1182551, 49.2406384 ], [ -123.1183375, 49.2410811 ], [ -123.1183359, 49.2410995 ], [ -123.1182472, 49.2421362 ], [ -123.1182426, 49.2421608 ], [ -123.1181504, 49.2426561 ], [ -123.117765, 49.2432241 ], [ -123.1172019, 49.2436008 ], [ -123.1161527, 49.2441988 ], [ -123.1156834, 49.2446141 ], [ -123.115438, 49.2449832 ], [ -123.1153818, 49.2451512 ], [ -123.1153789, 49.24516 ], [ -123.1144783, 49.2451498 ], [ -123.1128677, 49.2451315 ], [ -123.112364, 49.2451045 ], [ -123.1121325, 49.2450731 ], [ -123.1115868, 49.2449279 ], [ -123.1113599, 49.2448218 ], [ -123.1111161, 49.2447009 ], [ -123.1108858, 49.2445398 ], [ -123.1103048, 49.2440411 ], [ -123.1091026, 49.2430093 ], [ -123.1077993, 49.241834 ], [ -123.1066298, 49.2407794 ], [ -123.1060879, 49.2406189 ], [ -123.1053627, 49.2405769 ], [ -123.105059, 49.2405696 ], [ -123.1047134, 49.2405614 ], [ -123.1044472, 49.2405549 ], [ -123.1044566, 49.2401862 ] ] ] ] } },
{ "type": "Feature", "properties": { "name": "59153251", "population": 536, "population_density": 3290.4 }, "geometry": { "type": "MultiPolygon", "coordinates": [ [ [ [ -123.1074472, 49.2489262 ], [ -123.1050054, 49.2488813 ], [ -123.1049917, 49.2488811 ], [ -123.1049931, 49.248858 ], [ -123.1049963, 49.2488073 ], [ -123.10501, 49.2488075 ], [ -123.1074548, 49.2488481 ], [ -123.1074756, 49.2483608 ], [ -123.1074996, 49.247799 ], [ -123.1075232, 49.2471997 ], [ -123.1075745, 49.2470406 ], [ -123.1076185, 49.2469041 ], [ -123.1078765, 49.2465552 ], [ -123.1083858, 49.2463019 ], [ -123.1089507, 49.246021 ], [ -123.1097681, 49.2465681 ], [ -123.1104245, 49.2468109 ], [ -123.1112991, 49.246946 ], [ -123.1122783, 49.2469893 ], [ -123.112299, 49.2465117 ], [ -123.1123192, 49.2460446 ], [ -123.1144252, 49.2460832 ], [ -123.1153068, 49.2460993 ], [ -123.1152726, 49.2470253 ], [ -123.1152365, 49.2479593 ], [ -123.1152989, 49.2489212 ], [ -123.1152951, 49.249049 ], [ -123.1147063, 49.2490387 ], [ -123.1128532, 49.2490062 ], [ -123.1121507, 49.2489938 ], [ -123.1100107, 49.2489562 ], [ -123.1099582, 49.2489556 ], [ -123.1074472, 49.2489262 ] ] ] ] } },
{ "type": "Feature", "properties": { "name": "59153252", "population": 614, "population_density": 5061.8 }, "geometry": { "type": "MultiPolygon", "coordinates": [ [ [ [ -123.1049803, 49.2493886 ], [ -123.1049917, 49.2488811 ], [ -123.1050054, 49.2488813 ], [ -123.1074472, 49.2489262 ], [ -123.1099582, 49.2489556 ], [ -123.1100107, 49.2489562 ], [ -123.1099858, 49.2494905 ], [ -123.1099613, 49.2500142 ], [ -123.1099359, 49.2505353 ], [ -123.1099111, 49.2510415 ], [ -123.1098915, 49.2514971 ], [ -123.1098716, 49.2519619 ], [ -123.1073021, 49.2519147 ], [ -123.104856, 49.2518707 ], [ -123.1048813, 49.2514219 ], [ -123.1049067, 49.2509704 ], [ -123.1049229, 49.250694 ], [ -123.1049376, 49.2504422 ], [ -123.1049683, 49.2499163 ], [ -123.1049762, 49.2495698 ], [ -123.1049803, 49.2493886 ] ] ] ] } },
{ "type": "Feature", "properties": { "name": "59153253", "population": 432, "population_density": 1212.1 }, "geometry": { "type": "MultiPolygon", "coordinates": [ [ [ [ -123.1389384, 49.253151 ], [ -123.1390248, 49.2519058 ], [ -123.1390561, 49.2508411 ], [ -123.1397328, 49.2508465 ], [ -123.1414391, 49.2508601 ], [ -123.1423302, 49.2508685 ], [ -123.1433058, 49.2508763 ], [ -123.144199, 49.2508842 ], [ -123.1442539, 49.2508841 ], [ -123.1444588, 49.2504431 ], [ -123.1445269, 49.2502541 ], [ -123.1445406, 49.2502271 ], [ -123.1445814, 49.2500831 ], [ -123.1446084, 49.2499302 ], [ -123.1446217, 49.2497503 ], [ -123.1446326, 49.2496337 ], [ -123.1446313, 49.24958 ], [ -123.1461088, 49.2496065 ], [ -123.1460837, 49.2496788 ], [ -123.1461294, 49.2497854 ], [ -123.1460048, 49.2502801 ], [ -123.1457878, 49.2511419 ], [ -123.1456202, 49.2515294 ], [ -123.1456164, 49.2515382 ], [ -123.146188, 49.2514452 ], [ -123.1471893, 49.251242 ], [ -123.1471644, 49.2512908 ], [ -123.1471142, 49.2516002 ], [ -123.147006, 49.252194 ], [ -123.1468428, 49.2527609 ], [ -123.1467521, 49.2532913 ], [ -123.1467525, 49.2533086 ], [ -123.1467398, 49.2533261 ], [ -123.1466203, 49.2537959 ], [ -123.1463393, 49.2542334 ], [ -123.1460509, 49.2545179 ], [ -123.1459606, 49.2546071 ], [ -123.14543, 49.2550155 ], [ -123.1440241, 49.2556079 ], [ -123.1437821, 49.2557915 ], [ -123.1436852, 49.2560268 ], [ -123.1436796, 49.2561843 ], [ -123.14366, 49.2566879 ], [ -123.1436584, 49.2567304 ], [ -123.1435988, 49.2571405 ], [ -123.1412937, 49.2570993 ], [ -123.1387939, 49.2570537 ], [ -123.1388123, 49.2566747 ], [ -123.1388198, 49.2565212 ], [ -123.1389078, 49.2546606 ], [ -123.1389103, 49.2546086 ], [ -123.1389125, 49.254506 ], [ -123.1389384, 49.253151 ] ] ] ] } },
{ "type": "Feature", "properties": { "name": "59153254", "population": 420, "population_density": 1680.7 }, "geometry": { "type": "MultiPolygon", "coordinates": [ [ [ [ -123.1471644, 49.2512908 ], [ -123.1471893, 49.251242 ], [ -123.1479163, 49.251145 ], [ -123.1486586, 49.251134 ], [ -123.148914, 49.2511313 ], [ -123.1496965, 49.251246 ], [ -123.1503019, 49.2514971 ], [ -123.1507896, 49.2518318 ], [ -123.1508544, 49.2518991 ], [ -123.1511014, 49.2523056 ], [ -123.151078, 49.2527735 ], [ -123.1510773, 49.2527877 ], [ -123.1509324, 49.2530217 ], [ -123.1509301, 49.2530321 ], [ -123.150858, 49.253362 ], [ -123.1508593, 49.2534753 ], [ -123.1508609, 49.2536116 ], [ -123.150871, 49.2544919 ], [ -123.1508559, 49.2549241 ], [ -123.1508404, 49.2553702 ], [ -123.1508236, 49.2558503 ], [ -123.1508079, 49.2563016 ], [ -123.1507868, 49.2568127 ], [ -123.1507687, 49.2572535 ], [ -123.148371, 49.2572217 ], [ -123.1459795, 49.2571792 ], [ -123.1435988, 49.2571405 ], [ -123.1436584, 49.2567304 ], [ -123.14366, 49.2566879 ], [ -123.1436796, 49.2561843 ], [ -123.1436852, 49.2560268 ], [ -123.1437821, 49.2557915 ], [ -123.1440241, 49.2556079 ], [ -123.14543, 49.2550155 ], [ -123.1459606, 49.2546071 ], [ -123.1460509, 49.2545179 ], [ -123.1463393, 49.2542334 ], [ -123.1466203, 49.2537959 ], [ -123.1467398, 49.2533261 ], [ -123.1467525, 49.2533086 ], [ -123.1467521, 49.2532913 ], [ -123.1468428, 49.2527609 ], [ -123.147006, 49.252194 ], [ -123.1471142, 49.2516002 ], [ -123.1471644, 49.2512908 ] ] ] ] } },
{ "type": "Feature", "properties": { "name": "59153255", "population": 631, "population_density": 3150.3 }, "geometry": { "type": "MultiPolygon", "coordinates": [ [ [ [ -123.1508079, 49.2563016 ], [ -123.1508236, 49.2558503 ], [ -123.1508404, 49.2553702 ], [ -123.1508559, 49.2549241 ], [ -123.150871, 49.2544919 ], [ -123.1508609, 49.2536116 ], [ -123.1508593, 49.2534753 ], [ -123.150858, 49.253362 ], [ -123.1509301, 49.2530321 ], [ -123.1509324, 49.2530217 ], [ -123.1510773, 49.2527877 ], [ -123.151078, 49.2527735 ], [ -123.1511014, 49.2523056 ], [ -123.1508544, 49.2518991 ], [ -123.151155, 49.2513808 ], [ -123.1513843, 49.2509853 ], [ -123.1521103, 49.2513513 ], [ -123.1525352, 49.2515228 ], [ -123.1526107, 49.2515387 ], [ -123.1530342, 49.2516279 ], [ -123.1530378, 49.2514118 ], [ -123.153076, 49.2504535 ], [ -123.1531072, 49.2497203 ], [ -123.1531993, 49.24972 ], [ -123.1537755, 49.2497289 ], [ -123.1543319, 49.2497255 ], [ -123.1542814, 49.2498773 ], [ -123.1544033, 49.250466 ], [ -123.1543277, 49.2505784 ], [ -123.1543091, 49.2509265 ], [ -123.1543376, 49.251021 ], [ -123.154451, 49.2511428 ], [ -123.1546024, 49.2514072 ], [ -123.1544603, 49.2514394 ], [ -123.1537657, 49.2515013 ], [ -123.1531258, 49.2514321 ], [ -123.1531222, 49.2516473 ], [ -123.1537883, 49.2516919 ], [ -123.1543988, 49.2516585 ], [ -123.1547419, 49.2515838 ], [ -123.1549486, 49.2515388 ], [ -123.1557731, 49.2512408 ], [ -123.1557546, 49.2517213 ], [ -123.1557382, 49.2521835 ], [ -123.1557223, 49.2526293 ], [ -123.1557049, 49.2531007 ], [ -123.155689, 49.2535309 ], [ -123.1556526, 49.2544379 ], [ -123.1556183, 49.2553341 ], [ -123.153668, 49.2553053 ], [ -123.1529836, 49.2552952 ], [ -123.1529424, 49.256212 ], [ -123.1528926, 49.2572925 ], [ -123.1524649, 49.2572785 ], [ -123.1517347, 49.2572677 ], [ -123.1507687, 49.2572535 ], [ -123.1507868, 49.2568127 ], [ -123.1508079, 49.2563016 ] ] ] ] } },
{ "type": "Feature", "properties": { "name": "59153256", "population": 526, "population_density": 5943.5 }, "geometry": { "type": "MultiPolygon", "coordinates": [ [ [ [ -123.148364, 49.2576705 ], [ -123.148371, 49.2572217 ], [ -123.1507687, 49.2572535 ], [ -123.1517347, 49.2572677 ], [ -123.1524649, 49.2572785 ], [ -123.1528926, 49.2572925 ], [ -123.1530764, 49.2582152 ], [ -123.1530959, 49.2586802 ], [ -123.1531154, 49.2591457 ], [ -123.1531065, 49.259581 ], [ -123.153097, 49.2600496 ], [ -123.1524718, 49.2600417 ], [ -123.1506717, 49.2600189 ], [ -123.1506833, 49.2595202 ], [ -123.1506926, 49.2591187 ], [ -123.1483341, 49.2590969 ], [ -123.1483458, 49.2585972 ], [ -123.1483569, 49.258123 ], [ -123.148364, 49.2576705 ] ] ] ] } },
{ "type": "Feature", "properties": { "name": "59153257", "population": 581, "population_density": 6469.9 }, "geometry": { "type": "MultiPolygon", "coordinates": [ [ [ [ -123.1458662, 49.2609412 ], [ -123.1458862, 49.2603992 ], [ -123.1459031, 49.2599406 ], [ -123.1459213, 49.2594634 ], [ -123.1459371, 49.2590516 ], [ -123.1459555, 49.2585545 ], [ -123.1459725, 49.2580968 ], [ -123.1459759, 49.2576462 ], [ -123.1459795, 49.2571792 ], [ -123.148371, 49.2572217 ], [ -123.148364, 49.2576705 ], [ -123.1483569, 49.258123 ], [ -123.1483458, 49.2585972 ], [ -123.1483341, 49.2590969 ], [ -123.1506926, 49.2591187 ], [ -123.1506833, 49.2595202 ], [ -123.1506717, 49.2600189 ], [ -123.1482873, 49.2599694 ], [ -123.1482699, 49.2604415 ], [ -123.1482502, 49.2609763 ], [ -123.1458662, 49.2609412 ] ] ] ] } },
{ "type": "Feature", "properties": { "name": "59153258", "population": 606, "population_density": 6740.8 }, "geometry": { "type": "MultiPolygon", "coordinates": [ [ [ [ -123.1458482, 49.2613618 ], [ -123.1458662, 49.2609412 ], [ -123.1482502, 49.2609763 ], [ -123.1482321, 49.2614131 ], [ -123.1482133, 49.2618662 ], [ -123.150604, 49.2619041 ], [ -123.1505749, 49.2628248 ], [ -123.1505744, 49.2628402 ], [ -123.1505606, 49.263263 ], [ -123.1505436, 49.2637823 ], [ -123.1481419, 49.2637423 ], [ -123.1457568, 49.2637018 ], [ -123.1457781, 49.263188 ], [ -123.1457962, 49.2627498 ], [ -123.1458282, 49.2618274 ], [ -123.1458482, 49.2613618 ] ] ] ] } },
{ "type": "Feature", "properties": { "name": "59153259", "population": 527, "population_density": 15454.5 }, "geometry": { "type": "MultiPolygon", "coordinates": [ [ [ [ -123.1480956, 49.2646742 ], [ -123.1481419, 49.2637423 ], [ -123.1505436, 49.2637823 ], [ -123.1504964, 49.2647061 ], [ -123.1504869, 49.265116 ], [ -123.1504774, 49.2655298 ], [ -123.1480749, 49.2655033 ], [ -123.1480856, 49.2650742 ], [ -123.1480956, 49.2646742 ] ] ] ] } },
{ "type": "Feature", "properties": { "name": "59153261", "population": 647, "population_density": 898.2 }, "geometry": { "type": "MultiPolygon", "coordinates": [ [ [ [ -123.1038906, 49.2228864 ], [ -123.1039164, 49.2219881 ], [ -123.104564, 49.2219961 ], [ -123.1054434, 49.2220069 ], [ -123.1060217, 49.222014 ], [ -123.1060395, 49.2218071 ], [ -123.1060965, 49.2211441 ], [ -123.1060778, 49.220232 ], [ -123.1061188, 49.2193539 ], [ -123.1061165, 49.2187405 ], [ -123.1061158, 49.2185665 ], [ -123.106118, 49.2182365 ], [ -123.1061215, 49.2177262 ], [ -123.1080757, 49.2177951 ], [ -123.1109878, 49.2179081 ], [ -123.1133384, 49.2177909 ], [ -123.1133392, 49.2177909 ], [ -123.1145838, 49.217797 ], [ -123.1159523, 49.2178036 ], [ -123.116172, 49.2178047 ], [ -123.1161889, 49.2178048 ], [ -123.1167102, 49.2178073 ], [ -123.1166641, 49.2190581 ], [ -123.1165637, 49.2217146 ], [ -123.1164996, 49.2234903 ], [ -123.1164874, 49.2238276 ], [ -123.1164862, 49.2238487 ], [ -123.1164441, 49.2245903 ], [ -123.1164345, 49.2251864 ], [ -123.1163795, 49.2260722 ], [ -123.1145853, 49.2260089 ], [ -123.1129512, 49.2259525 ], [ -123.1117198, 49.2259241 ], [ -123.1107347, 49.2259013 ], [ -123.1083931, 49.2258106 ], [ -123.1065506, 49.2257625 ], [ -123.1058989, 49.2257455 ], [ -123.1059068, 49.2252888 ], [ -123.1059156, 49.2247739 ], [ -123.1059277, 49.2244962 ], [ -123.1059352, 49.2243255 ], [ -123.1059578, 49.2238094 ], [ -123.103862, 49.2237856 ], [ -123.1038751, 49.2233746 ], [ -123.1038906, 49.2228864 ] ] ] ] } },
{ "type": "Feature", "properties": { "name": "59153262", "population": 874, "population_density": 13384.4 }, "geometry": { "type": "MultiPolygon", "coordinates": [ [ [ [ -123.1165637, 49.2217146 ], [ -123.1166641, 49.2190581 ], [ -123.1168342, 49.2190594 ], [ -123.1169042, 49.21906 ], [ -123.1171789, 49.219063 ], [ -123.1204057, 49.2190978 ], [ -123.1204221, 49.2194156 ], [ -123.1204269, 49.2195091 ], [ -123.120508, 49.2198833 ], [ -123.1205053, 49.2200148 ], [ -123.1204163, 49.2201448 ], [ -123.1202444, 49.2201943 ], [ -123.1194146, 49.2202955 ], [ -123.1192474, 49.2203811 ], [ -123.1191282, 49.2204878 ], [ -123.1189479, 49.2210875 ], [ -123.1188826, 49.2213046 ], [ -123.1188771, 49.221382 ], [ -123.1188494, 49.2217739 ], [ -123.1182624, 49.2217672 ], [ -123.1175998, 49.2217454 ], [ -123.1170382, 49.2217269 ], [ -123.1168823, 49.2217218 ], [ -123.1168077, 49.2217193 ], [ -123.1165637, 49.2217146 ] ] ] ] } },
{ "type": "Feature", "properties": { "name": "59153263", "population": 323, "population_density": 1615.0 }, "geometry": { "type": "MultiPolygon", "coordinates": [ [ [ [ -123.1168413, 49.2140993 ], [ -123.1168726, 49.2132013 ], [ -123.1170414, 49.2132047 ], [ -123.1171468, 49.2132068 ], [ -123.1171119, 49.214122 ], [ -123.1178112, 49.2141407 ], [ -123.120126, 49.2142026 ], [ -123.1201239, 49.2146342 ], [ -123.1201217, 49.2150906 ], [ -123.1201036, 49.2155533 ], [ -123.1200867, 49.2159878 ], [ -123.1200652, 49.2165067 ], [ -123.1200454, 49.2169848 ], [ -123.1231732, 49.2170184 ], [ -123.1238856, 49.2170261 ], [ -123.1238684, 49.2191425 ], [ -123.1222529, 49.2191219 ], [ -123.1206804, 49.2191014 ], [ -123.1204057, 49.2190978 ], [ -123.1171789, 49.219063 ], [ -123.1169042, 49.21906 ], [ -123.1168342, 49.2190594 ], [ -123.1166641, 49.2190581 ], [ -123.1167102, 49.2178073 ], [ -123.1167378, 49.2169423 ], [ -123.1167381, 49.2169333 ], [ -123.116775, 49.2159276 ], [ -123.1167783, 49.2158377 ], [ -123.1168091, 49.2149985 ], [ -123.116841, 49.2141084 ], [ -123.1168413, 49.2140993 ] ] ] ] } },
{ "type": "Feature", "properties": { "name": "59153264", "population": 460, "population_density": 5342.6 }, "geometry": { "type": "MultiPolygon", "coordinates": [ [ [ [ -123.1201239, 49.2146342 ], [ -123.120126, 49.2142026 ], [ -123.1232213, 49.2142563 ], [ -123.1239877, 49.2142696 ], [ -123.1239747, 49.2146341 ], [ -123.1239535, 49.2151542 ], [ -123.1239376, 49.2155213 ], [ -123.1239152, 49.2160612 ], [ -123.1238856, 49.2170261 ], [ -123.1231732, 49.2170184 ], [ -123.1200454, 49.2169848 ], [ -123.1200652, 49.2165067 ], [ -123.1200867, 49.2159878 ], [ -123.1201036, 49.2155533 ], [ -123.1201217, 49.2150906 ], [ -123.1201239, 49.2146342 ] ] ] ] } },
{ "type": "Feature", "properties": { "name": "59153265", "population": 571, "population_density": 5381.7 }, "geometry": { "type": "MultiPolygon", "coordinates": [ [ [ [ -123.1201841, 49.2128094 ], [ -123.1201979, 49.2123786 ], [ -123.1208547, 49.2123537 ], [ -123.1217619, 49.2123194 ], [ -123.1240648, 49.2123593 ], [ -123.124044, 49.2128574 ], [ -123.1240423, 49.2128992 ], [ -123.1246594, 49.2129054 ], [ -123.1250301, 49.2129092 ], [ -123.1259445, 49.2129184 ], [ -123.1266362, 49.2129293 ], [ -123.1273497, 49.2129405 ], [ -123.1273325, 49.2133487 ], [ -123.1273145, 49.2137755 ], [ -123.1272948, 49.2142393 ], [ -123.127276, 49.2146843 ], [ -123.1272756, 49.2146933 ], [ -123.1246265, 49.2146458 ], [ -123.1239747, 49.2146341 ], [ -123.1239877, 49.2142696 ], [ -123.1232213, 49.2142563 ], [ -123.120126, 49.2142026 ], [ -123.1201483, 49.2137274 ], [ -123.1201687, 49.2132921 ], [ -123.1201841, 49.2128094 ] ] ] ] } },
{ "type": "Feature", "properties": { "name": "59153266", "population": 822, "population_density": 3474.2 }, "geometry": { "type": "MultiPolygon", "coordinates": [ [ [ [ -123.1239152, 49.2160612 ], [ -123.1239376, 49.2155213 ], [ -123.1239535, 49.2151542 ], [ -123.1239747, 49.2146341 ], [ -123.1246265, 49.2146458 ], [ -123.1272756, 49.2146933 ], [ -123.127276, 49.2146843 ], [ -123.1272948, 49.2142393 ], [ -123.1273145, 49.2137755 ], [ -123.1273325, 49.2133487 ], [ -123.1273497, 49.2129405 ], [ -123.128092, 49.2129467 ], [ -123.1287281, 49.212952 ], [ -123.1293133, 49.2129653 ], [ -123.1300985, 49.2129831 ], [ -123.1300761, 49.2134262 ], [ -123.1300237, 49.2144594 ], [ -123.1299904, 49.2147469 ], [ -123.129915, 49.2153969 ], [ -123.1297155, 49.2161167 ], [ -123.1296419, 49.2162983 ], [ -123.1294175, 49.2168519 ], [ -123.1292501, 49.2171186 ], [ -123.1290327, 49.2176473 ], [ -123.1289028, 49.2179633 ], [ -123.1288094, 49.218186 ], [ -123.1286886, 49.2186746 ], [ -123.1285569, 49.2192071 ], [ -123.1282822, 49.2192034 ], [ -123.1261228, 49.2191738 ], [ -123.1238684, 49.2191425 ], [ -123.1238856, 49.2170261 ], [ -123.1239152, 49.2160612 ] ] ] ] } },
{ "type": "Feature", "properties": { "name": "59153267", "population": 711, "population_density": 4107.5 }, "geometry": { "type": "MultiPolygon", "coordinates": [ [ [ [ -123.1189479, 49.2210875 ], [ -123.1191282, 49.2204878 ], [ -123.1192474, 49.2203811 ], [ -123.1194146, 49.2202955 ], [ -123.1202444, 49.2201943 ], [ -123.1204163, 49.2201448 ], [ -123.1205053, 49.2200148 ], [ -123.120508, 49.2198833 ], [ -123.1204269, 49.2195091 ], [ -123.1204221, 49.2194156 ], [ -123.1204057, 49.2190978 ], [ -123.1206804, 49.2191014 ], [ -123.1222529, 49.2191219 ], [ -123.1238684, 49.2191425 ], [ -123.1261228, 49.2191738 ], [ -123.1282822, 49.2192034 ], [ -123.1285569, 49.2192071 ], [ -123.1285286, 49.2205071 ], [ -123.1285091, 49.2215335 ], [ -123.1277037, 49.2215193 ], [ -123.1269063, 49.2215052 ], [ -123.1260701, 49.2214863 ], [ -123.1253562, 49.2214702 ], [ -123.1245448, 49.2214645 ], [ -123.123751, 49.2214589 ], [ -123.1230467, 49.2214632 ], [ -123.1225153, 49.2214665 ], [ -123.1211271, 49.2216744 ], [ -123.120591, 49.2217547 ], [ -123.1201145, 49.2217798 ], [ -123.1188494, 49.2217739 ], [ -123.1188771, 49.221382 ], [ -123.1188826, 49.2213046 ], [ -123.1189479, 49.2210875 ] ] ] ] } },
{ "type": "Feature", "properties": { "name": "59153268", "population": 462, "population_density": 4652.6 }, "geometry": { "type": "MultiPolygon", "coordinates": [ [ [ [ -123.1300761, 49.2134262 ], [ -123.1300985, 49.2129831 ], [ -123.1307852, 49.2129895 ], [ -123.1314467, 49.2129956 ], [ -123.1321737, 49.213014 ], [ -123.1328606, 49.2130314 ], [ -123.1328477, 49.2134684 ], [ -123.1327948, 49.2152546 ], [ -123.1327762, 49.2157356 ], [ -123.1327192, 49.2172119 ], [ -123.1320278, 49.2172003 ], [ -123.1313414, 49.2171887 ], [ -123.13068, 49.2171665 ], [ -123.1292501, 49.2171186 ], [ -123.1294175, 49.2168519 ], [ -123.1296419, 49.2162983 ], [ -123.1297155, 49.2161167 ], [ -123.129915, 49.2153969 ], [ -123.1299904, 49.2147469 ], [ -123.1300237, 49.2144594 ], [ -123.1300761, 49.2134262 ] ] ] ] } },
{ "type": "Feature", "properties": { "name": "59153269", "population": 369, "population_density": 2997.6 }, "geometry": { "type": "MultiPolygon", "coordinates": [ [ [ [ -123.1285569, 49.2192071 ], [ -123.1286886, 49.2186746 ], [ -123.1288094, 49.218186 ], [ -123.1289028, 49.2179633 ], [ -123.1290327, 49.2176473 ], [ -123.1292501, 49.2171186 ], [ -123.13068, 49.2171665 ], [ -123.1313414, 49.2171887 ], [ -123.1320278, 49.2172003 ], [ -123.1327192, 49.2172119 ], [ -123.1327762, 49.2157356 ], [ -123.1327948, 49.2152546 ], [ -123.133462, 49.2154294 ], [ -123.1341493, 49.2156095 ], [ -123.1348675, 49.2158108 ], [ -123.1355024, 49.2159887 ], [ -123.1354886, 49.2165237 ], [ -123.135481, 49.2168208 ], [ -123.135469, 49.2172868 ], [ -123.1340714, 49.2172496 ], [ -123.1340722, 49.2174071 ], [ -123.1340741, 49.2177939 ], [ -123.1340766, 49.2182785 ], [ -123.1340593, 49.2187477 ], [ -123.1340401, 49.2192693 ], [ -123.1304442, 49.2192285 ], [ -123.1285569, 49.2192071 ] ] ] ] } },
{ "type": "Feature", "properties": { "name": "59153270", "population": 484, "population_density": 5475.1 }, "geometry": { "type": "MultiPolygon", "coordinates": [ [ [ [ -123.1341493, 49.2156095 ], [ -123.133462, 49.2154294 ], [ -123.1327948, 49.2152546 ], [ -123.1328477, 49.2134684 ], [ -123.1328606, 49.2130314 ], [ -123.1334904, 49.2130416 ], [ -123.1342384, 49.2130536 ], [ -123.1349458, 49.2130677 ], [ -123.1355912, 49.2130806 ], [ -123.1362877, 49.213091 ], [ -123.1369086, 49.2131021 ], [ -123.1376517, 49.2131137 ], [ -123.137643, 49.2135167 ], [ -123.137611, 49.2149989 ], [ -123.1368862, 49.2149884 ], [ -123.13627, 49.2149795 ], [ -123.1355501, 49.2149703 ], [ -123.1355024, 49.2159887 ], [ -123.1348675, 49.2158108 ], [ -123.1341493, 49.2156095 ] ] ] ] } },
{ "type": "Feature", "properties": { "name": "59153271", "population": 473, "population_density": 3430.0 }, "geometry": { "type": "MultiPolygon", "coordinates": [ [ [ [ -123.1340401, 49.2192693 ], [ -123.1340593, 49.2187477 ], [ -123.1340766, 49.2182785 ], [ -123.1340741, 49.2177939 ], [ -123.1340722, 49.2174071 ], [ -123.1340714, 49.2172496 ], [ -123.135469, 49.2172868 ], [ -123.135481, 49.2168208 ], [ -123.1354886, 49.2165237 ], [ -123.1355024, 49.2159887 ], [ -123.1355501, 49.2149703 ], [ -123.13627, 49.2149795 ], [ -123.1368862, 49.2149884 ], [ -123.137611, 49.2149989 ], [ -123.1375576, 49.2165766 ], [ -123.137538, 49.217087 ], [ -123.1375282, 49.2173433 ], [ -123.1378255, 49.2173512 ], [ -123.139186, 49.2173882 ], [ -123.139423, 49.2173296 ], [ -123.1394874, 49.2172942 ], [ -123.1396545, 49.2172024 ], [ -123.140175, 49.2173573 ], [ -123.1402165, 49.2173696 ], [ -123.1401822, 49.2183722 ], [ -123.1401802, 49.2185162 ], [ -123.1401559, 49.2189116 ], [ -123.14013, 49.2193319 ], [ -123.1394249, 49.2193292 ], [ -123.1377466, 49.2193227 ], [ -123.1340401, 49.2192693 ] ] ] ] } },
{ "type": "Feature", "properties": { "name": "59153272", "population": 472, "population_density": 5124.9 }, "geometry": { "type": "MultiPolygon", "coordinates": [ [ [ [ -123.140175, 49.2173573 ], [ -123.1396545, 49.2172024 ], [ -123.1394874, 49.2172942 ], [ -123.139423, 49.2173296 ], [ -123.139186, 49.2173882 ], [ -123.1378255, 49.2173512 ], [ -123.1375282, 49.2173433 ], [ -123.137538, 49.217087 ], [ -123.1375576, 49.2165766 ], [ -123.137611, 49.2149989 ], [ -123.137643, 49.2135167 ], [ -123.1376517, 49.2131137 ], [ -123.1383636, 49.2131247 ], [ -123.1390295, 49.213135 ], [ -123.1396406, 49.2131397 ], [ -123.1403696, 49.2131453 ], [ -123.1403627, 49.2136041 ], [ -123.1403607, 49.2137351 ], [ -123.1403555, 49.213998 ], [ -123.1403042, 49.2149425 ], [ -123.1402983, 49.2150378 ], [ -123.1402715, 49.2159199 ], [ -123.140244, 49.2168109 ], [ -123.1402165, 49.2173696 ], [ -123.140175, 49.2173573 ] ] ] ] } },
{ "type": "Feature", "properties": { "name": "59153273", "population": 645, "population_density": 5718.1 }, "geometry": { "type": "MultiPolygon", "coordinates": [ [ [ [ -123.1343096, 49.2109782 ], [ -123.1343158, 49.2107983 ], [ -123.1349933, 49.210806 ], [ -123.1356802, 49.2108138 ], [ -123.1363249, 49.2108218 ], [ -123.1370075, 49.2108302 ], [ -123.1377369, 49.2108397 ], [ -123.1384391, 49.2108525 ], [ -123.139135, 49.2108651 ], [ -123.1397574, 49.2108752 ], [ -123.1404483, 49.2108864 ], [ -123.1404321, 49.2113724 ], [ -123.140401, 49.2122562 ], [ -123.1403696, 49.2131453 ], [ -123.1396406, 49.2131397 ], [ -123.1390295, 49.213135 ], [ -123.1383636, 49.2131247 ], [ -123.1376517, 49.2131137 ], [ -123.1369086, 49.2131021 ], [ -123.1362877, 49.213091 ], [ -123.1355912, 49.2130806 ], [ -123.1349458, 49.2130677 ], [ -123.1342384, 49.2130536 ], [ -123.1343096, 49.2109782 ] ] ] ] } },
{ "type": "Feature", "properties": { "name": "59153274", "population": 738, "population_density": 6542.6 }, "geometry": { "type": "MultiPolygon", "coordinates": [ [ [ [ -123.1343702, 49.2089609 ], [ -123.1343829, 49.2085319 ], [ -123.1345954, 49.2085357 ], [ -123.1358015, 49.2085579 ], [ -123.1361236, 49.2085637 ], [ -123.1367982, 49.2085761 ], [ -123.1371214, 49.2085821 ], [ -123.1376449, 49.2085915 ], [ -123.1378368, 49.2085957 ], [ -123.1385154, 49.2085964 ], [ -123.138538, 49.2085964 ], [ -123.1392102, 49.208597 ], [ -123.1398228, 49.2085683 ], [ -123.1398774, 49.2085657 ], [ -123.140534, 49.2085349 ], [ -123.1404629, 49.2105148 ], [ -123.1404483, 49.2108864 ], [ -123.1397574, 49.2108752 ], [ -123.139135, 49.2108651 ], [ -123.1384391, 49.2108525 ], [ -123.1377369, 49.2108397 ], [ -123.1370075, 49.2108302 ], [ -123.1363249, 49.2108218 ], [ -123.1356802, 49.2108138 ], [ -123.1349933, 49.210806 ], [ -123.1343158, 49.2107983 ], [ -123.1343702, 49.2089609 ] ] ] ] } },
{ "type": "Feature", "properties": { "name": "59153275", "population": 600, "population_density": 15384.6 }, "geometry": { "type": "MultiPolygon", "coordinates": [ [ [ [ -123.1361751, 49.2075013 ], [ -123.1361993, 49.2070019 ], [ -123.137714, 49.2070251 ], [ -123.1385113, 49.2070375 ], [ -123.1392644, 49.2070491 ], [ -123.1392481, 49.2075157 ], [ -123.1392236, 49.2082157 ], [ -123.1392102, 49.208597 ], [ -123.138538, 49.2085964 ], [ -123.1385154, 49.2085964 ], [ -123.1378368, 49.2085957 ], [ -123.1376449, 49.2085915 ], [ -123.1371214, 49.2085821 ], [ -123.1367982, 49.2085761 ], [ -123.1361236, 49.2085637 ], [ -123.1361413, 49.2081989 ], [ -123.1361751, 49.2075013 ] ] ] ] } },
{ "type": "Feature", "properties": { "name": "59153276", "population": 651, "population_density": 6471.2 }, "geometry": { "type": "MultiPolygon", "coordinates": [ [ [ [ -123.1300985, 49.2129831 ], [ -123.1301889, 49.2107434 ], [ -123.1309018, 49.2107535 ], [ -123.1315558, 49.2107627 ], [ -123.1322746, 49.2107654 ], [ -123.1329359, 49.2107679 ], [ -123.1329949, 49.2089531 ], [ -123.1330093, 49.2085115 ], [ -123.1332903, 49.2085154 ], [ -123.1343829, 49.2085319 ], [ -123.1343702, 49.2089609 ], [ -123.1343158, 49.2107983 ], [ -123.1343096, 49.2109782 ], [ -123.1342384, 49.2130536 ], [ -123.1334904, 49.2130416 ], [ -123.1328606, 49.2130314 ], [ -123.1321737, 49.213014 ], [ -123.1314467, 49.2129956 ], [ -123.1307852, 49.2129895 ], [ -123.1300985, 49.2129831 ] ] ] ] } },
{ "type": "Feature", "properties": { "name": "59153277", "population": 405, "population_density": 8019.8 }, "geometry": { "type": "MultiPolygon", "coordinates": [ [ [ [ -123.1301889, 49.2107434 ], [ -123.1302578, 49.2084735 ], [ -123.1309511, 49.2084826 ], [ -123.1309786, 49.208483 ], [ -123.1316068, 49.2084913 ], [ -123.1324202, 49.208503 ], [ -123.1330093, 49.2085115 ], [ -123.1329949, 49.2089531 ], [ -123.1329359, 49.2107679 ], [ -123.1322746, 49.2107654 ], [ -123.1315558, 49.2107627 ], [ -123.1309018, 49.2107535 ], [ -123.1301889, 49.2107434 ] ] ] ] } },
{ "type": "Feature", "properties": { "name": "59153278", "population": 430, "population_density": 8464.6 }, "geometry": { "type": "MultiPolygon", "coordinates": [ [ [ [ -123.1273958, 49.2106861 ], [ -123.1275119, 49.2084327 ], [ -123.1282185, 49.2084425 ], [ -123.1288554, 49.2084514 ], [ -123.1294817, 49.2084612 ], [ -123.1295228, 49.2084619 ], [ -123.1302578, 49.2084735 ], [ -123.1301889, 49.2107434 ], [ -123.1293924, 49.2107243 ], [ -123.1287844, 49.2107096 ], [ -123.1281566, 49.210699 ], [ -123.1273958, 49.2106861 ] ] ] ] } },
{ "type": "Feature", "properties": { "name": "59153279", "population": 485, "population_density": 4894.0 }, "geometry": { "type": "MultiPolygon", "coordinates": [ [ [ [ -123.1240648, 49.2123593 ], [ -123.1241048, 49.2113812 ], [ -123.1259972, 49.211401 ], [ -123.1260223, 49.210663 ], [ -123.1266878, 49.2106742 ], [ -123.1273958, 49.2106861 ], [ -123.1281566, 49.210699 ], [ -123.1287844, 49.2107096 ], [ -123.1293924, 49.2107243 ], [ -123.1301889, 49.2107434 ], [ -123.1300985, 49.2129831 ], [ -123.1293133, 49.2129653 ], [ -123.1287281, 49.212952 ], [ -123.128092, 49.2129467 ], [ -123.1273497, 49.2129405 ], [ -123.1266362, 49.2129293 ], [ -123.1259445, 49.2129184 ], [ -123.1250301, 49.2129092 ], [ -123.1246594, 49.2129054 ], [ -123.1240423, 49.2128992 ], [ -123.124044, 49.2128574 ], [ -123.1240648, 49.2123593 ] ] ] ] } },
{ "type": "Feature", "properties": { "name": "59153280", "population": 599, "population_density": 6776.0 }, "geometry": { "type": "MultiPolygon", "coordinates": [ [ [ [ -123.101856, 49.2193087 ], [ -123.1018879, 49.2184673 ], [ -123.10405, 49.2185254 ], [ -123.1054609, 49.2185535 ], [ -123.1061158, 49.2185665 ], [ -123.1061165, 49.2187405 ], [ -123.1061188, 49.2193539 ], [ -123.1060778, 49.220232 ], [ -123.1060965, 49.2211441 ], [ -123.1060395, 49.2218071 ], [ -123.1060217, 49.222014 ], [ -123.1054434, 49.2220069 ], [ -123.104564, 49.2219961 ], [ -123.1039164, 49.2219881 ], [ -123.1039417, 49.2210979 ], [ -123.103969, 49.2201987 ], [ -123.1033263, 49.2201836 ], [ -123.102503, 49.2201643 ], [ -123.1018242, 49.2201483 ], [ -123.101856, 49.2193087 ] ] ] ] } },
{ "type": "Feature", "properties": { "name": "59153281", "population": 598, "population_density": 7706.2 }, "geometry": { "type": "MultiPolygon", "coordinates": [ [ [ [ -123.0997099, 49.2205897 ], [ -123.0997271, 49.2201027 ], [ -123.1011562, 49.2201338 ], [ -123.1018242, 49.2201483 ], [ -123.102503, 49.2201643 ], [ -123.1033263, 49.2201836 ], [ -123.103969, 49.2201987 ], [ -123.1039417, 49.2210979 ], [ -123.1039164, 49.2219881 ], [ -123.1038906, 49.2228864 ], [ -123.103235, 49.2228734 ], [ -123.102411, 49.2228571 ], [ -123.1017177, 49.2228434 ], [ -123.1017504, 49.2219461 ], [ -123.1011026, 49.2219337 ], [ -123.0996693, 49.2219064 ], [ -123.0996818, 49.2214713 ], [ -123.099695, 49.2210126 ], [ -123.0997099, 49.2205897 ] ] ] ] } },
{ "type": "Feature", "properties": { "name": "59153282", "population": 616, "population_density": 4301.7 }, "geometry": { "type": "MultiPolygon", "coordinates": [ [ [ [ -123.0658075, 49.2240411 ], [ -123.0658119, 49.2234287 ], [ -123.0658191, 49.2231406 ], [ -123.0658314, 49.2226203 ], [ -123.0664695, 49.2226273 ], [ -123.0691001, 49.2226561 ], [ -123.0691164, 49.2222596 ], [ -123.0691336, 49.2218417 ], [ -123.0719056, 49.2217432 ], [ -123.0718907, 49.2220407 ], [ -123.0718263, 49.2233265 ], [ -123.0717755, 49.2248199 ], [ -123.0717619, 49.2252192 ], [ -123.0699374, 49.2252002 ], [ -123.0690525, 49.2251924 ], [ -123.0684213, 49.2251887 ], [ -123.0670918, 49.2251787 ], [ -123.0657636, 49.2251696 ], [ -123.065806, 49.2242825 ], [ -123.0658075, 49.2240411 ] ] ] ] } },
{ "type": "Feature", "properties": { "name": "59153283", "population": 597, "population_density": 5899.2 }, "geometry": { "type": "MultiPolygon", "coordinates": [ [ [ [ -123.0719056, 49.2217432 ], [ -123.0691336, 49.2218417 ], [ -123.0691164, 49.2222596 ], [ -123.0691001, 49.2226561 ], [ -123.0664695, 49.2226273 ], [ -123.0658314, 49.2226203 ], [ -123.0658422, 49.2222314 ], [ -123.0658544, 49.2217787 ], [ -123.0658685, 49.2212728 ], [ -123.0658702, 49.2203446 ], [ -123.0658703, 49.2202675 ], [ -123.0666017, 49.2203351 ], [ -123.0671974, 49.2203342 ], [ -123.0684547, 49.2203342 ], [ -123.0691922, 49.2203272 ], [ -123.0701352, 49.2199997 ], [ -123.0704133, 49.2199415 ], [ -123.0719699, 49.2199613 ], [ -123.0719525, 49.2203689 ], [ -123.0719056, 49.2217432 ] ] ] ] } },
{ "type": "Feature", "properties": { "name": "59153284", "population": 560, "population_density": 7320.3 }, "geometry": { "type": "MultiPolygon", "coordinates": [ [ [ [ -123.0626292, 49.2203163 ], [ -123.062634, 49.2202208 ], [ -123.0645672, 49.2202545 ], [ -123.065157, 49.2202604 ], [ -123.0651767, 49.2202606 ], [ -123.0658703, 49.2202675 ], [ -123.0658702, 49.2203446 ], [ -123.0658685, 49.2212728 ], [ -123.0658544, 49.2217787 ], [ -123.0658422, 49.2222314 ], [ -123.0658314, 49.2226203 ], [ -123.0658191, 49.2231406 ], [ -123.0650966, 49.2231315 ], [ -123.0631879, 49.2231074 ], [ -123.0624945, 49.2230987 ], [ -123.0625366, 49.2221955 ], [ -123.0625834, 49.2212374 ], [ -123.0626292, 49.2203163 ] ] ] ] } },
{ "type": "Feature", "properties": { "name": "59153285", "population": 573, "population_density": 7629.8 }, "geometry": { "type": "MultiPolygon", "coordinates": [ [ [ [ -123.0593638, 49.220438 ], [ -123.0593616, 49.2202037 ], [ -123.0600392, 49.2202078 ], [ -123.0606787, 49.2202116 ], [ -123.061358, 49.2202148 ], [ -123.0619213, 49.2202174 ], [ -123.062634, 49.2202208 ], [ -123.0626292, 49.2203163 ], [ -123.0625834, 49.2212374 ], [ -123.0625366, 49.2221955 ], [ -123.0624945, 49.2230987 ], [ -123.0618286, 49.2230898 ], [ -123.0598506, 49.2230634 ], [ -123.0591948, 49.2230547 ], [ -123.0591992, 49.2230112 ], [ -123.0592486, 49.2225292 ], [ -123.0593353, 49.2221577 ], [ -123.0593436, 49.2219877 ], [ -123.0593717, 49.2214092 ], [ -123.0593711, 49.2212029 ], [ -123.0593638, 49.220438 ] ] ] ] } },
{ "type": "Feature", "properties": { "name": "59153286", "population": 419, "population_density": 6801.9 }, "geometry": { "type": "MultiPolygon", "coordinates": [ [ [ [ -123.0591428, 49.2257819 ], [ -123.0591582, 49.22504 ], [ -123.0597993, 49.2250548 ], [ -123.0616795, 49.2250982 ], [ -123.0623656, 49.225114 ], [ -123.063012, 49.2251246 ], [ -123.0650451, 49.2251578 ], [ -123.0657636, 49.2251696 ], [ -123.0657422, 49.2255891 ], [ -123.0657064, 49.2262922 ], [ -123.065019, 49.2262853 ], [ -123.0622974, 49.226258 ], [ -123.0597718, 49.2262431 ], [ -123.0591344, 49.2262393 ], [ -123.0591428, 49.2257819 ] ] ] ] } },
{ "type": "Feature", "properties": { "name": "59153287", "population": 738, "population_density": 6833.3 }, "geometry": { "type": "MultiPolygon", "coordinates": [ [ [ [ -123.0591756, 49.223964 ], [ -123.0591948, 49.2230547 ], [ -123.0598506, 49.2230634 ], [ -123.0618286, 49.2230898 ], [ -123.0624945, 49.2230987 ], [ -123.0631879, 49.2231074 ], [ -123.0650966, 49.2231315 ], [ -123.0658191, 49.2231406 ], [ -123.0658119, 49.2234287 ], [ -123.0658075, 49.2240411 ], [ -123.065806, 49.2242825 ], [ -123.0657636, 49.2251696 ], [ -123.0650451, 49.2251578 ], [ -123.063012, 49.2251246 ], [ -123.0623656, 49.225114 ], [ -123.0616795, 49.2250982 ], [ -123.0597993, 49.2250548 ], [ -123.0591582, 49.22504 ], [ -123.0591583, 49.225031 ], [ -123.0591756, 49.223964 ] ] ] ] } },
{ "type": "Feature", "properties": { "name": "59153288", "population": 782, "population_density": 8584.0 }, "geometry": { "type": "MultiPolygon", "coordinates": [ [ [ [ -123.0622883, 49.2276378 ], [ -123.0623095, 49.227151 ], [ -123.0622974, 49.226258 ], [ -123.065019, 49.2262853 ], [ -123.0657064, 49.2262922 ], [ -123.0657422, 49.2255891 ], [ -123.0657636, 49.2251696 ], [ -123.0670918, 49.2251787 ], [ -123.0684213, 49.2251887 ], [ -123.0684094, 49.2256326 ], [ -123.0683555, 49.2276444 ], [ -123.0676432, 49.2276342 ], [ -123.0670333, 49.2276255 ], [ -123.0663248, 49.227622 ], [ -123.0658243, 49.2276196 ], [ -123.0656597, 49.2276395 ], [ -123.0654746, 49.2276795 ], [ -123.0649804, 49.227673 ], [ -123.0622883, 49.2276378 ] ] ] ] } },
{ "type": "Feature", "properties": { "name": "59153289", "population": 646, "population_density": 7801.9 }, "geometry": { "type": "MultiPolygon", "coordinates": [ [ [ [ -123.0590909, 49.2270786 ], [ -123.0591344, 49.2262393 ], [ -123.0597718, 49.2262431 ], [ -123.0622974, 49.226258 ], [ -123.0623095, 49.227151 ], [ -123.0622883, 49.2276378 ], [ -123.0649804, 49.227673 ], [ -123.0654746, 49.2276795 ], [ -123.0656597, 49.2276395 ], [ -123.0656136, 49.2285643 ], [ -123.0649538, 49.2285569 ], [ -123.0597335, 49.2284979 ], [ -123.0590632, 49.2284903 ], [ -123.0590802, 49.2275719 ], [ -123.0590909, 49.2270786 ] ] ] ] } },
{ "type": "Feature", "properties": { "name": "59153290", "population": 731, "population_density": 8213.5 }, "geometry": { "type": "MultiPolygon", "coordinates": [ [ [ [ -123.059071, 49.2289745 ], [ -123.0590632, 49.2284903 ], [ -123.0597335, 49.2284979 ], [ -123.0649538, 49.2285569 ], [ -123.0656136, 49.2285643 ], [ -123.0655856, 49.2294643 ], [ -123.0655701, 49.2302588 ], [ -123.0655678, 49.2303755 ], [ -123.0649015, 49.230365 ], [ -123.0620499, 49.2303202 ], [ -123.0598801, 49.230289 ], [ -123.0599176, 49.2294144 ], [ -123.0597111, 49.2294125 ], [ -123.0596933, 49.2294124 ], [ -123.0590779, 49.2294068 ], [ -123.059071, 49.2289745 ] ] ] ] } },
{ "type": "Feature", "properties": { "name": "59153291", "population": 658, "population_density": 6728.0 }, "geometry": { "type": "MultiPolygon", "coordinates": [ [ [ [ -123.0620415, 49.2307542 ], [ -123.0620499, 49.2303202 ], [ -123.0649015, 49.230365 ], [ -123.0655678, 49.2303755 ], [ -123.0655664, 49.2305051 ], [ -123.06626, 49.230507 ], [ -123.0669679, 49.230509 ], [ -123.0669152, 49.2325371 ], [ -123.0686871, 49.2325682 ], [ -123.0686857, 49.2326339 ], [ -123.0669169, 49.23262 ], [ -123.0668586, 49.2326247 ], [ -123.0662244, 49.232675 ], [ -123.0661814, 49.2326784 ], [ -123.0655118, 49.2328025 ], [ -123.0654983, 49.2328043 ], [ -123.064742, 49.2329059 ], [ -123.0641061, 49.23293 ], [ -123.0621235, 49.2329118 ], [ -123.0621097, 49.2329117 ], [ -123.0621096, 49.2329022 ], [ -123.0621083, 49.232826 ], [ -123.0620968, 49.2324901 ], [ -123.0620818, 49.2320515 ], [ -123.062057, 49.2316171 ], [ -123.0620329, 49.2311971 ], [ -123.0620415, 49.2307542 ] ] ] ] } },
{ "type": "Feature", "properties": { "name": "59153292", "population": 719, "population_density": 7140.0 }, "geometry": { "type": "MultiPolygon", "coordinates": [ [ [ [ -123.0579264, 49.229821 ], [ -123.057935, 49.2293964 ], [ -123.0590779, 49.2294068 ], [ -123.0596933, 49.2294124 ], [ -123.0597111, 49.2294125 ], [ -123.0599176, 49.2294144 ], [ -123.0598801, 49.230289 ], [ -123.0620499, 49.2303202 ], [ -123.0620415, 49.2307542 ], [ -123.0620329, 49.2311971 ], [ -123.062057, 49.2316171 ], [ -123.0620818, 49.2320515 ], [ -123.0620968, 49.2324901 ], [ -123.0621083, 49.232826 ], [ -123.0621096, 49.2329022 ], [ -123.0621097, 49.2329117 ], [ -123.0612378, 49.232914 ], [ -123.0611178, 49.2328567 ], [ -123.060452, 49.2328557 ], [ -123.0588677, 49.2328332 ], [ -123.0578656, 49.2328311 ], [ -123.0579066, 49.2308014 ], [ -123.0579264, 49.229821 ] ] ] ] } },
{ "type": "Feature", "properties": { "name": "59153293", "population": 495, "population_density": 6111.1 }, "geometry": { "type": "MultiPolygon", "coordinates": [ [ [ [ -123.0588371, 49.2333729 ], [ -123.0588677, 49.2328332 ], [ -123.060452, 49.2328557 ], [ -123.0611178, 49.2328567 ], [ -123.0612378, 49.232914 ], [ -123.0621097, 49.2329117 ], [ -123.0621137, 49.2333987 ], [ -123.0621179, 49.23391 ], [ -123.062116, 49.2344063 ], [ -123.0621141, 49.2349026 ], [ -123.0621112, 49.2354138 ], [ -123.0621085, 49.2359032 ], [ -123.061418, 49.2358993 ], [ -123.0594673, 49.2358884 ], [ -123.0587815, 49.2358846 ], [ -123.0587906, 49.2353886 ], [ -123.0588001, 49.2348762 ], [ -123.0588042, 49.2343809 ], [ -123.0588084, 49.2338783 ], [ -123.0588371, 49.2333729 ] ] ] ] } },
{ "type": "Feature", "properties": { "name": "59153294", "population": 677, "population_density": 6534.7 }, "geometry": { "type": "MultiPolygon", "coordinates": [ [ [ [ -123.0550591, 49.2296322 ], [ -123.0549202, 49.2293762 ], [ -123.0558336, 49.2293807 ], [ -123.0565287, 49.2293841 ], [ -123.057935, 49.2293964 ], [ -123.0579264, 49.229821 ], [ -123.0579066, 49.2308014 ], [ -123.0578656, 49.2328311 ], [ -123.0588677, 49.2328332 ], [ -123.0588371, 49.2333729 ], [ -123.0588084, 49.2338783 ], [ -123.0555282, 49.2338591 ], [ -123.0555062, 49.2333749 ], [ -123.0554807, 49.2328128 ], [ -123.0552333, 49.2325565 ], [ -123.0552203, 49.2317878 ], [ -123.0552032, 49.2308676 ], [ -123.055152, 49.229942 ], [ -123.0551479, 49.2299283 ], [ -123.0550591, 49.2296322 ] ] ] ] } },
{ "type": "Feature", "properties": { "name": "59153295", "population": 778, "population_density": 4079.7 }, "geometry": { "type": "MultiPolygon", "coordinates": [ [ [ [ -123.0546743, 49.2263771 ], [ -123.0546856, 49.2259332 ], [ -123.054727, 49.2248047 ], [ -123.056139, 49.2248135 ], [ -123.0574166, 49.2248619 ], [ -123.0576714, 49.2248914 ], [ -123.0576836, 49.224415 ], [ -123.0577198, 49.2230028 ], [ -123.0577319, 49.2225284 ], [ -123.0592486, 49.2225292 ], [ -123.0591992, 49.2230112 ], [ -123.0591948, 49.2230547 ], [ -123.0591756, 49.223964 ], [ -123.0591583, 49.225031 ], [ -123.0591582, 49.22504 ], [ -123.0591428, 49.2257819 ], [ -123.0591344, 49.2262393 ], [ -123.0590909, 49.2270786 ], [ -123.0590802, 49.2275719 ], [ -123.0590632, 49.2284903 ], [ -123.059071, 49.2289745 ], [ -123.0590779, 49.2294068 ], [ -123.057935, 49.2293964 ], [ -123.0565287, 49.2293841 ], [ -123.0558336, 49.2293807 ], [ -123.0549202, 49.2293762 ], [ -123.054728, 49.2289254 ], [ -123.0546836, 49.2288212 ], [ -123.0546559, 49.2284574 ], [ -123.0546501, 49.2280233 ], [ -123.0546439, 49.2275652 ], [ -123.0546541, 49.2271686 ], [ -123.0546645, 49.2267641 ], [ -123.0546743, 49.2263771 ] ] ] ] } },
{ "type": "Feature", "properties": { "name": "59153296", "population": 537, "population_density": 6540.8 }, "geometry": { "type": "MultiPolygon", "coordinates": [ [ [ [ -123.0621137, 49.2333987 ], [ -123.0621097, 49.2329117 ], [ -123.0621235, 49.2329118 ], [ -123.0641061, 49.23293 ], [ -123.064742, 49.2329059 ], [ -123.0654983, 49.2328043 ], [ -123.0655118, 49.2328025 ], [ -123.0654686, 49.233921 ], [ -123.065486, 49.2344926 ], [ -123.0655003, 49.2349173 ], [ -123.0654916, 49.2352296 ], [ -123.0654796, 49.2356371 ], [ -123.0654711, 49.2359227 ], [ -123.0621085, 49.2359032 ], [ -123.0621112, 49.2354138 ], [ -123.0621141, 49.2349026 ], [ -123.062116, 49.2344063 ], [ -123.0621179, 49.23391 ], [ -123.0621137, 49.2333987 ] ] ] ] } },
{ "type": "Feature", "properties": { "name": "59153297", "population": 1004, "population_density": 11057.3 }, "geometry": { "type": "MultiPolygon", "coordinates": [ [ [ [ -123.0686427, 49.2352703 ], [ -123.0661288, 49.2352378 ], [ -123.0654916, 49.2352296 ], [ -123.0655003, 49.2349173 ], [ -123.065486, 49.2344926 ], [ -123.0654686, 49.233921 ], [ -123.0655118, 49.2328025 ], [ -123.0661814, 49.2326784 ], [ -123.0662244, 49.232675 ], [ -123.0668586, 49.2326247 ], [ -123.0669169, 49.23262 ], [ -123.0686857, 49.2326339 ], [ -123.0688243, 49.232635 ], [ -123.0689414, 49.2326057 ], [ -123.0701117, 49.2326186 ], [ -123.0701011, 49.2330616 ], [ -123.0700617, 49.2347161 ], [ -123.0693565, 49.2347086 ], [ -123.0686512, 49.2347012 ], [ -123.0686427, 49.2352703 ] ] ] ] } },
{ "type": "Feature", "properties": { "name": "59153298", "population": 612, "population_density": 7149.5 }, "geometry": { "type": "MultiPolygon", "coordinates": [ [ [ [ -123.0627241, 49.2369089 ], [ -123.062104, 49.2369075 ], [ -123.0621085, 49.2359032 ], [ -123.0654711, 49.2359227 ], [ -123.0654796, 49.2356371 ], [ -123.0654916, 49.2352296 ], [ -123.0661288, 49.2352378 ], [ -123.0686427, 49.2352703 ], [ -123.068636, 49.2356887 ], [ -123.0686257, 49.2363365 ], [ -123.0686194, 49.2367272 ], [ -123.0686083, 49.237173 ], [ -123.0685989, 49.2375517 ], [ -123.066022, 49.2375204 ], [ -123.0656079, 49.2375154 ], [ -123.065434, 49.2374864 ], [ -123.0654441, 49.2369147 ], [ -123.0647298, 49.2369132 ], [ -123.0627241, 49.2369089 ] ] ] ] } },
{ "type": "Feature", "properties": { "name": "59153299", "population": 531, "population_density": 7651.3 }, "geometry": { "type": "MultiPolygon", "coordinates": [ [ [ [ -123.0686427, 49.2352703 ], [ -123.0686512, 49.2347012 ], [ -123.0693565, 49.2347086 ], [ -123.0700617, 49.2347161 ], [ -123.0701011, 49.2330616 ], [ -123.0701117, 49.2326186 ], [ -123.0715141, 49.2326297 ], [ -123.0715002, 49.2330878 ], [ -123.0714502, 49.2347313 ], [ -123.0713994, 49.2363888 ], [ -123.0713879, 49.2367636 ], [ -123.0700119, 49.2367443 ], [ -123.0686194, 49.2367272 ], [ -123.0686257, 49.2363365 ], [ -123.068636, 49.2356887 ], [ -123.0686427, 49.2352703 ] ] ] ] } },
{ "type": "Feature", "properties": { "name": "59153300", "population": 513, "population_density": 7027.4 }, "geometry": { "type": "MultiPolygon", "coordinates": [ [ [ [ -123.0621001, 49.2374677 ], [ -123.062104, 49.2369075 ], [ -123.0627241, 49.2369089 ], [ -123.0647298, 49.2369132 ], [ -123.0654441, 49.2369147 ], [ -123.065434, 49.2374864 ], [ -123.0654207, 49.238131 ], [ -123.0654142, 49.2383425 ], [ -123.0653962, 49.2389537 ], [ -123.0653901, 49.2392237 ], [ -123.0653675, 49.2400591 ], [ -123.0647439, 49.239889 ], [ -123.0646901, 49.2398798 ], [ -123.0642141, 49.239798 ], [ -123.0628898, 49.2397862 ], [ -123.0628898, 49.2397772 ], [ -123.0628905, 49.2393802 ], [ -123.0628913, 49.2389377 ], [ -123.0627403, 49.2389367 ], [ -123.0620953, 49.2389322 ], [ -123.0620991, 49.2380694 ], [ -123.0620993, 49.2379494 ], [ -123.0621001, 49.2374677 ] ] ] ] } },
{ "type": "Feature", "properties": { "name": "59153301", "population": 434, "population_density": 7457.0 }, "geometry": { "type": "MultiPolygon", "coordinates": [ [ [ [ -123.0587479, 49.2368908 ], [ -123.0587815, 49.2358846 ], [ -123.0594673, 49.2358884 ], [ -123.061418, 49.2358993 ], [ -123.0621085, 49.2359032 ], [ -123.062104, 49.2369075 ], [ -123.0621001, 49.2374677 ], [ -123.0620993, 49.2379494 ], [ -123.0620991, 49.2380694 ], [ -123.0613767, 49.2380563 ], [ -123.0594275, 49.2380211 ], [ -123.0587567, 49.2380089 ], [ -123.0587366, 49.237394 ], [ -123.058737, 49.2373763 ], [ -123.0587479, 49.2368908 ] ] ] ] } },
{ "type": "Feature", "properties": { "name": "59153302", "population": 525, "population_density": 9868.4 }, "geometry": { "type": "MultiPolygon", "coordinates": [ [ [ [ -123.0587326, 49.23891 ], [ -123.0587567, 49.2380089 ], [ -123.0594275, 49.2380211 ], [ -123.0613767, 49.2380563 ], [ -123.0620991, 49.2380694 ], [ -123.0620953, 49.2389322 ], [ -123.0627403, 49.2389367 ], [ -123.0628913, 49.2389377 ], [ -123.0628905, 49.2393802 ], [ -123.0628898, 49.2397772 ], [ -123.0628898, 49.2397862 ], [ -123.0587111, 49.2397913 ], [ -123.0587218, 49.2393553 ], [ -123.0587326, 49.23891 ] ] ] ] } },
{ "type": "Feature", "properties": { "name": "59153303", "population": 486, "population_density": 7726.6 }, "geometry": { "type": "MultiPolygon", "coordinates": [ [ [ [ -123.0586997, 49.2402189 ], [ -123.0587111, 49.2397913 ], [ -123.0628898, 49.2397862 ], [ -123.0642141, 49.239798 ], [ -123.0646901, 49.2398798 ], [ -123.0647439, 49.239889 ], [ -123.0653675, 49.2400591 ], [ -123.0653499, 49.2406846 ], [ -123.0653038, 49.2415229 ], [ -123.0646673, 49.2415131 ], [ -123.0640746, 49.2415039 ], [ -123.0634032, 49.2415021 ], [ -123.0628294, 49.2415006 ], [ -123.0628351, 49.2410802 ], [ -123.0628406, 49.2406722 ], [ -123.0586882, 49.24065 ], [ -123.0586997, 49.2402189 ] ] ] ] } },
{ "type": "Feature", "properties": { "name": "59153304", "population": 666, "population_density": 8604.7 }, "geometry": { "type": "MultiPolygon", "coordinates": [ [ [ [ -123.0586794, 49.2408542 ], [ -123.0586882, 49.24065 ], [ -123.0628406, 49.2406722 ], [ -123.0628351, 49.2410802 ], [ -123.0628294, 49.2415006 ], [ -123.0628134, 49.2418083 ], [ -123.0627853, 49.2423489 ], [ -123.0627222, 49.2427165 ], [ -123.0626445, 49.2427936 ], [ -123.0618104, 49.2435627 ], [ -123.0591611, 49.2423537 ], [ -123.0581234, 49.2418705 ], [ -123.0583421, 49.2416693 ], [ -123.058374, 49.2416192 ], [ -123.0585709, 49.2413098 ], [ -123.0586445, 49.2411235 ], [ -123.0586794, 49.2408542 ] ] ] ] } },
{ "type": "Feature", "properties": { "name": "59153305", "population": 747, "population_density": 7789.4 }, "geometry": { "type": "MultiPolygon", "coordinates": [ [ [ [ -123.0628134, 49.2418083 ], [ -123.0628294, 49.2415006 ], [ -123.0634032, 49.2415021 ], [ -123.0640746, 49.2415039 ], [ -123.0646673, 49.2415131 ], [ -123.0653038, 49.2415229 ], [ -123.065268, 49.2428263 ], [ -123.065353, 49.2428511 ], [ -123.065905, 49.2428598 ], [ -123.0666178, 49.2428711 ], [ -123.0665427, 49.2453965 ], [ -123.0665311, 49.2457864 ], [ -123.0651737, 49.2451433 ], [ -123.0637655, 49.2445014 ], [ -123.0618104, 49.2435627 ], [ -123.0626445, 49.2427936 ], [ -123.0627222, 49.2427165 ], [ -123.0627853, 49.2423489 ], [ -123.0628134, 49.2418083 ] ] ] ] } },
{ "type": "Feature", "properties": { "name": "59153306", "population": 834, "population_density": 6256.6 }, "geometry": { "type": "MultiPolygon", "coordinates": [ [ [ [ -123.0611537, 49.2449005 ], [ -123.0604382, 49.24489 ], [ -123.0604452, 49.2457982 ], [ -123.0596851, 49.245797 ], [ -123.0573906, 49.2457934 ], [ -123.0566567, 49.2457922 ], [ -123.0566601, 49.245413 ], [ -123.0566587, 49.2446122 ], [ -123.0566529, 49.2439896 ], [ -123.0566595, 49.2437339 ], [ -123.0566848, 49.2434437 ], [ -123.0567596, 49.2432385 ], [ -123.0569212, 49.2429637 ], [ -123.0573254, 49.2425874 ], [ -123.0581234, 49.2418705 ], [ -123.0591611, 49.2423537 ], [ -123.0618104, 49.2435627 ], [ -123.0637655, 49.2445014 ], [ -123.0632726, 49.2448474 ], [ -123.0632581, 49.2448517 ], [ -123.0630067, 49.2449267 ], [ -123.0628118, 49.244925 ], [ -123.0611537, 49.2449005 ] ] ] ] } },
{ "type": "Feature", "properties": { "name": "59153307", "population": 412, "population_density": 5722.2 }, "geometry": { "type": "MultiPolygon", "coordinates": [ [ [ [ -123.0604085, 49.246725 ], [ -123.0604452, 49.2457982 ], [ -123.0604382, 49.24489 ], [ -123.0611537, 49.2449005 ], [ -123.0628118, 49.244925 ], [ -123.0630067, 49.2449267 ], [ -123.0632581, 49.2448517 ], [ -123.0632726, 49.2448474 ], [ -123.0637655, 49.2445014 ], [ -123.0651737, 49.2451433 ], [ -123.0651482, 49.2458074 ], [ -123.0651224, 49.2467588 ], [ -123.0643856, 49.2467534 ], [ -123.062727, 49.2467413 ], [ -123.0604085, 49.246725 ] ] ] ] } },
{ "type": "Feature", "properties": { "name": "59153308", "population": 706, "population_density": 7575.1 }, "geometry": { "type": "MultiPolygon", "coordinates": [ [ [ [ -123.0604772, 49.2488708 ], [ -123.0579943, 49.2488454 ], [ -123.0579909, 49.2489859 ], [ -123.057376, 49.2487197 ], [ -123.0566516, 49.2484061 ], [ -123.0566532, 49.2480981 ], [ -123.0566543, 49.2471073 ], [ -123.0566527, 49.2466992 ], [ -123.0566562, 49.2462759 ], [ -123.0566567, 49.2457922 ], [ -123.0573906, 49.2457934 ], [ -123.0596851, 49.245797 ], [ -123.0604452, 49.2457982 ], [ -123.0604085, 49.246725 ], [ -123.0605225, 49.2468542 ], [ -123.0605182, 49.2472259 ], [ -123.0605118, 49.2477924 ], [ -123.060508, 49.248124 ], [ -123.0604772, 49.2488708 ] ] ] ] } },
{ "type": "Feature", "properties": { "name": "59153370", "population": 846, "population_density": 35103.7 }, "geometry": { "type": "MultiPolygon", "coordinates": [ [ [ [ -123.1329551, 49.2792322 ], [ -123.1333252, 49.2789817 ], [ -123.1341999, 49.2795448 ], [ -123.1354954, 49.2803787 ], [ -123.1349572, 49.2807381 ], [ -123.1349509, 49.2807423 ], [ -123.1344576, 49.2810717 ], [ -123.1329518, 49.2801106 ], [ -123.1322417, 49.2796573 ], [ -123.1327546, 49.2793517 ], [ -123.1327811, 49.2793359 ], [ -123.1329551, 49.2792322 ] ] ] ] } },
{ "type": "Feature", "properties": { "name": "59153371", "population": 896, "population_density": 35983.9 }, "geometry": { "type": "MultiPolygon", "coordinates": [ [ [ [ -123.1338315, 49.2786474 ], [ -123.134424, 49.2782561 ], [ -123.1354962, 49.2789572 ], [ -123.1365705, 49.2796596 ], [ -123.1361578, 49.2799356 ], [ -123.1360256, 49.280024 ], [ -123.1354954, 49.2803787 ], [ -123.1341999, 49.2795448 ], [ -123.1333252, 49.2789817 ], [ -123.1338299, 49.2786484 ], [ -123.1338315, 49.2786474 ] ] ] ] } },
{ "type": "Feature", "properties": { "name": "59153372", "population": 972, "population_density": 31764.7 }, "geometry": { "type": "MultiPolygon", "coordinates": [ [ [ [ -123.1390591, 49.2834195 ], [ -123.1396293, 49.2830499 ], [ -123.1407822, 49.2837875 ], [ -123.1423684, 49.2848103 ], [ -123.1419391, 49.2850988 ], [ -123.1417636, 49.2852167 ], [ -123.1413289, 49.2855088 ], [ -123.1397393, 49.2844975 ], [ -123.1385627, 49.2837413 ], [ -123.1390377, 49.2834334 ], [ -123.1390591, 49.2834195 ] ] ] ] } },
{ "type": "Feature", "properties": { "name": "59153373", "population": 1113, "population_density": 35110.4 }, "geometry": { "type": "MultiPolygon", "coordinates": [ [ [ [ -123.1379789, 49.2841254 ], [ -123.1385627, 49.2837413 ], [ -123.1397393, 49.2844975 ], [ -123.1413289, 49.2855088 ], [ -123.1413066, 49.2855238 ], [ -123.1407288, 49.2859115 ], [ -123.1402364, 49.2862418 ], [ -123.1386706, 49.2852231 ], [ -123.1374812, 49.284453 ], [ -123.1379789, 49.2841254 ] ] ] ] } },
{ "type": "Feature", "properties": { "name": "59153394", "population": 1299, "population_density": 22630.7 }, "geometry": { "type": "MultiPolygon", "coordinates": [ [ [ [ -123.1434315, 49.2923854 ], [ -123.1431503, 49.2922547 ], [ -123.1428929, 49.2921351 ], [ -123.1428379, 49.2920992 ], [ -123.1415688, 49.2912715 ], [ -123.1420779, 49.2909292 ], [ -123.142627, 49.2905609 ], [ -123.1431241, 49.2902278 ], [ -123.1436694, 49.2898625 ], [ -123.1442725, 49.2894876 ], [ -123.144836, 49.2892023 ], [ -123.1450341, 49.2892782 ], [ -123.1453295, 49.2893913 ], [ -123.1460658, 49.2897679 ], [ -123.146484, 49.2899818 ], [ -123.1465407, 49.2900108 ], [ -123.146576, 49.2899992 ], [ -123.146394, 49.2900968 ], [ -123.1457381, 49.2904274 ], [ -123.1449556, 49.2906928 ], [ -123.1449345, 49.291341 ], [ -123.1449138, 49.291386 ], [ -123.1444172, 49.2918778 ], [ -123.1439575, 49.2920224 ], [ -123.1438507, 49.292096 ], [ -123.1434315, 49.2923854 ] ] ] ] } },
{ "type": "Feature", "properties": { "name": "59153400", "population": 884, "population_density": 18970.0 }, "geometry": { "type": "MultiPolygon", "coordinates": [ [ [ [ -123.1370429, 49.281379 ], [ -123.1354954, 49.2803787 ], [ -123.1360256, 49.280024 ], [ -123.1361578, 49.2799356 ], [ -123.1365705, 49.2796596 ], [ -123.1371296, 49.2792844 ], [ -123.1371298, 49.2792843 ], [ -123.138773, 49.2787955 ], [ -123.1387957, 49.2788208 ], [ -123.1402056, 49.2798684 ], [ -123.1383634, 49.2805133 ], [ -123.1381126, 49.2806805 ], [ -123.1376314, 49.2809947 ], [ -123.1375251, 49.2810641 ], [ -123.1370429, 49.281379 ] ] ] ] } },
{ "type": "Feature", "properties": { "name": "59153464", "population": 1675, "population_density": 25150.2 }, "geometry": { "type": "MultiPolygon", "coordinates": [ [ [ [ -123.1194784, 49.2790491 ], [ -123.121081, 49.2779821 ], [ -123.1215629, 49.2783028 ], [ -123.1220114, 49.2786014 ], [ -123.1224951, 49.2789073 ], [ -123.1230402, 49.2792521 ], [ -123.1235339, 49.2795768 ], [ -123.1240397, 49.2799093 ], [ -123.1249834, 49.2805361 ], [ -123.123373, 49.281574 ], [ -123.1232049, 49.2814683 ], [ -123.1227421, 49.2811773 ], [ -123.1224365, 49.2809852 ], [ -123.1219095, 49.2806518 ], [ -123.1213932, 49.2803251 ], [ -123.1208716, 49.2799638 ], [ -123.1204142, 49.2796469 ], [ -123.1194784, 49.2790491 ] ] ] ] } },
{ "type": "Feature", "properties": { "name": "59153466", "population": 604, "population_density": 2335.7 }, "geometry": { "type": "MultiPolygon", "coordinates": [ [ [ [ -123.1144574, 49.2889779 ], [ -123.1149134, 49.2884717 ], [ -123.1149462, 49.2883209 ], [ -123.114202, 49.2880706 ], [ -123.1138467, 49.2882785 ], [ -123.11316, 49.2884631 ], [ -123.1135298, 49.288863 ], [ -123.11072, 49.289837 ], [ -123.1104343, 49.2894355 ], [ -123.1097424, 49.2895129 ], [ -123.1068442, 49.2898372 ], [ -123.1067686, 49.2897881 ], [ -123.1067989, 49.2897316 ], [ -123.1076068, 49.2894414 ], [ -123.1126709, 49.287622 ], [ -123.1127671, 49.287514 ], [ -123.1116086, 49.287 ], [ -123.1110897, 49.2867823 ], [ -123.1092771, 49.2873608 ], [ -123.1086656, 49.2872033 ], [ -123.1088325, 49.2866434 ], [ -123.1095484, 49.2863558 ], [ -123.1090166, 49.2862262 ], [ -123.108698, 49.2863167 ], [ -123.1088729, 49.2860433 ], [ -123.1088423, 49.2858162 ], [ -123.1088126, 49.2855953 ], [ -123.1087859, 49.2853969 ], [ -123.1087574, 49.2851857 ], [ -123.108728, 49.2849672 ], [ -123.1086756, 49.2846447 ], [ -123.1088229, 49.2843108 ], [ -123.1108914, 49.2847031 ], [ -123.1109188, 49.2847083 ], [ -123.1114332, 49.2843644 ], [ -123.1119084, 49.2840466 ], [ -123.1128644, 49.2834165 ], [ -123.1138301, 49.2840197 ], [ -123.1148463, 49.2846521 ], [ -123.11539, 49.2849928 ], [ -123.115845, 49.2852778 ], [ -123.1163805, 49.2856127 ], [ -123.1168637, 49.2859148 ], [ -123.117889, 49.2865564 ], [ -123.11696, 49.2871738 ], [ -123.1164208, 49.287519 ], [ -123.1161942, 49.2876641 ], [ -123.1161008, 49.2877227 ], [ -123.1154833, 49.2881098 ], [ -123.1156402, 49.2881951 ], [ -123.1157689, 49.2882688 ], [ -123.115824, 49.2882883 ], [ -123.1154385, 49.2883616 ], [ -123.1144574, 49.2889779 ] ] ] ] } },
{ "type": "Feature", "properties": { "name": "59153467", "population": 932, "population_density": 54823.5 }, "geometry": { "type": "MultiPolygon", "coordinates": [ [ [ [ -123.1190817, 49.2780185 ], [ -123.1200939, 49.2773478 ], [ -123.1205931, 49.2776686 ], [ -123.1206989, 49.2777366 ], [ -123.121081, 49.2779821 ], [ -123.1194784, 49.2790491 ], [ -123.1190626, 49.2788023 ], [ -123.1189818, 49.2787544 ], [ -123.1184486, 49.2784379 ], [ -123.1190817, 49.2780185 ] ] ] ] } },
{ "type": "Feature", "properties": { "name": "59153469", "population": 1063, "population_density": 31356.9 }, "geometry": { "type": "MultiPolygon", "coordinates": [ [ [ [ -123.11979, 49.2729919 ], [ -123.1213982, 49.2719873 ], [ -123.1226827, 49.2728322 ], [ -123.123598, 49.2734042 ], [ -123.1236859, 49.2734583 ], [ -123.123737, 49.2734899 ], [ -123.1227634, 49.273749 ], [ -123.1214876, 49.2740884 ], [ -123.1214443, 49.2741008 ], [ -123.1214293, 49.274105 ], [ -123.1214009, 49.2741131 ], [ -123.1212355, 49.2740096 ], [ -123.1200029, 49.2731705 ], [ -123.1200017, 49.2731237 ], [ -123.11979, 49.2729919 ] ] ] ] } },
{ "type": "Feature", "properties": { "name": "59153470", "population": 813, "population_density": 11001.4 }, "geometry": { "type": "MultiPolygon", "coordinates": [ [ [ [ -123.1181207, 49.2759747 ], [ -123.1192039, 49.2746192 ], [ -123.1194153, 49.2745996 ], [ -123.1199851, 49.2744959 ], [ -123.1214009, 49.2741131 ], [ -123.1215397, 49.2741656 ], [ -123.1215674, 49.2741761 ], [ -123.121743, 49.2742836 ], [ -123.1221366, 49.2745245 ], [ -123.1226647, 49.2748718 ], [ -123.1229515, 49.2750484 ], [ -123.1232735, 49.2752466 ], [ -123.1216738, 49.2762911 ], [ -123.1200939, 49.2773478 ], [ -123.1195116, 49.2769657 ], [ -123.1189732, 49.2766289 ], [ -123.1182176, 49.2761554 ], [ -123.1181624, 49.2761208 ], [ -123.1180316, 49.2760363 ], [ -123.1181207, 49.2759747 ] ] ] ] } },
{ "type": "Feature", "properties": { "name": "59153471", "population": 1318, "population_density": 41708.9 }, "geometry": { "type": "MultiPolygon", "coordinates": [ [ [ [ -123.117091, 49.2741917 ], [ -123.1172933, 49.2734126 ], [ -123.1175897, 49.2734685 ], [ -123.117732, 49.2734954 ], [ -123.1183561, 49.2735121 ], [ -123.1188802, 49.2734144 ], [ -123.1194032, 49.2732023 ], [ -123.11979, 49.2729919 ], [ -123.1200017, 49.2731237 ], [ -123.1200029, 49.2731705 ], [ -123.1212355, 49.2740096 ], [ -123.1214009, 49.2741131 ], [ -123.1199851, 49.2744959 ], [ -123.1194153, 49.2745996 ], [ -123.1192039, 49.2746192 ], [ -123.1193163, 49.2745339 ], [ -123.1190127, 49.274483 ], [ -123.1189016, 49.2744643 ], [ -123.1185425, 49.2744268 ], [ -123.117091, 49.2741917 ] ] ] ] } },
{ "type": "Feature", "properties": { "name": "59153472", "population": 442, "population_density": 26626.5 }, "geometry": { "type": "MultiPolygon", "coordinates": [ [ [ [ -123.1175186, 49.2744526 ], [ -123.117091, 49.2741917 ], [ -123.1185425, 49.2744268 ], [ -123.1189016, 49.2744643 ], [ -123.1190127, 49.274483 ], [ -123.1193163, 49.2745339 ], [ -123.1192039, 49.2746192 ], [ -123.1181207, 49.2759747 ], [ -123.1180316, 49.2760363 ], [ -123.1171806, 49.2755331 ], [ -123.1171463, 49.2755127 ], [ -123.1173157, 49.2753731 ], [ -123.1175113, 49.2750559 ], [ -123.1175186, 49.2744526 ] ] ] ] } },
{ "type": "Feature", "properties": { "name": "59153473", "population": 474, "population_density": 27558.1 }, "geometry": { "type": "MultiPolygon", "coordinates": [ [ [ [ -123.115366, 49.2744861 ], [ -123.115017, 49.2741768 ], [ -123.1151381, 49.2741521 ], [ -123.1154288, 49.2740734 ], [ -123.1161029, 49.2740599 ], [ -123.1163794, 49.2740772 ], [ -123.117091, 49.2741917 ], [ -123.1175186, 49.2744526 ], [ -123.1175113, 49.2750559 ], [ -123.1173157, 49.2753731 ], [ -123.1171463, 49.2755127 ], [ -123.1170845, 49.2755552 ], [ -123.1169058, 49.2754469 ], [ -123.1159802, 49.2748853 ], [ -123.115366, 49.2744861 ] ] ] ] } },
{ "type": "Feature", "properties": { "name": "59153474", "population": 915, "population_density": 56832.3 }, "geometry": { "type": "MultiPolygon", "coordinates": [ [ [ [ -123.1150761, 49.2733813 ], [ -123.1153833, 49.2732138 ], [ -123.1161417, 49.273171 ], [ -123.1167271, 49.2732362 ], [ -123.1172933, 49.2734126 ], [ -123.117091, 49.2741917 ], [ -123.1163794, 49.2740772 ], [ -123.1161029, 49.2740599 ], [ -123.1154288, 49.2740734 ], [ -123.1151381, 49.2741521 ], [ -123.115017, 49.2741768 ], [ -123.1148749, 49.2740316 ], [ -123.1148141, 49.2738606 ], [ -123.1148921, 49.273534 ], [ -123.1150761, 49.2733813 ] ] ] ] } },
{ "type": "Feature", "properties": { "name": "59153476", "population": 700, "population_density": 26819.9 }, "geometry": { "type": "MultiPolygon", "coordinates": [ [ [ [ -123.1282245, 49.2890052 ], [ -123.1288616, 49.2885943 ], [ -123.1300332, 49.2893622 ], [ -123.1312329, 49.2901444 ], [ -123.1305973, 49.2905752 ], [ -123.1290195, 49.2900396 ], [ -123.1274473, 49.2895682 ], [ -123.127761, 49.2893409 ], [ -123.1282245, 49.2890052 ] ] ] ] } },
{ "type": "Feature", "properties": { "name": "59153477", "population": 360, "population_density": 44444.4 }, "geometry": { "type": "MultiPolygon", "coordinates": [ [ [ [ -123.1283948, 49.2904716 ], [ -123.1284983, 49.2904 ], [ -123.1290195, 49.2900396 ], [ -123.1305973, 49.2905752 ], [ -123.1298186, 49.291076 ], [ -123.1292468, 49.2906969 ], [ -123.1283948, 49.2904716 ] ] ] ] } },
{ "type": "Feature", "properties": { "name": "59153479", "population": 996, "population_density": 29467.5 }, "geometry": { "type": "MultiPolygon", "coordinates": [ [ [ [ -123.1264253, 49.2863715 ], [ -123.1269581, 49.2859731 ], [ -123.1285369, 49.2870014 ], [ -123.129948, 49.2879189 ], [ -123.1293442, 49.2882943 ], [ -123.1288616, 49.2885943 ], [ -123.1274692, 49.2877286 ], [ -123.1259204, 49.2867489 ], [ -123.1264253, 49.2863715 ] ] ] ] } },
{ "type": "Feature", "properties": { "name": "59153480", "population": 626, "population_density": 70337.1 }, "geometry": { "type": "MultiPolygon", "coordinates": [ [ [ [ -123.1282245, 49.2890052 ], [ -123.1268736, 49.2881361 ], [ -123.1274692, 49.2877286 ], [ -123.1288616, 49.2885943 ], [ -123.1282245, 49.2890052 ] ] ] ] } },
{ "type": "Feature", "properties": { "name": "59153481", "population": 828, "population_density": 55570.5 }, "geometry": { "type": "MultiPolygon", "coordinates": [ [ [ [ -123.1263292, 49.2885098 ], [ -123.1268736, 49.2881361 ], [ -123.1282245, 49.2890052 ], [ -123.127761, 49.2893409 ], [ -123.1274473, 49.2895682 ], [ -123.1261875, 49.2892041 ], [ -123.1257997, 49.2888731 ], [ -123.1263292, 49.2885098 ] ] ] ] } },
{ "type": "Feature", "properties": { "name": "59153482", "population": 605, "population_density": 62371.1 }, "geometry": { "type": "MultiPolygon", "coordinates": [ [ [ [ -123.1268736, 49.2881361 ], [ -123.1253302, 49.2871358 ], [ -123.1259204, 49.2867489 ], [ -123.1274692, 49.2877286 ], [ -123.1268736, 49.2881361 ] ] ] ] } },
{ "type": "Feature", "properties": { "name": "59153483", "population": 752, "population_density": 9894.7 }, "geometry": { "type": "MultiPolygon", "coordinates": [ [ [ [ -123.1222134, 49.283662 ], [ -123.1228039, 49.2832819 ], [ -123.1248483, 49.2845992 ], [ -123.1269581, 49.2859731 ], [ -123.1264253, 49.2863715 ], [ -123.1259204, 49.2867489 ], [ -123.1253302, 49.2871358 ], [ -123.1231321, 49.2857235 ], [ -123.121097, 49.2844091 ], [ -123.1216658, 49.2840145 ], [ -123.1220403, 49.2837735 ], [ -123.1222134, 49.283662 ] ] ] ] } },
{ "type": "Feature", "properties": { "name": "59153490", "population": 1162, "population_density": 11857.1 }, "geometry": { "type": "MultiPolygon", "coordinates": [ [ [ [ -123.0476968, 49.2066986 ], [ -123.0476962, 49.2064757 ], [ -123.0502368, 49.2062656 ], [ -123.0504453, 49.2062483 ], [ -123.0508951, 49.2062092 ], [ -123.052168, 49.2060985 ], [ -123.0523521, 49.2060825 ], [ -123.0534964, 49.2059976 ], [ -123.053735, 49.205978 ], [ -123.0542099, 49.2059465 ], [ -123.0543991, 49.205934 ], [ -123.0552492, 49.2058572 ], [ -123.0567779, 49.2058106 ], [ -123.0567917, 49.2058102 ], [ -123.0567928, 49.2058244 ], [ -123.0568202, 49.2061623 ], [ -123.0568194, 49.2064426 ], [ -123.0568174, 49.2070721 ], [ -123.0568198, 49.2071424 ], [ -123.0568062, 49.2071433 ], [ -123.0562375, 49.2071796 ], [ -123.0557538, 49.2072104 ], [ -123.0505911, 49.2075396 ], [ -123.0498741, 49.2075853 ], [ -123.0477033, 49.2077236 ], [ -123.0477008, 49.2076542 ], [ -123.0476984, 49.2073046 ], [ -123.0476968, 49.2066986 ] ] ] ] } },
{ "type": "Feature", "properties": { "name": "59153491", "population": 1025, "population_density": 18911.4 }, "geometry": { "type": "MultiPolygon", "coordinates": [ [ [ [ -123.0422573, 49.2071011 ], [ -123.0422577, 49.2067878 ], [ -123.0432138, 49.2067925 ], [ -123.0440456, 49.2067657 ], [ -123.0476962, 49.2064757 ], [ -123.0476968, 49.2066986 ], [ -123.0476984, 49.2073046 ], [ -123.0477008, 49.2076542 ], [ -123.0477033, 49.2077236 ], [ -123.0448829, 49.2078832 ], [ -123.0437721, 49.2079807 ], [ -123.0422732, 49.2081556 ], [ -123.0422597, 49.2081572 ], [ -123.0422587, 49.2081219 ], [ -123.0422584, 49.2081114 ], [ -123.0422563, 49.2080382 ], [ -123.0422573, 49.2071011 ] ] ] ] } },
{ "type": "Feature", "properties": { "name": "59153492", "population": 314, "population_density": 2665.5 }, "geometry": { "type": "MultiPolygon", "coordinates": [ [ [ [ -123.042534, 49.2052739 ], [ -123.0423256, 49.2041577 ], [ -123.047312, 49.2046459 ], [ -123.0475249, 49.2046437 ], [ -123.0506695, 49.2045714 ], [ -123.0550448, 49.2045708 ], [ -123.0563554, 49.2046536 ], [ -123.0564445, 49.2046597 ], [ -123.0565875, 49.2052943 ], [ -123.0565942, 49.2053294 ], [ -123.0566401, 49.2054428 ], [ -123.056756, 49.2056767 ], [ -123.0567666, 49.205695 ], [ -123.0567917, 49.2058102 ], [ -123.0567779, 49.2058106 ], [ -123.0552492, 49.2058572 ], [ -123.0543991, 49.205934 ], [ -123.0542099, 49.2059465 ], [ -123.053735, 49.205978 ], [ -123.0534964, 49.2059976 ], [ -123.0523521, 49.2060825 ], [ -123.052168, 49.2060985 ], [ -123.0508951, 49.2062092 ], [ -123.0504453, 49.2062483 ], [ -123.0502368, 49.2062656 ], [ -123.0476962, 49.2064757 ], [ -123.0440456, 49.2067657 ], [ -123.0432138, 49.2067925 ], [ -123.0422577, 49.2067878 ], [ -123.042272, 49.2065414 ], [ -123.0422934, 49.2060697 ], [ -123.0423011, 49.2059008 ], [ -123.0423061, 49.2057901 ], [ -123.042534, 49.2052739 ] ] ] ] } },
{ "type": "Feature", "properties": { "name": "59153498", "population": 767, "population_density": 9044.8 }, "geometry": { "type": "MultiPolygon", "coordinates": [ [ [ [ -123.0355318, 49.2345684 ], [ -123.0359302, 49.2341662 ], [ -123.0368896, 49.2346232 ], [ -123.0364912, 49.2350296 ], [ -123.0350283, 49.236522 ], [ -123.0346969, 49.23686 ], [ -123.0356399, 49.2372507 ], [ -123.03647, 49.2375825 ], [ -123.0361379, 49.23792 ], [ -123.0358166, 49.2382465 ], [ -123.0351037, 49.2390034 ], [ -123.0346629, 49.2394336 ], [ -123.0337236, 49.2390474 ], [ -123.0330075, 49.2387584 ], [ -123.0323373, 49.2384592 ], [ -123.0318487, 49.238241 ], [ -123.0324728, 49.2376068 ], [ -123.0325932, 49.2375498 ], [ -123.032631, 49.237495 ], [ -123.0330549, 49.2370679 ], [ -123.0331835, 49.2369383 ], [ -123.0336701, 49.236448 ], [ -123.0342961, 49.235816 ], [ -123.0346576, 49.2354511 ], [ -123.0352771, 49.2348256 ], [ -123.0355318, 49.2345684 ] ] ] ] } },
{ "type": "Feature", "properties": { "name": "59153499", "population": 1128, "population_density": 68363.6 }, "geometry": { "type": "MultiPolygon", "coordinates": [ [ [ [ -123.0303087, 49.2369755 ], [ -123.0306417, 49.2366313 ], [ -123.0320793, 49.2372564 ], [ -123.0325441, 49.2374584 ], [ -123.032631, 49.237495 ], [ -123.0325932, 49.2375498 ], [ -123.0324728, 49.2376068 ], [ -123.0318487, 49.238241 ], [ -123.0313707, 49.2380019 ], [ -123.0309054, 49.2377691 ], [ -123.030674, 49.2376721 ], [ -123.0299345, 49.2373622 ], [ -123.0300741, 49.2372179 ], [ -123.0303087, 49.2369755 ] ] ] ] } },
{ "type": "Feature", "properties": { "name": "59153500", "population": 401, "population_density": 11828.9 }, "geometry": { "type": "MultiPolygon", "coordinates": [ [ [ [ -123.0304501, 49.235527 ], [ -123.030456, 49.2351777 ], [ -123.0335896, 49.2364179 ], [ -123.0336701, 49.236448 ], [ -123.0331835, 49.2369383 ], [ -123.0330549, 49.2370679 ], [ -123.032631, 49.237495 ], [ -123.0325441, 49.2374584 ], [ -123.0320793, 49.2372564 ], [ -123.0306417, 49.2366313 ], [ -123.0297602, 49.2362242 ], [ -123.0298704, 49.2361128 ], [ -123.0303242, 49.2356543 ], [ -123.0304501, 49.235527 ] ] ] ] } },
{ "type": "Feature", "properties": { "name": "59153539", "population": 1199, "population_density": 7145.4 }, "geometry": { "type": "MultiPolygon", "coordinates": [ [ [ [ -123.026123, 49.2182216 ], [ -123.0258893, 49.218207 ], [ -123.0256023, 49.21832 ], [ -123.0255199, 49.2183524 ], [ -123.0254809, 49.2183678 ], [ -123.0252346, 49.2180989 ], [ -123.025126, 49.2178662 ], [ -123.0250616, 49.2174788 ], [ -123.0272801, 49.2174863 ], [ -123.0273137, 49.2174864 ], [ -123.0273039, 49.215768 ], [ -123.0273006, 49.2152007 ], [ -123.0273028, 49.215107 ], [ -123.0273397, 49.2151357 ], [ -123.0276803, 49.2151436 ], [ -123.0276021, 49.2148471 ], [ -123.0276248, 49.2147377 ], [ -123.0277784, 49.2139995 ], [ -123.0277182, 49.2139756 ], [ -123.0273033, 49.2138165 ], [ -123.0274193, 49.2133566 ], [ -123.0274555, 49.2133145 ], [ -123.0274863, 49.213091 ], [ -123.0274711, 49.2129212 ], [ -123.0273905, 49.2127659 ], [ -123.0273146, 49.2125584 ], [ -123.0272575, 49.2124856 ], [ -123.0272725, 49.2124221 ], [ -123.0271952, 49.2122362 ], [ -123.0268602, 49.2121747 ], [ -123.0265759, 49.2121993 ], [ -123.0264681, 49.2121891 ], [ -123.0264007, 49.2121494 ], [ -123.0263382, 49.212054 ], [ -123.0263019, 49.2119773 ], [ -123.0260582, 49.2117111 ], [ -123.0264553, 49.2115113 ], [ -123.026683, 49.2113843 ], [ -123.0268641, 49.2112343 ], [ -123.0270984, 49.2108543 ], [ -123.0272779, 49.2105584 ], [ -123.02858, 49.2109051 ], [ -123.0288077, 49.2109924 ], [ -123.0293126, 49.2113153 ], [ -123.0294746, 49.2115081 ], [ -123.0295511, 49.2115985 ], [ -123.0297035, 49.2118973 ], [ -123.0297268, 49.2121772 ], [ -123.0297156, 49.212675 ], [ -123.0297104, 49.2127776 ], [ -123.0297316, 49.2130673 ], [ -123.0297504, 49.2132469 ], [ -123.0297811, 49.2135393 ], [ -123.0298207, 49.2139165 ], [ -123.0298791, 49.214474 ], [ -123.0299883, 49.2150193 ], [ -123.030109, 49.2153209 ], [ -123.0302504, 49.2155995 ], [ -123.0303064, 49.2156893 ], [ -123.0304186, 49.2158429 ], [ -123.0307355, 49.2162768 ], [ -123.0311519, 49.2166756 ], [ -123.0298852, 49.2172758 ], [ -123.0297089, 49.2169206 ], [ -123.029648, 49.2168648 ], [ -123.0294795, 49.2168169 ], [ -123.0290226, 49.2167503 ], [ -123.0286875, 49.216732 ], [ -123.0284457, 49.2167569 ], [ -123.028315, 49.2168911 ], [ -123.0281887, 49.2170201 ], [ -123.0281778, 49.2173612 ], [ -123.0282068, 49.2175944 ], [ -123.0282791, 49.2177523 ], [ -123.0283717, 49.217871 ], [ -123.0285987, 49.2180124 ], [ -123.0289448, 49.2181805 ], [ -123.0287034, 49.2185207 ], [ -123.028619, 49.2185848 ], [ -123.0284769, 49.2186928 ], [ -123.0281778, 49.2187981 ], [ -123.0276675, 49.218902 ], [ -123.0274166, 49.2189194 ], [ -123.0270284, 49.2189159 ], [ -123.0266332, 49.2188708 ], [ -123.0269301, 49.2185213 ], [ -123.0269384, 49.2182846 ], [ -123.0269104, 49.2182029 ], [ -123.0269097, 49.2182009 ], [ -123.0263188, 49.2183576 ], [ -123.0262102, 49.2182528 ], [ -123.026123, 49.2182216 ] ] ] ] } },
{ "type": "Feature", "properties": { "name": "59153540", "population": 583, "population_density": 5789.5 }, "geometry": { "type": "MultiPolygon", "coordinates": [ [ [ [ -123.0236416, 49.216612 ], [ -123.0236393, 49.2157308 ], [ -123.023637, 49.2148289 ], [ -123.0236369, 49.2148036 ], [ -123.0236726, 49.2148038 ], [ -123.0238015, 49.2148046 ], [ -123.025512, 49.2148194 ], [ -123.0255613, 49.2148198 ], [ -123.0255856, 49.2145475 ], [ -123.0255624, 49.2143748 ], [ -123.0254657, 49.2138911 ], [ -123.02521, 49.2132777 ], [ -123.0254428, 49.2132418 ], [ -123.0254829, 49.2133439 ], [ -123.0255018, 49.2133921 ], [ -123.0256801, 49.2135448 ], [ -123.0260149, 49.2136945 ], [ -123.026286, 49.2137471 ], [ -123.026607, 49.2137505 ], [ -123.0270043, 49.2136534 ], [ -123.0272073, 49.2135473 ], [ -123.0273473, 49.2134403 ], [ -123.0274193, 49.2133566 ], [ -123.0273033, 49.2138165 ], [ -123.0277182, 49.2139756 ], [ -123.0277784, 49.2139995 ], [ -123.0276248, 49.2147377 ], [ -123.0276021, 49.2148471 ], [ -123.0276803, 49.2151436 ], [ -123.0273397, 49.2151357 ], [ -123.0273028, 49.215107 ], [ -123.0273006, 49.2152007 ], [ -123.0273039, 49.215768 ], [ -123.0273137, 49.2174864 ], [ -123.0272801, 49.2174863 ], [ -123.0250616, 49.2174788 ], [ -123.0245816, 49.2174728 ], [ -123.0238026, 49.2174648 ], [ -123.0236438, 49.2174738 ], [ -123.0236418, 49.216702 ], [ -123.0236416, 49.216612 ] ] ] ] } },
{ "type": "Feature", "properties": { "name": "59153552", "population": 950, "population_density": 3816.8 }, "geometry": { "type": "MultiPolygon", "coordinates": [ [ [ [ -123.1347471, 49.2042969 ], [ -123.1347797, 49.2033108 ], [ -123.1347821, 49.2032394 ], [ -123.134797, 49.2029984 ], [ -123.1348007, 49.2029395 ], [ -123.1348619, 49.2030136 ], [ -123.1354275, 49.2031638 ], [ -123.1351864, 49.2029574 ], [ -123.1350137, 49.2027096 ], [ -123.1350079, 49.2026902 ], [ -123.1349727, 49.2025725 ], [ -123.1349458, 49.2024825 ], [ -123.1349227, 49.2024054 ], [ -123.1349316, 49.2021507 ], [ -123.1349837, 49.2021512 ], [ -123.1352555, 49.2015035 ], [ -123.1353971, 49.2010542 ], [ -123.1352719, 49.2010373 ], [ -123.1351957, 49.2010272 ], [ -123.1355509, 49.2001428 ], [ -123.1356657, 49.1998569 ], [ -123.1359882, 49.1990755 ], [ -123.1366295, 49.1991349 ], [ -123.1402272, 49.2001973 ], [ -123.1408524, 49.2019135 ], [ -123.1408763, 49.2023831 ], [ -123.1408411, 49.202645 ], [ -123.1406606, 49.2039865 ], [ -123.1406398, 49.2040661 ], [ -123.1405727, 49.2043162 ], [ -123.1405611, 49.2043414 ], [ -123.1404672, 49.2045461 ], [ -123.1402725, 49.2049711 ], [ -123.1402747, 49.2049753 ], [ -123.1403509, 49.2051179 ], [ -123.1403824, 49.2051357 ], [ -123.1405284, 49.2052828 ], [ -123.1406292, 49.2054954 ], [ -123.1406315, 49.2057918 ], [ -123.1405858, 49.2070698 ], [ -123.1405564, 49.2079008 ], [ -123.1405533, 49.2079904 ], [ -123.140545, 49.2082229 ], [ -123.140534, 49.2085349 ], [ -123.1398774, 49.2085657 ], [ -123.1398228, 49.2085683 ], [ -123.1392102, 49.208597 ], [ -123.1392236, 49.2082157 ], [ -123.1392481, 49.2075157 ], [ -123.1392644, 49.2070491 ], [ -123.1392806, 49.2065805 ], [ -123.1393085, 49.2057756 ], [ -123.1385069, 49.2057631 ], [ -123.1377527, 49.2057514 ], [ -123.1369287, 49.2057384 ], [ -123.1362435, 49.2057276 ], [ -123.1362823, 49.204653 ], [ -123.1363574, 49.2045478 ], [ -123.135926, 49.2043796 ], [ -123.1355895, 49.2043184 ], [ -123.1355268, 49.2043168 ], [ -123.1347471, 49.2042969 ] ] ] ] } },
{ "type": "Feature", "properties": { "name": "59153553", "population": 565, "population_density": 17879.7 }, "geometry": { "type": "MultiPolygon", "coordinates": [ [ [ [ -123.1362145, 49.2065652 ], [ -123.1362435, 49.2057276 ], [ -123.1369287, 49.2057384 ], [ -123.1377527, 49.2057514 ], [ -123.1385069, 49.2057631 ], [ -123.1393085, 49.2057756 ], [ -123.1392806, 49.2065805 ], [ -123.1392644, 49.2070491 ], [ -123.1385113, 49.2070375 ], [ -123.137714, 49.2070251 ], [ -123.1361993, 49.2070019 ], [ -123.1362145, 49.2065652 ] ] ] ] } },
{ "type": "Feature", "properties": { "name": "59153562", "population": 387, "population_density": 7385.5 }, "geometry": { "type": "MultiPolygon", "coordinates": [ [ [ [ -123.1172933, 49.2734126 ], [ -123.1167271, 49.2732362 ], [ -123.1161417, 49.273171 ], [ -123.1153833, 49.2732138 ], [ -123.1150761, 49.2733813 ], [ -123.1148921, 49.273534 ], [ -123.114832, 49.2733522 ], [ -123.1147114, 49.2733913 ], [ -123.1147219, 49.2731772 ], [ -123.1147373, 49.2725836 ], [ -123.114885, 49.2725329 ], [ -123.1166708, 49.2725401 ], [ -123.1167964, 49.2725572 ], [ -123.1168237, 49.2727736 ], [ -123.1180465, 49.2727808 ], [ -123.1180473, 49.272691 ], [ -123.1170992, 49.2726925 ], [ -123.1170975, 49.2723236 ], [ -123.1171931, 49.2723321 ], [ -123.117195, 49.2726469 ], [ -123.1175115, 49.2726469 ], [ -123.1175508, 49.2723862 ], [ -123.1176463, 49.2723948 ], [ -123.1176485, 49.2726554 ], [ -123.1180043, 49.2726554 ], [ -123.1180037, 49.2721698 ], [ -123.1181408, 49.2721512 ], [ -123.1182239, 49.2723848 ], [ -123.1183352, 49.2723848 ], [ -123.118335, 49.2726996 ], [ -123.1186384, 49.2726996 ], [ -123.1186794, 49.2724475 ], [ -123.1186782, 49.272691 ], [ -123.1188986, 49.272691 ], [ -123.1188977, 49.2725201 ], [ -123.1190086, 49.2725287 ], [ -123.1190085, 49.2727167 ], [ -123.1191873, 49.2727437 ], [ -123.1194217, 49.2725814 ], [ -123.1193667, 49.2724019 ], [ -123.1195164, 49.272231 ], [ -123.1194332, 49.2721854 ], [ -123.1192563, 49.2723122 ], [ -123.1194195, 49.2721598 ], [ -123.1193232, 49.2721142 ], [ -123.1191586, 49.2722039 ], [ -123.1190893, 49.2721683 ], [ -123.1192689, 49.2720601 ], [ -123.1191583, 49.2719974 ], [ -123.1189946, 49.2720971 ], [ -123.1191027, 49.2719533 ], [ -123.1190344, 49.2718892 ], [ -123.1188969, 49.2719889 ], [ -123.1188146, 49.2719533 ], [ -123.11968, 49.2713765 ], [ -123.1195287, 49.2712512 ], [ -123.1195409, 49.2710802 ], [ -123.1197196, 49.270962 ], [ -123.1199109, 49.2708638 ], [ -123.1204072, 49.270962 ], [ -123.1205392, 49.2708937 ], [ -123.1206294, 49.271035 ], [ -123.1213982, 49.2719873 ], [ -123.11979, 49.2729919 ], [ -123.1194032, 49.2732023 ], [ -123.1188802, 49.2734144 ], [ -123.1183561, 49.2735121 ], [ -123.117732, 49.2734954 ], [ -123.1175897, 49.2734685 ], [ -123.1172933, 49.2734126 ] ] ] ] } },
{ "type": "Feature", "properties": { "name": "59153578", "population": 698, "population_density": 3221.0 }, "geometry": { "type": "MultiPolygon", "coordinates": [ [ [ [ -123.1065876, 49.2871968 ], [ -123.1054139, 49.2868552 ], [ -123.1057179, 49.2863588 ], [ -123.1055043, 49.2863407 ], [ -123.1040547, 49.2860956 ], [ -123.1037128, 49.2863546 ], [ -123.1033932, 49.2863456 ], [ -123.1032307, 49.2864768 ], [ -123.1030649, 49.2863955 ], [ -123.1032569, 49.2863005 ], [ -123.1031201, 49.2859769 ], [ -123.1031638, 49.285683 ], [ -123.1028437, 49.2853957 ], [ -123.1022133, 49.2853191 ], [ -123.1014822, 49.2853798 ], [ -123.1012298, 49.2855052 ], [ -123.100883, 49.2855151 ], [ -123.1010393, 49.2860362 ], [ -123.1012407, 49.2866993 ], [ -123.0997375, 49.2865101 ], [ -123.0997991, 49.2856788 ], [ -123.0994556, 49.2853676 ], [ -123.0990699, 49.2850584 ], [ -123.0991762, 49.2848555 ], [ -123.0991462, 49.2847646 ], [ -123.0991664, 49.2846523 ], [ -123.0991799, 49.2845773 ], [ -123.0994438, 49.2842484 ], [ -123.0994912, 49.2841047 ], [ -123.1002527, 49.2840881 ], [ -123.1004546, 49.2840837 ], [ -123.102162, 49.2837918 ], [ -123.103787, 49.283476 ], [ -123.1039866, 49.2833763 ], [ -123.1040026, 49.2833683 ], [ -123.1040137, 49.2833736 ], [ -123.1042229, 49.2834733 ], [ -123.1045443, 49.2835639 ], [ -123.1064136, 49.2838923 ], [ -123.1065111, 49.2836466 ], [ -123.1066093, 49.2833994 ], [ -123.106794, 49.2829279 ], [ -123.1072874, 49.283013 ], [ -123.1075719, 49.2830621 ], [ -123.1078518, 49.2831103 ], [ -123.108544, 49.2832297 ], [ -123.1088401, 49.2833295 ], [ -123.1091529, 49.2835378 ], [ -123.1090428, 49.283801 ], [ -123.1090236, 49.2838469 ], [ -123.1088229, 49.2843108 ], [ -123.1086756, 49.2846447 ], [ -123.108728, 49.2849672 ], [ -123.1087574, 49.2851857 ], [ -123.1087859, 49.2853969 ], [ -123.1088126, 49.2855953 ], [ -123.1088423, 49.2858162 ], [ -123.1088729, 49.2860433 ], [ -123.108698, 49.2863167 ], [ -123.1074614, 49.2866681 ], [ -123.1070004, 49.2866251 ], [ -123.1065876, 49.2871968 ] ] ], [ [ [ -123.0995886, 49.2882874 ], [ -123.0996776, 49.2877568 ], [ -123.1001648, 49.2880228 ], [ -123.1002707, 49.2884974 ], [ -123.100092, 49.2893065 ], [ -123.100127, 49.2902183 ], [ -123.0991245, 49.2902673 ], [ -123.0995886, 49.2882874 ] ] ] ] } },
{ "type": "Feature", "properties": { "name": "59153579", "population": 450, "population_density": 27108.4 }, "geometry": { "type": "MultiPolygon", "coordinates": [ [ [ [ -123.0994912, 49.2841047 ], [ -123.0995268, 49.283637 ], [ -123.0995607, 49.2831923 ], [ -123.1002659, 49.2832054 ], [ -123.1003071, 49.2832062 ], [ -123.102184, 49.2832411 ], [ -123.1021697, 49.2835985 ], [ -123.102162, 49.2837918 ], [ -123.1004546, 49.2840837 ], [ -123.1002527, 49.2840881 ], [ -123.0994912, 49.2841047 ] ] ] ] } },
{ "type": "Feature", "properties": { "name": "59153580", "population": 924, "population_density": 22814.8 }, "geometry": { "type": "MultiPolygon", "coordinates": [ [ [ [ -123.1040137, 49.2833736 ], [ -123.1040026, 49.2833683 ], [ -123.1039866, 49.2833763 ], [ -123.103787, 49.283476 ], [ -123.102162, 49.2837918 ], [ -123.1021697, 49.2835985 ], [ -123.102184, 49.2832411 ], [ -123.1022034, 49.2828164 ], [ -123.1022249, 49.282346 ], [ -123.1035784, 49.2823499 ], [ -123.1042674, 49.2824296 ], [ -123.106794, 49.2829279 ], [ -123.1066093, 49.2833994 ], [ -123.1065111, 49.2836466 ], [ -123.1064136, 49.2838923 ], [ -123.1045443, 49.2835639 ], [ -123.1042229, 49.2834733 ], [ -123.1040137, 49.2833736 ] ] ] ] } },
{ "type": "Feature", "properties": { "name": "59153581", "population": 846, "population_density": 21804.1 }, "geometry": { "type": "MultiPolygon", "coordinates": [ [ [ [ -123.0996309, 49.282289 ], [ -123.0996871, 49.2813474 ], [ -123.1022633, 49.2814013 ], [ -123.1022431, 49.2818989 ], [ -123.1022249, 49.282346 ], [ -123.1022034, 49.2828164 ], [ -123.102184, 49.2832411 ], [ -123.1003071, 49.2832062 ], [ -123.1002659, 49.2832054 ], [ -123.0995607, 49.2831923 ], [ -123.0996309, 49.282289 ] ] ] ] } },
{ "type": "Feature", "properties": { "name": "59153582", "population": 1078, "population_density": 29056.6 }, "geometry": { "type": "MultiPolygon", "coordinates": [ [ [ [ -123.1022431, 49.2818989 ], [ -123.1022633, 49.2814013 ], [ -123.1038528, 49.2814331 ], [ -123.1043271, 49.2814747 ], [ -123.1047461, 49.2815518 ], [ -123.107194, 49.2820019 ], [ -123.1069855, 49.2824845 ], [ -123.106794, 49.2829279 ], [ -123.1042674, 49.2824296 ], [ -123.1035784, 49.2823499 ], [ -123.1022249, 49.282346 ], [ -123.1022431, 49.2818989 ] ] ] ] } },
{ "type": "Feature", "properties": { "name": "59153583", "population": 1093, "population_density": 27601.0 }, "geometry": { "type": "MultiPolygon", "coordinates": [ [ [ [ -123.1044527, 49.2794064 ], [ -123.1044647, 49.2792266 ], [ -123.1049101, 49.2792889 ], [ -123.1050392, 49.279307 ], [ -123.1061131, 49.2794572 ], [ -123.1058492, 49.2800968 ], [ -123.1057742, 49.280278 ], [ -123.1055952, 49.2807097 ], [ -123.1062125, 49.2808202 ], [ -123.1075836, 49.2810657 ], [ -123.1073659, 49.281589 ], [ -123.107194, 49.2820019 ], [ -123.1047461, 49.2815518 ], [ -123.1043271, 49.2814747 ], [ -123.1043521, 49.2810295 ], [ -123.1043788, 49.2804925 ], [ -123.1044006, 49.2801877 ], [ -123.1044527, 49.2794064 ] ] ] ] } },
{ "type": "Feature", "properties": { "name": "59153584", "population": 1876, "population_density": 19664.6 }, "geometry": { "type": "MultiPolygon", "coordinates": [ [ [ [ -123.1073659, 49.281589 ], [ -123.1075836, 49.2810657 ], [ -123.108459, 49.2812206 ], [ -123.109758, 49.2814581 ], [ -123.1100663, 49.2815609 ], [ -123.1109564, 49.2821198 ], [ -123.1119224, 49.2827635 ], [ -123.1122372, 49.2829818 ], [ -123.112377, 49.2830786 ], [ -123.1124261, 49.2831127 ], [ -123.1128644, 49.2834165 ], [ -123.1119084, 49.2840466 ], [ -123.1114332, 49.2843644 ], [ -123.1109188, 49.2847083 ], [ -123.1108914, 49.2847031 ], [ -123.1088229, 49.2843108 ], [ -123.1090236, 49.2838469 ], [ -123.1090428, 49.283801 ], [ -123.1091529, 49.2835378 ], [ -123.1088401, 49.2833295 ], [ -123.108544, 49.2832297 ], [ -123.1078518, 49.2831103 ], [ -123.1075719, 49.2830621 ], [ -123.1072874, 49.283013 ], [ -123.106794, 49.2829279 ], [ -123.1069855, 49.2824845 ], [ -123.107194, 49.2820019 ], [ -123.1073659, 49.281589 ] ] ] ] } },
{ "type": "Feature", "properties": { "name": "59153585", "population": 730, "population_density": 5721.0 }, "geometry": { "type": "MultiPolygon", "coordinates": [ [ [ [ -123.099768, 49.2770864 ], [ -123.0997817, 49.276758 ], [ -123.0999298, 49.2767629 ], [ -123.1011875, 49.2768629 ], [ -123.1012999, 49.2768718 ], [ -123.1021386, 49.2769754 ], [ -123.102139, 49.2771231 ], [ -123.1021277, 49.2773255 ], [ -123.102126, 49.2775065 ], [ -123.1021206, 49.2775918 ], [ -123.1021195, 49.2776098 ], [ -123.1021174, 49.277644 ], [ -123.1021175, 49.2777348 ], [ -123.1021186, 49.2785803 ], [ -123.1021192, 49.2790447 ], [ -123.102155, 49.2792862 ], [ -123.1025444, 49.2792111 ], [ -123.1044647, 49.2792266 ], [ -123.1044527, 49.2794064 ], [ -123.1044006, 49.2801877 ], [ -123.1043788, 49.2804925 ], [ -123.1043521, 49.2810295 ], [ -123.1043271, 49.2814747 ], [ -123.1038528, 49.2814331 ], [ -123.1022633, 49.2814013 ], [ -123.0996871, 49.2813474 ], [ -123.0996994, 49.2803813 ], [ -123.0997377, 49.2794825 ], [ -123.0997715, 49.2785691 ], [ -123.0998116, 49.2780811 ], [ -123.0997863, 49.2780613 ], [ -123.0997199, 49.2780093 ], [ -123.099721, 49.2776851 ], [ -123.0997222, 49.2776741 ], [ -123.0997336, 49.277571 ], [ -123.0997629, 49.2772791 ], [ -123.099768, 49.2770864 ] ] ] ] } },
{ "type": "Feature", "properties": { "name": "59153586", "population": 1171, "population_density": 297.9 }, "geometry": { "type": "MultiPolygon", "coordinates": [ [ [ [ -123.1472152, 49.3131186 ], [ -123.1459901, 49.313291 ], [ -123.1450567, 49.3136342 ], [ -123.1439293, 49.3138421 ], [ -123.1414247, 49.3140785 ], [ -123.141261, 49.3140244 ], [ -123.1410658, 49.3135758 ], [ -123.1408597, 49.3133963 ], [ -123.140198, 49.3133152 ], [ -123.1397997, 49.3131087 ], [ -123.1393985, 49.3127227 ], [ -123.1388603, 49.3118511 ], [ -123.1377698, 49.311025 ], [ -123.1366127, 49.3098472 ], [ -123.1363074, 49.3091736 ], [ -123.1356709, 49.3082293 ], [ -123.1355162, 49.307033 ], [ -123.1351858, 49.3068265 ], [ -123.1333407, 49.3061642 ], [ -123.1322253, 49.3053097 ], [ -123.1319218, 49.3051673 ], [ -123.1317689, 49.3050135 ], [ -123.1317004, 49.3045193 ], [ -123.1312037, 49.3040251 ], [ -123.1309538, 49.3035309 ], [ -123.1303222, 49.303424 ], [ -123.1294263, 49.3027945 ], [ -123.1292195, 49.3027319 ], [ -123.1274581, 49.3025453 ], [ -123.1265646, 49.3027262 ], [ -123.1263725, 49.3026991 ], [ -123.1253787, 49.3017734 ], [ -123.1242764, 49.3011268 ], [ -123.1231889, 49.3006426 ], [ -123.1211665, 49.2999974 ], [ -123.1198865, 49.2998094 ], [ -123.118909, 49.2998194 ], [ -123.1184696, 49.3000273 ], [ -123.1177154, 49.3006853 ], [ -123.1172621, 49.3008832 ], [ -123.1168112, 49.3008593 ], [ -123.1167533, 49.3008562 ], [ -123.1163661, 49.3004617 ], [ -123.116368, 49.3004454 ], [ -123.1165945, 49.2985091 ], [ -123.116801, 49.2981844 ], [ -123.1174334, 49.2978867 ], [ -123.1188089, 49.2978682 ], [ -123.1194672, 49.2974096 ], [ -123.1203919, 49.2962831 ], [ -123.1207876, 49.295937 ], [ -123.1222396, 49.2950696 ], [ -123.1229021, 49.2951565 ], [ -123.1239734, 49.2950468 ], [ -123.124016, 49.2958743 ], [ -123.1239061, 49.2962788 ], [ -123.1239086, 49.2969539 ], [ -123.1239664, 49.2975933 ], [ -123.124159, 49.2977001 ], [ -123.1251627, 49.2977172 ], [ -123.1259055, 49.2975093 ], [ -123.1266332, 49.2970592 ], [ -123.127415, 49.2961492 ], [ -123.1276475, 49.2960053 ], [ -123.1281147, 49.2959056 ], [ -123.1284164, 49.2959512 ], [ -123.1291466, 49.2964184 ], [ -123.1300033, 49.2974965 ], [ -123.1304846, 49.2976218 ], [ -123.1310348, 49.2975221 ], [ -123.1321602, 49.2968641 ], [ -123.1324225, 49.29681 ], [ -123.1329597, 49.2969254 ], [ -123.1336339, 49.296961 ], [ -123.1339071, 49.2969069 ], [ -123.1340173, 49.296763 ], [ -123.1344581, 49.2967174 ], [ -123.1344426, 49.2966448 ], [ -123.1349516, 49.2966177 ], [ -123.1351451, 49.2964924 ], [ -123.1354868, 49.2960016 ], [ -123.1355998, 49.2959596 ], [ -123.1357145, 49.2953068 ], [ -123.1355079, 49.2951791 ], [ -123.135216, 49.2951964 ], [ -123.1350166, 49.2952359 ], [ -123.1347033, 49.2953306 ], [ -123.1346375, 49.2953505 ], [ -123.134378, 49.2952715 ], [ -123.1341426, 49.2951538 ], [ -123.1338563, 49.2950418 ], [ -123.1337199, 49.2949319 ], [ -123.1335846, 49.294676 ], [ -123.1337295, 49.2945586 ], [ -123.1337846, 49.2944786 ], [ -123.1337234, 49.2944152 ], [ -123.1333349, 49.2942237 ], [ -123.1329652, 49.2940439 ], [ -123.1328044, 49.2939607 ], [ -123.1326703, 49.2938197 ], [ -123.1325584, 49.293683 ], [ -123.1324873, 49.2935919 ], [ -123.1324394, 49.2935765 ], [ -123.1325735, 49.2934754 ], [ -123.1325133, 49.2934443 ], [ -123.1327803, 49.2932627 ], [ -123.1330945, 49.293049 ], [ -123.1334409, 49.2928129 ], [ -123.1337188, 49.2926234 ], [ -123.1343984, 49.2921929 ], [ -123.1354762, 49.2914793 ], [ -123.1370271, 49.2924743 ], [ -123.1365579, 49.2927897 ], [ -123.1359687, 49.2931857 ], [ -123.1373199, 49.2940771 ], [ -123.1378535, 49.2937328 ], [ -123.1382047, 49.2935061 ], [ -123.138362, 49.2934067 ], [ -123.1388583, 49.2930699 ], [ -123.1389078, 49.2930363 ], [ -123.1394438, 49.2926725 ], [ -123.1399833, 49.2923183 ], [ -123.140504, 49.2919764 ], [ -123.1417018, 49.2928349 ], [ -123.1418309, 49.2929275 ], [ -123.1418402, 49.2929341 ], [ -123.1427494, 49.2930798 ], [ -123.1437711, 49.2925168 ], [ -123.1434582, 49.2923978 ], [ -123.1434315, 49.2923854 ], [ -123.1438507, 49.292096 ], [ -123.1439575, 49.2920224 ], [ -123.1444172, 49.2918778 ], [ -123.1449138, 49.291386 ], [ -123.1449345, 49.291341 ], [ -123.1449556, 49.2906928 ], [ -123.1457381, 49.2904274 ], [ -123.146394, 49.2900968 ], [ -123.146576, 49.2899992 ], [ -123.1465407, 49.2900108 ], [ -123.1472285, 49.2897844 ], [ -123.1473939, 49.2899197 ], [ -123.1474898, 49.2903156 ], [ -123.1480007, 49.2909266 ], [ -123.1496148, 49.2922283 ], [ -123.150152, 49.2928393 ], [ -123.1501705, 49.2941439 ], [ -123.1503909, 49.2946822 ], [ -123.150641, 49.2949799 ], [ -123.1517002, 49.2954371 ], [ -123.1521824, 49.2952918 ], [ -123.1524712, 49.2952833 ], [ -123.1528552, 49.2954798 ], [ -123.1534504, 49.2966847 ], [ -123.1544718, 49.2976546 ], [ -123.1547618, 49.2976631 ], [ -123.1560382, 49.2973384 ], [ -123.1566575, 49.2973555 ], [ -123.157747, 49.2977941 ], [ -123.1579117, 49.2979195 ], [ -123.1582983, 49.2985846 ], [ -123.1583823, 49.2989634 ], [ -123.1582616, 49.3001142 ], [ -123.1585261, 49.3007252 ], [ -123.15883, 49.301067 ], [ -123.1588303, 49.3011318 ], [ -123.1588308, 49.3012194 ], [ -123.1584457, 49.3014629 ], [ -123.1574843, 49.301725 ], [ -123.1570444, 49.3022035 ], [ -123.1568579, 49.3037587 ], [ -123.1565717, 49.3048126 ], [ -123.1564648, 49.3059549 ], [ -123.1561799, 49.306845 ], [ -123.1561286, 49.3082934 ], [ -123.1560206, 49.3086181 ], [ -123.1558555, 49.3087435 ], [ -123.1543575, 49.3092505 ], [ -123.1538487, 49.3096464 ], [ -123.1528334, 49.3100879 ], [ -123.1526145, 49.3104311 ], [ -123.1525882, 49.3110507 ], [ -123.1523694, 49.3113398 ], [ -123.151683, 49.3118254 ], [ -123.15148, 49.3119187 ], [ -123.1497997, 49.3126914 ], [ -123.1486308, 49.3127839 ], [ -123.1472152, 49.3131186 ] ] ] ] } },
{ "type": "Feature", "properties": { "name": "59153587", "population": 753, "population_density": 49539.5 }, "geometry": { "type": "MultiPolygon", "coordinates": [ [ [ [ -123.1365579, 49.2927897 ], [ -123.1370271, 49.2924743 ], [ -123.138362, 49.2934067 ], [ -123.1382047, 49.2935061 ], [ -123.1378535, 49.2937328 ], [ -123.1373199, 49.2940771 ], [ -123.1359687, 49.2931857 ], [ -123.1365579, 49.2927897 ] ] ] ] } },
{ "type": "Feature", "properties": { "name": "59153588", "population": 920, "population_density": 28048.8 }, "geometry": { "type": "MultiPolygon", "coordinates": [ [ [ [ -123.1360321, 49.2911082 ], [ -123.1365271, 49.2907776 ], [ -123.1380544, 49.2917699 ], [ -123.1380614, 49.2917744 ], [ -123.1394438, 49.2926725 ], [ -123.1389078, 49.2930363 ], [ -123.1388583, 49.2930699 ], [ -123.138362, 49.2934067 ], [ -123.1370271, 49.2924743 ], [ -123.1354762, 49.2914793 ], [ -123.1360051, 49.2911262 ], [ -123.1360321, 49.2911082 ] ] ] ] } },
{ "type": "Feature", "properties": { "name": "59153589", "population": 936, "population_density": 28536.6 }, "geometry": { "type": "MultiPolygon", "coordinates": [ [ [ [ -123.1370576, 49.2904107 ], [ -123.1375494, 49.2900706 ], [ -123.1391296, 49.2910826 ], [ -123.140504, 49.2919764 ], [ -123.1399833, 49.2923183 ], [ -123.1394438, 49.2926725 ], [ -123.1380614, 49.2917744 ], [ -123.1380544, 49.2917699 ], [ -123.1365271, 49.2907776 ], [ -123.1370286, 49.2904308 ], [ -123.1370576, 49.2904107 ] ] ] ] } },
{ "type": "Feature", "properties": { "name": "59153590", "population": 434, "population_density": 24659.1 }, "geometry": { "type": "MultiPolygon", "coordinates": [ [ [ [ -123.1401967, 49.290384 ], [ -123.1396742, 49.2907261 ], [ -123.1396473, 49.2907437 ], [ -123.1391296, 49.2910826 ], [ -123.1375494, 49.2900706 ], [ -123.1380421, 49.2897517 ], [ -123.1380786, 49.2897281 ], [ -123.1386161, 49.2893802 ], [ -123.1401967, 49.290384 ] ] ] ] } },
{ "type": "Feature", "properties": { "name": "59153591", "population": 871, "population_density": 22623.4 }, "geometry": { "type": "MultiPolygon", "coordinates": [ [ [ [ -123.1396742, 49.2907261 ], [ -123.1401967, 49.290384 ], [ -123.1415688, 49.2912715 ], [ -123.1428379, 49.2920992 ], [ -123.1428929, 49.2921351 ], [ -123.1431503, 49.2922547 ], [ -123.1434315, 49.2923854 ], [ -123.1434582, 49.2923978 ], [ -123.1437711, 49.2925168 ], [ -123.1427494, 49.2930798 ], [ -123.1418402, 49.2929341 ], [ -123.1418309, 49.2929275 ], [ -123.1417018, 49.2928349 ], [ -123.140504, 49.2919764 ], [ -123.1391296, 49.2910826 ], [ -123.1396473, 49.2907437 ], [ -123.1396742, 49.2907261 ] ] ] ] } },
{ "type": "Feature", "properties": { "name": "59153668", "population": 366, "population_density": 23018.9 }, "geometry": { "type": "MultiPolygon", "coordinates": [ [ [ [ -123.129948, 49.2879189 ], [ -123.1285369, 49.2870014 ], [ -123.1290404, 49.2866588 ], [ -123.12957, 49.2862984 ], [ -123.1310092, 49.2872067 ], [ -123.1304738, 49.287566 ], [ -123.129948, 49.2879189 ] ] ] ] } },
{ "type": "Feature", "properties": { "name": "59153669", "population": 513, "population_density": 30000.0 }, "geometry": { "type": "MultiPolygon", "coordinates": [ [ [ [ -123.1285369, 49.2870014 ], [ -123.1269581, 49.2859731 ], [ -123.1275239, 49.2856331 ], [ -123.1280431, 49.285321 ], [ -123.12957, 49.2862984 ], [ -123.1290404, 49.2866588 ], [ -123.1285369, 49.2870014 ] ] ] ] } },
{ "type": "Feature", "properties": { "name": "59153670", "population": 705, "population_density": 41964.3 }, "geometry": { "type": "MultiPolygon", "coordinates": [ [ [ [ -123.12957, 49.2862984 ], [ -123.1280431, 49.285321 ], [ -123.1286134, 49.2849521 ], [ -123.1290969, 49.2846393 ], [ -123.1306336, 49.2856133 ], [ -123.1301068, 49.2859526 ], [ -123.12957, 49.2862984 ] ] ] ] } },
{ "type": "Feature", "properties": { "name": "59153671", "population": 419, "population_density": 26687.9 }, "geometry": { "type": "MultiPolygon", "coordinates": [ [ [ [ -123.1310092, 49.2872067 ], [ -123.12957, 49.2862984 ], [ -123.1301068, 49.2859526 ], [ -123.1306336, 49.2856133 ], [ -123.1320553, 49.2865157 ], [ -123.13153, 49.2868627 ], [ -123.1310092, 49.2872067 ] ] ] ] } },
{ "type": "Feature", "properties": { "name": "59153672", "population": 657, "population_density": 41062.5 }, "geometry": { "type": "MultiPolygon", "coordinates": [ [ [ [ -123.1320553, 49.2865157 ], [ -123.1306336, 49.2856133 ], [ -123.1311952, 49.2852437 ], [ -123.1317254, 49.2848947 ], [ -123.1331147, 49.2857873 ], [ -123.1325742, 49.286159 ], [ -123.1320553, 49.2865157 ] ] ] ] } },
{ "type": "Feature", "properties": { "name": "59153673", "population": 669, "population_density": 37374.3 }, "geometry": { "type": "MultiPolygon", "coordinates": [ [ [ [ -123.1306336, 49.2856133 ], [ -123.1290969, 49.2846393 ], [ -123.1296356, 49.2842718 ], [ -123.1301975, 49.2838885 ], [ -123.1317254, 49.2848947 ], [ -123.1311952, 49.2852437 ], [ -123.1306336, 49.2856133 ] ] ] ] } },
{ "type": "Feature", "properties": { "name": "59153674", "population": 620, "population_density": 35838.2 }, "geometry": { "type": "MultiPolygon", "coordinates": [ [ [ [ -123.1327966, 49.2841972 ], [ -123.1317254, 49.2848947 ], [ -123.1301975, 49.2838885 ], [ -123.1307143, 49.2835473 ], [ -123.1312464, 49.2831959 ], [ -123.1327966, 49.2841972 ] ] ] ] } },
{ "type": "Feature", "properties": { "name": "59153675", "population": 727, "population_density": 41073.4 }, "geometry": { "type": "MultiPolygon", "coordinates": [ [ [ [ -123.1338857, 49.28352 ], [ -123.1332763, 49.2838989 ], [ -123.1327966, 49.2841972 ], [ -123.1312464, 49.2831959 ], [ -123.1317307, 49.2828719 ], [ -123.1321711, 49.2825773 ], [ -123.1323254, 49.2825274 ], [ -123.1327325, 49.2827444 ], [ -123.1338857, 49.28352 ] ] ] ] } },
{ "type": "Feature", "properties": { "name": "59153676", "population": 832, "population_density": 26838.7 }, "geometry": { "type": "MultiPolygon", "coordinates": [ [ [ [ -123.1332763, 49.2838989 ], [ -123.1338857, 49.28352 ], [ -123.1352397, 49.2844062 ], [ -123.1347618, 49.2847221 ], [ -123.134718, 49.284751 ], [ -123.1342008, 49.2850928 ], [ -123.1337063, 49.285422 ], [ -123.133494, 49.2855531 ], [ -123.1331147, 49.2857873 ], [ -123.1317254, 49.2848947 ], [ -123.1327966, 49.2841972 ], [ -123.1332763, 49.2838989 ] ] ] ] } },
{ "type": "Feature", "properties": { "name": "59153677", "population": 412, "population_density": 26753.2 }, "geometry": { "type": "MultiPolygon", "coordinates": [ [ [ [ -123.1363037, 49.283712 ], [ -123.1358181, 49.2840289 ], [ -123.1357567, 49.2840689 ], [ -123.1356232, 49.284156 ], [ -123.1352397, 49.2844062 ], [ -123.1338857, 49.28352 ], [ -123.1343739, 49.2831839 ], [ -123.1349163, 49.2828105 ], [ -123.1363037, 49.283712 ] ] ] ] } },
{ "type": "Feature", "properties": { "name": "59153678", "population": 604, "population_density": 34712.6 }, "geometry": { "type": "MultiPolygon", "coordinates": [ [ [ [ -123.1349163, 49.2828105 ], [ -123.1343739, 49.2831839 ], [ -123.1338857, 49.28352 ], [ -123.1327325, 49.2827444 ], [ -123.1323254, 49.2825274 ], [ -123.1322635, 49.2824393 ], [ -123.1324129, 49.2824 ], [ -123.1328113, 49.2821483 ], [ -123.132839, 49.2821308 ], [ -123.1333526, 49.2818062 ], [ -123.1349163, 49.2828105 ] ] ] ] } },
{ "type": "Feature", "properties": { "name": "59153679", "population": 694, "population_density": 9612.2 }, "geometry": { "type": "MultiPolygon", "coordinates": [ [ [ [ -123.1301975, 49.2838885 ], [ -123.1291532, 49.2832091 ], [ -123.128048, 49.2824902 ], [ -123.1285932, 49.2821284 ], [ -123.1290971, 49.281794 ], [ -123.1295856, 49.2814736 ], [ -123.1301528, 49.2811015 ], [ -123.130673, 49.2807498 ], [ -123.1312142, 49.2803839 ], [ -123.1333526, 49.2818062 ], [ -123.132839, 49.2821308 ], [ -123.1328113, 49.2821483 ], [ -123.1324129, 49.2824 ], [ -123.1322635, 49.2824393 ], [ -123.1323254, 49.2825274 ], [ -123.1321711, 49.2825773 ], [ -123.1317307, 49.2828719 ], [ -123.1312464, 49.2831959 ], [ -123.1307143, 49.2835473 ], [ -123.1301975, 49.2838885 ] ] ] ] } },
{ "type": "Feature", "properties": { "name": "59153680", "population": 758, "population_density": 29725.5 }, "geometry": { "type": "MultiPolygon", "coordinates": [ [ [ [ -123.1275831, 49.2827942 ], [ -123.128048, 49.2824902 ], [ -123.1291532, 49.2832091 ], [ -123.1301975, 49.2838885 ], [ -123.1296356, 49.2842718 ], [ -123.1290969, 49.2846393 ], [ -123.1269365, 49.2832172 ], [ -123.1274488, 49.2828821 ], [ -123.1275831, 49.2827942 ] ] ] ] } },
{ "type": "Feature", "properties": { "name": "59153681", "population": 966, "population_density": 40588.2 }, "geometry": { "type": "MultiPolygon", "coordinates": [ [ [ [ -123.1264001, 49.2835721 ], [ -123.1269365, 49.2832172 ], [ -123.1290969, 49.2846393 ], [ -123.1286134, 49.2849521 ], [ -123.1280431, 49.285321 ], [ -123.1259118, 49.2838952 ], [ -123.1264001, 49.2835721 ] ] ] ] } },
{ "type": "Feature", "properties": { "name": "59153682", "population": 741, "population_density": 14087.5 }, "geometry": { "type": "MultiPolygon", "coordinates": [ [ [ [ -123.1233598, 49.282919 ], [ -123.1244224, 49.2822253 ], [ -123.1247482, 49.2824465 ], [ -123.1251504, 49.282986 ], [ -123.1254864, 49.2836182 ], [ -123.1259118, 49.2838952 ], [ -123.1280431, 49.285321 ], [ -123.1275239, 49.2856331 ], [ -123.1269581, 49.2859731 ], [ -123.1248483, 49.2845992 ], [ -123.1228039, 49.2832819 ], [ -123.1233598, 49.282919 ] ] ] ] } },
{ "type": "Feature", "properties": { "name": "59153683", "population": 1353, "population_density": 34080.6 }, "geometry": { "type": "MultiPolygon", "coordinates": [ [ [ [ -123.1254307, 49.2815842 ], [ -123.1260379, 49.2811947 ], [ -123.128048, 49.2824902 ], [ -123.1275831, 49.2827942 ], [ -123.1274488, 49.2828821 ], [ -123.1269365, 49.2832172 ], [ -123.1264001, 49.2835721 ], [ -123.1259118, 49.2838952 ], [ -123.1254864, 49.2836182 ], [ -123.1251504, 49.282986 ], [ -123.1247482, 49.2824465 ], [ -123.1244224, 49.2822253 ], [ -123.1249688, 49.2818805 ], [ -123.1254307, 49.2815842 ] ] ] ] } },
{ "type": "Feature", "properties": { "name": "59153684", "population": 769, "population_density": 11308.8 }, "geometry": { "type": "MultiPolygon", "coordinates": [ [ [ [ -123.1286479, 49.2794341 ], [ -123.1291828, 49.2790779 ], [ -123.1312142, 49.2803839 ], [ -123.130673, 49.2807498 ], [ -123.1301528, 49.2811015 ], [ -123.1295856, 49.2814736 ], [ -123.1290971, 49.281794 ], [ -123.1285932, 49.2821284 ], [ -123.128048, 49.2824902 ], [ -123.1260379, 49.2811947 ], [ -123.1270786, 49.2804793 ], [ -123.1272322, 49.2803769 ], [ -123.1274251, 49.2802485 ], [ -123.1276247, 49.2801155 ], [ -123.1286259, 49.2794487 ], [ -123.1286479, 49.2794341 ] ] ] ] } },
{ "type": "Feature", "properties": { "name": "59153685", "population": 507, "population_density": 32088.6 }, "geometry": { "type": "MultiPolygon", "coordinates": [ [ [ [ -123.1410706, 49.2710861 ], [ -123.1413081, 49.2713535 ], [ -123.1418646, 49.27198 ], [ -123.1419751, 49.2722612 ], [ -123.1419917, 49.2725481 ], [ -123.1418638, 49.2728852 ], [ -123.1417924, 49.2729283 ], [ -123.1416748, 49.2729423 ], [ -123.1409085, 49.2727788 ], [ -123.1408207, 49.2724648 ], [ -123.1401972, 49.2713909 ], [ -123.1410706, 49.2710861 ] ] ] ] } },
{ "type": "Feature", "properties": { "name": "59153686", "population": 869, "population_density": 3564.4 }, "geometry": { "type": "MultiPolygon", "coordinates": [ [ [ [ -123.1387393, 49.2748543 ], [ -123.1383705, 49.2743502 ], [ -123.1384789, 49.2742249 ], [ -123.1392755, 49.2740526 ], [ -123.139632, 49.2736025 ], [ -123.1398372, 49.2730271 ], [ -123.1398219, 49.2723521 ], [ -123.1395442, 49.2715972 ], [ -123.1389919, 49.2710489 ], [ -123.1387171, 49.2710945 ], [ -123.1384287, 49.2710489 ], [ -123.1377682, 49.2707983 ], [ -123.1373962, 49.2703397 ], [ -123.1371768, 49.2702955 ], [ -123.1369305, 49.2706017 ], [ -123.1374005, 49.2716627 ], [ -123.1374004, 49.2718778 ], [ -123.1370443, 49.272607 ], [ -123.1368115, 49.2729317 ], [ -123.1366058, 49.27304 ], [ -123.1354514, 49.2731852 ], [ -123.1345706, 49.2728534 ], [ -123.1343498, 49.2725472 ], [ -123.1337304, 49.2722509 ], [ -123.1336609, 49.2721516 ], [ -123.1345507, 49.2715582 ], [ -123.1350808, 49.2712065 ], [ -123.1351819, 49.2712164 ], [ -123.1351655, 49.2712808 ], [ -123.1360537, 49.2706928 ], [ -123.1360535, 49.2706298 ], [ -123.1360007, 49.2705941 ], [ -123.1351582, 49.2701097 ], [ -123.135496, 49.2698674 ], [ -123.1355361, 49.2698369 ], [ -123.1355795, 49.2698154 ], [ -123.1355823, 49.2698057 ], [ -123.1355891, 49.2697978 ], [ -123.1355957, 49.269788 ], [ -123.1355965, 49.2697762 ], [ -123.1355864, 49.2697511 ], [ -123.1355948, 49.2697176 ], [ -123.1356162, 49.2697262 ], [ -123.1356443, 49.2697371 ], [ -123.135666, 49.2697329 ], [ -123.135965, 49.2695033 ], [ -123.1366106, 49.2690611 ], [ -123.1367665, 49.2690274 ], [ -123.1374106, 49.2688986 ], [ -123.1375342, 49.2692059 ], [ -123.13755, 49.2692454 ], [ -123.1376524, 49.2693229 ], [ -123.1371045, 49.2698956 ], [ -123.1375238, 49.2695582 ], [ -123.1377049, 49.2693612 ], [ -123.137751, 49.2693949 ], [ -123.1379343, 49.2691372 ], [ -123.137974, 49.2690814 ], [ -123.1379802, 49.2690727 ], [ -123.1381918, 49.2687752 ], [ -123.1382249, 49.268833 ], [ -123.138411, 49.2691579 ], [ -123.1394622, 49.269688 ], [ -123.1404179, 49.2697055 ], [ -123.1407911, 49.2697123 ], [ -123.1407749, 49.2700434 ], [ -123.1407904, 49.2701281 ], [ -123.1408129, 49.2702506 ], [ -123.1409293, 49.2704348 ], [ -123.1410794, 49.270564 ], [ -123.1418497, 49.2705943 ], [ -123.1431295, 49.2706281 ], [ -123.1454835, 49.2706661 ], [ -123.1454643, 49.2716483 ], [ -123.1455163, 49.2722991 ], [ -123.1453931, 49.2725372 ], [ -123.1453195, 49.2726623 ], [ -123.1450648, 49.2728483 ], [ -123.1441913, 49.2731764 ], [ -123.1438923, 49.2732726 ], [ -123.1425639, 49.2736999 ], [ -123.142546, 49.2737056 ], [ -123.1419845, 49.2738863 ], [ -123.1419667, 49.273892 ], [ -123.1419004, 49.2739133 ], [ -123.1387841, 49.2749156 ], [ -123.1387393, 49.2748543 ] ], [ [ -123.1410706, 49.2710861 ], [ -123.1401972, 49.2713909 ], [ -123.1408207, 49.2724648 ], [ -123.1409085, 49.2727788 ], [ -123.1416748, 49.2729423 ], [ -123.1417924, 49.2729283 ], [ -123.1418638, 49.2728852 ], [ -123.1419917, 49.2725481 ], [ -123.1419751, 49.2722612 ], [ -123.1418646, 49.27198 ], [ -123.1413081, 49.2713535 ], [ -123.1410706, 49.2710861 ] ] ] ] } },
{ "type": "Feature", "properties": { "name": "59153687", "population": 617, "population_density": 8714.7 }, "geometry": { "type": "MultiPolygon", "coordinates": [ [ [ [ -123.1371045, 49.2698956 ], [ -123.1376524, 49.2693229 ], [ -123.13755, 49.2692454 ], [ -123.1375342, 49.2692059 ], [ -123.1374106, 49.2688986 ], [ -123.1372993, 49.2686992 ], [ -123.136828, 49.2682544 ], [ -123.1365456, 49.2680659 ], [ -123.136134, 49.2678117 ], [ -123.1354624, 49.2675633 ], [ -123.133999, 49.2671443 ], [ -123.1337469, 49.2670721 ], [ -123.1334239, 49.2669796 ], [ -123.1334826, 49.2667632 ], [ -123.1335754, 49.2666662 ], [ -123.1335928, 49.2666481 ], [ -123.1336187, 49.2661849 ], [ -123.1341249, 49.2662191 ], [ -123.1343299, 49.2662804 ], [ -123.1345271, 49.2662469 ], [ -123.1349021, 49.2661812 ], [ -123.1352994, 49.2661539 ], [ -123.1360622, 49.2661489 ], [ -123.1384685, 49.266183 ], [ -123.1384554, 49.2667726 ], [ -123.1384519, 49.2668743 ], [ -123.1384818, 49.2672354 ], [ -123.1384571, 49.267859 ], [ -123.1384521, 49.2679399 ], [ -123.1384454, 49.2680928 ], [ -123.1383721, 49.2681909 ], [ -123.138337, 49.2683844 ], [ -123.1383179, 49.2684903 ], [ -123.1381918, 49.2687752 ], [ -123.1379802, 49.2690727 ], [ -123.137974, 49.2690814 ], [ -123.1379343, 49.2691372 ], [ -123.137751, 49.2693949 ], [ -123.1377049, 49.2693612 ], [ -123.1375238, 49.2695582 ], [ -123.1371045, 49.2698956 ] ] ] ] } },
{ "type": "Feature", "properties": { "name": "59153688", "population": 788, "population_density": 19650.9 }, "geometry": { "type": "MultiPolygon", "coordinates": [ [ [ [ -123.135965, 49.2695033 ], [ -123.1357291, 49.2693628 ], [ -123.1356282, 49.2692179 ], [ -123.1354995, 49.2688541 ], [ -123.13527, 49.2686769 ], [ -123.1352212, 49.2685991 ], [ -123.1349729, 49.2685042 ], [ -123.1345051, 49.2684485 ], [ -123.1343397, 49.2684126 ], [ -123.134026, 49.2682413 ], [ -123.1335592, 49.2681919 ], [ -123.1334523, 49.2681873 ], [ -123.1332027, 49.2680699 ], [ -123.1329856, 49.2678038 ], [ -123.1328646, 49.267761 ], [ -123.1328538, 49.2675571 ], [ -123.1328561, 49.2673748 ], [ -123.1328791, 49.2673374 ], [ -123.1329275, 49.2672969 ], [ -123.1329915, 49.2672601 ], [ -123.133305, 49.2671476 ], [ -123.1330342, 49.2672099 ], [ -123.133032, 49.2671577 ], [ -123.133043, 49.267087 ], [ -123.1330524, 49.2670348 ], [ -123.1330579, 49.266991 ], [ -123.1330737, 49.2669552 ], [ -123.1331194, 49.2669012 ], [ -123.1334239, 49.2669796 ], [ -123.1337469, 49.2670721 ], [ -123.133999, 49.2671443 ], [ -123.1354624, 49.2675633 ], [ -123.136134, 49.2678117 ], [ -123.1365456, 49.2680659 ], [ -123.136828, 49.2682544 ], [ -123.1372993, 49.2686992 ], [ -123.1374106, 49.2688986 ], [ -123.1367665, 49.2690274 ], [ -123.1366106, 49.2690611 ], [ -123.135965, 49.2695033 ] ] ] ] } },
{ "type": "Feature", "properties": { "name": "59153689", "population": 829, "population_density": 2763.3 }, "geometry": { "type": "MultiPolygon", "coordinates": [ [ [ [ -123.1335102, 49.2719362 ], [ -123.1324068, 49.2711596 ], [ -123.1324068, 49.2711596 ], [ -123.1324048, 49.2711582 ], [ -123.1321201, 49.2709578 ], [ -123.1318589, 49.2708951 ], [ -123.1315548, 49.2704094 ], [ -123.1307271, 49.2697814 ], [ -123.1305074, 49.2694581 ], [ -123.1307121, 49.2689183 ], [ -123.1305729, 49.2685494 ], [ -123.1306697, 49.2683871 ], [ -123.1325105, 49.2685466 ], [ -123.1329166, 49.268674 ], [ -123.1333175, 49.2687998 ], [ -123.1337087, 49.2689226 ], [ -123.1339001, 49.2688515 ], [ -123.1339273, 49.2688414 ], [ -123.1340233, 49.2686805 ], [ -123.1340094, 49.2684825 ], [ -123.1337893, 49.2684013 ], [ -123.1336779, 49.2684469 ], [ -123.1335702, 49.268491 ], [ -123.1333352, 49.2684284 ], [ -123.1332172, 49.2682913 ], [ -123.1329489, 49.2679797 ], [ -123.1323723, 49.2679 ], [ -123.1320535, 49.2676093 ], [ -123.1319733, 49.2675361 ], [ -123.1317804, 49.2673602 ], [ -123.1315038, 49.2673246 ], [ -123.1312568, 49.2674058 ], [ -123.1308864, 49.2676308 ], [ -123.1306819, 49.2679555 ], [ -123.1305364, 49.2679596 ], [ -123.1300209, 49.267974 ], [ -123.1293492, 49.2682261 ], [ -123.1282568, 49.2682035 ], [ -123.1282016, 49.2682023 ], [ -123.1281904, 49.2682021 ], [ -123.1256366, 49.2681492 ], [ -123.1248395, 49.2677362 ], [ -123.124316, 49.2678544 ], [ -123.1240566, 49.2681336 ], [ -123.1240289, 49.2683586 ], [ -123.1232467, 49.2682603 ], [ -123.1229566, 49.2683059 ], [ -123.1223109, 49.268585 ], [ -123.1217627, 49.2686662 ], [ -123.1214866, 49.2686221 ], [ -123.1213503, 49.2685326 ], [ -123.1213516, 49.2684178 ], [ -123.1211933, 49.2681957 ], [ -123.1211006, 49.267947 ], [ -123.1209553, 49.2678617 ], [ -123.1207919, 49.2676323 ], [ -123.120967, 49.2677108 ], [ -123.1214223, 49.2680554 ], [ -123.1215013, 49.2680691 ], [ -123.1215175, 49.2680718 ], [ -123.1216126, 49.2680883 ], [ -123.1217748, 49.2680882 ], [ -123.1221259, 49.2679426 ], [ -123.1222194, 49.2678748 ], [ -123.1222374, 49.2678024 ], [ -123.1222396, 49.2677934 ], [ -123.122043, 49.2673973 ], [ -123.1226643, 49.266904 ], [ -123.1227444, 49.2667431 ], [ -123.1225864, 49.2665905 ], [ -123.1225785, 49.2665829 ], [ -123.1225132, 49.2665833 ], [ -123.1224858, 49.2665835 ], [ -123.1224451, 49.2665838 ], [ -123.1221633, 49.2666979 ], [ -123.1220081, 49.2666974 ], [ -123.1214208, 49.2665745 ], [ -123.1211097, 49.2666067 ], [ -123.1208328, 49.2667074 ], [ -123.1206402, 49.2667113 ], [ -123.1203354, 49.2665311 ], [ -123.120446, 49.2664089 ], [ -123.120494, 49.2662561 ], [ -123.1205247, 49.2660777 ], [ -123.1205456, 49.2659558 ], [ -123.1206424, 49.2659567 ], [ -123.1213461, 49.2659636 ], [ -123.1214547, 49.265917 ], [ -123.121754, 49.2659205 ], [ -123.1240769, 49.2659473 ], [ -123.1243266, 49.2659526 ], [ -123.1265329, 49.2659992 ], [ -123.1289153, 49.2660401 ], [ -123.1312415, 49.2660812 ], [ -123.1313705, 49.2660828 ], [ -123.131464, 49.2661258 ], [ -123.1321008, 49.2661581 ], [ -123.1335106, 49.266183 ], [ -123.1336187, 49.2661849 ], [ -123.1335928, 49.2666481 ], [ -123.1335754, 49.2666662 ], [ -123.1334826, 49.2667632 ], [ -123.1334239, 49.2669796 ], [ -123.1331194, 49.2669012 ], [ -123.1330737, 49.2669552 ], [ -123.1330579, 49.266991 ], [ -123.1330524, 49.2670348 ], [ -123.133043, 49.267087 ], [ -123.133032, 49.2671577 ], [ -123.1330342, 49.2672099 ], [ -123.133305, 49.2671476 ], [ -123.1329915, 49.2672601 ], [ -123.1329275, 49.2672969 ], [ -123.1328791, 49.2673374 ], [ -123.1328561, 49.2673748 ], [ -123.1328538, 49.2675571 ], [ -123.1328646, 49.267761 ], [ -123.1329856, 49.2678038 ], [ -123.1332027, 49.2680699 ], [ -123.1334523, 49.2681873 ], [ -123.1335592, 49.2681919 ], [ -123.134026, 49.2682413 ], [ -123.1343397, 49.2684126 ], [ -123.1345051, 49.2684485 ], [ -123.1349729, 49.2685042 ], [ -123.1352212, 49.2685991 ], [ -123.13527, 49.2686769 ], [ -123.1354995, 49.2688541 ], [ -123.1356282, 49.2692179 ], [ -123.1357291, 49.2693628 ], [ -123.135965, 49.2695033 ], [ -123.135666, 49.2697329 ], [ -123.1356443, 49.2697371 ], [ -123.1356162, 49.2697262 ], [ -123.1355948, 49.2697176 ], [ -123.1355864, 49.2697511 ], [ -123.1355965, 49.2697762 ], [ -123.1355957, 49.269788 ], [ -123.1355891, 49.2697978 ], [ -123.1355823, 49.2698057 ], [ -123.1355795, 49.2698154 ], [ -123.1355361, 49.2698369 ], [ -123.135496, 49.2698674 ], [ -123.1351582, 49.2701097 ], [ -123.1360007, 49.2705941 ], [ -123.1360535, 49.2706298 ], [ -123.1360537, 49.2706928 ], [ -123.1351655, 49.2712808 ], [ -123.1351819, 49.2712164 ], [ -123.1350808, 49.2712065 ], [ -123.1345507, 49.2715582 ], [ -123.1336609, 49.2721516 ], [ -123.1335102, 49.2719362 ] ] ] ] } },
{ "type": "Feature", "properties": { "name": "59153690", "population": 467, "population_density": 16738.4 }, "geometry": { "type": "MultiPolygon", "coordinates": [ [ [ [ -123.1207919, 49.2676323 ], [ -123.1195212, 49.2676125 ], [ -123.1195221, 49.2674248 ], [ -123.1194012, 49.2673493 ], [ -123.1193645, 49.2666791 ], [ -123.1196245, 49.2665851 ], [ -123.1199716, 49.2665268 ], [ -123.1203354, 49.2665311 ], [ -123.1206402, 49.2667113 ], [ -123.1208328, 49.2667074 ], [ -123.1211097, 49.2666067 ], [ -123.1214208, 49.2665745 ], [ -123.1220081, 49.2666974 ], [ -123.1221633, 49.2666979 ], [ -123.1224451, 49.2665838 ], [ -123.1224858, 49.2665835 ], [ -123.1225132, 49.2665833 ], [ -123.1225785, 49.2665829 ], [ -123.1225864, 49.2665905 ], [ -123.1227444, 49.2667431 ], [ -123.1226643, 49.266904 ], [ -123.122043, 49.2673973 ], [ -123.1222396, 49.2677934 ], [ -123.1222374, 49.2678024 ], [ -123.1222194, 49.2678748 ], [ -123.1221259, 49.2679426 ], [ -123.1217748, 49.2680882 ], [ -123.1216126, 49.2680883 ], [ -123.1215175, 49.2680718 ], [ -123.1215013, 49.2680691 ], [ -123.1214223, 49.2680554 ], [ -123.120967, 49.2677108 ], [ -123.1207919, 49.2676323 ] ] ] ] } },
{ "type": "Feature", "properties": { "name": "59153691", "population": 498, "population_density": 6475.9 }, "geometry": { "type": "MultiPolygon", "coordinates": [ [ [ [ -123.1174723, 49.2682778 ], [ -123.1174682, 49.2681669 ], [ -123.1174659, 49.2678714 ], [ -123.1174537, 49.2674054 ], [ -123.1175523, 49.2672024 ], [ -123.1175561, 49.2671946 ], [ -123.1177193, 49.2670657 ], [ -123.1178895, 49.2669802 ], [ -123.1177376, 49.2668815 ], [ -123.1175311, 49.266822 ], [ -123.1174143, 49.266845 ], [ -123.1168576, 49.2671355 ], [ -123.1152943, 49.2679512 ], [ -123.1149667, 49.268028 ], [ -123.1148, 49.2680569 ], [ -123.1147981, 49.2679361 ], [ -123.1147938, 49.2676703 ], [ -123.1147898, 49.2673969 ], [ -123.11478, 49.2667214 ], [ -123.1147764, 49.2666033 ], [ -123.1149056, 49.2665356 ], [ -123.1148991, 49.266022 ], [ -123.1148911, 49.2656426 ], [ -123.114979, 49.2657314 ], [ -123.1150756, 49.2657682 ], [ -123.1155304, 49.265811 ], [ -123.1174209, 49.2657877 ], [ -123.1174168, 49.2658533 ], [ -123.1174156, 49.2659181 ], [ -123.1197831, 49.2659561 ], [ -123.1205456, 49.2659558 ], [ -123.1205247, 49.2660777 ], [ -123.120494, 49.2662561 ], [ -123.120446, 49.2664089 ], [ -123.1203354, 49.2665311 ], [ -123.1199716, 49.2665268 ], [ -123.1196245, 49.2665851 ], [ -123.1193645, 49.2666791 ], [ -123.1194012, 49.2673493 ], [ -123.1195221, 49.2674248 ], [ -123.1195212, 49.2676125 ], [ -123.1194138, 49.2676108 ], [ -123.1192421, 49.2676108 ], [ -123.1191082, 49.2676432 ], [ -123.1186722, 49.2678721 ], [ -123.1186697, 49.2683539 ], [ -123.1184618, 49.2685435 ], [ -123.1184506, 49.2685537 ], [ -123.1182255, 49.2687591 ], [ -123.1181316, 49.2687609 ], [ -123.1181292, 49.268761 ], [ -123.1180195, 49.268713 ], [ -123.1179335, 49.2686378 ], [ -123.1174723, 49.2682778 ] ] ] ] } },
{ "type": "Feature", "properties": { "name": "59153692", "population": 1393, "population_density": 18450.3 }, "geometry": { "type": "MultiPolygon", "coordinates": [ [ [ [ -123.1147745, 49.2711472 ], [ -123.11482, 49.2693923 ], [ -123.1148053, 49.268347 ], [ -123.1148, 49.2680569 ], [ -123.1149667, 49.268028 ], [ -123.1152943, 49.2679512 ], [ -123.1168576, 49.2671355 ], [ -123.1174143, 49.266845 ], [ -123.1175311, 49.266822 ], [ -123.1177376, 49.2668815 ], [ -123.1178895, 49.2669802 ], [ -123.1177193, 49.2670657 ], [ -123.1175561, 49.2671946 ], [ -123.1175523, 49.2672024 ], [ -123.1174537, 49.2674054 ], [ -123.1174659, 49.2678714 ], [ -123.1174682, 49.2681669 ], [ -123.1174723, 49.2682778 ], [ -123.1179335, 49.2686378 ], [ -123.1180195, 49.268713 ], [ -123.1181292, 49.268761 ], [ -123.1181316, 49.2687609 ], [ -123.1182255, 49.2687591 ], [ -123.1184506, 49.2685537 ], [ -123.1184618, 49.2685435 ], [ -123.1186697, 49.2683539 ], [ -123.1186722, 49.2678721 ], [ -123.1191082, 49.2676432 ], [ -123.1192421, 49.2676108 ], [ -123.1194138, 49.2676108 ], [ -123.1207919, 49.2676323 ], [ -123.1209553, 49.2678617 ], [ -123.1206738, 49.2676963 ], [ -123.1191063, 49.2676892 ], [ -123.118915, 49.2677875 ], [ -123.118805, 49.2679769 ], [ -123.1188059, 49.268642 ], [ -123.1189306, 49.2689211 ], [ -123.1188477, 49.2689211 ], [ -123.1187665, 49.2693626 ], [ -123.1184096, 49.2691462 ], [ -123.1184091, 49.2689938 ], [ -123.1181472, 49.2689938 ], [ -123.1180381, 49.269327 ], [ -123.1176139, 49.2694894 ], [ -123.1175711, 49.2696603 ], [ -123.117379, 49.26976 ], [ -123.1171604, 49.2700748 ], [ -123.1156228, 49.2706971 ], [ -123.1147745, 49.2711472 ] ] ] ] } },
{ "type": "Feature", "properties": { "name": "59153799", "population": 285, "population_density": 4734.2 }, "geometry": { "type": "MultiPolygon", "coordinates": [ [ [ [ -123.0660504, 49.2122244 ], [ -123.0660553, 49.2132335 ], [ -123.0660455, 49.2136061 ], [ -123.0653449, 49.213604 ], [ -123.0647104, 49.2136022 ], [ -123.0646976, 49.2132396 ], [ -123.0646873, 49.2129476 ], [ -123.0646196, 49.2128674 ], [ -123.0643394, 49.2127408 ], [ -123.0634075, 49.2124389 ], [ -123.0628351, 49.2123981 ], [ -123.0600575, 49.2123763 ], [ -123.0594499, 49.2123715 ], [ -123.0594396, 49.2121658 ], [ -123.0594176, 49.2120834 ], [ -123.0593908, 49.2119828 ], [ -123.0593808, 49.2119453 ], [ -123.0591728, 49.2116108 ], [ -123.0597021, 49.2114658 ], [ -123.0600941, 49.2114183 ], [ -123.0601084, 49.2114166 ], [ -123.0602968, 49.2113938 ], [ -123.0636797, 49.2114554 ], [ -123.0637967, 49.2114919 ], [ -123.0642663, 49.2116446 ], [ -123.064695, 49.2117839 ], [ -123.0653992, 49.2120128 ], [ -123.0660504, 49.2122244 ] ] ] ] } },
{ "type": "Feature", "properties": { "name": "59153800", "population": 422, "population_density": 4153.5 }, "geometry": { "type": "MultiPolygon", "coordinates": [ [ [ [ -123.0597021, 49.2114658 ], [ -123.0591728, 49.2116108 ], [ -123.0587212, 49.2118084 ], [ -123.0578764, 49.2124502 ], [ -123.0574103, 49.2122258 ], [ -123.057108, 49.2121229 ], [ -123.056524, 49.2120277 ], [ -123.0566669, 49.2113965 ], [ -123.0568693, 49.2102902 ], [ -123.0569188, 49.2100197 ], [ -123.0570356, 49.209758 ], [ -123.0593538, 49.2095556 ], [ -123.0600607, 49.2095956 ], [ -123.0605488, 49.2097015 ], [ -123.0606495, 49.2097233 ], [ -123.0609124, 49.2098157 ], [ -123.0621301, 49.2102438 ], [ -123.0630229, 49.2105565 ], [ -123.0634415, 49.2107051 ], [ -123.0634813, 49.2107192 ], [ -123.0636631, 49.2107838 ], [ -123.0641435, 49.2111293 ], [ -123.0643325, 49.211266 ], [ -123.064695, 49.2117839 ], [ -123.0642663, 49.2116446 ], [ -123.0637967, 49.2114919 ], [ -123.0636797, 49.2114554 ], [ -123.0602968, 49.2113938 ], [ -123.0601084, 49.2114166 ], [ -123.0600941, 49.2114183 ], [ -123.0597021, 49.2114658 ] ] ] ] } },
{ "type": "Feature", "properties": { "name": "59153801", "population": 364, "population_density": 4385.5 }, "geometry": { "type": "MultiPolygon", "coordinates": [ [ [ [ -123.0659846, 49.2161764 ], [ -123.0659676, 49.2153165 ], [ -123.0660218, 49.2145027 ], [ -123.0660455, 49.2136061 ], [ -123.0660553, 49.2132335 ], [ -123.0660504, 49.2122244 ], [ -123.0667839, 49.2124752 ], [ -123.0678625, 49.2128439 ], [ -123.0683568, 49.213015 ], [ -123.0687473, 49.2131977 ], [ -123.0692477, 49.213532 ], [ -123.0695565, 49.2138359 ], [ -123.0699615, 49.2143333 ], [ -123.0700434, 49.2145581 ], [ -123.069301, 49.2145507 ], [ -123.068532, 49.2145431 ], [ -123.0685212, 49.2150181 ], [ -123.0684941, 49.2162086 ], [ -123.0667081, 49.2161857 ], [ -123.0659846, 49.2161764 ] ] ] ] } },
{ "type": "Feature", "properties": { "name": "59153805", "population": 707, "population_density": 5057.2 }, "geometry": { "type": "MultiPolygon", "coordinates": [ [ [ [ -123.0659567, 49.217162 ], [ -123.0659718, 49.2166183 ], [ -123.0659846, 49.2161764 ], [ -123.0667081, 49.2161857 ], [ -123.0684941, 49.2162086 ], [ -123.0685212, 49.2150181 ], [ -123.068532, 49.2145431 ], [ -123.069301, 49.2145507 ], [ -123.0700434, 49.2145581 ], [ -123.0706603, 49.2145642 ], [ -123.0713742, 49.2145713 ], [ -123.072028, 49.2145778 ], [ -123.0720132, 49.2154223 ], [ -123.0719931, 49.2158787 ], [ -123.0719752, 49.2162861 ], [ -123.0719007, 49.216784 ], [ -123.0718993, 49.216793 ], [ -123.0717198, 49.2172145 ], [ -123.0717108, 49.2172356 ], [ -123.0716283, 49.2173678 ], [ -123.071619, 49.2173826 ], [ -123.071551, 49.2174914 ], [ -123.0715338, 49.217519 ], [ -123.07116, 49.2179194 ], [ -123.0710112, 49.2180787 ], [ -123.0704689, 49.2185017 ], [ -123.0703472, 49.2185966 ], [ -123.0703273, 49.2186067 ], [ -123.0696951, 49.2189257 ], [ -123.069473, 49.2187044 ], [ -123.0691591, 49.2182813 ], [ -123.0688912, 49.2179202 ], [ -123.0677975, 49.2180688 ], [ -123.0666835, 49.2180573 ], [ -123.0659322, 49.2180495 ], [ -123.0659567, 49.217162 ] ] ] ] } },
{ "type": "Feature", "properties": { "name": "59153806", "population": 549, "population_density": 5371.8 }, "geometry": { "type": "MultiPolygon", "coordinates": [ [ [ [ -123.0660722, 49.2114232 ], [ -123.0660924, 49.2106256 ], [ -123.0668468, 49.2106309 ], [ -123.0685758, 49.2112193 ], [ -123.0688972, 49.2114569 ], [ -123.0690124, 49.211542 ], [ -123.0691371, 49.2119147 ], [ -123.071327, 49.2119512 ], [ -123.072046, 49.2119631 ], [ -123.0720412, 49.2128665 ], [ -123.0720369, 49.2132125 ], [ -123.0720326, 49.2135564 ], [ -123.0720303, 49.2137364 ], [ -123.072028, 49.2145778 ], [ -123.0713742, 49.2145713 ], [ -123.0706603, 49.2145642 ], [ -123.0700434, 49.2145581 ], [ -123.0699615, 49.2143333 ], [ -123.0695565, 49.2138359 ], [ -123.0692477, 49.213532 ], [ -123.0687473, 49.2131977 ], [ -123.0683568, 49.213015 ], [ -123.0678625, 49.2128439 ], [ -123.0667839, 49.2124752 ], [ -123.0660504, 49.2122244 ], [ -123.0660722, 49.2114232 ] ] ] ] } },
{ "type": "Feature", "properties": { "name": "59153807", "population": 410, "population_density": 7495.4 }, "geometry": { "type": "MultiPolygon", "coordinates": [ [ [ [ -123.0800763, 49.2185717 ], [ -123.080058, 49.2181521 ], [ -123.0815957, 49.2181658 ], [ -123.0830608, 49.2181982 ], [ -123.0830593, 49.2186066 ], [ -123.0830577, 49.2190134 ], [ -123.083041, 49.2194536 ], [ -123.0830345, 49.2196235 ], [ -123.0830306, 49.2198378 ], [ -123.0830228, 49.220074 ], [ -123.0830079, 49.2205263 ], [ -123.080926, 49.2204949 ], [ -123.0802284, 49.2204844 ], [ -123.0802558, 49.2200496 ], [ -123.0802569, 49.2200311 ], [ -123.0802295, 49.2197466 ], [ -123.0801656, 49.2196071 ], [ -123.0801075, 49.2192857 ], [ -123.0800763, 49.2185717 ] ] ] ] } },
{ "type": "Feature", "properties": { "name": "59153809", "population": 853, "population_density": 7096.5 }, "geometry": { "type": "MultiPolygon", "coordinates": [ [ [ [ -123.0732951, 49.2217575 ], [ -123.073343, 49.2203887 ], [ -123.0733432, 49.2199491 ], [ -123.0739615, 49.2195686 ], [ -123.0739758, 49.219015 ], [ -123.0739882, 49.2185678 ], [ -123.0740007, 49.2181193 ], [ -123.0755004, 49.2181249 ], [ -123.076268, 49.2181288 ], [ -123.0770536, 49.2181328 ], [ -123.0777785, 49.2181356 ], [ -123.078567, 49.2181387 ], [ -123.0793035, 49.2181453 ], [ -123.080058, 49.2181521 ], [ -123.0800763, 49.2185717 ], [ -123.0801075, 49.2192857 ], [ -123.0801656, 49.2196071 ], [ -123.0792634, 49.2195923 ], [ -123.0788946, 49.2195862 ], [ -123.0785337, 49.2195845 ], [ -123.0772723, 49.2195854 ], [ -123.0762281, 49.2195663 ], [ -123.076144, 49.2195647 ], [ -123.076126, 49.2200321 ], [ -123.0761114, 49.2204106 ], [ -123.0760551, 49.2217838 ], [ -123.074671, 49.2217705 ], [ -123.0739942, 49.2217641 ], [ -123.0732951, 49.2217575 ] ] ] ] } },
{ "type": "Feature", "properties": { "name": "59153810", "population": 329, "population_density": 2945.4 }, "geometry": { "type": "MultiPolygon", "coordinates": [ [ [ [ -123.1621542, 49.2467205 ], [ -123.1616803, 49.2466107 ], [ -123.1609788, 49.2468875 ], [ -123.1604433, 49.2470988 ], [ -123.1597695, 49.2473613 ], [ -123.1591913, 49.2475865 ], [ -123.1586211, 49.2478085 ], [ -123.1580447, 49.2480328 ], [ -123.1579399, 49.2478841 ], [ -123.1571387, 49.2467722 ], [ -123.1579755, 49.246361 ], [ -123.1582187, 49.2461791 ], [ -123.1592027, 49.2455835 ], [ -123.1598741, 49.2453382 ], [ -123.1604276, 49.2452243 ], [ -123.1604679, 49.245216 ], [ -123.1607026, 49.2451501 ], [ -123.1613103, 49.2450941 ], [ -123.1623165, 49.2450989 ], [ -123.1630612, 49.245159 ], [ -123.1632687, 49.2451122 ], [ -123.1633775, 49.2450178 ], [ -123.1635838, 49.2451476 ], [ -123.1640359, 49.2453312 ], [ -123.1651573, 49.2457866 ], [ -123.1654165, 49.246482 ], [ -123.1654069, 49.2466454 ], [ -123.1653824, 49.2470621 ], [ -123.1644615, 49.2470766 ], [ -123.1640683, 49.2470834 ], [ -123.1629423, 49.2472627 ], [ -123.1627462, 49.2469874 ], [ -123.1625482, 49.2468569 ], [ -123.1621542, 49.2467205 ] ] ] ] } },
{ "type": "Feature", "properties": { "name": "59153812", "population": 472, "population_density": 1509.9 }, "geometry": { "type": "MultiPolygon", "coordinates": [ [ [ [ -123.1604276, 49.2452243 ], [ -123.1598741, 49.2453382 ], [ -123.1592027, 49.2455835 ], [ -123.1582187, 49.2461791 ], [ -123.1579755, 49.246361 ], [ -123.1571387, 49.2467722 ], [ -123.1562082, 49.2469647 ], [ -123.1547564, 49.2469462 ], [ -123.1548239, 49.2457329 ], [ -123.1548844, 49.2446568 ], [ -123.1549495, 49.2434967 ], [ -123.154975, 49.2430437 ], [ -123.154697, 49.2430553 ], [ -123.153441, 49.2430257 ], [ -123.1534621, 49.2425694 ], [ -123.153483, 49.2421162 ], [ -123.1535461, 49.2417819 ], [ -123.1537204, 49.2416528 ], [ -123.1544523, 49.2411104 ], [ -123.1545699, 49.24101 ], [ -123.1548017, 49.2408121 ], [ -123.1552782, 49.2404053 ], [ -123.1552929, 49.2402543 ], [ -123.1560243, 49.2402628 ], [ -123.156617, 49.2402694 ], [ -123.1577186, 49.240285 ], [ -123.1597218, 49.2403089 ], [ -123.1597037, 49.2407983 ], [ -123.159686, 49.2412754 ], [ -123.1596685, 49.2417432 ], [ -123.1596512, 49.242204 ], [ -123.1601382, 49.2422105 ], [ -123.1601726, 49.2423673 ], [ -123.16028, 49.2424737 ], [ -123.1616252, 49.2434494 ], [ -123.1622154, 49.2438775 ], [ -123.1626357, 49.2441228 ], [ -123.1627995, 49.2441613 ], [ -123.1628662, 49.2443017 ], [ -123.1630733, 49.2447378 ], [ -123.1633775, 49.2450178 ], [ -123.1632687, 49.2451122 ], [ -123.1630612, 49.245159 ], [ -123.1623165, 49.2450989 ], [ -123.1613103, 49.2450941 ], [ -123.1607026, 49.2451501 ], [ -123.1604679, 49.245216 ], [ -123.1604276, 49.2452243 ] ] ] ] } },
{ "type": "Feature", "properties": { "name": "59153814", "population": 365, "population_density": 5685.4 }, "geometry": { "type": "MultiPolygon", "coordinates": [ [ [ [ -123.07636, 49.2430573 ], [ -123.0763766, 49.2425092 ], [ -123.0769646, 49.2425094 ], [ -123.0776605, 49.2425097 ], [ -123.0782559, 49.2425129 ], [ -123.0789413, 49.2425165 ], [ -123.0795342, 49.2425077 ], [ -123.0802099, 49.2424977 ], [ -123.0801637, 49.2440923 ], [ -123.080149, 49.2446012 ], [ -123.0795103, 49.244592 ], [ -123.0788799, 49.244583 ], [ -123.078228, 49.2445771 ], [ -123.0776035, 49.244571 ], [ -123.0769416, 49.244559 ], [ -123.07631, 49.2445476 ], [ -123.0763384, 49.2436836 ], [ -123.07636, 49.2430573 ] ] ] ] } },
{ "type": "Feature", "properties": { "name": "59153815", "population": 692, "population_density": 7529.9 }, "geometry": { "type": "MultiPolygon", "coordinates": [ [ [ [ -123.0801652, 49.2406378 ], [ -123.0801556, 49.2402397 ], [ -123.0812443, 49.2402422 ], [ -123.081552, 49.2402415 ], [ -123.0823727, 49.2402484 ], [ -123.0828599, 49.2402526 ], [ -123.0828428, 49.2406463 ], [ -123.0827798, 49.2420938 ], [ -123.0827613, 49.242519 ], [ -123.0827463, 49.2446156 ], [ -123.0820516, 49.2446103 ], [ -123.0813572, 49.2446051 ], [ -123.0807326, 49.2446031 ], [ -123.080149, 49.2446012 ], [ -123.0801637, 49.2440923 ], [ -123.0802099, 49.2424977 ], [ -123.0802, 49.2420856 ], [ -123.0801652, 49.2406378 ] ] ] ] } },
{ "type": "Feature", "properties": { "name": "59153816", "population": 408, "population_density": 6845.6 }, "geometry": { "type": "MultiPolygon", "coordinates": [ [ [ [ -123.0819089, 49.2485636 ], [ -123.0800351, 49.2485498 ], [ -123.0800564, 49.2481218 ], [ -123.0800757, 49.2477368 ], [ -123.080077, 49.2477096 ], [ -123.0819214, 49.24771 ], [ -123.0826818, 49.2477171 ], [ -123.0833069, 49.2477226 ], [ -123.0839144, 49.2477279 ], [ -123.0839215, 49.2475056 ], [ -123.0858083, 49.2475295 ], [ -123.0877597, 49.2475525 ], [ -123.0877357, 49.2486139 ], [ -123.0858473, 49.2485926 ], [ -123.0838925, 49.2485785 ], [ -123.0833086, 49.2485743 ], [ -123.0826639, 49.2485696 ], [ -123.0819089, 49.2485636 ] ] ] ] } },
{ "type": "Feature", "properties": { "name": "59153818", "population": 788, "population_density": 5815.5 }, "geometry": { "type": "MultiPolygon", "coordinates": [ [ [ [ -123.0734473, 49.2459678 ], [ -123.0734664, 49.2453911 ], [ -123.0741247, 49.2453958 ], [ -123.0744681, 49.2453983 ], [ -123.0755397, 49.245406 ], [ -123.0758754, 49.2454085 ], [ -123.0759381, 49.2454089 ], [ -123.0762707, 49.2454113 ], [ -123.0762363, 49.2464373 ], [ -123.07686, 49.2464458 ], [ -123.0801084, 49.2464899 ], [ -123.0800953, 49.2469886 ], [ -123.0800897, 49.2472044 ], [ -123.0800809, 49.2475386 ], [ -123.080077, 49.2477096 ], [ -123.0800757, 49.2477368 ], [ -123.0800564, 49.2481218 ], [ -123.0800351, 49.2485498 ], [ -123.0793917, 49.2485446 ], [ -123.0780887, 49.2485341 ], [ -123.0761782, 49.2485138 ], [ -123.075971, 49.2485118 ], [ -123.075586, 49.2485095 ], [ -123.0749455, 49.2485056 ], [ -123.074569, 49.2485037 ], [ -123.0738375, 49.2484999 ], [ -123.0733666, 49.2484979 ], [ -123.0733797, 49.2480815 ], [ -123.073387, 49.2478481 ], [ -123.0734198, 49.2468132 ], [ -123.073433, 49.2463991 ], [ -123.0734473, 49.2459678 ] ] ] ] } },
{ "type": "Feature", "properties": { "name": "59153821", "population": 435, "population_density": 6075.4 }, "geometry": { "type": "MultiPolygon", "coordinates": [ [ [ [ -123.0565727, 49.2629651 ], [ -123.0565913, 49.2621315 ], [ -123.0570735, 49.2622176 ], [ -123.0573503, 49.262224 ], [ -123.0573967, 49.2622251 ], [ -123.0581572, 49.2622427 ], [ -123.0582754, 49.2622433 ], [ -123.0620301, 49.2622608 ], [ -123.0620289, 49.2627503 ], [ -123.0620277, 49.2632111 ], [ -123.0620138, 49.2636863 ], [ -123.0620007, 49.2641354 ], [ -123.0581226, 49.2641532 ], [ -123.0581347, 49.2636516 ], [ -123.0581463, 49.2631729 ], [ -123.0573835, 49.2631695 ], [ -123.0565696, 49.2631659 ], [ -123.0565727, 49.2629651 ] ] ] ] } },
{ "type": "Feature", "properties": { "name": "59153825", "population": 752, "population_density": 6499.6 }, "geometry": { "type": "MultiPolygon", "coordinates": [ [ [ [ -123.0547101, 49.262529 ], [ -123.0547054, 49.2620179 ], [ -123.0549804, 49.2620195 ], [ -123.055513, 49.2620227 ], [ -123.0558466, 49.2620247 ], [ -123.0558601, 49.2620267 ], [ -123.0565913, 49.2621315 ], [ -123.0565727, 49.2629651 ], [ -123.0565696, 49.2631659 ], [ -123.0566012, 49.2638802 ], [ -123.056597, 49.2641413 ], [ -123.0565851, 49.2647841 ], [ -123.0565883, 49.2649923 ], [ -123.0565862, 49.2654516 ], [ -123.0565849, 49.2657398 ], [ -123.0565859, 49.2658975 ], [ -123.0565871, 49.2663421 ], [ -123.0565881, 49.266729 ], [ -123.0566251, 49.267177 ], [ -123.0566318, 49.2672577 ], [ -123.0566635, 49.2676408 ], [ -123.0566424, 49.2681516 ], [ -123.0566249, 49.2685738 ], [ -123.0566144, 49.2690771 ], [ -123.0566076, 49.2694093 ], [ -123.0566039, 49.2695533 ], [ -123.0546698, 49.2696104 ], [ -123.0546934, 49.2694129 ], [ -123.0547042, 49.2684845 ], [ -123.0547037, 49.2680341 ], [ -123.0547033, 49.2675693 ], [ -123.054706, 49.2671526 ], [ -123.054709, 49.2666786 ], [ -123.0547085, 49.2662351 ], [ -123.054708, 49.2657201 ], [ -123.0547105, 49.2652456 ], [ -123.054713, 49.2647763 ], [ -123.0547129, 49.2643461 ], [ -123.0547128, 49.263871 ], [ -123.0547134, 49.2634286 ], [ -123.054714, 49.2629639 ], [ -123.0547101, 49.262529 ] ] ] ] } },
{ "type": "Feature", "properties": { "name": "59153826", "population": 520, "population_density": 4985.6 }, "geometry": { "type": "MultiPolygon", "coordinates": [ [ [ [ -123.0566012, 49.2638802 ], [ -123.0565696, 49.2631659 ], [ -123.0573835, 49.2631695 ], [ -123.0581463, 49.2631729 ], [ -123.0581347, 49.2636516 ], [ -123.0581226, 49.2641532 ], [ -123.058115, 49.2645512 ], [ -123.0581067, 49.2649886 ], [ -123.0580958, 49.2654688 ], [ -123.0580861, 49.2658979 ], [ -123.0580778, 49.2663322 ], [ -123.0580695, 49.2667667 ], [ -123.0580579, 49.2672586 ], [ -123.0580475, 49.2676983 ], [ -123.0599947, 49.2677145 ], [ -123.059983, 49.2681751 ], [ -123.0599717, 49.26862 ], [ -123.0599575, 49.2691014 ], [ -123.0599455, 49.2695102 ], [ -123.0580159, 49.2694963 ], [ -123.0578731, 49.2694951 ], [ -123.0576892, 49.2695559 ], [ -123.0566039, 49.2695533 ], [ -123.0566076, 49.2694093 ], [ -123.0566144, 49.2690771 ], [ -123.0566249, 49.2685738 ], [ -123.0566424, 49.2681516 ], [ -123.0566635, 49.2676408 ], [ -123.0566318, 49.2672577 ], [ -123.0566251, 49.267177 ], [ -123.0565881, 49.266729 ], [ -123.0565871, 49.2663421 ], [ -123.0565859, 49.2658975 ], [ -123.0565849, 49.2657398 ], [ -123.0565862, 49.2654516 ], [ -123.0565883, 49.2649923 ], [ -123.0565851, 49.2647841 ], [ -123.056597, 49.2641413 ], [ -123.0566012, 49.2638802 ] ] ] ] } },
{ "type": "Feature", "properties": { "name": "59153831", "population": 590, "population_density": 7642.5 }, "geometry": { "type": "MultiPolygon", "coordinates": [ [ [ [ -123.024838, 49.2327295 ], [ -123.0248435, 49.2322376 ], [ -123.0250776, 49.232226 ], [ -123.0259314, 49.2321856 ], [ -123.026482, 49.232163 ], [ -123.0281433, 49.232098 ], [ -123.0292672, 49.2320416 ], [ -123.029265, 49.2324223 ], [ -123.029264, 49.2325842 ], [ -123.0292557, 49.2340231 ], [ -123.0292666, 49.2348188 ], [ -123.0287385, 49.2347682 ], [ -123.0281428, 49.2347446 ], [ -123.0281436, 49.2341303 ], [ -123.0275827, 49.23413 ], [ -123.0270082, 49.2341296 ], [ -123.0259208, 49.2341293 ], [ -123.0253986, 49.2341286 ], [ -123.0248225, 49.2341279 ], [ -123.0248352, 49.2329813 ], [ -123.024838, 49.2327295 ] ] ] ] } },
{ "type": "Feature", "properties": { "name": "59153832", "population": 3241, "population_density": 35113.8 }, "geometry": { "type": "MultiPolygon", "coordinates": [ [ [ [ -123.0297602, 49.2362242 ], [ -123.0288778, 49.235853 ], [ -123.028802, 49.2359233 ], [ -123.028202, 49.2364793 ], [ -123.0281377, 49.2365389 ], [ -123.0273507, 49.2361774 ], [ -123.0268652, 49.2359544 ], [ -123.026193, 49.2356457 ], [ -123.0261505, 49.2356263 ], [ -123.0248123, 49.2350158 ], [ -123.0241738, 49.2346485 ], [ -123.0240894, 49.2346 ], [ -123.0236113, 49.234325 ], [ -123.0234561, 49.2343253 ], [ -123.0234765, 49.2322945 ], [ -123.0236004, 49.2322889 ], [ -123.0248435, 49.2322376 ], [ -123.024838, 49.2327295 ], [ -123.0248352, 49.2329813 ], [ -123.0248225, 49.2341279 ], [ -123.0253986, 49.2341286 ], [ -123.0259208, 49.2341293 ], [ -123.0270082, 49.2341296 ], [ -123.0275827, 49.23413 ], [ -123.0281436, 49.2341303 ], [ -123.0281428, 49.2347446 ], [ -123.0287385, 49.2347682 ], [ -123.0292666, 49.2348188 ], [ -123.0299488, 49.2349934 ], [ -123.030456, 49.2351777 ], [ -123.0304501, 49.235527 ], [ -123.0303242, 49.2356543 ], [ -123.0298704, 49.2361128 ], [ -123.0297602, 49.2362242 ] ] ] ] } },
{ "type": "Feature", "properties": { "name": "59153833", "population": 369, "population_density": 5332.4 }, "geometry": { "type": "MultiPolygon", "coordinates": [ [ [ [ -123.1213982, 49.2719873 ], [ -123.1206294, 49.271035 ], [ -123.1205392, 49.2708937 ], [ -123.1209827, 49.2706644 ], [ -123.1213973, 49.2708524 ], [ -123.121891, 49.2707712 ], [ -123.1224838, 49.2710219 ], [ -123.1233892, 49.2704334 ], [ -123.1249022, 49.2717676 ], [ -123.1251709, 49.2719773 ], [ -123.1256214, 49.272349 ], [ -123.1258132, 49.2730311 ], [ -123.1258948, 49.2730385 ], [ -123.1258751, 49.2731064 ], [ -123.1258545, 49.2731779 ], [ -123.1255947, 49.2731575 ], [ -123.1252656, 49.2731683 ], [ -123.125172, 49.2731714 ], [ -123.1246495, 49.2732449 ], [ -123.123737, 49.2734899 ], [ -123.1236859, 49.2734583 ], [ -123.123598, 49.2734042 ], [ -123.1226827, 49.2728322 ], [ -123.1213982, 49.2719873 ] ] ] ] } },
{ "type": "Feature", "properties": { "name": "59153834", "population": 3714, "population_density": 17036.7 }, "geometry": { "type": "MultiPolygon", "coordinates": [ [ [ [ -123.1331649, 49.2744256 ], [ -123.1328287, 49.2742046 ], [ -123.1327445, 49.2741493 ], [ -123.1325805, 49.2742571 ], [ -123.1318163, 49.2747596 ], [ -123.131081, 49.2752492 ], [ -123.1304764, 49.2756518 ], [ -123.1303804, 49.275714 ], [ -123.1302815, 49.2756519 ], [ -123.1301754, 49.2755852 ], [ -123.1296315, 49.2752708 ], [ -123.1294095, 49.2751271 ], [ -123.1292917, 49.2750546 ], [ -123.1290856, 49.2749203 ], [ -123.1285581, 49.2745856 ], [ -123.1283228, 49.2744353 ], [ -123.1278921, 49.2741388 ], [ -123.1274095, 49.2738066 ], [ -123.1270337, 49.2735516 ], [ -123.1268168, 49.2734441 ], [ -123.1265978, 49.2733355 ], [ -123.1261616, 49.2732122 ], [ -123.1258545, 49.2731779 ], [ -123.1258751, 49.2731064 ], [ -123.1258948, 49.2730385 ], [ -123.1258132, 49.2730311 ], [ -123.1256214, 49.272349 ], [ -123.1251709, 49.2719773 ], [ -123.1249022, 49.2717676 ], [ -123.1233892, 49.2704334 ], [ -123.1237175, 49.27022 ], [ -123.1243235, 49.2702827 ], [ -123.1244052, 49.2704536 ], [ -123.1246949, 49.2704892 ], [ -123.1247918, 49.2706601 ], [ -123.1251345, 49.2706601 ], [ -123.1258768, 49.2702727 ], [ -123.1262612, 49.2704792 ], [ -123.1272238, 49.2705405 ], [ -123.1278721, 49.2708011 ], [ -123.1292206, 49.2717795 ], [ -123.1297707, 49.2715189 ], [ -123.1300312, 49.2715175 ], [ -123.130155, 49.2716528 ], [ -123.1300452, 49.2717881 ], [ -123.1308159, 49.2722096 ], [ -123.1308301, 49.2723535 ], [ -123.1306806, 49.2724703 ], [ -123.1308442, 49.272597 ], [ -123.1314634, 49.27256 ], [ -123.1318212, 49.2727751 ], [ -123.1323709, 49.2728562 ], [ -123.1325511, 49.272973 ], [ -123.1327722, 49.2732863 ], [ -123.1332952, 49.2736638 ], [ -123.1332275, 49.2740511 ], [ -123.1333245, 49.2741224 ], [ -123.1336477, 49.2739073 ], [ -123.1340938, 49.2741936 ], [ -123.1344933, 49.2741936 ], [ -123.1342326, 49.27441 ], [ -123.1345486, 49.2744186 ], [ -123.1346994, 49.2745525 ], [ -123.1347689, 49.2749213 ], [ -123.1352933, 49.2754882 ], [ -123.1349508, 49.2757217 ], [ -123.1351973, 49.2757759 ], [ -123.1359533, 49.2756135 ], [ -123.136161, 49.2757203 ], [ -123.1361871, 49.2757507 ], [ -123.1342168, 49.2763843 ], [ -123.1341462, 49.2763257 ], [ -123.1337767, 49.2760115 ], [ -123.1327589, 49.2753602 ], [ -123.1336714, 49.2747585 ], [ -123.1331649, 49.2744256 ] ] ] ] } },
{ "type": "Feature", "properties": { "name": "59153835", "population": 307, "population_density": 17344.6 }, "geometry": { "type": "MultiPolygon", "coordinates": [ [ [ [ -123.1354762, 49.2914793 ], [ -123.1338796, 49.2904678 ], [ -123.1344347, 49.2900938 ], [ -123.1349266, 49.2897624 ], [ -123.1365271, 49.2907776 ], [ -123.1360321, 49.2911082 ], [ -123.1360051, 49.2911262 ], [ -123.1354762, 49.2914793 ] ] ] ] } },
{ "type": "Feature", "properties": { "name": "59153836", "population": 244, "population_density": 13555.6 }, "geometry": { "type": "MultiPolygon", "coordinates": [ [ [ [ -123.1343984, 49.2921929 ], [ -123.1328084, 49.2911626 ], [ -123.1338796, 49.2904678 ], [ -123.1354762, 49.2914793 ], [ -123.1343984, 49.2921929 ] ] ] ] } },
{ "type": "Feature", "properties": { "name": "59153838", "population": 367, "population_density": 13745.3 }, "geometry": { "type": "MultiPolygon", "coordinates": [ [ [ [ -123.1293442, 49.2882943 ], [ -123.129948, 49.2879189 ], [ -123.1311185, 49.2886615 ], [ -123.1322814, 49.2894166 ], [ -123.1312329, 49.2901444 ], [ -123.1300332, 49.2893622 ], [ -123.1288616, 49.2885943 ], [ -123.1293442, 49.2882943 ] ] ] ] } },
{ "type": "Feature", "properties": { "name": "59153839", "population": 1340, "population_density": 15296.8 }, "geometry": { "type": "MultiPolygon", "coordinates": [ [ [ [ -123.1333402, 49.2887872 ], [ -123.1332181, 49.2888281 ], [ -123.1328406, 49.2890652 ], [ -123.1322814, 49.2894166 ], [ -123.1311185, 49.2886615 ], [ -123.129948, 49.2879189 ], [ -123.1304738, 49.287566 ], [ -123.1310092, 49.2872067 ], [ -123.13153, 49.2868627 ], [ -123.1320553, 49.2865157 ], [ -123.1332148, 49.2872797 ], [ -123.1343705, 49.2880183 ], [ -123.1359776, 49.2890589 ], [ -123.1375494, 49.2900706 ], [ -123.1370576, 49.2904107 ], [ -123.1370286, 49.2904308 ], [ -123.1365271, 49.2907776 ], [ -123.1349266, 49.2897624 ], [ -123.1342864, 49.2893788 ], [ -123.1334554, 49.2888137 ], [ -123.1333402, 49.2887872 ] ] ] ] } },
{ "type": "Feature", "properties": { "name": "59153843", "population": 2110, "population_density": 42626.3 }, "geometry": { "type": "MultiPolygon", "coordinates": [ [ [ [ -123.1179368, 49.2761031 ], [ -123.1180316, 49.2760363 ], [ -123.1181624, 49.2761208 ], [ -123.1182176, 49.2761554 ], [ -123.1189732, 49.2766289 ], [ -123.1195116, 49.2769657 ], [ -123.1200939, 49.2773478 ], [ -123.1190817, 49.2780185 ], [ -123.1184486, 49.2784379 ], [ -123.1168822, 49.2794733 ], [ -123.1159527, 49.2788405 ], [ -123.117396, 49.2778613 ], [ -123.1174895, 49.2777728 ], [ -123.1170745, 49.2774945 ], [ -123.1165871, 49.2771677 ], [ -123.116625, 49.2771111 ], [ -123.1179025, 49.276213 ], [ -123.1179368, 49.2761031 ] ] ] ] } },
{ "type": "Feature", "properties": { "name": "59153845", "population": 3009, "population_density": 7322.9 }, "geometry": { "type": "MultiPolygon", "coordinates": [ [ [ [ -123.1168822, 49.2794733 ], [ -123.1184486, 49.2784379 ], [ -123.1189818, 49.2787544 ], [ -123.1190626, 49.2788023 ], [ -123.1194784, 49.2790491 ], [ -123.1204142, 49.2796469 ], [ -123.1208716, 49.2799638 ], [ -123.1213932, 49.2803251 ], [ -123.1219095, 49.2806518 ], [ -123.1224365, 49.2809852 ], [ -123.1227421, 49.2811773 ], [ -123.1232049, 49.2814683 ], [ -123.123373, 49.281574 ], [ -123.1244224, 49.2822253 ], [ -123.1233598, 49.282919 ], [ -123.1228039, 49.2832819 ], [ -123.1222134, 49.283662 ], [ -123.1220403, 49.2837735 ], [ -123.1216658, 49.2840145 ], [ -123.121097, 49.2844091 ], [ -123.1200173, 49.2851532 ], [ -123.1193916, 49.2856012 ], [ -123.1183093, 49.2862892 ], [ -123.117889, 49.2865564 ], [ -123.1168637, 49.2859148 ], [ -123.1163805, 49.2856127 ], [ -123.115845, 49.2852778 ], [ -123.11539, 49.2849928 ], [ -123.1148463, 49.2846521 ], [ -123.1138301, 49.2840197 ], [ -123.1128644, 49.2834165 ], [ -123.1124261, 49.2831127 ], [ -123.112377, 49.2830786 ], [ -123.1122372, 49.2829818 ], [ -123.1119224, 49.2827635 ], [ -123.1123997, 49.2824446 ], [ -123.1134754, 49.281726 ], [ -123.1152057, 49.2805761 ], [ -123.1168822, 49.2794733 ] ] ] ] } },
{ "type": "Feature", "properties": { "name": "59153846", "population": 2012, "population_density": 40977.6 }, "geometry": { "type": "MultiPolygon", "coordinates": [ [ [ [ -123.1239826, 49.2747793 ], [ -123.1248538, 49.2742051 ], [ -123.1253557, 49.2745252 ], [ -123.1258293, 49.2748274 ], [ -123.1263135, 49.2751481 ], [ -123.126773, 49.2754524 ], [ -123.1271697, 49.2757034 ], [ -123.1272719, 49.2757714 ], [ -123.1277623, 49.2760975 ], [ -123.1270106, 49.2766035 ], [ -123.1261921, 49.2771546 ], [ -123.1256902, 49.2768279 ], [ -123.1251896, 49.2765019 ], [ -123.1246996, 49.2761807 ], [ -123.1242573, 49.2758907 ], [ -123.1237104, 49.2755326 ], [ -123.1232735, 49.2752466 ], [ -123.1239826, 49.2747793 ] ] ] ] } },
{ "type": "Feature", "properties": { "name": "59153847", "population": 1328, "population_density": 26991.9 }, "geometry": { "type": "MultiPolygon", "coordinates": [ [ [ [ -123.1241323, 49.2759732 ], [ -123.1242573, 49.2758907 ], [ -123.1246996, 49.2761807 ], [ -123.1251896, 49.2765019 ], [ -123.1256902, 49.2768279 ], [ -123.1261921, 49.2771546 ], [ -123.126767, 49.2775266 ], [ -123.1271936, 49.2778027 ], [ -123.1256242, 49.2788463 ], [ -123.124606, 49.2782013 ], [ -123.1241092, 49.277866 ], [ -123.1236141, 49.2775318 ], [ -123.1231277, 49.2772297 ], [ -123.1226641, 49.2769417 ], [ -123.1238505, 49.2761591 ], [ -123.1241323, 49.2759732 ] ] ] ] } },
{ "type": "Feature", "properties": { "name": "59153849", "population": 839, "population_density": 24109.2 }, "geometry": { "type": "MultiPolygon", "coordinates": [ [ [ [ -123.1265895, 49.2794575 ], [ -123.1281346, 49.278406 ], [ -123.1286607, 49.2787432 ], [ -123.1291828, 49.2790779 ], [ -123.1286259, 49.2794487 ], [ -123.1276247, 49.2801155 ], [ -123.1274251, 49.2802485 ], [ -123.1272322, 49.2803769 ], [ -123.1270786, 49.2804793 ], [ -123.1260379, 49.2811947 ], [ -123.1249834, 49.2805361 ], [ -123.1265895, 49.2794575 ] ] ] ] } },
{ "type": "Feature", "properties": { "name": "59153851", "population": 374, "population_density": 23821.7 }, "geometry": { "type": "MultiPolygon", "coordinates": [ [ [ [ -123.1281346, 49.278406 ], [ -123.1265895, 49.2794575 ], [ -123.1261114, 49.2791548 ], [ -123.1256242, 49.2788463 ], [ -123.1271936, 49.2778027 ], [ -123.1277233, 49.2781423 ], [ -123.1281346, 49.278406 ] ] ] ] } },
{ "type": "Feature", "properties": { "name": "59153852", "population": 1203, "population_density": 24303.0 }, "geometry": { "type": "MultiPolygon", "coordinates": [ [ [ [ -123.1303706, 49.2757204 ], [ -123.1303804, 49.275714 ], [ -123.1304757, 49.2757733 ], [ -123.1306112, 49.275804 ], [ -123.1308649, 49.275962 ], [ -123.1313786, 49.2762819 ], [ -123.1297223, 49.2773557 ], [ -123.1302546, 49.2776966 ], [ -123.1307863, 49.278037 ], [ -123.1302881, 49.2783597 ], [ -123.1300275, 49.278529 ], [ -123.1297035, 49.2787396 ], [ -123.1291828, 49.2790779 ], [ -123.1286607, 49.2787432 ], [ -123.1281346, 49.278406 ], [ -123.1277233, 49.2781423 ], [ -123.1271936, 49.2778027 ], [ -123.1280289, 49.2772535 ], [ -123.1287865, 49.2767552 ], [ -123.1296031, 49.2762176 ], [ -123.1303706, 49.2757204 ] ] ] ] } },
{ "type": "Feature", "properties": { "name": "59153955", "population": 656, "population_density": 18375.4 }, "geometry": { "type": "MultiPolygon", "coordinates": [ [ [ [ -123.13811, 49.2855848 ], [ -123.1386706, 49.2852231 ], [ -123.1402364, 49.2862418 ], [ -123.1403469, 49.2863135 ], [ -123.1418223, 49.2872701 ], [ -123.1413611, 49.2875722 ], [ -123.1407739, 49.2879566 ], [ -123.1393218, 49.2870318 ], [ -123.1391765, 49.2869812 ], [ -123.1390934, 49.2869006 ], [ -123.1375712, 49.2859325 ], [ -123.13811, 49.2855848 ] ] ] ] } },
{ "type": "Feature", "properties": { "name": "59153956", "population": 954, "population_density": 19875.0 }, "geometry": { "type": "MultiPolygon", "coordinates": [ [ [ [ -123.1370657, 49.2883321 ], [ -123.1354665, 49.2872971 ], [ -123.1359846, 49.2869656 ], [ -123.1365369, 49.2866122 ], [ -123.1353769, 49.2858563 ], [ -123.1358721, 49.2855092 ], [ -123.1358884, 49.2854977 ], [ -123.1363796, 49.2851534 ], [ -123.1375712, 49.2859325 ], [ -123.1390934, 49.2869006 ], [ -123.1391765, 49.2869812 ], [ -123.1390379, 49.2870207 ], [ -123.1386791, 49.2872586 ], [ -123.1386388, 49.2872853 ], [ -123.1381208, 49.2876287 ], [ -123.1375476, 49.2880108 ], [ -123.1370657, 49.2883321 ] ] ] ] } },
{ "type": "Feature", "properties": { "name": "59153986", "population": 1263, "population_density": 24195.4 }, "geometry": { "type": "MultiPolygon", "coordinates": [ [ [ [ -123.1311996, 49.2919044 ], [ -123.1310768, 49.2919344 ], [ -123.1306119, 49.2921833 ], [ -123.130429, 49.2921406 ], [ -123.1292984, 49.2914188 ], [ -123.1295613, 49.2912455 ], [ -123.1298186, 49.291076 ], [ -123.1305973, 49.2905752 ], [ -123.1312329, 49.2901444 ], [ -123.1328084, 49.2911626 ], [ -123.1343984, 49.2921929 ], [ -123.1337188, 49.2926234 ], [ -123.1334409, 49.2928129 ], [ -123.1330945, 49.293049 ], [ -123.1330759, 49.2930374 ], [ -123.1313142, 49.2919407 ], [ -123.1311996, 49.2919044 ] ] ] ] } },
{ "type": "Feature", "properties": { "name": "59153987", "population": 1333, "population_density": 15446.1 }, "geometry": { "type": "MultiPolygon", "coordinates": [ [ [ [ -123.1323097, 49.2935351 ], [ -123.1322343, 49.2935219 ], [ -123.1320638, 49.293587 ], [ -123.131431, 49.2931554 ], [ -123.1313411, 49.2932114 ], [ -123.1312775, 49.293251 ], [ -123.1310923, 49.2931231 ], [ -123.1306348, 49.2928073 ], [ -123.1294986, 49.293576 ], [ -123.1287171, 49.2931597 ], [ -123.1278939, 49.2928999 ], [ -123.1275503, 49.292723 ], [ -123.1273267, 49.2928663 ], [ -123.1271328, 49.2927855 ], [ -123.127101, 49.2926945 ], [ -123.127401, 49.2925059 ], [ -123.1282059, 49.291973 ], [ -123.1282944, 49.2919144 ], [ -123.1266412, 49.2908632 ], [ -123.1267176, 49.2907548 ], [ -123.1266024, 49.2906381 ], [ -123.1264208, 49.2905089 ], [ -123.1263896, 49.2904832 ], [ -123.1262047, 49.2903899 ], [ -123.1264636, 49.290214 ], [ -123.1266323, 49.2900994 ], [ -123.126793, 49.2899903 ], [ -123.1268703, 49.2899405 ], [ -123.1274473, 49.2895682 ], [ -123.1290195, 49.2900396 ], [ -123.1284983, 49.2904 ], [ -123.1283948, 49.2904716 ], [ -123.1292468, 49.2906969 ], [ -123.1298186, 49.291076 ], [ -123.1295613, 49.2912455 ], [ -123.1292984, 49.2914188 ], [ -123.130429, 49.2921406 ], [ -123.1306119, 49.2921833 ], [ -123.1310768, 49.2919344 ], [ -123.1311996, 49.2919044 ], [ -123.1313142, 49.2919407 ], [ -123.1330759, 49.2930374 ], [ -123.1330945, 49.293049 ], [ -123.1327803, 49.2932627 ], [ -123.1325133, 49.2934443 ], [ -123.1325735, 49.2934754 ], [ -123.1324394, 49.2935765 ], [ -123.1323097, 49.2935351 ] ] ] ] } },
{ "type": "Feature", "properties": { "name": "59153988", "population": 1175, "population_density": 22169.8 }, "geometry": { "type": "MultiPolygon", "coordinates": [ [ [ [ -123.1554103, 49.2612158 ], [ -123.1554198, 49.2610359 ], [ -123.1577296, 49.2611148 ], [ -123.1577152, 49.2615756 ], [ -123.1577012, 49.2620292 ], [ -123.1576874, 49.2624764 ], [ -123.1576708, 49.2629227 ], [ -123.1576705, 49.2629318 ], [ -123.157656, 49.2634143 ], [ -123.1576414, 49.2639002 ], [ -123.1552988, 49.263861 ], [ -123.1553172, 49.263364 ], [ -123.1553345, 49.2628981 ], [ -123.155352, 49.2624329 ], [ -123.1553642, 49.2620058 ], [ -123.155395, 49.2615081 ], [ -123.1554103, 49.2612158 ] ] ] ] } },
{ "type": "Feature", "properties": { "name": "59153989", "population": 501, "population_density": 14073.0 }, "geometry": { "type": "MultiPolygon", "coordinates": [ [ [ [ -123.152974, 49.2628611 ], [ -123.1530014, 49.261944 ], [ -123.1536437, 49.2619528 ], [ -123.1543058, 49.2619892 ], [ -123.1553642, 49.2620058 ], [ -123.155352, 49.2624329 ], [ -123.1553345, 49.2628981 ], [ -123.1553172, 49.263364 ], [ -123.1552988, 49.263861 ], [ -123.1529384, 49.2638212 ], [ -123.1529569, 49.2633224 ], [ -123.152974, 49.2628611 ] ] ] ] } },
{ "type": "Feature", "properties": { "name": "59153990", "population": 704, "population_density": 19340.7 }, "geometry": { "type": "MultiPolygon", "coordinates": [ [ [ [ -123.1530781, 49.2605441 ], [ -123.153097, 49.2600496 ], [ -123.1554704, 49.2600996 ], [ -123.1554456, 49.2605586 ], [ -123.1554198, 49.2610359 ], [ -123.1554103, 49.2612158 ], [ -123.155395, 49.2615081 ], [ -123.1553642, 49.2620058 ], [ -123.1543058, 49.2619892 ], [ -123.1536437, 49.2619528 ], [ -123.1530014, 49.261944 ], [ -123.1530605, 49.2610034 ], [ -123.1530781, 49.2605441 ] ] ] ] } },
{ "type": "Feature", "properties": { "name": "59153991", "population": 1115, "population_density": 10136.4 }, "geometry": { "type": "MultiPolygon", "coordinates": [ [ [ [ -123.1482699, 49.2604415 ], [ -123.1482873, 49.2599694 ], [ -123.1506717, 49.2600189 ], [ -123.1524718, 49.2600417 ], [ -123.153097, 49.2600496 ], [ -123.1530781, 49.2605441 ], [ -123.1530605, 49.2610034 ], [ -123.1530014, 49.261944 ], [ -123.152974, 49.2628611 ], [ -123.1529569, 49.2633224 ], [ -123.1529384, 49.2638212 ], [ -123.1505436, 49.2637823 ], [ -123.1505606, 49.263263 ], [ -123.1505744, 49.2628402 ], [ -123.1505749, 49.2628248 ], [ -123.150604, 49.2619041 ], [ -123.1482133, 49.2618662 ], [ -123.1482321, 49.2614131 ], [ -123.1482502, 49.2609763 ], [ -123.1482699, 49.2604415 ] ] ] ] } },
{ "type": "Feature", "properties": { "name": "59153994", "population": 612, "population_density": 22750.9 }, "geometry": { "type": "MultiPolygon", "coordinates": [ [ [ [ -123.1255701, 49.28903 ], [ -123.1257997, 49.2888731 ], [ -123.1261875, 49.2892041 ], [ -123.1274473, 49.2895682 ], [ -123.1268703, 49.2899405 ], [ -123.126793, 49.2899903 ], [ -123.1266323, 49.2900994 ], [ -123.1264636, 49.290214 ], [ -123.1262047, 49.2903899 ], [ -123.1263896, 49.2904832 ], [ -123.1264208, 49.2905089 ], [ -123.1266024, 49.2906381 ], [ -123.1267176, 49.2907548 ], [ -123.1264932, 49.2906137 ], [ -123.1262852, 49.2905447 ], [ -123.1262602, 49.2905364 ], [ -123.1258733, 49.2904585 ], [ -123.1251121, 49.2903644 ], [ -123.1247723, 49.2903698 ], [ -123.1238451, 49.2906477 ], [ -123.1233885, 49.2904509 ], [ -123.1239176, 49.2900759 ], [ -123.1240455, 49.2899928 ], [ -123.1241484, 49.2899261 ], [ -123.1241622, 49.2899171 ], [ -123.1247479, 49.2895368 ], [ -123.1247577, 49.2895305 ], [ -123.1248944, 49.2894417 ], [ -123.1255701, 49.28903 ] ] ] ] } },
{ "type": "Feature", "properties": { "name": "59153995", "population": 197, "population_density": 2747.6 }, "geometry": { "type": "MultiPolygon", "coordinates": [ [ [ [ -123.1248944, 49.2894417 ], [ -123.12276, 49.2887949 ], [ -123.1221894, 49.2891504 ], [ -123.1221056, 49.2892025 ], [ -123.1220737, 49.2892224 ], [ -123.1212421, 49.2889571 ], [ -123.119098, 49.2883793 ], [ -123.1161942, 49.2876641 ], [ -123.1164208, 49.287519 ], [ -123.11696, 49.2871738 ], [ -123.117889, 49.2865564 ], [ -123.1184278, 49.2868446 ], [ -123.1188141, 49.2869783 ], [ -123.1194881, 49.2872116 ], [ -123.1204356, 49.2874917 ], [ -123.1233846, 49.2883648 ], [ -123.1255701, 49.28903 ], [ -123.1248944, 49.2894417 ] ] ] ] } },
{ "type": "Feature", "properties": { "name": "59153996", "population": 797, "population_density": 61307.7 }, "geometry": { "type": "MultiPolygon", "coordinates": [ [ [ [ -123.1220737, 49.2892224 ], [ -123.1221056, 49.2892025 ], [ -123.1221894, 49.2891504 ], [ -123.12276, 49.2887949 ], [ -123.1248944, 49.2894417 ], [ -123.1247577, 49.2895305 ], [ -123.1247479, 49.2895368 ], [ -123.1241622, 49.2899171 ], [ -123.1241484, 49.2899261 ], [ -123.1240455, 49.2899928 ], [ -123.1239176, 49.2900759 ], [ -123.1236877, 49.2899451 ], [ -123.1233428, 49.2897489 ], [ -123.1227053, 49.2894545 ], [ -123.1223358, 49.2893188 ], [ -123.1220737, 49.2892224 ] ] ] ] } },
{ "type": "Feature", "properties": { "name": "59153997", "population": 949, "population_density": 7260.9 }, "geometry": { "type": "MultiPolygon", "coordinates": [ [ [ [ -123.125226, 49.2904902 ], [ -123.1244149, 49.2906442 ], [ -123.1240217, 49.2908661 ], [ -123.1233756, 49.2912309 ], [ -123.1235009, 49.2912799 ], [ -123.1235445, 49.2913853 ], [ -123.123401, 49.2914356 ], [ -123.123284, 49.2914487 ], [ -123.1225989, 49.2910105 ], [ -123.1221068, 49.2907543 ], [ -123.1214362, 49.2904052 ], [ -123.1201031, 49.290008 ], [ -123.1189938, 49.2898669 ], [ -123.1182586, 49.2900964 ], [ -123.1179263, 49.2903362 ], [ -123.1176336, 49.2905473 ], [ -123.1168094, 49.2901844 ], [ -123.1166348, 49.2901075 ], [ -123.1156532, 49.2898102 ], [ -123.1139237, 49.2895703 ], [ -123.1144574, 49.2889779 ], [ -123.1154385, 49.2883616 ], [ -123.115824, 49.2882883 ], [ -123.1157689, 49.2882688 ], [ -123.1156402, 49.2881951 ], [ -123.1154833, 49.2881098 ], [ -123.1161008, 49.2877227 ], [ -123.1161942, 49.2876641 ], [ -123.119098, 49.2883793 ], [ -123.1212421, 49.2889571 ], [ -123.1220737, 49.2892224 ], [ -123.1223358, 49.2893188 ], [ -123.1227053, 49.2894545 ], [ -123.1233428, 49.2897489 ], [ -123.1236877, 49.2899451 ], [ -123.1239176, 49.2900759 ], [ -123.1233885, 49.2904509 ], [ -123.1238451, 49.2906477 ], [ -123.1247723, 49.2903698 ], [ -123.1251121, 49.2903644 ], [ -123.1258733, 49.2904585 ], [ -123.1262602, 49.2905364 ], [ -123.1262852, 49.2905447 ], [ -123.1264932, 49.2906137 ], [ -123.1267176, 49.2907548 ], [ -123.1266412, 49.2908632 ], [ -123.1264292, 49.2907284 ], [ -123.1258345, 49.2905744 ], [ -123.125226, 49.2904902 ] ] ] ] } },
{ "type": "Feature", "properties": { "name": "59154000", "population": 1668, "population_density": 4425.6 }, "geometry": { "type": "MultiPolygon", "coordinates": [ [ [ [ -123.1093739, 49.277236 ], [ -123.1089606, 49.2768115 ], [ -123.1089083, 49.2768332 ], [ -123.1088881, 49.2768416 ], [ -123.1087081, 49.2769164 ], [ -123.1081198, 49.2770727 ], [ -123.1076777, 49.2771329 ], [ -123.1076753, 49.2772157 ], [ -123.1064156, 49.277209 ], [ -123.1037529, 49.2771574 ], [ -123.1031543, 49.2771452 ], [ -123.1029184, 49.2771404 ], [ -123.102139, 49.2771231 ], [ -123.1021386, 49.2769754 ], [ -123.1021383, 49.2768042 ], [ -123.1020735, 49.2760819 ], [ -123.1020424, 49.2757658 ], [ -123.101997, 49.2753268 ], [ -123.1019731, 49.2750272 ], [ -123.10197, 49.2749883 ], [ -123.1019517, 49.2749077 ], [ -123.1018212, 49.2743881 ], [ -123.1017261, 49.2740099 ], [ -123.1016365, 49.2739715 ], [ -123.1016357, 49.2733815 ], [ -123.1016352, 49.2730464 ], [ -123.1016314, 49.2730128 ], [ -123.1016219, 49.2729298 ], [ -123.1018354, 49.2729888 ], [ -123.101992, 49.273032 ], [ -123.1023411, 49.2728648 ], [ -123.1029258, 49.2726967 ], [ -123.1029264, 49.2729217 ], [ -123.1030496, 49.2730656 ], [ -123.1033923, 49.2730656 ], [ -123.1039147, 49.2729303 ], [ -123.1042175, 49.2729659 ], [ -123.1043836, 49.2730727 ], [ -123.1043297, 49.273631 ], [ -123.1041496, 49.2737478 ], [ -123.1038209, 49.2737578 ], [ -123.1036964, 49.2739187 ], [ -123.1036307, 49.2748003 ], [ -123.1034675, 49.2753856 ], [ -123.103578, 49.275548 ], [ -123.1067792, 49.2755807 ], [ -123.107028, 49.2755081 ], [ -123.1070271, 49.2753372 ], [ -123.1072066, 49.275229 ], [ -123.1074663, 49.275256 ], [ -123.1085107, 49.274806 ], [ -123.1087708, 49.2742918 ], [ -123.1089769, 49.2742021 ], [ -123.1092931, 49.2741836 ], [ -123.1097192, 49.274336 ], [ -123.1100213, 49.274346 ], [ -123.110296, 49.2740668 ], [ -123.1102812, 49.2738859 ], [ -123.1110639, 49.2734815 ], [ -123.1113399, 49.273453 ], [ -123.1117654, 49.2735797 ], [ -123.1116154, 49.2734444 ], [ -123.1117234, 49.2733276 ], [ -123.1119309, 49.2733006 ], [ -123.1120822, 49.2734259 ], [ -123.1121081, 49.2732194 ], [ -123.1125076, 49.27302 ], [ -123.1137317, 49.2729289 ], [ -123.1147373, 49.2725836 ], [ -123.1147219, 49.2731772 ], [ -123.1147114, 49.2733913 ], [ -123.114832, 49.2733522 ], [ -123.1148921, 49.273534 ], [ -123.1148141, 49.2738606 ], [ -123.1148749, 49.2740316 ], [ -123.115017, 49.2741768 ], [ -123.115366, 49.2744861 ], [ -123.1159802, 49.2748853 ], [ -123.1169058, 49.2754469 ], [ -123.1170845, 49.2755552 ], [ -123.1162724, 49.276084 ], [ -123.1155751, 49.2765381 ], [ -123.1141767, 49.2774497 ], [ -123.1139638, 49.2775885 ], [ -123.1127338, 49.2783956 ], [ -123.1122545, 49.2787101 ], [ -123.1117426, 49.2783902 ], [ -123.1107794, 49.2777925 ], [ -123.1106759, 49.2777555 ], [ -123.1101352, 49.2775693 ], [ -123.109683, 49.2774136 ], [ -123.1093739, 49.277236 ] ] ] ] } },
{ "type": "Feature", "properties": { "name": "59154001", "population": 4685, "population_density": 16438.6 }, "geometry": { "type": "MultiPolygon", "coordinates": [ [ [ [ -123.102155, 49.2792862 ], [ -123.1021192, 49.2790447 ], [ -123.1021186, 49.2785803 ], [ -123.1021175, 49.2777348 ], [ -123.1021174, 49.277644 ], [ -123.1021195, 49.2776098 ], [ -123.1021206, 49.2775918 ], [ -123.102126, 49.2775065 ], [ -123.1021277, 49.2773255 ], [ -123.102139, 49.2771231 ], [ -123.1029184, 49.2771404 ], [ -123.1031543, 49.2771452 ], [ -123.1037529, 49.2771574 ], [ -123.1064156, 49.277209 ], [ -123.1076753, 49.2772157 ], [ -123.1076777, 49.2771329 ], [ -123.1081198, 49.2770727 ], [ -123.1087081, 49.2769164 ], [ -123.1088881, 49.2768416 ], [ -123.1089083, 49.2768332 ], [ -123.1089606, 49.2768115 ], [ -123.1093739, 49.277236 ], [ -123.109683, 49.2774136 ], [ -123.1101352, 49.2775693 ], [ -123.1106759, 49.2777555 ], [ -123.1107794, 49.2777925 ], [ -123.1117426, 49.2783902 ], [ -123.1122545, 49.2787101 ], [ -123.1132774, 49.2793212 ], [ -123.114256, 49.2799373 ], [ -123.1125075, 49.2810921 ], [ -123.1114257, 49.2818088 ], [ -123.1109564, 49.2821198 ], [ -123.1100663, 49.2815609 ], [ -123.109758, 49.2814581 ], [ -123.108459, 49.2812206 ], [ -123.1075836, 49.2810657 ], [ -123.1062125, 49.2808202 ], [ -123.1055952, 49.2807097 ], [ -123.1057742, 49.280278 ], [ -123.1058492, 49.2800968 ], [ -123.1061131, 49.2794572 ], [ -123.1050392, 49.279307 ], [ -123.1049101, 49.2792889 ], [ -123.1044647, 49.2792266 ], [ -123.1025444, 49.2792111 ], [ -123.102155, 49.2792862 ] ] ] ] } },
{ "type": "Feature", "properties": { "name": "59154002", "population": 1248, "population_density": 36598.2 }, "geometry": { "type": "MultiPolygon", "coordinates": [ [ [ [ -123.0998362, 49.2753111 ], [ -123.0998505, 49.2749323 ], [ -123.099974, 49.2749356 ], [ -123.0999946, 49.2749362 ], [ -123.1001359, 49.2749391 ], [ -123.1002531, 49.2749764 ], [ -123.1003993, 49.2749775 ], [ -123.1010185, 49.2749817 ], [ -123.1013748, 49.2749842 ], [ -123.1014174, 49.2749845 ], [ -123.10197, 49.2749883 ], [ -123.1019731, 49.2750272 ], [ -123.101997, 49.2753268 ], [ -123.1020424, 49.2757658 ], [ -123.1020735, 49.2760819 ], [ -123.1021383, 49.2768042 ], [ -123.1021386, 49.2769754 ], [ -123.1012999, 49.2768718 ], [ -123.1011875, 49.2768629 ], [ -123.0999298, 49.2767629 ], [ -123.0997817, 49.276758 ], [ -123.0998097, 49.2760147 ], [ -123.0998306, 49.2754609 ], [ -123.0998362, 49.2753111 ] ] ] ] } },
{ "type": "Feature", "properties": { "name": "59154026", "population": 68, "population_density": 2000.0 }, "geometry": { "type": "MultiPolygon", "coordinates": [ [ [ [ -123.1125075, 49.2810921 ], [ -123.114256, 49.2799373 ], [ -123.1152057, 49.2805761 ], [ -123.1134754, 49.281726 ], [ -123.1123997, 49.2824446 ], [ -123.1119224, 49.2827635 ], [ -123.1109564, 49.2821198 ], [ -123.1114257, 49.2818088 ], [ -123.1125075, 49.2810921 ] ] ] ] } },
{ "type": "Feature", "properties": { "name": "59154027", "population": 1499, "population_density": 17697.8 }, "geometry": { "type": "MultiPolygon", "coordinates": [ [ [ [ -123.1141767, 49.2774497 ], [ -123.1155751, 49.2765381 ], [ -123.1160055, 49.2768059 ], [ -123.1165871, 49.2771677 ], [ -123.1170745, 49.2774945 ], [ -123.1174895, 49.2777728 ], [ -123.117396, 49.2778613 ], [ -123.1159527, 49.2788405 ], [ -123.1168822, 49.2794733 ], [ -123.1152057, 49.2805761 ], [ -123.114256, 49.2799373 ], [ -123.1132774, 49.2793212 ], [ -123.1122545, 49.2787101 ], [ -123.1127338, 49.2783956 ], [ -123.1139638, 49.2775885 ], [ -123.1141767, 49.2774497 ] ] ] ] } }
]
}
