neighborhood,year,month,time_category,population,area_sq_km,population_density,income,crime_count,electric_index,date,ntl_mean,n_pixels,n_non_na_pixels,prop_non_na_pixels,is_downtown,expected_crime
Arbutus Ridge,2014,1,day,4081,1.27478,3201.3367012347226,0.83312,10,94.8,2014-01-01,3.04110836982727,37,37,1,0,7.484797759166534
Arbutus Ridge,2014,1,night,8092,1.73506,4663.815660553525,0.7900292307692307,17,94.8,2014-01-01,3.04110836982727,37,37,1,0,16.512218012033532
Arbutus Ridge,2014,2,day,1969,0.46015,4279.039443659676,0.9015466666666666,3,94.8,2014-02-01,3.06300735473633,37,37,1,0,9.022881184607542
Arbutus Ridge,2014,2,night,7398,1.90694,3879.513775997147,0.84054,19,94.8,2014-02-01,3.06300735473633,37,37,1,0,12.387725354963697
Arbutus Ridge,2014,3,day,4209,0.89528,4701.322491287642,0.7967085714285714,8,94.8,2014-03-01,3.58029270172119,37,37,1,0,11.088465161899611
Arbutus Ridge,2014,3,night,5580,1.20353,4636.36137030236,0.6417544444444444,11,94.8,2014-03-01,3.58029270172119,37,37,1,0,16.559376977060936
Arbutus Ridge,2014,4,day,4198,1.25058,3356.8424251147467,0.7951242857142857,9,101.7,2014-04-01,2.95203042030334,37,37,1,0,7.9459498551717225
Arbutus Ridge,2014,4,night,7826,1.85334,4222.646681127047,0.7626364285714285,22,101.7,2014-04-01,2.95203042030334,37,37,1,0,15.136132826965662
Arbutus Ridge,2014,5,day,4519,1.28729,3510.4754950321994,0.84256,11,101.7,2014-05-01,3.42792177200317,37,37,1,0,8.707625510696902
Arbutus Ridge,2014,5,night,5375,1.30892,4106.438896189225,0.799232,24,101.7,2014-05-01,3.42792177200317,37,37,1,0,15.424620342602818
Arbutus Ridge,2014,6,day,6209,1.3354,4649.543208027558,0.773811,11,101.7,2014-06-01,NA,NA,NA,NA,0,11.646353853168069
Arbutus Ridge,2014,6,night,6755,1.95825,3449.5084897229667,0.9032861538461538,31,101.7,2014-06-01,NA,NA,NA,NA,0,13.084352400879848
Arbutus Ridge,2014,7,day,4424,0.68345,6473.041188089838,0.7095585714285715,11,101.7,2014-07-01,3.31244444847107,37,37,1,0,16.983065128894566
Arbutus Ridge,2014,7,night,7217,1.8010300000000001,4007.151463329317,0.8040369230769231,17,101.7,2014-07-01,3.31244444847107,37,37,1,0,15.920576283395095
Arbutus Ridge,2014,8,day,5060,1.36563,3705.2495917635088,0.8648533333333334,9,101.7,2014-08-01,2.99133920669556,37,37,1,0,9.897537286202471
Arbutus Ridge,2014,8,night,7708,1.9429,3967.2654279685007,0.8220946153846154,13,101.7,2014-08-01,2.99133920669556,37,37,1,0,16.047827860449214
Arbutus Ridge,2014,9,day,5736,1.27728,4490.792934986847,0.7589549999999999,13,101.7,2014-09-01,2.8922016620636,37,37,1,0,11.35338687639853
Arbutus Ridge,2014,9,night,6067,1.53958,3940.685121916367,0.8351418181818182,28,101.7,2014-09-01,2.8922016620636,37,37,1,0,15.086533504670815
Arbutus Ridge,2014,10,day,5688,1.28697,4419.683442504487,0.699947,13,101.7,2014-10-01,2.65956377983093,37,37,1,0,11.242329308710726
Arbutus Ridge,2014,10,night,7940,2.2529,3524.346397975942,0.8226135714285714,24,101.7,2014-10-01,2.65956377983093,37,37,1,0,13.575600418001246
Arbutus Ridge,2014,11,day,5326,1.275,4177.254901960785,0.85014375,9,101.7,2014-11-01,3.27367687225342,37,37,1,0,9.573199672266234
Arbutus Ridge,2014,11,night,9681,2.14936,4504.131462388804,0.78981875,29,101.7,2014-11-01,3.27367687225342,37,37,1,0,15.631207159423086
Arbutus Ridge,2014,12,day,3306,0.8281499999999999,3992.0304292700603,0.822016,6,101.7,2014-12-01,3.78578948974609,37,37,1,0,8.890711832328632
Arbutus Ridge,2014,12,night,5310,1.5289,3473.0852246713325,0.8889018181818181,20,101.7,2014-12-01,3.78578948974609,37,37,1,0,11.713143190348635
Arbutus Ridge,2015,1,day,3862,1.00077,3859.0285480180264,0.7677866666666666,6,101.7,2015-01-01,3.03133344650269,37,37,1,0,9.343408728784608
Arbutus Ridge,2015,1,night,6835,1.58129,4322.420302411322,0.77079,23,101.7,2015-01-01,3.03133344650269,37,37,1,0,15.847825174693726
Arbutus Ridge,2015,2,day,2758,0.55514,4968.116150880859,0.7915519999999999,6,101.7,2015-02-01,3.17247748374939,37,37,1,0,10.848490902499911
Arbutus Ridge,2015,2,night,5598,1.3658700000000001,4098.4866788200925,0.871936,15,101.7,2015-02-01,3.17247748374939,37,37,1,0,13.552407047827412
Arbutus Ridge,2015,3,day,5444,1.42656,3816.1731718259307,0.8169244444444445,13,101.7,2015-03-01,3.18103075027466,37,37,1,0,9.320905545011613
Arbutus Ridge,2015,3,night,5374,1.14332,4700.346359724312,0.8029866666666666,13,101.7,2015-03-01,3.18103075027466,37,37,1,0,17.385020832998777
Arbutus Ridge,2015,4,day,6939,1.69522,4093.2740293295265,0.8376318181818182,13,107.7,2015-04-01,3.07014060020447,37,37,1,0,10.033774219638914
Arbutus Ridge,2015,4,night,6213,1.81956,3414.5617621842644,0.9083345454545455,13,107.7,2015-04-01,3.07014060020447,37,37,1,0,12.674878295901129
Arbutus Ridge,2015,5,day,6379,1.26669,5035.959863897244,0.70107,10,107.7,2015-05-01,3.12076640129089,37,37,1,0,12.935841840490852
Arbutus Ridge,2015,5,night,5730,1.43116,4003.745213672825,0.843563,15,107.7,2015-05-01,3.12076640129089,37,37,1,0,15.573785558259766
Arbutus Ridge,2015,6,day,6082,1.31404,4628.474019055736,0.747904,14,107.7,2015-06-01,NA,NA,NA,NA,0,12.005939848184536
Arbutus Ridge,2015,6,night,2963,0.4207,7043.023532208224,0.7102075,8,107.7,2015-06-01,NA,NA,NA,NA,0,27.665134973113098
Arbutus Ridge,2015,7,day,4679,1.32003,3544.616410233101,0.83637375,16,107.7,2015-07-01,3.21946811676025,37,37,1,0,9.630649737097205
Arbutus Ridge,2015,7,night,6906,2.11526,3264.8468746158865,0.8921930769230769,21,107.7,2015-07-01,3.21946811676025,37,37,1,0,13.432736093232506
Arbutus Ridge,2015,8,day,3626,0.93785,3866.289918430453,0.8616533333333334,8,107.7,2015-08-01,2.77357864379883,37,37,1,0,10.695047925799031
Arbutus Ridge,2015,8,night,7014,2.0016,3504.1966426858517,0.8709333333333333,16,107.7,2015-08-01,2.77357864379883,37,37,1,0,14.67885255980064
Arbutus Ridge,2015,9,day,6765,1.75182,3861.6981196698293,0.8181990909090909,16,107.7,2015-09-01,2.61419320106506,37,37,1,0,10.110191147809534
Arbutus Ridge,2015,9,night,4861,1.6335600000000001,2975.7094933764292,0.8754255555555556,15,107.7,2015-09-01,2.61419320106506,37,37,1,0,11.797416101762114
Arbutus Ridge,2015,10,day,4070,1.16834,3483.5749867333143,0.8349257142857143,12,107.7,2015-10-01,2.88826656341553,37,37,1,0,9.176328265195544
Arbutus Ridge,2015,10,night,9825,2.26843,4331.189412941991,0.802031875,30,107.7,2015-10-01,2.88826656341553,37,37,1,0,17.276918143332633
Arbutus Ridge,2015,11,day,3252,0.89524,3632.545462669228,0.7643733333333333,9,107.7,2015-11-01,3.00973391532898,37,37,1,0,8.620964126529236
Arbutus Ridge,2015,11,night,7599,1.9277,3942.003423769259,0.8194953846153846,15,107.7,2015-11-01,3.00973391532898,37,37,1,0,14.166974028877023
Arbutus Ridge,2015,12,day,4087,0.9731,4199.979447127736,0.7406328571428571,12,107.7,2015-12-01,1.81133425235748,37,37,1,0,9.686535975389964
Arbutus Ridge,2015,12,night,6990,1.70117,4108.93679056179,0.8098209090909091,22,107.7,2015-12-01,1.81133425235748,37,37,1,0,14.350469567936136
Arbutus Ridge,2016,1,day,7085,1.52739,4638.631914573226,0.795699,16,107.7,2016-01-01,3.20316457748413,37,37,1,0,11.778622632353272
Arbutus Ridge,2016,1,night,8109,2.00902,4036.2963036704464,0.7467806666666666,27,107.7,2016-01-01,3.20316457748413,37,37,1,0,15.520401699768307
Arbutus Ridge,2016,2,day,5128,1.35121,3795.1169692349818,0.86675,12,107.6,2016-02-01,2.91807436943054,37,37,1,0,8.691205009501328
Arbutus Ridge,2016,2,night,9247,2.3993700000000002,3853.9283228514146,0.825871875,22,107.6,2016-02-01,2.91807436943054,37,37,1,0,13.365148318647622
Arbutus Ridge,2016,3,day,6172,1.36275,4529.077233535131,0.782131,18,107.7,2016-03-01,3.1710729598999,37,37,1,0,11.601576276057694
Arbutus Ridge,2016,3,night,5431,1.41129,3848.2523081719564,0.899328,14,107.7,2016-03-01,3.1710729598999,37,37,1,0,14.92746744109598
Arbutus Ridge,2016,4,day,3869,0.76897,5031.405646514168,0.72384,10,112.2,2016-04-01,2.99673318862915,37,37,1,0,12.934810698509187
Arbutus Ridge,2016,4,night,5253,1.69249,3103.711100213295,0.962944,14,112.2,2016-04-01,2.99673318862915,37,37,1,0,12.082793544251805
Arbutus Ridge,2016,5,day,6987,1.43735,4861.028976936725,0.71459,15,112.3,2016-05-01,2.71816492080688,37,37,1,0,13.095373416263667
Arbutus Ridge,2016,5,night,5875,1.66616,3526.071925865463,0.804523,13,112.3,2016-05-01,2.71816492080688,37,37,1,0,14.384546183538633
Arbutus Ridge,2016,6,day,3306,0.93144,3549.3429528472043,0.7876266666666667,15,112.2,2016-06-01,NA,NA,NA,NA,0,9.655694972120546
Arbutus Ridge,2016,6,night,9201,2.26002,4071.202909708764,0.754906875,30,112.2,2016-06-01,NA,NA,NA,NA,0,16.77156703060201
Arbutus Ridge,2016,7,day,6053,1.5556699999999999,3890.928024581049,0.8225745454545454,22,112.3,2016-07-01,2.49588489532471,37,37,1,0,11.087069795629992
Arbutus Ridge,2016,7,night,8608,1.99741,4309.580907274922,0.8008,27,112.3,2016-07-01,2.49588489532471,37,37,1,0,18.595760488484974
Arbutus Ridge,2016,8,day,4966,1.32007,3761.921716272622,0.79157375,14,112.3,2016-08-01,2.78981280326843,37,37,1,0,10.91378293848662
Arbutus Ridge,2016,8,night,8159,1.84587,4420.13792954,0.7736515384615384,20,112.3,2016-08-01,2.78981280326843,37,37,1,0,19.41854566976031
Arbutus Ridge,2016,9,day,5587,1.19063,4692.473732393774,0.78774375,14,112.2,2016-09-01,2.63076114654541,37,37,1,0,12.884279463682121
Arbutus Ridge,2016,9,night,6397,1.6444,3890.172707370469,0.7284754545454546,15,112.2,2016-09-01,2.63076114654541,37,37,1,0,16.17493297313953
Arbutus Ridge,2016,10,day,3185,0.84784,3756.605019815059,0.747776,10,112.3,2016-10-01,2.29348683357239,37,37,1,0,10.378068962790877
Arbutus Ridge,2016,10,night,6389,1.5083900000000001,4235.641975881569,0.8558545454545454,13,112.3,2016-10-01,2.29348683357239,37,37,1,0,17.719668074668846
Arbutus Ridge,2016,11,day,3140,0.74212,4231.121651484935,0.7331840000000001,8,112.2,2016-11-01,2.24216556549072,37,37,1,0,10.531192026522794
Arbutus Ridge,2016,11,night,7150,1.86804,3827.5411661420526,0.7118225,17,112.2,2016-11-01,2.24216556549072,37,37,1,0,14.426374798853393
Arbutus Ridge,2016,12,day,5789,1.04365,5546.878742873569,0.75686375,9,112.3,2016-12-01,2.91801762580872,37,37,1,0,13.41674738463079
Arbutus Ridge,2016,12,night,6662,1.57725,4223.807259470597,0.82624,22,112.3,2016-12-01,2.91801762580872,37,37,1,0,15.470985675236937
Arbutus Ridge,2017,1,day,1617,0.33152,4877.533783783784,0.7573333333333333,3,112.3,2017-01-01,3.18350076675415,37,37,1,0,11.765452836094486
Arbutus Ridge,2017,1,night,6795,1.67129,4065.7216880373844,0.7260800000000001,15,112.3,2017-01-01,3.18350076675415,37,37,1,0,14.851192538673768
Arbutus Ridge,2017,2,day,3112,0.78905,3943.983271022115,0.6759116666666667,8,112.1,2017-02-01,3.20078730583191,37,37,1,0,8.58012583875057
Arbutus Ridge,2017,2,night,7794,2.0178,3862.6226583407674,0.8083626666666667,25,112.1,2017-02-01,3.20078730583191,37,37,1,0,12.724953325843694
Arbutus Ridge,2017,3,day,4004,1.02713,3898.2407290216424,0.7689142857142857,9,112.3,2017-03-01,3.50062990188599,37,37,1,0,9.485925129360663
Arbutus Ridge,2017,3,night,7529,1.79581,4192.537072407437,0.7393807692307692,20,112.3,2017-03-01,3.50062990188599,37,37,1,0,15.449103062480717
Arbutus Ridge,2017,4,day,2814,0.43568999999999997,6458.720650003444,0.737536,6,115.2,2017-04-01,3.16373991966248,37,37,1,0,15.773243586691342
Arbutus Ridge,2017,4,night,6292,1.81578,3465.177499476809,0.8412091666666667,20,115.2,2017-04-01,3.16373991966248,37,37,1,0,12.814902785385971
Arbutus Ridge,2017,5,day,6829,1.60895,4244.382982690574,0.77049,15,115.3,2017-05-01,3.30858993530273,37,37,1,0,10.861955179238757
Arbutus Ridge,2017,5,night,5240,1.45045,3612.6719294012205,0.84736,14,115.3,2017-05-01,3.30858993530273,37,37,1,0,14.00029824460778
Arbutus Ridge,2017,6,day,4475,0.6568200000000001,6813.129929052099,0.6268583333333333,8,115.2,2017-06-01,NA,NA,NA,NA,0,17.607026138025297
Arbutus Ridge,2017,6,night,4998,1.1348,4404.300317236517,0.7331555555555556,19,115.2,2017-06-01,NA,NA,NA,NA,0,17.235805456576056
Arbutus Ridge,2017,7,day,4285,1.248,3433.49358974359,0.78368,13,115.3,2017-07-01,3.56896877288818,37,37,1,0,9.2940197292709
Arbutus Ridge,2017,7,night,8048,1.77723,4528.39531180545,0.8029930769230769,27,115.3,2017-07-01,3.56896877288818,37,37,1,0,18.56209548134651
Arbutus Ridge,2017,8,day,4544,1.10697,4104.8989584180235,0.7699014285714285,8,115.3,2017-08-01,2.81895136833191,37,37,1,0,11.31284389560395
Arbutus Ridge,2017,8,night,7163,1.58811,4510.392856917972,0.7529353846153846,21,115.3,2017-08-01,2.81895136833191,37,37,1,0,18.82344089580108
Arbutus Ridge,2017,9,day,4499,0.77223,5825.984486487187,0.6876583333333334,9,115.2,2017-09-01,2.67839026451111,37,37,1,0,15.196073122367851
Arbutus Ridge,2017,9,night,4682,1.27735,3665.4010255607313,0.83984,10,115.2,2017-09-01,2.67839026451111,37,37,1,0,14.477676523790795
Arbutus Ridge,2017,10,day,5630,1.78775,3149.209900713187,0.921088,15,115.3,2017-10-01,2.86597943305969,37,37,1,0,8.26468662121984
Arbutus Ridge,2017,10,night,2504,0.7185,3485.038274182324,0.874496,7,115.3,2017-10-01,2.86597943305969,37,37,1,0,13.849932465276328
Arbutus Ridge,2017,11,day,2009,0.60424,3324.83781278962,0.7099733333333333,5,115.2,2017-11-01,2.95120811462402,37,37,1,0,7.861334021905807
Arbutus Ridge,2017,11,night,5374,1.24643,4311.513683078873,0.820608,16,115.2,2017-11-01,2.95120811462402,37,37,1,0,15.437283298321267
Arbutus Ridge,2017,12,day,4349,1.01478,4285.657975127614,0.77776,10,115.3,2017-12-01,3.31321310997009,37,37,1,0,9.847360651796956
Arbutus Ridge,2017,12,night,6773,1.75743,3853.9230581018874,0.8282584615384615,20,115.3,2017-12-01,3.31321310997009,37,37,1,0,13.409750467442976
Arbutus Ridge,2018,1,day,1645,0.45127,3645.267799765107,0.7931733333333333,3,115.3,2018-01-01,3.02851557731628,37,37,1,0,8.872207632137702
Arbutus Ridge,2018,1,night,5061,1.11134,4553.961883851926,0.7913244444444444,10,115.3,2018-01-01,3.02851557731628,37,37,1,0,16.784444405452817
Arbutus Ridge,2018,2,day,2635,0.66476,3963.836572597629,0.896768,5,115.1,2018-02-01,6.01836585998535,37,37,1,0,8.700981197105394
Arbutus Ridge,2018,2,night,7694,1.83564,4191.453661938071,0.7548516666666667,19,115.1,2018-02-01,6.01836585998535,37,37,1,0,13.932609983243559
Arbutus Ridge,2018,3,day,4280,1.23823,3456.5468450933995,0.8528,11,115.3,2018-03-01,3.44717860221863,37,37,1,0,8.486866709010142
Arbutus Ridge,2018,3,night,5326,1.3153000000000001,4049.266327073671,0.7620266666666666,13,115.3,2018-03-01,3.44717860221863,37,37,1,0,15.05554902427673
Arbutus Ridge,2018,4,day,5235,0.86053,6083.460193136788,0.7079128571428571,9,118.7,2018-04-01,3.46631574630737,37,37,1,0,14.990602085685207
Arbutus Ridge,2018,4,night,4812,1.03231,4661.390473791787,0.7292799999999999,14,118.7,2018-04-01,3.46631574630737,37,37,1,0,17.39398979848369
Arbutus Ridge,2018,5,day,6204,1.69207,3666.514978694735,0.8584145454545454,14,118.8,2018-05-01,3.22596716880798,37,37,1,0,9.46761963828475
Arbutus Ridge,2018,5,night,5903,1.7193100000000001,3433.354078089466,0.8225066666666667,17,118.8,2018-05-01,3.22596716880798,37,37,1,0,13.425215120209456
Arbutus Ridge,2018,6,day,4337,1.16818,3712.612782276704,0.78656,12,118.7,2018-06-01,NA,NA,NA,NA,0,9.680836600132695
Arbutus Ridge,2018,6,night,6047,1.94478,3109.3491294645155,0.8427054545454545,15,118.7,2018-06-01,NA,NA,NA,NA,0,12.277729032374475
Arbutus Ridge,2018,7,day,4321,1.15655,3736.111711555921,0.8351085714285714,7,118.8,2018-07-01,3.45625638961792,37,37,1,0,10.204250209504055
Arbutus Ridge,2018,7,night,3171,0.56917,5571.270446439553,0.7483733333333333,8,118.8,2018-07-01,3.45625638961792,37,37,1,0,23.04256427877066
Arbutus Ridge,2018,8,night,4517,1.24677,3622.961733118378,0.86208,9,118.8,2018-08-01,2.51724028587341,37,37,1,0,15.256056463075454
Arbutus Ridge,2018,9,day,3437,0.87921,3909.191205741518,0.9078857142857143,7,118.7,2018-09-01,2.78740930557251,37,37,1,0,10.288282017916321
Arbutus Ridge,2018,9,night,6002,1.78269,3366.822049823581,0.8854109090909091,16,118.7,2018-09-01,2.78740930557251,37,37,1,0,13.418112574273916
Arbutus Ridge,2018,10,day,3304,1.20619,2739.2036080551156,0.83456,6,118.8,2018-10-01,2.89807462692261,37,37,1,0,7.253422817324478
Arbutus Ridge,2018,10,night,5600,1.48666,3766.8330351257177,0.8513044444444444,14,118.8,2018-10-01,2.89807462692261,37,37,1,0,15.104639714899534
Arbutus Ridge,2018,11,day,6345,0.93203,6807.720781519908,0.721075,16,118.7,2018-11-01,2.81074905395508,37,37,1,0,16.2413234609009
Arbutus Ridge,2018,11,night,9025,2.30213,3920.2825209697107,0.79904,21,118.7,2018-11-01,2.81074905395508,37,37,1,0,14.162905853276474
Arbutus Ridge,2018,12,day,3756,1.00537,3735.938012870883,0.7479466666666666,7,118.8,2018-12-01,2.80976557731628,37,37,1,0,8.661555524397949
Arbutus Ridge,2018,12,night,7065,2.08798,3383.6531001254803,0.9373538461538461,16,118.8,2018-12-01,2.80976557731628,37,37,1,0,11.87947874521458
Arbutus Ridge,2019,1,day,2974,0.7640600000000001,3892.3644739941888,0.756736,7,118.8,2019-01-01,2.74760007858276,37,37,1,0,10.265300554636543
Arbutus Ridge,2019,1,night,5274,1.54538,3412.752850431609,0.7815588888888889,12,118.8,2019-01-01,2.74760007858276,37,37,1,0,13.629449930201261
Arbutus Ridge,2019,2,day,2989,0.67403,4434.520718662374,0.76288,6,118.6,2019-02-01,4.29562711715698,37,37,1,0,10.547634933584066
Arbutus Ridge,2019,2,night,5067,1.34755,3760.1573225483285,0.7684744444444445,13,118.6,2019-02-01,4.29562711715698,37,37,1,0,13.543463403957366
Arbutus Ridge,2019,3,day,5181,1.00113,5175.152078151688,0.7843555555555556,11,118.8,2019-03-01,3.32608199119568,37,37,1,0,13.768415475224378
Arbutus Ridge,2019,3,night,2293,0.7131000000000001,3215.5377927359414,0.7284275,6,118.8,2019-03-01,3.32608199119568,37,37,1,0,12.95477234538165
Arbutus Ridge,2019,4,day,3975,1.00666,3948.7016470307744,0.8288914285714286,11,120.9,2019-04-01,3.24639344215393,37,37,1,0,10.543350357028432
Arbutus Ridge,2019,4,night,5572,1.12005,4974.77791170037,0.817024,16,120.9,2019-04-01,3.24639344215393,37,37,1,0,20.11468963794138
Arbutus Ridge,2019,5,day,4841,1.4087,3436.501739192163,0.73717375,11,120.9,2019-05-01,3.07579374313354,37,37,1,0,9.61523312133605
Arbutus Ridge,2019,5,night,3589,0.72794,4930.351402588125,0.7610514285714286,9,120.9,2019-05-01,3.07579374313354,37,37,1,0,20.88990404847459
Arbutus Ridge,2019,6,day,3714,0.81742,4543.563896161092,0.81728,8,120.9,2019-06-01,NA,NA,NA,NA,0,12.837657536338662
Arbutus Ridge,2019,6,night,6811,1.8309,3720.028401332678,0.8222225,18,120.9,2019-06-01,NA,NA,NA,NA,0,15.916615415834288
Arbutus Ridge,2019,7,day,3984,0.73971,5385.894472158008,0.7934171428571428,10,120.9,2019-07-01,3.34158802032471,37,37,1,0,15.939511132381513
Arbutus Ridge,2019,7,night,5883,1.45378,4046.6920717027333,0.775339,14,120.9,2019-07-01,3.34158802032471,37,37,1,0,18.135629593901964
Arbutus Ridge,2019,8,day,5765,1.49413,3858.4326665015765,0.806272,14,120.9,2019-08-01,3.13525366783142,37,37,1,0,11.62599299800644
Arbutus Ridge,2019,8,night,8624,1.9456,4432.565789473684,0.8331335714285715,23,120.9,2019-08-01,3.13525366783142,37,37,1,0,20.225051799464275
Arbutus Ridge,2019,9,day,5909,0.92764,6369.927989306197,0.5903575,13,120.9,2019-09-01,3.14009237289429,37,37,1,0,18.165459249964396
Arbutus Ridge,2019,9,night,3854,1.10887,3475.610305987176,0.8451657142857143,14,120.9,2019-09-01,3.14009237289429,37,37,1,0,15.009224603247537
Arbutus Ridge,2019,10,day,5033,1.16827,4308.079467931215,0.74997,11,120.9,2019-10-01,2.9906792640686,37,37,1,0,12.36113349813577
Arbutus Ridge,2019,10,night,5481,1.34608,4071.8233685962205,0.804352,12,120.9,2019-10-01,2.9906792640686,37,37,1,0,17.692077882094644
Arbutus Ridge,2019,11,day,4567,1.06573,4285.325551499911,0.76432,9,120.9,2019-11-01,3.22918081283569,37,37,1,0,11.0779503202045
Arbutus Ridge,2019,11,night,6913,1.57873,4378.836153110412,0.7818163636363636,19,120.9,2019-11-01,3.22918081283569,37,37,1,0,17.141531020714915
Arbutus Ridge,2019,12,day,2747,0.42908999999999997,6401.9203430515745,0.64384,6,120.9,2019-12-01,2.67325258255005,37,37,1,0,16.08282772468946
Arbutus Ridge,2019,12,night,5125,1.62537,3153.1282108073856,0.89024,11,120.9,2019-12-01,2.67325258255005,37,37,1,0,11.995244235116788
Arbutus Ridge,2020,1,day,2808,0.61047,4599.734630694384,0.649814,7,120.9,2020-01-01,5.92988300323486,37,37,1,0,9.80745957159386
Arbutus Ridge,2020,1,night,7261,1.87204,3878.6564389649793,0.8215891666666667,18,120.9,2020-01-01,5.92988300323486,37,37,1,0,12.523346106723404
Arbutus Ridge,2020,2,day,3944,1.25357,3146.214411640355,0.87333375,11,120.8,2020-02-01,3.09078860282898,37,37,1,0,6.05009644540657
Arbutus Ridge,2020,2,night,3816,1.17738,3241.0946338480353,0.8927085714285714,8,120.8,2020-02-01,3.09078860282898,37,37,1,0,9.43802263650835
Arbutus Ridge,2020,3,day,4570,0.99337,4600.501323776639,0.69008,11,120.9,2020-03-01,3.43210434913635,37,37,1,0,9.895359717655978
Arbutus Ridge,2020,3,night,7149,2.15542,3316.75497118891,0.8517907692307692,22,120.9,2020-03-01,3.43210434913635,37,37,1,0,10.80326765804075
Arbutus Ridge,2020,4,day,3397,1.01348,3351.8175000986703,0.8148114285714285,9,119.6,2020-04-01,3.40159749984741,37,37,1,0,7.235528555560305
Arbutus Ridge,2020,4,night,7002,1.64185,4264.701403904132,0.8453758333333333,16,119.6,2020-04-01,3.40159749984741,37,37,1,0,13.940997454647002
Arbutus Ridge,2020,5,day,1372,0.49656,2763.009505397132,0.91392,3,119.7,2020-05-01,3.22228956222534,37,37,1,0,6.250161067395041
Arbutus Ridge,2020,5,night,4885,0.80366,6078.4411318219145,0.7446671428571429,13,119.7,2020-05-01,3.22228956222534,37,37,1,0,20.82170870358972
Arbutus Ridge,2020,6,day,6269,1.62727,3852.4645572031686,0.849570909090909,16,119.6,2020-06-01,NA,NA,NA,NA,0,8.800216936685397
Arbutus Ridge,2020,6,night,5061,1.40907,3591.730716004173,0.825216,18,119.6,2020-06-01,NA,NA,NA,NA,0,12.424353973728588
Arbutus Ridge,2020,7,day,2588,0.7197600000000001,3595.6429921084805,0.816384,7,119.7,2020-07-01,2.94279026985168,37,37,1,0,8.603185798224416
Arbutus Ridge,2020,7,night,4036,1.2676800000000001,3183.7687744541204,0.84,13,119.7,2020-07-01,2.94279026985168,37,37,1,0,11.535583780612193
Arbutus Ridge,2020,8,day,4578,1.45053,3156.087774813344,0.7967766666666667,13,119.7,2020-08-01,2.88345885276794,37,37,1,0,7.688361308117164
Arbutus Ridge,2020,8,night,8033,1.90968,4206.463910183905,0.8490025,12,119.7,2020-08-01,2.88345885276794,37,37,1,0,15.51733727212234
Arbutus Ridge,2020,9,day,4901,1.23026,3983.7107603270856,0.8578844444444444,9,119.6,2020-09-01,2.94486618041992,37,37,1,0,9.184705552779723
Arbutus Ridge,2020,9,night,8150,2.10204,3877.185971722707,0.8189928571428571,17,119.6,2020-09-01,2.94486618041992,37,37,1,0,13.536593680204954
Arbutus Ridge,2020,10,day,3437,1.05141,3268.943609058312,0.8631466666666666,6,119.7,2020-10-01,2.65306282043457,37,37,1,0,7.583114262220641
Arbutus Ridge,2020,10,night,6293,1.29356,4864.8690435696835,0.8443809090909091,13,119.7,2020-10-01,2.65306282043457,37,37,1,0,17.089393354933176
Arbutus Ridge,2020,11,day,3037,0.96941,3132.8333728762855,0.779008,5,119.6,2020-11-01,2.82619690895081,37,37,1,0,6.547544661946547
Arbutus Ridge,2020,11,night,5348,1.39115,3844.301477195126,0.82134375,10,119.6,2020-11-01,2.82619690895081,37,37,1,0,12.16673173974893
Arbutus Ridge,2020,12,day,4113,0.83425,4930.176805513935,0.736725,8,119.7,2020-12-01,2.35855960845947,37,37,1,0,10.01336894665264
Arbutus Ridge,2020,12,night,4980,1.42698,3489.88773493672,0.879915,12,119.7,2020-12-01,2.35855960845947,37,37,1,0,10.733577628640106
Arbutus Ridge,2021,1,day,2523,0.44852,5625.167216623562,0.6928,7,119.7,2021-01-01,2.14154410362244,37,37,1,0,9.664258804984376
Arbutus Ridge,2021,1,night,6986,1.38356,5049.293127873024,0.687454,20,119.7,2021-01-01,2.14154410362244,37,37,1,0,13.136480313352907
Arbutus Ridge,2021,2,day,2394,0.53485,4476.021314387211,0.6944,7,119.5,2021-02-01,3.2940046787262,37,37,1,0,6.935463536413633
Arbutus Ridge,2021,2,night,2899,0.58908,4921.233109255109,0.727296,9,119.5,2021-02-01,3.2940046787262,37,37,1,0,11.547091443290439
Arbutus Ridge,2021,3,day,2185,0.42883,5095.25919361985,0.75168,4,119.7,2021-03-01,3.20206737518311,37,37,1,0,8.830841149271324
Arbutus Ridge,2021,3,night,5194,0.81888,6342.809691285658,0.67189,9,119.7,2021-03-01,3.20206737518311,37,37,1,0,16.646877877452347
Arbutus Ridge,2021,4,day,3056,0.58184,5252.303038636051,0.76032,9,120.1,2021-04-01,3.29638528823853,37,37,1,0,9.135851635304554
Arbutus Ridge,2021,4,night,2111,0.55149,3827.811927686812,0.94752,6,120.1,2021-04-01,3.29638528823853,37,37,1,0,10.082429064615168
Arbutus Ridge,2021,5,day,3881,0.77374,5015.896812882881,0.8025599999999999,14,120.1,2021-05-01,3.0963122844696,37,37,1,0,9.142538312239944
Arbutus Ridge,2021,5,night,4373,0.95734,4567.865126287422,0.6813257142857143,9,120.1,2021-05-01,3.0963122844696,37,37,1,0,12.608017082494111
Arbutus Ridge,2021,6,day,2259,0.42754,5283.716143518735,0.55865,8,120.1,2021-06-01,NA,NA,NA,NA,0,9.725312592003412
Arbutus Ridge,2021,6,night,2974,0.6876,4325.189063408959,0.726528,9,120.1,2021-06-01,NA,NA,NA,NA,0,12.055480046554083
Arbutus Ridge,2021,7,day,3849,0.60309,6382.132020096503,0.672102,6,120.1,2021-07-01,3.07672929763794,37,37,1,0,12.304327623682964
Arbutus Ridge,2021,7,night,2706,0.58052,4661.338110659409,0.864,5,120.1,2021-07-01,3.07672929763794,37,37,1,0,13.608743529860945
Arbutus Ridge,2021,8,day,3051,0.65743,4640.798259890787,0.837632,5,120.1,2021-08-01,2.50848364830017,37,37,1,0,9.109336937184645
Arbutus Ridge,2021,8,night,4862,1.47279,3301.217417282844,0.84864,11,120.1,2021-08-01,2.50848364830017,37,37,1,0,9.81258711375096
Arbutus Ridge,2021,9,day,4471,0.96338,4640.951649401067,0.69045375,9,120.1,2021-09-01,2.76034426689148,37,37,1,0,8.621718684051052
Arbutus Ridge,2021,9,night,5252,1.4435,3638.3789400762034,0.8173988888888889,12,120.1,2021-09-01,2.76034426689148,37,37,1,0,10.235523380436016
Arbutus Ridge,2021,10,day,1853,0.39653,4673.03860994124,0.8256,4,120.1,2021-10-01,3.05275630950928,37,37,1,0,8.734718343846898
Arbutus Ridge,2021,10,night,4410,1.22055,3613.125230428905,0.81888,11,120.1,2021-10-01,3.05275630950928,37,37,1,0,10.226990949903723
Arbutus Ridge,2021,11,day,2934,0.7838,3743.3018627200813,0.8025599999999999,6,120.1,2021-11-01,2.79669070243835,37,37,1,0,6.303843000866068
Arbutus Ridge,2021,11,night,4404,1.18516,3715.9539640217354,0.7587357142857143,10,120.1,2021-11-01,2.79669070243835,37,37,1,0,9.47624289576877
Arbutus Ridge,2021,12,day,4931,1.33094,3704.9002960313765,0.74965375,9,120.1,2021-12-01,3.25558471679688,37,37,1,0,6.06322401325217
Arbutus Ridge,2021,12,night,5037,0.81434,6185.377115209863,0.7183357142857143,12,120.1,2021-12-01,3.25558471679688,37,37,1,0,15.328815369471478
Arbutus Ridge,2022,1,day,2905,0.86197,3370.186897455828,0.862464,11,120.1,2022-01-01,2.42164826393127,37,37,1,0,6.146901256339762
Arbutus Ridge,2022,1,night,4258,0.58252,7309.62027054865,0.6549499999999999,10,120.1,2022-01-01,2.42164826393127,37,37,1,0,20.18888750851969
Arbutus Ridge,2022,2,day,2259,0.42754,5283.716143518735,0.55865,3,120,2022-02-01,3.46678972244263,37,37,1,0,8.691444495530783
Arbutus Ridge,2022,2,night,6881,1.58548,4340.010596160153,0.8302933333333333,20,120,2022-02-01,3.46678972244263,37,37,1,0,10.810818942945351
Arbutus Ridge,2022,3,day,3185,0.84784,3756.605019815059,0.747776,8,120.1,2022-03-01,3.29175114631653,37,37,1,0,6.9119479988949735
Arbutus Ridge,2022,3,night,3651,0.76729,4758.305204029767,0.6973866666666667,12,120.1,2022-03-01,3.29175114631653,37,37,1,0,13.257832978619042
Arbutus Ridge,2022,4,day,2184,0.60598,3604.07934255256,0.80352,5,120.9,2022-04-01,3.50297093391418,37,37,1,0,6.655224992929999
Arbutus Ridge,2022,4,night,5186,1.39331,3722.0719007256102,0.7814166666666666,15,120.9,2022-04-01,3.50297093391418,37,37,1,0,10.408028633638057
Arbutus Ridge,2022,5,day,4364,1.37145,3182.0336140581135,0.83264,12,120.9,2022-05-01,3.61920309066772,37,37,1,0,6.157325244625981
Arbutus Ridge,2022,5,night,5981,1.61063,3713.453741703557,0.858675,13,120.9,2022-05-01,3.61920309066772,37,37,1,0,10.88129716540103
Arbutus Ridge,2022,6,day,3177,0.9466800000000001,3355.9386487514257,0.8689066666666667,10,120.9,2022-06-01,NA,NA,NA,NA,0,6.557635003846855
Arbutus Ridge,2022,6,night,4592,1.5319,2997.5846987401264,0.89488,9,120.9,2022-06-01,NA,NA,NA,NA,0,8.869926311170984
Arbutus Ridge,2022,7,day,3437,0.65934,5212.788546121879,0.802816,15,120.9,2022-07-01,3.42717123031616,37,37,1,0,10.669187496283284
Arbutus Ridge,2022,7,night,4614,1.08799,4240.847801909944,0.8596842857142857,11,120.9,2022-07-01,3.42717123031616,37,37,1,0,13.144051332834378
Arbutus Ridge,2022,8,day,3450,0.83801,4116.895979761578,0.7863466666666666,6,120.9,2022-08-01,2.88710522651672,37,37,1,0,8.578929653894953
Arbutus Ridge,2022,8,night,4472,1.45549,3072.5047922005647,0.80752,16,120.9,2022-08-01,2.88710522651672,37,37,1,0,9.695519913842364
Arbutus Ridge,2022,9,day,5337,1.21457,4394.147723062483,0.7275144444444445,15,120.9,2022-09-01,2.93599843978882,37,37,1,0,8.666237636697797
Arbutus Ridge,2022,9,night,6091,1.60223,3801.5765526797027,0.8500363636363636,17,120.9,2022-09-01,2.93599843978882,37,37,1,0,11.353636927811806
Arbutus Ridge,2022,10,day,1215,0.35091,3462.426263144396,1.01888,2,120.9,2022-10-01,2.88548922538757,37,37,1,0,6.870671834075043
Arbutus Ridge,2022,10,night,4891,1.61835,3022.213983378132,0.8509155555555555,10,120.9,2022-10-01,2.88548922538757,37,37,1,0,9.081533809610349
Arbutus Ridge,2022,11,day,1008,0.36073,2794.333712194716,0.79552,2,120.9,2022-11-01,2.67119884490967,37,37,1,0,4.9957183379305246
Arbutus Ridge,2022,11,night,4789,1.28386,3730.157493807736,0.85536,10,120.9,2022-11-01,2.67119884490967,37,37,1,0,10.09862310867204
Arbutus Ridge,2022,12,day,3689,0.48769,7564.231376489163,0.5327149999999999,4,120.9,2022-12-01,4.97724008560181,37,37,1,0,13.141986900787431
Arbutus Ridge,2022,12,night,4693,0.81072,5788.681665679889,0.7512316666666666,11,120.9,2022-12-01,4.97724008560181,37,37,1,0,15.229695268682095
Arbutus Ridge,2023,1,day,2758,0.92794,2972.1749251029164,0.854528,6,120.9,2023-01-01,2.71094584465027,37,37,1,0,5.507395367196311
Arbutus Ridge,2023,1,night,3699,1.18708,3116.0494659163664,0.8015242857142857,9,120.9,2023-01-01,2.71094584465027,37,37,1,0,8.743625607876856
Arbutus Ridge,2023,2,day,1966,0.10819000000000001,18171.734910805062,0.532735,2,120.7,2023-02-01,3.78024816513062,37,37,1,0,30.368162446026073
Arbutus Ridge,2023,2,night,4466,0.8537,5231.345906055992,0.7059628571428571,11,120.7,2023-02-01,3.78024816513062,37,37,1,0,13.23886884015708
Arbutus Ridge,2023,3,day,5990,1.6364100000000001,3660.451842753344,0.8833163636363637,11,120.9,2023-03-01,2.85858464241028,37,37,1,0,6.842412672776703
Arbutus Ridge,2023,3,night,5383,1.18499,4542.654368391294,0.789632,16,120.9,2023-03-01,2.85858464241028,37,37,1,0,12.858774527437253
Arbutus Ridge,2023,4,day,3523,1.0416,3382.2964669738863,0.7778133333333334,7,122,2023-04-01,3.25756216049194,37,37,1,0,6.345264191225573
Arbutus Ridge,2023,4,night,2459,0.61461,4000.911146906168,0.780288,6,122,2023-04-01,3.25756216049194,37,37,1,0,11.36612072954057
Arbutus Ridge,2023,5,day,5398,1.47293,3664.804165846306,0.7791411111111111,11,122.1,2023-05-01,3.52271699905396,37,37,1,0,7.204564638577833
Arbutus Ridge,2023,5,night,3895,0.91522,4255.807346867419,0.6532983333333333,7,122.1,2023-05-01,3.52271699905396,37,37,1,0,12.669347570579374
Arbutus Ridge,2023,6,day,1661,0.27399,6062.2650461695675,0.65856,4,122,2023-06-01,NA,NA,NA,NA,0,12.034769751668236
Arbutus Ridge,2023,6,night,5857,1.39886,4186.980827245043,0.7353366666666666,9,122,2023-06-01,NA,NA,NA,NA,0,12.58691093014685
Arbutus Ridge,2023,7,day,3066,0.60069,5104.130250212256,0.78848,7,122.1,2023-07-01,3.0924711227417,37,37,1,0,10.613353401594798
Arbutus Ridge,2023,7,night,2243,0.60482,3708.541384213485,0.6845875,4,122.1,2023-07-01,3.0924711227417,37,37,1,0,11.67748526313932
Arbutus Ridge,2023,8,day,3733,0.77282,4830.361533086618,0.7505066666666667,9,122.1,2023-08-01,3.1547634601593,37,37,1,0,10.226157752272417
Arbutus Ridge,2023,8,night,3193,0.99308,3215.2495267249365,0.755968,11,122.1,2023-08-01,3.1547634601593,37,37,1,0,10.307725745437347
Arbutus Ridge,2023,9,day,2104,0.7266,2895.6785026149187,0.8192,6,122.5,2023-09-01,2.79577660560608,37,37,1,0,5.8019759029114155
Arbutus Ridge,2023,9,night,2814,0.75069,3748.551332773848,1.045248,7,122.5,2023-09-01,2.79577660560608,37,37,1,0,11.373767920082468
Arbutus Ridge,2023,10,day,2935,0.62506,4695.549227274182,0.686592,6,122.5,2023-10-01,2.52916860580444,37,37,1,0,9.466178913605562
Arbutus Ridge,2023,10,night,5147,1.36694,3765.344492077194,0.9261511111111111,10,122.5,2023-10-01,2.52916860580444,37,37,1,0,11.494983378521288
Arbutus Ridge,2023,11,day,4225,0.53573,7886.435331230284,0.548284,6,122.5,2023-11-01,2.67113471031189,37,37,1,0,14.324189533673218
Arbutus Ridge,2023,11,night,3855,0.7008,5500.856164383562,0.6550557142857143,9,122.5,2023-11-01,2.67113471031189,37,37,1,0,15.129860461591871
Arbutus Ridge,2023,12,day,2177,0.48711,4469.216398760033,0.7159466666666666,6,122.5,2023-12-01,2.99448251724243,37,37,1,0,7.88855117176441
Arbutus Ridge,2023,12,night,3417,0.76296,4478.60962566845,0.699904,8,122.5,2023-12-01,2.99448251724243,37,37,1,0,11.970833591925507
Arbutus Ridge,2024,1,day,5218,1.18422,4406.275860904224,0.7530785714285714,8,122.5,2024-01-01,4.25505065917969,37,37,1,0,7.6342396039484655
Arbutus Ridge,2024,1,night,7367,1.5422,4776.942030864998,0.7188245454545454,14,122.5,2024-01-01,4.25505065917969,37,37,1,0,12.533125693974238
Arbutus Ridge,2024,2,day,1418,0.11310999999999999,12536.46892405623,0.50176,2,122.4,2024-02-01,3.42245578765869,37,37,1,0,19.58932915886142
Arbutus Ridge,2024,2,night,6468,1.34879,4795.409218632997,0.6834427272727273,14,122.4,2024-02-01,3.42245578765869,37,37,1,0,11.34711170283433
Arbutus Ridge,2024,3,day,3249,0.85619,3794.718462023616,0.8460799999999999,8,122.5,2024-03-01,3.40482687950134,37,37,1,0,6.632485971592392
Arbutus Ridge,2024,3,night,2986,0.76605,3897.917890477123,0.798464,7,122.5,2024-03-01,3.40482687950134,37,37,1,0,10.316794677144802
Arbutus Ridge,2024,4,day,3826,1.08621,3522.3391425230852,0.6936183333333333,8,130.3,2024-04-01,3.18987011909485,37,37,1,0,6.178619065125024
Arbutus Ridge,2024,4,night,5229,1.4017300000000001,3730.390303410785,0.8290133333333334,20,130.3,2024-04-01,3.18987011909485,37,37,1,0,9.909000397311871
Arbutus Ridge,2024,5,day,2996,0.58202,5147.5894299164975,0.793344,8,130.4,2024-05-01,3.41573023796082,37,37,1,0,9.462003061397752
Arbutus Ridge,2024,5,night,3344,0.93977,3558.3174606552666,0.80896,12,130.4,2024-05-01,3.41573023796082,37,37,1,0,9.904651438159078
Arbutus Ridge,2024,6,day,3098,0.90058,3440.0053298985094,0.880896,7,130.3,2024-06-01,NA,NA,NA,NA,0,6.3853424727715575
Arbutus Ridge,2024,6,night,4036,1.01844,3962.9236872078864,0.7064385714285715,8,130.3,2024-06-01,NA,NA,NA,NA,0,11.13925408329115
Arbutus Ridge,2024,7,day,3682,0.88937,4140.00922000967,0.8622933333333334,11,130.4,2024-07-01,2.66782665252686,37,37,1,0,8.049231155186204
Arbutus Ridge,2024,7,night,2625,0.61117,4295.0406597182455,0.921088,5,130.4,2024-07-01,2.66782665252686,37,37,1,0,12.645490851988749
Arbutus Ridge,2024,8,day,3503,1.11743,3134.8719830324944,0.8518399999999999,7,130.4,2024-08-01,2.28456497192383,37,37,1,0,6.205472787093308
Arbutus Ridge,2024,8,night,2773,0.59688,4645.824956440156,0.9143466666666666,7,130.4,2024-08-01,2.28456497192383,37,37,1,0,13.9262192598427
Arbutus Ridge,2024,9,day,567,0.04279,13250.759523253097,0.54144,1,130.3,2024-09-01,2.01927042007446,37,37,1,0,24.824960450209304
Arbutus Ridge,2024,9,night,3455,0.9692000000000001,3564.7957078002473,0.7825066666666667,8,130.3,2024-09-01,2.01927042007446,37,37,1,0,10.11341340374778
Arbutus Ridge,2024,10,day,2700,0.70551,3827.0187523918867,0.805888,6,130.4,2024-10-01,2.77343320846558,37,37,1,0,7.213916562689346
Arbutus Ridge,2024,10,night,3459,0.98792,3501.2956514697544,0.8213333333333334,12,130.4,2024-10-01,2.77343320846558,37,37,1,0,9.994351744267641
Arbutus Ridge,2024,11,day,819,0.20779,3941.4793782183933,0.79616,2,130.3,2024-11-01,2.4577465057373,37,37,1,0,6.693769990232469
Arbutus Ridge,2024,11,night,3924,1.10628,3547.0224536283763,0.7258316666666667,9,130.3,2024-11-01,2.4577465057373,37,37,1,0,9.122015066401786
Arbutus Ridge,2024,12,day,1628,0.51235,3177.5153703522983,0.7726933333333333,3,130.4,2024-12-01,2.807697057724,37,37,1,0,5.244157632442648
Arbutus Ridge,2024,12,night,4379,1.49398,2931.0968018313497,0.94656,12,130.4,2024-12-01,2.807697057724,37,37,1,0,7.325437379109207
Downtown,2014,1,day,46743,3.33671,14008.709177603088,0.655450625,185,94.8,2014-01-01,19.6228179931641,54,54,1,1,284.3204492508151
Downtown,2014,1,night,52129,3.44001,15153.735018212155,0.67438725,341,94.8,2014-01-01,19.6228179931641,54,54,1,1,465.74155319201014
Downtown,2014,2,day,43473,3.1778399999999998,13680.046824257988,0.621039,239,94.8,2014-02-01,16.4793796539307,54,54,1,1,250.40776582006555
Downtown,2014,2,night,55323,3.6238099999999998,15266.528874306325,0.6624706818181818,374,94.8,2014-02-01,16.4793796539307,54,54,1,1,423.1709378826206
Downtown,2014,3,day,47178,3.31997,14210.369370807568,0.6491205882352942,242,94.8,2014-03-01,20.4445171356201,54,54,1,1,290.9497717223227
Downtown,2014,3,night,54898,3.49039,15728.328352992072,0.6518504651162791,396,94.8,2014-03-01,20.4445171356201,54,54,1,1,487.65259798143813
Downtown,2014,4,day,44582,3.25062,13714.922076403886,0.64442375,251,101.7,2014-04-01,25.2464427947998,54,54,1,1,281.8184810851716
Downtown,2014,4,night,48244,3.27299,14740.038924652992,0.6691148648648648,295,101.7,2014-04-01,25.2464427947998,54,54,1,1,458.6591658389566
Downtown,2014,5,day,53667,3.49653,15348.645657265919,0.6648434146341463,306,101.7,2014-05-01,14.5266456604004,54,54,1,1,330.4951708354769
Downtown,2014,5,night,55869,3.59139,15556.372323807773,0.6700830232558139,364,101.7,2014-05-01,14.5266456604004,54,54,1,1,507.2460899564485
Downtown,2014,6,day,55832,3.65043,15294.636522272718,0.6738386046511627,309,101.7,2014-06-01,NA,NA,NA,NA,1,332.5677363930031
Downtown,2014,6,night,59148,3.7004799999999998,15983.872362504324,0.6774604166666667,353,101.7,2014-06-01,NA,NA,NA,NA,1,526.3059477262823
Downtown,2014,7,day,56748,3.62522,15653.670673779798,0.6663328888888889,366,101.7,2014-07-01,12.1614542007446,54,54,1,1,356.52103462300363
Downtown,2014,7,night,55501,3.6425899999999998,15236.685984423173,0.6763688372093023,405,101.7,2014-07-01,12.1614542007446,54,54,1,1,525.5025207900526
Downtown,2014,8,day,53503,3.54432,15095.42027807873,0.6725078048780487,433,101.7,2014-08-01,15.7902746200562,54,54,1,1,350.0387691679968
Downtown,2014,8,night,56160,3.67322,15289.037955798998,0.6945828888888889,494,101.7,2014-08-01,15.7902746200562,54,54,1,1,536.8666407085325
Downtown,2014,9,day,55853,3.58857,15564.138361520048,0.6534622727272728,317,101.7,2014-09-01,20.5550956726074,54,54,1,1,341.57710233796166
Downtown,2014,9,night,56227,3.65965,15364.037544573934,0.6817095454545454,410,101.7,2014-09-01,20.5550956726074,54,54,1,1,510.6041589797573
Downtown,2014,10,day,50439,3.408,14800.176056338029,0.6207360526315789,272,101.7,2014-10-01,15.3166408538818,54,54,1,1,326.80845245563535
Downtown,2014,10,night,54562,3.51862,15506.647492482849,0.6529147619047619,402,101.7,2014-10-01,15.3166408538818,54,54,1,1,518.5129819230946
Downtown,2014,11,day,49587,3.36762,14724.642329003866,0.6399916666666666,243,101.7,2014-11-01,13.5710077285767,54,54,1,1,292.9356006602483
Downtown,2014,11,night,55395,3.5266,15707.763851868654,0.6469109523809524,485,101.7,2014-11-01,13.5710077285767,54,54,1,1,473.2134558043722
Downtown,2014,12,day,45984,3.28231,14009.645645901819,0.6238163636363636,203,101.7,2014-12-01,13.5610523223877,54,54,1,1,270.85141094969094
Downtown,2014,12,night,54081,3.48974,15497.143053637234,0.654697619047619,421,101.7,2014-12-01,13.5610523223877,54,54,1,1,453.7022309727576
Downtown,2015,1,day,45397,3.26147,13919.183680978209,0.6374016666666666,226,101.7,2015-01-01,9.65802955627441,54,53,0.981481481481482,1,292.55153613456946
Downtown,2015,1,night,54031,3.50824,15401.169817344311,0.6496082926829269,403,101.7,2015-01-01,9.65802955627441,54,53,0.981481481481482,1,490.1823251175278
Downtown,2015,2,day,44790,3.07472,14567.18010095228,0.6276369696969697,214,101.7,2015-02-01,14.5572500228882,54,54,1,1,276.13047422522266
Downtown,2015,2,night,47860,3.29732,14514.818094695085,0.6294664864864865,385,101.7,2015-02-01,14.5572500228882,54,54,1,1,416.6446097604959
Downtown,2015,3,day,50756,3.49426,14525.536165024925,0.6626784210526315,263,101.7,2015-03-01,14.4926662445068,54,54,1,1,307.9806744255035
Downtown,2015,3,night,49806,3.32366,14985.2873037555,0.6213094285714286,351,101.7,2015-03-01,14.4926662445068,54,54,1,1,481.14024894299155
Downtown,2015,4,day,48836,3.42476,14259.685350214322,0.6806097368421052,272,107.7,2015-04-01,14.9884347915649,54,54,1,1,303.4343252143009
Downtown,2015,4,night,51005,3.4167,14928.147042467877,0.6381121621621622,334,107.7,2015-04-01,14.9884347915649,54,54,1,1,481.03423976332243
Downtown,2015,5,day,50154,3.4192299999999998,14668.214773501637,0.6149337837837838,331,107.7,2015-05-01,15.066801071167,54,53,0.981481481481482,1,327.0777171797006
Downtown,2015,5,night,57759,3.6042899999999998,16025.070124767986,0.6633673913043479,369,107.7,2015-05-01,15.066801071167,54,53,0.981481481481482,1,541.1142329307648
Downtown,2015,6,day,52363,3.53222,14824.388061898748,0.66277125,361,107.7,2015-06-01,NA,NA,NA,NA,1,333.8077140909089
Downtown,2015,6,night,56711,3.54632,15991.5066886237,0.6792659090909091,382,107.7,2015-06-01,NA,NA,NA,NA,1,545.2859387935783
Downtown,2015,7,day,56984,3.63984,15655.633214646798,0.6726984782608696,444,107.7,2015-07-01,12.9559812545776,54,54,1,1,369.2480776409083
Downtown,2015,7,night,53262,3.56563,14937.612707992697,0.6922805,407,107.7,2015-07-01,12.9559812545776,54,54,1,1,533.511912790529
Downtown,2015,8,day,55094,3.58203,15380.664036872946,0.6692652380952381,375,107.7,2015-08-01,13.8689670562744,54,54,1,1,369.3385711037845
Downtown,2015,8,night,54324,3.56712,15229.092377043666,0.6527014285714285,402,107.7,2015-08-01,13.8689670562744,54,54,1,1,553.7821089477376
Downtown,2015,9,day,56936,3.63844,15648.464726641087,0.6869313636363636,396,107.7,2015-09-01,13.1631917953491,54,54,1,1,355.64281732373263
Downtown,2015,9,night,58834,3.71852,15821.886126738596,0.6907987234042553,423,107.7,2015-09-01,13.1631917953491,54,54,1,1,544.5225657795585
Downtown,2015,10,day,49553,3.29935,15019.018897661661,0.6462138888888889,369,107.7,2015-10-01,13.8234024047852,54,54,1,1,343.4366207132033
Downtown,2015,10,night,53545,3.53244,15158.077702664448,0.6624914634146342,488,107.7,2015-10-01,13.8234024047852,54,54,1,1,524.885394837278
Downtown,2015,11,day,48396,3.10528,15585.068013190437,0.6311828205128205,356,107.7,2015-11-01,16.96413230896,54,54,1,1,321.081100012076
Downtown,2015,11,night,51950,3.46062,15011.760898336137,0.6379597368421053,525,107.7,2015-11-01,16.96413230896,54,54,1,1,468.33110148211813
Downtown,2015,12,day,47862,3.19299,14989.711837494011,0.6287263888888889,263,107.7,2015-12-01,8.56614017486572,54,53,0.981481481481482,1,300.10682719772797
Downtown,2015,12,night,55833,3.58074,15592.587007154945,0.6616852272727273,507,107.7,2015-12-01,8.56614017486572,54,53,0.981481481481482,1,472.7331833356402
Downtown,2016,1,day,51470,3.4391599999999998,14965.86375742914,0.6680538461538461,324,107.7,2016-01-01,10.3121843338013,54,54,1,1,329.8888555589648
Downtown,2016,1,night,56424,3.59916,15676.991297969527,0.6664562222222222,614,107.7,2016-01-01,10.3121843338013,54,54,1,1,523.291758959193
Downtown,2016,2,day,52101,3.34489,15576.29697837597,0.6540565,316,107.6,2016-02-01,9.96537399291992,54,53,0.981481481481482,1,309.6565765320014
Downtown,2016,2,night,56432,3.56182,15843.585582651565,0.6430186363636363,499,107.6,2016-02-01,9.96537399291992,54,53,0.981481481481482,1,476.96321311298846
Downtown,2016,3,day,55678,3.63083,15334.785710154427,0.6841725,411,107.7,2016-03-01,23.3471240997314,54,54,1,1,340.99361359509413
Downtown,2016,3,night,55568,3.49322,15907.386308334431,0.644413488372093,523,107.7,2016-03-01,23.3471240997314,54,54,1,1,535.6519407781501
Downtown,2016,4,day,54686,3.50635,15596.275329045875,0.6642645,436,112.2,2016-04-01,18.2136421203613,54,54,1,1,348.05902439036424
Downtown,2016,4,night,55494,3.53327,15706.130581585896,0.652225909090909,470,112.2,2016-04-01,18.2136421203613,54,54,1,1,530.7824198170736
Downtown,2016,5,day,49393,3.3781499999999998,14621.316400988708,0.6327975,523,112.3,2016-05-01,12.1705846786499,54,54,1,1,341.9301627056503
Downtown,2016,5,night,53885,3.55151,15172.419618697399,0.6752842857142857,491,112.3,2016-05-01,12.1705846786499,54,54,1,1,537.3052747841353
Downtown,2016,6,day,54075,3.6101199999999998,14978.726468926241,0.6794747619047619,483,112.2,2016-06-01,NA,NA,NA,NA,1,353.72986128394604
Downtown,2016,6,night,56546,3.62463,15600.488877485426,0.672932,488,112.2,2016-06-01,NA,NA,NA,NA,1,557.8922943686218
Downtown,2016,7,day,53361,3.52689,15129.76021367267,0.6610645,479,112.3,2016-07-01,12.0337209701538,54,54,1,1,374.2457612604311
Downtown,2016,7,night,56460,3.63182,15545.92463282872,0.6715568181818182,466,112.3,2016-07-01,12.0337209701538,54,54,1,1,582.3133195280271
Downtown,2016,8,day,50733,3.44104,14743.507776718667,0.6880251282051282,428,112.3,2016-08-01,18.5488605499268,54,54,1,1,371.30230224282917
Downtown,2016,8,night,53305,3.55376,14999.606051055784,0.667817619047619,436,112.3,2016-08-01,18.5488605499268,54,54,1,1,572.0341976972069
Downtown,2016,9,day,51797,3.50322,14785.540160195478,0.6446131707317073,391,112.2,2016-09-01,13.2130365371704,54,54,1,1,352.4169124695488
Downtown,2016,9,night,58061,3.65634,15879.54074292872,0.6671517391304348,440,112.2,2016-09-01,13.2130365371704,54,54,1,1,573.1559506702462
Downtown,2016,10,day,52126,3.43983,15153.65584927162,0.6560033333333334,394,112.3,2016-10-01,19.4990139007568,54,54,1,1,363.41236369536415
Downtown,2016,10,night,54963,3.54235,15515.97103617655,0.6429795238095238,529,112.3,2016-10-01,19.4990139007568,54,54,1,1,563.4774749929024
Downtown,2016,11,day,49607,3.39817,14598.151357936773,0.6493064864864865,319,112.2,2016-11-01,11.6934881210327,54,54,1,1,315.4141282239142
Downtown,2016,11,night,52328,3.5157599999999998,14883.837349534668,0.6672160975609757,503,112.2,2016-11-01,11.6934881210327,54,54,1,1,486.98268162616455
Downtown,2016,12,day,47445,3.32307,14277.460300264514,0.6419054285714286,263,112.3,2016-12-01,12.4350299835205,54,54,1,1,299.7856170555084
Downtown,2016,12,night,52650,3.44229,15295.050678472762,0.630980731707317,468,112.3,2016-12-01,12.4350299835205,54,54,1,1,486.3244147150986
Downtown,2017,1,day,44962,3.25165,13827.441452800886,0.6723017647058823,270,112.3,2017-01-01,16.0089740753174,54,54,1,1,289.5419200947085
Downtown,2017,1,night,55421,3.57801,15489.33625115637,0.6689024444444445,476,112.3,2017-01-01,16.0089740753174,54,54,1,1,491.1540738601572
Downtown,2017,2,day,45058,3.09352,14565.284853500221,0.6199577419354839,283,112.1,2017-02-01,14.5325584411621,54,54,1,1,275.0672189390489
Downtown,2017,2,night,53403,3.5187399999999998,15176.739401035598,0.6588885,440,112.1,2017-02-01,14.5325584411621,54,54,1,1,434.0239069195723
Downtown,2017,3,day,46208,3.24711,14230.500352621253,0.6184758823529412,405,112.3,2017-03-01,16.1028881072998,54,54,1,1,300.60241752192246
Downtown,2017,3,night,53302,3.35129,15904.920194910019,0.6560227906976744,466,112.3,2017-03-01,16.1028881072998,54,54,1,1,508.76721075304187
Downtown,2017,4,day,53407,3.49735,15270.70496232862,0.6680565,449,115.2,2017-04-01,14.0553131103516,54,54,1,1,323.73887736750686
Downtown,2017,4,night,48905,3.39737,14394.958453156412,0.6359947368421053,411,115.2,2017-04-01,14.0553131103516,54,54,1,1,462.1271740883723
Downtown,2017,5,day,53494,3.47908,15375.903974613977,0.6374805,429,115.3,2017-05-01,14.6385898590088,54,54,1,1,341.5823016813247
Downtown,2017,5,night,53739,3.50679,15324.270914426013,0.6546088372093023,439,115.3,2017-05-01,14.6385898590088,54,54,1,1,515.5251351294523
Downtown,2017,6,day,51585,3.39719,15184.60845581201,0.6585223809523809,434,115.2,2017-06-01,NA,NA,NA,NA,1,340.64670807427876
Downtown,2017,6,night,52172,3.46735,15046.649458520194,0.6521205,429,115.2,2017-06-01,NA,NA,NA,NA,1,511.1586599416905
Downtown,2017,7,day,55015,3.5845,15348.026224020088,0.6766709523809524,465,115.3,2017-07-01,11.2850112915039,54,54,1,1,360.64601891198123
Downtown,2017,7,night,53405,3.50667,15229.548260885684,0.684199512195122,439,115.3,2017-07-01,11.2850112915039,54,54,1,1,541.9147256688091
Downtown,2017,8,day,53319,3.53144,15098.37346804703,0.6589719047619048,489,115.3,2017-08-01,12.7713356018066,54,54,1,1,361.2108169639092
Downtown,2017,8,night,53070,3.51358,15104.252642603838,0.6734252380952381,530,115.3,2017-08-01,12.7713356018066,54,54,1,1,547.1988122103106
Downtown,2017,9,day,54615,3.53563,15447.034899013755,0.6461490476190477,446,115.2,2017-09-01,12.4536933898926,54,54,1,1,349.75863014227576
Downtown,2017,9,night,57575,3.63607,15834.403628092969,0.6569117391304348,551,115.2,2017-09-01,12.4536933898926,54,54,1,1,542.9256297944585
Downtown,2017,10,day,56078,3.59933,15580.12185601209,0.676086046511628,378,115.3,2017-10-01,16.2064990997314,54,54,1,1,354.9415924322994
Downtown,2017,10,night,55310,3.5327,15656.579953010445,0.6531277272727273,512,115.3,2017-10-01,16.2064990997314,54,54,1,1,540.1299563703457
Downtown,2017,11,day,45081,3.2225,13989.44918541505,0.6668840625,343,115.2,2017-11-01,13.0833959579468,54,48,0.888888888888889,1,287.13600940654095
Downtown,2017,11,night,58740,3.64071,16134.215578829404,0.6641229787234042,568,115.2,2017-11-01,13.0833959579468,54,48,0.888888888888889,1,501.4760793097177
Downtown,2017,12,day,49107,3.2965999999999998,14896.256749378148,0.6506460000000001,284,115.3,2017-12-01,13.2164144515991,54,54,1,1,297.12606087867925
Downtown,2017,12,night,55405,3.58914,15436.845595323672,0.6713827906976744,586,115.3,2017-12-01,13.2164144515991,54,54,1,1,466.270004125202
Downtown,2018,1,day,49131,3.38139,14529.823534108753,0.6344036111111111,341,115.3,2018-01-01,16.7301998138428,54,54,1,1,306.98973793333806
Downtown,2018,1,night,57497,3.56464,16129.81956102159,0.675158125,618,115.3,2018-01-01,16.7301998138428,54,54,1,1,516.0696850150198
Downtown,2018,2,day,48539,3.35635,14461.840987978012,0.6341642857142857,291,115.1,2018-02-01,25.7280693054199,54,54,1,1,275.5734241066608
Downtown,2018,2,night,56060,3.60709,15541.61387711424,0.6718768181818182,519,115.1,2018-02-01,25.7280693054199,54,54,1,1,448.461521995898
Downtown,2018,3,day,55511,3.54044,15679.12462857724,0.6665306976744186,378,115.3,2018-03-01,20.7787971496582,54,54,1,1,334.1858116082314
Downtown,2018,3,night,56186,3.6252,15498.731104490787,0.6906926086956522,478,115.3,2018-03-01,20.7787971496582,54,54,1,1,500.239129201624
Downtown,2018,4,day,55414,3.57571,15497.341786666146,0.6573895454545454,428,118.7,2018-04-01,19.5984382629395,54,54,1,1,331.50255327425566
Downtown,2018,4,night,53326,3.4904,15277.905111162043,0.662845,525,118.7,2018-04-01,19.5984382629395,54,54,1,1,494.8901339255809
Downtown,2018,5,day,54827,3.60253,15219.0266285083,0.6679395238095238,443,118.8,2018-05-01,16.406156539917,54,54,1,1,341.142223634166
Downtown,2018,5,night,53076,3.47218,15286.073878658366,0.6624551219512195,441,118.8,2018-05-01,16.406156539917,54,54,1,1,518.8715685934123
Downtown,2018,6,day,53068,3.55471,14928.92528504435,0.6525741463414634,473,118.7,2018-06-01,NA,NA,NA,NA,1,337.9271141786388
Downtown,2018,6,night,55989,3.50934,15954.282001743919,0.6602268888888889,474,118.7,2018-06-01,NA,NA,NA,NA,1,546.8737532719878
Downtown,2018,7,day,54633,3.51428,15546.000887806322,0.6495926829268293,447,118.8,2018-07-01,11.5207748413086,54,54,1,1,368.5880022518856
Downtown,2018,7,night,55796,3.63202,15362.250207873305,0.6688997727272727,487,118.8,2018-07-01,11.5207748413086,54,54,1,1,551.5598714831307
Downtown,2018,8,day,54586,3.55874,15338.574888865161,0.6724246511627907,470,118.8,2018-08-01,9.75477695465088,54,54,1,1,370.2622971732031
Downtown,2018,8,night,56554,3.65534,15471.611395930338,0.6732875555555555,543,118.8,2018-08-01,9.75477695465088,54,54,1,1,565.5556557405594
Downtown,2018,9,day,55463,3.62855,15285.169006903583,0.6606516279069767,439,118.7,2018-09-01,13.4371109008789,54,54,1,1,349.210628351197
Downtown,2018,9,night,58323,3.66661,15906.518555286764,0.6922508695652174,563,118.7,2018-09-01,13.4371109008789,54,54,1,1,550.3103305627333
Downtown,2018,10,day,52767,3.46744,15217.85524767552,0.63946975,383,118.8,2018-10-01,15.9178190231323,54,54,1,1,349.8109409073401
Downtown,2018,10,night,55766,3.55707,15677.509860643731,0.6563713636363636,534,118.8,2018-10-01,15.9178190231323,54,54,1,1,545.7231075588662
Downtown,2018,11,day,53090,3.45653,15359.334361339263,0.6563673170731708,356,118.7,2018-11-01,15.7588834762573,54,54,1,1,318.09243192559217
Downtown,2018,11,night,55867,3.5943199999999997,15543.134723675134,0.6682482222222222,618,118.7,2018-11-01,15.7588834762573,54,54,1,1,487.4553868520257
Downtown,2018,12,day,49357,3.33782,14787.196433600375,0.6593991666666666,314,118.8,2018-12-01,20.4011154174805,54,54,1,1,297.6071321420062
Downtown,2018,12,night,58010,3.64721,15905.308441246872,0.6651760869565218,668,118.8,2018-12-01,20.4011154174805,54,54,1,1,484.7467536833232
Downtown,2019,1,day,46748,3.2913799999999998,14203.160984146469,0.6295441176470589,368,118.8,2019-01-01,17.6537456512451,54,54,1,1,325.1654842083232
Downtown,2019,1,night,56683,3.60279,15733.08463718396,0.6742688888888889,666,118.8,2019-01-01,17.6537456512451,54,54,1,1,545.4420676602933
Downtown,2019,2,day,44336,3.05706,14502.822973706765,0.6380335294117647,338,118.6,2019-02-01,21.0916137695312,54,54,1,1,299.44854569096196
Downtown,2019,2,night,53864,3.46462,15546.870941113311,0.6385358536585366,515,118.6,2019-02-01,21.0916137695312,54,54,1,1,486.10263672946564
Downtown,2019,3,day,54992,3.50921,15670.76350517638,0.6395254761904762,419,118.8,2019-03-01,18.1898193359375,54,54,1,1,361.9197335050263
Downtown,2019,3,night,53027,3.53493,15000.862817651268,0.657069761904762,565,118.8,2019-03-01,18.1898193359375,54,54,1,1,524.6306597693664
Downtown,2019,4,day,53835,3.5812399999999998,15032.502708559048,0.6611279069767442,455,120.9,2019-04-01,18.9313068389893,54,54,1,1,348.4310655554443
Downtown,2019,4,night,53863,3.53203,15249.870471088865,0.6802919512195122,514,120.9,2019-04-01,18.9313068389893,54,54,1,1,535.2627909543809
Downtown,2019,5,day,51072,3.53578,14444.337600190058,0.6647061538461538,497,120.9,2019-05-01,15.6312808990479,54,54,1,1,350.83437665427914
Downtown,2019,5,night,57486,3.62779,15846.010932275572,0.6681673913043479,560,120.9,2019-05-01,15.6312808990479,54,54,1,1,582.8271617086141
Downtown,2019,6,day,55409,3.61529,15326.294709414737,0.6741809302325581,449,120.9,2019-06-01,NA,NA,NA,NA,1,375.9132027954779
Downtown,2019,6,night,57541,3.65699,15734.524841467983,0.6747760869565217,511,120.9,2019-06-01,NA,NA,NA,NA,1,584.4123168202375
Downtown,2019,7,day,55083,3.54967,15517.780526077073,0.65357,550,120.9,2019-07-01,12.5451078414917,54,54,1,1,398.66492117625
Downtown,2019,7,night,58490,3.74053,15636.821519945033,0.6842887755102041,597,120.9,2019-07-01,12.5451078414917,54,54,1,1,608.3341798909404
Downtown,2019,8,day,53327,3.57612,14911.971634061498,0.6803439024390244,565,120.9,2019-08-01,13.8164253234863,54,54,1,1,390.04566988372005
Downtown,2019,8,night,58857,3.67151,16030.733948702305,0.6768604166666666,586,120.9,2019-08-01,13.8164253234863,54,54,1,1,634.9640239680189
Downtown,2019,9,day,55800,3.59009,15542.785835452592,0.6545870454545455,529,120.9,2019-09-01,21.2926368713379,54,54,1,1,384.7706906220578
Downtown,2019,9,night,59236,3.66244,16173.916842323697,0.6580497872340425,596,120.9,2019-09-01,21.2926368713379,54,54,1,1,606.3224471162732
Downtown,2019,10,day,53275,3.47336,15338.173987147891,0.6546034146341464,517,120.9,2019-10-01,14.4413919448853,54,54,1,1,382.04059391913285
Downtown,2019,10,night,56275,3.62156,15538.883795933243,0.6666268888888889,650,120.9,2019-10-01,14.4413919448853,54,54,1,1,586.0990152419413
Downtown,2019,11,day,51721,3.51305,14722.534549750219,0.67194846153846155,439,120.9,2019-11-01,28.0256729125977,54,54,1,1,330.384326198036
Downtown,2019,11,night,56986,3.63904,15659.624516355962,0.6732733333333333,690,120.9,2019-11-01,28.0256729125977,54,54,1,1,532.1493291820741
Downtown,2019,12,day,53489,3.50875,15244.460277876737,0.6516885,393,120.9,2019-12-01,13.3208885192871,54,54,1,1,332.44932661472336
Downtown,2019,12,night,58337,3.69257,15798.481816187643,0.6759970212765958,652,120.9,2019-12-01,13.3208885192871,54,54,1,1,521.727922299517
Downtown,2020,1,day,52848,3.41912,15456.60871803271,0.651441282051282,415,120.9,2020-01-01,9.88970470428467,54,49,0.907407407407407,1,286.0877244259477
Downtown,2020,1,night,56691,3.61481,15682.98195479154,0.6625497777777778,622,120.9,2020-01-01,9.88970470428467,54,49,0.907407407407407,1,439.57094063586936
Downtown,2020,2,day,50670,3.31079,15304.504363007018,0.6465205,419,120.8,2020-02-01,19.6616973876953,54,54,1,1,255.47859085891372
Downtown,2020,2,night,56650,3.57389,15851.075438807573,0.6643702222222222,616,120.8,2020-02-01,19.6616973876953,54,54,1,1,400.6907312471289
Downtown,2020,3,day,48276,3.29272,14661.434923103088,0.64421542857142855,334,120.9,2020-03-01,18.3232002258301,54,54,1,1,273.75632628654097
Downtown,2020,3,night,54255,3.5652399999999997,15217.769350730947,0.6728004761904762,438,120.9,2020-03-01,18.3232002258301,54,54,1,1,430.2828193228319
Downtown,2020,4,day,54692,3.57619,15293.370877945523,0.6683814285714286,246,119.6,2020-04-01,22.3436222076416,54,54,1,1,286.5856095326405
Downtown,2020,4,night,53209,3.52608,15090.128414556675,0.6719765,238,119.6,2020-04-01,22.3436222076416,54,54,1,1,428.212573370177
Downtown,2020,5,day,49579,3.35938,14758.378034041996,0.6705042857142857,137,119.7,2020-05-01,18.7050514221191,54,54,1,1,289.80690017671304
Downtown,2020,5,night,50897,3.4788799999999998,14630.283309570897,0.6548636842105263,160,119.7,2020-05-01,18.7050514221191,54,54,1,1,435.04897349548423
Downtown,2020,6,day,48592,3.24299,14983.703310833522,0.6456477142857143,176,119.6,2020-06-01,NA,NA,NA,NA,1,297.1222342536945
Downtown,2020,6,night,46471,3.199,14526.727102219444,0.632125,167,119.6,2020-06-01,NA,NA,NA,NA,1,436.2134839819443
Downtown,2020,7,day,48132,3.3685899999999998,14288.470843884237,0.6495548571428571,206,119.7,2020-07-01,11.9917097091675,54,54,1,1,296.7766658419294
Downtown,2020,7,night,52079,3.51699,14807.832834327082,0.6732723076923077,216,119.7,2020-07-01,11.9917097091675,54,54,1,1,465.7478111279067
Downtown,2020,8,day,55129,3.52651,15632.73604782065,0.6681058536585366,271,119.7,2020-08-01,13.4322881698608,54,54,1,1,330.58334311959425
Downtown,2020,8,night,53446,3.49181,15306.101992949216,0.6579282926829269,303,119.7,2020-08-01,13.4322881698608,54,54,1,1,490.1464891700744
Downtown,2020,9,day,57058,3.49741,16314.358339456912,0.6559781395348837,239,119.6,2020-09-01,14.9773359298706,54,54,1,1,326.51918013084617
Downtown,2020,9,night,54085,3.50358,15437.067228377831,0.653616511627907,277,119.6,2020-09-01,14.9773359298706,54,54,1,1,467.86312437410163
Downtown,2020,10,day,50555,3.31839,15234.797597630177,0.6363452631578947,277,119.7,2020-10-01,14.0405006408691,54,54,1,1,306.7878251320501
Downtown,2020,10,night,58880,3.72545,15804.80210444376,0.6915068085106383,330,119.7,2020-10-01,14.0405006408691,54,54,1,1,481.954251000979
Downtown,2020,11,day,48394,3.32617,14549.466804162144,0.6501783333333333,187,119.6,2020-11-01,12.0226173400879,54,53,0.981481481481482,1,263.9669240557188
Downtown,2020,11,night,54301,3.56564,15228.963103397988,0.6553833333333333,267,119.6,2020-11-01,12.0226173400879,54,53,0.981481481481482,1,418.3965446837615
Downtown,2020,12,day,46853,3.1885,14694.370393602008,0.6272645714285714,173,119.7,2020-12-01,9.00077819824219,54,54,1,1,259.0776609810114
Downtown,2020,12,night,56848,3.56459,15947.977186717126,0.6783640909090909,279,119.7,2020-12-01,9.00077819824219,54,54,1,1,425.7943668966425
Downtown,2021,1,day,49016,3.18955,15367.685096643727,0.649955,188,119.7,2021-01-01,4.86155080795288,54,54,1,1,229.1937804091839
Downtown,2021,1,night,54903,3.51952,15599.570395963086,0.6381795238095238,342,119.7,2021-01-01,4.86155080795288,54,54,1,1,352.3078618643322
Downtown,2021,2,day,42153,3.0412,13860.647112981718,0.628861,159,119.5,2021-02-01,19.3024997711182,54,54,1,1,186.4352864099149
Downtown,2021,2,night,50750,3.42482,14818.297019989372,0.6579947222222222,253,119.5,2021-02-01,19.3024997711182,54,54,1,1,301.8270953037761
Downtown,2021,3,day,43961,3.04174,14452.583061011132,0.626415,159,119.7,2021-03-01,17.3061618804932,54,54,1,1,217.44154546944054
Downtown,2021,3,night,47768,3.20311,14913.00642188373,0.6269841176470589,204,119.7,2021-03-01,17.3061618804932,54,54,1,1,339.76416989981664
Downtown,2021,4,day,47404,3.2403,14629.50961330741,0.6601271428571429,168,120.1,2021-04-01,16.1429920196533,54,54,1,1,220.89724129417542
Downtown,2021,4,night,51352,3.49547,14691.014370027493,0.67569375,202,120.1,2021-04-01,16.1429920196533,54,54,1,1,335.91363155443054
Downtown,2021,5,day,47227,3.25317,14517.224737717366,0.6495191176470588,192,120.1,2021-05-01,18.3077220916748,54,54,1,1,229.70109007063374
Downtown,2021,5,night,51839,3.53915,14647.302318353277,0.66875525,196,120.1,2021-05-01,18.3077220916748,54,54,1,1,350.9557987855121
Downtown,2021,6,day,47289,3.42691,13799.311916566236,0.6782405555555555,216,120.1,2021-06-01,NA,NA,NA,NA,1,220.4868960079328
Downtown,2021,6,night,50641,3.42297,14794.462119153835,0.6515116666666667,203,120.1,2021-06-01,NA,NA,NA,NA,1,357.96441290936366
Downtown,2021,7,day,54482,3.51757,15488.533277233999,0.6573819512195122,257,120.1,2021-07-01,10.4345607757568,54,54,1,1,259.21710538958195
Downtown,2021,7,night,50049,3.29112,15207.285057974186,0.6273821621621621,264,120.1,2021-07-01,10.4345607757568,54,54,1,1,385.40768599511955
Downtown,2021,8,day,45003,3.24845,13853.684064707784,0.620510625,246,120.1,2021-08-01,11.4694633483887,54,54,1,1,236.05902907268614
Downtown,2021,8,night,57760,3.6363,15884.27797486456,0.6762742222222222,318,120.1,2021-08-01,11.4694633483887,54,54,1,1,409.8624548481251
Downtown,2021,9,day,50191,3.3521,14973.001998747053,0.66795,225,120.1,2021-09-01,15.7185678482056,54,54,1,1,241.46653367176768
Downtown,2021,9,night,56910,3.68844,15429.28717831929,0.6804526086956522,304,120.1,2021-09-01,15.7185678482056,54,54,1,1,376.7985723753141
Downtown,2021,10,day,43287,2.97383,14555.976636189695,0.6504569444444445,255,120.1,2021-10-01,14.1773233413696,54,54,1,1,236.18490995896877
Downtown,2021,10,night,54860,3.49499,15696.754497151636,0.65895,288,120.1,2021-10-01,14.1773233413696,54,54,1,1,385.6878730079986
Downtown,2021,11,day,49634,3.23152,15359.335544882902,0.6415945714285715,229,120.1,2021-11-01,13.2205677032471,54,54,1,1,224.5350928342681
Downtown,2021,11,night,55426,3.5561599999999998,15585.912894807883,0.6607111627906976,411,120.1,2021-11-01,13.2205677032471,54,54,1,1,345.03199125562423
Downtown,2021,12,day,46198,2.99403,15430.039111164551,0.6449881818181818,193,120.1,2021-12-01,19.3684711456299,54,54,1,1,219.2074836570805
Downtown,2021,12,night,51831,3.38048,15332.437996970844,0.6632623684210527,371,120.1,2021-12-01,19.3684711456299,54,54,1,1,329.848784463388
Downtown,2022,1,day,51002,3.40291,14987.76047559295,0.6484005555555555,213,120.1,2022-01-01,7.32633638381958,54,54,1,1,237.3013754487817
Downtown,2022,1,night,49914,3.37254,14800.12097706773,0.6247702702702703,313,120.1,2022-01-01,7.32633638381958,54,54,1,1,354.8494186221098
Downtown,2022,2,day,46851,3.20454,14620.195098204422,0.6210955882352941,184,120,2022-02-01,10.7250938415527,54,54,1,1,208.7694330802444
Downtown,2022,2,night,53066,3.46551,15312.60911092451,0.65085125,323,120,2022-02-01,10.7250938415527,54,54,1,1,331.11454695931826
Downtown,2022,3,day,47437,3.24431,14621.59904571388,0.6372242857142857,242,120.1,2022-03-01,15.1650896072388,54,54,1,1,233.53988330588825
Downtown,2022,3,night,52553,3.48083,15097.835860987178,0.63729,372,120.1,2022-03-01,15.1650896072388,54,54,1,1,365.1709396104032
Downtown,2022,4,day,49123,3.37759,14543.801941621095,0.6470191428571429,304,120.9,2022-04-01,15.7417364120483,54,54,1,1,233.13507161013706
Downtown,2022,4,night,46358,3.19225,14522.045579136971,0.6109130303030303,294,120.9,2022-04-01,15.7417364120483,54,54,1,1,352.51108338359523
Downtown,2022,5,day,51233,3.4125,15013.333333333332,0.6360286842105263,257,120.9,2022-05-01,13.1101818084717,54,54,1,1,252.18875605159775
Downtown,2022,5,night,55890,3.53527,15809.259264497477,0.6499055813953488,307,120.9,2022-05-01,13.1101818084717,54,54,1,1,402.1382976590927
Downtown,2022,6,day,50627,3.39688,14903.970702527025,0.64329,280,120.9,2022-06-01,NA,NA,NA,NA,1,252.81129688035156
Downtown,2022,6,night,50285,3.44136,14611.955738428993,0.6768036111111111,267,120.9,2022-06-01,NA,NA,NA,NA,1,375.3342162338074
Downtown,2022,7,day,50671,3.4432,14716.252323420074,0.65131000000000006,264,120.9,2022-07-01,12.7459592819214,54,53,0.981481481481482,1,261.468710647921
Downtown,2022,7,night,53381,3.57089,14948.934299292334,0.6712107142857143,320,120.9,2022-07-01,12.7459592819214,54,53,0.981481481481482,1,402.20554521610416
Downtown,2022,8,day,52297,3.50874,14904.780633503766,0.6785728205128205,307,120.9,2022-08-01,14.2366876602173,54,54,1,1,269.6187320622584
Downtown,2022,8,night,53042,3.55105,14936.990467608171,0.6572414634146342,328,120.9,2022-08-01,14.2366876602173,54,54,1,1,409.1691655087597
Downtown,2022,9,day,45525,3.28725,13848.961898243213,0.6542029411764706,275,120.9,2022-09-01,16.7317199707031,54,54,1,1,237.10156568047069
Downtown,2022,9,night,56648,3.64658,15534.555665856775,0.6843144444444444,341,120.9,2022-09-01,16.7317199707031,54,54,1,1,402.7461134461244
Downtown,2022,10,day,51293,3.41492,15020.26401789793,0.6362531578947368,287,120.9,2022-10-01,13.4395751953125,54,54,1,1,258.7363812294134
Downtown,2022,10,night,51436,3.40492,15106.375480187493,0.6526591891891892,328,120.9,2022-10-01,13.4395751953125,54,54,1,1,394.05380861278104
Downtown,2022,11,day,42502,2.84294,14950.016532181475,0.5879132142857143,182,120.9,2022-11-01,12.3604335784912,54,54,1,1,232.01849634939222
Downtown,2022,11,night,55758,3.59337,15516.910309820585,0.664545909090909,280,120.9,2022-11-01,12.3604335784912,54,54,1,1,364.67123337871925
Downtown,2022,12,day,46378,3.23522,14335.346591576461,0.6163741176470589,180,120.9,2022-12-01,15.2495899200439,54,53,0.981481481481482,1,216.20497523910697
Downtown,2022,12,night,51074,3.42687,14903.979433127022,0.641047027027027,381,120.9,2022-12-01,15.2495899200439,54,53,0.981481481481482,1,340.38863373558297
Downtown,2023,1,day,47757,3.32678,14355.32256416114,0.6459832352941176,203,120.9,2023-01-01,15.7430858612061,54,54,1,1,230.91178862112088
Downtown,2023,1,night,51697,3.39704,15218.248828391776,0.6413379487179487,322,120.9,2023-01-01,15.7430858612061,54,54,1,1,370.6919471849213
Downtown,2023,2,day,40612,3.0028799999999998,13524.349957374256,0.6013596296296296,207,120.7,2023-02-01,13.2412004470825,54,54,1,1,196.20035191969058
Downtown,2023,2,night,56066,3.59333,15602.7974051924,0.6574297777777778,387,120.7,2023-02-01,13.2412004470825,54,54,1,1,342.7687118846986
Downtown,2023,3,day,48135,3.31017,14541.549225568477,0.6281072222222223,248,120.9,2023-03-01,15.3426895141602,54,54,1,1,235.96441005453715
Downtown,2023,3,night,49293,3.44243,14319.245416755026,0.6627643589743589,433,120.9,2023-03-01,15.3426895141602,54,54,1,1,351.8611194497259
Downtown,2023,4,day,45282,3.24731,13944.464803175551,0.6418139393939394,236,122,2023-04-01,14.8607892990112,54,54,1,1,227.0916408534523
Downtown,2023,4,night,46599,3.2006,14559.457601699682,0.6221779411764706,287,122,2023-04-01,14.8607892990112,54,54,1,1,359.05403777897953
Downtown,2023,5,day,55140,3.5907999999999998,15355.90954661914,0.6889775,321,122.1,2023-05-01,16.7046165466309,54,54,1,1,262.0557996861969
Downtown,2023,5,night,51850,3.43663,15087.454861303078,0.6646821951219513,337,122.1,2023-05-01,16.7046165466309,54,54,1,1,389.8966783443988
Downtown,2023,6,day,52937,3.54906,14915.780516531138,0.6638965,402,122,2023-06-01,NA,NA,NA,NA,1,257.04556237841456
Downtown,2023,6,night,52157,3.52874,14780.629913226818,0.6644435897435897,326,122,2023-06-01,NA,NA,NA,NA,1,385.7202064296871
Downtown,2023,7,day,54714,3.4277699999999998,15961.981113085185,0.6637246341463414,374,122.1,2023-07-01,10.1641521453857,54,54,1,1,288.12366498656115
Downtown,2023,7,night,54528,3.49916,15583.168531876223,0.649150487804878,375,122.1,2023-07-01,10.1641521453857,54,54,1,1,425.9545154732576
Downtown,2023,8,day,51954,3.50847,14808.16424253307,0.6886378048780488,368,122.1,2023-08-01,17.6688251495361,54,54,1,1,272.1418509630898
Downtown,2023,8,night,53845,3.58132,15034.959177063207,0.6689072093023256,410,122.1,2023-08-01,17.6688251495361,54,54,1,1,418.4192781596744
Downtown,2023,9,day,50055,3.3585,14903.974988834301,0.6660973684210526,326,122.5,2023-09-01,15.5084743499756,54,54,1,1,259.23220421178877
Downtown,2023,9,night,50783,3.38943,14982.75521252836,0.6368085,369,122.5,2023-09-01,15.5084743499756,54,54,1,1,394.63340497561296
Downtown,2023,10,day,51123,3.38477,15103.832756730886,0.6492271052631579,276,122.5,2023-10-01,22.0563716888428,54,54,1,1,264.32408613673067
Downtown,2023,10,night,53978,3.5317,15283.857632301726,0.6652830952380953,353,122.5,2023-10-01,22.0563716888428,54,54,1,1,405.03996417426686
Downtown,2023,11,day,45092,3.28082,13744.124944373663,0.63314375,217,122.5,2023-11-01,24.3761940002441,54,54,1,1,216.7043692209943
Downtown,2023,11,night,52207,3.44323,15162.216871948724,0.64974725,345,122.5,2023-11-01,24.3761940002441,54,54,1,1,362.01669437119125
Downtown,2023,12,day,48515,3.2688099999999998,14841.79257895075,0.6231137142857143,256,122.5,2023-12-01,22.6721630096436,54,53,0.981481481481482,1,227.41205464392155
Downtown,2023,12,night,52895,3.34384,15818.63964783004,0.6349161538461539,431,122.5,2023-12-01,22.6721630096436,54,53,0.981481481481482,1,367.0384634198486
Downtown,2024,1,day,41998,2.94135,14278.47756982338,0.6441875,198,122.5,2024-01-01,16.6124801635742,54,54,1,1,214.75202489427957
Downtown,2024,1,night,52514,3.45049,15219.287695370804,0.65358725,309,122.5,2024-01-01,16.6124801635742,54,54,1,1,346.6290936820775
Downtown,2024,2,day,43032,3.16325,13603.73034063068,0.6384823333333334,258,122.4,2024-02-01,17.3785419464111,54,54,1,1,184.5285676159144
Downtown,2024,2,night,51870,3.44649,15050.094443912503,0.6639020512820513,336,122.4,2024-02-01,17.3785419464111,54,54,1,1,309.1435162456032
Downtown,2024,3,day,52961,3.37387,15697.403871518463,0.65357125,298,122.5,2024-03-01,21.4661350250244,54,54,1,1,238.16935075803244
Downtown,2024,3,night,52220,3.52149,14828.950245492675,0.65628575,299,122.5,2024-03-01,21.4661350250244,54,54,1,1,340.7091285491672
Downtown,2024,4,day,49787,3.44781,14440.180868435325,0.7005563157894736,245,130.3,2024-04-01,18.1645488739014,54,54,1,1,219.88426131700743
Downtown,2024,4,night,54064,3.55476,15208.90299204447,0.6636885,299,130.3,2024-04-01,18.1645488739014,54,54,1,1,350.69915771833075
Downtown,2024,5,day,45793,3.3097499999999997,13835.788201525796,0.67959,319,130.4,2024-05-01,13.2396068572998,54,54,1,1,220.7721818731164
Downtown,2024,5,night,55332,3.54253,15619.34549601556,0.6560283333333333,346,130.4,2024-05-01,13.2396068572998,54,54,1,1,377.41451361819486
Downtown,2024,6,day,48596,3.33884,14554.755543841575,0.6575723529411764,329,130.3,2024-06-01,NA,NA,NA,NA,1,234.5261402485713
Downtown,2024,6,night,50941,3.4495299999999998,14767.519053320308,0.65771,277,130.3,2024-06-01,NA,NA,NA,NA,1,360.3372845774608
Downtown,2024,7,day,56263,3.5486999999999997,15854.538281624258,0.6604730232558139,381,130.4,2024-07-01,8.01138496398926,54,54,1,1,267.5888116596742
Downtown,2024,7,night,53600,3.57657,14986.42554179004,0.6643126829268293,349,130.4,2024-07-01,8.01138496398926,54,54,1,1,383.02553978277075
Downtown,2024,8,day,51806,3.50785,14768.590447139986,0.6658485,382,130.4,2024-08-01,17.1094989776611,54,54,1,1,253.77881946614593
Downtown,2024,8,night,50787,3.45128,14715.409934864745,0.6455163157894737,411,130.4,2024-08-01,17.1094989776611,54,54,1,1,382.9164392346595
Downtown,2024,9,day,51476,3.45982,14878.230659398465,0.6768771794871795,336,130.3,2024-09-01,12.3624114990234,54,54,1,1,241.96934060117073
Downtown,2024,9,night,50024,3.43308,14571.17224183532,0.6503828205128205,367,130.3,2024-09-01,12.3624114990234,54,54,1,1,358.8548883243027
Downtown,2024,10,day,49649,3.3330699999999998,14895.876774265169,0.6381811428571429,384,130.4,2024-10-01,14.9915351867676,54,54,1,1,243.74620143627968
Downtown,2024,10,night,49522,3.32743,14882.957718118789,0.6276705405405405,445,130.4,2024-10-01,14.9915351867676,54,54,1,1,368.7876376418881
Downtown,2024,11,day,47537,3.18184,14940.097553616777,0.637218,251,130.3,2024-11-01,15.3329315185547,54,53,0.981481481481482,1,220.25522538470867
Downtown,2024,11,night,49223,3.3884499999999997,14526.700998981836,0.6306597142857143,406,130.3,2024-11-01,15.3329315185547,54,53,0.981481481481482,1,324.30609127539975
Downtown,2024,12,day,48382,3.28507,14727.844459935404,0.6547905714285714,261,130.4,2024-12-01,24.8179340362549,54,54,1,1,211.0029500428777
Downtown,2024,12,night,53947,3.44142,15675.796618837574,0.6514607317073171,416,130.4,2024-12-01,24.8179340362549,54,54,1,1,340.0903268668416
Dunbar-Southlands,2014,1,day,2572,1.11672,2303.1735797693245,1.120768,5,94.8,2014-01-01,1.97176432609558,95,95,1,0,11.12510914643376
Dunbar-Southlands,2014,1,night,6932,2.53149,2738.308269043133,1.116982857142857,21,94.8,2014-01-01,1.97176432609558,95,95,1,0,20.029738040068047
Dunbar-Southlands,2014,2,day,3418,1.02047,3349.4370241163388,1.1766857142857143,8,94.8,2014-02-01,1.88383030891418,95,95,1,0,14.591490585500265
Dunbar-Southlands,2014,2,night,5352,1.79812,2976.442061708896,1.1653818181818183,16,94.8,2014-02-01,1.88383030891418,95,95,1,0,19.63543815822605
Dunbar-Southlands,2014,3,day,2994,0.94213,3177.9053846072197,1.1445333333333334,9,94.8,2014-03-01,2.16434073448181,95,95,1,0,15.48535799961807
Dunbar-Southlands,2014,3,night,7235,3.84904,1879.6894810134474,1.0823007142857142,20,94.8,2014-03-01,2.16434073448181,95,95,1,0,13.870167933258431
Dunbar-Southlands,2014,4,day,4136,3.22774,1281.3919336749552,1.21792,9,101.7,2014-04-01,1.83732807636261,95,95,1,0,6.266510105614035
Dunbar-Southlands,2014,4,night,8705,4.40195,1977.532684378514,1.1312941176470588,38,101.7,2014-04-01,1.83732807636261,95,95,1,0,14.644776557047244
Dunbar-Southlands,2014,5,day,6035,3.60736,1672.9685975339307,1.0980266666666667,18,101.7,2014-05-01,2.06969881057739,95,95,1,0,8.573348548535728
Dunbar-Southlands,2014,5,night,6420,3.51356,1827.2065938819887,1.1617476923076924,19,101.7,2014-05-01,2.06969881057739,95,95,1,0,14.17965505623779
Dunbar-Southlands,2014,6,day,6646,3.86825,1718.0895753893878,1.1423176923076923,17,101.7,2014-06-01,NA,NA,NA,NA,0,8.891077378508694
Dunbar-Southlands,2014,6,night,6253,1.5077,4147.376799097964,1.0300799999999999,23,101.7,2014-06-01,NA,NA,NA,NA,0,32.50105076813247
Dunbar-Southlands,2014,7,day,6748,2.06652,3265.3930278923017,1.0232776923076923,20,101.7,2014-07-01,2.01139378547668,95,95,1,0,17.69995082068994
Dunbar-Southlands,2014,7,night,9860,3.113,3167.362672663026,1.0664745,34,101.7,2014-07-01,2.01139378547668,95,95,1,0,25.99858513000384
Dunbar-Southlands,2014,8,day,7044,4.05037,1739.1003784839409,1.096655,15,101.7,2014-08-01,1.817342877388,95,95,1,0,9.59761273082338
Dunbar-Southlands,2014,8,night,10768,5.07251,2122.8149377724244,1.110735238095238,33,101.7,2014-08-01,1.817342877388,95,95,1,0,17.74050704642204
Dunbar-Southlands,2014,9,day,5919,2.13887,2767.3491142519183,1.0996975,19,101.7,2014-09-01,1.81130158901215,95,95,1,0,14.454239654534048
Dunbar-Southlands,2014,9,night,6550,3.92572,1668.483743109544,1.2398276923076923,18,101.7,2014-09-01,1.81130158901215,95,95,1,0,13.196798961077345
Dunbar-Southlands,2014,10,day,5557,1.93462,2872.3987139593305,1.1053763636363636,18,101.7,2014-10-01,1.62169671058655,95,95,1,0,15.095195972427181
Dunbar-Southlands,2014,10,night,10031,3.41897,2933.9245445265683,1.177856,26,101.7,2014-10-01,1.62169671058655,95,95,1,0,23.34846281732959
Dunbar-Southlands,2014,11,day,5421,3.27507,1655.231796572287,1.1701527272727272,12,101.7,2014-11-01,1.96191787719727,95,95,1,0,7.8370723169561725
Dunbar-Southlands,2014,11,night,7246,2.4049300000000002,3012.9775087008766,1.1503235714285713,20,101.7,2014-11-01,1.96191787719727,95,95,1,0,21.602610966012158
Dunbar-Southlands,2014,12,day,4654,3.37108,1380.566465346417,1.2229211111111111,13,101.7,2014-12-01,2.18898797035217,95,95,1,0,6.352269349978212
Dunbar-Southlands,2014,12,night,10045,4.74471,2117.094616952353,1.167424,25,101.7,2014-12-01,2.18898797035217,95,95,1,0,14.751193971856262
Dunbar-Southlands,2015,1,day,3948,3.3452,1180.1984933636254,1.24538625,9,101.7,2015-01-01,1.67955136299133,95,95,1,0,5.903523630315122
Dunbar-Southlands,2015,1,night,11947,4.0302,2964.3690139447176,1.0836591304347827,39,101.7,2015-01-01,1.67955136299133,95,95,1,0,22.45452312008749
Dunbar-Southlands,2015,2,day,4721,3.42258,1379.3687802768673,1.1885511111111111,11,101.7,2015-02-01,2.03485727310181,95,95,1,0,6.222814779077319
Dunbar-Southlands,2015,2,night,7643,4.58699,1666.234284356408,1.2278326666666666,23,101.7,2015-02-01,2.03485727310181,95,95,1,0,11.383029714800331
Dunbar-Southlands,2015,3,day,5390,3.19465,1687.195780445432,1.1274081818181818,13,101.7,2015-03-01,1.95800244808197,95,95,1,0,8.513818890093866
Dunbar-Southlands,2015,3,night,7384,1.93737,3811.3525036518577,0.9914207142857143,18,101.7,2015-03-01,1.95800244808197,95,95,1,0,29.124157128609717
Dunbar-Southlands,2015,4,day,5850,3.8620900000000002,1514.723893021654,1.1434663636363636,14,107.7,2015-04-01,1.84465253353119,95,95,1,0,7.671068734690493
Dunbar-Southlands,2015,4,night,8309,2.67054,3111.355755764752,1.03744,26,107.7,2015-04-01,1.84465253353119,95,95,1,0,23.860931331018918
Dunbar-Southlands,2015,5,day,5702,3.6706600000000003,1553.3991162352274,1.2375272727272728,22,107.7,2015-05-01,1.90226340293884,95,95,1,0,8.243741868713759
Dunbar-Southlands,2015,5,night,6705,2.15167,3116.184173223589,1.0445453846153847,17,107.7,2015-05-01,1.90226340293884,95,95,1,0,25.04262033563564
Dunbar-Southlands,2015,6,day,6282,4.17285,1505.445918257306,1.1444266666666667,17,107.7,2015-06-01,NA,NA,NA,NA,0,8.067749131892173
Dunbar-Southlands,2015,6,night,8749,2.58133,3389.33805441381,1.0189047058823528,22,107.7,2015-06-01,NA,NA,NA,NA,0,27.505366464746263
Dunbar-Southlands,2015,7,day,7553,3.6229,2084.793949598388,1.1601066666666666,29,107.7,2015-07-01,2.00085234642029,95,95,1,0,11.70249262594518
Dunbar-Southlands,2015,7,night,13298,5.78696,2297.924989977467,1.1498007692307692,44,107.7,2015-07-01,2.00085234642029,95,95,1,0,19.532885637566427
Dunbar-Southlands,2015,8,day,5243,3.4519100000000003,1518.8692636830044,1.170304,12,107.7,2015-08-01,1.73659896850586,95,95,1,0,8.680357373375905
Dunbar-Southlands,2015,8,night,10855,5.43518,1997.1739666395592,1.1678254545454545,49,107.7,2015-08-01,1.73659896850586,95,95,1,0,17.284166025159983
Dunbar-Southlands,2015,9,day,5104,3.2285500000000003,1580.8954484211176,1.090517,13,107.7,2015-09-01,1.53388237953186,95,95,1,0,8.55092483573714
Dunbar-Southlands,2015,9,night,7992,2.65211,3013.4496683772545,1.08672,26,107.7,2015-09-01,1.53388237953186,95,95,1,0,24.682503259261907
Dunbar-Southlands,2015,10,day,8623,4.39929,1960.0890143636816,1.1784029411764705,18,107.7,2015-10-01,1.71630167961121,95,95,1,0,10.667151573993616
Dunbar-Southlands,2015,10,night,9493,3.49638,2715.0938971164464,1.2014484210526315,32,107.7,2015-10-01,1.71630167961121,95,95,1,0,22.37550501937824
Dunbar-Southlands,2015,11,day,7252,4.19435,1728.992573342711,1.160197857142857,19,107.7,2015-11-01,1.76772439479828,95,95,1,0,8.477480535013422
Dunbar-Southlands,2015,11,night,10368,3.25257,3187.633163928832,1.1507604761904762,58,107.7,2015-11-01,1.76772439479828,95,95,1,0,23.667769500780896
Dunbar-Southlands,2015,12,day,8853,4.71459,1877.7878882363045,1.1836444444444445,22,107.7,2015-12-01,1.30941092967987,95,95,1,0,8.947398038686098
Dunbar-Southlands,2015,12,night,11767,3.86965,3040.8434871370796,1.0990754166666667,38,107.7,2015-12-01,1.30941092967987,95,95,1,0,21.941161446225145
Dunbar-Southlands,2016,1,day,6622,3.75673,1762.7032019868343,1.17737,14,107.7,2016-01-01,1.94997704029083,95,95,1,0,9.24725180116772
Dunbar-Southlands,2016,1,night,8579,2.6987,3178.938007188646,1.0050258823529412,26,107.7,2016-01-01,1.94997704029083,95,95,1,0,25.254040346306265
Dunbar-Southlands,2016,2,day,3822,1.18963,3212.763632389903,1.0776,9,107.6,2016-02-01,1.80047786235809,95,95,1,0,15.200661831651281
Dunbar-Southlands,2016,2,night,12419,5.34678,2322.706376548128,1.1262804,34,107.6,2016-02-01,1.80047786235809,95,95,1,0,16.641533960123983
Dunbar-Southlands,2016,3,day,4045,1.56388,2586.5155894314144,1.03152,9,107.7,2016-03-01,1.75879085063934,95,95,1,0,13.68835523226525
Dunbar-Southlands,2016,3,night,8675,2.6928,3221.5537730243614,1.1638211764705881,26,107.7,2016-03-01,1.75879085063934,95,95,1,0,25.817659740463956
Dunbar-Southlands,2016,4,day,5858,1.85454,3158.734780592492,0.9661281818181818,12,112.2,2016-04-01,1.80176472663879,95,95,1,0,16.77694190563041
Dunbar-Southlands,2016,4,night,5533,3.87255,1428.7743218292856,1.2081645454545455,17,112.2,2016-04-01,1.80176472663879,95,95,1,0,11.491549594970708
Dunbar-Southlands,2016,5,day,4573,1.38744,3295.99838551577,1.0473244444444445,12,112.3,2016-05-01,1.75673460960388,95,95,1,0,18.34448657130202
Dunbar-Southlands,2016,5,night,8786,3.11767,2818.13020621169,1.1677627777777777,28,112.3,2016-05-01,1.75673460960388,95,95,1,0,23.751713546127476
Dunbar-Southlands,2016,6,day,4656,3.13828,1483.6152287240145,1.1427077777777779,18,112.2,2016-06-01,NA,NA,NA,NA,0,8.338458072913436
Dunbar-Southlands,2016,6,night,7835,2.66349,2941.6292158033257,1.053952,21,112.2,2016-06-01,NA,NA,NA,NA,0,25.036159987194132
Dunbar-Southlands,2016,7,day,3580,0.80838,4428.61030703382,1.0900114285714286,9,112.3,2016-07-01,1.60840284824371,95,95,1,0,26.071135374468426
Dunbar-Southlands,2016,7,night,9498,2.7047,3511.6648796539357,1.102528947368421,28,112.3,2016-07-01,1.60840284824371,95,95,1,0,31.30551578205542
Dunbar-Southlands,2016,8,day,4322,3.01351,1434.20795019761,1.2019199999999999,11,112.3,2016-08-01,1.63202214241028,95,95,1,0,8.59620131253658
Dunbar-Southlands,2016,8,night,7315,3.96016,1847.1475899963636,1.1863893333333333,20,112.3,2016-08-01,1.63202214241028,95,95,1,0,16.76530160395619
Dunbar-Southlands,2016,9,day,3712,1.02101,3635.61571385197,0.9438471428571429,8,112.2,2016-09-01,1.5350968837738,95,95,1,0,20.623632051495346
Dunbar-Southlands,2016,9,night,6776,2.44114,2775.752312444186,1.1041146153846153,19,112.2,2016-09-01,1.5350968837738,95,95,1,0,23.844224998851363
Dunbar-Southlands,2016,10,day,1422,0.39202,3627.3659507168004,1.0171733333333333,5,112.3,2016-10-01,1.54659140110016,95,95,1,0,20.7033814434587
Dunbar-Southlands,2016,10,night,7367,2.34973,3135.2538376749667,1.0860373333333333,19,112.3,2016-10-01,1.54659140110016,95,95,1,0,27.098043826852823
Dunbar-Southlands,2016,11,day,5835,3.74581,1557.740515402543,1.1469508333333334,13,112.2,2016-11-01,1.53354597091675,95,95,1,0,8.010249235428619
Dunbar-Southlands,2016,11,night,7557,2.5128,3007.402101241643,1.1290453333333332,26,112.2,2016-11-01,1.53354597091675,95,95,1,0,23.418427698887097
Dunbar-Southlands,2016,12,day,2933,1.2098,2424.367664076707,1.2421683333333333,7,112.3,2016-12-01,1.87184774875641,95,95,1,0,12.115070546308507
Dunbar-Southlands,2016,12,night,6762,3.99691,1691.8069208463537,1.15945,22,112.3,2016-12-01,1.87184774875641,95,95,1,0,12.802464577207568
Dunbar-Southlands,2017,1,day,3926,3.22474,1217.4624931002188,1.21424,8,112.3,2017-01-01,2.51618576049805,95,95,1,0,6.06726334454393
Dunbar-Southlands,2017,1,night,6966,2.76458,2519.731749488168,1.1304228571428572,24,112.3,2017-01-01,2.51618576049805,95,95,1,0,19.015462121652437
Dunbar-Southlands,2017,2,day,2479,0.9316800000000001,2660.7848188219127,1.144576,5,112.1,2017-02-01,3.84962344169617,95,95,1,0,11.959065406742894
Dunbar-Southlands,2017,2,night,7420,3.81574,1944.5769365837295,1.1246933333333333,17,112.1,2017-02-01,3.84962344169617,95,95,1,0,13.235121689334258
Dunbar-Southlands,2017,3,day,6829,1.9242299999999999,3548.9520483518086,1.029607142857143,16,112.3,2017-03-01,2.05472683906555,95,95,1,0,17.84185736569011
Dunbar-Southlands,2017,3,night,6972,1.97488,3530.3410840152314,1.0853785714285715,18,112.3,2017-03-01,2.05472683906555,95,95,1,0,26.876450963473467
Dunbar-Southlands,2017,4,day,5029,1.43637,3501.1870200575063,1.031765,15,115.2,2017-04-01,1.96207797527313,95,95,1,0,17.665206266718528
Dunbar-Southlands,2017,4,night,8132,2.47131,3290.562495194856,1.07464,18,115.2,2017-04-01,1.96207797527313,95,95,1,0,25.141365835605885
Dunbar-Southlands,2017,5,day,1889,0.87439,2160.36322464804,1.19904,4,115.3,2017-05-01,1.79703593254089,95,95,1,0,11.422182935173746
Dunbar-Southlands,2017,5,night,6622,1.76543,3750.9275360677,1.0170092307692307,17,115.3,2017-05-01,1.79703593254089,95,95,1,0,30.031452020846427
Dunbar-Southlands,2017,6,day,4241,2.7827,1524.0593668020267,1.0504,9,115.2,2017-06-01,NA,NA,NA,NA,0,8.137108672425468
Dunbar-Southlands,2017,6,night,6840,3.92431,1742.9815687343762,1.0337146153846153,21,115.2,2017-06-01,NA,NA,NA,NA,0,14.092120475947931
Dunbar-Southlands,2017,7,day,4393,1.11997,3922.4264935667925,0.97952,9,115.3,2017-07-01,2.22122883796692,95,95,1,0,21.93567771336627
Dunbar-Southlands,2017,7,night,7540,2.60448,2895.0116721956015,1.1362700000000001,26,115.3,2017-07-01,2.22122883796692,95,95,1,0,24.516692681052962
Dunbar-Southlands,2017,8,day,3056,0.82499,3704.2873246948448,1.06496,8,115.3,2017-08-01,1.65904784202576,95,95,1,0,21.09127733462222
Dunbar-Southlands,2017,8,night,9910,2.75882,3592.115469657317,1.089173,27,115.3,2017-08-01,1.65904784202576,95,95,1,0,30.971613188012103
Dunbar-Southlands,2017,9,day,4949,3.1377100000000002,1577.2649480034802,1.088341,12,115.2,2017-09-01,1.55778217315674,95,95,1,0,8.499543417631566
Dunbar-Southlands,2017,9,night,8327,4.04694,2057.604016862123,1.10992,20,115.2,2017-09-01,1.55778217315674,95,95,1,0,16.790671495283235
Dunbar-Southlands,2017,10,day,5089,1.77986,2859.2136460171023,1.16864,14,115.3,2017-10-01,1.74006521701813,95,95,1,0,15.502448040126838
Dunbar-Southlands,2017,10,night,11265,5.18293,2173.4810232821974,1.1356313636363637,35,115.3,2017-10-01,1.74006521701813,95,95,1,0,17.845340963197412
Dunbar-Southlands,2017,11,day,4614,3.17494,1453.255809558606,1.1968,10,115.2,2017-11-01,1.61315608024597,95,95,1,0,7.0989929702150825
Dunbar-Southlands,2017,11,night,11769,5.0024,2352.6707180553335,1.0795778260869566,33,115.2,2017-11-01,1.61315608024597,95,95,1,0,17.403281562667505
Dunbar-Southlands,2017,12,day,2619,1.02651,2551.3633573954467,1.09073,7,115.3,2017-12-01,2.01208710670471,95,95,1,0,12.111656445405929
Dunbar-Southlands,2017,12,night,9246,4.64291,1991.4234822557407,1.1011316666666666,33,115.3,2017-12-01,2.01208710670471,95,95,1,0,14.315620414059165
Dunbar-Southlands,2018,1,day,3689,0.95633,3857.4550625829997,0.9198928571428572,9,115.3,2018-01-01,1.96622335910797,95,95,1,0,19.396886605540224
Dunbar-Southlands,2018,1,night,10150,3.27363,3100.533658354793,1.0832424999999999,35,115.3,2018-01-01,1.96622335910797,95,95,1,0,23.60928978258907
Dunbar-Southlands,2018,2,day,3742,1.12477,3326.902388932848,1.0309485714285715,11,115.1,2018-02-01,3.9055814743042,95,95,1,0,15.087644500379664
Dunbar-Southlands,2018,2,night,9023,2.70797,3332.0162335624104,1.0854872222222223,23,115.1,2018-02-01,3.9055814743042,95,95,1,0,22.882518034752586
Dunbar-Southlands,2018,3,day,4657,3.01201,1546.1436051009127,1.0949688888888889,10,115.3,2018-03-01,2.04853439331055,95,95,1,0,7.843026036727589
Dunbar-Southlands,2018,3,night,7791,2.47997,3141.570260930576,1.0298593333333332,21,115.3,2018-03-01,2.04853439331055,95,95,1,0,24.132145013912226
Dunbar-Southlands,2018,4,day,6345,2.10823,3009.633673745275,1.0613683333333332,15,118.7,2018-04-01,2.12129712104797,95,95,1,0,15.321840498368818
Dunbar-Southlands,2018,4,night,8248,2.8646,2879.2850659777982,1.146933125,23,118.7,2018-04-01,2.12129712104797,95,95,1,0,22.197153499705934
Dunbar-Southlands,2018,5,day,8094,4.13951,1955.3038886244992,1.122853125,16,118.8,2018-05-01,2.08450794219971,95,95,1,0,10.431109301815415
Dunbar-Southlands,2018,5,night,5308,1.20627,4400.341548741161,1.043584,12,118.8,2018-05-01,2.08450794219971,95,95,1,0,35.548226641295294
Dunbar-Southlands,2018,6,day,5309,3.0897200000000002,1718.2786789741465,1.019733,11,118.7,2018-06-01,NA,NA,NA,NA,0,9.256690205975417
Dunbar-Southlands,2018,6,night,9756,5.10189,1912.2325255934566,1.1490357894736842,27,118.7,2018-06-01,NA,NA,NA,NA,0,15.599768380562793
Dunbar-Southlands,2018,7,day,4659,1.2709,3665.9060508301204,1.0717866666666667,10,118.8,2018-07-01,2.04176425933838,95,95,1,0,20.685759461377
Dunbar-Southlands,2018,7,night,7053,2.36635,2980.5396496714347,1.132037857142857,22,118.8,2018-07-01,2.04176425933838,95,95,1,0,25.468323881646867
Dunbar-Southlands,2018,8,day,5840,3.17553,1839.0630855321788,1.1034372727272728,15,118.8,2018-08-01,1.55041098594666,95,95,1,0,10.565468035497927
Dunbar-Southlands,2018,8,night,9963,4.52921,2199.721364211419,1.0705963157894738,30,118.8,2018-08-01,1.55041098594666,95,95,1,0,19.13705509419985
Dunbar-Southlands,2018,9,day,4691,1.29071,3634.4337612631807,1.1133155555555556,9,118.7,2018-09-01,1.60708391666412,95,95,1,0,19.76157701992537
Dunbar-Southlands,2018,9,night,8887,4.58375,1938.8055631306245,1.071435294117647,24,118.7,2018-09-01,1.60708391666412,95,95,1,0,15.963731679421223
Dunbar-Southlands,2018,10,day,4545,1.33761,3397.8513916612465,1.10464,10,118.8,2018-10-01,1.69822859764099,95,95,1,0,18.588825632383106
Dunbar-Southlands,2018,10,night,7223,3.83171,1885.0591511361768,1.232668,16,118.8,2018-10-01,1.69822859764099,95,95,1,0,15.6166499816503
Dunbar-Southlands,2018,11,day,3923,2.79833,1401.9075662984708,1.15162625,9,118.7,2018-11-01,1.70362031459808,95,95,1,0,6.909839416286457
Dunbar-Southlands,2018,11,night,11704,3.40956,3432.7009936766035,1.1024321739130434,34,118.7,2018-11-01,1.70362031459808,95,95,1,0,25.62122389558683
Dunbar-Southlands,2018,12,day,4248,1.06199,4000.03766513809,0.96352,9,118.8,2018-12-01,1.762810587883,95,95,1,0,19.159722145539078
Dunbar-Southlands,2018,12,night,10144,2.88176,3520.0710676808617,1.0502185,25,118.8,2018-12-01,1.762810587883,95,95,1,0,25.53241404966037
Dunbar-Southlands,2019,1,day,1523,0.43999,3461.4423055069433,1.1165866666666666,3,118.8,2019-01-01,1.53611934185028,95,95,1,0,18.860107360196402
Dunbar-Southlands,2019,1,night,7127,2.3007999999999997,3097.618219749653,1.1434971428571428,20,118.8,2019-01-01,1.53611934185028,95,95,1,0,25.558200598661248
Dunbar-Southlands,2019,2,day,2103,0.57642,3648.3813885708337,0.98336,5,118.6,2019-02-01,2.72545146942139,95,95,1,0,17.928234623868715
Dunbar-Southlands,2019,2,night,6988,3.64089,1919.310937710285,1.1310321428571428,19,118.6,2019-02-01,2.72545146942139,95,95,1,0,14.28229354156055
Dunbar-Southlands,2019,3,day,4361,1.09945,3966.528718904907,1.02304,12,118.8,2019-03-01,2.08575510978699,95,95,1,0,21.802201198155228
Dunbar-Southlands,2019,3,night,7441,3.78812,1964.2989134451918,1.0418913333333333,19,118.8,2019-03-01,2.08575510978699,95,95,1,0,16.349807268019287
Dunbar-Southlands,2019,4,day,5085,1.3170899999999999,3860.7840010933196,1.019008,11,120.9,2019-04-01,2.01524996757507,95,95,1,0,21.297504383811894
Dunbar-Southlands,2019,4,night,3037,0.8959699999999999,3389.6224203935403,1.0805333333333333,7,120.9,2019-04-01,2.01524996757507,95,95,1,0,28.315214510210566
Dunbar-Southlands,2019,5,day,3825,2.8454,1344.2749701272228,1.1540114285714287,11,120.9,2019-05-01,1.98847150802612,95,95,1,0,7.7707020340475905
Dunbar-Southlands,2019,5,night,5405,1.54313,3502.6212956782647,1.0824918181818182,12,120.9,2019-05-01,1.98847150802612,95,95,1,0,30.66059996903304
Dunbar-Southlands,2019,6,day,3910,2.67532,1461.5074084595487,1.0321671428571428,9,120.9,2019-06-01,NA,NA,NA,NA,0,8.531375574202125
Dunbar-Southlands,2019,6,night,6621,1.55526,4257.166004397978,0.9447466666666666,18,120.9,2019-06-01,NA,NA,NA,NA,0,37.63170941387443
Dunbar-Southlands,2019,7,day,5248,3.18315,1648.6813376686616,0.977749,12,120.9,2019-07-01,2.07903957366943,95,95,1,0,10.080516233890707
Dunbar-Southlands,2019,7,night,9434,4.3581,2164.7048025515705,1.0594133333333333,29,120.9,2019-07-01,2.07903957366943,95,95,1,0,20.042876623381677
Dunbar-Southlands,2019,8,day,5085,1.41098,3603.878155608159,1.065344,16,120.9,2019-08-01,2.01529240608215,95,95,1,0,22.434589354635023
Dunbar-Southlands,2019,8,night,10110,4.79542,2108.2616329747966,1.1722025,38,120.9,2019-08-01,2.01529240608215,95,95,1,0,19.874117429293143
Dunbar-Southlands,2019,9,day,4564,1.6054,2842.9051949669865,1.0432466666666667,13,120.9,2019-09-01,1.87138557434082,95,95,1,0,16.749549483100324
Dunbar-Southlands,2019,9,night,10601,4.5228,2343.902007605908,1.02144,29,120.9,2019-09-01,1.87138557434082,95,95,1,0,20.911997829539914
Dunbar-Southlands,2019,10,day,5663,1.68904,3352.7921185999144,1.0267927272727273,18,120.9,2019-10-01,1.77834343910217,95,95,1,0,19.875136123006204
Dunbar-Southlands,2019,10,night,8833,3.11432,2836.253178864086,1.2010666666666667,25,120.9,2019-10-01,1.77834343910217,95,95,1,0,25.460316701600412
Dunbar-Southlands,2019,11,day,5312,3.1721,1674.6004224330886,1.111424,15,120.9,2019-11-01,1.83078277111053,95,95,1,0,8.943668284921943
Dunbar-Southlands,2019,11,night,7581,2.26076,3353.2971213220335,1.1464533333333333,19,120.9,2019-11-01,1.83078277111053,95,95,1,0,27.12013480098978
Dunbar-Southlands,2019,12,day,5063,1.3239,3824.3069718256666,0.8416711111111111,13,120.9,2019-12-01,1.52336537837982,95,95,1,0,19.848778393424045
Dunbar-Southlands,2019,12,night,7816,2.19819,3555.652605097831,1.106693125,29,120.9,2019-12-01,1.52336537837982,95,95,1,0,27.94574434341406
Dunbar-Southlands,2020,1,day,6050,1.78748,3384.653254861593,1.0764441666666666,16,120.9,2020-01-01,2.63132977485657,95,68,0.715789473684211,0,14.909628657166747
Dunbar-Southlands,2020,1,night,8467,3.99017,2121.964728319846,1.1181929411764706,23,120.9,2020-01-01,2.63132977485657,95,68,0.715789473684211,0,14.154877827099419
Dunbar-Southlands,2020,2,day,4041,1.11277,3631.478203042857,1.03184,10,120.8,2020-02-01,1.96765697002411,95,95,1,0,14.42734168756771
Dunbar-Southlands,2020,2,night,7105,3.6259,1959.5135000965277,1.0848161538461538,21,120.8,2020-02-01,1.96765697002411,95,95,1,0,11.788714678955552
Dunbar-Southlands,2020,3,day,5954,3.3314,1787.2365972263913,1.0769454545454544,13,120.9,2020-03-01,2.1310088634491,95,95,1,0,7.942136906747146
Dunbar-Southlands,2020,3,night,7135,3.6554100000000003,1951.9014282939531,1.1373714285714285,21,120.9,2020-03-01,2.1310088634491,95,95,1,0,13.134953001914484
Dunbar-Southlands,2020,4,day,6065,1.60086,3788.588633609435,0.9505745454545454,17,119.6,2020-04-01,2.19722151756287,95,95,1,0,16.896480194725857
Dunbar-Southlands,2020,4,night,9507,2.80239,3392.461434703949,1.1553065,27,119.6,2020-04-01,2.19722151756287,95,95,1,0,22.91126307129604
Dunbar-Southlands,2020,5,day,2858,1.19159,2398.4759858676225,1.24224,7,119.7,2020-05-01,1.92655217647552,95,95,1,0,11.209160785385782
Dunbar-Southlands,2020,5,night,6658,2.01259,3308.1750381349407,1.1296161538461538,17,119.7,2020-05-01,1.92655217647552,95,95,1,0,23.41216227349112
Dunbar-Southlands,2020,6,day,5573,1.6097299999999999,3462.0712790343723,1.0800872727272728,14,119.6,2020-06-01,NA,NA,NA,NA,0,16.338780009715684
Dunbar-Southlands,2020,6,night,9284,4.36078,2128.9769261462397,1.1151166666666668,27,119.6,2020-06-01,NA,NA,NA,NA,0,15.214927800809987
Dunbar-Southlands,2020,7,day,6747,1.73487,3889.0522056407685,0.980053076923077,15,119.7,2020-07-01,1.84728360176086,95,95,1,0,19.224515553127034
Dunbar-Southlands,2020,7,night,10907,3.02834,3601.643144428961,1.0653477272727272,34,119.7,2020-07-01,1.84728360176086,95,95,1,0,26.960480791394666
Dunbar-Southlands,2020,8,day,4067,1.17988,3446.9607078685967,1.0216,13,119.7,2020-08-01,1.7884418964386,95,95,1,0,17.348020961961456
Dunbar-Southlands,2020,8,night,8858,2.81041,3151.8532883102466,1.10144,30,119.7,2020-08-01,1.7884418964386,95,95,1,0,24.021212229184048
Dunbar-Southlands,2020,9,day,5202,3.09569,1680.400815327116,1.111296,13,119.6,2020-09-01,1.77803587913513,95,95,1,0,8.004223684831514
Dunbar-Southlands,2020,9,night,9767,3.40336,2869.8110102957075,1.0968926315789473,29,119.6,2020-09-01,1.77803587913513,95,95,1,0,20.700219555659576
Dunbar-Southlands,2020,10,day,4769,1.58807,3003.016239838294,1.1618133333333334,14,119.7,2020-10-01,1.52120423316956,95,95,1,0,14.392185429248233
Dunbar-Southlands,2020,10,night,10191,4.69261,2171.7125437656227,1.092992,24,119.7,2020-10-01,1.52120423316956,95,95,1,0,15.761107308651507
Dunbar-Southlands,2020,11,day,2768,0.61187,4523.836762711033,0.934656,7,119.6,2020-11-01,1.70575618743896,95,95,1,0,19.53336171936742
Dunbar-Southlands,2020,11,night,5601,1.54826,3617.60944544198,1.02528,15,119.6,2020-11-01,1.70575618743896,95,95,1,0,23.654134769011186
Dunbar-Southlands,2020,12,day,4141,1.12721,3673.6721640155783,0.96736,9,119.7,2020-12-01,1.55863130092621,95,95,1,0,15.415123749021728
Dunbar-Southlands,2020,12,night,5048,1.31631,3834.9628886812375,1.0259433333333334,13,119.7,2020-12-01,1.55863130092621,95,95,1,0,24.368180593781826
Dunbar-Southlands,2021,1,day,2079,0.66616,3120.871862615588,0.9824,5,119.7,2021-01-01,1.37723886966705,95,95,1,0,11.077402755553413
Dunbar-Southlands,2021,1,night,7104,1.91415,3711.307891231095,1.127222857142857,24,119.7,2021-01-01,1.37723886966705,95,95,1,0,19.94822759787227
Dunbar-Southlands,2021,2,day,2968,0.64562,4597.131439546482,0.836522,6,119.5,2021-02-01,2.06302332878113,95,95,1,0,14.716317933970332
Dunbar-Southlands,2021,2,night,4305,0.98343,4377.535767670297,0.94288,10,119.5,2021-02-01,2.06302332878113,95,95,1,0,21.22058074250571
Dunbar-Southlands,2021,3,day,1530,0.38856999999999997,3937.514476156163,1.07264,3,119.7,2021-03-01,2.01122736930847,95,95,1,0,14.098952544942355
Dunbar-Southlands,2021,3,night,4659,1.37413,3390.5089038155047,1.1013688888888888,10,119.7,2021-03-01,2.01122736930847,95,95,1,0,18.38420675365271
Dunbar-Southlands,2021,4,day,1512,0.50924,2969.1304689340977,0.8832,3,120.1,2021-04-01,2.09595847129822,95,95,1,0,10.669828486147814
Dunbar-Southlands,2021,4,night,4221,3.34179,1263.0955266488918,1.20074625,10,120.1,2021-04-01,2.09595847129822,95,95,1,0,6.873527503135472
Dunbar-Southlands,2021,5,day,3072,0.80256,3827.7511961722485,1.145315,8,120.1,2021-05-01,2.07539391517639,95,95,1,0,14.414208179133775
Dunbar-Southlands,2021,5,night,6254,3.34265,1870.9706370693912,1.1088708333333333,13,120.1,2021-05-01,2.07539391517639,95,95,1,0,10.669139216139166
Dunbar-Southlands,2021,6,day,1980,0.70984,2789.3609827566775,1.0256,5,120.1,2021-06-01,NA,NA,NA,NA,0,10.607125492270091
Dunbar-Southlands,2021,6,night,5800,3.52124,1647.1470277515875,1.1836118181818183,16,120.1,2021-06-01,NA,NA,NA,NA,0,9.485072902179862
Dunbar-Southlands,2021,7,day,4171,2.8266,1475.6244251043656,1.15882625,10,120.1,2021-07-01,1.81957721710205,95,95,1,0,5.877556760198026
Dunbar-Southlands,2021,7,night,7021,2.18883,3207.649748952637,1.1297828571428572,15,120.1,2021-07-01,1.81957721710205,95,95,1,0,19.34742884949979
Dunbar-Southlands,2021,8,day,1002,0.25422999999999996,3941.312984305551,0.9024,2,120.1,2021-08-01,1.56613481044769,95,95,1,0,15.98320590985041
Dunbar-Southlands,2021,8,night,9052,4.4312000000000005,2042.787506770175,1.1246682352941175,25,120.1,2021-08-01,1.56613481044769,95,95,1,0,12.544734799194506
Dunbar-Southlands,2021,9,day,3548,2.92345,1213.6345755870632,1.2090514285714287,10,120.1,2021-09-01,1.76260590553284,95,95,1,0,4.658044562320242
Dunbar-Southlands,2021,9,night,4669,2.97064,1571.7151859531953,1.10701,14,120.1,2021-09-01,1.76260590553284,95,95,1,0,9.134922532179212
Dunbar-Southlands,2021,10,day,2805,0.66073,4245.304436002603,0.958976,5,120.1,2021-10-01,1.87614488601685,95,95,1,0,16.3940882865793
Dunbar-Southlands,2021,10,night,5601,1.60456,3490.6765717704543,1.0389718181818182,14,120.1,2021-10-01,1.87614488601685,95,95,1,0,20.412836747209234
Dunbar-Southlands,2021,11,day,1543,0.32943,4683.847858422123,0.9147733333333333,3,120.1,2021-11-01,1.55682337284088,95,95,1,0,16.296044867001672
Dunbar-Southlands,2021,11,night,3999,1.03282,3871.923471660115,1.11776,9,120.1,2021-11-01,1.55682337284088,95,95,1,0,20.399593711364858
Dunbar-Southlands,2021,12,day,1181,0.58019,2035.540081697375,0.9888,2,120.1,2021-12-01,3.75390863418579,95,95,1,0,6.882332356667229
Dunbar-Southlands,2021,12,night,2599,2.4839700000000002,1046.3089328776111,1.189546,5,120.1,2021-12-01,3.75390863418579,95,95,1,0,5.357118303011509
Dunbar-Southlands,2022,1,day,1045,0.38486,2715.2730863171023,1.1520000000000001,2,120.1,2022-01-01,1.52843022346497,95,95,1,0,10.231626066754846
Dunbar-Southlands,2022,1,night,5214,1.44423,3610.228287738103,1.095509,11,120.1,2022-01-01,1.52843022346497,95,95,1,0,20.60065981763191
Dunbar-Southlands,2022,2,day,2673,1.07283,2491.5410642879115,0.98432,5,120,2022-02-01,2.00799870491028,95,95,1,0,8.467387327032382
Dunbar-Southlands,2022,2,night,4057,1.60088,2534.23117285493,1.01274625,9,120,2022-02-01,2.00799870491028,95,95,1,0,13.041961887833498
Dunbar-Southlands,2022,3,day,3466,1.36073,2547.1621850036377,1.0151614285714285,10,120.1,2022-03-01,2.24381947517395,95,95,1,0,9.682564977613456
Dunbar-Southlands,2022,3,night,3266,0.8388,3893.657606103958,0.8768,6,120.1,2022-03-01,2.24381947517395,95,95,1,0,22.4133566159736
Dunbar-Southlands,2022,4,day,3340,1.36482,2447.2091557861113,1.105737142857143,7,120.9,2022-04-01,2.04519653320312,95,95,1,0,9.336162059411434
Dunbar-Southlands,2022,4,night,6765,1.94536,3477.5054488629353,1.0848492307692308,19,120.9,2022-04-01,2.04519653320312,95,95,1,0,20.09002296022798
Dunbar-Southlands,2022,5,day,6792,1.87525,3621.91707772297,1.0857023076923078,20,120.9,2022-05-01,2.13857269287109,95,95,1,0,14.479538785849664
Dunbar-Southlands,2022,5,night,5521,3.25776,1694.7227542851529,1.1441645454545455,14,120.9,2022-05-01,2.13857269287109,95,95,1,0,10.25959476064578
Dunbar-Southlands,2022,6,day,2170,2.47362,877.2568139002757,1.1312,5,120.9,2022-06-01,NA,NA,NA,NA,0,3.5415132555710658
Dunbar-Southlands,2022,6,night,4538,2.82503,1606.354622782767,1.047751111111111,11,120.9,2022-06-01,NA,NA,NA,NA,0,9.820166922800556
Dunbar-Southlands,2022,7,day,3743,1.4133499999999999,2648.317826440726,1.0422857142857143,12,120.9,2022-07-01,1.97598206996918,95,95,1,0,11.198509860190441
Dunbar-Southlands,2022,7,night,6103,3.18318,1917.2651248122945,1.0546133333333334,20,120.9,2022-07-01,1.97598206996918,95,95,1,0,12.276869131725837
Dunbar-Southlands,2022,8,day,3826,1.4161299999999999,2701.729361004993,1.0512457142857143,7,120.9,2022-08-01,1.75820708274841,95,95,1,0,11.631452436941435
Dunbar-Southlands,2022,8,night,7633,2.46118,3101.3578852420383,1.030286,18,120.9,2022-08-01,1.75820708274841,95,95,1,0,20.21898326398374
Dunbar-Southlands,2022,9,day,4267,1.09204,3907.3660305483318,1.1100444444444444,9,120.9,2022-09-01,1.81643068790436,95,95,1,0,15.920948264367382
Dunbar-Southlands,2022,9,night,4402,1.0040200000000001,4384.374813250732,0.96208,11,120.9,2022-09-01,1.81643068790436,95,95,1,0,27.05252641695607
Dunbar-Southlands,2022,10,day,1439,0.48634,2958.83538265411,1.1042133333333333,6,120.9,2022-10-01,1.76740443706512,95,95,1,0,12.130211404293174
Dunbar-Southlands,2022,10,night,4520,3.27354,1380.7682203363943,1.1963255555555556,10,120.9,2022-10-01,1.76740443706512,95,95,1,0,8.572029760088578
Dunbar-Southlands,2022,11,day,1512,0.50924,2969.1304689340977,0.8832,7,120.9,2022-11-01,1.68900334835052,95,95,1,0,10.966747639304565
Dunbar-Southlands,2022,11,night,8231,2.44154,3371.232910376238,1.111893125,21,120.9,2022-11-01,1.68900334835052,95,95,1,0,18.856133622380483
Dunbar-Southlands,2022,12,day,2324,0.54741,4245.446740103396,0.7536,5,120.9,2022-12-01,2.51529455184937,95,95,1,0,15.238720942082285
Dunbar-Southlands,2022,12,night,4835,1.2678,3813.6930115160117,0.9161955555555555,17,120.9,2022-12-01,2.51529455184937,95,95,1,0,20.729373239417967
Dunbar-Southlands,2023,1,day,2988,1.03101,2898.1290191171765,0.9599283333333333,8,120.9,2023-01-01,1.76973485946655,95,95,1,0,11.094774978890264
Dunbar-Southlands,2023,1,night,4269,1.58179,2698.8411862510193,0.99808,10,120.9,2023-01-01,1.76973485946655,95,95,1,0,15.645643604404096
Dunbar-Southlands,2023,2,day,2116,0.6744600000000001,3137.324674554458,1.0843725,4,120.7,2023-02-01,1.79704558849335,95,95,1,0,10.832045616104486
Dunbar-Southlands,2023,2,night,5521,1.81373,3044.003241937885,1.056270909090909,15,120.7,2023-02-01,1.79704558849335,95,95,1,0,15.915176039920771
Dunbar-Southlands,2023,3,day,6361,3.39728,1872.380257146894,0.9865241666666666,12,120.9,2023-03-01,1.8971791267395,95,95,1,0,7.230985869175557
Dunbar-Southlands,2023,3,night,4742,3.08915,1535.0500946862405,1.0299733333333334,13,120.9,2023-03-01,1.8971791267395,95,95,1,0,8.977208944242989
Dunbar-Southlands,2023,4,day,3091,0.95861,3224.460416644934,0.9736533333333334,11,122,2023-04-01,2.19787216186523,95,95,1,0,12.497524043410975
Dunbar-Southlands,2023,4,night,5050,1.88608,2677.5110281642346,1.15904,13,122,2023-04-01,2.19787216186523,95,95,1,0,15.714968700103473
Dunbar-Southlands,2023,5,day,3616,0.98356,3676.4406848590834,0.8970971428571429,8,122.1,2023-05-01,2.20265746116638,95,95,1,0,14.931843420315772
Dunbar-Southlands,2023,5,night,5826,1.74926,3330.551204509335,1.0533333333333332,18,122.1,2023-05-01,2.20265746116638,95,95,1,0,20.484119447457186
Dunbar-Southlands,2023,6,day,3230,0.85159,3792.905036461208,0.8064,8,122,2023-06-01,NA,NA,NA,NA,0,15.556207554039018
Dunbar-Southlands,2023,6,night,8509,2.60033,3272.2769802294324,1.0705064705882352,28,122,2023-06-01,NA,NA,NA,NA,0,20.323436171003227
Dunbar-Southlands,2023,7,day,3806,2.76467,1376.65616511193,1.0638014285714286,8,122.1,2023-07-01,1.89948856830597,95,95,1,0,5.914053582638412
Dunbar-Southlands,2023,7,night,4539,1.16387,3899.9200941685926,1.0548622222222221,13,122.1,2023-07-01,1.89948856830597,95,95,1,0,25.37060366328372
Dunbar-Southlands,2023,8,day,6430,3.73823,1720.065378534761,1.1114308333333334,15,122.1,2023-08-01,2.05200910568237,95,95,1,0,7.523270881450948
Dunbar-Southlands,2023,8,night,6724,2.08714,3221.633431394156,1.0179938461538462,23,122.1,2023-08-01,2.05200910568237,95,95,1,0,21.337974371757152
Dunbar-Southlands,2023,9,day,2086,0.8348800000000001,2498.5626676887696,1.09664,6,122.5,2023-09-01,1.74663424491882,95,95,1,0,10.34295700489099
Dunbar-Southlands,2023,9,night,6253,4.1739,1498.1192649560364,1.2110933333333334,15,122.5,2023-09-01,1.74663424491882,95,95,1,0,9.391093890386033
Dunbar-Southlands,2023,10,day,3551,1.10733,3206.812783903624,1.0644114285714286,7,122.5,2023-10-01,1.6829434633255,95,95,1,0,13.35644286409429
Dunbar-Southlands,2023,10,night,9718,2.9959,3243.7664808571717,1.0749978947368422,29,122.5,2023-10-01,1.6829434633255,95,95,1,0,20.458891881170484
Dunbar-Southlands,2023,11,day,2529,0.75258,3360.440086103803,0.993792,5,122.5,2023-11-01,1.64057195186615,95,95,1,0,12.60997898997184
Dunbar-Southlands,2023,11,night,5288,1.62455,3255.055246068142,1.06176,16,122.5,2023-11-01,1.64057195186615,95,95,1,0,18.496599426618882
Dunbar-Southlands,2023,12,day,1671,0.48142,3470.981679199036,1.24928,4,122.5,2023-12-01,1.90212249755859,95,95,1,0,12.657475011944664
Dunbar-Southlands,2023,12,night,3316,1.12206,2955.2786838493485,0.9986133333333334,8,122.5,2023-12-01,1.90212249755859,95,95,1,0,16.31956279288788
Dunbar-Southlands,2024,1,day,1593,0.37392000000000003,4260.269576379974,1.07136,4,122.5,2024-01-01,2.40295314788818,95,95,1,0,15.249657078340432
Dunbar-Southlands,2024,1,night,3796,1.0136,3745.0670876085237,1.0856,10,122.5,2024-01-01,2.40295314788818,95,95,1,0,20.300087969756994
Dunbar-Southlands,2024,2,day,946,0.23463,4031.8799812470697,1.22496,2,122.4,2024-02-01,2.29973864555359,95,95,1,0,13.016098454428416
Dunbar-Southlands,2024,2,night,5215,1.18224,4411.117877926647,0.976768,16,122.4,2024-02-01,2.29973864555359,95,95,1,0,21.564391795929648
Dunbar-Southlands,2024,3,day,3154,0.78307,4027.7369839222547,1.03424,8,122.5,2024-03-01,2.21433568000793,95,95,1,0,14.544097477107682
Dunbar-Southlands,2024,3,night,6045,1.7243300000000001,3505.709463965714,1.0680175,16,122.5,2024-03-01,2.21433568000793,95,95,1,0,19.169770601817312
Dunbar-Southlands,2024,4,day,3488,1.0251299999999999,3402.495293279877,1.02467,8,130.3,2024-04-01,2.08119916915894,95,95,1,0,12.330670088848203
Dunbar-Southlands,2024,4,night,6559,3.6622,1790.9999453880182,1.1766807692307693,17,130.3,2024-04-01,2.08119916915894,95,95,1,0,9.828789607331789
Dunbar-Southlands,2024,5,day,4823,3.38673,1424.0875416699885,1.2177066666666667,9,130.4,2024-05-01,2.15755081176758,95,95,1,0,5.408100639687739
Dunbar-Southlands,2024,5,night,2654,0.66188,4009.7902943131685,0.968874,7,130.4,2024-05-01,2.15755081176758,95,95,1,0,23.05924369510912
Dunbar-Southlands,2024,6,day,1070,0.2633,4063.8055450056972,0.772905,6,130.3,2024-06-01,NA,NA,NA,NA,0,15.584285374849031
Dunbar-Southlands,2024,6,night,4433,2.89545,1531.0228116527655,1.1200944444444445,11,130.3,2024-06-01,NA,NA,NA,NA,0,8.89100708497539
Dunbar-Southlands,2024,7,day,2055,0.52613,3905.8787752076482,0.9776,5,130.4,2024-07-01,1.68831098079681,95,95,1,0,15.689198049145762
Dunbar-Southlands,2024,7,night,4421,3.44935,1281.6907533303377,1.2858311111111111,10,130.4,2024-07-01,1.68831098079681,95,95,1,0,7.796156656428559
Dunbar-Southlands,2024,8,day,2088,0.6397200000000001,3263.927968486212,1.1024,5,130.4,2024-08-01,1.4823944568634,95,95,1,0,13.348255920348372
Dunbar-Southlands,2024,8,night,5110,2.10143,2431.677476765821,1.124949,10,130.4,2024-08-01,1.4823944568634,95,95,1,0,15.059316193994897
Dunbar-Southlands,2024,9,day,2510,0.7533799999999999,3331.6520215561873,0.99456,7,130.3,2024-09-01,1.19431328773499,95,95,1,0,12.895444642252418
Dunbar-Southlands,2024,9,night,5833,3.18026,1834.1267695094111,1.0763245454545454,17,130.3,2024-09-01,1.19431328773499,95,95,1,0,10.750319145144752
Dunbar-Southlands,2024,10,day,2442,0.71597,3410.757433970697,1.2523520000000001,5,130.4,2024-10-01,1.70290994644165,95,95,1,0,13.282818944332629
Dunbar-Southlands,2024,10,night,6167,3.9583,1557.9920673016195,1.1673241666666667,17,130.4,2024-10-01,1.70290994644165,95,95,1,0,9.187978740846447
Dunbar-Southlands,2024,11,day,1056,0.27820999999999996,3795.6939002911477,1.0752,2,130.3,2024-11-01,1.61661064624786,95,92,0.968421052631579,0,13.317772822252536
Dunbar-Southlands,2024,11,night,4949,1.38028,3585.5043904135396,1.117653,12,130.3,2024-11-01,1.61661064624786,95,92,0.968421052631579,0,19.050483391879517
Dunbar-Southlands,2024,12,day,474,0.11964,3961.885656970913,1.01376,1,130.4,2024-12-01,1.73209655284882,95,95,1,0,13.508866465874052
Dunbar-Southlands,2024,12,night,962,0.35458,2713.0689830221672,0.98432,2,130.4,2024-12-01,1.73209655284882,95,95,1,0,14.00854820227201
Fairview,2014,1,day,17890,2.15542,8300.006495253825,0.7119304347826086,47,94.8,2014-01-01,8.46074962615967,42,42,1,0,50.26261107374036
Fairview,2014,1,night,21853,2.50351,8728.944561835184,0.7119920689655173,91,94.8,2014-01-01,8.46074962615967,42,42,1,0,80.04674377429323
Fairview,2014,2,day,14206,1.94641,7298.565050528922,0.682496,45,94.8,2014-02-01,8.38756561279297,42,42,1,0,39.86156348211335
Fairview,2014,2,night,23782,2.6162,9090.283617460438,0.7171854838709677,90,94.8,2014-02-01,8.38756561279297,42,42,1,0,75.18126005257236
Fairview,2014,3,day,18113,2.38451,7596.109892598479,0.7309348,56,94.8,2014-03-01,8.9065465927124,42,42,1,0,46.404546139572325
Fairview,2014,3,night,23208,2.63303,8814.17986122452,0.707897,60,94.8,2014-03-01,8.9065465927124,42,42,1,0,81.539213834587
Fairview,2014,4,day,20125,2.46654,8159.202769871966,0.6817265384615384,68,101.7,2014-04-01,9.08585071563721,42,42,1,0,50.02423869355252
Fairview,2014,4,night,22169,2.54506,8710.60014302217,0.7336506451612903,79,101.7,2014-04-01,9.08585071563721,42,42,1,0,80.87162334640479
Fairview,2014,5,day,21793,2.4141,9027.380804440578,0.7111999999999999,106,101.7,2014-05-01,7.88823175430298,42,42,1,0,57.998058693054816
Fairview,2014,5,night,25135,2.81687,8923.024491723081,0.710785294117647,94,101.7,2014-05-01,7.88823175430298,42,42,1,0,86.8118678052718
Fairview,2014,6,day,19682,2.40279,8191.310934372126,0.7110085185185185,96,101.7,2014-06-01,NA,NA,NA,NA,0,53.14360383824853
Fairview,2014,6,night,20099,2.34141,8584.14374244579,0.7190329629629629,73,101.7,2014-06-01,NA,NA,NA,NA,0,84.3353968133433
Fairview,2014,7,day,21102,2.48762,8482.806859568584,0.7402178571428571,100,101.7,2014-07-01,7.34695386886597,42,42,1,0,57.645469487527514
Fairview,2014,7,night,23923,2.72727,8771.775438442106,0.7021472727272727,90,101.7,2014-07-01,7.34695386886597,42,42,1,0,90.26687918339807
Fairview,2014,8,day,22012,2.51108,8765.949312646351,0.7128717857142857,95,101.7,2014-08-01,7.21594285964966,42,42,1,0,60.649403043192905
Fairview,2014,8,night,23150,2.55445,9062.616218755506,0.713037,102,101.7,2014-08-01,7.21594285964966,42,42,1,0,94.95033154151967
Fairview,2014,9,day,20548,2.40434,8546.212266152043,0.6860834615384616,93,101.7,2014-09-01,7.5859546661377,42,42,1,0,55.96209685235782
Fairview,2014,9,night,25286,2.79644,9042.21081088813,0.7023497058823529,134,101.7,2014-09-01,7.5859546661377,42,42,1,0,89.66237790061652
Fairview,2014,10,day,20624,2.36963,8703.468473981171,0.709226923076923,54,101.7,2014-10-01,7.46295881271362,42,42,1,0,57.342337916402705
Fairview,2014,10,night,27500,2.89031,9514.55034235082,0.6910844736842106,104,101.7,2014-10-01,7.46295881271362,42,42,1,0,94.9263155411654
Fairview,2014,11,day,16957,1.96818,8615.573778821043,0.714575238095238,53,101.7,2014-11-01,7.64383411407471,42,42,1,0,51.1408854175628
Fairview,2014,11,night,21323,2.5078,8502.67166440705,0.7184382142857143,96,101.7,2014-11-01,7.64383411407471,42,42,1,0,76.42839982879306
Fairview,2014,12,day,19352,2.36083,8197.117115590703,0.69359125,45,101.7,2014-12-01,6.99507570266724,42,42,1,0,47.28481869132198
Fairview,2014,12,night,21681,2.47919,8745.195003206692,0.736301724137931,82,101.7,2014-12-01,6.99507570266724,42,42,1,0,76.39156495473668
Fairview,2015,1,day,15684,1.90556,8230.651357081384,0.7200752380952381,49,101.7,2015-01-01,5.63560056686401,42,42,1,0,51.61541921445193
Fairview,2015,1,night,24434,2.69026,9082.39352330258,0.69485625,101,101.7,2015-01-01,5.63560056686401,42,42,1,0,86.25035463291184
Fairview,2015,2,day,17553,2.01007,8732.53170287602,0.71272,47,101.7,2015-02-01,7.44997787475586,42,42,1,0,49.38961677639661
Fairview,2015,2,night,24795,2.69208,9210.350361059107,0.7220972727272728,81,101.7,2015-02-01,7.44997787475586,42,42,1,0,78.88364273567963
Fairview,2015,3,day,19128,2.24845,8507.193844648535,0.718875,75,101.7,2015-03-01,7.64265060424805,42,42,1,0,53.81883081612071
Fairview,2015,3,night,22733,2.53882,8954.15980652429,0.7056926666666666,73,101.7,2015-03-01,7.64265060424805,42,42,1,0,85.78040494540109
Fairview,2015,4,day,19837,2.30466,8607.343382537987,0.7051044,60,107.7,2015-04-01,7.63524866104126,42,42,1,0,54.64878747683425
Fairview,2015,4,night,26822,2.86742,9354.053469669598,0.7202618918918919,83,107.7,2015-04-01,7.63524866104126,42,42,1,0,89.9345509412094
Fairview,2015,5,day,20734,2.52943,8197.10369529894,0.7145632142857142,94,107.7,2015-05-01,8.00677871704102,42,42,1,0,54.536939550815504
Fairview,2015,5,night,21449,2.564,8365.444617784711,0.7397257142857143,87,107.7,2015-05-01,8.00677871704102,42,42,1,0,84.28197099864266
Fairview,2015,6,day,21956,2.49438,8802.187317088816,0.7170014285714286,100,107.7,2015-06-01,NA,NA,NA,NA,0,59.13802770078578
Fairview,2015,6,night,22464,2.5773800000000002,8715.827700998689,0.7142896666666667,78,107.7,2015-06-01,NA,NA,NA,NA,0,88.67479380690794
Fairview,2015,7,day,22127,2.50018,8850.162788279244,0.7018928571428571,86,107.7,2015-07-01,7.43045949935913,42,42,1,0,62.28098900403827
Fairview,2015,7,night,24565,2.74994,8932.922172847408,0.7099132352941177,91,107.7,2015-07-01,7.43045949935913,42,42,1,0,95.19477520048517
Fairview,2015,8,day,20823,2.41054,8638.313406954458,0.7047346428571428,94,107.7,2015-08-01,6.85904264450073,42,42,1,0,61.89209332640992
Fairview,2015,8,night,20760,2.5110200000000003,8267.556610461086,0.7243174074074074,81,107.7,2015-08-01,6.85904264450073,42,42,1,0,89.7012951164892
Fairview,2015,9,day,19230,2.28919,8400.351215932273,0.7230328,75,107.7,2015-09-01,6.57599496841431,42,42,1,0,56.96346345944354
Fairview,2015,9,night,20933,2.51188,8333.598738793255,0.7239903448275862,64,107.7,2015-09-01,6.57599496841431,42,42,1,0,85.57498850677409
Fairview,2015,10,day,19044,2.31998,8208.691454236674,0.7068304166666667,54,107.7,2015-10-01,6.8288950920105,42,42,1,0,56.00613547586447
Fairview,2015,10,night,27306,2.95714,9233.921965141995,0.6992489189189189,102,107.7,2015-10-01,6.8288950920105,42,42,1,0,95.40325576985603
Fairview,2015,11,day,18073,2.26239,7988.454687299714,0.7192528,48,107.7,2015-11-01,6.74735021591187,42,42,1,0,49.10497030021787
Fairview,2015,11,night,24027,2.58614,9290.680318930918,0.7166790322580645,80,107.7,2015-11-01,6.74735021591187,42,42,1,0,86.48195814347561
Fairview,2015,12,day,16934,2.1843,7752.5980863434515,0.7013277272727273,59,107.7,2015-12-01,3.80851459503174,42,42,1,0,46.311249360783414
Fairview,2015,12,night,26367,2.73786,9630.514343319235,0.6965681081081081,100,107.7,2015-12-01,3.80851459503174,42,42,1,0,87.11722459869016
Fairview,2016,1,day,14225,2.00524,7093.913945462887,0.7391670588235294,43,107.7,2016-01-01,5.80230474472046,42,42,1,0,46.65609742182166
Fairview,2016,1,night,24781,2.67568,9261.570890390482,0.6896163636363636,116,107.7,2016-01-01,5.80230474472046,42,42,1,0,92.24067441420796
Fairview,2016,2,day,15104,1.80792,8354.351962476216,0.726972,51,107.6,2016-02-01,4.81331872940063,42,42,1,0,49.55477325440153
Fairview,2016,2,night,25156,2.72644,9226.683880811606,0.6960214705882353,103,107.6,2016-02-01,4.81331872940063,42,42,1,0,82.8769362368767
Fairview,2016,3,day,15455,2.04949,7540.900419128661,0.7459484210526316,63,107.7,2016-03-01,8.98031330108643,42,42,1,0,50.03205897751428
Fairview,2016,3,night,24321,2.67582,9089.176402000136,0.7256439393939393,91,107.7,2016-03-01,8.98031330108643,42,42,1,0,91.31981507779673
Fairview,2016,4,day,16339,2.1453700000000002,7615.935712720882,0.7150765,69,112.2,2016-04-01,8.33763313293457,42,42,1,0,50.712136864927906
Fairview,2016,4,night,19404,2.17655,8915.026073372997,0.677875,80,112.2,2016-04-01,8.33763313293457,42,42,1,0,89.89314608354243
Fairview,2016,5,day,18245,2.19725,8303.56126976903,0.7245016666666667,93,112.3,2016-05-01,7.24175071716309,42,42,1,0,57.93912985534702
Fairview,2016,5,night,25108,2.74799,9136.860032241748,0.7065690909090909,99,112.3,2016-05-01,7.24175071716309,42,42,1,0,96.54279481924802
Fairview,2016,6,day,14770,1.7929,8238.050086452116,0.6936547368421052,62,112.2,2016-06-01,NA,NA,NA,NA,0,58.04674855891618
Fairview,2016,6,night,20615,2.40047,8587.90153594921,0.6873057692307692,81,112.2,2016-06-01,NA,NA,NA,NA,0,91.63383177741756
Fairview,2016,7,day,22268,2.42951,9165.634222538702,0.7007855172413793,67,112.3,2016-07-01,7.20133304595947,42,42,1,0,67.6462931071441
Fairview,2016,7,night,22995,2.62529,8759.032335475318,0.6818206666666666,85,112.3,2016-07-01,7.20133304595947,42,42,1,0,97.89329169776191
Fairview,2016,8,day,18681,2.32316,8041.202500043044,0.6983416666666666,56,112.3,2016-08-01,7.36082935333252,42,42,1,0,60.42330190906208
Fairview,2016,8,night,24267,2.6625900000000002,9114.058116345363,0.7008672727272727,65,112.3,2016-08-01,7.36082935333252,42,42,1,0,103.70759661665446
Fairview,2016,9,day,17846,2.32134,7687.801011484746,0.7711130434782608,66,112.2,2016-09-01,6.57471418380737,42,42,1,0,54.67368128269035
Fairview,2016,9,night,20674,2.45631,8416.690075764052,0.6916957692307693,79,112.2,2016-09-01,6.57471418380737,42,42,1,0,90.64270130569325
Fairview,2016,10,day,16498,2.15668,7649.720867258934,0.7514919047619047,42,112.3,2016-10-01,6.80043697357178,42,42,1,0,54.73744265102689
Fairview,2016,10,night,19616,2.3770700000000002,8252.175998182636,0.7166392307692308,66,112.3,2016-10-01,6.80043697357178,42,42,1,0,89.4175400082403
Fairview,2016,11,day,18434,2.30286,8004.828778128067,0.7257860869565217,47,112.2,2016-11-01,6.043288230896,42,42,1,0,51.60502152751346
Fairview,2016,11,night,19132,2.08129,9192.375882265325,0.7081352,67,112.2,2016-11-01,6.043288230896,42,42,1,0,89.73936918369763
Fairview,2016,12,day,14319,2.03896,7022.697845960686,0.730027,50,112.3,2016-12-01,6.10164833068848,42,42,1,0,43.996735224298796
Fairview,2016,12,night,22780,2.52286,9029.434847752154,0.6968527586206896,84,112.3,2016-12-01,6.10164833068848,42,42,1,0,85.66281808572238
Fairview,2017,1,day,14271,1.94194,7348.836730280029,0.7386383333333333,30,112.3,2017-01-01,9.29957008361816,42,42,1,0,45.9139711331389
Fairview,2017,1,night,19564,2.20538,8871.033563376834,0.7209503846153846,54,112.3,2017-01-01,9.29957008361816,42,42,1,0,83.92972527609322
Fairview,2017,2,day,17656,2.20188,8018.602285319817,0.7278204761904762,42,112.1,2017-02-01,7.89615774154663,42,42,1,0,45.183010454992306
Fairview,2017,2,night,19874,2.34052,8491.275443063934,0.7082788,62,112.1,2017-02-01,7.89615774154663,42,42,1,0,72.45439597645019
Fairview,2017,3,day,18278,2.30197,7940.155605850641,0.7178616666666666,44,112.3,2017-03-01,9.3730001449585,42,42,1,0,50.04468366521364
Fairview,2017,3,night,20068,2.39488,8379.543025120256,0.7088246153846154,71,112.3,2017-03-01,9.3730001449585,42,42,1,0,79.97690456428799
Fairview,2017,4,day,20051,2.33932,8571.294222252622,0.7278083333333333,62,115.2,2017-04-01,8.27172756195068,42,42,1,0,54.217415264142616
Fairview,2017,4,night,21604,2.23202,9679.124739025636,0.673795172413793,69,115.2,2017-04-01,8.27172756195068,42,42,1,0,92.71367885619529
Fairview,2017,5,day,19203,2.41814,7941.227555062982,0.7196096153846153,71,115.3,2017-05-01,8.6802806854248,42,42,1,0,52.637951512246346
Fairview,2017,5,night,21466,2.5458600000000002,8431.728374694601,0.7446325,62,115.3,2017-05-01,8.6802806854248,42,42,1,0,84.63368823499674
Fairview,2017,6,day,22157,2.47151,8964.964738156026,0.7144839285714285,65,115.2,2017-06-01,NA,NA,NA,NA,0,60.007539616532334
Fairview,2017,6,night,19967,2.4668900000000002,8093.996894875733,0.7293518518518518,79,115.2,2017-06-01,NA,NA,NA,NA,0,82.04187728004955
Fairview,2017,7,day,18247,2.27836,8008.83091346407,0.6926469565217391,62,115.3,2017-07-01,7.94003534317017,42,42,1,0,56.15059607201753
Fairview,2017,7,night,24439,2.67254,9144.484273387863,0.709606875,79,115.3,2017-07-01,7.94003534317017,42,42,1,0,97.08671006977832
Fairview,2017,8,day,21853,2.52019,8671.171618012928,0.7001334482758621,65,115.3,2017-08-01,7.3164496421814,42,42,1,0,61.8963446012555
Fairview,2017,8,night,25330,2.82469,8967.355709830106,0.7172605882352941,87,115.3,2017-08-01,7.3164496421814,42,42,1,0,96.93194748916187
Fairview,2017,9,day,18822,2.10657,8934.903658553952,0.707004,60,115.2,2017-09-01,7.10983514785767,42,42,1,0,60.362861864579486
Fairview,2017,9,night,24225,2.6095,9283.387622149836,0.7199616129032258,70,115.2,2017-09-01,7.10983514785767,42,42,1,0,94.97334919236091
Fairview,2017,10,day,21204,2.4421,8682.691126489497,0.7188757142857143,69,115.3,2017-10-01,8.0487756729126,42,42,1,0,59.01970461330241
Fairview,2017,10,night,20141,2.43815,8260.771486577938,0.7092655555555556,65,115.3,2017-10-01,8.0487756729126,42,42,1,0,85.0312589874782
Fairview,2017,11,day,19323,2.34742,8231.590426936807,0.73648875,45,115.2,2017-11-01,5.4464054107666,42,42,1,0,50.41124635092967
Fairview,2017,11,night,25675,2.73475,9388.42673004845,0.7202097058823529,85,115.2,2017-11-01,5.4464054107666,42,42,1,0,87.06664780774238
Fairview,2017,12,day,17717,2.30272,7693.944552529183,0.6861582608695652,48,115.3,2017-12-01,6.53727722167969,42,42,1,0,45.78985673432001
Fairview,2017,12,night,25077,2.74632,9131.128200646684,0.7152214705882353,75,115.3,2017-12-01,6.53727722167969,42,42,1,0,82.2924503075683
Fairview,2018,1,day,19122,2.2316000000000003,8568.739917547946,0.7186034782608696,53,115.3,2018-01-01,7.95851135253906,42,42,1,0,54.017827758442714
Fairview,2018,1,night,27678,2.90696,9521.286842612213,0.6913351351351351,92,115.3,2018-01-01,7.95851135253906,42,42,1,0,90.89314375284673
Fairview,2018,2,day,15009,2.08959,7182.748768897249,0.6847552631578947,51,115.1,2018-02-01,7.08263969421387,42,42,1,0,40.83768013681274
Fairview,2018,2,night,20902,2.42172,8631.055613365706,0.6949472413793103,78,115.1,2018-02-01,7.08263969421387,42,42,1,0,74.31040406678878
Fairview,2018,3,day,18037,2.22203,8117.352150961057,0.7245131818181818,57,115.3,2018-03-01,8.91440486907959,42,42,1,0,51.62228433034129
Fairview,2018,3,night,26008,2.85923,9096.155258583603,0.7128222857142857,87,115.3,2018-03-01,8.91440486907959,42,42,1,0,87.59836837297773
Fairview,2018,4,day,15576,2.07093,7521.258564992539,0.728156,63,118.7,2018-04-01,8.41799163818359,42,42,1,0,48.00393309714028
Fairview,2018,4,night,19399,2.39105,8113.172037389431,0.695598076923077,62,118.7,2018-04-01,8.41799163818359,42,42,1,0,78.41376538823003
Fairview,2018,5,day,16794,2.11328,7946.88824954573,0.714906,75,118.8,2018-05-01,7.88737344741821,42,42,1,0,53.149886479898726
Fairview,2018,5,night,20599,2.44416,8427.844330976695,0.71507,65,118.8,2018-05-01,7.88737344741821,42,42,1,0,85.35659097367473
Fairview,2018,6,day,20979,2.34746,8936.89349339286,0.6857166666666666,70,118.7,2018-06-01,NA,NA,NA,NA,0,60.35839926337042
Fairview,2018,6,night,23034,2.63061,8756.144012225303,0.7068339393939393,73,118.7,2018-06-01,NA,NA,NA,NA,0,89.55283689503734
Fairview,2018,7,day,18543,2.22132,8347.739182107936,0.7209958333333333,80,118.8,2018-07-01,7.84575748443604,42,42,1,0,59.053822475111545
Fairview,2018,7,night,20999,2.40814,8720.007972958383,0.7085107142857143,76,118.8,2018-07-01,7.84575748443604,42,42,1,0,93.4138659451221
Fairview,2018,8,day,19555,2.38456,8200.674338242694,0.7271684,68,118.8,2018-08-01,5.83170604705811,42,42,1,0,59.065064450920175
Fairview,2018,8,night,24865,2.73539,9090.111464909938,0.7093012121212121,81,118.8,2018-08-01,5.83170604705811,42,42,1,0,99.14381954125628
Fairview,2018,9,day,16696,2.18647,7636.052632782522,0.7262740909090909,57,118.7,2018-09-01,7.14674758911133,42,42,1,0,52.05263960112315
Fairview,2018,9,night,23712,2.69224,8807.535732326984,0.7066145454545455,77,118.7,2018-09-01,7.14674758911133,42,42,1,0,90.91668230586394
Fairview,2018,10,day,19504,2.40784,8100.205993753737,0.6998551851851852,61,118.8,2018-10-01,7.44725465774536,42,42,1,0,55.55621367384833
Fairview,2018,10,night,21623,2.45981,8790.51634069298,0.6988462068965517,64,118.8,2018-10-01,7.44725465774536,42,42,1,0,91.29905509100455
Fairview,2018,11,day,17324,2.1992,7877.409967260823,0.7016125,48,118.7,2018-11-01,6.53817272186279,42,42,1,0,48.676688605216995
Fairview,2018,11,night,23768,2.66292,8925.540384239857,0.7143529032258065,68,118.7,2018-11-01,6.53817272186279,42,42,1,0,83.51941012860065
Fairview,2018,12,day,12608,1.87308,6731.159373865505,0.70204,30,118.8,2018-12-01,7.09836864471436,42,42,1,0,40.42071603076391
Fairview,2018,12,night,18651,2.2803,8179.186949085647,0.6696192,51,118.8,2018-12-01,7.09836864471436,42,42,1,0,74.37715890411938
Fairview,2019,1,day,16493,2.07052,7965.631821957769,0.6859561904761905,42,118.8,2019-01-01,6.05295085906982,42,42,1,0,54.41220123533981
Fairview,2019,1,night,21671,2.47862,8743.17160355359,0.7295927586206896,91,118.8,2019-01-01,6.05295085906982,42,42,1,0,90.43996590775774
Fairview,2019,2,day,18498,2.44251,7573.356915631871,0.7108266666666667,52,118.6,2019-02-01,8.05533790588379,42,42,1,0,46.65677575508244
Fairview,2019,2,night,20038,2.463,8135.606983353634,0.7484553846153846,56,118.6,2019-02-01,8.05533790588379,42,42,1,0,75.8982181481171
Fairview,2019,3,day,20591,2.47881,8306.808508921618,0.7048881481481482,81,118.8,2019-03-01,8.52731609344482,42,42,1,0,57.24175523922373
Fairview,2019,3,night,26312,2.85788,9206.824639243074,0.686308,77,118.8,2019-03-01,8.52731609344482,42,42,1,0,96.0735714672303
Fairview,2019,4,day,19678,2.46739,7975.228885583552,0.6961838461538461,91,120.9,2019-04-01,9.12641620635986,42,42,1,0,55.15506116781845
Fairview,2019,4,night,26543,2.8785,9221.122112211222,0.7039505405405405,84,120.9,2019-04-01,9.12641620635986,42,42,1,0,96.56979487651903
Fairview,2019,5,day,17288,2.26065,7647.358060734744,0.7493065217391305,79,120.9,2019-05-01,7.92271661758423,42,42,1,0,55.420772133959446
Fairview,2019,5,night,24131,2.70987,8904.855214456782,0.7203134375,79,120.9,2019-05-01,7.92271661758423,42,42,1,0,97.72447159291423
Fairview,2019,6,day,21184,2.50365,8461.24657999321,0.697585,68,120.9,2019-06-01,NA,NA,NA,NA,0,61.921489521392914
Fairview,2019,6,night,21159,2.4451,8653.633798208662,0.7304533333333333,72,120.9,2019-06-01,NA,NA,NA,NA,0,95.90050125439599
Fairview,2019,7,day,16169,2.14487,7538.452213887089,0.7303725,63,120.9,2019-07-01,7.66335391998291,42,42,1,0,57.78528249564478
Fairview,2019,7,night,23255,2.62228,8868.236801562,0.719389375,70,120.9,2019-07-01,7.66335391998291,42,42,1,0,102.94082792543688
Fairview,2019,8,day,20047,2.37437,8443.08174378888,0.6867646153846154,82,120.9,2019-08-01,7.41270637512207,42,42,1,0,65.89280907733657
Fairview,2019,8,night,25624,2.80144,9146.724541664287,0.7111802857142857,97,120.9,2019-08-01,7.41270637512207,42,42,1,0,108.09807239088941
Fairview,2019,9,day,19744,2.4055400000000002,8207.720511818552,0.7046433333333333,67,120.9,2019-09-01,7.94074058532715,42,42,1,0,60.62507874856853
Fairview,2019,9,night,28379,3.01073,9425.953174147133,0.6930292307692307,110,120.9,2019-09-01,7.94074058532715,42,42,1,0,105.43149268969431
Fairview,2019,10,day,21160,2.23087,9485.08877702421,0.7170941379310345,84,120.9,2019-10-01,7.02294301986694,42,42,1,0,70.4910351384116
Fairview,2019,10,night,25881,2.71163,9544.443747856456,0.7205085714285714,99,120.9,2019-10-01,7.02294301986694,42,42,1,0,107.41339209897934
Fairview,2019,11,day,19534,2.36906,8245.46444581395,0.709345,75,120.9,2019-11-01,9.39142608642578,42,42,1,0,55.20883885606134
Fairview,2019,11,night,25335,2.77672,9124.074447549627,0.7087273529411765,109,120.9,2019-11-01,9.39142608642578,42,42,1,0,92.51190651780581
Fairview,2019,12,day,17700,2.24755,7875.241930101666,0.6869186956521739,51,120.9,2019-12-01,5.93651247024536,42,42,1,0,51.24292895076196
Fairview,2019,12,night,19490,2.35398,8279.5945590022,0.7292416,95,120.9,2019-12-01,5.93651247024536,42,42,1,0,81.5820158728622
Fairview,2020,1,day,18602,2.26381,8217.120694757952,0.7423058333333333,52,120.9,2020-01-01,7.06771278381348,42,42,1,0,45.379667837249336
Fairview,2020,1,night,23968,2.70891,8847.839167783352,0.6963845454545454,74,120.9,2020-01-01,7.06771278381348,42,42,1,0,73.99360508051203
Fairview,2020,2,day,15392,1.73677,8862.42853112387,0.706328947368421,41,120.8,2020-02-01,7.17497682571411,42,42,1,0,44.141249731295055
Fairview,2020,2,night,23508,2.61956,8974.026172334285,0.710659,78,120.8,2020-02-01,7.17497682571411,42,42,1,0,67.6853270444948
Fairview,2020,3,day,18513,2.22613,8316.225916725438,0.70608,59,120.9,2020-03-01,8.59924507141113,42,42,1,0,46.330885653903735
Fairview,2020,3,night,29404,3.05172,9635.222104255961,0.7021185365853658,116,120.9,2020-03-01,8.59924507141113,42,42,1,0,81.28705221455616
Fairview,2020,4,day,20077,2.32767,8625.36356098588,0.7236676923076923,66,119.6,2020-04-01,8.97211742401123,42,42,1,0,48.22644003853002
Fairview,2020,4,night,24709,2.73159,9045.647406821667,0.6719769696969697,96,119.6,2020-04-01,8.97211742401123,42,42,1,0,76.58836018807229
Fairview,2020,5,day,20608,2.37948,8660.71578664246,0.73195,48,119.7,2020-05-01,7.65002632141113,42,42,1,0,50.743511115468785
Fairview,2020,5,night,19096,2.06564,9244.592474971436,0.710446,49,119.7,2020-05-01,7.65002632141113,42,42,1,0,82.02189891216119
Fairview,2020,6,day,17125,2.17134,7886.834857737619,0.6906473913043478,40,119.6,2020-06-01,NA,NA,NA,NA,0,46.66329162198747
Fairview,2020,6,night,19100,2.08605,9156.060497111765,0.7231232,55,119.6,2020-06-01,NA,NA,NA,NA,0,82.03451181478835
Fairview,2020,7,day,22212,2.47284,8982.3846265832,0.6945175,68,119.7,2020-07-01,6.96534538269043,42,42,1,0,55.66629059311916
Fairview,2020,7,night,22455,2.55533,8787.51472412565,0.7269336666666667,57,119.7,2020-07-01,6.96534538269043,42,42,1,0,82.46734664353849
Fairview,2020,8,day,19862,2.3322600000000002,8516.203167742875,0.7033328,58,119.7,2020-08-01,7.56342649459839,42,42,1,0,53.73393210043519
Fairview,2020,8,night,25728,2.84723,9036.150925636495,0.6975537142857143,79,119.7,2020-08-01,7.56342649459839,42,42,1,0,86.33788500272999
Fairview,2020,9,day,19924,2.31535,8605.178482734791,0.6991516,61,119.6,2020-09-01,7.55665111541748,42,42,1,0,51.38723131532256
Fairview,2020,9,night,20754,2.38579,8699.005360907708,0.7179242307692307,70,119.6,2020-09-01,7.55665111541748,42,42,1,0,78.66476615297321
Fairview,2020,10,day,20666,2.39172,8640.64355359323,0.7120903846153847,68,119.7,2020-10-01,6.59130334854126,42,42,1,0,51.916350768870025
Fairview,2020,10,night,21894,2.49805,8764.43626028302,0.7184627586206896,74,119.7,2020-10-01,6.59130334854126,42,42,1,0,79.74388246446533
Fairview,2020,11,day,21390,2.47477,8643.227451439932,0.7012488888888889,57,119.6,2020-11-01,6.96589469909668,42,42,1,0,46.78805717004051
Fairview,2020,11,night,21915,2.54341,8616.385089309233,0.6835348275862069,78,119.6,2020-11-01,6.96589469909668,42,42,1,0,70.63167274251823
Fairview,2020,12,day,13288,1.66011,8004.288872424117,0.7205333333333334,31,119.7,2020-12-01,3.81725907325745,42,42,1,0,42.10739505260749
Fairview,2020,12,night,19717,2.36938,8321.58623774996,0.67514,60,119.7,2020-12-01,3.81725907325745,42,42,1,0,66.29138006682966
Fairview,2021,1,day,11525,1.37388,8388.651119457303,0.7504,30,119.7,2021-01-01,2.60919284820557,42,42,1,0,37.32872396094729
Fairview,2021,1,night,24713,2.62049,9430.678995149761,0.70111625,69,119.7,2021-01-01,2.60919284820557,42,42,1,0,63.54908402632185
Fairview,2021,2,day,16546,2.15338,7683.73440823264,0.7125880952380952,34,119.5,2021-02-01,8.09883594512939,42,42,1,0,30.837104232116463
Fairview,2021,2,night,16625,1.67852,9904.55877797107,0.7054839130434782,40,119.5,2021-02-01,8.09883594512939,42,42,1,0,60.19379135166987
Fairview,2021,3,day,17735,1.99396,8894.360970129792,0.6574079166666666,35,119.7,2021-03-01,8.3439826965332,42,42,1,0,39.92716177105215
Fairview,2021,3,night,20890,2.47398,8443.88394409009,0.6945828571428572,51,119.7,2021-03-01,8.3439826965332,42,42,1,0,57.399917087658714
Fairview,2021,4,day,15823,2.17828,7263.988100703307,0.697323,40,120.1,2021-04-01,8.19888401031494,42,42,1,0,32.72595161053319
Fairview,2021,4,night,16926,1.98793,8514.384309306666,0.7139486956521739,44,120.1,2021-04-01,8.19888401031494,42,42,1,0,58.08790716451312
Fairview,2021,5,day,15054,1.89972,7924.3256901016985,0.7355927777777778,50,120.1,2021-05-01,9.05857276916504,42,42,1,0,37.41092178861699
Fairview,2021,5,night,22635,2.5894,8741.407275816791,0.6996096666666667,59,120.1,2021-05-01,9.05857276916504,42,42,1,0,62.493200731815946
Fairview,2021,6,day,16348,1.94243,8416.262104683308,0.718927,48,120.1,2021-06-01,NA,NA,NA,NA,0,40.12372456746684
Fairview,2021,6,night,22312,2.4427,9134.15482867319,0.7202821428571429,48,120.1,2021-06-01,NA,NA,NA,NA,0,65.9425410406349
Fairview,2021,7,day,18101,2.25526,8026.125590840968,0.6992527272727272,56,120.1,2021-07-01,7.09402322769165,42,42,1,0,40.078914537382985
Fairview,2021,7,night,24276,2.66209,9119.15074246175,0.7057628125,55,120.1,2021-07-01,7.09402322769165,42,42,1,0,68.9572153910618
Fairview,2021,8,day,17220,1.93872,8882.14904679376,0.7431895454545454,46,120.1,2021-08-01,5.87563753128052,42,42,1,0,45.15751450694068
Fairview,2021,8,night,13114,1.57475,8327.671058898237,0.68649,44,120.1,2021-08-01,5.87563753128052,42,42,1,0,64.11370238802265
Fairview,2021,9,day,12107,1.72654,7012.290476907572,0.6823966666666667,34,120.1,2021-09-01,7.70898151397705,42,42,1,0,33.74151662135562
Fairview,2021,9,night,15460,1.68612,9168.979669299932,0.7011455,31,120.1,2021-09-01,7.70898151397705,42,42,1,0,66.80993239182604
Fairview,2021,10,day,11553,1.47638,7825.221149026674,0.7625992857142857,26,120.1,2021-10-01,7.64898586273193,42,42,1,0,37.88471750830483
Fairview,2021,10,night,15797,1.81507,8703.245604852706,0.7027890476190476,33,120.1,2021-10-01,7.64898586273193,42,42,1,0,63.80636350414877
Fairview,2021,11,day,11141,1.56942,7098.800830880197,0.671275,34,120.1,2021-11-01,7.1642165184021,42,42,1,0,30.963741031597255
Fairview,2021,11,night,15191,1.65963,9153.245000391655,0.7038184210526316,35,120.1,2021-11-01,7.1642165184021,42,42,1,0,60.45870536902702
Fairview,2021,12,day,16672,1.75854,9480.591854606662,0.706752,33,120.1,2021-12-01,7.68387937545776,42,42,1,0,40.18652341285935
Fairview,2021,12,night,15133,2.1077500000000002,7179.693986478472,0.720224,43,120.1,2021-12-01,7.68387937545776,42,42,1,0,46.08570560914922
Fairview,2022,1,day,16008,1.9508,8205.864260816075,0.7100238095238095,29,120.1,2022-01-01,4.5648021697998,42,42,1,0,38.765418480271684
Fairview,2022,1,night,19038,2.14104,8891.940365429886,0.69789,48,120.1,2022-01-01,4.5648021697998,42,42,1,0,63.61096885956221
Fairview,2022,2,day,13259,1.90248,6969.324250452042,0.7282623529411765,36,120,2022-02-01,6.54375410079956,42,42,1,0,29.69347671995266
Fairview,2022,2,night,21455,2.42671,8841.188275484092,0.6953403571428571,57,120,2022-02-01,6.54375410079956,42,42,1,0,57.042209618822604
Fairview,2022,3,day,13813,1.90055,7267.896135329247,0.6900011111111111,40,120.1,2022-03-01,8.52093887329102,42,42,1,0,34.63630353383767
Fairview,2022,3,night,16682,2.0459300000000002,8153.749150752958,0.67256375,39,120.1,2022-03-01,8.52093887329102,42,42,1,0,58.84309290936209
Fairview,2022,4,day,17217,2.20689,7801.4762856327225,0.6909960869565217,47,120.9,2022-04-01,8.56580543518066,42,42,1,0,37.3132509287303
Fairview,2022,4,night,18797,2.06407,9106.76478995383,0.7281191666666667,48,120.9,2022-04-01,8.56580543518066,42,42,1,0,65.9577355083421
Fairview,2022,5,day,16604,2.00548,8279.314677782875,0.7275386363636364,51,120.9,2022-05-01,7.63828134536743,42,42,1,0,41.49536777201632
Fairview,2022,5,night,16198,2.12302,7629.697317971569,0.709977619047619,39,120.9,2022-05-01,7.63828134536743,42,42,1,0,57.9065723815915
Fairview,2022,6,day,17985,2.24149,8023.680676692735,0.72328,49,120.9,2022-06-01,NA,NA,NA,NA,0,40.6092305877438
Fairview,2022,6,night,15069,2.00098,7530.809903147457,0.7434194444444444,28,120.9,2022-06-01,NA,NA,NA,NA,0,57.7175822792852
Fairview,2022,7,day,13767,1.98703,6928.430874219312,0.7285222222222222,44,120.9,2022-07-01,7.84532022476196,42,42,1,0,36.72941610448416
Fairview,2022,7,night,14177,1.84216,7695.857037390889,0.6761926315789474,31,120.9,2022-07-01,7.84532022476196,42,42,1,0,61.78050422059125
Fairview,2022,8,day,14324,2.01832,7096.991557334813,0.7235717647058824,61,120.9,2022-08-01,8.3125171661377,42,42,1,0,38.304993974870584
Fairview,2022,8,night,19212,1.92336,9988.769653107063,0.698962,58,120.9,2022-08-01,8.3125171661377,42,42,1,0,81.64102130782963
Fairview,2022,9,day,14095,1.59676,8827.250181617776,0.7321644444444444,40,120.9,2022-09-01,9.09015846252441,42,42,1,0,45.09197662687238
Fairview,2022,9,night,15428,2.06736,7462.657689033357,0.7287357894736842,41,120.9,2022-09-01,9.09015846252441,42,42,1,0,57.727490675853055
Fairview,2022,10,day,18363,2.3328700000000002,7871.42018200757,0.7165090909090909,63,120.9,2022-10-01,7.62457466125488,42,42,1,0,40.456626441672505
Fairview,2022,10,night,18333,2.32253,7893.547123180325,0.7200373913043479,52,120.9,2022-10-01,7.62457466125488,42,42,1,0,61.43616476885814
Fairview,2022,11,day,14245,2.01356,7074.534655038837,0.7214461111111111,34,120.9,2022-11-01,5.72294425964355,42,42,1,0,32.75936309477082
Fairview,2022,11,night,15106,1.92884,7831.650110947512,0.728395,38,120.9,2022-11-01,5.72294425964355,42,42,1,0,54.916919614941364
Fairview,2022,12,day,14780,2.03829,7251.176231056425,0.7069083333333334,23,120.9,2022-12-01,8.81018733978271,42,42,1,0,32.630413898810325
Fairview,2022,12,night,15553,1.87747,8284.020516972309,0.719964,36,120.9,2022-12-01,8.81018733978271,42,42,1,0,56.450866067066414
Fairview,2023,1,day,12063,1.66273,7254.9361592080495,0.7260557142857142,18,120.9,2023-01-01,7.17726850509644,42,42,1,0,34.81956820937585
Fairview,2023,1,night,17889,2.30599,7757.622539560016,0.7460358333333333,56,120.9,2023-01-01,7.17726850509644,42,42,1,0,56.38112684782025
Fairview,2023,2,day,11673,1.52383,7660.303314674209,0.702664375,40,120.7,2023-02-01,6.95227575302124,42,42,1,0,33.157821128056874
Fairview,2023,2,night,16601,2.16614,7663.862908214613,0.6945436363636364,43,120.7,2023-02-01,6.95227575302124,42,42,1,0,50.234613679569186
Fairview,2023,3,day,17215,2.1683500000000002,7939.216454908109,0.7274914285714286,51,120.9,2023-03-01,6.97339153289795,42,42,1,0,38.438825166081664
Fairview,2023,3,night,23439,2.63152,8907.019517237186,0.7221646666666667,71,120.9,2023-03-01,6.97339153289795,42,42,1,0,65.30406079925314
Fairview,2023,4,day,15411,2.05591,7495.950698230954,0.715386,49,122,2023-04-01,8.21234226226807,42,42,1,0,36.4235821954282
Fairview,2023,4,night,21525,2.56105,8404.755861853537,0.7228757142857143,51,122,2023-04-01,8.21234226226807,42,42,1,0,61.843827192880795
Fairview,2023,5,day,15884,2.01611,7878.538373402245,0.6843355,68,122.1,2023-05-01,8.5203218460083,42,42,1,0,40.116267762133845
Fairview,2023,5,night,18125,1.94087,9338.5955782716,0.6961420833333333,43,122.1,2023-05-01,8.5203218460083,42,42,1,0,72.00650896435458
Fairview,2023,6,day,15933,2.05397,7757.172694830012,0.7385685714285715,65,122,2023-06-01,NA,NA,NA,NA,0,39.88634329645099
Fairview,2023,6,night,20597,2.44589,8421.065542604125,0.6973623076923077,49,122,2023-06-01,NA,NA,NA,NA,0,65.56969014575778
Fairview,2023,7,day,16314,2.02334,8062.905888283728,0.7158168421052632,70,122.1,2023-07-01,6.51766729354858,42,42,1,0,43.42505376411057
Fairview,2023,7,night,20425,2.42076,8437.43287232109,0.7115276923076923,48,122.1,2023-07-01,6.51766729354858,42,42,1,0,68.8136233200519
Fairview,2023,8,day,15154,2.04434,7412.6612990011445,0.7432378947368421,61,122.1,2023-08-01,8.15005397796631,42,42,1,0,40.646663732004725
Fairview,2023,8,night,19015,2.22041,8563.733724852616,0.7262892,45,122.1,2023-08-01,8.15005397796631,42,42,1,0,71.10976184408061
Fairview,2023,9,day,16076,2.18504,7357.302383480394,0.7045671428571428,38,122.5,2023-09-01,7.91447305679321,42,42,1,0,38.18229965386179
Fairview,2023,9,night,18033,2.12011,8505.690742461476,0.6670741666666666,45,122.5,2023-09-01,7.91447305679321,42,42,1,0,66.84491649438438
Fairview,2023,10,day,14442,2.02374,7136.292211450087,0.7040833333333333,44,122.5,2023-10-01,6.22265100479126,42,42,1,0,37.26308717240619
Fairview,2023,10,night,19907,1.89522,10503.793754814746,0.7275111538461538,53,122.5,2023-10-01,6.22265100479126,42,42,1,0,83.05536942852562
Fairview,2023,11,day,8448,1.50418,5616.349107154729,0.753260909090909,25,122.5,2023-11-01,6.17512321472168,42,42,1,0,26.421733315764257
Fairview,2023,11,night,16624,2.14827,7738.3196711772725,0.739247,42,122.5,2023-11-01,6.17512321472168,42,42,1,0,55.12761412801584
Fairview,2023,12,day,12319,1.63445,7537.091988130564,0.7195453333333334,26,122.5,2023-12-01,8.78818416595459,42,42,1,0,34.4578024041776
Fairview,2023,12,night,17070,1.63405,10446.436767540772,0.7226004761904762,40,122.5,2023-12-01,8.78818416595459,42,42,1,0,72.32147272653874
Fairview,2024,1,day,9484,1.37192,6912.9395300017495,0.6715146153846153,22,122.5,2024-01-01,10.0354280471802,42,42,1,0,31.022354627356666
Fairview,2024,1,night,17155,1.96008,8752.193788008652,0.6753490909090909,37,122.5,2024-01-01,10.0354280471802,42,42,1,0,59.47634148272482
Fairview,2024,2,day,14076,1.95104,7214.61374446449,0.7401656249999999,33,122.4,2024-02-01,8.90059280395508,42,42,1,0,29.19949343222306
Fairview,2024,2,night,14557,1.64169,8867.0820922342209,0.7236673684210526,45,122.4,2024-02-01,8.90059280395508,42,42,1,0,54.3448360137098
Fairview,2024,3,day,14933,1.81664,8220.12066232165,0.7087205263157894,44,122.5,2024-03-01,9.02252674102783,42,42,1,0,37.2128446097357
Fairview,2024,3,night,16420,1.84731,8888.600180803438,0.71872,46,122.5,2024-03-01,9.02252674102783,42,42,1,0,60.934516511708466
Fairview,2024,4,day,12384,1.80419,6864.022081931504,0.69073875,30,130.3,2024-04-01,8.51896095275879,42,42,1,0,31.185795037940732
Fairview,2024,4,night,16223,1.87427,8655.63659451413,0.680147619047619,42,130.3,2024-04-01,8.51896095275879,42,42,1,0,59.55146963972697
Fairview,2024,5,day,16865,2.21744,7605.617288404647,0.678895652173913,60,130.4,2024-05-01,8.49002265930176,42,42,1,0,36.21025214368293
Fairview,2024,5,night,18070,2.02799,8910.300346648652,0.7259826086956521,34,130.4,2024-05-01,8.49002265930176,42,42,1,0,64.23988359407964
Fairview,2024,6,day,13674,1.92028,7120.836544670569,0.7081488888888889,48,130.3,2024-06-01,NA,NA,NA,NA,0,34.23528863522046
Fairview,2024,6,night,12391,1.68685,7345.644248154845,0.6757823529411765,27,130.3,2024-06-01,NA,NA,NA,NA,0,53.47960481606103
Fairview,2024,7,day,14468,1.88385,7680.016986490432,0.6926983333333333,35,130.4,2024-07-01,5.99629640579224,42,42,1,0,38.675253485139564
Fairview,2024,7,night,14586,1.78717,8161.506739705792,0.7356794736842105,41,130.4,2024-07-01,5.99629640579224,42,42,1,0,62.23814683505386
Fairview,2024,8,day,15861,2.0695200000000002,7664.0960222660315,0.7342373684210526,39,130.4,2024-08-01,6.48987627029419,42,42,1,0,39.29469293038392
Fairview,2024,8,night,16117,2.1275,7575.558166862515,0.6958275,50,130.4,2024-08-01,6.48987627029419,42,42,1,0,58.81700690053678
Fairview,2024,9,day,11269,1.70378,6614.116846071675,0.7002884615384615,34,130.3,2024-09-01,5.6056056022644,42,42,1,0,32.09501277484139
Fairview,2024,9,night,14683,1.86583,7869.4200436266965,0.7055657894736842,34,130.3,2024-09-01,5.6056056022644,42,42,1,0,57.82607805635868
Fairview,2024,10,day,14909,2.02525,7361.560301197383,0.7279652631578947,36,130.4,2024-10-01,7.31350517272949,42,42,1,0,35.94167357516049
Fairview,2024,10,night,19821,2.42376,8177.789880186157,0.6947244,47,130.4,2024-10-01,7.31350517272949,42,42,1,0,60.4616075988694
Fairview,2024,11,day,13066,1.56952,8324.83816708293,0.668831875,26,130.3,2024-11-01,6.34679985046387,42,42,1,0,36.61889400267456
Fairview,2024,11,night,14099,1.76535,7986.518254170561,0.7220205882352941,34,130.3,2024-11-01,6.34679985046387,42,42,1,0,53.19884864805412
Fairview,2024,12,day,10746,1.62872,6597.819146323493,0.7525415384615385,34,130.4,2024-12-01,7.45682716369629,42,42,1,0,28.203719155512523
Fairview,2024,12,night,18047,2.14381,8418.190044826733,0.7195025,49,130.4,2024-12-01,7.45682716369629,42,42,1,0,54.49291264651174
Grandview-Woodland,2014,1,day,13216,2.72667,4846.937839929291,0.5669379166666667,34,94.8,2014-01-01,6.73665189743042,50,50,1,0,43.52635094184483
Grandview-Woodland,2014,1,night,15147,2.92992,5169.765727391874,0.5924,57,94.8,2014-01-01,6.73665189743042,50,50,1,0,70.30253631103943
Grandview-Woodland,2014,2,day,11967,2.39047,5006.1285019264,0.6024117391304348,34,94.8,2014-02-01,7.09842109680176,50,50,1,0,40.54497478937722
Grandview-Woodland,2014,2,night,15337,2.80671,5464.4049438666625,0.6179824137931035,70,94.8,2014-02-01,7.09842109680176,50,50,1,0,67.01827389461921
Grandview-Woodland,2014,3,day,12331,2.42379,5087.486952252464,0.5853291666666667,45,94.8,2014-03-01,7.47202444076538,50,48,0.96,0,46.08831117031424
Grandview-Woodland,2014,3,night,17040,3.30084,5162.32231795543,0.6380579411764706,66,94.8,2014-03-01,7.47202444076538,50,48,0.96,0,70.81869571534611
Grandview-Woodland,2014,4,day,13036,2.47608,5264.773351426448,0.5388708333333333,37,101.7,2014-04-01,7.58852767944336,50,50,1,0,47.86638580273727
Grandview-Woodland,2014,4,night,18090,2.99644,6037.164101400328,0.5792365714285714,81,101.7,2014-04-01,7.58852767944336,50,50,1,0,83.11879899516788
Grandview-Woodland,2014,5,day,15776,3.00543,5249.165676791674,0.6163679310344827,59,101.7,2014-05-01,8.54102325439453,50,50,1,0,50.01038182468842
Grandview-Woodland,2014,5,night,20335,3.63985,5586.768685522755,0.6113205128205128,80,101.7,2014-05-01,8.54102325439453,50,50,1,0,80.60201540599832
Grandview-Woodland,2014,6,day,16772,2.95373,5678.244118453616,0.6013761290322581,67,101.7,2014-06-01,NA,NA,NA,NA,0,54.6298295761656
Grandview-Woodland,2014,6,night,15873,3.14689,5044.027595499048,0.6372577419354839,57,101.7,2014-06-01,NA,NA,NA,NA,0,73.48666879022275
Grandview-Woodland,2014,7,day,15438,2.93702,5256.34827137711,0.6188324137931035,66,101.7,2014-07-01,7.23290967941284,50,50,1,0,52.96975082940492
Grandview-Woodland,2014,7,night,16063,3.0451099999999998,5275.014695692438,0.5636303448275862,66,101.7,2014-07-01,7.23290967941284,50,50,1,0,80.49757404985418
Grandview-Woodland,2014,8,day,14252,2.78368,5119.841361075986,0.5675446153846154,67,101.7,2014-08-01,6.96201181411743,50,50,1,0,52.529380087518014
Grandview-Woodland,2014,8,night,19170,3.32397,5767.200064982536,0.6210786111111111,81,101.7,2014-08-01,6.96201181411743,50,50,1,0,89.60373429736507
Grandview-Woodland,2014,9,day,8748,1.92171,4552.19570070406,0.57658,39,101.7,2014-09-01,6.56467819213867,50,50,1,0,44.203781477462684
Grandview-Woodland,2014,9,night,17810,2.53822,7016.728258385798,0.6048260606060606,62,101.7,2014-09-01,6.56467819213867,50,50,1,0,103.17832606000691
Grandview-Woodland,2014,10,day,15640,3.17471,4926.434225488312,0.6034758620689655,60,101.7,2014-10-01,6.11414432525635,50,50,1,0,48.132001273743
Grandview-Woodland,2014,10,night,19252,3.22662,5966.615219641606,0.6031202777777778,104,101.7,2014-10-01,6.11414432525635,50,50,1,0,88.2763938043393
Grandview-Woodland,2014,11,day,14010,2.57529,5440.164020362756,0.62855,40,101.7,2014-11-01,6.42676210403442,50,50,1,0,47.886624664675665
Grandview-Woodland,2014,11,night,20645,3.49302,5910.358371838695,0.6348115384615385,85,101.7,2014-11-01,6.42676210403442,50,50,1,0,78.7827921455303
Grandview-Woodland,2014,12,day,15008,2.90665,5163.3323585571015,0.6347662068965517,45,101.7,2014-12-01,6.55486392974854,50,50,1,0,44.16811498200887
Grandview-Woodland,2014,12,night,17598,3.30655,5322.163584400659,0.6025245454545455,83,101.7,2014-12-01,6.55486392974854,50,50,1,0,68.94175326756925
Grandview-Woodland,2015,1,day,11912,2.40205,4959.097437605379,0.5977845454545454,34,101.7,2015-01-01,6.13257360458374,50,50,1,0,46.11753545875771
Grandview-Woodland,2015,1,night,20999,3.67804,5709.290817935639,0.6239439999999999,104,101.7,2015-01-01,6.13257360458374,50,50,1,0,80.40090466447394
Grandview-Woodland,2015,2,day,10313,2.21933,4646.897937665873,0.59168,35,101.7,2015-02-01,6.36448526382446,50,50,1,0,38.974164599624054
Grandview-Woodland,2015,2,night,20541,3.72081,5520.572133487063,0.63425875,78,101.7,2015-02-01,6.36448526382446,50,50,1,0,70.1153475290302
Grandview-Woodland,2015,3,day,10948,2.13455,5128.949895762573,0.5807625,45,101.7,2015-03-01,7.17808389663696,50,50,1,0,48.11656126145261
Grandview-Woodland,2015,3,night,21926,3.71906,5895.575763768265,0.6014126829268293,73,101.7,2015-03-01,7.17808389663696,50,50,1,0,83.75440766281984
Grandview-Woodland,2015,4,day,12200,2.52762,4826.674895751735,0.5613236363636364,51,107.7,2015-04-01,6.16077375411987,50,50,1,0,45.44411441041815
Grandview-Woodland,2015,4,night,13763,2.79374,4926.3711011046125,0.6026628,59,107.7,2015-04-01,6.16077375411987,50,50,1,0,70.23798467547441
Grandview-Woodland,2015,5,day,13350,2.4703,5404.201918795288,0.5557976,56,107.7,2015-05-01,7.10810518264771,50,50,1,0,53.318766892728924
Grandview-Woodland,2015,5,night,19047,3.46815,5491.976990614593,0.6185036111111111,68,107.7,2015-05-01,7.10810518264771,50,50,1,0,82.05264016012667
Grandview-Woodland,2015,6,day,13669,2.75479,4961.902722167571,0.5691734615384615,56,107.7,2015-06-01,NA,NA,NA,NA,0,49.43592574875872
Grandview-Woodland,2015,6,night,14507,2.8467,5096.076158358802,0.5999542857142857,60,107.7,2015-06-01,NA,NA,NA,NA,0,76.88571479952498
Grandview-Woodland,2015,7,day,14683,2.8873,5085.373878710213,0.6058429629629629,57,107.7,2015-07-01,7.72018575668335,50,50,1,0,53.06954020114586
Grandview-Woodland,2015,7,night,17748,3.17143,5596.213695399237,0.5825939393939394,79,107.7,2015-07-01,7.72018575668335,50,50,1,0,88.43660213277283
Grandview-Woodland,2015,8,day,11450,2.34897,4874.47689838525,0.5429485714285714,45,107.7,2015-08-01,6.07221698760986,50,50,1,0,51.79077706536023
Grandview-Woodland,2015,8,night,15381,2.92943,5250.509484780316,0.6354806666666667,62,107.7,2015-08-01,6.07221698760986,50,50,1,0,84.47752452961834
Grandview-Woodland,2015,9,day,14369,2.79636,5138.465719721352,0.6344657692307692,51,107.7,2015-09-01,5.9811806678772,50,50,1,0,51.67144444857504
Grandview-Woodland,2015,9,night,17162,3.20392,5356.563210067667,0.61298,70,107.7,2015-09-01,5.9811806678772,50,50,1,0,81.56778965654732
Grandview-Woodland,2015,10,day,17691,3.22814,5480.245590339949,0.6107539393939394,60,107.7,2015-10-01,5.89349985122681,50,50,1,0,55.44723470734102
Grandview-Woodland,2015,10,night,19922,3.63441,5481.494933152837,0.6418218421052632,86,107.7,2015-10-01,5.89349985122681,50,50,1,0,83.98354614117771
Grandview-Woodland,2015,11,day,16821,3.08956,5444.464583953702,0.61214,55,107.7,2015-11-01,6.60454368591309,50,50,1,0,49.62905997800384
Grandview-Woodland,2015,11,night,24047,4.0563,5928.309050119567,0.617400652173913,94,107.7,2015-11-01,6.60454368591309,50,50,1,0,81.83272799589705
Grandview-Woodland,2015,12,day,12015,2.5558899999999998,4700.906533536264,0.5777263636363636,38,107.7,2015-12-01,3.80178618431091,50,50,1,0,41.64271528501235
Grandview-Woodland,2015,12,night,24948,4.20969,5926.327116723559,0.616535744680851,113,107.7,2015-12-01,3.80178618431091,50,50,1,0,79.49839559587942
Grandview-Woodland,2016,1,day,11462,2.36065,4855.442356977951,0.6161225,44,107.7,2016-01-01,6.30013799667358,50,50,1,0,47.355398058743354
Grandview-Woodland,2016,1,night,17979,3.154,5700.380469245403,0.591545,79,107.7,2016-01-01,6.30013799667358,50,50,1,0,84.18987280931786
Grandview-Woodland,2016,2,day,12291,2.49423,4927.773300778196,0.5990931818181818,53,107.6,2016-02-01,5.0623950958252,50,50,1,0,43.34526288768468
Grandview-Woodland,2016,2,night,16453,3.31113,4968.998499001851,0.6455848387096774,86,107.6,2016-02-01,5.0623950958252,50,50,1,0,66.18736745201565
Grandview-Woodland,2016,3,day,16463,2.97336,5536.833750369952,0.5866425806451613,60,107.7,2016-03-01,6.84008932113647,50,50,1,0,54.475954594421324
Grandview-Woodland,2016,3,night,21235,3.74759,5666.308214078915,0.6140425,99,107.7,2016-03-01,6.84008932113647,50,50,1,0,84.42263061184033
Grandview-Woodland,2016,4,day,13250,2.70727,4894.2292420039375,0.607936,50,112.2,2016-04-01,6.6439356803894,50,50,1,0,48.32714558777338
Grandview-Woodland,2016,4,night,19540,3.3457500000000002,5840.2450870507355,0.6099527777777778,80,112.2,2016-04-01,6.6439356803894,50,50,1,0,87.32794306676672
Grandview-Woodland,2016,5,day,16689,3.24031,5150.43313757017,0.5705136666666667,63,112.3,2016-05-01,7.1548752784729,50,50,1,0,53.2929208188568
Grandview-Woodland,2016,5,night,18466,3.33602,5535.338517155173,0.6126537142857142,96,112.3,2016-05-01,7.1548752784729,50,50,1,0,86.73318130863007
Grandview-Woodland,2016,6,day,14559,2.70563,5381.001836910442,0.6196228571428571,65,112.2,2016-06-01,NA,NA,NA,NA,0,56.225691573890735
Grandview-Woodland,2016,6,night,24153,3.91204,6174.016625596875,0.5800534782608696,103,112.2,2016-06-01,NA,NA,NA,NA,0,97.69105086133166
Grandview-Woodland,2016,7,day,17421,3.2464,5366.251848201085,0.5883766666666667,77,112.3,2016-07-01,6.40089702606201,50,50,1,0,58.73145067192526
Grandview-Woodland,2016,7,night,19322,3.41205,5662.871294383142,0.5958727777777778,96,112.3,2016-07-01,6.40089702606201,50,50,1,0,93.85376281499585
Grandview-Woodland,2016,8,day,16403,3.18926,5143.199362861605,0.620418064516129,75,112.3,2016-08-01,7.25897645950317,50,50,1,0,57.31060719405777
Grandview-Woodland,2016,8,night,21065,3.8042599999999998,5537.2135448155495,0.6137464102564103,105,112.3,2016-08-01,7.25897645950317,50,50,1,0,93.43471052359864
Grandview-Woodland,2016,9,day,16518,3.02258,5464.867761978177,0.6254348387096774,73,112.2,2016-09-01,5.80948972702026,50,50,1,0,57.63337282334806
Grandview-Woodland,2016,9,night,21412,3.8022,5631.476513597391,0.6184041463414635,101,112.2,2016-09-01,5.80948972702026,50,50,1,0,89.93567053091233
Grandview-Woodland,2016,10,day,13200,2.92046,4519.835916259767,0.6659288,54,112.3,2016-10-01,5.75889492034912,50,50,1,0,47.960066803414975
Grandview-Woodland,2016,10,night,19581,3.40784,5745.86835062679,0.6125836111111111,110,112.3,2016-10-01,5.75889492034912,50,50,1,0,92.32686788702462
Grandview-Woodland,2016,11,day,12141,2.44224,4971.255896226415,0.6553108333333333,47,112.2,2016-11-01,4.65483522415161,50,50,1,0,47.525230446984786
Grandview-Woodland,2016,11,night,18171,3.39092,5358.722706522124,0.5974714705882352,83,112.2,2016-11-01,4.65483522415161,50,50,1,0,77.57731028276254
Grandview-Woodland,2016,12,day,12711,2.59614,4896.11500150223,0.62324875,37,112.3,2016-12-01,5.52043867111206,50,50,1,0,45.486893029303126
Grandview-Woodland,2016,12,night,15836,2.94484,5377.541734016109,0.5836465517241379,78,112.3,2016-12-01,5.52043867111206,50,50,1,0,75.65432729655895
Grandview-Woodland,2017,1,day,13039,2.81832,4626.515087002186,0.59588,48,112.3,2017-01-01,6.60599756240845,50,50,1,0,42.86456655105894
Grandview-Woodland,2017,1,night,15248,3.05355,4993.532118354047,0.6316016666666666,57,112.3,2017-01-01,6.60599756240845,50,50,1,0,70.0595949952334
Grandview-Woodland,2017,2,day,12244,2.5509,4799.874554078952,0.5727563636363636,38,112.1,2017-02-01,5.7969217300415,50,50,1,0,40.10740588383212
Grandview-Woodland,2017,2,night,17081,3.31788,5148.166901756543,0.6179365625,75,112.1,2017-02-01,5.7969217300415,50,50,1,0,65.14223052833844
Grandview-Woodland,2017,3,day,15801,2.91675,5417.330933401903,0.5983410344827587,64,112.3,2017-03-01,6.52713108062744,50,50,1,0,50.63286440885405
Grandview-Woodland,2017,3,night,21258,3.665,5800.272851296044,0.597728,88,112.3,2017-03-01,6.52713108062744,50,50,1,0,82.09389759935989
Grandview-Woodland,2017,4,day,12157,2.36064,5149.874610275179,0.60467125,69,115.2,2017-04-01,6.46936511993408,50,50,1,0,48.30668737082239
Grandview-Woodland,2017,4,night,16624,3.13869,5296.477192714158,0.58922,70,115.2,2017-04-01,6.46936511993408,50,50,1,0,75.23380539899568
Grandview-Woodland,2017,5,day,11190,2.44437,4577.866689576455,0.5864838095238095,58,115.3,2017-05-01,5.95786666870117,50,50,1,0,44.99794453411833
Grandview-Woodland,2017,5,night,17714,3.21903,5502.8999419079655,0.5879078787878788,78,115.3,2017-05-01,5.95786666870117,50,50,1,0,81.90991433077252
Grandview-Woodland,2017,6,day,13319,2.75682,4831.291125282029,0.617852,69,115.2,2017-06-01,NA,NA,NA,NA,0,47.95552375379741
Grandview-Woodland,2017,6,night,18280,3.45443,5291.755803417641,0.5966748571428572,88,115.2,2017-06-01,NA,NA,NA,NA,0,79.54090834777662
Grandview-Woodland,2017,7,day,16745,3.07041,5453.669053969991,0.593566875,81,115.3,2017-07-01,7.42562103271484,50,50,1,0,56.701196298949725
Grandview-Woodland,2017,7,night,19647,3.40006,5778.427439515774,0.5793097222222222,74,115.3,2017-07-01,7.42562103271484,50,50,1,0,90.97633287077097
Grandview-Woodland,2017,8,day,15487,3.1065,4985.353291485595,0.5904689285714285,59,115.3,2017-08-01,6.22607946395874,50,50,1,0,52.771732946052154
Grandview-Woodland,2017,8,night,19112,3.5122,5441.603553328398,0.6053658333333334,79,115.3,2017-08-01,6.22607946395874,50,50,1,0,87.22633696451383
Grandview-Woodland,2017,9,day,15859,3.08313,5143.798672128648,0.6408286666666667,75,115.2,2017-09-01,5.96411895751953,50,50,1,0,51.53260603095056
Grandview-Woodland,2017,9,night,21923,3.64732,6010.714716559008,0.6139378571428571,104,115.2,2017-09-01,5.96411895751953,50,50,1,0,91.18839679403054
Grandview-Woodland,2017,10,day,15671,2.9319,5344.998124083359,0.614131724137931,69,115.3,2017-10-01,6.72660446166992,50,50,1,0,53.877623662999554
Grandview-Woodland,2017,10,night,19879,3.50192,5676.600264997487,0.6138442105263158,122,115.3,2017-10-01,6.72660446166992,50,50,1,0,86.64919043909683
Grandview-Woodland,2017,11,day,18343,3.36171,5456.44924755556,0.5883151428571428,70,115.2,2017-11-01,5.42065954208374,50,50,1,0,49.553233313185736
Grandview-Woodland,2017,11,night,23210,3.9475,5879.670677644079,0.6170833333333333,136,115.2,2017-11-01,5.42065954208374,50,50,1,0,80.8593414512689
Grandview-Woodland,2017,12,day,15028,2.86833,5239.285577321996,0.5587771428571429,73,115.3,2017-12-01,6.6867036819458,50,50,1,0,46.23921998669356
Grandview-Woodland,2017,12,night,22414,3.92952,5704.004560353427,0.6127264285714286,107,115.3,2017-12-01,6.6867036819458,50,50,1,0,76.23135042553395
Grandview-Woodland,2018,1,day,14414,2.94057,4901.770745127645,0.6220184615384615,50,115.3,2018-01-01,5.35569095611572,50,50,1,0,45.82382584772641
Grandview-Woodland,2018,1,night,21244,3.77073,5633.922343949315,0.6294135,117,115.3,2018-01-01,5.35569095611572,50,50,1,0,79.7562136038193
Grandview-Woodland,2018,2,day,13712,2.61579,5242.011017704021,0.5865688,40,115.1,2018-02-01,6.94985723495483,50,50,1,0,44.19636095686339
Grandview-Woodland,2018,2,night,18114,3.19988,5660.837281398053,0.6101582352941176,80,115.1,2018-02-01,6.94985723495483,50,50,1,0,72.27441330453617
Grandview-Woodland,2018,3,day,15030,2.55477,5883.112765532709,0.5861018518518518,61,115.3,2018-03-01,6.74608421325684,50,50,1,0,55.48150073201055
Grandview-Woodland,2018,3,night,21855,3.87895,5634.256693177277,0.6279648780487805,128,115.3,2018-03-01,6.74608421325684,50,50,1,0,80.46239906647475
Grandview-Woodland,2018,4,day,16377,3.21256,5097.803620788406,0.6404987096774194,62,118.7,2018-04-01,7.52839136123657,50,50,1,0,48.24892035765312
Grandview-Woodland,2018,4,night,17058,3.02204,5644.531508517425,0.5963572727272727,81,118.7,2018-04-01,7.52839136123657,50,50,1,0,80.89985088022075
Grandview-Woodland,2018,5,day,16571,3.11573,5318.496788874517,0.6102470967741935,58,118.8,2018-05-01,7.36332893371582,50,50,1,0,52.7487694115486
Grandview-Woodland,2018,5,night,22080,3.92527,5625.090758087979,0.6315163414634146,93,118.8,2018-05-01,7.36332893371582,50,50,1,0,84.482797433281
Grandview-Woodland,2018,6,day,14834,2.77374,5348.013872965743,0.6167314285714286,50,118.7,2018-06-01,NA,NA,NA,NA,0,53.5626249191153
Grandview-Woodland,2018,6,night,19445,3.39628,5725.381888419094,0.6001008333333333,79,118.7,2018-06-01,NA,NA,NA,NA,0,86.83386016672982
Grandview-Woodland,2018,7,day,14597,2.84476,5131.188571267875,0.5678971428571429,54,118.8,2018-07-01,7.91276407241821,50,50,1,0,53.828876273563644
Grandview-Woodland,2018,7,night,17956,3.23565,5549.425926784417,0.5655336363636364,78,118.8,2018-07-01,7.91276407241821,50,50,1,0,88.15779482942803
Grandview-Woodland,2018,8,day,11757,2.57727,4561.803769104517,0.5745695454545454,40,118.8,2018-08-01,5.65590858459473,50,50,1,0,48.723212119762174
Grandview-Woodland,2018,8,night,18435,3.29319,5597.915698760168,0.6173647058823529,68,118.8,2018-08-01,5.65590858459473,50,50,1,0,90.54010360608466
Grandview-Woodland,2018,9,day,13556,2.97154,4561.944311703695,0.5759704,45,118.7,2018-09-01,6.18385457992554,50,50,1,0,46.11497945687521
Grandview-Woodland,2018,9,night,19670,3.50924,5605.202266017713,0.57664,105,118.7,2018-09-01,6.18385457992554,50,50,1,0,85.80224475404664
Grandview-Woodland,2018,10,day,13533,2.87806,4702.125737475939,0.613986,56,118.8,2018-10-01,6.23490810394287,50,50,1,0,47.824342725004016
Grandview-Woodland,2018,10,night,19848,3.58526,5536.0001785086715,0.5845248648648649,74,118.8,2018-10-01,6.23490810394287,50,50,1,0,85.2640952956614
Grandview-Woodland,2018,11,day,9727,2.26436,4295.695030825487,0.6291972222222222,38,118.7,2018-11-01,6.32446813583374,50,50,1,0,39.36309288867886
Grandview-Woodland,2018,11,night,20670,3.71854,5558.633227019207,0.6119166666666667,87,118.7,2018-11-01,6.32446813583374,50,50,1,0,77.13280298629078
Grandview-Woodland,2018,12,day,10223,2.25815,4527.157186192237,0.53584,31,118.8,2018-12-01,5.45261478424072,50,50,1,0,40.314186301927705
Grandview-Woodland,2018,12,night,21606,3.7685,5733.315642828712,0.6420166666666667,78,118.8,2018-12-01,5.45261478424072,50,50,1,0,77.31317307543235
Grandview-Woodland,2019,1,day,14384,2.64639,5435.328881986405,0.59616,51,118.8,2019-01-01,5.53921508789062,50,50,1,0,55.05795667392535
Grandview-Woodland,2019,1,night,20425,3.72969,5476.326450723786,0.629748947368421,104,118.8,2019-01-01,5.53921508789062,50,50,1,0,84.00379612359256
Grandview-Woodland,2019,2,day,13113,2.74307,4780.4102702446535,0.66683125,40,118.6,2019-02-01,10.049524307251,50,50,1,0,43.672662057974755
Grandview-Woodland,2019,2,night,17441,3.19188,5464.177851297668,0.5859296875,70,118.6,2019-02-01,10.049524307251,50,50,1,0,75.5935327512205
Grandview-Woodland,2019,3,day,11304,2.26082,4999.955768261074,0.5971704761904761,54,118.8,2019-03-01,6.98284387588501,50,50,1,0,51.09319971668606
Grandview-Woodland,2019,3,night,16218,2.91902,5555.974265335626,0.6016533333333334,62,118.8,2019-03-01,6.98284387588501,50,50,1,0,85.97505956656197
Grandview-Woodland,2019,4,day,16745,3.14588,5322.834946024642,0.5890719354838709,66,120.9,2019-04-01,8.02217864990234,50,50,1,0,54.58878267890552
Grandview-Woodland,2019,4,night,14438,2.72824,5292.056417323989,0.6209903571428571,60,120.9,2019-04-01,8.02217864990234,50,50,1,0,82.1864452675089
Grandview-Woodland,2019,5,day,15038,3.03834,4949.413166400074,0.5737125925925926,56,120.9,2019-05-01,6.79777669906616,50,50,1,0,53.1903749932797
Grandview-Woodland,2019,5,night,15977,2.98324,5355.586543489629,0.6277196774193549,75,120.9,2019-05-01,6.79777669906616,50,50,1,0,87.15688609311218
Grandview-Woodland,2019,6,day,13093,2.85862,4580.1820458822785,0.6008576,57,120.9,2019-06-01,NA,NA,NA,NA,0,49.705904241893315
Grandview-Woodland,2019,6,night,21913,3.8370699999999998,5710.867927872048,0.5996568292682927,103,120.9,2019-06-01,NA,NA,NA,NA,0,93.85181513042846
Grandview-Woodland,2019,7,day,16631,2.96288,5613.119667350686,0.55274,58,120.9,2019-07-01,8.35532569885254,50,50,1,0,63.80541699897717
Grandview-Woodland,2019,7,night,19809,3.50308,5654.738116172054,0.5989163157894737,91,120.9,2019-07-01,8.35532569885254,50,50,1,0,97.33769725632398
Grandview-Woodland,2019,8,day,17221,2.98305,5772.950503679121,0.60453,70,120.9,2019-08-01,7.31812429428101,50,50,1,0,66.8117823883189
Grandview-Woodland,2019,8,night,23187,3.99768,5800.114066158372,0.6331127272727273,105,120.9,2019-08-01,7.31812429428101,50,50,1,0,101.64992898897388
Grandview-Woodland,2019,9,day,15813,2.91166,5430.922566508452,0.5343596551724138,52,120.9,2019-09-01,7.13380575180054,50,50,1,0,59.486930842677346
Grandview-Woodland,2019,9,night,21708,3.81293,5693.259514336743,0.6040482926829268,102,120.9,2019-09-01,7.13380575180054,50,50,1,0,94.43310148250353
Grandview-Woodland,2019,10,day,13265,2.70757,4899.226982127886,0.6099584,55,120.9,2019-10-01,7.66375112533569,50,50,1,0,53.99309768922058
Grandview-Woodland,2019,10,night,20253,3.64531,5555.906082061608,0.6211720512820513,122,120.9,2019-10-01,7.66375112533569,50,50,1,0,92.72159642311134
Grandview-Woodland,2019,11,day,9403,2.18473,4303.964334265561,0.5934494117647059,35,120.9,2019-11-01,7.50826358795166,50,50,1,0,42.73466947165987
Grandview-Woodland,2019,11,night,18108,3.32023,5453.839041271237,0.59115,91,120.9,2019-11-01,7.50826358795166,50,50,1,0,82.00292109691976
Grandview-Woodland,2019,12,day,12014,2.41785,4968.877308352462,0.58351,41,120.9,2019-12-01,4.98665046691895,50,50,1,0,47.94535182059222
Grandview-Woodland,2019,12,night,18438,3.36598,5477.750907610859,0.6045837142857142,101,120.9,2019-12-01,4.98665046691895,50,50,1,0,80.03977093786644
Grandview-Woodland,2020,1,day,11460,2.56062,4475.4785950277665,0.5614885714285714,37,120.9,2020-01-01,9.66940689086914,50,50,1,0,36.65213914560619
Grandview-Woodland,2020,1,night,19450,3.51037,5540.726476126448,0.5967597297297297,87,120.9,2020-01-01,9.66940689086914,50,50,1,0,68.71346902575081
Grandview-Woodland,2020,2,day,15292,2.75532,5549.990563709478,0.6040386206896552,53,120.8,2020-02-01,6.62318181991577,50,50,1,0,40.99230309177269
Grandview-Woodland,2020,2,night,20464,3.64453,5614.990135902297,0.5946021052631579,75,120.8,2020-02-01,6.62318181991577,50,50,1,0,62.80213284027052
Grandview-Woodland,2020,3,day,10724,2.39984,4468.631242082805,0.6237204761904762,53,120.9,2020-03-01,7.42084455490112,50,50,1,0,36.91790403675732
Grandview-Woodland,2020,3,night,19249,3.60929,5333.181872335002,0.6491705405405406,81,120.9,2020-03-01,7.42084455490112,50,50,1,0,66.7212592637597
Grandview-Woodland,2020,4,day,13206,2.48352,5317.452647854658,0.5785856,46,119.6,2020-04-01,8.40539169311523,50,50,1,0,44.088936353327604
Grandview-Woodland,2020,4,night,21616,3.79014,5703.219406143308,0.5998985714285714,92,119.6,2020-04-01,8.40539169311523,50,50,1,0,71.60797474077006
Grandview-Woodland,2020,5,day,10844,2.15897,5022.765485393497,0.6100266666666667,29,119.7,2020-05-01,6.73955297470093,50,50,1,0,43.640309731823
Grandview-Woodland,2020,5,night,16258,2.78929,5828.723438581144,0.5489066666666667,58,119.7,2020-05-01,6.73955297470093,50,50,1,0,76.689109252341
Grandview-Woodland,2020,6,day,11128,2.24549,4955.711225612226,0.6397627272727273,28,119.6,2020-06-01,NA,NA,NA,NA,0,43.480728377204926
Grandview-Woodland,2020,6,night,13564,2.7319999999999998,4964.860907759883,0.6264161538461539,49,119.6,2020-06-01,NA,NA,NA,NA,0,65.96494826281491
Grandview-Woodland,2020,7,day,11635,2.62653,4429.799012385162,0.5949431818181818,40,119.7,2020-07-01,7.65515613555908,50,50,1,0,40.7101640405059
Grandview-Woodland,2020,7,night,15978,3.19916,4994.436039460358,0.6261583333333334,57,119.7,2020-07-01,7.65515613555908,50,50,1,0,69.50572971620532
Grandview-Woodland,2020,8,day,12255,2.66473,4598.964998330037,0.5860873913043478,35,119.7,2020-08-01,7.31208229064941,50,50,1,0,43.03094744877052
Grandview-Woodland,2020,8,night,18063,3.2199999999999998,5609.627329192547,0.60395,72,119.7,2020-08-01,7.31208229064941,50,50,1,0,79.48224683755603
Grandview-Woodland,2020,9,day,10106,2.0758,4868.4844397340785,0.5701052631578948,37,119.6,2020-09-01,6.85370922088623,50,50,1,0,43.11290809931429
Grandview-Woodland,2020,9,night,18465,3.51595,5251.781168674184,0.6187138235294117,79,119.6,2020-09-01,6.85370922088623,50,50,1,0,70.42639767725755
Grandview-Woodland,2020,10,day,9540,2.3159199999999998,4119.3132750699515,0.57952,34,119.7,2020-10-01,6.60614204406738,50,50,1,0,36.702959565462905
Grandview-Woodland,2020,10,night,15104,3.06264,4931.692918527806,0.610788275862069,71,119.7,2020-10-01,6.60614204406738,50,50,1,0,66.54073771621542
Grandview-Woodland,2020,11,day,9345,2.1501799999999998,4346.147764373216,0.5754294117647059,29,119.6,2020-11-01,5.60687065124512,50,50,1,0,34.88845627518627
Grandview-Woodland,2020,11,night,17172,3.3058,5194.5066247201885,0.60345,65,119.6,2020-11-01,5.60687065124512,50,50,1,0,63.14469810109389
Grandview-Woodland,2020,12,day,9924,2.2847,4343.677506893684,0.5742873684210527,33,119.7,2020-12-01,4.17248487472534,50,50,1,0,33.88530434232376
Grandview-Woodland,2020,12,night,18506,3.44701,5368.710853754413,0.6157391666666666,65,119.7,2020-12-01,4.17248487472534,50,50,1,0,63.42188594472391
Grandview-Woodland,2021,1,day,12478,2.35108,5307.3481123568745,0.6028845833333333,39,119.7,2021-01-01,4.61582612991333,50,50,1,0,35.02247077299535
Grandview-Woodland,2021,1,night,16163,3.06975,5265.249613160681,0.6307876666666666,56,119.7,2021-01-01,4.61582612991333,50,50,1,0,52.61426323168847
Grandview-Woodland,2021,2,day,7116,1.72845,4116.983424455437,0.5801371428571429,25,119.5,2021-02-01,7.16678190231323,50,50,1,0,24.501832013076303
Grandview-Woodland,2021,2,night,14190,3.01781,4702.085287012767,0.6377440740740741,48,119.5,2021-02-01,7.16678190231323,50,50,1,0,42.376517418066534
Grandview-Woodland,2021,3,day,10852,2.20401,4923.752614552566,0.591184,38,119.7,2021-03-01,7.27875232696533,50,50,1,0,32.77691753870717
Grandview-Woodland,2021,3,night,12441,2.55456,4870.114618564449,0.63508,37,119.7,2021-03-01,7.27875232696533,50,50,1,0,49.09377045017581
Grandview-Woodland,2021,4,day,10640,2.3642,4500.465273665511,0.567067,36,120.1,2021-04-01,7.61129856109619,50,50,1,0,30.067185043928745
Grandview-Woodland,2021,4,night,14074,2.7787,5064.958433799978,0.6274333333333333,61,120.1,2021-04-01,7.61129856109619,50,50,1,0,51.2420578126225
Grandview-Woodland,2021,5,day,9793,2.30919,4240.881001563319,0.5941805555555556,26,120.1,2021-05-01,7.98290157318115,50,50,1,0,29.690012088957154
Grandview-Woodland,2021,5,night,16068,2.74956,5843.844105966046,0.6154346666666667,56,120.1,2021-05-01,7.98290157318115,50,50,1,0,61.953840166072446
Grandview-Woodland,2021,6,day,9845,2.25655,4362.854800469744,0.5339670588235295,22,120.1,2021-06-01,NA,NA,NA,NA,0,30.844017692337566
Grandview-Woodland,2021,6,night,16829,3.32563,5060.394571855559,0.6359741935483871,56,120.1,2021-06-01,NA,NA,NA,NA,0,54.17512053875645
Grandview-Woodland,2021,7,day,13568,2.23865,6060.795568757957,0.637052,37,120.1,2021-07-01,7.93257522583008,50,50,1,0,44.88051490715781
Grandview-Woodland,2021,7,night,17274,2.98537,5786.217453782948,0.62357,60,120.1,2021-07-01,7.93257522583008,50,50,1,0,64.88409738325382
Grandview-Woodland,2021,8,day,12050,2.59213,4648.686601366444,0.6107681818181818,33,120.1,2021-08-01,6.17414903640747,50,50,1,0,35.04777383769446
Grandview-Woodland,2021,8,night,12467,2.29714,5427.183367143491,0.5845025,55,120.1,2021-08-01,6.17414903640747,50,50,1,0,61.96122358971565
Grandview-Woodland,2021,9,day,14005,2.57514,5438.5392638846815,0.5686111538461538,37,120.1,2021-09-01,7.09157609939575,50,50,1,0,38.80656168834763
Grandview-Woodland,2021,9,night,17488,3.41851,5115.679053154737,0.6261991176470588,70,120.1,2021-09-01,7.09157609939575,50,50,1,0,55.27662365607196
Grandview-Woodland,2021,10,day,8497,2.04405,4156.943323304225,0.59311375,35,120.1,2021-10-01,6.84457302093506,50,50,1,0,29.844185595746037
Grandview-Woodland,2021,10,night,17325,3.30235,5246.264024104047,0.5857341935483871,53,120.1,2021-10-01,6.84457302093506,50,50,1,0,57.036266958133695
Grandview-Woodland,2021,11,day,10933,2.37585,4601.721489151251,0.5855835,32,120.1,2021-11-01,7.65122890472412,50,50,1,0,29.76507361202119
Grandview-Woodland,2021,11,night,12301,2.23483,5504.221797631139,0.5882386956521739,49,120.1,2021-11-01,7.65122890472412,50,50,1,0,53.913543573718336
Grandview-Woodland,2021,12,day,8910,1.85542,4802.1472227312415,0.57226,27,120.1,2021-12-01,7.27233457565308,50,50,1,0,30.18551933143934
Grandview-Woodland,2021,12,night,15913,2.98963,5322.732244458344,0.5901131034482758,53,120.1,2021-12-01,7.27233457565308,50,50,1,0,50.66559213960331
Grandview-Woodland,2022,1,day,10296,2.19923,4681.638573500725,0.5414816666666666,33,120.1,2022-01-01,5.30415678024292,50,50,1,0,32.797159075588915
Grandview-Woodland,2022,1,night,15299,3.0922899999999998,4947.466117343458,0.62937,68,120.1,2022-01-01,5.30415678024292,50,50,1,0,52.485156102459655
Grandview-Woodland,2022,2,day,6746,1.01002,6679.0756618680825,0.6255733333333333,18,120,2022-02-01,7.42673254013062,50,50,1,0,42.19927007574136
Grandview-Woodland,2022,2,night,14788,2.81128,5260.23732961498,0.5791644444444445,44,120,2022-02-01,7.42673254013062,50,50,1,0,50.32794942318752
Grandview-Woodland,2022,3,day,9834,1.5766799999999999,6237.1565568155875,0.5875089473684211,39,120.1,2022-03-01,6.94350337982178,50,50,1,0,44.07858714478752
Grandview-Woodland,2022,3,night,16664,3.11901,5342.7209274737825,0.5611163333333333,63,120.1,2022-03-01,6.94350337982178,50,50,1,0,57.176666434896376
Grandview-Woodland,2022,4,day,10650,2.35994,4512.826597286372,0.5919047368421053,36,120.9,2022-04-01,7.62202882766724,50,50,1,0,32.007601988813
Grandview-Woodland,2022,4,night,14707,2.96712,4956.658308393324,0.5936714814814815,49,120.9,2022-04-01,7.62202882766724,50,50,1,0,53.23641405323279
Grandview-Woodland,2022,5,day,11788,2.45205,4807.406048000653,0.5911127272727272,42,120.9,2022-05-01,7.13674020767212,50,50,1,0,35.73009984130632
Grandview-Woodland,2022,5,night,17353,2.59549,6685.828109528452,0.62932,60,120.9,2022-05-01,7.13674020767212,50,50,1,0,75.24782513156467
Grandview-Woodland,2022,6,day,13029,2.70103,4823.715397459488,0.6250368,58,120.9,2022-06-01,NA,NA,NA,NA,0,36.20353652698667
Grandview-Woodland,2022,6,night,14699,3.01295,4878.6073449609185,0.6030340740740741,41,120.9,2022-06-01,NA,NA,NA,NA,0,55.447313218500824
Grandview-Woodland,2022,7,day,10840,2.51648,4307.604272634791,0.5457347368421053,46,120.9,2022-07-01,8.45010471343994,50,50,1,0,33.863600399997104
Grandview-Woodland,2022,7,night,13987,2.93366,4767.764498953526,0.6040492307692308,53,120.9,2022-07-01,8.45010471343994,50,50,1,0,56.75804764235842
Grandview-Woodland,2022,8,day,11446,2.37736,4814.584244708416,0.59896,30,120.9,2022-08-01,7.1456151008606,50,50,1,0,38.53524244678257
Grandview-Woodland,2022,8,night,14421,3.02867,4761.495970178329,0.6325130769230769,50,120.9,2022-08-01,7.1456151008606,50,50,1,0,57.710926629370825
Grandview-Woodland,2022,9,day,7724,1.79176,4310.8452024824755,0.6079164285714286,22,120.9,2022-09-01,7.88964176177979,50,50,1,0,32.6553589141407
Grandview-Woodland,2022,9,night,15642,2.80377,5578.916958238372,0.597472,48,120.9,2022-09-01,7.88964176177979,50,50,1,0,63.99665156333633
Grandview-Woodland,2022,10,day,11470,1.72593,6645.692467249541,0.6402790476190476,29,120.9,2022-10-01,7.11734390258789,50,50,1,0,50.65181421853555
Grandview-Woodland,2022,10,night,14064,2.87657,4889.156182536841,0.6169069230769231,45,120.9,2022-10-01,7.11734390258789,50,50,1,0,56.429213476918065
Grandview-Woodland,2022,11,day,8470,1.91647,4419.583922524224,0.613156,19,120.9,2022-11-01,5.98655080795288,50,50,1,0,30.348494507200673
Grandview-Woodland,2022,11,night,14525,1.94291,7475.899552732757,0.6336155555555556,49,120.9,2022-11-01,5.98655080795288,50,50,1,0,77.73821163655589
Grandview-Woodland,2022,12,day,5042,1.44467,3490.0703966995925,0.5622633333333333,15,120.9,2022-12-01,8.87801837921143,50,50,1,0,23.289840001704086
Grandview-Woodland,2022,12,night,14784,2.46178,6005.410719073191,0.5550478571428571,49,120.9,2022-12-01,8.87801837921143,50,50,1,0,60.68625726437076
Grandview-Woodland,2023,1,day,8554,1.51507,5645.943751773846,0.5875913333333334,23,120.9,2023-01-01,6.9025764465332,50,50,1,0,40.18320091355431
Grandview-Woodland,2023,1,night,19438,3.6008,5398.2448344812265,0.6162976315789473,80,120.9,2023-01-01,6.9025764465332,50,50,1,0,58.18028985793222
Grandview-Woodland,2023,2,day,6768,1.61863,4181.313827125408,0.622203076923077,20,120.7,2023-02-01,6.49610996246338,50,50,1,0,26.839287252874094
Grandview-Woodland,2023,2,night,15767,2.27512,6930.183902387567,0.5808106666666667,74,120.7,2023-02-01,6.49610996246338,50,50,1,0,67.36251515662471
Grandview-Woodland,2023,3,day,9290,1.3644399999999999,6808.654099850489,0.5797770588235294,37,120.9,2023-03-01,7.62559032440186,50,50,1,0,48.88458467128296
Grandview-Woodland,2023,3,night,17201,2.99738,5738.678445842702,0.626876875,59,120.9,2023-03-01,7.62559032440186,50,50,1,0,62.39328764525049
Grandview-Woodland,2023,4,day,8584,1.91144,4490.855062152094,0.5807433333333334,33,122,2023-04-01,8.20753574371338,50,50,1,0,32.359601792636155
Grandview-Woodland,2023,4,night,18475,3.45095,5353.598284530346,0.6105448571428571,62,122,2023-04-01,8.20753574371338,50,50,1,0,58.41645939655213
Grandview-Woodland,2023,5,day,9206,1.86395,4938.973684916441,0.58286,30,122.1,2023-05-01,8.37022495269775,50,50,1,0,37.29321067960632
Grandview-Woodland,2023,5,night,13737,2.47579,5548.531983730446,0.5573076,37,122.1,2023-05-01,8.37022495269775,50,50,1,0,63.443404093731374
Grandview-Woodland,2023,6,day,13467,2.61234,5155.148257883736,0.6134576,47,122,2023-06-01,NA,NA,NA,NA,0,39.30792494731086
Grandview-Woodland,2023,6,night,15127,2.80256,5397.565083352363,0.5870310344827586,50,122,2023-06-01,NA,NA,NA,NA,0,62.32354771001844
Grandview-Woodland,2023,7,day,11412,2.24274,5088.41863078199,0.5713119047619047,44,122.1,2023-07-01,9.13334560394287,50,50,1,0,40.63963548011312
Grandview-Woodland,2023,7,night,17165,3.35964,5109.1783643485605,0.5975865625,56,122.1,2023-07-01,9.13334560394287,50,50,1,0,61.79215695811131
Grandview-Woodland,2023,8,day,11448,2.54921,4490.8030330965275,0.5956619047619047,49,122.1,2023-08-01,9.04846286773682,50,50,1,0,36.51682000596253
Grandview-Woodland,2023,8,night,13375,2.63138,5082.884266050513,0.6418257692307693,54,122.1,2023-08-01,9.04846286773682,50,50,1,0,62.58849170851269
Grandview-Woodland,2023,9,day,11895,1.74919,6800.29042013732,0.5838259090909091,36,122.5,2023-09-01,7.32828140258789,50,50,1,0,52.334626853653674
Grandview-Woodland,2023,9,night,13797,2.6430599999999997,5220.085809629748,0.584546,39,122.5,2023-09-01,7.32828140258789,50,50,1,0,60.83515720649981
Grandview-Woodland,2023,10,day,9281,1.79663,5165.7826040976715,0.5815905882352941,28,122.5,2023-10-01,7.18811321258545,50,50,1,0,40.000049490970405
Grandview-Woodland,2023,10,night,16018,3.12768,5121.367914876202,0.6280853333333334,60,122.5,2023-10-01,7.18811321258545,50,50,1,0,60.05175451593837
Grandview-Woodland,2023,11,day,9423,2.04961,4597.460004586239,0.5868988235294118,21,122.5,2023-11-01,7.76288557052612,50,50,1,0,32.07327920210596
Grandview-Woodland,2023,11,night,11865,2.4556299999999998,4831.7539694497955,0.5759563636363636,39,122.5,2023-11-01,7.76288557052612,50,50,1,0,51.044098521412984
Grandview-Woodland,2023,12,day,9586,2.1298,4500.89210254484,0.5984411111111111,29,122.5,2023-12-01,7.01399517059326,50,50,1,0,30.514099502764854
Grandview-Woodland,2023,12,night,13507,2.45432,5503.35734541543,0.5672408,57,122.5,2023-12-01,7.01399517059326,50,50,1,0,56.49955023428792
Grandview-Woodland,2024,1,day,8777,1.52056,5772.215499552796,0.607346875,23,122.5,2024-01-01,11.5692462921143,50,50,1,0,38.412514077076075
Grandview-Woodland,2024,1,night,14627,2.842,5146.727656579873,0.63392,50,122.5,2024-01-01,11.5692462921143,50,50,1,0,51.86527734937977
Grandview-Woodland,2024,2,day,7379,1.89645,3890.9541511771995,0.5832607142857142,25,122.4,2024-02-01,8.53206539154053,50,50,1,0,23.352669947423664
Grandview-Woodland,2024,2,night,12073,2.44131,4945.295763340174,0.5822154545454545,43,122.4,2024-02-01,8.53206539154053,50,50,1,0,44.94568663991809
Grandview-Woodland,2024,3,day,9118,1.96825,4632.541597866125,0.58917,24,122.5,2024-03-01,7.78834342956543,50,50,1,0,31.099413606863674
Grandview-Woodland,2024,3,night,15092,2.77646,5435.698695461127,0.6130246428571429,44,122.5,2024-03-01,7.78834342956543,50,50,1,0,55.259069685731376
Grandview-Woodland,2024,4,day,8907,2.04075,4364.571848585078,0.5697,31,130.3,2024-04-01,8.25759983062744,50,50,1,0,29.406138002505568
Grandview-Woodland,2024,4,night,12258,2.46238,4978.110608435741,0.5948072727272727,49,130.3,2024-04-01,8.25759983062744,50,50,1,0,50.78976541033585
Grandview-Woodland,2024,5,day,8081,1.9623599999999999,4118.00077457755,0.5717906666666667,29,130.4,2024-05-01,9.29016494750977,50,50,1,0,29.073793431287115
Grandview-Woodland,2024,5,night,14059,2.80058,5020.03156489013,0.57831,40,130.4,2024-05-01,9.29016494750977,50,50,1,0,53.67067353355593
Grandview-Woodland,2024,6,day,10943,2.10165,5206.86127566436,0.55176,40,130.3,2024-06-01,NA,NA,NA,NA,0,37.122496893897946
Grandview-Woodland,2024,6,night,10158,2.03435,4993.241084375845,0.5734905263157895,33,130.3,2024-06-01,NA,NA,NA,NA,0,53.908721072234364
Grandview-Woodland,2024,7,day,7440,2.08199,3573.504195505262,0.5992307142857143,30,130.4,2024-07-01,7.12100744247437,50,50,1,0,26.68599990798505
Grandview-Woodland,2024,7,night,11421,2.40392,4750.990049585677,0.5743038095238095,44,130.4,2024-07-01,7.12100744247437,50,50,1,0,53.726509436439166
Grandview-Woodland,2024,8,day,11779,2.6345899999999998,4470.904391195594,0.5791138095238095,39,130.4,2024-08-01,6.64309024810791,50,50,1,0,33.99276879301272
Grandview-Woodland,2024,8,night,10818,2.19048,4938.643584967678,0.5798985,45,130.4,2024-08-01,6.64309024810791,50,50,1,0,56.86095683349662
Grandview-Woodland,2024,9,day,7977,1.2482,6390.802755968595,0.6384353333333334,29,130.3,2024-09-01,5.77204084396362,50,50,1,0,45.98744689806008
Grandview-Woodland,2024,9,night,16095,3.03075,5310.566691413017,0.5738735483870968,45,130.3,2024-09-01,5.77204084396362,50,50,1,0,57.86821332731882
Grandview-Woodland,2024,10,day,9993,2.1604,4625.532308831697,0.5618605555555556,29,130.4,2024-10-01,7.36243295669556,50,50,1,0,33.48947475023802
Grandview-Woodland,2024,10,night,13846,2.90448,4767.118382636479,0.5789656,40,130.4,2024-10-01,7.36243295669556,50,50,1,0,52.26583286291035
Grandview-Woodland,2024,11,day,7819,1.902,4110.93585699264,0.6043946666666666,22,130.3,2024-11-01,7.42751979827881,50,50,1,0,26.81564945330231
Grandview-Woodland,2024,11,night,11033,2.59242,4255.869033567092,0.6300904761904762,33,130.3,2024-11-01,7.42751979827881,50,50,1,0,42.03888562071256
Grandview-Woodland,2024,12,day,7842,1.13593,6903.594411627477,0.6140586666666666,19,130.4,2024-12-01,6.63200092315674,50,50,1,0,43.76222943695372
Grandview-Woodland,2024,12,night,12219,2.45426,4978.690114331815,0.59002,44,130.4,2024-12-01,6.63200092315674,50,50,1,0,47.79193194624249
Hastings-Sunrise,2014,1,day,8394,2.72824,3076.7087939477465,0.6928,20,94.8,2014-01-01,4.17717504501343,71,71,1,0,25.85029659685763
Hastings-Sunrise,2014,1,night,16937,4.40404,3845.787050072206,0.7177007407407408,54,94.8,2014-01-01,4.17717504501343,71,71,1,0,48.930504241775346
Hastings-Sunrise,2014,2,day,7791,2.72169,2862.5596596232485,0.66734,16,94.8,2014-02-01,4.25602102279663,71,71,1,0,21.691216869587233
Hastings-Sunrise,2014,2,night,12630,4.11012,3072.902980934863,0.7406840909090909,33,94.8,2014-02-01,4.25602102279663,71,71,1,0,35.260911892585234
Hastings-Sunrise,2014,3,day,15092,4.03394,3741.255447527727,0.6898516,35,94.8,2014-03-01,4.38878393173218,71,65,0.915492957746479,0,31.71021426313915
Hastings-Sunrise,2014,3,night,17136,4.91164,3488.8550463796205,0.7174141379310345,45,94.8,2014-03-01,4.38878393173218,71,65,0.915492957746479,0,44.7795846806084
Hastings-Sunrise,2014,4,day,6919,1.4036199999999999,4929.396845300011,0.7479463636363637,12,101.7,2014-04-01,4.94220876693726,71,69,0.971830985915493,0,41.93137158209154
Hastings-Sunrise,2014,4,night,16326,4.80359,3398.708049604567,0.7094674074074074,38,101.7,2014-04-01,4.94220876693726,71,69,0.971830985915493,0,43.779869919120756
Hastings-Sunrise,2014,5,day,16556,4.75774,3479.8034360852002,0.6992592592592592,40,101.7,2014-05-01,4.93671369552612,71,71,1,0,31.01836705476411
Hastings-Sunrise,2014,5,night,18785,5.07788,3699.3784807833185,0.711006875,52,101.7,2014-05-01,4.93671369552612,71,71,1,0,49.935373806293754
Hastings-Sunrise,2014,6,day,16191,4.62727,3499.0393903964973,0.6870670833333333,34,101.7,2014-06-01,NA,NA,NA,NA,0,31.496257024025876
Hastings-Sunrise,2014,6,night,17918,5.07704,3529.2217512566376,0.668384,53,101.7,2014-06-01,NA,NA,NA,NA,0,48.10656886169051
Hastings-Sunrise,2014,7,day,9660,3.50602,2755.260951163998,0.7293153333333333,24,101.7,2014-07-01,4.70347118377686,71,71,1,0,25.97770991570513
Hastings-Sunrise,2014,7,night,18191,5.14406,3536.311784854765,0.6767542857142858,47,101.7,2014-07-01,4.70347118377686,71,71,1,0,50.489840068342744
Hastings-Sunrise,2014,8,day,10296,3.19878,3218.727139722019,0.7578306666666667,29,101.7,2014-08-01,4.65174627304077,71,71,1,0,30.897565482429282
Hastings-Sunrise,2014,8,night,14934,4.49104,3325.2876839217643,0.7525036,44,101.7,2014-08-01,4.65174627304077,71,71,1,0,48.337551109153026
Hastings-Sunrise,2014,9,day,8007,2.68851,2978.2295769775824,0.7040976923076923,21,101.7,2014-09-01,4.47509288787842,71,71,1,0,27.057707624575716
Hastings-Sunrise,2014,9,night,19685,5.00144,3935.866470456509,0.7026765625,54,101.7,2014-09-01,4.47509288787842,71,71,1,0,54.1487585765492
Hastings-Sunrise,2014,10,day,9678,3.02313,3201.3178394577803,0.6796792857142857,19,101.7,2014-10-01,4.31717252731323,71,71,1,0,29.263371035269586
Hastings-Sunrise,2014,10,night,18025,4.93571,3651.9568613228894,0.7128827586206896,40,101.7,2014-10-01,4.31717252731323,71,71,1,0,50.551787753430894
Hastings-Sunrise,2014,11,day,8886,1.94371,4571.6696420762355,0.7407085714285715,18,101.7,2014-11-01,4.20514249801636,71,71,1,0,37.65055659262462
Hastings-Sunrise,2014,11,night,16146,4.47828,3605.402074010558,0.6824975,39,101.7,2014-11-01,4.20514249801636,71,71,1,0,44.96406699364329
Hastings-Sunrise,2014,12,day,12052,2.24153,5376.684675199529,0.6811615789473684,23,101.7,2014-12-01,4.4454665184021,71,71,1,0,43.031618326648506
Hastings-Sunrise,2014,12,night,20807,5.37129,3873.7435513628943,0.6982466666666667,58,101.7,2014-12-01,4.4454665184021,71,71,1,0,46.948238192383755
Hastings-Sunrise,2015,1,day,8990,2.86257,3140.5345546135118,0.7234285714285714,18,101.7,2015-01-01,4.14210987091064,71,71,1,0,27.32507441683544
Hastings-Sunrise,2015,1,night,18463,4.82537,3826.2350866358433,0.68848,48,101.7,2015-01-01,4.14210987091064,71,71,1,0,50.41325603760611
Hastings-Sunrise,2015,2,day,7563,3.0779900000000002,2457.1229926023148,0.6983223076923077,17,101.7,2015-02-01,4.41308879852295,71,71,1,0,19.281237546885908
Hastings-Sunrise,2015,2,night,16655,3.47087,4798.508731240294,0.7188184615384615,45,101.7,2015-02-01,4.41308879852295,71,71,1,0,57.02031599807793
Hastings-Sunrise,2015,3,day,13071,3.73576,3498.886438100949,0.6920790476190476,24,101.7,2015-03-01,4.16919326782227,71,71,1,0,30.710741391788975
Hastings-Sunrise,2015,3,night,22497,5.58811,4025.8692115939016,0.7081244444444444,61,101.7,2015-03-01,4.16919326782227,71,71,1,0,53.51005986425072
Hastings-Sunrise,2015,4,day,11122,3.25615,3415.6903091073814,0.7107794444444444,29,107.7,2015-04-01,4.22129964828491,71,71,1,0,30.088629931838504
Hastings-Sunrise,2015,4,night,13840,4.1203,3358.978715142101,0.7101960869565217,35,107.7,2015-04-01,4.22129964828491,71,71,1,0,44.807065099666104
Hastings-Sunrise,2015,5,day,13943,3.94454,3534.7594396304767,0.6925126086956522,34,107.7,2015-05-01,4.76374053955078,71,71,1,0,32.62892163145365
Hastings-Sunrise,2015,5,night,16399,4.8126,3407.5136101068033,0.7311444,38,107.7,2015-05-01,4.76374053955078,71,71,1,0,47.631666669007956
Hastings-Sunrise,2015,6,day,8987,3.04317,2953.1705425592395,0.6945064285714286,26,107.7,2015-06-01,NA,NA,NA,NA,0,27.52816619839579
Hastings-Sunrise,2015,6,night,17828,4.82926,3691.6629048756954,0.7041651724137931,46,107.7,2015-06-01,NA,NA,NA,NA,0,52.11060466918911
Hastings-Sunrise,2015,7,day,13243,4.1538,3188.1650536857815,0.7191157142857143,28,107.7,2015-07-01,4.72931241989136,71,68,0.957746478873239,0,31.128454745784776
Hastings-Sunrise,2015,7,night,19827,5.56579,3562.297535480139,0.7037565625,51,107.7,2015-07-01,4.72931241989136,71,68,0.957746478873239,0,52.66987367555653
Hastings-Sunrise,2015,8,day,11013,3.74963,2937.0897928595623,0.7428047368421052,30,107.7,2015-08-01,4.17836809158325,71,71,1,0,29.19684760414637
Hastings-Sunrise,2015,8,night,20937,5.33974,3920.9774258671773,0.7156514705882353,56,107.7,2015-08-01,4.17836809158325,71,71,1,0,59.02396794619319
Hastings-Sunrise,2015,9,day,9502,2.98343,3184.9247342823533,0.6529521428571429,24,107.7,2015-09-01,4.17467355728149,71,71,1,0,29.96474874950002
Hastings-Sunrise,2015,9,night,14607,4.24296,3442.6438146954015,0.7157818181818182,52,107.7,2015-09-01,4.17467355728149,71,71,1,0,49.047726310489324
Hastings-Sunrise,2015,10,day,14111,4.01025,3518.7332460569787,0.69184,31,107.7,2015-10-01,3.8583357334137,71,71,1,0,33.30891935587644
Hastings-Sunrise,2015,10,night,24239,5.86901,4129.998074632689,0.6794256410256411,74,107.7,2015-10-01,3.8583357334137,71,71,1,0,59.20240763977285
Hastings-Sunrise,2015,11,day,7928,2.88191,2750.953360791975,0.6731153846153847,23,107.7,2015-11-01,3.86837673187256,71,71,1,0,23.46164331910549
Hastings-Sunrise,2015,11,night,14799,4.471,3309.9977633639005,0.7115641666666667,55,107.7,2015-11-01,3.86837673187256,71,71,1,0,42.748238321385145
Hastings-Sunrise,2015,12,day,11472,3.52665,3252.9454297988177,0.6856888888888889,28,107.7,2015-12-01,2.71799921989441,71,68,0.957746478873239,0,26.960536450738754
Hastings-Sunrise,2015,12,night,21047,5.50454,3823.5710885923254,0.7131735294117647,70,107.7,2015-12-01,2.71799921989441,71,68,0.957746478873239,0,47.988396856312136
Hastings-Sunrise,2016,1,day,10694,1.81033,5907.210287627117,0.6900205555555555,24,107.7,2016-01-01,3.59312582015991,71,71,1,0,53.90355999568114
Hastings-Sunrise,2016,1,night,23516,5.88808,3993.831605548837,0.6948843243243243,63,107.7,2016-01-01,3.59312582015991,71,71,1,0,55.18741954425655
Hastings-Sunrise,2016,2,day,8859,3.1863200000000003,2780.3233824600165,0.694578,26,107.6,2016-02-01,3.26777935028076,71,71,1,0,22.881292956241804
Hastings-Sunrise,2016,2,night,21891,4.59819,4760.786309395654,0.7093971428571428,68,107.6,2016-02-01,3.26777935028076,71,71,1,0,59.330670838777024
Hastings-Sunrise,2016,3,day,16873,3.65172,4620.5623651320475,0.6995118518518518,38,107.7,2016-03-01,4.91393280029297,71,70,0.985915492957746,0,42.533637992164024
Hastings-Sunrise,2016,3,night,18255,5.13842,3552.6484794936964,0.6971343333333333,51,107.7,2016-03-01,4.91393280029297,71,70,0.985915492957746,0,49.5228070020545
Hastings-Sunrise,2016,4,day,11132,3.71934,2993.0041351422565,0.6830338888888889,29,112.2,2016-04-01,4.46460866928101,71,71,1,0,27.650849742976106
Hastings-Sunrise,2016,4,night,18770,5.03014,3731.5064789449198,0.703495,53,112.2,2016-04-01,4.46460866928101,71,71,1,0,52.203628021193694
Hastings-Sunrise,2016,5,day,14318,4.12362,3472.1919090507854,0.7096673913043479,40,112.3,2016-05-01,4.1469464302063,71,71,1,0,33.61428041576793
Hastings-Sunrise,2016,5,night,21131,5.40024,3912.9742381820065,0.7006287878787879,59,112.3,2016-05-01,4.1469464302063,71,71,1,0,57.364393685505505
Hastings-Sunrise,2016,6,day,10137,3.48669,2907.341920273956,0.6598464705882353,29,112.2,2016-06-01,NA,NA,NA,NA,0,28.42248881698118
Hastings-Sunrise,2016,6,night,21165,5.58165,3791.889495041789,0.6991997142857143,51,112.2,2016-06-01,NA,NA,NA,NA,0,56.135421435754715
Hastings-Sunrise,2016,7,day,9468,3.17995,2977.4053051148603,0.736466875,24,112.3,2016-07-01,4.31127405166626,71,71,1,0,30.48821252967434
Hastings-Sunrise,2016,7,night,18502,5.17152,3577.6715549780333,0.7149096551724138,51,112.3,2016-07-01,4.31127405166626,71,71,1,0,55.476594616329365
Hastings-Sunrise,2016,8,day,10587,3.38847,3124.4189855598547,0.7285088235294118,31,112.3,2016-08-01,4.52773427963257,71,71,1,0,32.57356161692911
Hastings-Sunrise,2016,8,night,18768,4.85622,3864.734299516908,0.7279,61,112.3,2016-08-01,4.52773427963257,71,71,1,0,61.01420286359946
Hastings-Sunrise,2016,9,day,11340,3.69036,3072.8709394205443,0.7046455555555555,29,112.2,2016-09-01,3.90549492835999,71,71,1,0,30.320267413247215
Hastings-Sunrise,2016,9,night,19063,5.16502,3690.7891934590766,0.6915983333333333,54,112.2,2016-09-01,3.90549492835999,71,71,1,0,55.14717480628525
Hastings-Sunrise,2016,10,day,13053,4.02873,3239.978851896255,0.6775976190476191,31,112.3,2016-10-01,3.94648790359497,71,70,0.985915492957746,0,32.165744968561974
Hastings-Sunrise,2016,10,night,21274,5.50878,3861.835106865767,0.7020138235294118,73,112.3,2016-10-01,3.94648790359497,71,70,0.985915492957746,0,58.05778812027689
Hastings-Sunrise,2016,11,day,11883,4.09626,2900.9389052452725,0.7195284210526316,25,112.2,2016-11-01,2.99302792549133,71,69,0.971830985915493,0,25.94723129302519
Hastings-Sunrise,2016,11,night,18740,5.15276,3636.8858631102557,0.7382022580645161,59,112.2,2016-11-01,2.99302792549133,71,69,0.971830985915493,0,49.2603432172866
Hastings-Sunrise,2016,12,day,9812,3.48932,2812.0092166955164,0.722744,17,112.3,2016-12-01,4.26410627365112,71,71,1,0,24.442506056974658
Hastings-Sunrise,2016,12,night,15798,4.38146,3605.647432590963,0.6815956,34,112.3,2016-12-01,4.26410627365112,71,71,1,0,47.45998220117149
Hastings-Sunrise,2017,1,day,10122,3.24242,3121.7424022797786,0.6983529411764706,28,112.3,2017-01-01,4.34423828125,71,71,1,0,27.060501782476454
Hastings-Sunrise,2017,1,night,16656,4.91786,3386.838990943215,0.7030315384615384,47,112.3,2017-01-01,4.34423828125,71,71,1,0,44.457870251677896
Hastings-Sunrise,2017,2,day,10023,2.3656,4236.980047345282,0.69710625,19,112.1,2017-02-01,4.22081661224365,71,71,1,0,33.12420266043944
Hastings-Sunrise,2017,2,night,16136,4.48478,3597.946833512458,0.7265025925925926,44,112.1,2017-02-01,4.22081661224365,71,71,1,0,42.59504455159534
Hastings-Sunrise,2017,3,day,16174,4.7076400000000005,3435.6917691242315,0.7105933333333333,42,112.3,2017-03-01,3.91829586029053,71,69,0.971830985915493,0,30.04385472236497
Hastings-Sunrise,2017,3,night,20602,5.33194,3863.8844398099,0.6977745454545454,74,112.3,2017-03-01,3.91829586029053,71,69,0.971830985915493,0,51.165934322134966
Hastings-Sunrise,2017,4,day,12674,3.71503,3411.547147667717,0.7121495,22,115.2,2017-04-01,4.42477416992188,71,71,1,0,29.94031104122169
Hastings-Sunrise,2017,4,night,20767,5.47102,3795.8186955997235,0.7029493939393939,53,115.2,2017-04-01,4.42477416992188,71,71,1,0,50.445881076765204
Hastings-Sunrise,2017,5,day,10656,3.46794,3072.717521064378,0.7156829411764706,32,115.3,2017-05-01,4.34612035751343,71,71,1,0,28.258330461865636
Hastings-Sunrise,2017,5,night,18328,4.85125,3777.9953620200977,0.6962026666666666,47,115.3,2017-05-01,4.34612035751343,71,71,1,0,52.61391323286689
Hastings-Sunrise,2017,6,day,12385,3.64541,3397.423060780543,0.705375,30,115.2,2017-06-01,NA,NA,NA,NA,0,31.551454818617074
Hastings-Sunrise,2017,6,night,19005,5.32607,3568.297074578442,0.7126432258064517,51,115.2,2017-06-01,NA,NA,NA,NA,0,50.18178249591182
Hastings-Sunrise,2017,7,day,16209,4.57441,3543.4077837360446,0.7057065384615384,40,115.3,2017-07-01,5.17212867736816,71,71,1,0,34.468223868219525
Hastings-Sunrise,2017,7,night,24007,5.87459,4086.583063669124,0.7192833333333334,67,115.3,2017-07-01,5.17212867736816,71,71,1,0,60.19680232388352
Hastings-Sunrise,2017,8,day,15236,4.05778,3754.7624563184795,0.7336708333333334,48,115.3,2017-08-01,4.51338768005371,71,71,1,0,37.18623509659949
Hastings-Sunrise,2017,8,night,20948,5.56909,3761.476291458748,0.7147827272727273,74,115.3,2017-08-01,4.51338768005371,71,71,1,0,56.41224634853911
Hastings-Sunrise,2017,9,day,9681,3.10689,3115.977714048454,0.695946875,32,115.2,2017-09-01,3.91736316680908,71,71,1,0,29.20699085635351
Hastings-Sunrise,2017,9,night,18011,4.98616,3612.198565629663,0.6935720689655173,49,115.2,2017-09-01,3.91736316680908,71,71,1,0,51.27189966741019
Hastings-Sunrise,2017,10,day,11207,3.57893,3131.3828434755637,0.7057963157894737,27,115.3,2017-10-01,4.29703569412231,71,71,1,0,29.531898790759545
Hastings-Sunrise,2017,10,night,22251,5.84659,3805.8081719429615,0.7143880555555555,83,115.3,2017-10-01,4.29703569412231,71,71,1,0,54.35223646209812
Hastings-Sunrise,2017,11,day,13354,3.70152,3607.7071041085824,0.6977684210526316,27,115.2,2017-11-01,2.7855269908905,71,71,1,0,30.65402286694532
Hastings-Sunrise,2017,11,night,22448,5.92103,3791.232268710005,0.72345,70,115.2,2017-11-01,2.7855269908905,71,71,1,0,48.78113699317008
Hastings-Sunrise,2017,12,day,11155,3.66901,3040.3296802134637,0.7097152631578948,27,115.3,2017-12-01,3.96858882904053,71,69,0.971830985915493,0,25.104607495046363
Hastings-Sunrise,2017,12,night,19039,5.03273,3783.0362447419193,0.6968465625,61,115.3,2017-12-01,3.96858882904053,71,69,0.971830985915493,0,47.30298854151569
Hastings-Sunrise,2018,1,day,12061,3.7112600000000002,3249.8396770907993,0.6322694736842105,23,115.3,2018-01-01,1.99029684066772,71,70,0.985915492957746,0,28.424616580763956
Hastings-Sunrise,2018,1,night,16077,4.63188,3470.9448431306514,0.7379365384615385,52,115.3,2018-01-01,1.99029684066772,71,70,0.985915492957746,0,45.972244939669395
Hastings-Sunrise,2018,2,day,9810,3.14682,3117.432836959216,0.70752,24,115.1,2018-02-01,4.26212882995605,71,71,1,0,24.591216674143812
Hastings-Sunrise,2018,2,night,18009,4.9345,3649.6098895531463,0.7465673333333334,50,115.1,2018-02-01,4.26212882995605,71,71,1,0,43.59580251148851
Hastings-Sunrise,2018,3,day,12690,3.7526,3381.6553855993175,0.674,27,115.3,2018-03-01,4.41533088684082,71,71,1,0,29.837656037676297
Hastings-Sunrise,2018,3,night,24721,6.41662,3852.651395906256,0.7122051282051282,64,115.3,2018-03-01,4.41533088684082,71,71,1,0,51.47666354367999
Hastings-Sunrise,2018,4,day,15066,4.30613,3498.7332012735337,0.688004347826087,31,118.7,2018-04-01,4.63295364379883,71,71,1,0,30.982014506241924
Hastings-Sunrise,2018,4,night,20661,5.74966,3593.4298723750617,0.7425944117647059,65,118.7,2018-04-01,4.63295364379883,71,71,1,0,48.18627130578913
Hastings-Sunrise,2018,5,day,17762,3.62495,4899.929654202127,0.6966318518518518,41,118.8,2018-05-01,4.51371622085571,71,71,1,0,45.46818353728729
Hastings-Sunrise,2018,5,night,19174,4.98768,3844.2722869149584,0.721934,75,118.8,2018-05-01,4.51371622085571,71,71,1,0,54.019084692858975
Hastings-Sunrise,2018,6,day,13409,4.08915,3279.165596762163,0.7194025,31,118.7,2018-06-01,NA,NA,NA,NA,0,30.727484213548692
Hastings-Sunrise,2018,6,night,23990,6.07847,3946.716854734826,0.7080012820512821,82,118.7,2018-06-01,NA,NA,NA,NA,0,56.003471260724936
Hastings-Sunrise,2018,7,day,12400,3.97711,3117.841849986548,0.6679945,34,118.8,2018-07-01,5.36143255233765,71,71,1,0,30.601713778639457
Hastings-Sunrise,2018,7,night,23808,5.74692,4142.7408072497965,0.7029894736842105,63,118.8,2018-07-01,5.36143255233765,71,71,1,0,61.57362891287108
Hastings-Sunrise,2018,8,day,14933,3.76744,3963.6994882466606,0.6744208695652174,37,118.8,2018-08-01,3.97062301635742,71,71,1,0,39.6090440526859
Hastings-Sunrise,2018,8,night,23865,6.02618,3960.220239023726,0.6966313157894737,77,118.8,2018-08-01,3.97062301635742,71,71,1,0,59.9277952722352
Hastings-Sunrise,2018,9,day,13600,4.30415,3159.7411800239306,0.7215582608695652,32,118.7,2018-09-01,4.08326005935669,71,71,1,0,29.883941569529256
Hastings-Sunrise,2018,9,night,21245,5.5299700000000005,3841.792993452044,0.7396680555555556,70,118.7,2018-09-01,4.08326005935669,71,71,1,0,55.02190840025893
Hastings-Sunrise,2018,10,day,11462,3.37004,3401.146573927906,0.6758461111111111,25,118.8,2018-10-01,4.22883462905884,71,71,1,0,32.36491334373676
Hastings-Sunrise,2018,10,night,14520,4.13286,3513.3055559588274,0.7098526086956521,50,118.8,2018-10-01,4.22883462905884,71,71,1,0,50.62678439187422
Hastings-Sunrise,2018,11,day,9282,2.93556,3161.917998610146,0.65696,23,118.7,2018-11-01,3.68910837173462,71,71,1,0,27.108201468693885
Hastings-Sunrise,2018,11,night,19850,5.17792,3833.585686916754,0.7084669696969697,68,118.7,2018-11-01,3.68910837173462,71,71,1,0,49.7703388892328
Hastings-Sunrise,2018,12,day,12107,3.60898,3354.6874740231315,0.6763005263157895,28,118.8,2018-12-01,3.37618947029114,71,71,1,0,27.949800999151208
Hastings-Sunrise,2018,12,night,23269,6.01385,3869.23518212127,0.6904994594594595,76,118.8,2018-12-01,3.37618947029114,71,71,1,0,48.81655210577049
Hastings-Sunrise,2019,1,day,17968,5.04634,3560.600355901505,0.6945875862068965,43,118.8,2019-01-01,3.58305144309998,71,71,1,0,33.745185616004896
Hastings-Sunrise,2019,1,night,23868,6.23175,3830.0637862558674,0.6822707894736842,90,118.8,2019-01-01,3.58305144309998,71,71,1,0,54.967997816156874
Hastings-Sunrise,2019,2,day,6307,2.41322,2613.5205244445183,0.662272,20,118.6,2019-02-01,8.0496301651001,71,71,1,0,22.339051926938417
Hastings-Sunrise,2019,2,night,15926,4.35997,3652.7774273676196,0.6941356,43,118.6,2019-02-01,8.0496301651001,71,71,1,0,47.279987608652185
Hastings-Sunrise,2019,3,day,10933,3.24915,3364.8800455503747,0.68642625,23,118.8,2019-03-01,4.48155212402344,71,71,1,0,32.17072541428867
Hastings-Sunrise,2019,3,night,24328,6.09025,3994.5815032223636,0.7105969230769231,68,118.8,2019-03-01,4.48155212402344,71,71,1,0,57.8332867937217
Hastings-Sunrise,2019,4,day,13200,2.32104,5687.1057801675115,0.7144228571428571,31,120.9,2019-04-01,4.57544326782227,71,71,1,0,54.56900622140128
Hastings-Sunrise,2019,4,night,19160,4.88463,3922.5079484014145,0.7076193333333334,59,120.9,2019-04-01,4.57544326782227,71,71,1,0,56.994623864838424
Hastings-Sunrise,2019,5,day,14559,4.04669,3597.755202399986,0.68472875,32,120.9,2019-05-01,4.29134798049927,71,71,1,0,36.174728555365455
Hastings-Sunrise,2019,5,night,25229,6.33902,3979.952737173885,0.6848960975609756,81,120.9,2019-05-01,4.29134798049927,71,71,1,0,60.59920224318956
Hastings-Sunrise,2019,6,day,13943,4.38662,3178.529254870493,0.7205378260869565,34,120.9,2019-06-01,NA,NA,NA,NA,0,32.27347872775218
Hastings-Sunrise,2019,6,night,22629,5.8600200000000005,3861.5909160719584,0.70942,78,120.9,2019-06-01,NA,NA,NA,NA,0,59.37466227644359
Hastings-Sunrise,2019,7,day,15684,4.76536,3291.2518676448367,0.7068473076923077,49,120.9,2019-07-01,5.1847038269043,71,69,0.971830985915493,0,35.00327637514204
Hastings-Sunrise,2019,7,night,23207,6.12856,3786.6970381296746,0.6910792105263158,67,120.9,2019-07-01,5.1847038269043,71,69,0.971830985915493,0,60.98506057382213
Hastings-Sunrise,2019,8,day,13317,3.90523,3410.0424302793945,0.7306768181818182,39,120.9,2019-08-01,4.64327383041382,71,71,1,0,36.9240504019693
Hastings-Sunrise,2019,8,night,24209,5.9724900000000005,4053.4182560372637,0.7037107894736843,81,120.9,2019-08-01,4.64327383041382,71,71,1,0,66.46397209169524
Hastings-Sunrise,2019,9,day,15018,4.44132,3381.427143281727,0.7208404,36,120.9,2019-09-01,5.24860763549805,71,71,1,0,34.6531177811465
Hastings-Sunrise,2019,9,night,24625,6.3554,3874.657771344054,0.72302925,80,120.9,2019-09-01,5.24860763549805,71,71,1,0,60.12996496158757
Hastings-Sunrise,2019,10,day,10049,3.1817,3158.3744539082877,0.654459375,27,120.9,2019-10-01,4.4711332321167,71,70,0.985915492957746,0,32.56631581839139
Hastings-Sunrise,2019,10,night,18502,4.87986,3791.502215227486,0.7033386666666667,80,120.9,2019-10-01,4.4711332321167,71,70,0.985915492957746,0,59.201355013737086
Hastings-Sunrise,2019,11,day,13395,4.19741,3191.253654039039,0.6945728571428571,31,120.9,2019-11-01,4.97583913803101,71,71,1,0,29.646084277898115
Hastings-Sunrise,2019,11,night,22165,5.46763,4053.858801711162,0.7278694444444445,66,120.9,2019-11-01,4.97583913803101,71,71,1,0,57.0282379125906
Hastings-Sunrise,2019,12,day,6340,1.29912,4880.226614939344,0.695488,11,120.9,2019-12-01,3.40648627281189,71,71,1,0,44.05777431457617
Hastings-Sunrise,2019,12,night,20194,5.30746,3804.8331970471754,0.715773125,63,120.9,2019-12-01,3.40648627281189,71,71,1,0,52.01558749878234
Hastings-Sunrise,2020,1,day,9740,3.18151,3061.439379414178,0.679306875,22,120.9,2020-01-01,7.59386014938354,71,70,0.985915492957746,0,23.457397907470636
Hastings-Sunrise,2020,1,night,18834,5.508,3419.3899782135077,0.7205973333333333,75,120.9,2020-01-01,7.59386014938354,71,70,0.985915492957746,0,39.67510877854468
Hastings-Sunrise,2020,2,day,10871,3.26576,3328.7810494341284,0.6916517647058824,21,120.8,2020-02-01,4.37401008605957,71,71,1,0,23.00327297602724
Hastings-Sunrise,2020,2,night,17603,3.43796,5120.187553083806,0.6721560714285715,59,120.8,2020-02-01,4.37401008605957,71,71,1,0,53.58035581868076
Hastings-Sunrise,2020,3,day,13390,4.11377,3254.9218843056374,0.6804719047619048,24,120.9,2020-03-01,4.96931552886963,71,71,1,0,25.159234187551625
Hastings-Sunrise,2020,3,night,22285,5.43141,4102.986149084676,0.7027791666666666,62,120.9,2020-03-01,4.96931552886963,71,71,1,0,48.02553585445805
Hastings-Sunrise,2020,4,day,16475,4.73469,3479.636470391937,0.7250376923076923,33,119.6,2020-04-01,5.44083213806152,71,71,1,0,26.99318882963514
Hastings-Sunrise,2020,4,night,18314,5.05719,3621.3786707638033,0.7140158620689655,51,119.6,2020-04-01,5.44083213806152,71,71,1,0,42.541184603920485
Hastings-Sunrise,2020,5,day,10096,3.73579,2702.507367919503,0.68918,28,119.7,2020-05-01,4.49814081192017,71,71,1,0,21.968790026283987
Hastings-Sunrise,2020,5,night,19435,5.22599,3718.912588810924,0.67415,44,119.7,2020-05-01,4.49814081192017,71,71,1,0,45.7794470766344
Hastings-Sunrise,2020,6,day,11491,3.62434,3170.50828564649,0.6730605555555556,26,119.6,2020-06-01,NA,NA,NA,NA,0,26.02639638167439
Hastings-Sunrise,2020,6,night,17402,4.77675,3643.062751871042,0.7137320689655172,44,119.6,2020-06-01,NA,NA,NA,NA,0,45.2863293204747
Hastings-Sunrise,2020,7,day,9688,3.06095,3165.0304643983077,0.705693125,21,119.7,2020-07-01,4.99849271774292,71,71,1,0,27.213916836348577
Hastings-Sunrise,2020,7,night,14676,4.43731,3307.409218648235,0.7013752173913044,27,119.7,2020-07-01,4.99849271774292,71,71,1,0,43.06420282910325
Hastings-Sunrise,2020,8,day,12697,3.9940700000000002,3178.9628123693374,0.74112,26,119.7,2020-08-01,4.65580797195435,71,71,1,0,27.829190904834544
Hastings-Sunrise,2020,8,night,22004,5.73955,3833.750032668066,0.7003041176470588,66,119.7,2020-08-01,4.65580797195435,71,71,1,0,50.8222918938967
Hastings-Sunrise,2020,9,day,10779,2.6089,4131.626355935451,0.7282372222222222,24,119.6,2020-09-01,4.55379056930542,71,71,1,0,34.23173405964224
Hastings-Sunrise,2020,9,night,20891,5.58707,3739.169188859277,0.7083,61,119.6,2020-09-01,4.55379056930542,71,71,1,0,46.91355001372524
Hastings-Sunrise,2020,10,day,11356,3.34572,3394.1872003634494,0.7159705555555556,22,119.7,2020-10-01,4.26070022583008,71,71,1,0,28.294784038829807
Hastings-Sunrise,2020,10,night,18664,4.82695,3866.6238515004297,0.6934006666666667,48,119.7,2020-10-01,4.26070022583008,71,71,1,0,48.811015009928944
Hastings-Sunrise,2020,11,day,8096,3.018,2682.5712392312794,0.7082007692307692,19,119.6,2020-11-01,3.85459065437317,71,71,1,0,20.147578568247017
Hastings-Sunrise,2020,11,night,13978,3.79051,3687.6304244019934,0.7097695454545455,32,119.6,2020-11-01,3.85459065437317,71,71,1,0,41.940567676171845
Hastings-Sunrise,2020,12,day,8794,1.75694,5005.293294022562,0.6745442857142857,15,119.7,2020-12-01,2.79814314842224,71,70,0.985915492957746,0,36.532355557827074
Hastings-Sunrise,2020,12,night,17815,4.4421100000000004,4010.4815054107166,0.6923810714285714,47,119.7,2020-12-01,2.79814314842224,71,70,0.985915492957746,0,44.32614716370923
Hastings-Sunrise,2021,1,day,8067,3.07883,2620.151161317773,0.7242661538461539,17,119.7,2021-01-01,2.85064268112183,71,71,1,0,16.176698190399826
Hastings-Sunrise,2021,1,night,16185,4.77918,3386.564222314288,0.7354584615384615,51,119.7,2021-01-01,2.85064268112183,71,71,1,0,31.66198746304781
Hastings-Sunrise,2021,2,day,12422,2.67898,4636.839394097753,0.6837889473684211,21,119.5,2021-02-01,4.87782621383667,71,71,1,0,25.818786206119434
Hastings-Sunrise,2021,2,night,22111,6.0719900000000004,3641.4750353673176,0.7276434285714286,57,119.5,2021-02-01,4.87782621383667,71,71,1,0,30.704810810888155
Hastings-Sunrise,2021,3,day,6840,2.7079400000000002,2525.905300708287,0.7565581818181818,19,119.7,2021-03-01,4.95615720748901,71,71,1,0,15.731976053778899
Hastings-Sunrise,2021,3,night,13133,4.21335,3116.997163777042,0.7301580952380953,40,119.7,2021-03-01,4.95615720748901,71,71,1,0,29.398010491007707
Hastings-Sunrise,2021,4,day,10433,3.65599,2853.673013328811,0.7347205555555556,24,120.1,2021-04-01,4.99115514755249,71,71,1,0,17.837496132661254
Hastings-Sunrise,2021,4,night,21321,5.51789,3863.976991204971,0.7010791176470589,57,120.1,2021-04-01,4.99115514755249,71,71,1,0,36.57459590047137
Hastings-Sunrise,2021,5,day,10234,3.38804,3020.6254943861345,0.701253125,26,120.1,2021-05-01,5.18515253067017,71,71,1,0,19.785430301035493
Hastings-Sunrise,2021,5,night,17948,4.91424,3652.2432766816432,0.7030286206896552,47,120.1,2021-05-01,5.18515253067017,71,71,1,0,36.226271335184606
Hastings-Sunrise,2021,6,day,12101,3.77802,3203.0005134964877,0.711979,28,120.1,2021-06-01,NA,NA,NA,NA,0,21.18612452680827
Hastings-Sunrise,2021,6,night,19250,5.17416,3720.4106560291916,0.6975103225806452,51,120.1,2021-06-01,NA,NA,NA,NA,0,37.26496460016084
Hastings-Sunrise,2021,7,day,8325,2.85978,2911.063088769066,0.71712,14,120.1,2021-07-01,5.44219875335693,71,71,1,0,20.16852516413627
Hastings-Sunrise,2021,7,night,19964,5.08185,3928.4906087350078,0.716260294117647,57,120.1,2021-07-01,5.44219875335693,71,71,1,0,41.2157838778459
Hastings-Sunrise,2021,8,day,5899,2.61724,2253.901056074338,0.6608833333333334,14,120.1,2021-08-01,4.15185499191284,71,71,1,0,15.898616900567491
Hastings-Sunrise,2021,8,night,16605,4.54029,3657.255373555434,0.7157885185185185,40,120.1,2021-08-01,4.15185499191284,71,71,1,0,39.06565453731635
Hastings-Sunrise,2021,9,day,6986,2.5657200000000002,2722.8224436025753,0.754389,13,120.1,2021-09-01,4.72173023223877,71,71,1,0,18.17760019442075
Hastings-Sunrise,2021,9,night,18036,4.82295,3739.619942151588,0.6927467857142857,46,120.1,2021-09-01,4.72173023223877,71,71,1,0,37.805937629513814
Hastings-Sunrise,2021,10,day,11656,3.61927,3220.5389484619823,0.71008,24,120.1,2021-10-01,4.57892179489136,71,71,1,0,21.63258968698583
Hastings-Sunrise,2021,10,night,13121,4.11665,3187.3003534427266,0.7193295238095239,40,120.1,2021-10-01,4.57892179489136,71,71,1,0,32.420392555584414
Hastings-Sunrise,2021,11,day,6387,1.0984,5814.821558630735,0.685269,11,120.1,2021-11-01,4.94979763031006,71,67,0.943661971830986,0,35.18984475930747
Hastings-Sunrise,2021,11,night,16575,4.5788,3619.9440901546254,0.6638066666666667,45,120.1,2021-11-01,4.94979763031006,71,67,0.943661971830986,0,33.174023119889206
Hastings-Sunrise,2021,12,day,9393,1.83022,5132.169903071762,0.6964193333333333,17,120.1,2021-12-01,4.54929065704346,71,71,1,0,30.182731166838884
Hastings-Sunrise,2021,12,night,15098,4.1745,3616.720565337166,0.7498108695652174,30,120.1,2021-12-01,4.54929065704346,71,71,1,0,32.209782095814944
Hastings-Sunrise,2022,1,day,6299,2.84384,2214.9628671092605,0.7354311111111111,12,120.1,2022-01-01,3.29851889610291,71,71,1,0,14.517743590716933
Hastings-Sunrise,2022,1,night,13226,4.20211,3147.466391884077,0.7080628571428571,29,120.1,2022-01-01,3.29851889610291,71,71,1,0,31.23986111155182
Hastings-Sunrise,2022,2,day,11292,2.31654,4874.511124349246,0.7069866666666667,21,120,2022-02-01,4.47012901306152,71,71,1,0,28.814691212026876
Hastings-Sunrise,2022,2,night,13412,2.58842,5181.539317421439,0.7283804761904762,27,120,2022-02-01,4.47012901306152,71,71,1,0,46.38280649149778
Hastings-Sunrise,2022,3,day,7581,1.41274,5366.16787236151,0.7393969230769231,17,120.1,2022-03-01,4.58948183059692,71,71,1,0,35.481306522526076
Hastings-Sunrise,2022,3,night,10550,2.19211,4812.714690412434,0.6687182352941177,26,120.1,2022-03-01,4.58948183059692,71,71,1,0,48.188209087772464
Hastings-Sunrise,2022,4,day,5142,2.18628,2351.9402821230583,0.66650625,14,120.9,2022-04-01,4.72422170639038,71,71,1,0,15.607204121093973
Hastings-Sunrise,2022,4,night,20682,4.93399,4191.739342803695,0.6719844117647059,54,120.9,2022-04-01,4.72422170639038,71,71,1,0,42.12194433619794
Hastings-Sunrise,2022,5,day,13167,3.77456,3488.353609427324,0.664507619047619,25,120.9,2022-05-01,4.84250354766846,71,69,0.971830985915493,0,24.257065163258563
Hastings-Sunrise,2022,5,night,18628,4.88959,3809.7263778762635,0.712999,40,120.9,2022-05-01,4.84250354766846,71,69,0.971830985915493,0,40.11685313279014
Hastings-Sunrise,2022,6,day,10419,3.39822,3066.016914737716,0.6895182352941177,18,120.9,2022-06-01,NA,NA,NA,NA,0,21.529710744207556
Hastings-Sunrise,2022,6,night,14094,4.00297,3520.885742336315,0.7172452173913043,32,120.9,2022-06-01,NA,NA,NA,NA,0,37.43957425136901
Hastings-Sunrise,2022,7,day,10607,3.53475,3000.7779899568573,0.6751527777777778,23,120.9,2022-07-01,5.24275398254395,71,71,1,0,22.071178628656053
Hastings-Sunrise,2022,7,night,13367,3.9061500000000002,3422.0396042138677,0.6962280952380953,41,120.9,2022-07-01,5.24275398254395,71,71,1,0,38.11465670268283
Hastings-Sunrise,2022,8,day,6658,2.91131,2286.9429912994497,0.729813,10,120.9,2022-08-01,4.6391806602478,71,71,1,0,17.125725254035824
Hastings-Sunrise,2022,8,night,15216,4.22391,3602.349481878165,0.7036456,37,120.9,2022-08-01,4.6391806602478,71,71,1,0,40.85025749190226
Hastings-Sunrise,2022,9,day,7078,2.5702,2753.8712940627192,0.6843345454545454,13,120.9,2022-09-01,4.62274980545044,71,71,1,0,19.517761226265613
Hastings-Sunrise,2022,9,night,15662,4.55401,3439.166800248572,0.737766,47,120.9,2022-09-01,4.62274980545044,71,71,1,0,36.910924446877424
Hastings-Sunrise,2022,10,day,11508,2.35787,4880.67620352267,0.6660505555555556,21,120.9,2022-10-01,4.35875177383423,71,71,1,0,34.803994375703546
Hastings-Sunrise,2022,10,night,13847,4.04661,3421.8765831152496,0.680825652173913,37,120.9,2022-10-01,4.35875177383423,71,71,1,0,36.95121781955639
Hastings-Sunrise,2022,11,day,7456,2.8259,2638.451466789342,0.66336,16,120.9,2022-11-01,3.91057157516479,71,71,1,0,16.951151491696272
Hastings-Sunrise,2022,11,night,14743,4.54966,3240.4619246273346,0.71615,38,120.9,2022-11-01,3.91057157516479,71,71,1,0,31.526251743509444
Hastings-Sunrise,2022,12,day,5584,2.49457,2238.4619393322296,0.72368,10,120.9,2022-12-01,6.86498165130615,71,67,0.943661971830986,0,13.975789820590474
Hastings-Sunrise,2022,12,night,12042,4.07149,2957.6395864904493,0.7424447368421052,26,120.9,2022-12-01,6.86498165130615,71,67,0.943661971830986,0,27.963222462788888
Hastings-Sunrise,2023,1,day,3467,1.85725,1866.7384573966885,0.644864,7,120.9,2023-01-01,3.72499084472656,71,71,1,0,12.430419478159534
Hastings-Sunrise,2023,1,night,15788,4.4807,3523.5565871404024,0.6777644,35,120.9,2023-01-01,3.72499084472656,71,71,1,0,35.530300580454195
Hastings-Sunrise,2023,2,day,7695,1.26889,6064.355460284185,0.6978308333333333,13,120.7,2023-02-01,4.29071569442749,71,71,1,0,36.419769396269686
Hastings-Sunrise,2023,2,night,13445,4.09061,3286.7958568526456,0.7314485714285714,31,120.7,2023-02-01,4.29071569442749,71,71,1,0,29.891010292237752
Hastings-Sunrise,2023,3,day,9947,3.40766,2919.0118732502656,0.6780676470588235,23,120.9,2023-03-01,4.76012659072876,71,71,1,0,19.608340879915403
Hastings-Sunrise,2023,3,night,16515,4.49613,3673.1589166683348,0.6656042307692308,45,120.9,2023-03-01,4.76012659072876,71,71,1,0,37.36457321400882
Hastings-Sunrise,2023,4,day,6443,2.9760400000000002,2164.95746024919,0.653139090909091,13,122,2023-04-01,4.79395914077759,71,71,1,0,14.595461286904431
Hastings-Sunrise,2023,4,night,13985,4.4509,3142.0611561706623,0.6991642857142857,33,122,2023-04-01,4.79395914077759,71,71,1,0,32.07734483962438
Hastings-Sunrise,2023,5,day,5794,0.9767399999999999,5931.977803714397,0.649739,13,122.1,2023-05-01,5.03349828720093,71,71,1,0,41.90703241821782
Hastings-Sunrise,2023,5,night,15746,4.7228200000000005,3334.0250104810257,0.6837504,33,122.1,2023-05-01,5.03349828720093,71,71,1,0,35.66740927024874
Hastings-Sunrise,2023,6,day,12111,3.95276,3063.935073214665,0.710321052631579,25,122,2023-06-01,NA,NA,NA,NA,0,21.858121957875397
Hastings-Sunrise,2023,6,night,15693,2.7331,5741.83161977242,0.6841768,37,122,2023-06-01,NA,NA,NA,NA,0,62.02961138919601
Hastings-Sunrise,2023,7,day,6060,2.50082,2423.205188698107,0.7092622222222222,12,122.1,2023-07-01,5.39587640762329,71,71,1,0,18.10720791377812
Hastings-Sunrise,2023,7,night,17882,4.57174,3911.4210344420285,0.7126046666666667,48,122.1,2023-07-01,5.39587640762329,71,71,1,0,44.2599772214172
Hastings-Sunrise,2023,8,day,7333,2.8322,2589.1533083821764,0.6868936363636364,17,122.1,2023-08-01,5.18730211257935,71,71,1,0,19.69795034812525
Hastings-Sunrise,2023,8,night,11514,3.60746,3191.7193815038836,0.7249894444444445,24,122.1,2023-08-01,5.18730211257935,71,71,1,0,36.770818212095186
Hastings-Sunrise,2023,9,day,8235,2.80254,2938.4058746708342,0.6818784615384615,21,122.5,2023-09-01,4.91644382476807,71,71,1,0,21.157667286857215
Hastings-Sunrise,2023,9,night,10561,3.62664,2912.061853395981,0.7116676470588236,29,122.5,2023-09-01,4.91644382476807,71,71,1,0,31.752060702028018
Hastings-Sunrise,2023,10,day,8561,3.3197200000000002,2578.8319496825034,0.7188015384615385,15,122.5,2023-10-01,4.06862449645996,71,71,1,0,18.682791782495002
Hastings-Sunrise,2023,10,night,14953,4.43701,3370.0622716649277,0.7006326086956521,41,122.5,2023-10-01,4.06862449645996,71,71,1,0,36.97191776460758
Hastings-Sunrise,2023,11,day,6382,3.01544,2116.4407184357838,0.7196911111111112,13,122.5,2023-11-01,3.71686434745789,71,71,1,0,13.814203257017146
Hastings-Sunrise,2023,11,night,11789,3.29239,3580.6815109996082,0.6782333333333334,29,122.5,2023-11-01,3.71686434745789,71,71,1,0,35.391644929433
Hastings-Sunrise,2023,12,day,7634,2.71791,2808.7758608636786,0.7355375000000001,15,122.5,2023-12-01,3.83958077430725,71,69,0.971830985915493,0,17.816129816240828
Hastings-Sunrise,2023,12,night,15642,4.46779,3501.0598080930395,0.6917866666666667,41,122.5,2023-12-01,3.83958077430725,71,69,0.971830985915493,0,33.62878179909923
Hastings-Sunrise,2024,1,day,4437,2.18617,2029.5768398614928,0.7362133333333334,6,122.5,2024-01-01,7.87620878219604,71,71,1,0,12.636593713338927
Hastings-Sunrise,2024,1,night,13451,3.94095,3413.1364264961494,0.6936952173913044,29,122.5,2024-01-01,7.87620878219604,71,71,1,0,32.1805522648369
Hastings-Sunrise,2024,2,day,7031,2.87189,2448.213545783439,0.7742445454545455,14,122.4,2024-02-01,4.80915498733521,71,70,0.985915492957746,0,13.747510270130684
Hastings-Sunrise,2024,2,night,13243,3.71163,3567.9741784606763,0.6796294736842106,28,122.4,2024-02-01,4.80915498733521,71,70,0.985915492957746,0,30.33973478200423
Hastings-Sunrise,2024,3,day,8386,1.98844,4217.376435798918,0.7608685714285714,18,122.5,2024-03-01,4.60636281967163,71,71,1,0,26.489244257182246
Hastings-Sunrise,2024,3,night,10841,3.61155,3001.758247843724,0.7151811764705882,32,122.5,2024-03-01,4.60636281967163,71,71,1,0,28.550796892039866
Hastings-Sunrise,2024,4,day,10499,2.04513,5133.658985003399,0.733399375,21,130.3,2024-04-01,4.77978563308716,71,71,1,0,32.360683693115654
Hastings-Sunrise,2024,4,night,12559,3.57988,3508.218152563773,0.6979594736842105,33,130.3,2024-04-01,4.77978563308716,71,71,1,0,33.48826014029754
Hastings-Sunrise,2024,5,day,9104,3.0214,3013.172701396704,0.7152353333333333,19,130.4,2024-05-01,6.03677463531494,71,71,1,0,19.903691377196267
Hastings-Sunrise,2024,5,night,9281,1.6995,5461.01794645484,0.7097813333333334,17,130.4,2024-05-01,6.03677463531494,71,71,1,0,54.625890473569164
Hastings-Sunrise,2024,6,day,8489,3.26652,2598.7901497618263,0.7076430769230769,18,130.3,2024-06-01,NA,NA,NA,NA,0,17.335114429155023
Hastings-Sunrise,2024,6,night,9410,3.12344,3012.7039418077507,0.7520566666666667,26,130.3,2024-06-01,NA,NA,NA,NA,0,30.431774527768894
Hastings-Sunrise,2024,7,day,6503,2.87299,2263.495522086746,0.704981,13,130.4,2024-07-01,4.90870046615601,71,71,1,0,15.814779891835116
Hastings-Sunrise,2024,7,night,12482,3.85552,3237.436195377018,0.702176,31,130.4,2024-07-01,4.90870046615601,71,71,1,0,34.253113306090896
Hastings-Sunrise,2024,8,day,10868,3.68574,2948.661598484972,0.6657688235294118,27,130.4,2024-08-01,3.89081358909607,71,71,1,0,20.975408125202787
Hastings-Sunrise,2024,8,night,14712,4.48677,3278.973515468812,0.7364908695652174,37,130.4,2024-08-01,3.89081358909607,71,71,1,0,35.32146562515227
Hastings-Sunrise,2024,9,day,9972,3.41425,2920.7000073222525,0.7179233333333334,20,130.3,2024-09-01,3.22940135002136,71,71,1,0,19.663696642688564
Hastings-Sunrise,2024,9,night,9375,3.32961,2815.6450755493884,0.6725785714285715,21,130.3,2024-09-01,3.22940135002136,71,71,1,0,28.705918275766518
Hastings-Sunrise,2024,10,day,7474,3.0268800000000002,2469.209218733481,0.6868975,15,130.4,2024-10-01,4.27337980270386,71,71,1,0,16.726259691345863
Hastings-Sunrise,2024,10,night,11407,3.42888,3326.742259863279,0.7073422222222222,34,130.4,2024-10-01,4.27337980270386,71,71,1,0,34.125217005302794
Hastings-Sunrise,2024,11,day,7559,3.13598,2410.4107806809993,0.6818933333333334,17,130.3,2024-11-01,4.40462732315063,71,68,0.957746478873239,0,14.710688811042555
Hastings-Sunrise,2024,11,night,10412,3.37244,3087.3788710844374,0.6756141176470588,33,130.3,2024-11-01,4.40462732315063,71,68,0.957746478873239,0,28.532984219208377
Hastings-Sunrise,2024,12,day,9706,3.12579,3105.1350218664725,0.6833133333333333,20,130.4,2024-12-01,4.26007413864136,71,70,0.985915492957746,0,18.41615612359416
Hastings-Sunrise,2024,12,night,9931,3.01973,3288.704619287155,0.700013125,25,130.4,2024-12-01,4.26007413864136,71,70,0.985915492957746,0,29.53647664922548
Kensington-Cedar Cottage,2014,1,day,16972,2.40375,7060.634425377015,0.7032888888888889,43,94.8,2014-01-01,3.55196905136108,67,67,1,0,42.90340549970619
Kensington-Cedar Cottage,2014,1,night,29279,4.43537,6601.25310853435,0.7180982222222222,96,94.8,2014-01-01,3.55196905136108,67,67,1,0,60.74209214940365
Kensington-Cedar Cottage,2014,2,day,18018,2.72724,6606.679280151361,0.6801803703703704,34,94.8,2014-02-01,3.74642944335938,67,67,1,0,36.2060791947837
Kensington-Cedar Cottage,2014,2,night,23729,3.19256,7432.593279374546,0.6891237142857143,58,94.8,2014-02-01,3.74642944335938,67,67,1,0,61.68136298249013
Kensington-Cedar Cottage,2014,3,day,17851,2.4318,7340.653014228144,0.6974577777777777,43,94.8,2014-03-01,4.06303977966309,67,67,1,0,44.997191992763
Kensington-Cedar Cottage,2014,3,night,24478,3.61722,6767.075267747055,0.70994675,72,94.8,2014-03-01,4.06303977966309,67,67,1,0,62.815532407103866
Kensington-Cedar Cottage,2014,4,day,18497,2.64412,6995.522139691088,0.7182934482758621,58,101.7,2014-04-01,3.81362366676331,67,67,1,0,43.03624029710878
Kensington-Cedar Cottage,2014,4,night,23156,3.38904,6832.61336543682,0.6871456756756756,66,101.7,2014-04-01,3.81362366676331,67,67,1,0,63.65263044566092
Kensington-Cedar Cottage,2014,5,day,19563,2.6926900000000002,7265.225480838863,0.6803851724137931,68,101.7,2014-05-01,4.23532152175903,67,67,1,0,46.83626110008444
Kensington-Cedar Cottage,2014,5,night,22182,3.3119,6697.665992330686,0.7229948571428572,64,101.7,2014-05-01,4.23532152175903,67,67,1,0,65.38406653062911
Kensington-Cedar Cottage,2014,6,day,19702,2.9176100000000003,6752.787384194597,0.6973143333333334,71,101.7,2014-06-01,NA,NA,NA,NA,0,43.96044630017439
Kensington-Cedar Cottage,2014,6,night,26402,4.07939,6472.046065710805,0.73308725,77,101.7,2014-06-01,NA,NA,NA,NA,0,63.802241671920164
Kensington-Cedar Cottage,2014,7,day,24599,3.61316,6808.167919494293,0.7300915384615385,66,101.7,2014-07-01,4.28029537200928,67,67,1,0,46.423436625062806
Kensington-Cedar Cottage,2014,7,night,31260,4.53428,6894.148574856427,0.7260216666666667,84,101.7,2014-07-01,4.28029537200928,67,67,1,0,71.18737650170029
Kensington-Cedar Cottage,2014,8,day,21343,3.15135,6772.652989988418,0.6712848484848485,59,101.7,2014-08-01,3.92420339584351,67,67,1,0,47.01839783876057
Kensington-Cedar Cottage,2014,8,night,31400,4.68786,6698.152248573977,0.7115534,80,101.7,2014-08-01,3.92420339584351,67,67,1,0,70.41729497427293
Kensington-Cedar Cottage,2014,9,day,17978,2.64646,6793.225667495447,0.6854767857142857,57,101.7,2014-09-01,3.82880616188049,67,67,1,0,44.63522947799892
Kensington-Cedar Cottage,2014,9,night,26840,4.09703,6551.08700692941,0.71415925,69,101.7,2014-09-01,3.82880616188049,67,67,1,0,65.18241073274233
Kensington-Cedar Cottage,2014,10,day,21180,3.1883600000000003,6642.913598213501,0.7227590625,60,101.7,2014-10-01,3.83537793159485,67,67,1,0,43.91602923970444
Kensington-Cedar Cottage,2014,10,night,30433,4.43653,6859.640304472188,0.7032572340425532,91,101.7,2014-10-01,3.83537793159485,67,67,1,0,68.67222616576763
Kensington-Cedar Cottage,2014,11,day,19096,2.8399200000000002,6724.133074171103,0.707538275862069,52,101.7,2014-11-01,3.97369599342346,67,67,1,0,40.04993018978989
Kensington-Cedar Cottage,2014,11,night,26529,3.63393,7300.360766442942,0.709294358974359,81,101.7,2014-11-01,3.97369599342346,67,67,1,0,65.84534949170384
Kensington-Cedar Cottage,2014,12,day,14665,2.34402,6256.345935614884,0.6811036363636364,31,101.7,2014-12-01,3.85094904899597,67,67,1,0,36.21285528394415
Kensington-Cedar Cottage,2014,12,night,24792,3.70302,6695.075911013173,0.7135672972972973,62,101.7,2014-12-01,3.85094904899597,67,67,1,0,58.68307208750065
Kensington-Cedar Cottage,2015,1,day,16110,2.47843,6500.082713653402,0.7189333333333333,37,101.7,2015-01-01,3.42254233360291,67,67,1,0,40.90209592917351
Kensington-Cedar Cottage,2015,1,night,21180,3.3053600000000003,6407.77403974151,0.7349321875,67,101.7,2015-01-01,3.42254233360291,67,67,1,0,61.05893001596993
Kensington-Cedar Cottage,2015,2,day,10296,1.39436,7384.032817923635,0.6960926666666667,28,101.7,2015-02-01,3.84321713447571,67,67,1,0,41.90545208466875
Kensington-Cedar Cottage,2015,2,night,22297,3.12695,7130.590511520812,0.7040342424242424,55,101.7,2015-02-01,3.84321713447571,67,67,1,0,61.27985514659082
Kensington-Cedar Cottage,2015,3,day,18528,2.55082,7263.546624222799,0.6868446428571429,42,101.7,2015-03-01,3.71993565559387,67,67,1,0,46.10819117945012
Kensington-Cedar Cottage,2015,3,night,27752,4.29084,6467.731260079611,0.7010465909090909,70,101.7,2015-03-01,3.71993565559387,67,67,1,0,62.17225848993594
Kensington-Cedar Cottage,2015,4,day,14867,2.10889,7049.680163498333,0.690832380952381,34,107.7,2015-04-01,3.92471432685852,67,67,1,0,44.91198414231532
Kensington-Cedar Cottage,2015,4,night,24182,3.6606900000000002,6605.858458378065,0.721035,62,107.7,2015-04-01,3.92471432685852,67,67,1,0,63.72904536983978
Kensington-Cedar Cottage,2015,5,day,22758,3.55111,6408.700378191607,0.7134991666666667,54,107.7,2015-05-01,3.97049689292908,67,67,1,0,42.784033767910856
Kensington-Cedar Cottage,2015,5,night,23577,3.6366300000000003,6483.200105592265,0.694794054054054,65,107.7,2015-05-01,3.97049689292908,67,67,1,0,65.54151984793099
Kensington-Cedar Cottage,2015,6,day,23749,3.63102,6540.586391702607,0.6723791666666666,70,107.7,2015-06-01,NA,NA,NA,NA,0,44.09347664125934
Kensington-Cedar Cottage,2015,6,night,24885,3.58817,6935.290133968012,0.6881376315789474,66,107.7,2015-06-01,NA,NA,NA,NA,0,70.80070983880698
Kensington-Cedar Cottage,2015,7,day,22732,3.34012,6805.743506221333,0.7249620588235294,70,107.7,2015-07-01,4.10838222503662,67,67,1,0,48.057507833807946
Kensington-Cedar Cottage,2015,7,night,26899,4.1394400000000005,6498.221981717333,0.7418402380952381,85,107.7,2015-07-01,4.10838222503662,67,67,1,0,69.48571519622465
Kensington-Cedar Cottage,2015,8,day,17471,2.76652,6315.1540563596145,0.7019537037037037,51,107.7,2015-08-01,3.57523608207703,67,67,1,0,45.40164527860356
Kensington-Cedar Cottage,2015,8,night,28207,4.10734,6867.461666187849,0.7122683333333334,70,107.7,2015-08-01,3.57523608207703,67,67,1,0,74.76514960504134
Kensington-Cedar Cottage,2015,9,day,19520,2.80723,6953.473708958653,0.7175051724137931,42,107.7,2015-09-01,3.49707221984863,67,67,1,0,47.31318521481711
Kensington-Cedar Cottage,2015,9,night,22141,3.2731500000000002,6764.431816445931,0.7249432352941176,50,107.7,2015-09-01,3.49707221984863,67,67,1,0,69.69907496879935
Kensington-Cedar Cottage,2015,10,day,19917,2.97331,6698.595168347733,0.7043051612903226,49,107.7,2015-10-01,3.59193205833435,67,67,1,0,45.85923790249004
Kensington-Cedar Cottage,2015,10,night,26543,3.81085,6965.112770116903,0.7052133333333334,76,107.7,2015-10-01,3.59193205833435,67,67,1,0,72.2082092667592
Kensington-Cedar Cottage,2015,11,day,18547,2.73402,6783.783586074717,0.6950179310344827,41,107.7,2015-11-01,3.61993360519409,67,67,1,0,41.84235193671841
Kensington-Cedar Cottage,2015,11,night,28229,4.2488,6643.993598192431,0.7024695454545454,83,107.7,2015-11-01,3.61993360519409,67,67,1,0,62.05669318622304
Kensington-Cedar Cottage,2015,12,day,15942,2.32337,6861.584680873042,0.7144239130434783,37,107.7,2015-12-01,2.42326402664185,67,67,1,0,41.128709400928514
Kensington-Cedar Cottage,2015,12,night,25284,3.64726,6932.327281301579,0.7051023684210527,58,107.7,2015-12-01,2.42326402664185,67,67,1,0,62.92381322872157
Kensington-Cedar Cottage,2016,1,day,13975,2.03195,6877.6298629395405,0.686195,44,107.7,2016-01-01,3.56892228126526,67,67,1,0,45.388174867197016
Kensington-Cedar Cottage,2016,1,night,32671,4.56423,7158.0529464991905,0.7211182352941177,98,107.7,2016-01-01,3.56892228126526,67,67,1,0,71.53426964755123
Kensington-Cedar Cottage,2016,2,day,12966,1.90982,6789.12148788891,0.6816352380952381,31,107.6,2016-02-01,3.33092260360718,67,67,1,0,40.408035063297554
Kensington-Cedar Cottage,2016,2,night,26755,3.84908,6951.01167032122,0.7120893023255814,59,107.6,2016-02-01,3.33092260360718,67,67,1,0,62.649482915746475
Kensington-Cedar Cottage,2016,3,day,23432,3.53382,6630.784816430944,0.7356080555555555,59,107.7,2016-03-01,3.77748775482178,67,67,1,0,44.14398454011266
Kensington-Cedar Cottage,2016,3,night,30537,4.67946,6525.752971496711,0.7074126530612245,89,107.7,2016-03-01,3.77748775482178,67,67,1,0,65.78888827145104
Kensington-Cedar Cottage,2016,4,day,17089,2.38157,7175.518670456883,0.6794068,47,112.2,2016-04-01,3.7348620891571,67,67,1,0,47.942796947985
Kensington-Cedar Cottage,2016,4,night,26164,4.12249,6346.649718980519,0.7111864285714286,70,112.2,2016-04-01,3.7348620891571,67,67,1,0,64.21402883689065
Kensington-Cedar Cottage,2016,5,day,19473,2.73756,7113.268750273966,0.7045603333333333,48,112.3,2016-05-01,3.45910477638245,67,67,1,0,49.803311195623905
Kensington-Cedar Cottage,2016,5,night,28178,4.01478,7018.5663971624845,0.7137530434782609,72,112.3,2016-05-01,3.45910477638245,67,67,1,0,74.41367180103799
Kensington-Cedar Cottage,2016,6,day,21748,3.18308,6832.376189099866,0.6894221212121212,58,112.2,2016-06-01,NA,NA,NA,NA,0,48.30662178675981
Kensington-Cedar Cottage,2016,6,night,21884,3.35993,6513.230930406288,0.7282016216216216,62,112.2,2016-06-01,NA,NA,NA,NA,0,69.73433991047911
Kensington-Cedar Cottage,2016,7,day,17793,2.50834,7093.535964024016,0.6760561538461538,52,112.3,2016-07-01,3.22626209259033,67,67,1,0,52.532211362956026
Kensington-Cedar Cottage,2016,7,night,23804,3.25557,7311.776432391255,0.7096028947368421,63,112.3,2016-07-01,3.22626209259033,67,67,1,0,81.99759843858862
Kensington-Cedar Cottage,2016,8,day,18834,2.75128,6845.540984559914,0.686558275862069,45,112.3,2016-08-01,3.55290460586548,67,67,1,0,51.6146107828887
Kensington-Cedar Cottage,2016,8,night,29315,4.31569,6792.656562450037,0.6918051063829788,81,112.3,2016-08-01,3.55290460586548,67,67,1,0,77.5567961196441
Kensington-Cedar Cottage,2016,9,day,18091,2.96786,6095.637934403914,0.703022,46,112.2,2016-09-01,3.23062372207642,67,67,1,0,43.4987495762548
Kensington-Cedar Cottage,2016,9,night,26172,3.78076,6922.417714956781,0.7112907692307693,68,112.2,2016-09-01,3.23062372207642,67,67,1,0,74.80501818917907
Kensington-Cedar Cottage,2016,10,day,16439,2.40473,6836.110498891768,0.6851365384615384,47,112.3,2016-10-01,3.08111596107483,67,67,1,0,49.082809696304935
Kensington-Cedar Cottage,2016,10,night,28726,4.34729,6607.794741091577,0.6970524444444445,86,112.3,2016-10-01,3.08111596107483,67,67,1,0,71.8442816077359
Kensington-Cedar Cottage,2016,11,day,18598,2.9090000000000003,6393.262289446545,0.7124064285714286,44,112.2,2016-11-01,2.63043189048767,67,67,1,0,41.35650839459025
Kensington-Cedar Cottage,2016,11,night,28995,4.47162,6484.227192829445,0.6852421739130434,69,112.2,2016-11-01,2.63043189048767,67,67,1,0,63.51771810616141
Kensington-Cedar Cottage,2016,12,day,20090,2.74995,7305.587374315896,0.6770763333333334,40,112.3,2016-12-01,4.32215785980225,67,67,1,0,45.92540909747035
Kensington-Cedar Cottage,2016,12,night,22952,3.38626,6777.979245539326,0.7094997142857142,56,112.3,2016-12-01,4.32215785980225,67,67,1,0,64.52283633269633
Kensington-Cedar Cottage,2017,1,day,10299,1.38343,7444.540020094982,0.66816,25,112.3,2017-01-01,2.98797631263733,67,67,1,0,46.67083313548944
Kensington-Cedar Cottage,2017,1,night,17746,2.39458,7410.902955841943,0.7032273076923077,44,112.3,2017-01-01,2.98797631263733,67,67,1,0,70.3548646903699
Kensington-Cedar Cottage,2017,2,day,10729,1.51286,7091.86573774176,0.6888086666666666,24,112.1,2017-02-01,3.32984566688538,67,67,1,0,40.0976039506507
Kensington-Cedar Cottage,2017,2,night,20961,3.0663300000000002,6835.859154102787,0.7386334375,51,112.1,2017-02-01,3.32984566688538,67,67,1,0,58.528358497588776
Kensington-Cedar Cottage,2017,3,day,14947,2.08689,7162.3324660140215,0.6936633333333333,35,112.3,2017-03-01,3.86680126190186,67,67,1,0,45.296520034452506
Kensington-Cedar Cottage,2017,3,night,21360,2.82132,7570.924248224235,0.702780303030303,56,112.3,2017-03-01,3.86680126190186,67,67,1,0,72.50610629793809
Kensington-Cedar Cottage,2017,4,day,11886,1.679,7079.2138177486595,0.6992,30,115.2,2017-04-01,3.80263352394104,67,67,1,0,44.93232201435856
Kensington-Cedar Cottage,2017,4,night,21837,2.89317,7547.776314561536,0.7212372727272728,54,115.2,2017-04-01,3.80263352394104,67,67,1,0,72.54511523302328
Kensington-Cedar Cottage,2017,5,day,17360,2.45322,7076.413856074873,0.7132634615384615,46,115.3,2017-05-01,4.02750492095947,67,67,1,0,47.06585902823691
Kensington-Cedar Cottage,2017,5,night,22463,3.37886,6648.1002468288125,0.7242636111111111,57,115.3,2017-05-01,4.02750492095947,67,67,1,0,66.95848921188326
Kensington-Cedar Cottage,2017,6,day,19617,2.98688,6567.722841225626,0.6890583333333333,46,115.2,2017-06-01,NA,NA,NA,NA,0,44.11166785419778
Kensington-Cedar Cottage,2017,6,night,21963,3.33246,6590.626744206982,0.7065848484848485,59,115.2,2017-06-01,NA,NA,NA,NA,0,67.03177179349444
Kensington-Cedar Cottage,2017,7,day,18718,2.61071,7169.697132197754,0.7090957142857143,43,115.3,2017-07-01,4.44033479690552,67,67,1,0,50.43911793015771
Kensington-Cedar Cottage,2017,7,night,28433,4.10946,6918.913920563772,0.7137984444444444,72,115.3,2017-07-01,4.44033479690552,67,67,1,0,73.7088985372753
Kensington-Cedar Cottage,2017,8,day,16173,2.52368,6408.498700310657,0.6754979166666667,40,115.3,2017-08-01,3.64518404006958,67,67,1,0,45.90129593588243
Kensington-Cedar Cottage,2017,8,night,26623,3.96582,6713.1135553302975,0.7001980487804879,61,115.3,2017-08-01,3.64518404006958,67,67,1,0,72.8128384157667
Kensington-Cedar Cottage,2017,9,day,20032,2.76487,7245.186934647922,0.6900683333333333,52,115.2,2017-09-01,3.39308166503906,67,67,1,0,49.11464053215765
Kensington-Cedar Cottage,2017,9,night,22923,3.40665,6728.897890889877,0.6953894444444444,55,115.2,2017-09-01,3.39308166503906,67,67,1,0,69.07495865570402
Kensington-Cedar Cottage,2017,10,day,18899,3.02598,6245.579944348608,0.699815,48,115.3,2017-10-01,3.5767924785614,67,67,1,0,42.59875220886849
Kensington-Cedar Cottage,2017,10,night,25243,3.59129,7028.950599923704,0.7071457894736842,72,115.3,2017-10-01,3.5767924785614,67,67,1,0,72.59887960244149
Kensington-Cedar Cottage,2017,11,day,16017,2.33671,6854.509117519931,0.7249054166666666,36,115.2,2017-11-01,1.86035883426666,67,67,1,0,42.12127091590446
Kensington-Cedar Cottage,2017,11,night,30480,4.76441,6397.43430980961,0.7252411764705883,81,115.2,2017-11-01,1.86035883426666,67,67,1,0,59.53142308018766
Kensington-Cedar Cottage,2017,12,day,14016,2.1598100000000002,6489.459720993976,0.6961745454545455,35,115.3,2017-12-01,3.26205229759216,67,67,1,0,38.753434744214694
Kensington-Cedar Cottage,2017,12,night,24103,3.62458,6649.873916426179,0.706025641025641,62,115.3,2017-12-01,3.26205229759216,67,67,1,0,60.13542591831034
Kensington-Cedar Cottage,2018,1,day,12077,1.85003,6528.002248612184,0.6811510526315789,34,115.3,2018-01-01,2.56218385696411,67,67,1,0,41.29351728198909
Kensington-Cedar Cottage,2018,1,night,31339,4.61179,6795.409157832425,0.723035,93,115.3,2018-01-01,2.56218385696411,67,67,1,0,65.09273406701747
Kensington-Cedar Cottage,2018,2,day,17289,2.3742,7282.031842304776,0.6962246153846154,31,115.1,2018-02-01,4.51876878738403,67,67,1,0,41.54362478229365
Kensington-Cedar Cottage,2018,2,night,24665,3.6573,6744.046154266808,0.700874054054054,70,115.1,2018-02-01,4.51876878738403,67,67,1,0,58.26230579493343
Kensington-Cedar Cottage,2018,3,day,14442,2.2480700000000002,6424.177183094832,0.7026082608695652,32,115.3,2018-03-01,4.04809904098511,67,67,1,0,40.99413892834314
Kensington-Cedar Cottage,2018,3,night,26221,3.73949,7011.918737581863,0.7090125641025641,58,115.3,2018-03-01,4.04809904098511,67,67,1,0,67.75735640941609
Kensington-Cedar Cottage,2018,4,day,15638,2.40525,6501.611059141461,0.70900875,39,118.7,2018-04-01,4.2297534942627,67,67,1,0,41.637890127902764
Kensington-Cedar Cottage,2018,4,night,23664,3.58161,6607.084523440576,0.7235171794871795,55,118.7,2018-04-01,4.2297534942627,67,67,1,0,64.07563416473553
Kensington-Cedar Cottage,2018,5,day,21551,3.1336500000000003,6877.283678777144,0.7241048484848485,49,118.8,2018-05-01,3.8651294708252,67,67,1,0,46.15338946658791
Kensington-Cedar Cottage,2018,5,night,25629,3.6911,6943.458589580342,0.7225624390243902,60,118.8,2018-05-01,3.8651294708252,67,67,1,0,70.56312935432389
Kensington-Cedar Cottage,2018,6,day,16155,2.5192200000000002,6412.699168790339,0.6942838461538462,37,118.7,2018-06-01,NA,NA,NA,NA,0,43.458369169857484
Kensington-Cedar Cottage,2018,6,night,23199,3.4487900000000002,6726.7070479791455,0.705014054054054,72,118.7,2018-06-01,NA,NA,NA,NA,0,69.03199004443205
Kensington-Cedar Cottage,2018,7,day,16796,2.25829,7437.485885338021,0.6623629166666667,42,118.8,2018-07-01,4.71059131622314,67,67,1,0,52.79426206771134
Kensington-Cedar Cottage,2018,7,night,23891,3.6549,6536.704150592355,0.7024984615384615,53,118.8,2018-07-01,4.71059131622314,67,67,1,0,70.26429931484117
Kensington-Cedar Cottage,2018,8,day,16302,2.35271,6929.030777273867,0.68576,34,118.8,2018-08-01,3.4764769077301,67,67,1,0,50.07662296337827
Kensington-Cedar Cottage,2018,8,night,28526,4.18501,6816.232219277851,0.7110421739130435,76,118.8,2018-08-01,3.4764769077301,67,67,1,0,74.59715111692853
Kensington-Cedar Cottage,2018,9,day,18175,2.62529,6923.0446922054325,0.7077896153846154,45,118.7,2018-09-01,3.694504737854,67,67,1,0,47.35353512115859
Kensington-Cedar Cottage,2018,9,night,25048,3.77502,6635.196634719816,0.7061905128205128,65,118.7,2018-09-01,3.694504737854,67,67,1,0,68.72652571098378
Kensington-Cedar Cottage,2018,10,day,17541,2.34709,7473.509750371736,0.6972211538461538,32,118.8,2018-10-01,3.72141480445862,67,67,1,0,51.433089003688515
Kensington-Cedar Cottage,2018,10,night,20930,3.09371,6765.339996315103,0.7077687878787878,56,118.8,2018-10-01,3.72141480445862,67,67,1,0,70.50549257571151
Kensington-Cedar Cottage,2018,11,day,9905,1.38769,7137.761315567597,0.6787533333333333,24,118.7,2018-11-01,3.51012659072876,67,67,1,0,44.256903627289844
Kensington-Cedar Cottage,2018,11,night,20700,2.938,7045.609257998638,0.7249125,49,118.7,2018-11-01,3.51012659072876,67,67,1,0,66.15350811058435
Kensington-Cedar Cottage,2018,12,day,15443,2.06103,7492.855513990577,0.71294,35,118.8,2018-12-01,3.22573518753052,67,67,1,0,45.14845714650783
Kensington-Cedar Cottage,2018,12,night,27598,3.88662,7100.7713643216985,0.7198545454545454,75,118.8,2018-12-01,3.22573518753052,67,67,1,0,64.7912570345076
Kensington-Cedar Cottage,2019,1,day,12152,1.71639,7079.975996131415,0.7048911764705882,27,118.8,2019-01-01,3.31917786598206,67,67,1,0,48.52765197824856
Kensington-Cedar Cottage,2019,1,night,28850,4.26048,6771.53747934505,0.7332489130434783,76,118.8,2019-01-01,3.31917786598206,67,67,1,0,70.28458756868861
Kensington-Cedar Cottage,2019,2,day,15031,2.31795,6484.609245238249,0.7100204545454546,33,118.6,2019-02-01,6.49975109100342,67,67,1,0,40.08589055961798
Kensington-Cedar Cottage,2019,2,night,20468,3.07336,6659.8120623682225,0.7090545161290323,65,118.6,2019-02-01,6.49975109100342,67,67,1,0,62.34261571534537
Kensington-Cedar Cottage,2019,3,day,16530,2.17692,7593.296951656469,0.7025224,42,118.8,2019-03-01,4.15554428100586,67,67,1,0,52.50377789645574
Kensington-Cedar Cottage,2019,3,night,21245,3.31699,6404.9032405886055,0.720886875,49,118.8,2019-03-01,4.15554428100586,67,67,1,0,67.06378550932435
Kensington-Cedar Cottage,2019,4,day,15264,2.35102,6492.501127170334,0.716215652173913,35,120.9,2019-04-01,4.27482604980469,67,67,1,0,45.05424070265375
Kensington-Cedar Cottage,2019,4,night,23950,3.44414,6953.840436219201,0.7035502702702703,62,120.9,2019-04-01,4.27482604980469,67,67,1,0,73.07413503113645
Kensington-Cedar Cottage,2019,5,day,23546,3.52185,6685.690759118077,0.7026302777777778,48,120.9,2019-05-01,3.94971609115601,67,67,1,0,48.617078611188674
Kensington-Cedar Cottage,2019,5,night,30811,4.7610600000000005,6471.458036655702,0.7217175510204081,96,120.9,2019-05-01,3.94971609115601,67,67,1,0,71.26233267436697
Kensington-Cedar Cottage,2019,6,day,21230,3.14671,6746.729123433682,0.693965625,46,120.9,2019-06-01,NA,NA,NA,NA,0,49.54293641743029
Kensington-Cedar Cottage,2019,6,night,27985,4.34497,6440.7809490054015,0.7115633333333333,80,120.9,2019-06-01,NA,NA,NA,NA,0,71.6213198391475
Kensington-Cedar Cottage,2019,7,day,15426,2.1857800000000003,7057.43487450704,0.6920243478260869,41,120.9,2019-07-01,4.77163457870483,67,67,1,0,54.28293988888264
Kensington-Cedar Cottage,2019,7,night,27115,3.9139,6927.872454584941,0.7174264285714286,78,120.9,2019-07-01,4.77163457870483,67,67,1,0,80.6922240624323
Kensington-Cedar Cottage,2019,8,day,16821,2.55751,6577.100382794201,0.6901844444444445,40,120.9,2019-08-01,4.34897327423096,67,67,1,0,51.50541909004359
Kensington-Cedar Cottage,2019,8,night,21944,3.48012,6305.529694378355,0.7027969444444444,59,120.9,2019-08-01,4.34897327423096,67,67,1,0,74.77481569727733
Kensington-Cedar Cottage,2019,9,day,17509,2.5126,6968.478866512775,0.691876551724138,50,120.9,2019-09-01,4.52129793167114,67,67,1,0,51.64748404820747
Kensington-Cedar Cottage,2019,9,night,31768,4.7973,6622.058241093949,0.711229,102,120.9,2019-09-01,4.52129793167114,67,67,1,0,74.32236143859403
Kensington-Cedar Cottage,2019,10,day,19508,2.8605300000000002,6819.715227597682,0.69877,54,120.9,2019-10-01,4.06948280334473,67,67,1,0,50.85576068644778
Kensington-Cedar Cottage,2019,10,night,35694,5.2627,6782.450073156365,0.7168698214285715,95,120.9,2019-10-01,4.06948280334473,67,67,1,0,76.5906651622145
Kensington-Cedar Cottage,2019,11,day,17717,2.57858,6870.8358864181055,0.7360385185185185,38,120.9,2019-11-01,4.19656276702881,67,67,1,0,46.161986730047225
Kensington-Cedar Cottage,2019,11,night,29439,4.317,6819.318971507992,0.7190593750000001,100,120.9,2019-11-01,4.19656276702881,67,67,1,0,69.37951226834812
Kensington-Cedar Cottage,2019,12,day,12764,1.6600300000000001,7689.017668355391,0.7267575,34,120.9,2019-12-01,3.32712197303772,67,67,1,0,50.20215108693197
Kensington-Cedar Cottage,2019,12,night,23924,3.55438,6730.850387409337,0.7313558974358975,71,120.9,2019-12-01,3.32712197303772,67,67,1,0,66.54826323587115
Kensington-Cedar Cottage,2020,1,day,12397,1.9691400000000001,6295.641752237017,0.7111805555555556,26,120.9,2020-01-01,4.22996139526367,67,67,1,0,34.88695621872082
Kensington-Cedar Cottage,2020,1,night,30480,4.2232,7217.27599924228,0.7130227659574468,76,120.9,2020-01-01,4.22996139526367,67,67,1,0,60.56360356871363
Kensington-Cedar Cottage,2020,2,day,15383,2.18452,7041.821544320949,0.7178072727272727,45,120.8,2020-02-01,3.9529230594635,67,67,1,0,35.19316456991623
Kensington-Cedar Cottage,2020,2,night,28824,4.34929,6627.288591931097,0.6969197826086957,80,120.8,2020-02-01,3.9529230594635,67,67,1,0,50.156186586424326
Kensington-Cedar Cottage,2020,3,day,16269,2.38086,6833.24512991104,0.6924184615384615,50,120.9,2020-03-01,4.19677352905273,67,67,1,0,38.199066563333474
Kensington-Cedar Cottage,2020,3,night,24497,3.61986,6767.388794041758,0.7016197435897435,61,120.9,2020-03-01,4.19677352905273,67,67,1,0,57.287807187393426
Kensington-Cedar Cottage,2020,4,day,17218,2.54134,6775.165857382326,0.7261314814814815,39,119.6,2020-04-01,4.67377185821533,67,67,1,0,38.01098752474228
Kensington-Cedar Cottage,2020,4,night,27698,4.2356300000000005,6539.286953770749,0.7100088636363636,86,119.6,2020-04-01,4.67377185821533,67,67,1,0,55.55650766422133
Kensington-Cedar Cottage,2020,5,day,18120,2.59455,6983.870035266232,0.6651557692307692,42,119.7,2020-05-01,4.06260871887207,67,67,1,0,41.05861569393071
Kensington-Cedar Cottage,2020,5,night,22704,3.57167,6356.690287736549,0.7126964864864865,53,119.7,2020-05-01,4.06260871887207,67,67,1,0,56.59193285766886
Kensington-Cedar Cottage,2020,6,day,17152,2.74483,6248.838725895593,0.6937473076923077,38,119.6,2020-06-01,NA,NA,NA,NA,0,37.09824510792606
Kensington-Cedar Cottage,2020,6,night,17995,2.48908,7229.5788001992705,0.7166566666666667,40,119.6,2020-06-01,NA,NA,NA,NA,0,64.99536198152927
Kensington-Cedar Cottage,2020,7,day,20065,2.9946,6700.394042610031,0.7335803125,52,119.7,2020-07-01,4.11171674728394,67,67,1,0,41.666057150620574
Kensington-Cedar Cottage,2020,7,night,18593,2.91838,6371.000349508974,0.7334493548387097,51,119.7,2020-07-01,4.11171674728394,67,67,1,0,59.99361218220546
Kensington-Cedar Cottage,2020,8,day,17426,2.45902,7086.562939707688,0.6891079999999999,37,119.7,2020-08-01,3.96588230133057,67,67,1,0,44.86624089806327
Kensington-Cedar Cottage,2020,8,night,25718,3.9846500000000002,6454.268254426361,0.7089090476190476,61,119.7,2020-08-01,3.96588230133057,67,67,1,0,61.87943903185445
Kensington-Cedar Cottage,2020,9,day,15406,2.40907,6394.9988999904535,0.7079373913043479,41,119.6,2020-09-01,4.16931247711182,67,67,1,0,38.31927090159906
Kensington-Cedar Cottage,2020,9,night,19515,2.96659,6578.259887615073,0.7078743333333334,53,119.6,2020-09-01,4.16931247711182,67,67,1,0,59.69021061798358
Kensington-Cedar Cottage,2020,10,day,15442,2.70498,5708.729824250087,0.7229784615384616,48,119.7,2020-10-01,3.63222217559814,67,67,1,0,34.4174733315111
Kensington-Cedar Cottage,2020,10,night,23129,3.47459,6656.6127226521685,0.7251228947368421,60,119.7,2020-10-01,3.63222217559814,67,67,1,0,60.77264053690122
Kensington-Cedar Cottage,2020,11,day,10338,1.45137,7122.925236156183,0.67893375,32,119.6,2020-11-01,3.53344464302063,67,67,1,0,38.690013619670275
Kensington-Cedar Cottage,2020,11,night,22566,3.20472,7041.4888040140795,0.6976397058823529,60,119.6,2020-11-01,3.53344464302063,67,67,1,0,57.91890076251951
Kensington-Cedar Cottage,2020,12,day,14308,1.89814,7537.905528570074,0.7026327272727273,32,119.7,2020-12-01,2.64362335205078,67,67,1,0,39.789431850125986
Kensington-Cedar Cottage,2020,12,night,22291,3.19351,6980.0940031501395,0.7225088235294118,61,119.7,2020-12-01,2.64362335205078,67,67,1,0,55.794789088836644
Kensington-Cedar Cottage,2021,1,day,14802,1.91216,7740.984018073801,0.70474,29,119.7,2021-01-01,2.54633665084839,67,67,1,0,34.56436710971902
Kensington-Cedar Cottage,2021,1,night,23692,3.34201,7089.14695048788,0.6958026315789474,59,119.7,2021-01-01,2.54633665084839,67,67,1,0,47.9337866235324
Kensington-Cedar Cottage,2021,2,day,6555,0.76063,8617.856250739518,0.7652266666666667,15,119.5,2021-02-01,4.44838523864746,67,67,1,0,34.70419030007229
Kensington-Cedar Cottage,2021,2,night,20483,2.73012,7502.600618287841,0.6822981818181818,64,119.5,2021-02-01,4.44838523864746,67,67,1,0,45.75197224547516
Kensington-Cedar Cottage,2021,3,day,12328,1.38628,8892.864356407075,0.767945,23,119.7,2021-03-01,4.36586904525757,67,67,1,0,40.05684898396838
Kensington-Cedar Cottage,2021,3,night,22126,3.14793,7028.745874272935,0.6890427272727273,53,119.7,2021-03-01,4.36586904525757,67,67,1,0,47.94333907510915
Kensington-Cedar Cottage,2021,4,day,10264,1.41114,7273.551880040251,0.656456923076923,25,120.1,2021-04-01,4.75443506240845,67,67,1,0,32.88100834243597
Kensington-Cedar Cottage,2021,4,night,19366,2.75239,7036.066836458495,0.7211567857142858,46,120.1,2021-04-01,4.75443506240845,67,67,1,0,48.166364039220845
Kensington-Cedar Cottage,2021,5,day,13783,2.15542,6394.577390949328,0.6729142857142857,31,120.1,2021-05-01,4.39737176895142,67,67,1,0,30.292098955511403
Kensington-Cedar Cottage,2021,5,night,26403,4.04303,6530.498165979476,0.7009787804878049,68,120.1,2021-05-01,4.39737176895142,67,67,1,0,46.84671601023778
Kensington-Cedar Cottage,2021,6,day,18567,2.599,7143.901500577144,0.6740766666666667,44,120.1,2021-06-01,NA,NA,NA,NA,0,34.174240619546474
Kensington-Cedar Cottage,2021,6,night,19157,2.96494,6461.176280127085,0.7270351724137931,49,120.1,2021-06-01,NA,NA,NA,NA,0,46.80479270745748
Kensington-Cedar Cottage,2021,7,day,19221,2.84422,6757.91605431366,0.7044623333333333,46,120.1,2021-07-01,4.40120935440063,67,67,1,0,33.86134613215784
Kensington-Cedar Cottage,2021,7,night,28324,4.15441,6817.81528544366,0.695975,65,120.1,2021-07-01,4.40120935440063,67,67,1,0,51.73113156097742
Kensington-Cedar Cottage,2021,8,day,16564,2.34553,7061.943356085831,0.6936236,40,120.1,2021-08-01,3.85417485237122,67,67,1,0,36.02613150293484
Kensington-Cedar Cottage,2021,8,night,21305,3.27942,6496.575613980521,0.716359393939394,54,120.1,2021-08-01,3.85417485237122,67,67,1,0,50.18722915024612
Kensington-Cedar Cottage,2021,9,day,10035,1.34969,7435.040638961539,0.7006933333333334,30,120.1,2021-09-01,4.23125505447388,67,67,1,0,35.8979356543253
Kensington-Cedar Cottage,2021,9,night,21623,3.35296,6448.928707768659,0.6919235294117647,44,120.1,2021-09-01,4.23125505447388,67,67,1,0,47.15079558186924
Kensington-Cedar Cottage,2021,10,day,11445,1.61917,7068.436297609269,0.6804210526315789,24,120.1,2021-10-01,4.07597732543945,67,67,1,0,34.3377795611581
Kensington-Cedar Cottage,2021,10,night,25276,3.48491,7252.985012525431,0.7096497368421053,58,120.1,2021-10-01,4.07597732543945,67,67,1,0,53.35571707142122
Kensington-Cedar Cottage,2021,11,day,10104,1.19448,8458.91099055656,0.7100928571428572,19,120.1,2021-11-01,4.23331737518311,67,67,1,0,37.02237852364666
Kensington-Cedar Cottage,2021,11,night,16979,2.31589,7331.522654357504,0.6966919230769231,40,120.1,2021-11-01,4.23331737518311,67,67,1,0,48.59139459015724
Kensington-Cedar Cottage,2021,12,day,12833,1.94605,6594.38349477146,0.6971505263157894,30,120.1,2021-12-01,3.87263250350952,67,67,1,0,28.047916936669633
Kensington-Cedar Cottage,2021,12,night,18374,2.68371,6846.492355731431,0.721721724137931,52,120.1,2021-12-01,3.87263250350952,67,67,1,0,44.097082934696395
Kensington-Cedar Cottage,2022,1,day,9800,1.26203,7765.267069721005,0.6535523076923077,24,120.1,2022-01-01,3.17455697059631,67,67,1,0,36.80933499897786
Kensington-Cedar Cottage,2022,1,night,20813,2.81673,7389.0646245824055,0.690435625,64,120.1,2022-01-01,3.17455697059631,67,67,1,0,53.0403474734493
Kensington-Cedar Cottage,2022,2,day,14055,1.76573,7959.880615949211,0.7458959090909091,41,120,2022-02-01,4.30140066146851,67,67,1,0,34.029718840309016
Kensington-Cedar Cottage,2022,2,night,24840,3.29514,7538.374697281451,0.6986518421052632,53,120,2022-02-01,4.30140066146851,67,67,1,0,48.80281217809487
Kensington-Cedar Cottage,2022,3,day,16646,2.41841,6883.03472115977,0.6934444,42,120.1,2022-03-01,4.08435869216919,67,67,1,0,32.914268808229295
Kensington-Cedar Cottage,2022,3,night,20835,2.98218,6986.499808864656,0.7272847058823529,54,120.1,2022-03-01,4.08435869216919,67,67,1,0,50.59169428272498
Kensington-Cedar Cottage,2022,4,day,11013,1.52304,7230.932871099905,0.7032177777777778,36,120.9,2022-04-01,4.63041162490845,67,67,1,0,34.702603041362735
Kensington-Cedar Cottage,2022,4,night,20747,2.86851,7232.67480329509,0.7130590909090909,46,120.9,2022-04-01,4.63041162490845,67,67,1,0,52.56322246844585
Kensington-Cedar Cottage,2022,5,day,16785,2.40261,6986.152559091987,0.7060966666666667,37,120.9,2022-05-01,4.69008541107178,67,67,1,0,35.133767300020395
Kensington-Cedar Cottage,2022,5,night,20372,2.6837,7591.012408242352,0.6776970967741935,45,120.9,2022-05-01,4.69008541107178,67,67,1,0,57.80982805610116
Kensington-Cedar Cottage,2022,6,day,21866,3.04518,7180.527916247972,0.7218930303030303,48,120.9,2022-06-01,NA,NA,NA,NA,0,36.466067057128306
Kensington-Cedar Cottage,2022,6,night,23111,3.36377,6870.564872152377,0.6957732352941176,54,120.9,2022-06-01,NA,NA,NA,NA,0,52.837263498869206
Kensington-Cedar Cottage,2022,7,day,14350,1.88367,7618.107205614571,0.6923466666666667,32,120.9,2022-07-01,4.43001413345337,67,67,1,0,40.52356479896463
Kensington-Cedar Cottage,2022,7,night,22329,3.50097,6377.946683347757,0.704134,46,120.9,2022-07-01,4.43001413345337,67,67,1,0,51.37558358344966
Kensington-Cedar Cottage,2022,8,day,8919,1.5205600000000001,5865.602146577577,0.6981792857142857,18,120.9,2022-08-01,3.95563840866089,67,67,1,0,31.76692214430569
Kensington-Cedar Cottage,2022,8,night,16253,2.63188,6175.4335304041215,0.7181912,36,120.9,2022-08-01,3.95563840866089,67,67,1,0,50.646018466204445
Kensington-Cedar Cottage,2022,9,day,11992,1.68356,7123.00125923638,0.6732442105263158,28,120.9,2022-09-01,4.16205263137817,67,67,1,0,36.51054244982026
Kensington-Cedar Cottage,2022,9,night,23414,3.57749,6544.812144827798,0.6964774285714286,43,120.9,2022-09-01,4.16205263137817,67,67,1,0,50.80047474891734
Kensington-Cedar Cottage,2022,10,day,11286,1.48327,7608.864198696124,0.6878411764705883,28,120.9,2022-10-01,4.01956462860107,67,67,1,0,39.24079786211972
Kensington-Cedar Cottage,2022,10,night,17411,2.81432,6186.574376758862,0.6727314285714285,57,120.9,2022-10-01,4.01956462860107,67,67,1,0,48.315174859754535
Kensington-Cedar Cottage,2022,11,day,12499,1.92345,6498.2193454469825,0.6911721052631579,27,120.9,2022-11-01,3.90995621681213,67,67,1,0,30.193493448559913
Kensington-Cedar Cottage,2022,11,night,18528,2.8829700000000003,6426.705792984318,0.7285332258064516,47,120.9,2022-11-01,3.90995621681213,67,67,1,0,45.219185752509325
Kensington-Cedar Cottage,2022,12,day,11115,1.47583,7531.355237391841,0.69893375,21,120.9,2022-12-01,4.46118545532227,67,67,1,0,34.00702821956541
Kensington-Cedar Cottage,2022,12,night,18064,2.84532,6348.670799769446,0.7106082142857143,44,120.9,2022-12-01,4.46118545532227,67,67,1,0,43.410389049479626
Kensington-Cedar Cottage,2023,1,day,10528,1.58629,6636.869677045181,0.6978635294117647,17,120.9,2023-01-01,3.13632154464722,67,67,1,0,31.962040872070865
Kensington-Cedar Cottage,2023,1,night,24626,3.75349,6560.827389975729,0.6836407894736842,74,120.9,2023-01-01,3.13632154464722,67,67,1,0,47.84594599412782
Kensington-Cedar Cottage,2023,2,day,8486,1.16524,7282.6198894648305,0.7184907692307693,22,120.7,2023-02-01,4.92344093322754,67,67,1,0,31.630720731714465
Kensington-Cedar Cottage,2023,2,night,18428,2.549,7229.501765398196,0.6620722222222222,42,120.7,2023-02-01,4.92344093322754,67,67,1,0,47.54941016824747
Kensington-Cedar Cottage,2023,3,day,11628,1.40555,8272.918074774998,0.6822694117647059,31,120.9,2023-03-01,4.19829177856445,67,67,1,0,40.191351756927084
Kensington-Cedar Cottage,2023,3,night,24913,3.64785,6829.502309579615,0.7186589743589744,61,120.9,2023-03-01,4.19829177856445,67,67,1,0,50.24331277826915
Kensington-Cedar Cottage,2023,4,day,14083,1.8382800000000001,7660.9656853145325,0.731796,26,122,2023-04-01,4.11953735351562,67,67,1,0,37.352603507568986
Kensington-Cedar Cottage,2023,4,night,24004,3.41378,7031.501737077375,0.7073530769230769,54,122,2023-04-01,4.11953735351562,67,67,1,0,51.91594578863009
Kensington-Cedar Cottage,2023,5,day,16573,2.44573,6776.2999186337,0.6896433333333334,31,122.1,2023-05-01,4.206383228302,67,67,1,0,34.621741785597735
Kensington-Cedar Cottage,2023,5,night,23906,3.55124,6731.7331411000105,0.7207427777777777,54,122.1,2023-05-01,4.206383228302,67,67,1,0,52.08330149875324
Kensington-Cedar Cottage,2023,6,day,16518,2.13486,7737.275512211573,0.6599495833333333,44,122,2023-06-01,NA,NA,NA,NA,0,39.91997412285742
Kensington-Cedar Cottage,2023,6,night,24403,3.34055,7305.084492074659,0.7071692105263158,51,122,2023-06-01,NA,NA,NA,NA,0,57.07458389224914
Kensington-Cedar Cottage,2023,7,day,15250,2.0862600000000002,7309.731289484532,0.68416,32,122.1,2023-07-01,4.20462512969971,67,67,1,0,39.50313956166518
Kensington-Cedar Cottage,2023,7,night,20887,2.96338,7048.370441860308,0.7020621875,43,122.1,2023-07-01,4.20462512969971,67,67,1,0,57.68119418782641
Kensington-Cedar Cottage,2023,8,day,17750,2.4556,7228.375956996253,0.6882162962962963,45,122.1,2023-08-01,4.28359889984131,67,67,1,0,39.77158574747956
Kensington-Cedar Cottage,2023,8,night,30140,4.59019,6566.176999209183,0.7099974468085106,70,122.1,2023-08-01,4.28359889984131,67,67,1,0,54.709164332385484
Kensington-Cedar Cottage,2023,9,day,18623,2.90768,6404.762559841523,0.7089092857142857,57,122.5,2023-09-01,4.0271167755127,67,67,1,0,33.352464954854
Kensington-Cedar Cottage,2023,9,night,24576,3.53046,6961.1325436345405,0.6992138888888889,81,122.5,2023-09-01,4.0271167755127,67,67,1,0,54.893399434234915
Kensington-Cedar Cottage,2023,10,day,11802,1.4927300000000001,7906.319294179121,0.68053125,29,122.5,2023-10-01,4.18594121932983,67,67,1,0,41.42494909803272
Kensington-Cedar Cottage,2023,10,night,27393,4.05859,6749.388334372283,0.7005211363636363,69,122.5,2023-10-01,4.18594121932983,67,67,1,0,53.55097369286733
Kensington-Cedar Cottage,2023,11,day,11921,1.7534,6798.790920497319,0.688798125,20,122.5,2023-11-01,3.76355838775635,67,67,1,0,32.09373940070982
Kensington-Cedar Cottage,2023,11,night,22222,3.5066100000000002,6337.174650160696,0.7084594444444444,51,122.5,2023-11-01,3.76355838775635,67,67,1,0,45.300149306731285
Kensington-Cedar Cottage,2023,12,day,12825,2.0815200000000003,6161.362850224835,0.663488947368421,40,122.5,2023-12-01,3.79576778411865,67,67,1,0,28.264543320869677
Kensington-Cedar Cottage,2023,12,night,24333,3.46874,7014.939142166896,0.7093871794871794,89,122.5,2023-12-01,3.79576778411865,67,67,1,0,48.73089815137336
Kensington-Cedar Cottage,2024,1,day,11430,1.6793500000000001,6806.204781611933,0.720146875,26,122.5,2024-01-01,6.777587890625,67,67,1,0,30.64773886519833
Kensington-Cedar Cottage,2024,1,night,20659,2.95152,6999.444354095517,0.7159021875,59,122.5,2024-01-01,6.777587890625,67,67,1,0,47.72789856961708
Kensington-Cedar Cottage,2024,2,day,8706,1.51567,5743.994405114569,0.7034821428571428,18,122.4,2024-02-01,4.46021699905396,67,67,1,0,23.326934354181436
Kensington-Cedar Cottage,2024,2,night,18150,2.62945,6902.584190610204,0.685543,49,122.4,2024-02-01,4.46021699905396,67,67,1,0,42.449315583994306
Kensington-Cedar Cottage,2024,3,day,14237,2.08987,6812.385459382642,0.6875938095238096,27,122.5,2024-03-01,4.40089797973633,67,67,1,0,30.945344143755264
Kensington-Cedar Cottage,2024,3,night,18518,2.47121,7493.495089450107,0.7001220689655172,55,122.5,2024-03-01,4.40089797973633,67,67,1,0,51.546104711813676
Kensington-Cedar Cottage,2024,4,day,9160,1.47293,6218.89702837202,0.6429707142857143,28,130.3,2024-04-01,4.2373480796814,67,67,1,0,28.351297603118326
Kensington-Cedar Cottage,2024,4,night,20254,2.8554,7093.226868389718,0.7009925806451613,47,130.3,2024-04-01,4.2373480796814,67,67,1,0,48.96871936162362
Kensington-Cedar Cottage,2024,5,day,11258,1.8677700000000002,6027.508740369531,0.6878933333333334,49,130.4,2024-05-01,4.48395538330078,67,67,1,0,28.794951827612515
Kensington-Cedar Cottage,2024,5,night,21892,3.33425,6565.794406538203,0.7011764705882353,64,130.4,2024-05-01,4.48395538330078,67,67,1,0,47.49863270211734
Kensington-Cedar Cottage,2024,6,day,15512,2.2389200000000002,6928.340449859753,0.71615,35,130.3,2024-06-01,NA,NA,NA,NA,0,33.42363066950262
Kensington-Cedar Cottage,2024,6,night,19735,2.88475,6841.1474131207215,0.6985313333333334,48,130.3,2024-06-01,NA,NA,NA,NA,0,49.976826275636476
Kensington-Cedar Cottage,2024,7,day,9407,1.49876,6276.52192479116,0.6773792857142857,17,130.4,2024-07-01,3.36319303512573,67,67,1,0,31.715492886200416
Kensington-Cedar Cottage,2024,7,night,18397,2.69068,6837.305067863886,0.7051039285714286,40,130.4,2024-07-01,3.36319303512573,67,67,1,0,52.3181879467404
Kensington-Cedar Cottage,2024,8,day,14679,2.04557,7175.994954951431,0.6814495454545455,33,130.4,2024-08-01,3.30823445320129,67,67,1,0,36.917859559087276
Kensington-Cedar Cottage,2024,8,night,12712,1.89788,6697.999873543111,0.7043200000000001,35,130.4,2024-08-01,3.30823445320129,67,67,1,0,52.18129401253671
Kensington-Cedar Cottage,2024,9,day,12890,1.9189800000000001,6717.110131423985,0.6890116666666667,38,130.3,2024-09-01,2.86022448539734,67,67,1,0,32.7061621433901
Kensington-Cedar Cottage,2024,9,night,19297,2.83957,6795.747243420658,0.7005935483870968,55,130.3,2024-09-01,2.86022448539734,67,67,1,0,50.10714465303986
Kensington-Cedar Cottage,2024,10,day,13464,2.08055,6471.365744634832,0.6852861904761904,30,130.4,2024-10-01,3.80092430114746,67,67,1,0,31.703396629054964
Kensington-Cedar Cottage,2024,10,night,15083,2.14097,7044.937575024405,0.7048426086956522,29,130.4,2024-10-01,3.80092430114746,67,67,1,0,52.26396069440465
Kensington-Cedar Cottage,2024,11,day,9559,1.36212,7017.737056940651,0.6571278571428572,18,130.3,2024-11-01,3.49457764625549,67,58,0.865671641791045,0,30.974759430617663
Kensington-Cedar Cottage,2024,11,night,21315,2.93403,7264.751894152411,0.7003884848484848,55,130.3,2024-11-01,3.49457764625549,67,58,0.865671641791045,0,48.55645340643412
Kensington-Cedar Cottage,2024,12,day,12523,1.77789,7043.742863731727,0.7077655,22,130.4,2024-12-01,3.31722354888916,67,67,1,0,30.212794352595896
Kensington-Cedar Cottage,2024,12,night,20584,3.06619,6713.217380527625,0.6975106451612904,44,130.4,2024-12-01,3.31722354888916,67,67,1,0,43.604713019747784
Kerrisdale,2014,1,day,4350,1.0394,4185.106792380219,0.7527014285714286,9,94.8,2014-01-01,2.34579396247864,65,65,1,0,17.33983726888474
Kerrisdale,2014,1,night,8985,2.58328,3478.136322814407,0.882586875,27,94.8,2014-01-01,2.34579396247864,65,65,1,0,21.822293563344342
Kerrisdale,2014,2,day,2926,0.89945,3253.099116126522,0.82577,7,94.8,2014-02-01,2.35742998123169,65,65,1,0,12.15586870865945
Kerrisdale,2014,2,night,4419,1.14436,3861.5470656087246,0.85424,15,94.8,2014-02-01,2.35742998123169,65,65,1,0,21.850700214367862
Kerrisdale,2014,3,day,4246,1.11955,3792.59523915859,0.7884800000000001,13,94.8,2014-03-01,2.44753861427307,65,65,1,0,15.851765725168883
Kerrisdale,2014,3,night,4383,2.6260600000000003,1669.040311340944,1.02154625,13,94.8,2014-03-01,2.44753861427307,65,65,1,0,10.56387604952458
Kerrisdale,2014,4,day,4512,1.47778,3053.228491385727,0.88288,13,101.7,2014-04-01,2.24823927879333,65,65,1,0,12.807487108764981
Kerrisdale,2014,4,night,7459,2.18371,3415.7465963887144,0.8387938461538462,28,101.7,2014-04-01,2.24823927879333,65,65,1,0,21.69729462949836
Kerrisdale,2014,5,day,4154,2.09029,1987.2840610632975,0.8157257142857143,9,101.7,2014-05-01,2.46620345115662,65,65,1,0,8.735414211136234
Kerrisdale,2014,5,night,4070,1.0659699999999999,3818.1187087816734,0.8548571428571429,7,101.7,2014-05-01,2.46620345115662,65,65,1,0,25.414893934008198
Kerrisdale,2014,6,day,2971,0.4523,6568.649126685828,0.548438,10,101.7,2014-06-01,NA,NA,NA,NA,0,29.157179714690095
Kerrisdale,2014,6,night,4909,2.55889,1918.4099355579958,0.8884144444444444,14,101.7,2014-06-01,NA,NA,NA,NA,0,12.895143685880958
Kerrisdale,2014,7,day,6142,2.02741,3029.480963396649,0.9794327272727273,15,101.7,2014-07-01,2.4343056678772,65,65,1,0,14.085286620590468
Kerrisdale,2014,7,night,6313,3.03771,2078.210230733019,0.9307536363636364,18,101.7,2014-07-01,2.4343056678772,65,65,1,0,14.631951755973187
Kerrisdale,2014,8,day,4899,2.49664,1962.2372468597794,0.89242625,12,101.7,2014-08-01,2.15351104736328,65,65,1,0,9.288614734428542
Kerrisdale,2014,8,night,4268,1.4702,2903.0063936879337,1.00106625,11,101.7,2014-08-01,2.15351104736328,65,65,1,0,20.809552843366475
Kerrisdale,2014,9,day,5940,2.44539,2429.060395274373,0.7872,16,101.7,2014-09-01,2.08893203735352,65,65,1,0,10.882545102986123
Kerrisdale,2014,9,night,6780,3.08819,2195.460771519887,0.9540975,23,101.7,2014-09-01,2.08893203735352,65,65,1,0,14.89474818456259
Kerrisdale,2014,10,day,4946,1.7948600000000001,2755.6466799638965,1.0331966666666668,15,101.7,2014-10-01,1.84670078754425,65,65,1,0,12.421625382366864
Kerrisdale,2014,10,night,7416,3.35623,2209.622105755565,0.9519235714285714,27,101.7,2014-10-01,1.84670078754425,65,65,1,0,15.083017036206837
Kerrisdale,2014,11,day,3786,1.40025,2703.8028923406537,0.9325714285714286,11,101.7,2014-11-01,2.24859356880188,65,65,1,0,10.980722707557524
Kerrisdale,2014,11,night,6559,3.19969,2049.886082714263,0.9617836363636364,18,101.7,2014-11-01,2.24859356880188,65,65,1,0,12.60668624507426
Kerrisdale,2014,12,day,5094,2.47833,2055.4163489123725,0.8554666666666667,10,101.7,2014-12-01,2.61346936225891,65,65,1,0,8.112080541971816
Kerrisdale,2014,12,night,7060,3.1049700000000002,2273.7739817131887,0.9367466666666666,19,101.7,2014-12-01,2.61346936225891,65,65,1,0,13.58923662853253
Kerrisdale,2015,1,day,4090,1.24512,3284.823952711385,0.89173375,13,101.7,2015-01-01,2.0095853805542,65,65,1,0,14.093835928752156
Kerrisdale,2015,1,night,7428,3.29741,2252.6771011187566,0.9258992307692308,26,101.7,2015-01-01,2.0095853805542,65,65,1,0,14.636302539065573
Kerrisdale,2015,2,day,3989,1.3041,3058.8145080898703,0.8638171428571428,7,101.7,2015-02-01,2.45812058448792,65,65,1,0,11.836423242799675
Kerrisdale,2015,2,night,5012,2.8478,1759.9550530233867,0.94298,20,101.7,2015-02-01,2.45812058448792,65,65,1,0,10.312981588384101
Kerrisdale,2015,3,day,583,0.33622,1733.9837011480577,1.11616,1,101.7,2015-03-01,2.37108397483826,65,65,1,0,7.505243727930153
Kerrisdale,2015,3,night,5991,2.82009,2124.4002850972843,0.900309,21,101.7,2015-03-01,2.37108397483826,65,65,1,0,13.924238754423985
Kerrisdale,2015,4,day,7362,3.20633,2296.0830606955615,0.8728284615384615,17,107.7,2015-04-01,2.30332064628601,65,65,1,0,9.97403425072502
Kerrisdale,2015,4,night,6797,2.19922,3090.64122734424,0.9128175000000001,21,107.7,2015-04-01,2.30332064628601,65,65,1,0,20.330458599586322
Kerrisdale,2015,5,day,2971,0.80332,3698.401633222128,0.827904,6,107.7,2015-05-01,2.34142827987671,65,65,1,0,16.835121903271535
Kerrisdale,2015,5,night,4533,2.4058100000000002,1884.188693205199,0.8985062500000001,13,107.7,2015-05-01,2.34142827987671,65,65,1,0,12.987988864974398
Kerrisdale,2015,6,day,5676,2.69701,2104.5528196039318,0.839125,14,107.7,2015-06-01,NA,NA,NA,NA,0,9.674040902840439
Kerrisdale,2015,6,night,5093,2.48817,2046.8858639080127,0.8820144444444444,12,107.7,2015-06-01,NA,NA,NA,NA,0,14.248102705273647
Kerrisdale,2015,7,day,5380,2.31855,2320.415777102068,0.7585655555555556,10,107.7,2015-07-01,2.58508348464966,65,65,1,0,11.172282542856921
Kerrisdale,2015,7,night,5913,2.7237,2170.9439365568896,0.852309,13,107.7,2015-07-01,2.58508348464966,65,65,1,0,15.828509815082485
Kerrisdale,2015,8,day,4622,1.44957,3188.531771490856,0.9177062500000001,11,107.7,2015-08-01,2.02899169921875,65,65,1,0,15.630354325504731
Kerrisdale,2015,8,night,3339,1.44293,2314.041568198041,1.1810133333333335,8,107.7,2015-08-01,2.02899169921875,65,65,1,0,17.177681719817677
Kerrisdale,2015,9,day,5735,2.59791,2207.543756327201,0.90752,19,107.7,2015-09-01,1.94005000591278,65,65,1,0,10.241890372737995
Kerrisdale,2015,9,night,5701,2.2569500000000002,2525.9753206761334,1.0189963636363637,18,107.7,2015-09-01,1.94005000591278,65,65,1,0,17.746602690201954
Kerrisdale,2015,10,day,4573,1.27789,3578.555274710656,0.84256,11,107.7,2015-10-01,1.91983914375305,65,65,1,0,16.704799363638696
Kerrisdale,2015,10,night,4881,1.57849,3092.1957060228447,0.8630044444444445,21,107.7,2015-10-01,1.91983914375305,65,65,1,0,21.858272097418503
Kerrisdale,2015,11,day,1644,0.62886,2614.2543650415037,0.8827733333333334,5,107.7,2015-11-01,2.05072331428528,65,65,1,0,10.994674531968203
Kerrisdale,2015,11,night,10138,4.17911,2425.8753658075525,0.9259611111111111,42,107.7,2015-11-01,2.05072331428528,65,65,1,0,15.4496391878652
Kerrisdale,2015,12,day,6474,2.98891,2166.007005898471,0.9305981818181819,15,107.7,2015-12-01,1.62665247917175,65,65,1,0,8.852602092966364
Kerrisdale,2015,12,night,7643,3.44274,2220.0340426520734,0.9665521428571429,25,107.7,2015-12-01,1.62665247917175,65,65,1,0,13.739978151138198
Kerrisdale,2016,1,day,3719,2.70872,1372.973212439824,1.1724185714285715,10,107.7,2016-01-01,2.27570509910583,65,65,1,0,6.1781210962020445
Kerrisdale,2016,1,night,7843,3.73359,2100.6591511119327,0.9962357142857143,24,107.7,2016-01-01,2.27570509910583,65,65,1,0,14.314140114389609
Kerrisdale,2016,2,day,4109,1.08976,3770.5549845837613,0.8504071428571429,12,107.6,2016-02-01,2.227703332901,65,65,1,0,15.302058682349399
Kerrisdale,2016,2,night,7883,2.38775,3301.4344047743693,0.88576,27,107.6,2016-02-01,2.227703332901,65,65,1,0,20.289090469432228
Kerrisdale,2016,3,day,5403,1.79459,3010.715539482556,0.956928,15,107.7,2016-03-01,2.2958025932312,65,65,1,0,13.66679730989361
Kerrisdale,2016,3,night,6277,2.13022,2946.6440086000507,0.9653527272727273,20,107.7,2016-03-01,2.2958025932312,65,65,1,0,20.255362561207537
Kerrisdale,2016,4,day,3436,2.0113600000000003,1708.2968737570598,0.7975816666666667,12,112.2,2016-04-01,2.25225591659546,65,65,1,0,7.782584537260121
Kerrisdale,2016,4,night,6821,3.28938,2073.6430573542734,0.9402308333333333,21,112.2,2016-04-01,2.25225591659546,65,65,1,0,14.305723402178248
Kerrisdale,2016,5,day,3437,2.05134,1675.4901674027708,0.9761416666666667,17,112.3,2016-05-01,1.93268799781799,65,65,1,0,7.998735149283467
Kerrisdale,2016,5,night,5614,2.62262,2140.6074841189347,0.858581,13,112.3,2016-05-01,1.93268799781799,65,65,1,0,15.475040485233244
Kerrisdale,2016,6,day,8142,2.35485,3457.5450665647495,0.8523946666666666,20,112.2,2016-06-01,NA,NA,NA,NA,0,16.66837178889918
Kerrisdale,2016,6,night,3129,0.48075,6508.580343213728,0.57199,11,112.2,2016-06-01,NA,NA,NA,NA,0,47.514582833212835
Kerrisdale,2016,7,day,4590,0.99714,4603.165052048859,0.68773375,9,112.3,2016-07-01,1.91860270500183,65,65,1,0,23.243947616865732
Kerrisdale,2016,7,night,6655,1.96654,3384.1162651153804,0.8509866666666667,18,112.3,2016-07-01,1.91860270500183,65,65,1,0,25.877000669248485
Kerrisdale,2016,8,day,4709,2.47775,1900.514579759863,0.8902925,15,112.3,2016-08-01,1.91399657726288,65,65,1,0,9.770718925480834
Kerrisdale,2016,8,night,8637,3.84181,2248.159070854623,1.00426625,23,112.3,2016-08-01,1.91399657726288,65,65,1,0,17.502402719539603
Kerrisdale,2016,9,day,2891,0.75536,3827.314128362635,0.71168,13,112.2,2016-09-01,1.89861643314362,65,65,1,0,18.622678725357073
Kerrisdale,2016,9,night,4303,1.29538,3321.8051845790424,0.86101375,11,112.2,2016-09-01,1.89861643314362,65,65,1,0,24.47583529483886
Kerrisdale,2016,10,day,3904,2.36508,1650.6841206217127,0.9193442857142857,12,112.3,2016-10-01,1.79683148860931,65,65,1,0,8.081179390650707
Kerrisdale,2016,10,night,5769,3.1936,1806.4253507014027,1.0216336363636365,18,112.3,2016-10-01,1.79683148860931,65,65,1,0,13.392020780501637
Kerrisdale,2016,11,day,4316,1.5252000000000001,2829.7928140571726,0.92149375,9,112.2,2016-11-01,1.86504685878754,65,65,1,0,12.481489491031589
Kerrisdale,2016,11,night,7120,3.37035,2112.5402406278276,0.9618376923076923,18,112.2,2016-11-01,1.86504685878754,65,65,1,0,14.110164840685032
Kerrisdale,2016,12,day,5652,2.74276,2060.6979830535665,0.847317,15,112.3,2016-12-01,2.0099892616272,65,65,1,0,8.83288697087916
Kerrisdale,2016,12,night,5391,1.70963,3153.313874932003,0.894123,26,112.3,2016-12-01,2.0099892616272,65,65,1,0,20.467785164712623
Kerrisdale,2017,1,day,2811,0.67574,4159.883979045195,0.691712,7,112.3,2017-01-01,2.77393245697021,65,65,1,0,17.781947986036748
Kerrisdale,2017,1,night,5551,1.77022,3135.7684355616816,0.825173,15,112.3,2017-01-01,2.77393245697021,65,65,1,0,20.29819510922341
Kerrisdale,2017,2,day,3397,2.0207800000000002,1681.0340561565333,0.826595,6,112.1,2017-02-01,3.26847505569458,65,65,1,0,6.480743926629563
Kerrisdale,2017,2,night,4108,1.20447,3410.628741272095,0.84533375,12,112.1,2017-02-01,3.26847505569458,65,65,1,0,19.911231336129976
Kerrisdale,2017,3,day,2979,1.84545,1614.2404291636185,0.876628,6,112.3,2017-03-01,2.48342370986938,65,65,1,0,6.960958015275422
Kerrisdale,2017,3,night,5401,1.43479,3764.313941413029,0.7464766666666667,21,112.3,2017-03-01,2.48342370986938,65,65,1,0,24.581136099787745
Kerrisdale,2017,4,day,4151,1.34023,3097.229579997463,0.82243,7,115.2,2017-04-01,2.31279063224792,65,65,1,0,13.40410014452486
Kerrisdale,2017,4,night,5338,2.67517,1995.3872090371826,0.9361533333333334,16,115.2,2017-04-01,2.31279063224792,65,65,1,0,13.076959254180688
Kerrisdale,2017,5,day,4012,2.4548900000000002,1634.2891127504693,0.95939,11,115.3,2017-05-01,2.33847451210022,65,65,1,0,7.411601929171547
Kerrisdale,2017,5,night,5126,2.5068200000000003,2044.82172633057,0.9697655555555555,14,115.3,2017-05-01,2.33847451210022,65,65,1,0,14.042808390876877
Kerrisdale,2017,6,day,5045,1.71633,2939.4114185500457,1.0235733333333334,14,115.2,2017-06-01,NA,NA,NA,NA,0,13.461376496669477
Kerrisdale,2017,6,night,5951,2.02609,2937.1844291221023,1.075820909090909,23,115.2,2017-06-01,NA,NA,NA,NA,0,20.36927785638087
Kerrisdale,2017,7,day,4614,1.46696,3145.2800349021104,0.89776,10,115.3,2017-07-01,2.74068546295166,65,65,1,0,15.087470144849059
Kerrisdale,2017,7,night,6953,3.44667,2017.309461015995,0.95744,20,115.3,2017-07-01,2.74068546295166,65,65,1,0,14.653620902466239
Kerrisdale,2017,8,day,4041,2.99436,1349.5371298040316,1.20698625,8,115.3,2017-08-01,2.0165069103241,65,65,1,0,6.590887778598097
Kerrisdale,2017,8,night,7492,3.3313800000000002,2248.9178658693995,0.9602292307692308,25,115.3,2017-08-01,2.0165069103241,65,65,1,0,16.632134750851204
Kerrisdale,2017,9,day,4390,1.41307,3106.710920195036,0.91098625,8,115.2,2017-09-01,1.89881420135498,65,65,1,0,14.359940855807471
Kerrisdale,2017,9,night,6375,2.75997,2309.807715301253,0.8414636363636364,15,115.2,2017-09-01,1.89881420135498,65,65,1,0,16.167503212427235
Kerrisdale,2017,10,day,953,0.15619,6101.542992509124,0.58176,3,115.3,2017-10-01,2.00323796272278,65,65,1,0,28.376198577880533
Kerrisdale,2017,10,night,6044,2.88103,2097.8608344932195,0.9542981818181818,16,115.3,2017-10-01,2.00323796272278,65,65,1,0,14.774287131726402
Kerrisdale,2017,11,day,4862,1.6796,2894.7368421052633,0.9313188888888889,14,115.2,2017-11-01,2.08244371414185,65,65,1,0,12.128989758666052
Kerrisdale,2017,11,night,7335,2.45628,2986.223069031218,0.9715853846153847,24,115.2,2017-11-01,2.08244371414185,65,65,1,0,18.947552016047098
Kerrisdale,2017,12,day,3969,1.34547,2949.898548462619,0.9162357142857144,7,115.3,2017-12-01,2.28553509712219,65,65,1,0,12.011553279907218
Kerrisdale,2017,12,night,6368,2.83869,2243.2882773391952,0.8840145454545455,19,115.3,2017-12-01,2.28553509712219,65,65,1,0,13.832239493917552
Kerrisdale,2018,1,day,3590,0.8598,4175.389625494301,0.8733866666666666,7,115.3,2018-01-01,2.28847789764404,65,65,1,0,18.008976100397078
Kerrisdale,2018,1,night,8394,3.60049,2331.349344117051,0.935822,25,115.3,2018-01-01,2.28847789764404,65,65,1,0,15.227012028613954
Kerrisdale,2018,2,day,4548,2.2515,2019.9866755496334,0.84202625,8,115.1,2018-02-01,4.53887319564819,65,65,1,0,7.857615090232506
Kerrisdale,2018,2,night,8003,3.8801200000000002,2062.565075306949,1.0413226666666666,20,115.1,2018-02-01,4.53887319564819,65,65,1,0,12.14969083537396
Kerrisdale,2018,3,day,3373,0.95773,3521.869420400322,0.88512,6,115.3,2018-03-01,2.60483956336975,65,65,1,0,15.32385170112824
Kerrisdale,2018,3,night,6019,2.43602,2470.833572794969,1.0596266666666667,20,115.3,2018-03-01,2.60483956336975,65,65,1,0,16.279966447655376
Kerrisdale,2018,4,day,3854,2.29873,1676.57793651277,0.89728,10,118.7,2018-04-01,2.55247926712036,65,65,1,0,7.321193891237631
Kerrisdale,2018,4,night,5346,1.93808,2758.4000660447455,0.990421,15,118.7,2018-04-01,2.55247926712036,65,65,1,0,18.24024795014916
Kerrisdale,2018,5,day,4504,1.18518,3800.26662616649,0.81552,11,118.8,2018-05-01,2.45681762695312,65,65,1,0,17.389662864733754
Kerrisdale,2018,5,night,7247,3.22054,2250.2437479428913,0.8879915384615384,22,118.8,2018-05-01,2.45681762695312,65,65,1,0,15.592723559550796
Kerrisdale,2018,6,day,5206,1.3854,3757.759491843511,0.87296,12,118.7,2018-06-01,NA,NA,NA,NA,0,17.36408771895356
Kerrisdale,2018,6,night,5255,1.99549,2633.4384036001184,0.993877,15,118.7,2018-06-01,NA,NA,NA,NA,0,18.42729024178526
Kerrisdale,2018,7,day,6151,2.02,3045.0495049504952,0.9726836363636364,12,118.8,2018-07-01,2.52679204940796,65,65,1,0,14.738231014789644
Kerrisdale,2018,7,night,5072,2.69043,1885.2005069821553,0.9183755555555556,13,118.8,2018-07-01,2.52679204940796,65,65,1,0,13.817321758669005
Kerrisdale,2018,8,day,5927,1.71779,3450.363548512915,0.891605,10,118.8,2018-08-01,2.03518414497375,65,65,1,0,17.002697680299942
Kerrisdale,2018,8,night,4611,1.45566,3167.635299451795,0.9042966666666666,11,118.8,2018-08-01,2.03518414497375,65,65,1,0,23.63760499033706
Kerrisdale,2018,9,day,6688,2.93351,2279.862690087983,0.86112,16,118.7,2018-09-01,1.89575922489166,65,65,1,0,10.632965264171444
Kerrisdale,2018,9,night,6769,3.10334,2181.1983218081164,0.8875016666666666,21,118.7,2018-09-01,1.89575922489166,65,65,1,0,15.404804092461745
Kerrisdale,2018,10,day,5356,2.96295,1807.6579085033495,0.968789,11,118.8,2018-10-01,2.02774381637573,65,65,1,0,8.482515873317595
Kerrisdale,2018,10,night,8501,4.30779,1973.401674640593,1.05754625,26,118.8,2018-10-01,2.02774381637573,65,65,1,0,14.022945589411686
Kerrisdale,2018,11,day,3479,0.75712,4595.044378698225,0.7234133333333334,11,118.7,2018-11-01,2.20925569534302,65,65,1,0,19.42670509436512
Kerrisdale,2018,11,night,7360,3.12505,2355.1623174029214,0.8392530769230769,22,118.7,2018-11-01,2.20925569534302,65,65,1,0,15.07806469414007
Kerrisdale,2018,12,day,4411,2.60637,1692.3921008912778,1.01322625,10,118.8,2018-12-01,2.19536232948303,65,65,1,0,6.953236127358697
Kerrisdale,2018,12,night,7972,3.46736,2299.1555535046837,0.941135,21,118.8,2018-12-01,2.19536232948303,65,65,1,0,14.304400615047113
Kerrisdale,2019,1,day,4744,2.68419,1767.3860643248056,0.9965325,16,118.8,2019-01-01,1.94606721401215,65,65,1,0,8.259986777060343
Kerrisdale,2019,1,night,7773,3.56199,2182.207137021721,0.9420185714285715,22,118.8,2019-01-01,1.94606721401215,65,65,1,0,15.443979577580173
Kerrisdale,2019,2,day,2974,2.1856400000000002,1360.6998407789022,0.9403016666666667,11,118.6,2019-02-01,3.24078750610352,65,65,1,0,5.735357475388024
Kerrisdale,2019,2,night,4904,2.7197400000000003,1803.113532911234,0.94554,14,118.6,2019-02-01,3.24078750610352,65,65,1,0,11.508972488996024
Kerrisdale,2019,3,day,5464,1.28361,4256.744649854707,0.746539,16,118.8,2019-03-01,2.53562259674072,65,65,1,0,20.06911406853102
Kerrisdale,2019,3,night,3840,1.29124,2973.885567361606,1.00304,13,118.8,2019-03-01,2.53562259674072,65,65,1,0,21.231964375055792
Kerrisdale,2019,4,day,3579,1.10548,3237.5076889676884,0.81792,13,120.9,2019-04-01,2.43268251419067,65,65,1,0,15.31880480807259
Kerrisdale,2019,4,night,5079,2.90347,1749.2861989274902,1.0229088888888889,11,120.9,2019-04-01,2.43268251419067,65,65,1,0,12.534016576481193
Kerrisdale,2019,5,day,4079,1.05107,3880.807177447744,0.7669028571428571,10,120.9,2019-05-01,2.16966652870178,65,65,1,0,19.24221537538233
Kerrisdale,2019,5,night,5606,1.8842700000000001,2975.1574880457683,0.888277,17,120.9,2019-05-01,2.16966652870178,65,65,1,0,22.33872014088736
Kerrisdale,2019,6,day,4201,0.97092,4326.824043175545,0.6848,8,120.9,2019-06-01,NA,NA,NA,NA,0,21.66447338746071
Kerrisdale,2019,6,night,5688,1.43895,3952.8823100177215,0.818859,10,120.9,2019-06-01,NA,NA,NA,NA,0,29.971474388822042
Kerrisdale,2019,7,day,5156,1.66971,3087.9613825155266,0.947115,16,120.9,2019-07-01,2.47341752052307,65,65,1,0,16.19491878261933
Kerrisdale,2019,7,night,9926,3.22165,3081.029907035215,0.9540977777777778,31,120.9,2019-07-01,2.47341752052307,65,65,1,0,24.469108624196593
Kerrisdale,2019,8,day,3704,1.20063,3085.0470169827504,0.9014857142857143,7,120.9,2019-08-01,2.30278062820435,65,65,1,0,16.47292324426408
Kerrisdale,2019,8,night,8269,3.75215,2203.8031528590277,0.9368173333333334,24,120.9,2019-08-01,2.30278062820435,65,65,1,0,17.819561333541145
Kerrisdale,2019,9,day,7057,3.36863,2094.916924684516,0.9692553846153846,23,120.9,2019-09-01,2.13469767570496,65,65,1,0,10.58689049436551
Kerrisdale,2019,9,night,6178,3.09211,1997.9884286134711,0.9253236363636363,25,120.9,2019-09-01,2.13469767570496,65,65,1,0,15.290085195702904
Kerrisdale,2019,10,day,6236,2.00256,3114.0140620006396,0.9135318181818182,19,120.9,2019-10-01,2.22658777236938,65,65,1,0,15.833791313000852
Kerrisdale,2019,10,night,6445,3.01147,2140.150823352051,0.8647108333333333,23,120.9,2019-10-01,2.22658777236938,65,65,1,0,16.478741798476587
Kerrisdale,2019,11,day,4380,2.30007,1904.2898694387563,0.8773325000000001,12,120.9,2019-11-01,2.46815800666809,65,65,1,0,8.723653478965488
Kerrisdale,2019,11,night,5609,2.83818,1976.2664806319544,0.9992530000000001,18,120.9,2019-11-01,2.46815800666809,65,65,1,0,13.709643915490272
Kerrisdale,2019,12,day,5201,1.59009,3270.884038010427,0.9312233333333333,9,120.9,2019-12-01,1.86766827106476,65,65,1,0,14.561531286529597
Kerrisdale,2019,12,night,7084,3.2382500000000003,2187.6013278777114,0.9097184615384616,18,120.9,2019-12-01,1.86766827106476,65,65,1,0,14.747737525337621
Kerrisdale,2020,1,day,6068,1.83322,3310.0228014095414,0.8645818181818182,17,120.9,2020-01-01,5.75643396377563,65,46,0.707692307692308,0,12.506750653735361
Kerrisdale,2020,1,night,7135,2.09673,3402.917876884482,0.8146707692307693,15,120.9,2020-01-01,5.75643396377563,65,46,0.707692307692308,0,19.470643063603656
Kerrisdale,2020,2,day,4591,1.51854,3023.2986947989516,0.99914625,9,120.8,2020-02-01,2.32205700874329,65,65,1,0,10.302551513952304
Kerrisdale,2020,2,night,7340,3.13163,2343.8273359241034,0.9172676923076923,23,120.8,2020-02-01,2.32205700874329,65,65,1,0,12.09496662523493
Kerrisdale,2020,3,day,3655,1.3182500000000001,2772.615209558126,0.99904,6,120.9,2020-03-01,2.54953575134277,65,65,1,0,10.568315842203905
Kerrisdale,2020,3,night,9557,3.10068,3082.227124372718,0.93248,25,120.9,2020-03-01,2.54953575134277,65,65,1,0,17.7908272146616
Kerrisdale,2020,4,day,4536,1.0742,4222.677341277229,0.70810625,11,119.6,2020-04-01,2.57321929931641,65,65,1,0,16.153534067361498
Kerrisdale,2020,4,night,6077,3.07435,1976.6779969749705,0.93087,17,119.6,2020-04-01,2.57321929931641,65,65,1,0,11.450670115198944
Kerrisdale,2020,5,day,3981,2.14143,1859.0381193875119,0.9282428571428571,10,119.7,2020-05-01,2.24668335914612,65,65,1,0,7.452240836893189
Kerrisdale,2020,5,night,4041,2.1573700000000002,1873.1140230929325,0.8471157142857143,14,119.7,2020-05-01,2.24668335914612,65,65,1,0,11.370462309933467
Kerrisdale,2020,6,day,2976,2.06401,1441.8534793920571,0.9496883333333334,7,119.6,2020-06-01,NA,NA,NA,NA,0,5.836676357876969
Kerrisdale,2020,6,night,5149,2.08178,2473.3641403030097,1.056725,14,119.6,2020-06-01,NA,NA,NA,NA,0,15.16169876227711
Kerrisdale,2020,7,day,4588,2.48284,1847.8838749174333,0.97418625,9,119.7,2020-07-01,2.24870681762695,65,65,1,0,7.835147375917442
Kerrisdale,2020,7,night,2871,0.86547,3317.272695760685,0.828672,6,119.7,2020-07-01,2.24870681762695,65,65,1,0,21.29947943010756
Kerrisdale,2020,8,day,5182,1.52429,3399.6155587191415,0.79981,13,119.7,2020-08-01,2.0761384963989298,65,65,1,0,14.675884189797298
Kerrisdale,2020,8,night,8125,3.5288,2302.4824302879165,0.956416,19,119.7,2020-08-01,2.0761384963989298,65,65,1,0,15.051719411229096
Kerrisdale,2020,9,day,4431,2.14139,2069.2167237168383,0.8099725,13,119.6,2020-09-01,2.09406971931458,65,65,1,0,8.454212806288965
Kerrisdale,2020,9,night,8912,3.76542,2366.801047426316,0.899493125,30,119.6,2020-09-01,2.09406971931458,65,65,1,0,14.64347902931147
Kerrisdale,2020,10,day,4109,1.21168,3391.1593820150533,0.7709257142857143,7,119.7,2020-10-01,1.89956772327423,65,65,1,0,13.94049289074378
Kerrisdale,2020,10,night,6723,2.48433,2706.1622248252042,0.9979730769230769,23,119.7,2020-10-01,1.89956772327423,65,65,1,0,16.84608842650924
Kerrisdale,2020,11,day,3583,0.85029,4213.856448976232,0.7827200000000001,7,119.6,2020-11-01,2.08807253837585,65,65,1,0,15.606685043309534
Kerrisdale,2020,11,night,7633,2.10906,3619.147866822186,0.829105,21,119.6,2020-11-01,2.08807253837585,65,65,1,0,20.297968666508645
Kerrisdale,2020,12,day,3592,2.04771,1754.1546410380377,0.8980616666666668,6,119.7,2020-12-01,1.91871297359467,65,65,1,0,6.313575193862621
Kerrisdale,2020,12,night,5038,1.63247,3086.1210313206366,0.9019733333333333,17,119.7,2020-12-01,1.91871297359467,65,65,1,0,16.82037816631467
Kerrisdale,2021,1,day,2034,1.1268,1805.111821086262,1.4267725,4,119.7,2021-01-01,1.79676449298859,65,65,1,0,5.4957501606118875
Kerrisdale,2021,1,night,5926,3.09584,1914.1816114527883,1.0269472727272728,23,119.7,2021-01-01,1.79676449298859,65,65,1,0,8.825134478044419
Kerrisdale,2021,2,day,3432,1.00726,3407.2632686694596,0.855395,7,119.5,2021-02-01,2.47868013381958,65,65,1,0,9.35575401462063
Kerrisdale,2021,2,night,5959,2.95088,2019.3976034267744,0.9672527272727273,16,119.5,2021-02-01,2.47868013381958,65,65,1,0,8.396731396732557
Kerrisdale,2021,3,day,5750,1.67845,3425.7797372575887,0.8546560000000001,13,119.7,2021-03-01,2.52417063713074,65,65,1,0,10.521677450089697
Kerrisdale,2021,3,night,6312,2.86852,2200.4378564555936,0.8589572727272727,18,119.7,2021-03-01,2.52417063713074,65,65,1,0,10.234107553133601
Kerrisdale,2021,4,day,5319,1.79585,2961.8286605228723,0.956928,17,120.1,2021-04-01,2.63929295539856,65,65,1,0,9.129541149047713
Kerrisdale,2021,4,night,5765,1.9112900000000002,3016.2874289092706,0.984448,14,120.1,2021-04-01,2.63929295539856,65,65,1,0,14.079170368481842
Kerrisdale,2021,5,day,6734,2.22284,3029.4578107286175,0.9446041666666667,18,120.1,2021-05-01,2.38782477378845,65,65,1,0,9.785271059553315
Kerrisdale,2021,5,night,4447,2.86889,1550.0768589942452,1.07885,12,120.1,2021-05-01,2.38782477378845,65,65,1,0,7.581873000201833
Kerrisdale,2021,6,day,4106,1.32951,3088.3558604297823,0.9067271428571428,16,120.1,2021-06-01,NA,NA,NA,NA,0,10.073518410418059
Kerrisdale,2021,6,night,5656,1.60859,3516.1228156335674,0.8887470000000001,16,120.1,2021-06-01,NA,NA,NA,NA,0,17.367335940326846
Kerrisdale,2021,7,day,5397,3.11919,1730.256893616612,1.035989,14,120.1,2021-07-01,2.38416290283203,65,65,1,0,5.911428584884841
Kerrisdale,2021,7,night,6156,3.05055,2017.9967546835817,0.9951418181818182,15,120.1,2021-07-01,2.38416290283203,65,65,1,0,10.440412155427616
Kerrisdale,2021,8,day,3596,0.59864,6006.949084591742,0.6579916666666666,7,120.1,2021-08-01,1.93088138103485,65,65,1,0,20.894779079222012
Kerrisdale,2021,8,night,5742,2.10115,2732.7891868738548,0.9905645454545454,18,120.1,2021-08-01,1.93088138103485,65,65,1,0,14.39478837570135
Kerrisdale,2021,9,day,3272,2.05854,1589.4760364141578,0.9294216666666667,6,120.1,2021-09-01,2.17268705368042,65,65,1,0,5.232756736566945
Kerrisdale,2021,9,night,4819,2.71053,1777.8810786082427,1.0215344444444445,18,120.1,2021-09-01,2.17268705368042,65,65,1,0,8.863282457462665
Kerrisdale,2021,10,day,3024,1.72003,1758.1088701941246,0.762112,7,120.1,2021-10-01,2.17758703231812,65,65,1,0,5.823513111521853
Kerrisdale,2021,10,night,4483,1.64152,2731.0054096203517,0.9378133333333334,14,120.1,2021-10-01,2.17758703231812,65,65,1,0,13.698631212625063
Kerrisdale,2021,11,day,1930,0.67775,2847.657690888971,0.9066666666666667,5,120.1,2021-11-01,2.16062545776367,65,65,1,0,8.49822210004095
Kerrisdale,2021,11,night,3515,2.32143,1514.1529143674375,1.09447,10,120.1,2021-11-01,2.16062545776367,65,65,1,0,6.842666161238576
Kerrisdale,2021,12,day,3510,0.8304900000000001,4226.4205469060435,0.7259733333333334,8,120.1,2021-12-01,3.69022130966187,65,65,1,0,12.257151510931555
Kerrisdale,2021,12,night,5625,2.09168,2689.225885412682,1.0258618181818182,15,120.1,2021-12-01,3.69022130966187,65,65,1,0,11.810259750533195
Kerrisdale,2022,1,day,4427,1.30217,3399.709715321348,0.84528,11,120.1,2022-01-01,1.88036417961121,65,65,1,0,10.988384397065131
Kerrisdale,2022,1,night,4796,1.57229,3050.3278657245164,0.97024,11,120.1,2022-01-01,1.88036417961121,65,65,1,0,14.929795204770086
Kerrisdale,2022,2,day,3500,2.25615,1551.3152937526318,1.0830216666666668,11,120,2022-02-01,2.68033456802368,65,65,1,0,4.522122402724106
Kerrisdale,2022,2,night,4314,1.24347,3469.3237472556634,0.77312,10,120,2022-02-01,2.68033456802368,65,65,1,0,15.314484735543143
Kerrisdale,2022,3,day,2432,0.39514,6154.780584096776,0.6225075,8,120.1,2022-03-01,2.57669830322266,65,65,1,0,20.06814632949363
Kerrisdale,2022,3,night,5626,1.63075,3449.9463437068835,0.821163,20,120.1,2022-03-01,2.57669830322266,65,65,1,0,17.03422367693987
Kerrisdale,2022,4,day,2616,0.32148,8137.364688316537,0.49536,14,120.9,2022-04-01,2.5583827495575,65,65,1,0,26.628207672765967
Kerrisdale,2022,4,night,5485,1.82301,3008.7602371901417,0.9099636363636363,15,120.9,2022-04-01,2.5583827495575,65,65,1,0,14.909430584621138
Kerrisdale,2022,5,day,2281,0.84441,2701.29439490295,1.04128,5,120.9,2022-05-01,2.4884309768676798,65,65,1,0,9.26294329386722
Kerrisdale,2022,5,night,3409,1.06942,3187.7092255615194,0.8706133333333334,10,120.9,2022-05-01,2.4884309768676798,65,65,1,0,16.552786302853985
Kerrisdale,2022,6,day,4792,1.1740599999999999,4081.563122838697,0.78352,11,120.9,2022-06-01,NA,NA,NA,NA,0,14.133492778938441
Kerrisdale,2022,6,night,5563,2.5375,2192.3152709359606,0.811349,11,120.9,2022-06-01,NA,NA,NA,NA,0,11.495855971906245
Kerrisdale,2022,7,day,1807,0.37506,4817.895803338132,0.6630400000000001,4,120.9,2022-07-01,2.38101077079773,65,65,1,0,17.474646482556597
Kerrisdale,2022,7,night,5111,1.51302,3378.012187545439,0.9334044444444445,9,120.9,2022-07-01,2.38101077079773,65,65,1,0,18.553571768414823
Kerrisdale,2022,8,day,2643,0.61204,4318.345206195673,0.6830925,10,120.9,2022-08-01,2.10879421234131,65,65,1,0,15.946681702225218
Kerrisdale,2022,8,night,5485,2.51513,2180.8017875815563,0.871125,14,120.9,2022-08-01,2.10879421234131,65,65,1,0,12.195075253836043
Kerrisdale,2022,9,day,1500,0.16465,9110.233829334953,0.4928,4,120.9,2022-09-01,2.12956309318542,65,65,1,0,31.84015850216697
Kerrisdale,2022,9,night,4712,1.20561,3908.394920413732,0.85482625,14,120.9,2022-09-01,2.12956309318542,65,65,1,0,20.685187325867417
Kerrisdale,2022,10,day,3632,0.9534900000000001,3809.164228256195,0.7694933333333334,7,120.9,2022-10-01,2.08140707015991,65,65,1,0,13.394858370602524
Kerrisdale,2022,10,night,4823,1.83994,2621.281128732459,1.0178844444444444,9,120.9,2022-10-01,2.08140707015991,65,65,1,0,13.958454997865296
Kerrisdale,2022,11,day,1301,0.21171,6145.198620754806,0.62144,2,120.9,2022-11-01,2.07861161231995,65,65,1,0,19.469076653446358
Kerrisdale,2022,11,night,1963,0.43178,4546.296725184122,0.72448,3,120.9,2022-11-01,2.07861161231995,65,65,1,0,21.811349119846927
Kerrisdale,2022,12,day,2815,0.77248000000000006,3644.1072908036454,0.810154,6,120.9,2022-12-01,2.95759057998657,65,65,1,0,11.219593877186513
Kerrisdale,2022,12,night,3776,1.33057,2837.88150942829,0.9219042857142857,8,120.9,2022-12-01,2.95759057998657,65,65,1,0,13.231088094447498
Kerrisdale,2023,1,day,2351,0.51875,4532.048192771084,0.7329075,4,120.9,2023-01-01,2.25927519798279,65,65,1,0,14.881824024944425
Kerrisdale,2023,1,night,3361,2.04297,1645.1538691219157,0.89984,6,120.9,2023-01-01,2.25927519798279,65,65,1,0,8.18056857633071
Kerrisdale,2023,2,day,3613,1.3231600000000001,2730.5843586565493,1.024995,11,120.7,2023-02-01,2.22768425941467,65,65,1,0,8.086628195759834
Kerrisdale,2023,2,night,3431,0.8348,4109.966459032104,0.7364266666666667,7,120.7,2023-02-01,2.22768425941467,65,65,1,0,18.43170353025687
Kerrisdale,2023,3,day,3712,0.7919,4687.46053794671,0.6732083333333334,9,120.9,2023-03-01,2.4436366558075,65,65,1,0,15.527514615929952
Kerrisdale,2023,3,night,4570,1.13595,4023.06439543994,0.83221375,9,120.9,2023-03-01,2.4436366558075,65,65,1,0,20.180718634205455
Kerrisdale,2023,4,day,3461,2.0313600000000003,1703.7846565847508,0.8351283333333334,6,122,2023-04-01,2.41329503059387,65,65,1,0,5.664251083183357
Kerrisdale,2023,4,night,6250,2.60995,2394.6818904576717,0.8378563636363636,15,122,2023-04-01,2.41329503059387,65,65,1,0,12.05565869991516
Kerrisdale,2023,5,day,4123,1.19109,3461.535232434157,0.90752,8,122.1,2023-05-01,2.56243014335632,65,65,1,0,12.0591162676927
Kerrisdale,2023,5,night,3199,1.7091,1871.7453630565794,0.822784,7,122.1,2023-05-01,2.56243014335632,65,65,1,0,9.874356733659504
Kerrisdale,2023,6,day,4848,2.41017,2011.476368886842,0.8810188888888889,13,122,2023-06-01,NA,NA,NA,NA,0,7.076321512860413
Kerrisdale,2023,6,night,5117,1.32996,3847.4841348611985,0.8519588888888889,14,122,2023-06-01,NA,NA,NA,NA,0,20.49673946567169
Kerrisdale,2023,7,day,3474,1.11434,3117.5404275176334,0.9309866666666666,10,122.1,2023-07-01,2.42391347885132,65,65,1,0,11.48769052992104
Kerrisdale,2023,7,night,4565,2.2893,1994.0593194426244,0.83850625,8,122.1,2023-07-01,2.42391347885132,65,65,1,0,11.126895981405541
Kerrisdale,2023,8,day,3876,1.97316,1964.361734476677,0.8151157142857143,19,122.1,2023-08-01,2.21426367759705,65,65,1,0,7.369602655396248
Kerrisdale,2023,8,night,5963,2.6076,2286.777113054149,0.834048,18,122.1,2023-08-01,2.21426367759705,65,65,1,0,12.991573816184626
Kerrisdale,2023,9,day,3332,0.88043,3784.5143850164122,0.8887466666666667,13,122.5,2023-09-01,2.26703000068665,65,65,1,0,13.437717152595619
Kerrisdale,2023,9,night,5084,1.75587,2895.4307551242405,0.9832766666666667,16,122.5,2023-09-01,2.26703000068665,65,65,1,0,15.568394906690243
Kerrisdale,2023,10,day,2087,0.8724500000000001,2392.1141612699867,1.10304,8,122.5,2023-10-01,2.10632181167603,65,65,1,0,8.545942550670297
Kerrisdale,2023,10,night,6641,2.16431,3068.41441383166,0.9179733333333333,25,122.5,2023-10-01,2.10632181167603,65,65,1,0,16.59997378238669
Kerrisdale,2023,11,day,2992,0.85229,3510.5421863450233,0.7168,8,122.5,2023-11-01,2.16320371627808,65,65,1,0,11.29934489712569
Kerrisdale,2023,11,night,3729,1.13086,3297.490405532073,0.8528457142857143,11,122.5,2023-11-01,2.16320371627808,65,65,1,0,16.072296306108232
Kerrisdale,2023,12,day,2462,0.38257,6435.423582612332,0.56736,5,122.5,2023-12-01,2.53392624855042,65,65,1,0,20.129489336884536
Kerrisdale,2023,12,night,5744,2.74113,2095.48616811315,0.90816,11,122.5,2023-12-01,2.53392624855042,65,65,1,0,9.925576462717029
Kerrisdale,2024,1,day,2963,0.71917,4120.027253639612,0.7331840000000001,5,122.5,2024-01-01,2.97606086730957,65,65,1,0,12.649808422910008
Kerrisdale,2024,1,night,2435,0.80714,3016.8248383180116,1.04096,4,122.5,2024-01-01,2.97606086730957,65,65,1,0,14.026498692866147
Kerrisdale,2024,2,day,2634,1.60715,1638.926049217559,0.8072525,4,122.4,2024-02-01,2.65735363960266,65,65,1,0,4.538302596980003
Kerrisdale,2024,2,night,3792,1.18722,3194.01627331076,0.8693642857142857,9,122.4,2024-02-01,2.65735363960266,65,65,1,0,13.393267322377909
Kerrisdale,2024,3,day,2335,0.55755,4187.965204914358,0.7472,8,122.5,2024-03-01,2.76679277420044,65,65,1,0,12.971482108510315
Kerrisdale,2024,3,night,6444,2.9228300000000003,2204.7125559817023,0.9283908333333334,19,122.5,2024-03-01,2.76679277420044,65,65,1,0,10.340792717201404
Kerrisdale,2024,4,day,3131,1.70793,1833.2133049949355,0.788394,7,130.3,2024-04-01,2.36388278007507,65,65,1,0,5.6985322200125195
Kerrisdale,2024,4,night,5770,2.59288,2225.3247354293294,0.842197,14,130.3,2024-04-01,2.36388278007507,65,65,1,0,10.475113177218113
Kerrisdale,2024,5,day,3157,0.8863,3561.99932302832,0.87488,9,130.4,2024-05-01,2.55375576019287,65,65,1,0,11.60279910441213
Kerrisdale,2024,5,night,2889,1.37375,2103.002729754322,1.1198583333333334,8,130.4,2024-05-01,2.55375576019287,65,65,1,0,10.373471011066401
Kerrisdale,2024,6,day,3540,0.8911600000000001,3972.3506441043132,0.71808,9,130.3,2024-06-01,NA,NA,NA,NA,0,13.06659449008154
Kerrisdale,2024,6,night,5474,2.6359,2076.710042110854,0.9477211111111111,15,130.3,2024-06-01,NA,NA,NA,NA,0,10.34441702067104
Kerrisdale,2024,7,day,3248,0.67762,4793.246952569287,0.704682,8,130.4,2024-07-01,2.20336151123047,65,65,1,0,16.514774665566016
Kerrisdale,2024,7,night,3848,1.38256,2783.242680245342,0.9228185714285715,8,130.4,2024-07-01,2.20336151123047,65,65,1,0,14.521425268385535
Kerrisdale,2024,8,day,3595,0.99646,3607.771511149469,0.7554133333333334,7,130.4,2024-08-01,1.81288933753967,65,65,1,0,12.655632239006707
Kerrisdale,2024,8,night,3177,1.23279,2577.081254714915,0.92416,7,130.4,2024-08-01,1.81288933753967,65,65,1,0,13.689521063301182
Kerrisdale,2024,9,day,2500,1.12121,2229.7339481453073,1.19296,5,130.3,2024-09-01,1.46548390388489,65,65,1,0,7.402707597567898
Kerrisdale,2024,9,night,4019,2.26315,1775.8434041048981,0.82243,11,130.3,2024-09-01,1.46548390388489,65,65,1,0,8.928068975553245
Kerrisdale,2024,10,day,2488,0.60098,4139.9048221238645,0.6944,7,130.4,2024-10-01,2.01352477073669,65,65,1,0,13.828995574337005
Kerrisdale,2024,10,night,6420,2.46884,2600.41152930121,0.9823641666666667,16,130.4,2024-10-01,2.01352477073669,65,65,1,0,13.153995377906442
Kerrisdale,2024,11,day,3948,1.2814,3081.0051506165128,0.9551842857142857,10,130.3,2024-11-01,1.83761250972748,65,65,1,0,9.272433069589539
Kerrisdale,2024,11,night,5406,1.9755500000000001,2736.4531396320012,0.977152,22,130.3,2024-11-01,1.83761250972748,65,65,1,0,12.471095914199175
Kerrisdale,2024,12,day,2438,0.52864,4611.834140435835,0.6786125000000001,6,130.4,2024-12-01,2.08562207221985,65,65,1,0,13.488122881324855
Kerrisdale,2024,12,night,6520,2.8852100000000003,2259.8008463855317,0.8360175,25,130.4,2024-12-01,2.08562207221985,65,65,1,0,10.008369296432258
Killarney,2014,1,day,11814,3.12853,3776.214388227059,0.7056764285714285,21,94.8,2014-01-01,2.59009051322937,61,61,1,0,18.788044120981475
Killarney,2014,1,night,14977,3.33306,4493.468464414082,0.7269385714285714,39,94.8,2014-01-01,2.59009051322937,61,61,1,0,33.85493216148619
Killarney,2014,2,day,9886,3.9935,2475.522724427194,0.7079108333333334,21,94.8,2014-02-01,2.58375382423401,61,61,1,0,11.10815876314371
Killarney,2014,2,night,16067,4.83274,3324.6150217061127,0.7326763157894737,28,94.8,2014-02-01,2.58375382423401,61,61,1,0,22.59081217667243
Killarney,2014,3,day,7356,1.9816799999999999,3712.0019377497883,0.70125,25,94.8,2014-03-01,2.87563419342041,61,61,1,0,18.630984295029076
Killarney,2014,3,night,14230,3.56727,3989.0448438161393,0.7000341176470588,26,94.8,2014-03-01,2.87563419342041,61,61,1,0,30.318788615396645
Killarney,2014,4,day,10583,3.06953,3447.7591031851784,0.6948845454545455,15,101.7,2014-04-01,2.89578366279602,61,61,1,0,17.367127420548453
Killarney,2014,4,night,9452,2.81232,3360.926210388576,0.7028363636363636,20,101.7,2014-04-01,2.89578366279602,61,61,1,0,25.63689209613058
Killarney,2014,5,day,10667,3.1370299999999998,3400.350012591528,0.6957946153846154,18,101.7,2014-05-01,3.36396741867065,61,61,1,0,17.948726197357914
Killarney,2014,5,night,10736,2.96147,3625.2266610838537,0.75248,19,101.7,2014-05-01,3.36396741867065,61,61,1,0,28.977472060778286
Killarney,2014,6,day,7487,1.22692,6102.272356795879,0.6848944444444445,13,101.7,2014-06-01,NA,NA,NA,NA,0,32.52726085986663
Killarney,2014,6,night,11002,3.0436199999999998,3614.7745119298734,0.6783838461538462,22,101.7,2014-06-01,NA,NA,NA,NA,0,29.177792931394357
Killarney,2014,7,day,12586,2.2523,5588.0655330107,0.6844611764705882,29,101.7,2014-07-01,3.37206840515137,61,61,1,0,31.19934003423108
Killarney,2014,7,night,12412,3.19254,3887.813465140609,0.6960058823529411,25,101.7,2014-07-01,3.37206840515137,61,61,1,0,32.87037490248567
Killarney,2014,8,day,15195,3.35407,4530.316898573971,0.6743964705882353,28,101.7,2014-08-01,2.77344083786011,61,61,1,0,25.75220808061062
Killarney,2014,8,night,14119,2.9794,4738.8735987111495,0.6932884210526316,31,101.7,2014-08-01,2.77344083786011,61,61,1,0,40.79212562530653
Killarney,2014,9,day,10921,3.51966,3102.8565259144348,0.72768,24,101.7,2014-09-01,2.61314630508423,61,61,1,0,16.69322753633207
Killarney,2014,9,night,16259,3.77633,4305.5029618703875,0.7043200000000001,33,101.7,2014-09-01,2.61314630508423,61,61,1,0,35.076627592211864
Killarney,2014,10,day,12602,3.13303,4022.30428690437,0.6491578571428571,24,101.7,2014-10-01,2.32565450668335,61,61,1,0,21.772899707879663
Killarney,2014,10,night,12579,2.51005,5011.4539551004955,0.6881777777777778,33,101.7,2014-10-01,2.32565450668335,61,61,1,0,41.079052295668546
Killarney,2014,11,day,11662,3.12046,3737.2695051370633,0.6962376923076923,21,101.7,2014-11-01,2.83119535446167,61,61,1,0,18.226226763876284
Killarney,2014,11,night,13488,2.95026,4571.800451485632,0.720865,31,101.7,2014-11-01,2.83119535446167,61,61,1,0,33.763304019387746
Killarney,2014,12,day,12001,3.41978,3509.290071291136,0.7224033333333333,20,101.7,2014-12-01,2.7702648639679,61,61,1,0,16.631758522478936
Killarney,2014,12,night,16729,3.87482,4317.361838743477,0.6967895,64,101.7,2014-12-01,2.7702648639679,61,61,1,0,30.985083631053392
Killarney,2015,1,day,8073,2.65824,3036.9718309859154,0.6939022222222222,20,101.7,2015-01-01,2.4072117805481,61,61,1,0,15.64747736657461
Killarney,2015,1,night,12283,3.01534,4073.504148785875,0.6910928571428572,20,101.7,2015-01-01,2.4072117805481,61,61,1,0,31.7824265764374
Killarney,2015,2,day,8889,2.22618,3992.93857639544,0.6863825,15,101.7,2015-02-01,2.67140579223633,61,61,1,0,18.55437927985624
Killarney,2015,2,night,13602,3.00341,4528.852204660702,0.7268861111111111,27,101.7,2015-02-01,2.67140579223633,61,61,1,0,31.8681805973937
Killarney,2015,3,day,11401,3.11008,3665.8221010392017,0.7273192307692308,27,101.7,2015-03-01,2.76484346389771,61,61,1,0,19.05362573899964
Killarney,2015,3,night,12524,3.58781,3490.7088167991055,0.7108517647058824,33,101.7,2015-03-01,2.76484346389771,61,61,1,0,27.474841082557504
Killarney,2015,4,day,14856,3.46647,4285.627742343075,0.663215294117647,23,107.7,2015-04-01,2.61813521385193,61,61,1,0,22.355488340240075
Killarney,2015,4,night,14295,3.39332,4212.688458500819,0.7045335,33,107.7,2015-04-01,2.61813521385193,61,61,1,0,33.27701637274796
Killarney,2015,5,day,11004,2.70091,4074.1824051893623,0.6858207142857142,30,107.7,2015-05-01,2.82280778884888,61,61,1,0,22.27045643089417
Killarney,2015,5,night,17342,4.32645,4008.3671370292036,0.7202134782608696,40,107.7,2015-05-01,2.82280778884888,61,61,1,0,33.179624213802036
Killarney,2015,6,day,11975,2.82471,4239.3732453951025,0.690613125,23,107.7,2015-06-01,NA,NA,NA,NA,0,23.401096079134625
Killarney,2015,6,night,11434,2.55837,4469.251906487334,0.707986875,25,107.7,2015-06-01,NA,NA,NA,NA,0,37.35809310973499
Killarney,2015,7,day,8249,2.00605,4112.0610154283295,0.731285,15,107.7,2015-07-01,3.2237024307251,61,61,1,0,23.77508654983421
Killarney,2015,7,night,10848,2.79152,3886.0549091534363,0.6603373333333333,26,107.7,2015-07-01,3.2237024307251,61,61,1,0,34.02411285965428
Killarney,2015,8,day,8720,2.10453,4143.442954008733,0.6854981818181818,18,107.7,2015-08-01,2.64112162590027,61,61,1,0,24.390791523469318
Killarney,2015,8,night,12294,2.90197,4236.432492410328,0.7120307142857143,21,107.7,2015-08-01,2.64112162590027,61,61,1,0,37.764187179685194
Killarney,2015,9,day,6536,1.46614,4457.964450870994,0.6871771428571428,17,107.7,2015-09-01,2.32499718666077,61,61,1,0,24.836698143530715
Killarney,2015,9,night,10529,2.43128,4330.640650192491,0.6608,20,107.7,2015-09-01,2.32499718666077,61,61,1,0,36.53631368811723
Killarney,2015,10,day,8254,1.44619,5707.410506226705,0.6972091666666667,21,107.7,2015-10-01,2.50406360626221,61,61,1,0,31.993304555480723
Killarney,2015,10,night,11274,1.74262,6469.568810182369,0.6527392857142857,33,107.7,2015-10-01,2.50406360626221,61,61,1,0,54.917485912824425
Killarney,2015,11,day,10862,3.46254,3137.003471440041,0.6751015384615384,25,107.7,2015-11-01,2.52426671981812,61,61,1,0,15.842947790461814
Killarney,2015,11,night,14891,3.86287,3854.9058083756377,0.705163,40,107.7,2015-11-01,2.52426671981812,61,61,1,0,29.48153443538266
Killarney,2015,12,day,11076,2.49222,4444.230445145292,0.6855771428571429,22,107.7,2015-12-01,1.877077460289,61,61,1,0,21.81193088859131
Killarney,2015,12,night,20038,4.25943,4704.385328553351,0.6974933333333333,48,107.7,2015-12-01,1.877077460289,61,61,1,0,34.963568413048925
Killarney,2016,1,day,5759,2.47287,2328.872929025788,0.68925375,15,107.7,2016-01-01,2.52226328849792,61,61,1,0,12.584228662429847
Killarney,2016,1,night,13170,4.62888,2845.1806916575933,0.7415094117647059,40,107.7,2016-01-01,2.52226328849792,61,61,1,0,23.281233264335672
Killarney,2016,2,day,9515,2.29481,4146.312766634274,0.6456827272727272,18,107.6,2016-02-01,2.16958212852478,61,61,1,0,20.20659325520357
Killarney,2016,2,night,15621,4.66785,3346.5085638998685,0.6860585,38,107.6,2016-02-01,2.16958212852478,61,61,1,0,24.696664523785284
Killarney,2016,3,day,9232,2.04296,4518.933312448604,0.6972677777777778,15,107.7,2016-03-01,2.71847772598267,61,61,1,0,24.633119716464968
Killarney,2016,3,night,11537,2.7292,4227.246079437197,0.6697676923076923,23,107.7,2016-03-01,2.71847772598267,61,61,1,0,34.89444829756049
Killarney,2016,4,day,11782,3.24166,3634.5576032032973,0.7054171428571429,26,112.2,2016-04-01,2.69180870056152,61,61,1,0,19.883760014240806
Killarney,2016,4,night,12244,2.36779,5171.066690880526,0.674255,24,112.2,2016-04-01,2.69180870056152,61,61,1,0,42.83930499870393
Killarney,2016,5,day,14830,3.57447,4148.86682501182,0.68922625,34,112.3,2016-05-01,2.56918406486511,61,61,1,0,23.784574352371134
Killarney,2016,5,night,14724,3.27398,4497.278541713756,0.7150019047619047,39,112.3,2016-05-01,2.56918406486511,61,61,1,0,39.04190468750332
Killarney,2016,6,day,10816,2.51899,4293.784413594337,0.6942225,19,112.2,2016-06-01,NA,NA,NA,NA,0,24.85718933486326
Killarney,2016,6,night,11247,2.66203,4224.971168619437,0.69152,23,112.2,2016-06-01,NA,NA,NA,NA,0,37.03828386477485
Killarney,2016,7,day,9321,2.74159,3399.8519107525194,0.7192627272727272,17,112.3,2016-07-01,2.69922876358032,61,61,1,0,20.615781240601667
Killarney,2016,7,night,11727,2.71951,4312.173884265915,0.6774186666666667,23,112.3,2016-07-01,2.69922876358032,61,61,1,0,39.59600611051458
Killarney,2016,8,day,7684,1.70737,4500.489056267827,0.63808,17,112.3,2016-08-01,2.53698778152466,61,61,1,0,27.784429272364417
Killarney,2016,8,night,16209,3.82111,4241.96110554263,0.7071657894736842,25,112.3,2016-08-01,2.53698778152466,61,61,1,0,39.65735760266149
Killarney,2016,9,day,8699,2.96507,2933.826182855717,0.6740266666666667,20,112.2,2016-09-01,2.36282157897949,61,61,1,0,17.142291595171745
Killarney,2016,9,night,15040,3.9579,3799.9949468152304,0.6736057894736842,29,112.2,2016-09-01,2.36282157897949,61,61,1,0,33.622719566805515
Killarney,2016,10,day,8850,2.00863,4405.988161084918,0.6826863636363636,24,112.3,2016-10-01,2.21357154846191,61,61,1,0,25.902432808886022
Killarney,2016,10,night,17387,3.98065,4367.879617650384,0.707317,28,112.3,2016-10-01,2.21357154846191,61,61,1,0,38.88509921137392
Killarney,2016,11,day,10870,2.35423,4617.220917242581,0.660815,20,112.2,2016-11-01,2.02074408531189,61,61,1,0,24.455631752788424
Killarney,2016,11,night,12313,2.1945799999999998,5610.640760418851,0.680106875,29,112.2,2016-11-01,2.02074408531189,61,61,1,0,45.00139900291942
Killarney,2016,12,day,3968,0.8672099999999999,4575.592993623229,0.665686,8,112.3,2016-12-01,2.23387336730957,61,61,1,0,23.55169503692733
Killarney,2016,12,night,13255,4.21508,3144.661548535259,0.7028835294117647,24,112.3,2016-12-01,2.23387336730957,61,61,1,0,24.511168429881128
Killarney,2017,1,day,8720,3.07571,2835.1177451710337,0.6886018181818182,25,112.3,2017-01-01,2.62711882591248,61,61,1,0,14.553105359409527
Killarney,2017,1,night,9756,2.21415,4406.205541629971,0.7185064285714285,22,112.3,2017-01-01,2.62711882591248,61,61,1,0,34.25032103928797
Killarney,2017,2,day,7162,2.00529,3571.5532416757674,0.68557375,18,112.1,2017-02-01,1.87737929821014,61,61,1,0,16.53453302931263
Killarney,2017,2,night,13356,2.80698,4758.138640104312,0.7020566666666667,35,112.1,2017-02-01,1.87737929821014,61,61,1,0,33.357017945494405
Killarney,2017,3,day,7237,1.93353,3742.8951192895897,0.7198811111111111,18,112.3,2017-03-01,2.52026915550232,61,61,1,0,19.381835702621185
Killarney,2017,3,night,12381,2.71193,4565.3833247908315,0.708973125,33,112.3,2017-03-01,2.52026915550232,61,61,1,0,35.79973560800247
Killarney,2017,4,day,12616,3.64125,3464.744249914178,0.7548864705882353,38,115.2,2017-04-01,2.57184052467346,61,61,1,0,18.00619313261969
Killarney,2017,4,night,11467,3.19579,3588.1581705931867,0.719345,23,115.2,2017-04-01,2.57184052467346,61,61,1,0,28.238239767556042
Killarney,2017,5,day,7285,2.05701,3541.5481694303867,0.70765,28,115.3,2017-05-01,2.68829536437988,61,61,1,0,19.286916801565997
Killarney,2017,5,night,12444,3.54163,3513.636376470721,0.749693125,32,115.3,2017-05-01,2.68829536437988,61,61,1,0,28.976223959454753
Killarney,2017,6,day,14282,3.2174,4438.988002735127,0.6651494444444445,34,115.2,2017-06-01,NA,NA,NA,NA,0,24.411784147096654
Killarney,2017,6,night,16396,3.87424,4232.055835467086,0.7104784210526316,36,115.2,2017-06-01,NA,NA,NA,NA,0,35.243762008465595
Killarney,2017,7,day,10034,3.05667,3282.6572708208605,0.70784,18,115.3,2017-07-01,3.44816160202026,61,61,1,0,18.909023581623778
Killarney,2017,7,night,9443,3.30106,2860.5962933118453,0.6936358333333333,26,115.3,2017-07-01,3.44816160202026,61,61,1,0,24.95257984393423
Killarney,2017,8,day,11384,3.17692,3583.3448749102904,0.7181513333333334,18,115.3,2017-08-01,2.58867430686951,61,61,1,0,21.015229804448918
Killarney,2017,8,night,16778,4.35775,3850.1520279960987,0.7286452380952381,30,115.3,2017-08-01,2.58867430686951,61,61,1,0,34.193120331899564
Killarney,2017,9,day,9232,2.74906,3358.238816177166,0.7231825,14,115.2,2017-09-01,2.63894629478455,61,61,1,0,18.640168767047392
Killarney,2017,9,night,12131,2.75711,4399.8969935911155,0.7242905555555555,41,115.2,2017-09-01,2.63894629478455,61,61,1,0,36.9824853048204
Killarney,2017,10,day,8644,1.90848,4529.258886653253,0.670251,15,115.3,2017-10-01,2.5560097694397,61,61,1,0,25.294618862179746
Killarney,2017,10,night,14840,3.28343,4519.66388806827,0.7122863157894737,36,115.3,2017-10-01,2.5560097694397,61,61,1,0,38.22279620075311
Killarney,2017,11,day,8290,1.93225,4290.335101565533,0.665451,14,115.2,2017-11-01,1.72056996822357,61,61,1,0,21.587045712970493
Killarney,2017,11,night,13115,2.77408,4727.693505594648,0.7116676470588236,36,115.2,2017-11-01,1.72056996822357,61,61,1,0,36.02190124999464
Killarney,2017,12,day,5129,1.35816,3776.432820875302,0.69632,9,115.3,2017-12-01,2.3788013458252,61,61,1,0,18.465467656962176
Killarney,2017,12,night,14687,3.18412,4612.577415424042,0.6927883333333333,38,115.3,2017-12-01,2.3788013458252,61,61,1,0,34.15368251086504
Killarney,2018,1,day,7697,1.36004,5659.392370812623,0.646016,30,115.3,2018-01-01,1.7160782814025899,61,61,1,0,29.31219051794886
Killarney,2018,1,night,17403,4.95811,3510.0068372827554,0.7317128571428572,45,115.3,2018-01-01,1.7160782814025899,61,61,1,0,27.529717397933343
Killarney,2018,2,day,9489,2.06054,4605.103516553913,0.6702936363636364,15,115.1,2018-02-01,4.69326210021973,61,61,1,0,21.511371418205275
Killarney,2018,2,night,7989,2.45018,3260.5767739513017,0.7427322222222222,21,115.1,2018-02-01,4.69326210021973,61,61,1,0,23.06420309258018
Killarney,2018,3,day,9818,2.40438,4083.3811627113846,0.7181461538461539,17,115.3,2018-03-01,3.11089253425598,61,61,1,0,21.335413656002398
Killarney,2018,3,night,8810,2.1575699999999998,4083.2974132936597,0.6708975,22,115.3,2018-03-01,3.11089253425598,61,61,1,0,32.307807097161586
Killarney,2018,4,day,11913,4.00671,2973.2623524038427,0.7351606666666667,20,118.7,2018-04-01,3.01780605316162,61,61,1,0,15.59113922452576
Killarney,2018,4,night,13672,3.12098,4380.675300706829,0.7083170588235295,28,118.7,2018-04-01,3.01780605316162,61,61,1,0,34.78572049124238
Killarney,2018,5,day,7825,2.17648,3595.254723222818,0.660096,20,118.8,2018-05-01,2.88150858879089,61,61,1,0,19.755736090659635
Killarney,2018,5,night,13950,3.57033,3907.2018552906875,0.7238776470588235,36,118.8,2018-05-01,2.88150858879089,61,61,1,0,32.51207738610144
Killarney,2018,6,day,10045,3.412,2944.021101992966,0.7001066666666667,19,118.7,2018-06-01,NA,NA,NA,NA,0,16.33617454579784
Killarney,2018,6,night,10985,2.56921,4275.633365898467,0.6812061538461539,27,118.7,2018-06-01,NA,NA,NA,NA,0,35.92735332488211
Killarney,2018,7,day,10019,2.43655,4111.961585028011,0.6870225,18,118.8,2018-07-01,3.5615568161010702,61,61,1,0,23.899372953992273
Killarney,2018,7,night,8277,2.09187,3956.746834172295,0.660608,21,118.8,2018-07-01,3.5615568161010702,61,61,1,0,34.82499337123552
Killarney,2018,8,day,8611,2.20575,3903.8875665873284,0.670848,16,118.8,2018-08-01,2.57524180412292,61,61,1,0,23.10131664439013
Killarney,2018,8,night,14237,3.57283,3984.7963659060183,0.7371417647058823,39,118.8,2018-08-01,2.57524180412292,61,61,1,0,35.707618432015074
Killarney,2018,9,day,12739,3.27151,3893.920544335796,0.6924035714285715,22,118.7,2018-09-01,2.66487407684326,61,61,1,0,21.808171056982587
Killarney,2018,9,night,14439,3.8494099999999998,3750.96443351059,0.7714844444444444,27,118.7,2018-09-01,2.66487407684326,61,61,1,0,31.811959931858947
Killarney,2018,10,day,7954,2.65087,3000.524356154772,0.649643,18,118.8,2018-10-01,2.66633248329163,61,61,1,0,16.90799254549627
Killarney,2018,10,night,16062,3.4534,4651.068512190885,0.7052313636363636,39,118.8,2018-10-01,2.66633248329163,61,61,1,0,39.68834134191694
Killarney,2018,11,day,8315,2.70944,3068.899846462738,0.72557,17,118.7,2018-11-01,2.56225037574768,61,61,1,0,15.580400191565921
Killarney,2018,11,night,17327,5.00648,3460.9146546076286,0.7088290909090909,43,118.7,2018-11-01,2.56225037574768,61,61,1,0,26.607379500412502
Killarney,2018,12,day,6901,0.9534199999999999,7238.1531748862,0.64128,13,118.8,2018-12-01,2.38944721221924,61,61,1,0,35.71085214821303
Killarney,2018,12,night,16075,4.11684,3904.6938914312923,0.6919414285714286,44,118.8,2018-12-01,2.38944721221924,61,61,1,0,29.172574543077584
Killarney,2019,1,day,6718,1.08203,6208.700313300001,0.622,12,118.8,2019-01-01,2.5141282081604,61,61,1,0,34.844567559649384
Killarney,2019,1,night,14265,2.71317,5257.6875020732205,0.7067858823529412,37,118.8,2019-01-01,2.5141282081604,61,61,1,0,44.6832210514241
Killarney,2019,2,day,10812,2.92224,3699.9014454664916,0.6430041666666667,15,118.6,2019-02-01,4.69221687316895,61,61,1,0,18.7272828372234
Killarney,2019,2,night,12076,2.55176,4732.419976800326,0.6917973333333334,24,118.6,2019-02-01,4.69221687316895,61,61,1,0,36.27297810944345
Killarney,2019,3,day,7540,1.78433,4225.675743836622,0.70624,18,118.8,2019-03-01,3.10436725616455,61,61,1,0,23.923968772980587
Killarney,2019,3,night,11879,4.17603,2844.5676874926667,0.7459413333333333,26,118.8,2019-03-01,3.10436725616455,61,61,1,0,24.38757689913369
Killarney,2019,4,day,15093,3.72086,4056.3203130459087,0.7046626315789474,34,120.9,2019-04-01,3.22910237312317,61,61,1,0,23.047974886928298
Killarney,2019,4,night,10755,1.94472,5530.359126249537,0.6930066666666667,26,120.9,2019-04-01,3.22910237312317,61,61,1,0,47.584902617911816
Killarney,2019,5,day,7442,1.869,3981.808453718566,0.67482625,23,120.9,2019-05-01,2.99162459373474,61,61,1,0,23.708267930187624
Killarney,2019,5,night,11224,3.06804,3658.3616901996065,0.6988138461538461,22,120.9,2019-05-01,2.99162459373474,61,61,1,0,32.98537485518051
Killarney,2019,6,day,9654,3.30657,2919.6418040446747,0.7337846153846154,17,120.9,2019-06-01,NA,NA,NA,NA,0,17.554761425475572
Killarney,2019,6,night,11532,3.20472,3598.4422976110236,0.7200914285714286,29,120.9,2019-06-01,NA,NA,NA,NA,0,32.763872133799445
Killarney,2019,7,day,12120,2.57883,4699.805725852421,0.73061,24,120.9,2019-07-01,3.34308338165283,61,61,1,0,29.598743538037407
Killarney,2019,7,night,16107,3.31072,4865.104871447903,0.6879994736842105,32,120.9,2019-07-01,3.34308338165283,61,61,1,0,46.39817483262751
Killarney,2019,8,day,12811,3.38513,3784.492766895215,0.709706875,25,120.9,2019-08-01,3.03291392326355,61,61,1,0,24.266269859669436
Killarney,2019,8,night,18737,4.62598,4050.3849995028077,0.6903892,42,120.9,2019-08-01,3.03291392326355,61,61,1,0,39.328462679018585
Killarney,2019,9,day,11599,3.30212,3512.5919106513393,0.7191953846153846,25,120.9,2019-09-01,3.16714000701904,61,61,1,0,21.316493604348327
Killarney,2019,9,night,16240,3.88153,4183.917166684271,0.7078505,60,120.9,2019-09-01,3.16714000701904,61,61,1,0,38.44912582601967
Killarney,2019,10,day,6895,1.65052,4177.471342364831,0.71104,13,120.9,2019-10-01,2.82746863365173,61,61,1,0,25.507287803473538
Killarney,2019,10,night,15439,3.67582,4200.151258766751,0.6855184210526316,33,120.9,2019-10-01,2.82746863365173,61,61,1,0,38.83569261391902
Killarney,2019,11,day,8095,2.69687,3001.627812983199,0.718379,22,120.9,2019-11-01,2.84716629981995,61,61,1,0,16.51234088975635
Killarney,2019,11,night,11952,4.28623,2788.4644547772755,0.7360566666666667,35,120.9,2019-11-01,2.84716629981995,61,61,1,0,23.22909225695847
Killarney,2019,12,day,7829,2.14572,3648.6587252763643,0.723861,17,120.9,2019-12-01,2.34814643859863,61,61,1,0,19.50570266925529
Killarney,2019,12,night,10343,2.4668799999999997,4192.745492281749,0.7113066666666666,18,120.9,2019-12-01,2.34814643859863,61,61,1,0,33.942371129439884
Killarney,2020,1,day,7161,1.95732,3658.573968487524,0.6847288888888889,14,120.9,2020-01-01,3.56793117523193,61,61,1,0,16.600141948605586
Killarney,2020,1,night,15801,3.43369,4601.754963319345,0.697742380952381,32,120.9,2020-01-01,3.56793117523193,61,61,1,0,31.61831866893545
Killarney,2020,2,day,6201,1.6557,3745.2437035694875,0.6359771428571429,10,120.8,2020-02-01,2.62588667869568,61,61,1,0,15.326051356787803
Killarney,2020,2,night,16829,4.11499,4089.681870429819,0.7323154545454545,36,120.8,2020-02-01,2.62588667869568,61,61,1,0,25.34282597037968
Killarney,2020,3,day,7321,2.38571,3068.688147343977,0.6805325,17,120.9,2020-03-01,2.93448114395142,61,61,1,0,14.046088305491446
Killarney,2020,3,night,9722,2.8898099999999998,3364.235018911278,0.6900091666666667,23,120.9,2020-03-01,2.93448114395142,61,61,1,0,23.318697399791024
Killarney,2020,4,day,8618,2.76385,3118.11422472276,0.674133,18,119.6,2020-04-01,2.98165249824524,61,61,1,0,14.323796106822154
Killarney,2020,4,night,11528,3.22683,3572.546431017438,0.7603773333333333,22,119.6,2020-04-01,2.98165249824524,61,61,1,0,24.851883713602824
Killarney,2020,5,day,6208,1.23251,5036.875968551979,0.67949,13,119.7,2020-05-01,2.86939597129822,61,61,1,0,24.24634604352702
Killarney,2020,5,night,10623,2.81704,3770.979467810184,0.7113775,20,119.7,2020-05-01,2.86939597129822,61,61,1,0,27.488720868776273
Killarney,2020,6,day,12222,3.79555,3220.086680454743,0.7064938461538461,18,119.6,2020-06-01,NA,NA,NA,NA,0,15.653033005052425
Killarney,2020,6,night,11069,3.87609,2855.71284464499,0.7845253846153846,16,119.6,2020-06-01,NA,NA,NA,NA,0,21.021359260762683
Killarney,2020,7,day,9016,2.23404,4035.7379456052713,0.7191854545454546,19,119.7,2020-07-01,3.13389325141907,61,61,1,0,20.548584380130073
Killarney,2020,7,night,10492,2.04591,5128.280325136491,0.68251,28,119.7,2020-07-01,3.13389325141907,61,61,1,0,39.54085243489361
Killarney,2020,8,day,7066,2.74804,2571.2871719480067,0.737195,22,119.7,2020-08-01,2.91000151634216,61,61,1,0,13.329427805390623
Killarney,2020,8,night,14912,3.53059,4223.656669281904,0.7471311764705882,30,119.7,2020-08-01,2.91000151634216,61,61,1,0,33.15620780624782
Killarney,2020,9,day,8909,1.97545,4509.858513250146,0.705963,18,119.6,2020-09-01,2.89291381835938,61,61,1,0,22.126695975771916
Killarney,2020,9,night,9776,2.23875,4366.722501395868,0.7062216666666666,32,119.6,2020-09-01,2.89291381835938,61,61,1,0,32.4432659499979
Killarney,2020,10,day,10531,3.77578,2789.0925848433967,0.7367876923076923,19,119.7,2020-10-01,2.44038701057434,61,61,1,0,13.768268107585788
Killarney,2020,10,night,12068,3.16722,3810.2815718516554,0.749455,25,119.7,2020-10-01,2.44038701057434,61,61,1,0,28.483199692984947
Killarney,2020,11,day,6530,1.57861,4136.5505096255565,0.70568,12,119.6,2020-11-01,2.68378305435181,61,61,1,0,18.397368900708532
Killarney,2020,11,night,13002,2.66938,4870.7939671384365,0.687773125,26,119.6,2020-11-01,2.68378305435181,61,61,1,0,32.804427709838066
Killarney,2020,12,day,9812,1.94625,5041.490044958253,0.652608,19,119.7,2020-12-01,2.05172801017761,61,61,1,0,21.789780237867436
Killarney,2020,12,night,10506,2.16838,4845.091727464744,0.661139090909091,18,119.7,2020-12-01,2.05172801017761,61,61,1,0,31.71109661462644
Killarney,2021,1,day,7277,1.95833,3715.9212185893084,0.64301375,22,119.7,2021-01-01,2.54541349411011,61,61,1,0,13.585506191437606
Killarney,2021,1,night,7281,1.70315,4275.019816222882,0.6582277777777777,22,119.7,2021-01-01,2.54541349411011,61,61,1,0,23.66806645583821
Killarney,2021,2,day,6894,1.66406,4142.879463480884,0.6229028571428572,8,119.5,2021-02-01,2.99214196205139,61,61,1,0,13.660350941235453
Killarney,2021,2,night,12773,2.8409999999999997,4495.9521295318555,0.691584,28,119.5,2021-02-01,2.99214196205139,61,61,1,0,22.448977181206363
Killarney,2021,3,day,10458,2.73497,3823.807939392388,0.7143466666666667,17,119.7,2021-03-01,3.05397319793701,61,61,1,0,14.102888560038362
Killarney,2021,3,night,8331,2.54938,3267.8533604248873,0.67935,19,119.7,2021-03-01,3.05397319793701,61,61,1,0,18.25113530103144
Killarney,2021,4,day,4786,2.38548,2006.3048107718364,0.682624,9,120.1,2021-04-01,3.18132257461548,61,61,1,0,7.426298290272215
Killarney,2021,4,night,9299,2.09774,4432.865846101042,0.6820463636363636,17,120.1,2021-04-01,3.18132257461548,61,61,1,0,24.847081483570022
Killarney,2021,5,day,12134,3.16472,3834.146464774135,0.6659115384615385,25,120.1,2021-05-01,3.2027952671051,61,61,1,0,14.87178528126049
Killarney,2021,5,night,15320,4.2841000000000005,3576.0136318013115,0.7010382352941177,31,120.1,2021-05-01,3.2027952671051,61,61,1,0,21.00433296681342
Killarney,2021,6,day,8555,2.39143,3577.357480670561,0.7024355555555556,17,120.1,2021-06-01,NA,NA,NA,NA,0,14.012081165364041
Killarney,2021,6,night,7974,1.79551,4441.078022400321,0.6766222222222222,12,120.1,2021-06-01,NA,NA,NA,NA,0,26.34171384665287
Killarney,2021,7,day,8015,1.29971,6166.7602772926275,0.7071522222222222,12,120.1,2021-07-01,3.41034936904907,61,61,1,0,25.300283122063686
Killarney,2021,7,night,12021,2.46854,4869.680053796981,0.70501,28,120.1,2021-07-01,3.41034936904907,61,61,1,0,30.254087890235926
Killarney,2021,8,day,9355,2.86131,3269.4814612887103,0.717149090909091,15,120.1,2021-08-01,2.85683274269104,61,61,1,0,13.656806870397826
Killarney,2021,8,night,10133,3.16879,3197.750560939665,0.6928533333333333,28,120.1,2021-08-01,2.85683274269104,61,61,1,0,20.226940340219393
Killarney,2021,9,day,5220,1.42819,3654.9758785595754,0.743168,7,120.1,2021-09-01,2.94017148017883,61,61,1,0,14.449324075050885
Killarney,2021,9,night,9762,3.38022,2887.977705593127,0.7164975,22,120.1,2021-09-01,2.94017148017883,61,61,1,0,17.289091546170514
Killarney,2021,10,day,10767,2.47615,4348.282616158149,0.7234953846153847,20,120.1,2021-10-01,2.92120718955994,61,61,1,0,17.295913777172952
Killarney,2021,10,night,9627,2.3941,4021.1352909235206,0.66704,20,120.1,2021-10-01,2.92120718955994,61,61,1,0,24.22087088425598
Killarney,2021,11,day,6296,2.02853,3103.7253577713914,0.68154625,10,120.1,2021-11-01,2.6565260887146,61,61,1,0,11.122695159733203
Killarney,2021,11,night,8388,2.43472,3445.1600184004733,0.6964622222222222,23,120.1,2021-11-01,2.6565260887146,61,61,1,0,18.696119262682146
Killarney,2021,12,day,10331,2.21124,4672.039217814438,0.6835390909090909,15,120.1,2021-12-01,2.45156025886536,61,61,1,0,16.270832748463377
Killarney,2021,12,night,13178,2.9813,4420.219367390065,0.715719375,31,120.1,2021-12-01,2.45156025886536,61,61,1,0,23.31108271634537
Killarney,2022,1,day,7660,1.87113,4093.782901241496,0.6714788888888888,12,120.1,2022-01-01,2.46774649620056,61,61,1,0,15.889245335686999
Killarney,2022,1,night,14548,2.99627,4855.370176919971,0.6921411764705883,25,120.1,2022-01-01,2.46774649620056,61,61,1,0,28.537513537433103
Killarney,2022,2,day,6992,1.65113,4234.675646375513,0.7041528571428571,15,120,2022-02-01,3.24027180671692,61,61,1,0,14.823434766593103
Killarney,2022,2,night,13925,3.2566100000000002,4275.918823561925,0.70190625,31,120,2022-02-01,3.24027180671692,61,61,1,0,22.665926075916566
Killarney,2022,3,day,6109,2.07877,2938.757053449877,0.6503116666666666,15,120.1,2022-03-01,3.05277228355408,61,61,1,0,11.506541927986357
Killarney,2022,3,night,12984,4.30767,3014.1584661777715,0.724133125,27,120.1,2022-03-01,3.05277228355408,61,61,1,0,17.871563229588865
Killarney,2022,4,day,8834,2.6911899999999997,3282.562732471509,0.7291733333333333,15,120.9,2022-04-01,3.27320122718811,61,61,1,0,12.899047609782182
Killarney,2022,4,night,12383,4.34648,2848.972041744124,0.725586875,27,120.9,2022-04-01,3.27320122718811,61,61,1,0,16.953060799062513
Killarney,2022,5,day,6759,1.70188,3971.4903518461933,0.6640757142857143,14,120.9,2022-05-01,3.3460865020752,61,61,1,0,16.35373874765692
Killarney,2022,5,night,12365,4.14488,2983.198548570767,0.7035428571428571,22,120.9,2022-05-01,3.3460865020752,61,61,1,0,18.602059272710278
Killarney,2022,6,day,6881,2.95514,2328.4852832691513,0.73114625,14,120.9,2022-06-01,NA,NA,NA,NA,0,9.682398146728852
Killarney,2022,6,night,16569,3.74705,4421.878544454971,0.68144,38,120.9,2022-06-01,NA,NA,NA,NA,0,27.843996497611915
Killarney,2022,7,day,4486,1.36945,3275.767643944649,0.7171839999999999,10,120.9,2022-07-01,3.25498270988464,61,61,1,0,14.267587347601262
Killarney,2022,7,night,8673,2.13929,4054.148806379687,0.6601011111111111,20,120.9,2022-07-01,3.25498270988464,61,61,1,0,26.73944922479982
Killarney,2022,8,day,8881,2.97343,2986.7863040327165,0.6812590000000001,21,120.9,2022-08-01,2.92029070854187,61,61,1,0,13.244744231794067
Killarney,2022,8,night,11940,4.15479,2873.7914551637987,0.752384,25,120.9,2022-08-01,2.92029070854187,61,61,1,0,19.29789748848546
Killarney,2022,9,day,8599,1.77378,4847.839078126938,0.6473955555555555,21,120.9,2022-09-01,2.91105914115906,61,61,1,0,20.346061270014637
Killarney,2022,9,night,13011,4.39351,2961.413539516241,0.78656,31,120.9,2022-09-01,2.91105914115906,61,61,1,0,18.821166276143348
Killarney,2022,10,day,8562,1.42166,6022.5370341713215,0.6658133333333334,12,120.9,2022-10-01,2.88063621520996,61,61,1,0,25.431639799908957
Killarney,2022,10,night,10199,3.17007,3217.2791137104227,0.7194364285714285,19,120.9,2022-10-01,2.88063621520996,61,61,1,0,20.573062487575868
Killarney,2022,11,day,9070,2.46509,3679.378846208455,0.6918633333333334,11,120.9,2022-11-01,2.62431073188782,61,61,1,0,13.998141961001458
Killarney,2022,11,night,15201,3.60394,4217.8837605509525,0.7082666666666667,31,120.9,2022-11-01,2.62431073188782,61,61,1,0,24.29997430899005
Killarney,2022,12,day,6030,0.8606,7006.739484080874,0.693155,8,120.9,2022-12-01,3.76118493080139,61,61,1,0,25.905286984604125
Killarney,2022,12,night,11464,3.65578,3135.856096373414,0.756666875,24,120.9,2022-12-01,3.76118493080139,61,61,1,0,17.556740229163466
Killarney,2023,1,day,9126,2.17428,4197.251503946134,0.645824,21,120.9,2023-01-01,2.49675321578979,61,61,1,0,16.55057530253023
Killarney,2023,1,night,15978,3.52685,4530.388306846053,0.71117,38,120.9,2023-01-01,2.49675321578979,61,61,1,0,27.05196705866587
Killarney,2023,2,day,10789,3.35437,3216.401291449661,0.68576,21,120.7,2023-02-01,4.10788011550903,61,61,1,0,11.438486427071988
Killarney,2023,2,night,7553,1.86577,4048.1945791817857,0.688384,16,120.7,2023-02-01,4.10788011550903,61,61,1,0,21.800930650122258
Killarney,2023,3,day,8283,2.58839,3200.058723762648,0.72978625,15,120.9,2023-03-01,3.1491425037384,61,61,1,0,12.729423223503485
Killarney,2023,3,night,9080,2.6751,3394.2656349295353,0.749824,24,120.9,2023-03-01,3.1491425037384,61,61,1,0,20.446168057059847
Killarney,2023,4,day,7521,1.80881,4157.982319867759,0.6587500000000001,21,122,2023-04-01,3.0111722946167,61,61,1,0,16.599571893327
Killarney,2023,4,night,9606,2.30752,4162.910830675358,0.6702769230769231,26,122,2023-04-01,3.0111722946167,61,61,1,0,25.166723563939815
Killarney,2023,5,day,5421,2.53199,2141.003716444378,0.7289599999999999,15,122.1,2023-05-01,3.22684121131897,61,61,1,0,8.956753107084614
Killarney,2023,5,night,8310,3.0828699999999998,2695.5401946887155,0.698197,23,122.1,2023-05-01,3.22684121131897,61,61,1,0,17.076321200592638
Killarney,2023,6,day,6309,2.60633,2420.6451216845144,0.71194625,18,122,2023-06-01,NA,NA,NA,NA,0,10.226103931949199
Killarney,2023,6,night,10706,2.59013,4133.3832664769725,0.6890666666666667,20,122,2023-06-01,NA,NA,NA,NA,0,26.44235161277679
Killarney,2023,7,day,10309,2.66711,3865.2324051126498,0.6901527272727273,19,122.1,2023-07-01,3.35669994354248,61,61,1,0,17.103409782680213
Killarney,2023,7,night,14503,4.30933,3365.48837058197,0.7017483333333333,23,122.1,2023-07-01,3.35669994354248,61,61,1,0,22.551244028201427
Killarney,2023,8,day,7371,3.12474,2358.9162618329847,0.7574988888888888,17,122.1,2023-08-01,3.00701904296875,61,61,1,0,10.62726688755276
Killarney,2023,8,night,12479,4.40196,2834.8735563249097,0.775306875,28,122.1,2023-08-01,3.00701904296875,61,61,1,0,19.34007157164527
Killarney,2023,9,day,6324,1.67542,3774.575927230187,0.6387814285714286,12,122.5,2023-09-01,2.91816163063049,61,61,1,0,16.09422085780341
Killarney,2023,9,night,12157,3.2168,3779.2215866699826,0.68445375,28,122.5,2023-09-01,2.91816163063049,61,61,1,0,24.401665450690835
Killarney,2023,10,day,5938,1.28335,4626.9528967156275,0.6837811111111112,21,122.5,2023-10-01,2.82700634002686,61,61,1,0,19.849958403984168
Killarney,2023,10,night,13722,3.34318,4104.475379728283,0.6909726666666667,29,122.5,2023-10-01,2.82700634002686,61,61,1,0,26.664748923369174
Killarney,2023,11,day,5525,1.15449,4785.662933416487,0.6388114285714286,11,122.5,2023-11-01,2.48096823692322,61,61,1,0,18.49726981003281
Killarney,2023,11,night,12688,3.37002,3764.9628192117557,0.696386875,33,122.5,2023-11-01,2.48096823692322,61,61,1,0,22.03644517518867
Killarney,2023,12,day,10298,2.78955,3691.6348514993456,0.6801454545454546,20,122.5,2023-12-01,2.52561330795288,61,61,1,0,13.866307055085212
Killarney,2023,12,night,12539,4.06456,3084.9587655244354,0.7095007142857143,37,122.5,2023-12-01,2.52561330795288,61,61,1,0,17.547156930893287
Killarney,2024,1,day,6201,1.22389,5066.6318051458875,0.6324414285714286,20,122.5,2024-01-01,4.66894721984863,61,61,1,0,18.680550065948783
Killarney,2024,1,night,14406,4.16953,3455.0656788654837,0.7345777777777778,30,122.5,2024-01-01,4.66894721984863,61,61,1,0,19.290431565811712
Killarney,2024,2,day,5571,1.75997,3165.3948646851936,0.6552533333333334,10,122.4,2024-02-01,3.15342593193054,61,61,1,0,10.525638274152161
Killarney,2024,2,night,12361,2.8084,4401.438541518302,0.707428,23,122.4,2024-02-01,3.15342593193054,61,61,1,0,22.163100232826228
Killarney,2024,3,day,6746,1.54185,4375.263482180498,0.6688,10,122.5,2024-03-01,2.92083954811096,61,61,1,0,16.27335894088769
Killarney,2024,3,night,13470,3.75981,3582.6278455560255,0.7130194444444444,28,122.5,2024-03-01,2.92083954811096,61,61,1,0,20.17855254987084
Killarney,2024,4,day,5548,1.0452,5308.075009567548,0.6421642857142857,9,130.3,2024-04-01,2.88457226753235,61,61,1,0,19.814061868589217
Killarney,2024,4,night,9170,3.28571,2790.8732054867896,0.7444515384615384,23,130.3,2024-04-01,2.88457226753235,61,61,1,0,15.775818117890934
Killarney,2024,5,day,6475,1.87257,3457.814661134163,0.66115,19,130.4,2024-05-01,3.41409254074097,61,61,1,0,13.52561768043855
Killarney,2024,5,night,10227,2.65835,3847.1232155284292,0.7004223076923077,23,130.4,2024-05-01,3.41409254074097,61,61,1,0,22.78803160565142
Killarney,2024,6,day,10993,2.45255,4482.273552017288,0.6741691666666667,18,130.3,2024-06-01,NA,NA,NA,NA,0,17.70515160473641
Killarney,2024,6,night,9607,2.54925,3768.559380209866,0.7394135714285714,28,130.3,2024-06-01,NA,NA,NA,NA,0,22.541975620659905
Killarney,2024,7,day,6446,1.03412,6233.319150582138,0.6228,9,130.4,2024-07-01,3.09994125366211,61,61,1,0,25.78984114183662
Killarney,2024,7,night,10210,2.86089,3568.8194932346228,0.7178841666666667,23,130.4,2024-07-01,3.09994125366211,61,61,1,0,22.359866528047714
Killarney,2024,8,day,9220,2.75385,3348.0400167038874,0.7515927272727273,16,130.4,2024-08-01,2.35641169548035,61,61,1,0,14.103338096230114
Killarney,2024,8,night,7653,2.58888,2956.104570316121,0.7253333333333333,16,130.4,2024-08-01,2.35641169548035,61,61,1,0,18.856730364133664
Killarney,2024,9,day,11375,2.95009,3855.814568369101,0.7081515384615384,20,130.3,2024-09-01,1.96623945236206,61,61,1,0,15.372345785742903
Killarney,2024,9,night,7933,1.36189,5824.993207968338,0.6607709090909091,12,130.3,2024-09-01,1.96623945236206,61,61,1,0,35.16695367944503
Killarney,2024,10,day,8932,2.76609,3229.106789728461,0.710016,20,130.4,2024-10-01,2.64973020553589,61,61,1,0,12.952963585199875
Killarney,2024,10,night,7314,2.1778,3358.435118009,0.7419089999999999,19,130.4,2024-10-01,2.64973020553589,61,61,1,0,20.40041585153405
Killarney,2024,11,day,6147,2.4342,2525.264974118807,0.75488,13,130.3,2024-11-01,2.54869651794434,61,60,0.983606557377049,0,9.126299009501258
Killarney,2024,11,night,12676,4.5193,2804.8591596043634,0.751906875,22,130.3,2024-11-01,2.54869651794434,61,60,0.983606557377049,0,15.350202837208256
Killarney,2024,12,day,10675,2.93866,3632.60805945567,0.7191641666666666,13,130.4,2024-12-01,2.27637624740601,61,61,1,0,12.758006874988027
Killarney,2024,12,night,11038,2.88125,3830.9761388286333,0.7256535714285715,19,130.4,2024-12-01,2.27637624740601,61,61,1,0,20.374598425596506
Kitsilano,2014,1,day,13204,1.42522,9264.534598167302,0.7025066666666667,29,94.8,2014-01-01,3.73938298225403,67,67,1,0,53.52135741249262
Kitsilano,2014,1,night,25660,3.14756,8152.346579572749,0.7475620930232558,84,94.8,2014-01-01,3.73938298225403,67,67,1,0,71.31837966132557
Kitsilano,2014,2,day,11549,1.32922,8688.554189675147,0.68169,22,94.8,2014-02-01,4.10222625732422,67,65,0.970149253731343,0,45.269037246703036
Kitsilano,2014,2,night,15900,2.1618,7354.981959478213,0.7324473076923077,42,94.8,2014-02-01,4.10222625732422,67,65,0.970149253731343,0,58.02974699045379
Kitsilano,2014,3,day,12283,1.59693,7691.6333214355045,0.8123284210526316,28,94.8,2014-03-01,4.23202991485596,67,67,1,0,44.82546061536531
Kitsilano,2014,3,night,17765,2.17357,8173.18972933929,0.7145446428571429,50,94.8,2014-03-01,4.23202991485596,67,67,1,0,72.12952802056789
Kitsilano,2014,4,day,16412,2.49547,6576.717011224338,0.7822222222222223,41,101.7,2014-04-01,4.01141357421875,67,67,1,0,38.46615835687238
Kitsilano,2014,4,night,23198,3.04318,7622.947048810784,0.7702286842105264,62,101.7,2014-04-01,4.01141357421875,67,67,1,0,67.51618339824412
Kitsilano,2014,5,day,19055,2.35012,8108.096607832792,0.763533870967742,42,101.7,2014-05-01,4.37032985687256,67,67,1,0,49.69440640598136
Kitsilano,2014,5,night,22063,3.11327,7086.76086558506,0.7853839473684211,76,101.7,2014-05-01,4.37032985687256,67,67,1,0,65.77361199075864
Kitsilano,2014,6,day,24205,3.376,7169.727488151659,0.7641809756097561,61,101.7,2014-06-01,NA,NA,NA,NA,0,44.37487449253723
Kitsilano,2014,6,night,22347,3.27369,6826.2419471605435,0.7779692307692307,63,101.7,2014-06-01,NA,NA,NA,NA,0,63.978121885554444
Kitsilano,2014,7,day,15484,2.36599,6544.4063584376945,0.7339062962962963,35,101.7,2014-07-01,4.0821704864502,67,67,1,0,42.42606548917437
Kitsilano,2014,7,night,21149,2.98496,7085.187071183534,0.80039,56,101.7,2014-07-01,4.0821704864502,67,67,1,0,69.55512614875103
Kitsilano,2014,8,day,19307,2.51921,7663.910511628645,0.7593065625,44,101.7,2014-08-01,4.08437395095825,67,67,1,0,50.584201508052274
Kitsilano,2014,8,night,26373,3.34222,7890.862959350371,0.7533236363636364,67,101.7,2014-08-01,4.08437395095825,67,67,1,0,78.86862982702573
Kitsilano,2014,9,day,20999,2.7951,7512.790240062967,0.7741361111111111,57,101.7,2014-09-01,3.76640462875366,67,67,1,0,46.93085486221963
Kitsilano,2014,9,night,24931,3.44856,7229.394297909852,0.7687837209302326,96,101.7,2014-09-01,3.76640462875366,67,67,1,0,68.38713896714256
Kitsilano,2014,10,day,16697,2.51486,6639.335788075678,0.8060285185185185,41,101.7,2014-10-01,3.64052081108093,67,67,1,0,41.72963320906498
Kitsilano,2014,10,night,24665,3.6033,6845.114200871423,0.7906034090909091,78,101.7,2014-10-01,3.64052081108093,67,67,1,0,65.15022991662434
Kitsilano,2014,11,day,13827,1.80915,7642.815686924799,0.7034991304347826,36,101.7,2014-11-01,3.88731026649475,67,67,1,0,43.27871142924033
Kitsilano,2014,11,night,24698,3.14036,7864.70340980015,0.7559543902439024,66,101.7,2014-11-01,3.88731026649475,67,67,1,0,67.44016214417317
Kitsilano,2014,12,day,11296,1.78865,6315.377519358175,0.765056,24,101.7,2014-12-01,4.0621862411499,67,67,1,0,34.75336033215923
Kitsilano,2014,12,night,27303,3.61096,7561.147174158673,0.7876382608695652,82,101.7,2014-12-01,4.0621862411499,67,67,1,0,63.00869704735228
Kitsilano,2015,1,day,11159,1.39446,8002.3808499347415,0.6983466666666667,22,101.7,2015-01-01,3.5835108757019,67,66,0.985074626865672,0,47.87418217963462
Kitsilano,2015,1,night,29753,3.70761,8024.8461947184305,0.7532570588235294,101,101.7,2015-01-01,3.5835108757019,67,66,0.985074626865672,0,72.69996304015552
Kitsilano,2015,2,day,17519,2.40464,7285.498037128218,0.7333737931034483,32,101.7,2015-02-01,4.00759601593018,67,67,1,0,39.30896683382463
Kitsilano,2015,2,night,27838,3.57186,7793.698521218636,0.7435360869565217,87,101.7,2015-02-01,4.00759601593018,67,67,1,0,63.678277482379926
Kitsilano,2015,3,day,15597,2.23298,6984.836406953936,0.7232411538461538,35,101.7,2015-03-01,3.98603940010071,67,67,1,0,42.15422092263976
Kitsilano,2015,3,night,23964,3.07987,7780.847892930546,0.7458133333333333,68,101.7,2015-03-01,3.98603940010071,67,67,1,0,71.10940992775481
Kitsilano,2015,4,day,15641,2.15847,7246.336525409202,0.7555555555555555,38,107.7,2015-04-01,4.10927438735962,67,67,1,0,43.89012309345663
Kitsilano,2015,4,night,25921,3.46566,7479.383436344015,0.7665890909090909,80,107.7,2015-04-01,4.10927438735962,67,67,1,0,68.60083770148337
Kitsilano,2015,5,day,17975,2.40805,7464.546001951788,0.7246293333333333,43,107.7,2015-05-01,4.02381086349487,67,66,0.985074626865672,0,47.37733536666709
Kitsilano,2015,5,night,26147,3.25192,8040.480700632242,0.747264,84,107.7,2015-05-01,4.02381086349487,67,66,0.985074626865672,0,77.27954692345332
Kitsilano,2015,6,day,24410,3.11571,7834.4903729807975,0.7513131707317073,63,107.7,2015-06-01,NA,NA,NA,NA,0,50.21389146703272
Kitsilano,2015,6,night,24688,3.25393,7587.133097515927,0.800949512195122,69,107.7,2015-06-01,NA,NA,NA,NA,0,73.63870664010648
Kitsilano,2015,7,day,17000,2.5017,6795.379142183315,0.7678451724137931,47,107.7,2015-07-01,4.30879020690918,67,66,0.985074626865672,0,45.61995289631297
Kitsilano,2015,7,night,30473,3.99573,7626.391172576726,0.7831862745098039,92,107.7,2015-07-01,4.30879020690918,67,66,0.985074626865672,0,77.5310272269855
Kitsilano,2015,8,day,19898,2.71672,7324.273388497894,0.7530482857142857,53,107.7,2015-08-01,3.62001490592957,67,67,1,0,50.06193823135016
Kitsilano,2015,8,night,27077,3.73805,7243.616324019208,0.7888532608695652,95,107.7,2015-08-01,3.62001490592957,67,67,1,0,74.97455095040829
Kitsilano,2015,9,day,23255,3.2329,7193.232082650253,0.7770497368421052,59,107.7,2015-09-01,3.29983496665955,67,67,1,0,46.532878007419484
Kitsilano,2015,9,night,26243,3.3914,7738.102258654243,0.7496872727272728,80,107.7,2015-09-01,3.29983496665955,67,67,1,0,75.80286618047889
Kitsilano,2015,10,day,18730,2.53189,7397.635758267539,0.73829,50,107.7,2015-10-01,3.77891755104065,67,67,1,0,48.14947066461825
Kitsilano,2015,10,night,29184,3.62827,8043.502826415895,0.7855552,85,107.7,2015-10-01,3.77891755104065,67,67,1,0,79.27917332686138
Kitsilano,2015,11,day,20280,2.59812,7805.644081104798,0.7385860606060606,62,107.7,2015-11-01,3.51265788078308,67,67,1,0,45.77288851314438
Kitsilano,2015,11,night,27008,3.53117,7648.456460606541,0.7489669565217392,95,107.7,2015-11-01,3.51265788078308,67,67,1,0,67.91859524064182
Kitsilano,2015,12,day,19349,2.88401,6709.061341673572,0.7742870588235294,63,107.7,2015-12-01,2.07181644439697,67,65,0.970149253731343,0,38.23295703226479
Kitsilano,2015,12,night,29516,3.96623,7441.827629764285,0.7818986,99,107.7,2015-12-01,2.07181644439697,67,65,0.970149253731343,0,64.2201112566159
Kitsilano,2016,1,day,20390,2.86815,7109.112145459617,0.7810132352941177,47,107.7,2016-01-01,3.46231985092163,67,67,1,0,44.60409754553823
Kitsilano,2016,1,night,29657,3.89833,7607.616594798285,0.7564906,119,107.7,2016-01-01,3.46231985092163,67,67,1,0,72.28086310733359
Kitsilano,2016,2,day,15131,2.18906,6912.0992572154255,0.741188,33,107.6,2016-02-01,2.9197986125946,67,64,0.955223880597015,0,39.11286147184424
Kitsilano,2016,2,night,22189,2.58699,8577.149505796311,0.7670063157894736,66,107.6,2016-02-01,2.9197986125946,67,64,0.955223880597015,0,73.49671445513607
Kitsilano,2016,3,day,17253,2.36193,7304.6195272510195,0.7478756666666667,48,107.7,2016-03-01,4.45363473892212,67,66,0.985074626865672,0,46.233808346808615
Kitsilano,2016,3,night,26786,3.35606,7981.382931175248,0.753088,80,107.7,2016-03-01,4.45363473892212,67,66,0.985074626865672,0,76.4989611328627
Kitsilano,2016,4,day,23354,3.2833,7112.9656138641,0.793113076923077,59,112.2,2016-04-01,3.99651527404785,67,67,1,0,45.18312336373384
Kitsilano,2016,4,night,29231,3.87824,7537.181814431288,0.7643222,83,112.2,2016-04-01,3.99651527404785,67,67,1,0,72.50197754765335
Kitsilano,2016,5,day,20302,2.75543,7367.99700954116,0.7728214285714285,54,112.3,2016-05-01,3.77083539962769,67,67,1,0,49.04490677037901
Kitsilano,2016,5,night,31062,4.2709,7272.940129715048,0.7927178846153846,96,112.3,2016-05-01,3.77083539962769,67,67,1,0,73.31111181812614
Kitsilano,2016,6,day,24117,3.25131,7417.625510947894,0.784304,65,112.2,2016-06-01,NA,NA,NA,NA,0,49.86034417157515
Kitsilano,2016,6,night,27206,3.70666,7339.761402448566,0.7608670212765958,102,112.2,2016-06-01,NA,NA,NA,NA,0,74.71153024726108
Kitsilano,2016,7,day,20641,2.64121,7814.978740804404,0.7813974285714286,59,112.3,2016-07-01,3.58094477653503,67,67,1,0,55.023242637948734
Kitsilano,2016,7,night,31470,4.22828,7442.742675508718,0.7693629629629629,116,112.3,2016-07-01,3.58094477653503,67,67,1,0,79.3536129455432
Kitsilano,2016,8,day,24238,3.33478,7268.245581417665,0.7676851219512195,74,112.3,2016-08-01,3.87442517280579,67,67,1,0,52.10146637102624
Kitsilano,2016,8,night,31393,4.3373,7237.912987342356,0.7856355555555555,107,112.3,2016-08-01,3.87442517280579,67,67,1,0,78.56860322113961
Kitsilano,2016,9,day,21845,2.79583,7813.422132246953,0.76631388888888885,53,112.2,2016-09-01,3.40547966957092,67,67,1,0,53.00958079990097
Kitsilano,2016,9,night,25623,3.42697,7476.867320110769,0.7731611363636364,83,112.2,2016-09-01,3.40547966957092,67,67,1,0,76.81536110767401
Kitsilano,2016,10,day,14647,2.1215,6904.077303794485,0.7367084,45,112.3,2016-10-01,3.22948932647705,67,67,1,0,47.128265750929245
Kitsilano,2016,10,night,24400,3.1197,7821.2648652113985,0.7618653658536585,76,112.3,2016-10-01,3.22948932647705,67,67,1,0,80.84778531886487
Kitsilano,2016,11,day,14123,1.89725,7443.932006852022,0.6964778260869565,34,112.2,2016-11-01,2.72850131988525,67,67,1,0,45.78036096958112
Kitsilano,2016,11,night,23903,2.84427,8403.913833778088,0.74897325,77,112.2,2016-11-01,2.72850131988525,67,67,1,0,78.2661060455344
Kitsilano,2016,12,day,12580,1.71007,7356.424006034841,0.7381233333333334,28,112.3,2016-12-01,3.14311766624451,67,67,1,0,43.96632025881368
Kitsilano,2016,12,night,20309,2.51818,8064.95167144525,0.736128,54,112.3,2016-12-01,3.14311766624451,67,67,1,0,72.99119206249094
Kitsilano,2017,1,day,12765,1.61528,7902.654648110544,0.7970438095238095,25,112.3,2017-01-01,5.52893781661987,67,67,1,0,47.10165421396446
Kitsilano,2017,1,night,21796,2.64995,8225.060850204722,0.7515313157894737,58,112.3,2017-01-01,5.52893781661987,67,67,1,0,74.23651862809955
Kitsilano,2017,2,day,12506,1.50013,8336.610827061655,0.7368228571428571,32,112.1,2017-02-01,5.01916646957397,67,67,1,0,44.81288629726447
Kitsilano,2017,2,night,24120,3.01339,8004.27425590448,0.79314125,73,112.1,2017-02-01,5.01916646957397,67,67,1,0,65.15543827817973
Kitsilano,2017,3,day,11918,1.46324,8144.938629343101,0.8129684210526316,29,112.3,2017-03-01,4.41803789138794,67,67,1,0,48.972655013344216
Kitsilano,2017,3,night,26542,3.46242,7665.736681280723,0.7873502272727273,78,112.3,2017-03-01,4.41803789138794,67,67,1,0,69.79672601026513
Kitsilano,2017,4,day,14616,1.67031,8750.471469367962,0.7283781818181818,26,115.2,2017-04-01,4.0467700958252,67,67,1,0,52.803262632746076
Kitsilano,2017,4,night,23354,2.96245,7883.339803203429,0.7579415,63,115.2,2017-04-01,4.0467700958252,67,67,1,0,72.03687629869582
Kitsilano,2017,5,day,22408,2.9244499999999998,7662.2954743627015,0.7745012820512821,56,115.3,2017-05-01,4.43225336074829,67,67,1,0,48.45148947589164
Kitsilano,2017,5,night,27332,3.46125,7896.5691585409895,0.7699268085106383,86,115.3,2017-05-01,4.43225336074829,67,67,1,0,75.61396319365828
Kitsilano,2017,6,day,20187,2.68667,7513.762389872965,0.7499073529411765,50,115.2,2017-06-01,NA,NA,NA,NA,0,47.979044008558006
Kitsilano,2017,6,night,24934,3.1228599999999997,7984.34768129215,0.7888993181818182,75,115.2,2017-06-01,NA,NA,NA,NA,0,77.20561636264706
Kitsilano,2017,7,day,25639,3.37465,7597.528632598936,0.7530259523809524,73,115.3,2017-07-01,4.31099605560303,67,67,1,0,50.81529955240548
Kitsilano,2017,7,night,31473,4.25439,7397.770303145692,0.78433,122,115.3,2017-07-01,4.31099605560303,67,67,1,0,74.92699378442587
Kitsilano,2017,8,day,19119,2.72291,7021.532110866683,0.7252365625,53,115.3,2017-08-01,3.64875531196594,67,67,1,0,47.81410210817603
Kitsilano,2017,8,night,27299,3.63543,7509.152975026338,0.7781787234042553,83,115.3,2017-08-01,3.64875531196594,67,67,1,0,77.43376768489995
Kitsilano,2017,9,day,14258,2.19464,6496.737505923522,0.7552256,40,115.2,2017-09-01,3.56752038002014,67,67,1,0,41.87088748276962
Kitsilano,2017,9,night,24953,3.38394,7373.948710674539,0.7793828571428572,73,115.2,2017-09-01,3.56752038002014,67,67,1,0,71.96681452363967
Kitsilano,2017,10,day,14502,1.99457,7270.740059260894,0.7543930434782609,33,115.3,2017-10-01,3.8020396232605,67,67,1,0,47.14744865416788
Kitsilano,2017,10,night,28389,3.83111,7410.123958852657,0.7609066666666666,86,115.3,2017-10-01,3.8020396232605,67,67,1,0,72.76463783854709
Kitsilano,2017,11,day,14106,1.93474,7290.9021367212135,0.7367513043478261,32,115.2,2017-11-01,2.58068561553955,67,66,0.985074626865672,0,42.59531642114954
Kitsilano,2017,11,night,25712,3.76893,6822.095395775458,0.8093284090909091,78,115.2,2017-11-01,2.58068561553955,67,66,0.985074626865672,0,60.355060408723375
Kitsilano,2017,12,day,14046,1.95476,7185.536843397655,0.81024,32,115.3,2017-12-01,3.76274275779724,67,67,1,0,40.79588430461865
Kitsilano,2017,12,night,26483,3.79305,6981.9802006301,0.7856544444444444,97,115.3,2017-12-01,3.76274275779724,67,67,1,0,60.02761174670622
Kitsilano,2018,1,day,13854,1.92417,7199.987527089603,0.7701128571428572,26,115.3,2018-01-01,3.75172090530396,67,67,1,0,43.30008980444406
Kitsilano,2018,1,night,33159,4.34222,7636.4163953001,0.7730723214285714,107,115.3,2018-01-01,3.75172090530396,67,67,1,0,69.54436971628151
Kitsilano,2018,2,day,14844,2.01367,7371.615011397102,0.69733560000000006,33,115.1,2018-02-01,5.55166673660278,67,67,1,0,39.98249862157294
Kitsilano,2018,2,night,24702,3.22411,7661.6492613465425,0.7632990476190477,72,115.1,2018-02-01,5.55166673660278,67,67,1,0,62.92813677380696
Kitsilano,2018,3,day,15658,1.8668099999999999,8387.570240142275,0.7517952,35,115.3,2018-03-01,4.39134359359741,67,67,1,0,50.88571718730808
Kitsilano,2018,3,night,26753,3.59895,7433.55700968338,0.7706026666666667,78,115.3,2018-03-01,4.39134359359741,67,67,1,0,68.29229808750615
Kitsilano,2018,4,day,22367,3.07571,7272.142042000059,0.7726652631578947,60,118.7,2018-04-01,4.58026075363159,67,67,1,0,44.277751057456335
Kitsilano,2018,4,night,30516,3.88363,7857.597144939142,0.7436674509803921,98,118.7,2018-04-01,4.58026075363159,67,67,1,0,72.4483136721872
Kitsilano,2018,5,day,16532,2.15683,7664.952731555107,0.7695668965517242,48,118.8,2018-05-01,4.17148113250732,67,67,1,0,48.90481436101788
Kitsilano,2018,5,night,28914,3.66429,7890.751004969585,0.7473828571428571,87,118.8,2018-05-01,4.17148113250732,67,67,1,0,76.23875474301454
Kitsilano,2018,6,day,19736,2.74462,7190.795082743695,0.7469491176470588,44,118.7,2018-06-01,NA,NA,NA,NA,0,46.330281876304646
Kitsilano,2018,6,night,28172,3.76069,7491.178480544794,0.8021110416666667,102,118.7,2018-06-01,NA,NA,NA,NA,0,73.08924828184587
Kitsilano,2018,7,day,20254,2.92417,6926.409887250057,0.7532251428571428,53,118.8,2018-07-01,4.25294399261475,67,67,1,0,46.74382307531756
Kitsilano,2018,7,night,27426,3.48406,7871.85065699213,0.7702097826086957,90,118.8,2018-07-01,4.25294399261475,67,67,1,0,80.44669531022247
Kitsilano,2018,8,day,24598,3.62161,6792.006869872791,0.7984648780487805,66,118.8,2018-08-01,3.14390969276428,67,67,1,0,46.66767141638224
Kitsilano,2018,8,night,29347,3.99234,7350.826833385934,0.7788566,103,118.8,2018-08-01,3.14390969276428,67,67,1,0,76.4838124597748
Kitsilano,2018,9,day,20827,2.88338,7223.120088229786,0.7601694117647059,66,118.7,2018-09-01,3.45406270027161,67,67,1,0,46.9716242497105
Kitsilano,2018,9,night,24906,3.4676299999999998,7182.427190905604,0.7731520930232558,92,118.7,2018-09-01,3.45406270027161,67,67,1,0,70.72896387126416
Kitsilano,2018,10,day,18533,2.3425599999999998,7911.430230175535,0.7639036666666666,51,118.8,2018-10-01,3.70029187202454,67,67,1,0,51.76407728969064
Kitsilano,2018,10,night,26747,3.42156,7817.194496077813,0.7435875555555556,91,118.8,2018-10-01,3.70029187202454,67,67,1,0,77.45326201029485
Kitsilano,2018,11,day,14825,1.97779,7495.7401948639645,0.728222,32,118.7,2018-11-01,3.14321041107178,67,67,1,0,44.18643886626035
Kitsilano,2018,11,night,24454,3.32775,7348.508752159868,0.7610640476190477,76,118.7,2018-11-01,3.14321041107178,67,67,1,0,65.59776055090099
Kitsilano,2018,12,day,12992,2.03625,6380.3560466543895,0.7724022727272727,37,118.8,2018-12-01,3.4378707408905,67,67,1,0,36.55072047313944
Kitsilano,2018,12,night,23639,3.43346,6884.891625357511,0.77598925,63,118.8,2018-12-01,3.4378707408905,67,67,1,0,59.72600371368947
Kitsilano,2019,1,day,16091,2.12626,7567.748064676945,0.7140596153846154,33,118.8,2019-01-01,3.01508331298828,67,67,1,0,49.31506734558071
Kitsilano,2019,1,night,25250,3.38123,7467.696666597658,0.7501611904761905,82,118.8,2019-01-01,3.01508331298828,67,67,1,0,73.69108564496625
Kitsilano,2019,2,day,15285,2.04009,7492.316515447847,0.71944,33,118.6,2019-02-01,4.19011402130127,67,67,1,0,44.033105221213766
Kitsilano,2019,2,night,19490,2.84518,6850.181710823217,0.7835762857142857,58,118.6,2019-02-01,4.19011402130127,67,67,1,0,60.96500447579982
Kitsilano,2019,3,day,18785,2.45006,7667.159171612124,0.7457583870967742,47,118.8,2019-03-01,4.50383710861206,67,67,1,0,50.402272844934984
Kitsilano,2019,3,night,24488,3.16875,7727.968441814595,0.756825238095238,73,118.8,2019-03-01,4.50383710861206,67,67,1,0,76.93010099515412
Kitsilano,2019,4,day,17695,2.40435,7359.577432570133,0.740576,48,120.9,2019-04-01,4.24285411834717,67,67,1,0,48.55478014566224
Kitsilano,2019,4,night,23429,3.45465,6781.873706453621,0.765152,60,120.9,2019-04-01,4.24285411834717,67,67,1,0,67.75543408871286
Kitsilano,2019,5,day,17437,2.19249,7953.057938690713,0.7550171428571428,53,120.9,2019-05-01,4.33718061447144,67,67,1,0,54.9834759839325
Kitsilano,2019,5,night,25116,3.12756,8030.541380501094,0.7116878048780488,75,120.9,2019-05-01,4.33718061447144,67,67,1,0,84.07331867958678
Kitsilano,2019,6,day,18323,2.47942,7390.034766195319,0.7517187878787879,50,120.9,2019-06-01,NA,NA,NA,NA,0,51.592957397462655
Kitsilano,2019,6,night,23616,2.91677,8096.627433770917,0.7702071794871795,63,120.9,2019-06-01,NA,NA,NA,NA,0,85.59796074104808
Kitsilano,2019,7,day,21504,3.08588,6968.514653842664,0.78464,57,120.9,2019-07-01,4.41887855529785,67,66,0.985074626865672,0,50.95797607806938
Kitsilano,2019,7,night,23530,3.29499,7141.144586174769,0.79552525,70,120.9,2019-07-01,4.41887855529785,67,66,0.985074626865672,0,79.07789502217096
Kitsilano,2019,8,day,17586,2.2997900000000002,7646.785141252027,0.7297251724137931,57,120.9,2019-08-01,3.96951937675476,67,67,1,0,56.93152461736193
Kitsilano,2019,8,night,27311,3.73901,7304.339918855526,0.7750263829787234,85,120.9,2019-08-01,3.96951937675476,67,67,1,0,82.3512552480667
Kitsilano,2019,9,day,17686,2.49206,7096.939881062254,0.7431877419354839,55,120.9,2019-09-01,3.86104774475098,67,67,1,0,50.007803677002435
Kitsilano,2019,9,night,28955,3.79008,7639.680428909152,0.7787536734693877,86,120.9,2019-09-01,3.86104774475098,67,67,1,0,81.51868548566335
Kitsilano,2019,10,day,21172,3.03514,6975.625506566418,0.7718902777777777,61,120.9,2019-10-01,3.75865840911865,67,67,1,0,49.45526614871336
Kitsilano,2019,10,night,31229,4.14223,7539.175757985434,0.7838530188679246,111,120.9,2019-10-01,3.75865840911865,67,67,1,0,80.94100181918554
Kitsilano,2019,11,day,15219,2.02964,7498.37409589878,0.72931,42,120.9,2019-11-01,3.97760152816772,67,67,1,0,47.895806649306046
Kitsilano,2019,11,night,26246,3.45596,7594.416602044005,0.7456240909090909,93,120.9,2019-11-01,3.97760152816772,67,67,1,0,73.45817365796417
Kitsilano,2019,12,day,13618,1.75227,7771.633367003944,0.7130514285714286,36,120.9,2019-12-01,3.19042706489563,67,67,1,0,48.241326760900286
Kitsilano,2019,12,night,23388,2.87337,8139.571304774533,0.7643758974358974,77,120.9,2019-12-01,3.19042706489563,67,67,1,0,76.51098487777789
Kitsilano,2020,1,day,20321,2.8422,7149.743156709591,0.738980303030303,46,120.9,2020-01-01,4.81007623672485,67,58,0.865671641791045,0,37.66768984343738
Kitsilano,2020,1,night,28996,3.88272,7467.960604936746,0.7702857142857142,91,120.9,2020-01-01,4.81007623672485,67,58,0.865671641791045,0,59.57936694931161
Kitsilano,2020,2,day,11770,1.31344,8961.20112072116,0.8018526315789474,24,120.8,2020-02-01,3.94909620285034,67,67,1,0,42.57895531839587
Kitsilano,2020,2,night,28549,3.84179,7431.171407078471,0.7898448979591837,92,120.8,2020-02-01,3.94909620285034,67,67,1,0,53.468915702098165
Kitsilano,2020,3,day,20520,2.72648,7526.187611865849,0.7348267647058824,52,120.9,2020-03-01,4.27539920806885,67,67,1,0,39.99965651415703
Kitsilano,2020,3,night,28938,3.79581,7623.669256364255,0.7498933333333333,86,120.9,2020-03-01,4.27539920806885,67,67,1,0,61.35650164754084
Kitsilano,2020,4,day,19015,2.22298,8553.833142898271,0.72975,51,119.6,2020-04-01,4.34336757659912,67,67,1,0,45.62527209900836
Kitsilano,2020,4,night,27800,3.56437,7799.414763338262,0.7603268085106383,95,119.6,2020-04-01,4.34336757659912,67,67,1,0,62.99731363288508
Kitsilano,2020,5,day,14157,1.7681799999999999,8006.537795925755,0.78416,38,119.7,2020-05-01,4.33499526977539,67,67,1,0,44.75158110861924
Kitsilano,2020,5,night,20110,2.8772,6989.434172111775,0.8046458333333334,58,119.7,2020-05-01,4.33499526977539,67,67,1,0,59.15901927882049
Kitsilano,2020,6,day,20146,2.46353,8177.696232641778,0.7661575757575757,45,119.6,2020-06-01,NA,NA,NA,NA,0,46.1573105724286
Kitsilano,2020,6,night,21690,2.94197,7372.610869587385,0.7707097297297297,60,119.6,2020-06-01,NA,NA,NA,NA,0,63.01532130776696
Kitsilano,2020,7,day,20365,2.90535,7009.482506410588,0.7982117647058824,60,119.7,2020-07-01,3.88371014595032,67,67,1,0,41.440357117755376
Kitsilano,2020,7,night,24440,3.3883900000000002,7212.865107027231,0.7689473809523809,90,119.7,2020-07-01,3.88371014595032,67,67,1,0,64.57444235056546
Kitsilano,2020,8,day,15923,2.40741,6614.162107825422,0.7407464285714286,46,119.7,2020-08-01,3.92517709732056,67,67,1,0,39.812031756505206
Kitsilano,2020,8,night,22966,3.16858,7248.0417095355015,0.7803676923076923,65,119.7,2020-08-01,3.92517709732056,67,67,1,0,66.06561951129558
Kitsilano,2020,9,day,16991,2.55775,6642.94790343075,0.77234,36,119.6,2020-09-01,3.79224419593811,67,67,1,0,37.843655589367756
Kitsilano,2020,9,night,28501,3.68102,7742.690884591771,0.76532,85,119.6,2020-09-01,3.79224419593811,67,67,1,0,66.79431139449902
Kitsilano,2020,10,day,17928,2.31323,7750.202098364624,0.7981866666666667,47,119.7,2020-10-01,3.43640160560608,67,67,1,0,44.423011240056766
Kitsilano,2020,10,night,25330,3.15497,8028.602490673446,0.777406511627907,71,119.7,2020-10-01,3.43640160560608,67,67,1,0,69.68675525607526
Kitsilano,2020,11,day,11528,1.54803,7446.884104313224,0.7078704761904762,31,119.6,2020-11-01,3.70050477981567,67,66,0.985074626865672,0,38.456571519611636
Kitsilano,2020,11,night,21126,2.75236,7675.59476231307,0.7493271428571429,60,119.6,2020-11-01,3.70050477981567,67,66,0.985074626865672,0,60.02377801564337
Kitsilano,2020,12,day,9398,0.9543699999999999,9847.333843268334,0.736653125,22,119.7,2020-12-01,2.55365133285522,67,67,1,0,49.418684559688195
Kitsilano,2020,12,night,19753,2.32626,8491.312235089801,0.7760814705882353,54,119.7,2020-12-01,2.55365133285522,67,67,1,0,64.53014651920044
Kitsilano,2021,1,day,12026,1.60129,7510.194905357555,0.7491368421052631,27,119.7,2021-01-01,1.78763008117676,67,67,1,0,31.88152728262284
Kitsilano,2021,1,night,19915,2.82911,7039.316251400617,0.7494085294117647,62,119.7,2021-01-01,1.78763008117676,67,67,1,0,45.25157588153204
Kitsilano,2021,2,day,11128,1.52051,7318.597049674122,0.6995794444444444,21,119.5,2021-02-01,4.02755737304688,67,67,1,0,28.01986112811251
Kitsilano,2021,2,night,18953,2.70319,7011.345854342461,0.7799790909090909,52,119.5,2021-02-01,4.02755737304688,67,67,1,0,40.64946684003163
Kitsilano,2021,3,day,14339,1.69742,8447.526245714083,0.7016165217391305,34,119.7,2021-03-01,4.33530569076538,67,67,1,0,36.17596598062554
Kitsilano,2021,3,night,15986,2.21892,7204.405746939953,0.7683938461538462,35,119.7,2021-03-01,4.33530569076538,67,67,1,0,46.72013315559412
Kitsilano,2021,4,day,15022,2.04032,7362.570577164367,0.725376,42,120.1,2021-04-01,4.26436138153076,67,67,1,0,31.643428269852603
Kitsilano,2021,4,night,22338,2.60324,8580.845408029993,0.7391221621621622,75,120.1,2021-04-01,4.26436138153076,67,67,1,0,55.84694965594371
Kitsilano,2021,5,day,14679,1.7906199999999999,8197.71922574304,0.8019756521739131,34,120.1,2021-05-01,4.08036613464355,67,67,1,0,36.92036877751189
Kitsilano,2021,5,night,18665,2.36015,7908.395652818677,0.794436129032258,59,120.1,2021-05-01,4.08036613464355,67,67,1,0,53.935747314936414
Kitsilano,2021,6,day,15531,1.77729,8738.58514930034,0.7366892307692308,46,120.1,2021-06-01,NA,NA,NA,NA,0,39.74294165593691
Kitsilano,2021,6,night,22953,3.1905,7194.170192759755,0.7562723076923077,72,120.1,2021-06-01,NA,NA,NA,NA,0,49.546720701169114
Kitsilano,2021,7,day,14858,1.75912,8446.268588839874,0.76087125,43,120.1,2021-07-01,4.03545236587524,67,67,1,0,40.23572080325883
Kitsilano,2021,7,night,24050,3.36779,7141.181605741451,0.7980226829268293,71,120.1,2021-07-01,4.03545236587524,67,67,1,0,51.51483307090493
Kitsilano,2021,8,day,17160,2.00903,8541.43541908284,0.7216457142857143,33,120.1,2021-08-01,3.12198710441589,67,67,1,0,41.42664221325301
Kitsilano,2021,8,night,17332,2.67804,6471.897357769114,0.84171,52,120.1,2021-08-01,3.12198710441589,67,67,1,0,47.533064424384314
Kitsilano,2021,9,day,8475,0.89173,9503.997846881903,0.7269792857142857,16,120.1,2021-09-01,3.68705010414124,67,67,1,0,43.626254554295606
Kitsilano,2021,9,night,17899,2.21849,8068.100374579105,0.746304,45,120.1,2021-09-01,3.68705010414124,67,67,1,0,56.08260956835828
Kitsilano,2021,10,day,15307,1.92205,7963.8927187117915,0.7870841666666667,34,120.1,2021-10-01,3.8581919670105,67,67,1,0,36.78152508968529
Kitsilano,2021,10,night,17544,2.49088,7043.293936279547,0.7588693333333333,39,120.1,2021-10-01,3.8581919670105,67,67,1,0,49.26012003143393
Kitsilano,2021,11,day,10636,1.5397100000000001,6907.794324905339,0.6827138888888888,21,120.1,2021-11-01,3.62825727462769,67,65,0.970149253731343,0,28.7438363573593
Kitsilano,2021,11,night,17493,2.51627,6951.956666017558,0.755988064516129,45,120.1,2021-11-01,3.62825727462769,67,65,0.970149253731343,0,43.80540610105747
Kitsilano,2021,12,day,11303,1.10735,10207.251546484851,0.7267494444444444,21,120.1,2021-12-01,6.22323894500732,67,67,1,0,41.275344060518826
Kitsilano,2021,12,night,18075,2.53299,7135.835514549999,0.783063870967742,43,120.1,2021-12-01,6.22323894500732,67,67,1,0,43.696035565560095
Kitsilano,2022,1,day,9436,1.30934,7206.68428368491,0.73112,20,120.1,2022-01-01,2.69466996192932,67,67,1,0,32.47824419647585
Kitsilano,2022,1,night,13984,1.6326,8565.478378047286,0.7775513636363637,36,120.1,2022-01-01,2.69466996192932,67,67,1,0,58.45531302519122
Kitsilano,2022,2,day,6272,0.7097600000000001,8836.789900811542,0.708224,19,120,2022-02-01,3.7879946231842,67,67,1,0,35.91714500661298
Kitsilano,2022,2,night,18105,2.50942,7214.8145786675805,0.7750826666666667,49,120,2022-02-01,3.7879946231842,67,67,1,0,44.406625675369206
Kitsilano,2022,3,day,11623,1.41953,8187.921354251055,0.700523,30,120.1,2022-03-01,4.19010639190674,67,67,1,0,37.224886790563986
Kitsilano,2022,3,night,14509,2.18314,6645.932006192916,0.7963392,38,120.1,2022-03-01,4.19010639190674,67,67,1,0,45.754197011619276
Kitsilano,2022,4,day,18197,2.36033,7709.515194909187,0.7097010344827587,35,120.9,2022-04-01,4.44375228881836,67,67,1,0,35.176308639455996
Kitsilano,2022,4,night,19299,2.37194,8136.377817314097,0.7791412903225806,45,120.9,2022-04-01,4.44375228881836,67,67,1,0,56.2172532774829
Kitsilano,2022,5,day,13363,2.00375,6668.995633187772,0.7545091304347826,31,120.9,2022-05-01,4.39607286453247,67,67,1,0,31.886184894690004
Kitsilano,2022,5,night,16942,2.5213,6719.549438781581,0.7671762068965517,43,120.9,2022-05-01,4.39607286453247,67,67,1,0,48.65165312437387
Kitsilano,2022,6,day,13902,1.8695,7436.212891147366,0.6776340909090909,24,120.9,2022-06-01,NA,NA,NA,NA,0,35.9037521880554
Kitsilano,2022,6,night,15059,2.176,6920.496323529412,0.7517952,42,120.9,2022-06-01,NA,NA,NA,NA,0,50.59884300203787
Kitsilano,2022,7,day,12652,1.73476,7293.227881666628,0.6949890476190477,36,120.9,2022-07-01,4.24203062057495,67,66,0.985074626865672,0,36.88381355110843
Kitsilano,2022,7,night,19324,2.60844,7408.259342748923,0.7369600000000001,58,120.9,2022-07-01,4.24203062057495,67,66,0.985074626865672,0,56.734539328327756
Kitsilano,2022,8,day,14476,1.99771,7246.297010076537,0.7266039130434783,40,120.9,2022-08-01,3.66674709320068,67,67,1,0,37.31076374074449
Kitsilano,2022,8,night,22258,3.01764,7375.962672817168,0.7855105405405406,56,120.9,2022-08-01,3.66674709320068,67,67,1,0,57.51114835269158
Kitsilano,2022,9,day,20806,2.59599,8014.6687776147055,0.7402729411764706,48,120.9,2022-09-01,4.27131795883179,67,67,1,0,39.05676917402671
Kitsilano,2022,9,night,19489,2.62913,7412.718275627299,0.7760165625,52,120.9,2022-09-01,4.27131795883179,67,67,1,0,54.70204367983611
Kitsilano,2022,10,day,15801,1.93521,8165.005348256778,0.7667446153846154,37,120.9,2022-10-01,3.68416285514832,67,67,1,0,40.03408817562802
Kitsilano,2022,10,night,18963,2.3700799999999997,8000.995746979006,0.8027465625,50,120.9,2022-10-01,3.68416285514832,67,67,1,0,59.40634436953312
Kitsilano,2022,11,day,6694,0.86114,7773.416633764545,0.7231650000000001,15,120.9,2022-11-01,2.98807525634766,67,67,1,0,34.33890284574837
Kitsilano,2022,11,night,18960,2.71162,6992.130165731187,0.78418,48,120.9,2022-11-01,2.98807525634766,67,67,1,0,46.77343823053651
Kitsilano,2022,12,day,11707,1.28059,9141.879914726806,0.7311405555555556,18,120.9,2022-12-01,5.76857328414917,67,66,0.985074626865672,0,39.24519876101818
Kitsilano,2022,12,night,13327,1.83095,7278.735082880472,0.7145779166666667,30,120.9,2022-12-01,5.76857328414917,67,66,0.985074626865672,0,47.31755056050607
Kitsilano,2023,1,day,11506,1.46228,7868.534070082337,0.7732266666666667,22,120.9,2023-01-01,3.39727520942688,67,67,1,0,36.026370749645615
Kitsilano,2023,1,night,19762,2.66709,7409.573730170336,0.7798582857142857,50,120.9,2023-01-01,3.39727520942688,67,67,1,0,51.37303568691296
Kitsilano,2023,2,day,9369,0.9807,9553.380238605077,0.7610453333333334,24,120.7,2023-02-01,4.74612617492676,67,67,1,0,39.448816660008866
Kitsilano,2023,2,night,20018,2.48193,8065.497415317917,0.7528015151515152,50,120.7,2023-02-01,4.74612617492676,67,67,1,0,50.43399766974223
Kitsilano,2023,3,day,12358,1.65392,7471.945438715295,0.720672,23,120.9,2023-03-01,3.62596702575684,67,67,1,0,34.51143780837009
Kitsilano,2023,3,night,16846,2.14093,7868.543109770053,0.7483888888888889,41,120.9,2023-03-01,3.62596702575684,67,67,1,0,55.03500506889124
Kitsilano,2023,4,day,10439,1.33225,7835.6164383561645,0.7990835294117647,26,122,2023-04-01,3.97890973091125,67,67,1,0,36.321686133514866
Kitsilano,2023,4,night,14972,1.78908,8368.546962684732,0.72775,39,122,2023-04-01,3.97890973091125,67,67,1,0,58.743282577881885
Kitsilano,2023,5,day,16834,2.07293,8120.872388358507,0.7614171428571429,35,122.1,2023-05-01,4.01960325241089,67,67,1,0,39.44704278913767
Kitsilano,2023,5,night,12614,1.62336,7770.303567908536,0.8000404761904762,35,122.1,2023-05-01,4.01960325241089,67,67,1,0,57.156427021452345
Kitsilano,2023,6,day,13914,2.20603,6307.257834208963,0.777984,32,122,2023-06-01,NA,NA,NA,NA,0,30.938428203838566
Kitsilano,2023,6,night,14571,2.1913300000000002,6649.386445674544,0.7597652,42,122,2023-06-01,NA,NA,NA,NA,0,49.39176615751035
Kitsilano,2023,7,day,14250,1.92131,7416.814569226205,0.7584845833333334,39,122.1,2023-07-01,3.91639280319214,67,67,1,0,38.10685379373641
Kitsilano,2023,7,night,23002,3.13018,7348.459194039959,0.7612389743589744,63,122.1,2023-07-01,3.91639280319214,67,67,1,0,57.17382927109009
Kitsilano,2023,8,day,12892,1.89106,6817.340539168509,0.7634385714285714,30,122.1,2023-08-01,3.92419815063477,67,67,1,0,35.661748648164746
Kitsilano,2023,8,night,16568,2.37971,6962.192872240735,0.7461665517241379,44,122.1,2023-08-01,3.92419815063477,67,67,1,0,55.15044456819442
Kitsilano,2023,9,day,14743,1.82966,8057.781227113234,0.6760904347826087,33,122.5,2023-09-01,3.60033106803894,67,67,1,0,39.8929218412586
Kitsilano,2023,9,night,18298,2.37984,7688.752185020841,0.7659422580645161,48,122.5,2023-09-01,3.60033106803894,67,67,1,0,57.64366143505824
Kitsilano,2023,10,day,6532,0.78394,8332.270326810725,0.8030645454545454,21,122.5,2023-10-01,3.25756049156189,67,67,1,0,41.50557716800809
Kitsilano,2023,10,night,17628,2.03577,8659.131434297587,0.7663076666666667,51,122.5,2023-10-01,3.25756049156189,67,67,1,0,65.31798200077688
Kitsilano,2023,11,day,11113,1.11107,10002.070076592834,0.7216394736842106,23,122.5,2023-11-01,3.26031517982483,67,67,1,0,44.88838709047455
Kitsilano,2023,11,night,15644,1.97127,7936.0006493275905,0.820365,46,122.5,2023-11-01,3.26031517982483,67,67,1,0,53.933812818311395
Kitsilano,2023,12,day,10606,1.23094,8616.179505093669,0.7714372222222222,25,122.5,2023-12-01,3.71395897865295,67,66,0.985074626865672,0,37.57815012771888
Kitsilano,2023,12,night,13681,1.30805,10459.080310385689,0.7371176190476191,45,122.5,2023-12-01,3.71395897865295,67,66,0.985074626865672,0,69.07636532288946
Kitsilano,2024,1,day,10046,1.19885,8379.697209826083,0.748786875,28,122.5,2024-01-01,5.4405689239502,67,67,1,0,35.87378696198985
Kitsilano,2024,1,night,16142,1.94114,8315.731992540466,0.74097,49,122.5,2024-01-01,5.4405689239502,67,67,1,0,53.90942549009216
Kitsilano,2024,2,day,10010,1.47917,6767.30869338886,0.71284,23,122.4,2024-02-01,4.26362991333008,67,67,1,0,26.128538500953553
Kitsilano,2024,2,night,13317,1.52524,8731.084944008811,0.7723171428571428,27,122.4,2024-02-01,4.26362991333008,67,67,1,0,51.048462367546875
Kitsilano,2024,3,day,11428,1.76747,6465.739163889627,0.7169347368421053,30,122.5,2024-03-01,4.93498373031616,67,67,1,0,27.923493765283553
Kitsilano,2024,3,night,14356,1.71401,8375.680421934527,0.73928,40,122.5,2024-03-01,4.93498373031616,67,67,1,0,54.7755812316186
Kitsilano,2024,4,day,14738,2.00463,7351.980165915904,0.74712875,40,130.3,2024-04-01,4.1036810874939,67,67,1,0,31.86539992142857
Kitsilano,2024,4,night,21629,2.30044,9402.114378118968,0.7422702702702703,50,130.3,2024-04-01,4.1036810874939,67,67,1,0,61.710049935028806
Kitsilano,2024,5,day,14135,1.66151,8507.321653194986,0.6849482608695652,42,130.4,2024-05-01,4.45638656616211,67,67,1,0,38.639084921314115
Kitsilano,2024,5,night,19031,2.79818,6801.206498509746,0.7654918181818182,56,130.4,2024-05-01,4.45638656616211,67,67,1,0,46.77731193635909
Kitsilano,2024,6,day,11186,1.44493,7741.551493843992,0.6910105555555556,31,130.3,2024-06-01,NA,NA,NA,NA,0,35.506501443244176
Kitsilano,2024,6,night,11387,1.7012800000000001,6693.195711464309,0.7470594736842106,39,130.3,2024-06-01,NA,NA,NA,NA,0,46.486700305080795
Kitsilano,2024,7,day,15197,1.86785,8136.0922986321175,0.7725784615384615,56,130.4,2024-07-01,3.62631916999817,67,67,1,0,39.086227306971246
Kitsilano,2024,7,night,14223,1.97538,7200.133645172068,0.7444979166666666,47,130.4,2024-07-01,3.62631916999817,67,67,1,0,52.37979149562736
Kitsilano,2024,8,day,9673,1.30183,7430.309641043761,0.7603076470588236,31,130.4,2024-08-01,3.01067399978638,67,67,1,0,36.34266515752295
Kitsilano,2024,8,night,13303,1.8850500000000001,7057.107238534786,0.7707921739130434,53,130.4,2024-08-01,3.01067399978638,67,67,1,0,52.269927580076285
Kitsilano,2024,9,day,12887,1.72145,7486.130878038863,0.7256990476190476,45,130.3,2024-09-01,2.46272087097168,67,67,1,0,34.65452925578992
Kitsilano,2024,9,night,17066,2.42168,7047.173862772952,0.7786744444444444,53,130.3,2024-09-01,2.46272087097168,67,67,1,0,49.400676423736435
Kitsilano,2024,10,day,11619,1.7015,6828.680575962386,0.740032,46,130.4,2024-10-01,3.25504541397095,67,67,1,0,31.805492018682042
Kitsilano,2024,10,night,14674,2.12148,6916.869355355695,0.7186348,61,130.4,2024-10-01,3.25504541397095,67,67,1,0,48.78543861896319
Kitsilano,2024,11,day,6684,0.80633,8289.41004303449,0.803947,14,130.3,2024-11-01,3.49631476402283,67,56,0.835820895522388,0,34.78483477533541
Kitsilano,2024,11,night,17002,2.19221,7755.643847989015,0.7452837037037037,53,130.3,2024-11-01,3.49631476402283,67,56,0.835820895522388,0,49.28326821503569
Kitsilano,2024,12,day,10619,1.4856,7147.953688745288,0.7755041176470588,28,130.4,2024-12-01,3.63638925552368,67,67,1,0,29.149063278989424
Kitsilano,2024,12,night,7165,1.02804,6969.573168359208,0.7081425,26,130.4,2024-12-01,3.63638925552368,67,67,1,0,43.03921839356296
Marpole,2014,1,day,6907,2.97281,2323.3910004339327,0.7322841666666666,19,94.8,2014-01-01,5.28990840911865,54,54,1,0,20.81002694909041
Marpole,2014,1,night,14147,4.53093,3122.317051907666,0.5926121739130434,36,94.8,2014-01-01,5.28990840911865,54,54,1,0,42.34895144798038
Marpole,2014,2,day,6814,2.80318,2430.810722108463,0.65728,16,94.8,2014-02-01,5.10974597930908,54,54,1,0,19.63594085628013
Marpole,2014,2,night,11264,4.37601,2574.0343372158654,0.6511305882352941,28,94.8,2014-02-01,5.10974597930908,54,54,1,0,31.48692350672893
Marpole,2014,3,day,5458,2.21108,2468.4769433941783,0.472,11,94.8,2014-03-01,5.11706018447876,54,54,1,0,22.303965860823197
Marpole,2014,3,night,9087,3.94944,2300.8325230918813,0.6358186666666666,25,94.8,2014-03-01,5.11706018447876,54,54,1,0,31.481349823457396
Marpole,2014,4,day,9273,3.0183999999999997,3072.1574344023325,0.5959223076923077,18,101.7,2014-04-01,5.42403411865234,54,54,1,0,27.858642839780053
Marpole,2014,4,night,10690,3.85832,2770.6359244437995,0.561653125,34,101.7,2014-04-01,5.42403411865234,54,54,1,0,38.04619855276571
Marpole,2014,5,day,10207,4.01529,2542.033078557215,0.59675,22,101.7,2014-05-01,6.06790065765381,54,54,1,0,24.155532628999914
Marpole,2014,5,night,11024,3.64007,3028.513187933199,0.6408177777777778,26,101.7,2014-05-01,6.06790065765381,54,54,1,0,43.57929605997981
Marpole,2014,6,day,10890,3.41135,3192.284579418705,0.5547138888888888,26,101.7,2014-06-01,NA,NA,NA,NA,0,30.63253345986244
Marpole,2014,6,night,8584,3.69766,2321.4681717626822,0.60672,23,101.7,2014-06-01,NA,NA,NA,NA,0,33.733342149702104
Marpole,2014,7,day,10752,4.1972,2561.7078052034694,0.6514070588235295,23,101.7,2014-07-01,6.2405252456665,54,54,1,0,25.747728406724807
Marpole,2014,7,night,14073,4.47968,3141.5190370740766,0.6137782608695652,48,101.7,2014-07-01,6.2405252456665,54,54,1,0,47.81502033186853
Marpole,2014,8,day,8347,3.42623,2436.2053919322407,0.5793066666666666,16,101.7,2014-08-01,4.91332197189331,54,54,1,0,24.930167804790372
Marpole,2014,8,night,20573,5.77269,3563.849782337177,0.6484452941176471,57,101.7,2014-08-01,4.91332197189331,54,54,1,0,55.22630827367983
Marpole,2014,9,day,9756,3.70926,2630.174212646188,0.637198,18,101.7,2014-09-01,4.69372797012329,54,54,1,0,25.47349559645025
Marpole,2014,9,night,14467,3.73384,3874.563452102929,0.5664529166666666,35,101.7,2014-09-01,4.69372797012329,54,54,1,0,56.82535116197685
Marpole,2014,10,day,10951,4.14518,2641.8635620166074,0.6258823529411764,29,101.7,2014-10-01,4.63412380218506,54,54,1,0,25.74406636132463
Marpole,2014,10,night,17214,5.1014099999999996,3374.3612060195123,0.61632,60,101.7,2014-10-01,4.63412380218506,54,54,1,0,49.79361440734568
Marpole,2014,11,day,9435,3.8305599999999997,2463.0863372457293,0.5632330769230769,23,101.7,2014-11-01,5.03089332580566,54,54,1,0,21.624565918984178
Marpole,2014,11,night,17621,5.09776,3456.6162392894134,0.6101332142857143,45,101.7,2014-11-01,5.03089332580566,54,54,1,0,45.95515658232694
Marpole,2014,12,day,9643,3.04866,3163.029002906195,0.588288,20,101.7,2014-12-01,4.88635063171387,54,54,1,0,26.986557526659272
Marpole,2014,12,night,16149,4.19778,3847.0334319568915,0.5883238461538461,51,101.7,2014-12-01,4.88635063171387,54,54,1,0,49.70334252411512
Marpole,2015,1,day,12626,4.57207,2761.5500200128167,0.62847,33,101.7,2015-01-01,4.56209325790405,54,54,1,0,25.614264712235478
Marpole,2015,1,night,10998,3.8907,2826.7406893361094,0.574945,30,101.7,2015-01-01,4.56209325790405,54,54,1,0,39.70363510744295
Marpole,2015,2,day,7507,2.04182,3676.6218373803763,0.50949818181818185,17,101.7,2015-02-01,4.93027877807617,54,54,1,0,30.755881150582926
Marpole,2015,2,night,13836,4.7475,2914.3759873617696,0.6471077272727273,44,101.7,2015-02-01,4.93027877807617,54,54,1,0,36.918165520663926
Marpole,2015,3,day,9089,3.62056,2510.385133791458,0.6038857142857142,19,101.7,2015-03-01,4.89615631103516,54,54,1,0,23.489404709208465
Marpole,2015,3,night,12951,3.73128,3470.926866919663,0.615445,42,101.7,2015-03-01,4.89615631103516,54,54,1,0,49.18044344941385
Marpole,2015,4,day,8190,3.02067,2711.31901200727,0.6115558333333333,21,107.7,2015-04-01,4.69105625152588,54,54,1,0,25.461017004676442
Marpole,2015,4,night,13135,4.41213,2977.0201693966405,0.6268952380952381,29,107.7,2015-04-01,4.69105625152588,54,54,1,0,42.33428465141341
Marpole,2015,5,day,9239,2.98908,3090.9176067552557,0.6132346153846154,20,107.7,2015-05-01,5.32255172729492,54,54,1,0,30.415957212060434
Marpole,2015,5,night,13082,3.25769,4015.7289367619383,0.6376123809523809,37,107.7,2015-05-01,5.32255172729492,54,54,1,0,59.84030126236371
Marpole,2015,6,day,12510,4.38546,2852.608392278119,0.6262678947368421,31,107.7,2015-06-01,NA,NA,NA,NA,0,28.346674167023675
Marpole,2015,6,night,12494,4.34738,2873.914863665012,0.5875555555555555,25,107.7,2015-06-01,NA,NA,NA,NA,0,43.24632181164387
Marpole,2015,7,day,9522,3.46922,2744.709185350021,0.6270146666666666,25,107.7,2015-07-01,6.78270244598389,54,54,1,0,28.56829378006663
Marpole,2015,7,night,13282,4.66311,2848.3136790682615,0.6446119047619048,42,107.7,2015-07-01,6.78270244598389,54,54,1,0,44.89428964339869
Marpole,2015,8,day,6899,1.75905,3922.00335408317,0.560384,24,107.7,2015-08-01,5.10639524459839,54,54,1,0,41.562140106793144
Marpole,2015,8,night,9607,3.3425599999999998,2874.1443683883012,0.595505,29,107.7,2015-08-01,5.10639524459839,54,54,1,0,46.12260639173911
Marpole,2015,9,day,10693,4.27723,2499.9824652871134,0.6155731249999999,31,107.7,2015-09-01,4.73398447036743,54,54,1,0,25.073769653343792
Marpole,2015,9,night,10599,3.47863,3046.889148889074,0.6313658823529412,30,107.7,2015-09-01,4.73398447036743,54,54,1,0,46.275875543839945
Marpole,2015,10,day,9264,3.04827,3039.1008670491788,0.5287007142857143,24,107.7,2015-10-01,4.99397468566895,54,54,1,0,30.66835737674281
Marpole,2015,10,night,14510,4.74339,3058.9936733011623,0.6473273913043478,40,107.7,2015-10-01,4.99397468566895,54,54,1,0,46.74544525031177
Marpole,2015,11,day,7303,2.03034,3596.9345035806814,0.6186841666666667,19,107.7,2015-11-01,5.07041025161743,54,54,1,0,32.702347768281534
Marpole,2015,11,night,13045,3.66513,3559.2189090155057,0.6174371428571429,36,107.7,2015-11-01,5.07041025161743,54,54,1,0,49.00229538443794
Marpole,2015,12,day,9399,2.42041,3883.2263955280305,0.62424,24,107.7,2015-12-01,3.3523383140564,54,54,1,0,34.309600795245636
Marpole,2015,12,night,15836,5.0655,3126.24617510611,0.644365,42,107.7,2015-12-01,3.3523383140564,54,54,1,0,41.82745573853385
Marpole,2016,1,day,9706,4.04714,2398.2367795529685,0.6484114285714285,20,107.7,2016-01-01,4.7465672492981,54,54,1,0,23.329115785682962
Marpole,2016,1,night,15932,4.86147,3277.198049149743,0.5996372,48,107.7,2016-01-01,4.7465672492981,54,54,1,0,48.2752162877984
Marpole,2016,2,day,10971,4.35717,2517.9187408340736,0.6179388235294118,28,107.6,2016-02-01,4.6067099571228,54,54,1,0,22.090124420227017
Marpole,2016,2,night,14804,4.87012,3039.76082724861,0.6287641666666667,41,107.6,2016-02-01,4.6067099571228,54,54,1,0,40.384172359040825
Marpole,2016,3,day,9466,3.75844,2518.598141782229,0.6114285714285714,21,107.7,2016-03-01,5.06396150588989,54,54,1,0,24.715407472348232
Marpole,2016,3,night,15336,5.14754,2979.2871934943682,0.6716072,37,107.7,2016-03-01,5.06396150588989,54,54,1,0,44.27275898390575
Marpole,2016,4,day,13698,4.70682,2910.245133657119,0.6286828571428571,28,112.2,2016-04-01,5.23821449279785,54,54,1,0,28.661699563067028
Marpole,2016,4,night,13770,4.27771,3219.0120414894886,0.6659490909090909,35,112.2,2016-04-01,5.23821449279785,54,54,1,0,48.00763258053496
Marpole,2016,5,day,12095,4.33752,2788.4597650270202,0.6001777777777778,31,112.3,2016-05-01,5.12708282470703,54,54,1,0,28.77767361091423
Marpole,2016,5,night,9267,4.03818,2294.845697814362,0.5959053846153846,29,112.3,2016-05-01,5.12708282470703,54,54,1,0,35.86411436788007
Marpole,2016,6,day,11794,3.46158,3407.1146701795133,0.6013033333333333,27,112.2,2016-06-01,NA,NA,NA,NA,0,35.50781485397414
Marpole,2016,6,night,11740,3.32316,3532.7820508191,0.7028214285714286,41,112.2,2016-06-01,NA,NA,NA,NA,0,55.75314394347087
Marpole,2016,7,day,10858,3.6414,2981.820179052013,0.6264766666666667,32,112.3,2016-07-01,5.32110595703125,54,54,1,0,32.54967503339381
Marpole,2016,7,night,17083,5.13119,3329.247211660453,0.6286774074074074,41,112.3,2016-07-01,5.32110595703125,54,54,1,0,55.0334289811413
Marpole,2016,8,day,8269,2.98605,2769.2101605800303,0.5952653846153846,21,112.3,2016-08-01,5.40865182876587,54,54,1,0,30.776774167414104
Marpole,2016,8,night,14554,4.5675,3186.4258347016967,0.6354176,48,112.3,2016-08-01,5.40865182876587,54,54,1,0,53.62734755435559
Marpole,2016,9,day,11786,2.87168,4104.217740138177,0.5590044444444444,33,112.2,2016-09-01,5.26241111755371,54,54,1,0,43.170820464864015
Marpole,2016,9,night,13386,4.01142,3336.9729422498763,0.6280717391304348,46,112.2,2016-09-01,5.26241111755371,54,54,1,0,53.153016406858775
Marpole,2016,10,day,11692,4.23407,2761.409235085863,0.5509805555555556,33,112.3,2016-10-01,4.24680042266846,54,54,1,0,29.224925584711865
Marpole,2016,10,night,13127,4.32109,3037.890902526909,0.6144425,34,112.3,2016-10-01,4.24680042266846,54,54,1,0,48.68667718597684
Marpole,2016,11,day,9377,3.23072,2902.4489896988907,0.5893635714285714,27,112.2,2016-11-01,3.9292299747467,54,54,1,0,27.675038816780575
Marpole,2016,11,night,12164,3.75492,3239.483131464852,0.654197,41,112.2,2016-11-01,3.9292299747467,54,54,1,0,46.77509592342169
Marpole,2016,12,day,8285,2.57326,3219.651337214273,0.6575423076923077,21,112.3,2016-12-01,4.27626276016235,54,54,1,0,29.833831844030296
Marpole,2016,12,night,15428,4.6913,3288.6406752925627,0.5953241666666667,44,112.3,2016-12-01,4.27626276016235,54,54,1,0,46.14577445192635
Marpole,2017,1,day,8158,2.0459,3987.487169460873,0.5521671428571429,20,112.3,2017-01-01,4.19483184814453,54,54,1,0,36.847606517129194
Marpole,2017,1,night,9874,4.0152399999999995,2459.1307119873286,0.6368668749999999,44,112.3,2017-01-01,4.19483184814453,54,54,1,0,34.41176267762399
Marpole,2017,2,day,7726,2.93973,2628.132515571158,0.5941007692307693,14,112.1,2017-02-01,4.51342582702637,54,54,1,0,21.903195318224864
Marpole,2017,2,night,12175,3.47889,3499.679495471257,0.5989052631578947,30,112.1,2017-02-01,4.51342582702637,54,54,1,0,44.16760097306988
Marpole,2017,3,day,12062,4.46964,2698.6513455222344,0.6364205555555555,34,112.3,2017-03-01,5.03522872924805,54,54,1,0,25.15703420400253
Marpole,2017,3,night,13198,4.11338,3208.553549635579,0.665240909090909,58,112.3,2017-03-01,5.03522872924805,54,54,1,0,45.293645227015645
Marpole,2017,4,day,10056,3.68022,2732.445342941455,0.56304,31,115.2,2017-04-01,5.09811115264893,54,54,1,0,25.563929781743045
Marpole,2017,4,night,9937,3.2507099999999998,3056.870652872757,0.64612,26,115.2,2017-04-01,5.09811115264893,54,54,1,0,43.30803868711849
Marpole,2017,5,day,11042,4.08767,2701.294380417206,0.5812705882352941,30,115.3,2017-05-01,5.68753576278687,54,54,1,0,26.482987781311884
Marpole,2017,5,night,10098,3.57423,2825.2238943772504,0.670813125,37,115.3,2017-05-01,5.68753576278687,54,54,1,0,41.9433637418492
Marpole,2017,6,day,8724,2.2970099999999998,3797.980853370251,0.5913142857142857,18,115.2,2017-06-01,NA,NA,NA,NA,0,37.600509694441556
Marpole,2017,6,night,13243,4.76144,2781.30145502201,0.6645433333333334,36,115.2,2017-06-01,NA,NA,NA,NA,0,41.6969553979369
Marpole,2017,7,day,10677,4.01698,2657.9669303805344,0.6399370588235294,20,115.3,2017-07-01,5.7979884147644,54,54,1,0,27.562496121551362
Marpole,2017,7,night,13192,4.63336,2847.177857969163,0.6343368181818182,36,115.3,2017-07-01,5.7979884147644,54,54,1,0,44.7094050824554
Marpole,2017,8,day,8971,3.40773,2632.544244995936,0.6464853333333334,27,115.3,2017-08-01,4.78929090499878,54,54,1,0,27.793716623481163
Marpole,2017,8,night,13316,4.07373,3268.7487879658197,0.6755295454545455,44,115.3,2017-08-01,4.78929090499878,54,54,1,0,52.25980831284487
Marpole,2017,9,day,9342,2.5019899999999997,3733.827873013082,0.6406966666666667,20,115.2,2017-09-01,4.33675765991211,54,54,1,0,37.309374451401695
Marpole,2017,9,night,12121,3.99426,3034.604657683776,0.6320215,41,115.2,2017-09-01,4.33675765991211,54,54,1,0,45.91780455959485
Marpole,2017,10,day,7473,2.69036,2777.695178340445,0.6368358333333334,23,115.3,2017-10-01,4.99417924880981,54,54,1,0,27.926145137942026
Marpole,2017,10,night,14443,4.95969,2912.0771661132044,0.6580034782608696,53,115.3,2017-10-01,4.99417924880981,54,54,1,0,44.33478491978172
Marpole,2017,11,day,9485,3.32693,2850.9767262912055,0.5654399999999999,24,115.2,2017-11-01,4.90853786468506,54,54,1,0,25.82385530971404
Marpole,2017,11,night,12640,4.32618,2921.7462056594964,0.60343,55,115.2,2017-11-01,4.90853786468506,54,54,1,0,40.076078394798344
Marpole,2017,12,day,8498,3.32063,2559.1529318231783,0.5925508333333334,31,115.3,2017-12-01,4.63793754577637,54,54,1,0,22.526836052979068
Marpole,2017,12,night,13929,4.77504,2917.0436268596704,0.5884795454545454,46,115.3,2017-12-01,4.63793754577637,54,54,1,0,38.883218357826216
Marpole,2018,1,day,10866,3.58277,3032.8488850805384,0.65874625,28,115.3,2018-01-01,5.17340612411499,54,54,1,0,28.278388226583505
Marpole,2018,1,night,12764,4.56564,2795.6650108199506,0.6654271428571429,57,115.3,2018-01-01,5.17340612411499,54,54,1,0,39.473381589957775
Marpole,2018,2,day,6579,2.65657,2476.50165438893,0.684629,12,115.1,2018-02-01,7.947265625,54,54,1,0,20.825370445811586
Marpole,2018,2,night,12285,4.59282,2674.827230329079,0.6509247368421053,37,115.1,2018-02-01,7.947265625,54,54,1,0,34.06160982770619
Marpole,2018,3,day,5616,2.57764,2178.7371393988296,0.6078662499999999,18,115.3,2018-03-01,5.37785625457764,54,54,1,0,20.49327623985111
Marpole,2018,3,night,12162,3.84341,3164.3774668848755,0.6552926315789473,29,115.3,2018-03-01,5.37785625457764,54,54,1,0,45.072345835494914
Marpole,2018,4,day,9817,3.96527,2475.745661707778,0.621568,23,118.7,2018-04-01,5.98304176330566,54,54,1,0,23.370933284174875
Marpole,2018,4,night,13796,4.72284,2921.123730636651,0.6471463636363637,47,118.7,2018-04-01,5.98304176330566,54,54,1,0,41.7575781784574
Marpole,2018,5,day,11547,4.41772,2613.7917296705086,0.6310755555555555,28,118.8,2018-05-01,5.84279012680054,54,54,1,0,25.8559167650839
Marpole,2018,5,night,10417,3.38352,3078.746394287606,0.628093125,30,118.8,2018-05-01,5.84279012680054,54,54,1,0,46.11882126919378
Marpole,2018,6,day,8116,3.68754,2200.9252780986785,0.679876923076923,21,118.7,2018-06-01,NA,NA,NA,NA,0,21.985692828360595
Marpole,2018,6,night,10279,4.0708,2525.0564999508697,0.705304705882353,25,118.7,2018-06-01,NA,NA,NA,NA,0,38.1962985149585
Marpole,2018,7,day,5983,2.42169,2470.588721099728,0.6011022222222222,16,118.8,2018-07-01,6.51582098007202,54,54,1,0,25.850165228083572
Marpole,2018,7,night,10675,3.9819299999999997,2680.8607886125574,0.634946875,28,118.8,2018-07-01,6.51582098007202,54,54,1,0,42.47686464392988
Marpole,2018,8,day,7105,2.33947,3037.0126567128455,0.6348990909090909,29,118.8,2018-08-01,4.44449043273926,54,54,1,0,32.352768080716515
Marpole,2018,8,night,16713,5.38122,3105.801286697069,0.669992962962963,50,118.8,2018-08-01,4.44449043273926,54,54,1,0,50.101857717403625
Marpole,2018,9,day,8354,3.21037,2602.1922706728506,0.6209146153846153,24,118.7,2018-09-01,5.37170171737671,54,54,1,0,26.235959580868013
Marpole,2018,9,night,9715,2.76313,3515.9402561587767,0.6546531250000001,37,118.7,2018-09-01,5.37170171737671,54,54,1,0,53.68023130032832
Marpole,2018,10,day,5238,2.40203,2180.6555288651684,0.5312,18,118.8,2018-10-01,4.88805294036865,54,54,1,0,22.121133120700843
Marpole,2018,10,night,13220,3.5312799999999998,3743.6850094016904,0.6275681818181819,50,118.8,2018-10-01,4.88805294036865,54,54,1,0,57.508881874543036
Marpole,2018,11,day,7292,2.60018,2804.4212323762204,0.6361425,22,118.7,2018-11-01,4.13953924179077,54,54,1,0,25.630940988834425
Marpole,2018,11,night,12399,4.00809,3093.493409579126,0.6772845454545454,46,118.7,2018-11-01,4.13953924179077,54,54,1,0,42.814001545422286
Marpole,2018,12,day,9365,3.2351099999999997,2894.801104135563,0.6526321428571429,33,118.8,2018-12-01,4.43392276763916,54,54,1,0,25.710858893739697
Marpole,2018,12,night,14671,4.91586,2984.421850907064,0.6458024,56,118.8,2018-12-01,4.43392276763916,54,54,1,0,40.13963207827301
Marpole,2019,1,day,6778,3.33329,2033.426434543649,0.58368,18,118.8,2019-01-01,4.16354990005493,54,54,1,0,20.54415380516774
Marpole,2019,1,night,14386,4.6415299999999995,3099.4090310738056,0.6041790909090909,45,118.8,2019-01-01,4.16354990005493,54,54,1,0,47.41917653455539
Marpole,2019,2,day,7381,3.2594,2264.5272135975947,0.6296174999999999,21,118.6,2019-02-01,5.66362333297729,54,54,1,0,20.634196831125013
Marpole,2019,2,night,14576,4.77182,3054.599712478677,0.6492975,63,118.6,2019-02-01,5.66362333297729,54,54,1,0,42.14826019916256
Marpole,2019,3,day,7304,2.88088,2535.3364249812557,0.6328320000000001,24,118.8,2019-03-01,5.51181602478027,54,54,1,0,25.840330582057206
Marpole,2019,3,night,12722,3.97517,3200.366273643643,0.6616685714285714,51,118.8,2019-03-01,5.51181602478027,54,54,1,0,49.39437283827948
Marpole,2019,4,day,9952,4.05247,2455.786224204004,0.6294753333333333,32,120.9,2019-04-01,5.99206495285034,54,54,1,0,25.119818645897485
Marpole,2019,4,night,8521,2.92755,2910.6249252788166,0.5962007692307693,39,120.9,2019-04-01,5.99206495285034,54,54,1,0,45.08452578701709
Marpole,2019,5,day,10694,3.55908,3004.7090821223464,0.6320188235294117,41,120.9,2019-05-01,5.65214061737061,54,54,1,0,32.20677973472535
Marpole,2019,5,night,11372,3.83883,2962.360927678485,0.6694510526315789,41,120.9,2019-05-01,5.65214061737061,54,54,1,0,48.083731720328146
Marpole,2019,6,day,8439,3.54154,2382.8616929358413,0.5968246153846154,26,120.9,2019-06-01,NA,NA,NA,NA,0,25.79227228804889
Marpole,2019,6,night,10959,4.34102,2524.521886561223,0.6781611764705883,32,120.9,2019-06-01,NA,NA,NA,NA,0,41.37949923771433
Marpole,2019,7,day,11167,3.86191,2891.5743764096005,0.6078694444444445,31,120.9,2019-07-01,6.05272054672241,54,54,1,0,32.78333626626372
Marpole,2019,7,night,11381,4.11966,2762.6066228766454,0.663905,37,120.9,2019-07-01,6.05272054672241,54,54,1,0,47.430002818608564
Marpole,2019,8,day,14512,4.69327,3092.0871801537096,0.6555265217391304,44,120.9,2019-08-01,5.4419732093811,54,54,1,0,35.69213152837328
Marpole,2019,8,night,17298,4.65566,3715.477504800608,0.634526551724138,47,120.9,2019-08-01,5.4419732093811,54,54,1,0,64.94574632029365
Marpole,2019,9,day,6596,2.9906,2205.577476091754,0.6651927272727273,30,120.9,2019-09-01,4.8223180770874,54,54,1,0,24.09549211004924
Marpole,2019,9,night,12626,4.31726,2924.5401018238417,0.6543785,44,120.9,2019-09-01,4.8223180770874,54,54,1,0,48.382286002998555
Marpole,2019,10,day,10506,4.01892,2614.1351407840916,0.6481817647058824,36,120.9,2019-10-01,5.52907419204712,54,54,1,0,28.734540022230714
Marpole,2019,10,night,17219,5.18202,3322.835496582414,0.6417292857142857,55,120.9,2019-10-01,5.52907419204712,54,54,1,0,55.309582022722076
Marpole,2019,11,day,8317,3.05448,2722.885728503706,0.5901557142857142,23,120.9,2019-11-01,5.35759496688843,54,54,1,0,26.965385397494746
Marpole,2019,11,night,13670,4.71085,2901.811774945074,0.6233404545454545,57,120.9,2019-11-01,5.35759496688843,54,54,1,0,43.517283340778235
Marpole,2019,12,day,6445,2.45891,2621.0800720644515,0.604288,26,120.9,2019-12-01,3.1275999546051,54,54,1,0,25.225167321844676
Marpole,2019,12,night,13444,4.17657,3218.9092963843536,0.6082131818181818,53,120.9,2019-12-01,3.1275999546051,54,54,1,0,46.91133878884272
Marpole,2020,1,day,7286,3.25436,2238.8426603080175,0.6492118181818182,20,120.9,2020-01-01,9.18471336364746,54,54,1,0,18.287272925721602
Marpole,2020,1,night,14440,4.51054,3201.3905208688984,0.6562044,56,120.9,2020-01-01,9.18471336364746,54,54,1,0,39.598555942394334
Marpole,2020,2,day,7703,3.0332,2539.5621785572994,0.6005169230769231,26,120.8,2020-02-01,5.11725664138794,54,54,1,0,18.70830560494709
Marpole,2020,2,night,13927,4.82325,2887.4721401544602,0.6495609090909091,50,120.8,2020-02-01,5.11725664138794,54,54,1,0,32.211335310593896
Marpole,2020,3,day,7160,2.78565,2570.315725234685,0.5326545454545455,25,120.9,2020-03-01,5.67804479598999,54,54,1,0,21.17944244013464
Marpole,2020,3,night,13627,4.54444,2998.6092895934376,0.6216123809523809,49,120.9,2020-03-01,5.67804479598999,54,54,1,0,37.41650795423867
Marpole,2020,4,day,8409,2.62147,3207.742220967625,0.6580346153846154,21,119.6,2020-04-01,5.85697555541992,54,54,1,0,26.52717371736738
Marpole,2020,4,night,12987,4.2190199999999995,3078.2029950083197,0.6798133333333334,42,119.6,2020-04-01,5.85697555541992,54,54,1,0,38.5481995450218
Marpole,2020,5,day,6894,3.2313899999999998,2133.447216213456,0.624192,13,119.7,2020-05-01,5.88850736618042,54,54,1,0,18.488103170467703
Marpole,2020,5,night,6492,2.6294399999999998,2468.966776195692,0.626688,13,119.7,2020-05-01,5.88850736618042,54,54,1,0,32.39970235439338
Marpole,2020,6,day,9321,3.56737,2612.849241878471,0.70092,25,119.6,2020-06-01,NA,NA,NA,NA,0,22.864973469035426
Marpole,2020,6,night,10635,3.81195,2789.9106756384526,0.6961655555555556,27,119.6,2020-06-01,NA,NA,NA,NA,0,36.97106569699491
Marpole,2020,7,day,7555,3.06953,2461.288861812721,0.6190154545454545,12,119.7,2020-07-01,6.00946140289307,54,54,1,0,22.560407887356362
Marpole,2020,7,night,10389,4.06048,2558.564504689101,0.67333,28,119.7,2020-07-01,6.00946140289307,54,54,1,0,35.51371070352753
Marpole,2020,8,day,8339,2.92521,2850.73550275023,0.6443578571428571,20,119.7,2020-08-01,5.59679365158081,54,54,1,0,26.603774571053577
Marpole,2020,8,night,11038,4.10713,2687.5214565889078,0.6457094117647059,29,119.7,2020-08-01,5.59679365158081,54,54,1,0,37.979880683459236
Marpole,2020,9,day,10774,3.51957,3061.1694042169925,0.6690005882352941,26,119.6,2020-09-01,5.40452289581299,54,54,1,0,27.037493412972402
Marpole,2020,9,night,12191,4.64081,2626.912112325219,0.6441705,40,119.6,2020-09-01,5.40452289581299,54,54,1,0,35.134997477621575
Marpole,2020,10,day,9820,2.89811,3388.415208532457,0.68706625,30,119.7,2020-10-01,4.89368438720703,54,54,1,0,30.111917838657895
Marpole,2020,10,night,14503,4.22672,3431.2658515349963,0.6005420833333334,59,119.7,2020-10-01,4.89368438720703,54,54,1,0,46.17548690035046
Marpole,2020,11,day,6551,3.0898499999999998,2120.167645678593,0.599488,18,119.6,2020-11-01,4.96985340118408,54,54,1,0,16.975125705410353
Marpole,2020,11,night,11684,4.28284,2728.09630992519,0.62446,35,119.6,2020-11-01,4.96985340118408,54,54,1,0,33.07636802364225
Marpole,2020,12,day,9762,3.28926,2967.8407909377793,0.60254625,25,119.7,2020-12-01,3.515056848526,54,54,1,0,23.091914824834465
Marpole,2020,12,night,13503,4.8088299999999995,2807.9595244581324,0.6582957142857143,41,119.7,2020-12-01,3.515056848526,54,54,1,0,33.084571310304035
Marpole,2021,1,day,10493,2.54264,4126.813076172797,0.5750211764705883,28,119.7,2021-01-01,3.10891628265381,54,54,1,0,27.1612364251158
Marpole,2021,1,night,13707,3.8631699999999998,3548.122396891672,0.6210942857142857,51,119.7,2021-01-01,3.10891628265381,54,54,1,0,35.36296342904633
Marpole,2021,2,day,5090,1.7886499999999999,2845.7216336343054,0.6702455555555555,13,119.5,2021-02-01,5.71401166915894,54,54,1,0,16.89185658594876
Marpole,2021,2,night,9988,3.32604,3002.970499452803,0.619773125,36,119.5,2021-02-01,5.71401166915894,54,54,1,0,26.993012570518996
Marpole,2021,3,day,6822,2.92664,2331.0007380477273,0.56224,21,119.7,2021-03-01,5.36578369140625,54,54,1,0,15.476752078250717
Marpole,2021,3,night,12777,4.52035,2826.5510414016617,0.616021,47,119.7,2021-03-01,5.36578369140625,54,54,1,0,28.419050778087634
Marpole,2021,4,day,7048,3.03817,2319.817521731832,0.6842133333333333,18,120.1,2021-04-01,5.90405321121216,54,54,1,0,15.458050095039399
Marpole,2021,4,night,7802,2.38255,3274.64271473841,0.6934153846153847,24,120.1,2021-04-01,5.90405321121216,54,54,1,0,33.04305015479672
Marpole,2021,5,day,8908,3.91065,2277.8821934972448,0.6747578571428572,27,120.1,2021-05-01,6.53406572341919,54,54,1,0,15.905637423831289
Marpole,2021,5,night,13421,4.64337,2890.3576497242307,0.6705354545454546,30,120.1,2021-05-01,6.53406572341919,54,54,1,0,30.562348587259475
Marpole,2021,6,day,11253,4.4404,2534.2311503468154,0.641844705882353,25,120.1,2021-06-01,NA,NA,NA,NA,0,17.8694810179594
Marpole,2021,6,night,11932,3.80444,3136.335439644205,0.634709,35,120.1,2021-06-01,NA,NA,NA,NA,0,33.48910500156594
Marpole,2021,7,day,7613,3.01362,2526.1977289771107,0.6801884615384616,27,120.1,2021-07-01,6.55806732177734,54,54,1,0,18.65782719331624
Marpole,2021,7,night,11116,3.75044,2963.9189001823784,0.6465538888888889,35,120.1,2021-07-01,6.55806732177734,54,54,1,0,33.14937641880045
Marpole,2021,8,day,6456,2.8969,2228.5891815388864,0.6372266666666667,18,120.1,2021-08-01,5.06815528869629,54,54,1,0,16.758136274398524
Marpole,2021,8,night,13192,4.22825,3119.9668893750368,0.6754618181818182,48,120.1,2021-08-01,5.06815528869629,54,54,1,0,35.52720204997989
Marpole,2021,9,day,8886,3.09404,2871.973213015992,0.6095085714285714,21,120.1,2021-09-01,5.28755331039429,54,54,1,0,20.439431517723328
Marpole,2021,9,night,10081,3.40427,2961.280979475776,0.6557415789473684,37,120.1,2021-09-01,5.28755331039429,54,54,1,0,31.914156167115525
Marpole,2021,10,day,6084,2.6362,2307.867384872164,0.70656,17,120.1,2021-10-01,5.56471347808838,54,54,1,0,16.525781606611986
Marpole,2021,10,night,10863,4.28039,2537.852859202082,0.650733125,25,120.1,2021-10-01,5.56471347808838,54,54,1,0,27.519017173407967
Marpole,2021,11,day,6797,2.72341,2495.76817298901,0.571243,21,120.1,2021-11-01,6.03710889816284,54,54,1,0,16.10113173906489
Marpole,2021,11,night,15555,5.2813099999999995,2945.2919824816195,0.666773076923077,35,120.1,2021-11-01,6.03710889816284,54,54,1,0,28.773708365619697
Marpole,2021,12,day,6720,2.86252,2347.5818509564997,0.5789388888888889,23,120.1,2021-12-01,7.16605377197266,54,54,1,0,14.718022268465829
Marpole,2021,12,night,13004,4.38257,2967.208738251756,0.6271390476190476,36,120.1,2021-12-01,7.16605377197266,54,54,1,0,28.17034285262461
Marpole,2022,1,day,8151,3.79101,2150.086652369685,0.6467446153846154,22,120.1,2022-01-01,3.91813039779663,54,54,1,0,15.023109656422399
Marpole,2022,1,night,15215,4.98533,3051.954434310266,0.606114,55,120.1,2022-01-01,3.91813039779663,54,54,1,0,32.29217077082347
Marpole,2022,2,day,8153,3.04952,2673.535507227367,0.52256,25,120,2022-02-01,5.691565990448,54,54,1,0,16.847678355365726
Marpole,2022,2,night,9955,4.0044699999999995,2485.971926372279,0.63456,31,120,2022-02-01,5.691565990448,54,54,1,0,23.72278360419049
Marpole,2022,3,day,7682,3.19826,2401.931050008442,0.5840708333333333,20,120.1,2022-03-01,5.8511118888855,54,54,1,0,16.93039486686708
Marpole,2022,3,night,12681,3.98197,3184.6046052582014,0.620962380952381,38,120.1,2022-03-01,5.8511118888855,54,54,1,0,33.99205264975402
Marpole,2022,4,day,8153,2.89814,2813.1836281201045,0.5818092307692307,21,120.9,2022-04-01,6.22709083557129,54,54,1,0,19.900688576693334
Marpole,2022,4,night,7593,3.14809,2411.9386675730366,0.5921163636363637,22,120.9,2022-04-01,6.22709083557129,54,54,1,0,25.837566260030528
Marpole,2022,5,day,6981,2.82455,2471.5441397744776,0.6165718181818182,27,120.9,2022-05-01,6.03190660476685,54,54,1,0,18.32134386474853
Marpole,2022,5,night,10171,3.61113,2816.5698825575373,0.6792529411764706,33,120.9,2022-05-01,6.03190660476685,54,54,1,0,31.617301961478763
Marpole,2022,6,day,5814,2.64127,2201.2138100232087,0.6098488888888889,16,120.9,2022-06-01,NA,NA,NA,NA,0,16.477718516822637
Marpole,2022,6,night,11601,4.1326599999999996,2807.1508423146356,0.5769878947368421,38,120.9,2022-06-01,NA,NA,NA,NA,0,31.821153752462138
Marpole,2022,7,day,8627,2.96142,2913.129512193475,0.5883892307692308,28,120.9,2022-07-01,6.32489156723022,54,54,1,0,22.841396630246937
Marpole,2022,7,night,13035,3.93071,3316.1947841484107,0.614421,39,120.9,2022-07-01,6.32489156723022,54,54,1,0,39.37478679184496
Marpole,2022,8,day,7727,3.03831,2543.1901287228757,0.6521775,25,120.9,2022-08-01,5.48487424850464,54,54,1,0,20.302226339855906
Marpole,2022,8,night,10225,3.55278,2878.0279105376635,0.6897564705882353,25,120.9,2022-08-01,5.48487424850464,54,54,1,0,34.791660625995036
Marpole,2022,9,day,6340,2.88261,2199.395686547955,0.6042544444444444,23,120.9,2022-09-01,5.67449045181274,54,54,1,0,16.61731807652408
Marpole,2022,9,night,13466,4.017,3352.252925068459,0.6426309523809524,41,120.9,2022-09-01,5.67449045181274,54,54,1,0,38.353911638325776
Marpole,2022,10,day,7298,3.24933,2246.001483382728,0.555605,22,120.9,2022-10-01,5.65092372894287,54,54,1,0,17.073805683627533
Marpole,2022,10,night,11737,4.16058,2821.0009181412206,0.5819957894736842,38,120.9,2022-10-01,5.65092372894287,54,54,1,0,32.47422865104488
Marpole,2022,11,day,7217,2.38074,3031.4104018078415,0.5884318181818182,18,120.9,2022-11-01,4.37104940414429,54,54,1,0,20.761849281878913
Marpole,2022,11,night,6365,2.55001,2496.0686428680674,0.5546663636363637,25,120.9,2022-11-01,4.37104940414429,54,54,1,0,25.887680679783916
Marpole,2022,12,day,6022,2.53028,2379.9737578449817,0.6549333333333334,16,120.9,2022-12-01,6.81305980682373,54,54,1,0,15.840541259177948
Marpole,2022,12,night,7929,3.17868,2494.4316508739475,0.5604616666666666,39,120.9,2022-12-01,6.81305980682373,54,54,1,0,25.141129096327152
Marpole,2023,1,day,3138,1.20725,2599.295920480431,0.477952,11,120.9,2023-01-01,4.7548713684082,54,54,1,0,18.451396329721938
Marpole,2023,1,night,10821,4.4171,2449.797378370424,0.64148,34,120.9,2023-01-01,4.7548713684082,54,54,1,0,26.334131438426756
Marpole,2023,2,day,4716,1.71191,2754.817718221168,0.5755428571428571,15,120.7,2023-02-01,3.50976634025574,54,54,1,0,17.636670940121054
Marpole,2023,2,night,7852,3.72082,2110.287517267699,0.6024,34,120.7,2023-02-01,3.50976634025574,54,54,1,0,20.458825378011184
Marpole,2023,3,day,5380,1.91342,2811.719329786456,0.51616,24,120.9,2023-03-01,4.85772609710693,54,54,1,0,20.13483873565257
Marpole,2023,3,night,10517,3.83722,2740.786298413956,0.5958523529411764,37,120.9,2023-03-01,4.85772609710693,54,54,1,0,29.721223572009563
Marpole,2023,4,day,7861,2.87267,2736.478607010203,0.52768,24,122,2023-04-01,5.63840532302856,54,54,1,0,19.66671017467539
Marpole,2023,4,night,11574,3.75087,3085.684121283862,0.6559522222222223,35,122,2023-04-01,5.63840532302856,54,54,1,0,33.58199148051958
Marpole,2023,5,day,9234,3.75142,2461.4679241460567,0.6048607142857143,28,122.1,2023-05-01,5.96097421646118,54,54,1,0,18.53756870991591
Marpole,2023,5,night,12451,3.77479,3298.461636276455,0.6522568181818181,44,122.1,2023-05-01,5.96097421646118,54,54,1,0,37.61710343736931
Marpole,2023,6,day,6815,3.0141999999999998,2260.9647667706195,0.655893,16,122,2023-06-01,NA,NA,NA,NA,0,17.194845726758825
Marpole,2023,6,night,11337,4.3121599999999995,2629.076843159809,0.6204327777777777,34,122,2023-06-01,NA,NA,NA,NA,0,30.277714530628245
Marpole,2023,7,day,7758,3.52623,2200.083375162709,0.5278079999999999,18,122.1,2023-07-01,6.21589422225952,54,54,1,0,17.52554933313761
Marpole,2023,7,night,7422,2.76599,2683.3068810805535,0.6319915384615384,32,122.1,2023-07-01,6.21589422225952,54,54,1,0,32.368171445967604
Marpole,2023,8,day,5523,1.84706,2990.1573311099805,0.5693325,18,122.1,2023-08-01,5.79841995239258,54,54,1,0,24.25093647773227
Marpole,2023,8,night,11628,3.51616,3307.0167455405895,0.6077078947368421,31,122.1,2023-08-01,5.79841995239258,54,54,1,0,40.614974903710696
Marpole,2023,9,day,7022,2.9953,2344.3394651620874,0.6543127272727273,17,122.5,2023-09-01,5.73813343048096,54,54,1,0,17.994828032820017
Marpole,2023,9,night,7299,2.93785,2484.469935497047,0.6800174999999999,25,122.5,2023-09-01,5.73813343048096,54,54,1,0,28.878608877277532
Marpole,2023,10,day,9689,3.23426,2995.739365418983,0.610453125,28,122.5,2023-10-01,5.20723867416382,54,54,1,0,23.136302829142746
Marpole,2023,10,night,12891,4.52058,2851.6252339301595,0.6873113636363637,48,122.5,2023-10-01,5.20723867416382,54,54,1,0,33.35014327135284
Marpole,2023,11,day,7293,2.32963,3130.540042839421,0.670680909090909,16,122.5,2023-11-01,5.04020023345947,54,54,1,0,21.78262419602185
Marpole,2023,11,night,12181,3.96588,3071.4494639273,0.6311184210526316,45,122.5,2023-11-01,5.04020023345947,54,54,1,0,32.363063902196586
Marpole,2023,12,day,4988,2.31269,2156.795765969499,0.65714625,14,122.5,2023-12-01,5.57946252822876,54,54,1,0,14.583995075345673
Marpole,2023,12,night,9976,3.88116,2570.365560811716,0.6009033333333333,37,122.5,2023-12-01,5.57946252822876,54,54,1,0,26.319504050506527
Marpole,2024,1,day,3596,1.97297,1822.6328834194135,0.62528,7,122.5,2024-01-01,7.79218530654907,54,54,1,0,12.097480417636126
Marpole,2024,1,night,10395,3.77437,2754.1020090770116,0.570653125,36,122.5,2024-01-01,7.79218530654907,54,54,1,0,27.681592393352666
Marpole,2024,2,day,8110,3.32134,2441.7855443887106,0.6321416666666666,20,122.4,2024-02-01,6.05403184890747,54,54,1,0,14.616839454944873
Marpole,2024,2,night,12150,4.4644699999999995,2721.4876569895196,0.6354636842105263,41,122.4,2024-02-01,6.05403184890747,54,54,1,0,24.669914740231643
Marpole,2024,3,day,8009,3.64722,2195.919083575984,0.6285158333333334,20,122.5,2024-03-01,6.40457105636597,54,54,1,0,14.703297209999233
Marpole,2024,3,night,13322,3.38143,3939.7532996395016,0.6085469565217392,53,122.5,2024-03-01,6.40457105636597,54,54,1,0,39.946869619517535
Marpole,2024,4,day,7588,3.16575,2396.9043670536207,0.6309427272727273,21,130.3,2024-04-01,6.10625982284546,54,54,1,0,16.10692294918038
Marpole,2024,4,night,7826,3.3616099999999998,2328.051142161048,0.6321599999999999,23,130.3,2024-04-01,6.10625982284546,54,54,1,0,23.690253726308395
Marpole,2024,5,day,7219,2.80563,2573.040636149457,0.5184,24,130.4,2024-05-01,6.49383592605591,54,54,1,0,18.118717436461544
Marpole,2024,5,night,6821,2.16006,3157.7826541855316,0.5344,16,130.4,2024-05-01,6.49383592605591,54,54,1,0,33.67273270696795
Marpole,2024,6,day,7605,3.13948,2422.3756800489255,0.6102807692307692,27,130.3,2024-06-01,NA,NA,NA,NA,0,17.225355777828867
Marpole,2024,6,night,11454,4.38609,2611.437521801878,0.6524205555555556,28,130.3,2024-06-01,NA,NA,NA,NA,0,28.120411005377665
Marpole,2024,7,day,7722,3.0465,2534.711964549483,0.7113241666666666,28,130.4,2024-07-01,4.94767618179321,54,54,1,0,18.879188785198735
Marpole,2024,7,night,7483,3.61014,2072.7728010548067,0.5812363636363637,32,130.4,2024-07-01,4.94767618179321,54,54,1,0,23.378774215394266
Marpole,2024,8,day,6539,2.5909999999999997,2523.7360092628332,0.615019,14,130.4,2024-08-01,4.77960157394409,54,54,1,0,19.138179015877206
Marpole,2024,8,night,10243,4.38404,2336.4294121404005,0.641678,37,130.4,2024-08-01,4.77960157394409,54,54,1,0,26.83024719597773
Marpole,2024,9,day,7941,3.00607,2641.655051279578,0.5872290909090909,22,130.3,2024-09-01,4.01073455810547,54,54,1,0,18.95944074930901
Marpole,2024,9,night,6209,3.45964,1794.695401833717,0.6453566666666667,23,130.3,2024-09-01,4.01073455810547,54,54,1,0,19.505428134579862
Marpole,2024,10,day,8695,3.8458,2260.9080035363254,0.68288,28,130.4,2024-10-01,5.54911613464355,54,54,1,0,16.32657317416296
Marpole,2024,10,night,7532,3.66264,2056.44016337942,0.6754308333333333,21,130.4,2024-10-01,5.54911613464355,54,54,1,0,22.487622710918316
Marpole,2024,11,day,8381,3.75074,2234.4923935010156,0.5871466666666667,17,130.3,2024-11-01,5.42874336242676,54,54,1,0,14.537577077466093
Marpole,2024,11,night,9168,3.81886,2400.7164441744394,0.67072,26,130.3,2024-11-01,5.42874336242676,54,54,1,0,23.652079933889755
Marpole,2024,12,day,7141,3.41849,2088.934003024727,0.5932218181818182,17,130.4,2024-12-01,4.76472330093384,54,54,1,0,13.207311471985479
Marpole,2024,12,night,5999,1.95468,3069.044549491477,0.5762366666666666,16,130.4,2024-12-01,4.76472330093384,54,54,1,0,29.383817259847685
Mount Pleasant,2014,1,day,19248,2.17046,8868.16619518443,0.6520825,53,94.8,2014-01-01,6.67449712753296,42,42,1,0,80.74006953016632
Mount Pleasant,2014,1,night,22776,2.5434,8954.942203349847,0.6654954545454546,112,94.8,2014-01-01,6.67449712753296,42,42,1,0,123.46202725445245
Mount Pleasant,2014,2,day,19514,2.29353,8508.2819932593,0.6902838888888889,59,94.8,2014-02-01,6.74973249435425,42,42,1,0,69.86302773593113
Mount Pleasant,2014,2,night,25558,2.7805400000000002,9191.7397340085,0.6513596296296297,89,94.8,2014-02-01,6.74973249435425,42,42,1,0,114.29271977296638
Mount Pleasant,2014,3,day,23120,2.6255100000000002,8805.908185457301,0.6717883333333333,87,94.8,2014-03-01,7.11836624145508,42,42,1,0,80.87832070991155
Mount Pleasant,2014,3,night,25623,2.75029,9316.47208112599,0.6173037931034483,114,94.8,2014-03-01,7.11836624145508,42,42,1,0,129.57606297569995
Mount Pleasant,2014,4,day,23597,2.77783,8494.76029850639,0.6343016,102,101.7,2014-04-01,7.16108274459839,42,42,1,0,78.3019490391809
Mount Pleasant,2014,4,night,25667,2.79758,9174.715289643193,0.6311139285714286,96,101.7,2014-04-01,7.16108274459839,42,42,1,0,128.0646776986824
Mount Pleasant,2014,5,day,24324,2.76539,8795.866044210763,0.6728848,119,101.7,2014-05-01,7.36248636245728,42,42,1,0,84.96087627259386
Mount Pleasant,2014,5,night,29535,3.28713,8985.041662483687,0.6187045714285714,113,101.7,2014-05-01,7.36248636245728,42,42,1,0,131.42433632860713
Mount Pleasant,2014,6,day,26897,3.04594,8830.44314727145,0.6602113333333334,130,101.7,2014-06-01,NA,NA,NA,NA,0,86.13284077980785
Mount Pleasant,2014,6,night,27729,3.23653,8567.50902973246,0.6619360606060606,126,101.7,2014-06-01,NA,NA,NA,NA,0,126.54825594113586
Mount Pleasant,2014,7,day,26530,3.13334,8467.003261695188,0.6592254838709678,132,101.7,2014-07-01,7.47676753997803,42,42,1,0,86.5055577785059
Mount Pleasant,2014,7,night,30579,3.332,9177.370948379352,0.638925945945946,148,101.7,2014-07-01,7.47676753997803,42,42,1,0,141.98677367080887
Mount Pleasant,2014,8,day,25036,2.76793,9045.026427691453,0.6068739285714285,114,101.7,2014-08-01,7.23996305465698,42,42,1,0,94.0862366521209
Mount Pleasant,2014,8,night,27238,3.07417,8860.277733502051,0.6402823333333333,165,101.7,2014-08-01,7.23996305465698,42,42,1,0,139.56576935433702
Mount Pleasant,2014,9,day,22682,2.52365,8987.77564242268,0.6354104347826087,104,101.7,2014-09-01,6.73717069625854,42,42,1,0,88.48327897737131
Mount Pleasant,2014,9,night,29293,3.28229,8924.561815074232,0.629676,144,101.7,2014-09-01,6.73717069625854,42,42,1,0,133.04887552168603
Mount Pleasant,2014,10,day,25203,2.87673,8760.989039638756,0.6660837037037037,113,101.7,2014-10-01,7.50572109222412,42,42,1,0,86.78104072959752
Mount Pleasant,2014,10,night,30521,3.38042,9028.759739913976,0.6405121052631579,168,101.7,2014-10-01,7.50572109222412,42,42,1,0,135.4300798574404
Mount Pleasant,2014,11,day,21258,2.39948,8859.419540900528,0.6785031578947368,78,101.7,2014-11-01,6.82424688339233,42,42,1,0,79.06385526194602
Mount Pleasant,2014,11,night,28415,3.17344,8954.00574770596,0.6583545454545454,110,101.7,2014-11-01,6.82424688339233,42,42,1,0,121.0055831233841
Mount Pleasant,2014,12,day,20738,2.2467,9230.426848266346,0.63474,72,101.7,2014-12-01,6.64515256881714,42,42,1,0,80.05179137281127
Mount Pleasant,2014,12,night,26479,2.96207,8939.3565985949,0.6600034482758621,102,101.7,2014-12-01,6.64515256881714,42,42,1,0,117.40074506053766
Mount Pleasant,2015,1,day,22104,2.49721,8851.478249726695,0.6515313043478261,67,101.7,2015-01-01,5.95022773742676,42,42,1,0,83.45449658627635
Mount Pleasant,2015,1,night,28589,3.1247,9149.358338400487,0.6379747058823529,101,101.7,2015-01-01,5.95022773742676,42,42,1,0,130.62908761548434
Mount Pleasant,2015,2,day,20287,2.28356,8883.935609311777,0.6431270588235294,61,101.7,2015-02-01,7.31838369369507,42,42,1,0,75.54218973309641
Mount Pleasant,2015,2,night,24097,2.70168,8919.26504989488,0.6742704166666666,90,101.7,2015-02-01,7.31838369369507,42,42,1,0,114.84935441452377
Mount Pleasant,2015,3,day,21460,2.47623,8666.400132459423,0.6555757894736842,85,101.7,2015-03-01,6.88055419921875,42,42,1,0,82.42811128324458
Mount Pleasant,2015,3,night,22922,2.52953,9061.762461801205,0.6332030434782608,85,101.7,2015-03-01,6.88055419921875,42,42,1,0,130.51625589903486
Mount Pleasant,2015,4,day,22863,2.56138,8926.047677423889,0.6404982608695652,102,107.7,2015-04-01,7.19817781448364,42,42,1,0,85.20386303461281
Mount Pleasant,2015,4,night,25543,2.84586,8975.494226701243,0.6558721428571429,95,107.7,2015-04-01,7.19817781448364,42,42,1,0,129.7399649556728
Mount Pleasant,2015,5,day,22920,2.5688,8922.45406415447,0.6465522727272728,103,107.7,2015-05-01,7.67136287689209,42,42,1,0,89.24899546831534
Mount Pleasant,2015,5,night,26995,2.98733,9036.497474333268,0.6404916129032258,106,107.7,2015-05-01,7.67136287689209,42,42,1,0,136.87825770466932
Mount Pleasant,2015,6,day,21719,2.47575,8772.695142885994,0.629362,90,107.7,2015-06-01,NA,NA,NA,NA,0,88.61310398580122
Mount Pleasant,2015,6,night,23371,2.51977,9275.052881810641,0.6776321739130434,102,107.7,2015-06-01,NA,NA,NA,NA,0,141.87197918589283
Mount Pleasant,2015,7,day,23555,2.63114,8952.393259195635,0.6332634782608696,124,107.7,2015-07-01,7.58309555053711,42,42,1,0,94.7179030871556
Mount Pleasant,2015,7,night,24804,2.74172,9046.875683877275,0.6632223076923077,124,107.7,2015-07-01,7.58309555053711,42,42,1,0,144.94621095454545
Mount Pleasant,2015,8,day,24586,2.80365,8769.282899077987,0.6258846153846154,113,107.7,2015-08-01,6.24501609802246,42,42,1,0,94.46240050859778
Mount Pleasant,2015,8,night,25523,2.93376,8699.7573080279235,0.6265425,147,107.7,2015-08-01,6.24501609802246,42,42,1,0,141.91142324302405
Mount Pleasant,2015,9,day,22587,2.57354,8776.62674759281,0.6515313043478261,100,107.7,2015-09-01,6.46385526657104,42,42,1,0,89.47779104724249
Mount Pleasant,2015,9,night,29121,3.236,8999.072929542644,0.6250530555555556,159,107.7,2015-09-01,6.46385526657104,42,42,1,0,138.93149768460768
Mount Pleasant,2015,10,day,21933,2.34245,9363.273495698948,0.6084795238095239,88,107.7,2015-10-01,6.51596307754517,42,42,1,0,96.04573089115993
Mount Pleasant,2015,10,night,28847,3.16698,9108.677667683407,0.6501711428571428,161,107.7,2015-10-01,6.51596307754517,42,42,1,0,141.48845738212776
Mount Pleasant,2015,11,day,23526,2.66888,8814.93360510776,0.6550095652173913,75,107.7,2015-11-01,6.68795013427734,42,42,1,0,81.46487661869844
Mount Pleasant,2015,11,night,30368,3.36866,9014.86050833269,0.6548868421052632,171,107.7,2015-11-01,6.68795013427734,42,42,1,0,126.16116499430889
Mount Pleasant,2015,12,day,25465,2.89968,8782.003531424158,0.6838059259259259,93,107.7,2015-12-01,3.99353289604187,42,42,1,0,78.87175726917779
Mount Pleasant,2015,12,night,26442,3.04815,8674.769942424093,0.66686,122,107.7,2015-12-01,3.99353289604187,42,42,1,0,117.9780453903991
Mount Pleasant,2016,1,day,20613,2.37553,8677.221504253788,0.6602890476190476,82,107.7,2016-01-01,5.96560001373291,42,42,1,0,85.80090311985171
Mount Pleasant,2016,1,night,29042,3.20823,9052.343504050521,0.6458862857142857,146,107.7,2016-01-01,5.96560001373291,42,42,1,0,135.546254647241
Mount Pleasant,2016,2,day,19833,2.2568,8788.107054236087,0.6424144444444444,65,107.6,2016-02-01,5.37008047103882,42,42,1,0,78.37124503796733
Mount Pleasant,2016,2,night,25300,2.88783,8760.903515788672,0.6462533333333333,102,107.6,2016-02-01,5.37008047103882,42,42,1,0,118.31113643358725
Mount Pleasant,2016,3,day,19654,2.34067,8396.74110404286,0.6517111764705882,94,107.7,2016-03-01,7.12408351898193,42,42,1,0,83.75767528350818
Mount Pleasant,2016,3,night,26694,2.90983,9173.731798764877,0.6471151724137931,125,107.7,2016-03-01,7.12408351898193,42,42,1,0,138.57191289020562
Mount Pleasant,2016,4,day,22398,2.49537,8975.823224611982,0.6588236363636364,105,112.2,2016-04-01,7.09751558303833,42,42,1,0,89.85693775517665
Mount Pleasant,2016,4,night,27125,2.96799,9139.18173578752,0.6509467741935484,154,112.2,2016-04-01,7.09751558303833,42,42,1,0,138.54790334710816
Mount Pleasant,2016,5,day,25602,2.81818,9084.586506184844,0.6061464285714285,145,112.3,2016-05-01,7.09708976745605,42,42,1,0,95.30186964213375
Mount Pleasant,2016,5,night,25552,2.82391,9048.447011413253,0.6659253571428572,167,112.3,2016-05-01,7.09708976745605,42,42,1,0,143.74264251647364
Mount Pleasant,2016,6,day,26249,2.92032,8988.398531667763,0.6457767857142858,125,112.2,2016-06-01,NA,NA,NA,NA,0,95.2191876697368
Mount Pleasant,2016,6,night,28677,3.26045,8795.41167630235,0.6617079411764706,155,112.2,2016-06-01,NA,NA,NA,NA,0,141.0956565713211
Mount Pleasant,2016,7,day,24588,2.89068,8505.957075843746,0.6386876,132,112.3,2016-07-01,6.56256866455078,42,42,1,0,94.38290713916157
Mount Pleasant,2016,7,night,27742,3.13497,8849.207488428916,0.639158125,165,112.3,2016-07-01,6.56256866455078,42,42,1,0,148.69277362852336
Mount Pleasant,2016,8,day,22094,2.44148,9049.429034847715,0.651552380952381,111,112.3,2016-08-01,7.42732667922974,42,42,1,0,102.23352037174628
Mount Pleasant,2016,8,night,27465,3.15016,8718.604769281561,0.6788487096774194,158,112.3,2016-08-01,7.42732667922974,42,42,1,0,149.1538434581729
Mount Pleasant,2016,9,day,23723,2.74242,8650.389072425085,0.6436704347826087,92,112.2,2016-09-01,6.08115291595459,42,42,1,0,92.49121966011337
Mount Pleasant,2016,9,night,28783,3.33966,8618.542007270202,0.6825908823529412,140,112.2,2016-09-01,6.08115291595459,42,42,1,0,139.54490644843844
Mount Pleasant,2016,10,day,21435,2.35485,9102.490604497103,0.6623236842105263,92,112.3,2016-10-01,6.01117849349976,42,42,1,0,97.92370483172371
Mount Pleasant,2016,10,night,28815,3.1676,9096.792524308625,0.6663174285714286,132,112.3,2016-10-01,6.01117849349976,42,42,1,0,148.19420029471885
Mount Pleasant,2016,11,day,25443,2.85205,8920.951596220262,0.6596440740740741,84,112.2,2016-11-01,5.07875156402588,42,42,1,0,86.46488767462961
Mount Pleasant,2016,11,night,25531,2.75457,9268.597276525918,0.650598275862069,121,112.2,2016-11-01,5.07875156402588,42,42,1,0,136.0372775633605
Mount Pleasant,2016,12,day,21294,2.35747,9032.56457134131,0.6291842105263158,70,112.3,2016-12-01,6.21920680999756,42,42,1,0,85.07779481481735
Mount Pleasant,2016,12,night,24853,2.81884,8816.747314498163,0.6676242307692308,126,112.3,2016-12-01,6.21920680999756,42,42,1,0,125.75604341929004
Mount Pleasant,2017,1,day,20780,2.2852,9093.295991598108,0.5965655555555556,75,112.3,2017-01-01,8.08865165710449,42,42,1,0,85.41541748459791
Mount Pleasant,2017,1,night,23608,2.59262,9105.846595335992,0.6522283333333333,92,112.3,2017-01-01,8.08865165710449,42,42,1,0,129.5241022151191
Mount Pleasant,2017,2,day,18230,2.00554,9089.82119528905,0.6429742857142857,66,112.1,2017-02-01,6.92785263061523,42,42,1,0,77.00528147036266
Mount Pleasant,2017,2,night,24227,2.68739,9015.066663193656,0.6659132,111,112.1,2017-02-01,6.92785263061523,42,42,1,0,115.65101158903403
Mount Pleasant,2017,3,day,25180,2.8787,8747.003855907182,0.6689903846153846,115,112.3,2017-03-01,7.52474975585938,42,42,1,0,82.88518951898679
Mount Pleasant,2017,3,night,27008,2.99402,9020.64782466383,0.6770006666666667,108,112.3,2017-03-01,7.52474975585938,42,42,1,0,129.44064422802654
Mount Pleasant,2017,4,day,19470,2.15832,9020.905148448794,0.6413452941176471,80,115.2,2017-04-01,6.92967319488525,42,42,1,0,85.78892080993317
Mount Pleasant,2017,4,night,25936,2.9531,8782.63519691172,0.659024827586207,113,115.2,2017-04-01,6.92967319488525,42,42,1,0,126.47982416731064
Mount Pleasant,2017,5,day,27544,3.05252,9023.364302281394,0.62353125,103,115.3,2017-05-01,7.01275014877319,42,42,1,0,89.92252896159395
Mount Pleasant,2017,5,night,27089,3.02589,8952.407390883343,0.6621845161290323,124,115.3,2017-05-01,7.01275014877319,42,42,1,0,135.09994709937428
Mount Pleasant,2017,6,day,23349,2.6481,8817.265209017787,0.6714104545454546,87,115.2,2017-06-01,NA,NA,NA,NA,0,88.73190808774912
Mount Pleasant,2017,6,night,26844,3.02296,8880.03810834414,0.693381,117,115.2,2017-06-01,NA,NA,NA,NA,0,135.3243866661778
Mount Pleasant,2017,7,day,24800,2.78667,8899.510885752528,0.6539153846153846,109,115.3,2017-07-01,7.61825132369995,42,42,1,0,93.80804103250561
Mount Pleasant,2017,7,night,26613,2.96704,8969.545405522002,0.6905686666666667,124,115.3,2017-07-01,7.61825132369995,42,42,1,0,143.17252422842446
Mount Pleasant,2017,8,day,21185,2.52188,8400.479007724396,0.6591727272727272,124,115.3,2017-08-01,6.71653032302856,42,42,1,0,90.15295217720372
Mount Pleasant,2017,8,night,24505,2.89269,8471.353653519735,0.6401874074074074,127,115.3,2017-08-01,6.71653032302856,42,42,1,0,137.6714972482922
Mount Pleasant,2017,9,day,25829,2.85971,9032.034716806947,0.642855,108,115.2,2017-09-01,6.21861362457275,42,42,1,0,91.73904780505907
Mount Pleasant,2017,9,night,28854,3.1141200000000002,9265.538900235058,0.6170523529411764,134,115.2,2017-09-01,6.21861362457275,42,42,1,0,142.51304996765964
Mount Pleasant,2017,10,day,23268,2.72843,8527.981293271223,0.6562236,97,115.3,2017-10-01,7.45518922805786,42,42,1,0,87.1520487093401
Mount Pleasant,2017,10,night,26378,2.99267,8814.20270193506,0.64219,136,115.3,2017-10-01,7.45518922805786,42,42,1,0,136.40481990771184
Mount Pleasant,2017,11,day,21298,2.4701400000000002,8622.18335802829,0.6686854545454546,80,115.2,2017-11-01,5.39999485015869,42,42,1,0,79.38704154590563
Mount Pleasant,2017,11,night,26236,3.06489,8560.176711072827,0.6766492857142857,128,115.2,2017-11-01,5.39999485015869,42,42,1,0,119.35219612983389
Mount Pleasant,2017,12,day,24555,2.69739,9103.244247216755,0.6671036,98,115.3,2017-12-01,6.40345811843872,42,42,1,0,81.45262966309406
Mount Pleasant,2017,12,night,31028,3.48915,8892.710258945588,0.6537666666666667,166,115.3,2017-12-01,6.40345811843872,42,42,1,0,120.49204574543371
Mount Pleasant,2018,1,day,21532,2.54102,8473.7625048209,0.6344757142857143,88,115.3,2018-01-01,7.21715211868286,42,42,1,0,80.31286604445494
Mount Pleasant,2018,1,night,28007,3.18715,8787.474703104655,0.6545824242424243,154,115.3,2018-01-01,7.21715211868286,42,42,1,0,126.1212439102932
Mount Pleasant,2018,2,day,21799,2.49041,8753.177187691987,0.6783373684210526,69,115.1,2018-02-01,6.55000972747803,42,42,1,0,74.82122056912976
Mount Pleasant,2018,2,night,26493,3.04029,8713.971364573774,0.6427896551724138,143,115.1,2018-02-01,6.55000972747803,42,42,1,0,112.79517393709094
Mount Pleasant,2018,3,day,20608,2.27791,9046.889473245212,0.64274,106,115.3,2018-03-01,7.87906742095947,42,42,1,0,86.49894248101734
Mount Pleasant,2018,3,night,28181,3.14456,8961.826137838045,0.6653460606060606,141,115.3,2018-03-01,7.87906742095947,42,42,1,0,129.7547749111025
Mount Pleasant,2018,4,day,21067,2.46973,8530.082235709975,0.6532626315789474,94,118.7,2018-04-01,8.01650810241699,42,42,1,0,81.851794043191
Mount Pleasant,2018,4,night,26803,2.99816,8939.816420738052,0.6379286666666667,124,118.7,2018-04-01,8.01650810241699,42,42,1,0,129.90291791390806
Mount Pleasant,2018,5,day,24572,2.74759,8943.110143798747,0.6660284,103,118.8,2018-05-01,7.61718797683716,42,42,1,0,89.92542455812078
Mount Pleasant,2018,5,night,27104,2.94255,9211.058435710522,0.660318,119,118.8,2018-05-01,7.61718797683716,42,42,1,0,140.25513672483197
Mount Pleasant,2018,6,day,21504,2.38291,9024.260253219803,0.6181352380952381,108,118.7,2018-06-01,NA,NA,NA,NA,0,91.63289863643138
Mount Pleasant,2018,6,night,28796,3.17655,9065.18077788796,0.6647761764705883,137,118.7,2018-06-01,NA,NA,NA,NA,0,139.3899953467895
Mount Pleasant,2018,7,day,21843,2.46226,8871.118403417997,0.675858,90,118.8,2018-07-01,7.40296268463135,42,42,1,0,94.35093331418507
Mount Pleasant,2018,7,night,26066,2.99317,8708.493002402136,0.648378275862069,121,118.8,2018-07-01,7.40296268463135,42,42,1,0,140.25751916517564
Mount Pleasant,2018,8,day,21155,2.32464,9100.333815128364,0.6184875,100,118.8,2018-08-01,5.85375118255615,42,42,1,0,98.54330452712472
Mount Pleasant,2018,8,night,24963,2.89338,8627.625821703336,0.6467380769230769,120,118.8,2018-08-01,5.85375118255615,42,42,1,0,141.47393102467055
Mount Pleasant,2018,9,day,23612,2.69853,8749.949046332633,0.62120625,92,118.7,2018-09-01,6.79243946075439,42,42,1,0,89.67431138396132
Mount Pleasant,2018,9,night,27727,3.09181,8967.886124955932,0.618928125,148,118.7,2018-09-01,6.79243946075439,42,42,1,0,139.1771478721142
Mount Pleasant,2018,10,day,20977,2.42868,8637.202101553106,0.622061,94,118.8,2018-10-01,6.98956108093262,42,42,1,0,89.06320919048848
Mount Pleasant,2018,10,night,26814,3.05062,8789.688653454052,0.6430054838709678,94,118.8,2018-10-01,6.98956108093262,42,42,1,0,137.25054291616377
Mount Pleasant,2018,11,day,19891,2.2915200000000002,8680.264627845272,0.71521,66,118.7,2018-11-01,5.62407255172729,42,42,1,0,80.64161659341096
Mount Pleasant,2018,11,night,28372,3.09784,9158.639568215272,0.6418961764705883,117,118.7,2018-11-01,5.62407255172729,42,42,1,0,128.8464772204738
Mount Pleasant,2018,12,day,18960,2.31292,8197.430088373138,0.6385327777777778,79,118.8,2018-12-01,6.03438186645508,42,42,1,0,74.00831774241401
Mount Pleasant,2018,12,night,29147,3.16046,9222.39167716092,0.6608348571428572,152,118.8,2018-12-01,6.03438186645508,42,42,1,0,126.08449837762635
Mount Pleasant,2019,1,day,19431,2.17436,8936.42267149874,0.6569188235294118,74,118.8,2019-01-01,5.57968282699585,42,42,1,0,91.77585732176664
Mount Pleasant,2019,1,night,28543,3.15029,9060.435705919137,0.6431982352941177,136,118.8,2019-01-01,5.57968282699585,42,42,1,0,140.90589162260397
Mount Pleasant,2019,2,day,20145,2.3614,8530.956212416362,0.6174563157894737,75,118.6,2019-02-01,6.90229082107544,42,42,1,0,79.01557293193376
Mount Pleasant,2019,2,night,25496,2.8293,9011.416251369597,0.6653082142857143,114,118.6,2019-02-01,6.90229082107544,42,42,1,0,126.39309616507589
Mount Pleasant,2019,3,day,20382,2.39029,8526.998816043242,0.6454155,104,118.8,2019-03-01,8.00613498687744,42,42,1,0,88.34126786272977
Mount Pleasant,2019,3,night,25734,2.84086,9058.524531303901,0.6722757142857143,115,118.8,2019-03-01,8.00613498687744,42,42,1,0,142.11509543739703
Mount Pleasant,2019,4,day,19924,2.17402,9164.58910221617,0.6335338888888888,95,120.9,2019-04-01,7.98082160949707,42,42,1,0,95.28924689091701
Mount Pleasant,2019,4,night,24743,2.77798,8906.831582660783,0.6845884,114,120.9,2019-04-01,7.98082160949707,42,42,1,0,140.23921046334533
Mount Pleasant,2019,5,day,26051,2.92265,8913.48604862026,0.6214264285714286,115,120.9,2019-05-01,7.92737531661987,42,42,1,0,97.11748299967304
Mount Pleasant,2019,5,night,26415,2.97744,8871.715299048847,0.6637916666666667,155,120.9,2019-05-01,7.92737531661987,42,42,1,0,146.37696787019115
Mount Pleasant,2019,6,day,23753,2.71054,8763.198477056232,0.6452016666666667,108,120.9,2019-06-01,NA,NA,NA,NA,0,96.41805652831513
Mount Pleasant,2019,6,night,26879,3.06259,8776.55840318162,0.6713223333333334,142,120.9,2019-06-01,NA,NA,NA,NA,0,146.22960046405368
Mount Pleasant,2019,7,day,24105,2.57326,9367.494928611955,0.6211584615384615,129,120.9,2019-07-01,7.7184419631958,42,42,1,0,107.95610404311981
Mount Pleasant,2019,7,night,29230,3.13004,9338.538804615915,0.6663814285714286,171,120.9,2019-07-01,7.7184419631958,42,42,1,0,162.973872580242
Mount Pleasant,2019,8,day,24685,2.7947,8832.790639424624,0.6514396153846154,130,120.9,2019-08-01,7.62031936645508,42,42,1,0,103.6391033459075
Mount Pleasant,2019,8,night,29201,3.26878,8933.3023329805,0.6646077142857143,194,120.9,2019-08-01,7.62031936645508,42,42,1,0,158.7278243821727
Mount Pleasant,2019,9,day,21677,2.44108,8880.085863634129,0.6321566666666667,112,120.9,2019-09-01,7.77437925338745,42,42,1,0,98.61332521247449
Mount Pleasant,2019,9,night,28067,3.1075,9032.019308125504,0.651789696969697,158,120.9,2019-09-01,7.77437925338745,42,42,1,0,151.88630487450186
Mount Pleasant,2019,10,day,24330,2.75605,8827.851454073765,0.647588,124,120.9,2019-10-01,7.40742826461792,42,42,1,0,98.63616687453921
Mount Pleasant,2019,10,night,26459,2.95596,8951.068350045332,0.656997,149,120.9,2019-10-01,7.40742826461792,42,42,1,0,151.45072771541209
Mount Pleasant,2019,11,day,21205,2.37516,8927.819599521716,0.6204845,94,120.9,2019-11-01,7.66283750534058,42,42,1,0,89.87265628513958
Mount Pleasant,2019,11,night,27937,3.15708,8848.999708591484,0.639378125,153,120.9,2019-11-01,7.66283750534058,42,42,1,0,134.8937020497508
Mount Pleasant,2019,12,day,21949,2.43613,9009.78190819045,0.615692380952381,71,120.9,2019-12-01,5.83111333847046,42,42,1,0,88.13999091686206
Mount Pleasant,2019,12,night,28379,3.12492,9081.512486719661,0.629599696969697,175,120.9,2019-12-01,5.83111333847046,42,42,1,0,134.53405372153821
Mount Pleasant,2020,1,day,20337,2.38891,8513.087558761108,0.6162357142857143,70,120.9,2020-01-01,7.70687055587769,42,42,1,0,70.6833995390011
Mount Pleasant,2020,1,night,24924,2.88121,8650.5322416623585,0.6216086206896552,145,120.9,2020-01-01,7.70687055587769,42,42,1,0,108.76482836111776
Mount Pleasant,2020,2,day,20766,2.44938,8478.063836562722,0.6655561904761905,67,120.8,2020-02-01,6.87079429626465,42,42,1,0,63.485894511104576
Mount Pleasant,2020,2,night,28658,3.19862,8959.488779536176,0.6589988235294117,148,120.8,2020-02-01,6.87079429626465,42,42,1,0,101.59658539424956
Mount Pleasant,2020,3,day,22889,2.54845,8981.537797484745,0.6486373913043478,99,120.9,2020-03-01,7.55795288085938,42,42,1,0,75.22872603639925
Mount Pleasant,2020,3,night,27660,2.95971,9345.510202013036,0.629696129032258,128,120.9,2020-03-01,7.55795288085938,42,42,1,0,118.53629327539167
Mount Pleasant,2020,4,day,23257,2.54675,9132.031019927359,0.6295395833333334,65,119.6,2020-04-01,8.00375366210938,42,42,1,0,76.7651061518338
Mount Pleasant,2020,4,night,28652,3.16061,9065.338652981543,0.6335737142857143,108,119.6,2020-04-01,8.00375366210938,42,42,1,0,115.39734859378451
Mount Pleasant,2020,5,day,22572,2.58497,8732.016232296699,0.63591,64,119.7,2020-05-01,7.95389318466187,42,42,1,0,76.9183472095574
Mount Pleasant,2020,5,night,25035,2.88957,8663.918852978124,0.6371232142857143,73,119.7,2020-05-01,7.95389318466187,42,42,1,0,115.56999817152594
Mount Pleasant,2020,6,day,20257,2.27974,8885.662400098257,0.6473688235294117,54,119.6,2020-06-01,NA,NA,NA,NA,0,79.04076120435349
Mount Pleasant,2020,6,night,22188,2.43116,9126.50751081788,0.6278290476190477,59,119.6,2020-06-01,NA,NA,NA,NA,0,122.93661247864797
Mount Pleasant,2020,7,day,21837,2.57565,8478.248209189913,0.6678014285714285,80,119.7,2020-07-01,7.16051197052002,42,42,1,0,78.99424335352067
Mount Pleasant,2020,7,night,22909,2.60351,8799.274825139908,0.6793573913043478,91,119.7,2020-07-01,7.16051197052002,42,42,1,0,124.15137102049879
Mount Pleasant,2020,8,day,20752,2.37728,8729.30407861085,0.6402155,70,119.7,2020-08-01,7.17072677612305,42,42,1,0,82.80773629936455
Mount Pleasant,2020,8,night,26651,3.03704,8775.320707004188,0.657758125,91,119.7,2020-08-01,7.17072677612305,42,42,1,0,126.05776676514941
Mount Pleasant,2020,9,day,21616,2.48609,8694.777743364079,0.6218657142857142,77,119.6,2020-09-01,7.11685848236084,42,42,1,0,78.06250857556107
Mount Pleasant,2020,9,night,24773,2.71222,9133.84607443349,0.6597935714285714,104,119.6,2020-09-01,7.11685848236084,42,42,1,0,124.18039243768358
Mount Pleasant,2020,10,day,24290,2.72777,8904.70970792992,0.6528444,78,119.7,2020-10-01,6.35484838485718,42,42,1,0,80.43897284169061
Mount Pleasant,2020,10,night,24284,2.59483,9358.609234516327,0.5896057692307692,89,119.7,2020-10-01,6.35484838485718,42,42,1,0,128.01869184751092
Mount Pleasant,2020,11,day,17968,2.13921,8399.362381439878,0.6690311764705883,58,119.6,2020-11-01,6.08814811706543,42,42,1,0,68.35874341969627
Mount Pleasant,2020,11,night,21279,2.52261,8435.31104689191,0.6898773684210526,74,119.6,2020-11-01,6.08814811706543,42,42,1,0,103.95949822256074
Mount Pleasant,2020,12,day,18925,2.14295,8831.2839776943,0.66585625,62,119.7,2020-12-01,3.8727695941925,42,42,1,0,69.84706364436775
Mount Pleasant,2020,12,night,25524,2.78585,9162.015183875657,0.6477211111111111,106,119.7,2020-12-01,3.8727695941925,42,42,1,0,109.73132702023372
Mount Pleasant,2021,1,day,20567,2.32988,8827.4932614555255,0.678405,60,119.7,2021-01-01,2.92707920074463,42,42,1,0,59.057776016766695
Mount Pleasant,2021,1,night,27160,3.10093,8758.662723763517,0.6644423333333334,97,119.7,2021-01-01,2.92707920074463,42,42,1,0,88.73456358445009
Mount Pleasant,2021,2,day,19792,2.1728,9108.98379970545,0.60834,51,119.5,2021-02-01,6.99826192855835,42,42,1,0,54.96166181618548
Mount Pleasant,2021,2,night,21425,2.47946,8640.9944100731609,0.6477618181818182,75,119.5,2021-02-01,6.99826192855835,42,42,1,0,78.95306079730214
Mount Pleasant,2021,3,day,18172,1.92381,9445.839246079395,0.6585338461538461,66,119.7,2021-03-01,8.03683090209961,42,42,1,0,63.750400971815374
Mount Pleasant,2021,3,night,23460,2.59633,9035.83134655456,0.635308695652174,88,119.7,2021-03-01,8.03683090209961,42,42,1,0,92.34764137447252
Mount Pleasant,2021,4,day,17520,1.98266,8836.613438511898,0.6604528571428572,55,120.1,2021-04-01,8.01952171325684,42,42,1,0,59.85379595903835
Mount Pleasant,2021,4,night,21781,2.32834,9354.733415222863,0.628141,68,120.1,2021-04-01,8.01952171325684,42,42,1,0,95.95167900819405
Mount Pleasant,2021,5,day,20819,2.19669,9477.441059047933,0.6451816666666667,64,120.1,2021-05-01,8.29362010955811,42,42,1,0,67.2691386192238
Mount Pleasant,2021,5,night,22713,2.61688,8679.419767050838,0.6826778260869565,87,120.1,2021-05-01,8.29362010955811,42,42,1,0,93.28907530624942
Mount Pleasant,2021,6,day,21387,2.39491,8930.189443444639,0.6658831578947368,70,120.1,2021-06-01,NA,NA,NA,NA,0,64.00757037977782
Mount Pleasant,2021,6,night,23914,2.80369,8529.473657929371,0.64208375,85,120.1,2021-06-01,NA,NA,NA,NA,0,92.57809153679274
Mount Pleasant,2021,7,day,19315,2.22896,8665.476275931376,0.627443125,69,120.1,2021-07-01,7.8152928352356,42,42,1,0,65.05656359955493
Mount Pleasant,2021,7,night,25722,2.84478,9041.823972328264,0.6564418518518519,112,120.1,2021-07-01,7.8152928352356,42,42,1,0,102.79454076921176
Mount Pleasant,2021,8,day,22001,2.43281,9043.451810868914,0.6473847619047619,90,120.1,2021-08-01,6.25781202316284,42,42,1,0,69.12495860938155
Mount Pleasant,2021,8,night,23797,2.80551,8482.236741269859,0.6530230769230769,102,120.1,2021-08-01,6.25781202316284,42,42,1,0,98.18075470212808
Mount Pleasant,2021,9,day,19271,2.2341,8625.844859227429,0.6188944444444444,75,120.1,2021-09-01,6.86230802536011,42,42,1,0,62.40149956385041
Mount Pleasant,2021,9,night,26893,3.07631,8741.96683689225,0.6521303225806452,114,120.1,2021-09-01,6.86230802536011,42,42,1,0,95.76743578243507
Mount Pleasant,2021,10,day,18500,2.11176,8760.465204379287,0.6380833333333333,62,120.1,2021-10-01,7.38690137863159,42,42,1,0,63.765135103717974
Mount Pleasant,2021,10,night,23637,2.65986,8886.557939139653,0.6151370833333334,83,120.1,2021-10-01,7.38690137863159,42,42,1,0,97.95012916565007
Mount Pleasant,2021,11,day,19861,2.12256,9357.097090306046,0.62409625,68,120.1,2021-11-01,7.31682729721069,42,42,1,0,61.361822893479555
Mount Pleasant,2021,11,night,19156,2.05036,9342.749565929886,0.643585625,83,120.1,2021-11-01,7.31682729721069,42,42,1,0,92.77845706129108
Mount Pleasant,2021,12,day,19275,2.15756,8933.702886594116,0.648248,60,120.1,2021-12-01,6.97287797927856,42,42,1,0,56.93314472381762
Mount Pleasant,2021,12,night,21384,2.44393,8749.841443903877,0.6463104761904762,99,120.1,2021-12-01,6.97287797927856,42,42,1,0,84.44018427248356
Mount Pleasant,2022,1,day,15137,1.68819,8966.407809547503,0.6440572727272728,64,120.1,2022-01-01,4.79213571548462,42,42,1,0,63.68355770592053
Mount Pleasant,2022,1,night,26636,2.93305,9081.331719541091,0.6271766666666667,122,120.1,2022-01-01,4.79213571548462,42,42,1,0,97.67281187256926
Mount Pleasant,2022,2,day,17365,1.99169,8718.726307808947,0.6584107142857143,61,120,2022-02-01,7.54030513763428,42,42,1,0,55.84857635157393
Mount Pleasant,2022,2,night,21591,2.31951,9308.431522174942,0.630829,83,120,2022-02-01,7.54030513763428,42,42,1,0,90.29233647998485
Mount Pleasant,2022,3,day,20286,2.22817,9104.33225472024,0.6727966666666667,70,120.1,2022-03-01,8.38537883758545,42,42,1,0,65.2318364450731
Mount Pleasant,2022,3,night,26884,2.94979,9113.869122886714,0.6233436666666666,113,120.1,2022-03-01,8.38537883758545,42,42,1,0,98.88481729550398
Mount Pleasant,2022,4,day,21327,2.30271,9261.6960016676,0.578079,72,120.9,2022-04-01,8.42276287078857,42,42,1,0,66.59866137433922
Mount Pleasant,2022,4,night,25779,2.75835,9345.804557072162,0.6131521428571428,96,120.9,2022-04-01,8.42276287078857,42,42,1,0,101.76700507033631
Mount Pleasant,2022,5,day,21508,2.39699,8972.920204089294,0.6798057894736842,83,120.9,2022-05-01,7.36001062393188,42,42,1,0,67.61261236746353
Mount Pleasant,2022,5,night,20905,2.35502,8876.782362782482,0.6548121739130435,85,120.9,2022-05-01,7.36001062393188,42,42,1,0,101.28958781522992
Mount Pleasant,2022,6,day,17684,2.10666,8394.330361804941,0.653549375,63,120.9,2022-06-01,NA,NA,NA,NA,0,63.87425733545888
Mount Pleasant,2022,6,night,20688,2.33005,8878.77942533422,0.6703111764705882,87,120.9,2022-06-01,NA,NA,NA,NA,0,102.30771727746125
Mount Pleasant,2022,7,day,22141,2.57218,8607.87347697284,0.6790928571428572,84,120.9,2022-07-01,7.48407220840454,42,42,1,0,68.60625178930854
Mount Pleasant,2022,7,night,22948,2.63266,8716.659196402117,0.6586147826086957,96,120.9,2022-07-01,7.48407220840454,42,42,1,0,105.20423079203371
Mount Pleasant,2022,8,day,18544,2.05992,9002.2913511204315,0.6574106666666667,85,120.9,2022-08-01,7.20215845108032,42,42,1,0,73.05044336553611
Mount Pleasant,2022,8,night,22568,2.60587,8660.447374581234,0.662375,79,120.9,2022-08-01,7.20215845108032,42,42,1,0,106.42053548130322
Mount Pleasant,2022,9,day,20738,2.39756,8649.627120906254,0.628322,80,120.9,2022-09-01,7.68486261367798,42,42,1,0,66.42933508145013
Mount Pleasant,2022,9,night,22157,2.42802,9125.542623207386,0.6173181818181818,114,120.9,2022-09-01,7.68486261367798,42,42,1,0,106.12960275410806
Mount Pleasant,2022,10,day,16946,1.9749400000000001,8580.51383839509,0.6848925,59,120.9,2022-10-01,7.51801538467407,42,42,1,0,66.30381955994585
Mount Pleasant,2022,10,night,24673,2.81225,8773.402080184906,0.6550721428571429,80,120.9,2022-10-01,7.51801538467407,42,42,1,0,102.66173645275191
Mount Pleasant,2022,11,day,17388,1.93937,8965.79817157118,0.5994207692307693,38,120.9,2022-11-01,5.96076726913452,42,42,1,0,62.418770744532495
Mount Pleasant,2022,11,night,24300,2.7152600000000002,8949.41920847359,0.6864526923076923,89,120.9,2022-11-01,5.96076726913452,42,42,1,0,94.34880983311218
Mount Pleasant,2022,12,day,15263,1.79641,8496.390022322297,0.6573227272727272,47,120.9,2022-12-01,7.99096918106079,42,42,1,0,57.48271132396209
Mount Pleasant,2022,12,night,24573,2.75897,8906.584703711893,0.6286692592592592,90,120.9,2022-12-01,7.99096918106079,42,42,1,0,91.24925511025147
Mount Pleasant,2023,1,day,14989,1.76254,8504.20415990559,0.657135,58,120.9,2023-01-01,6.65741014480591,42,42,1,0,61.363785866659946
Mount Pleasant,2023,1,night,24621,2.67507,9203.871300564098,0.6356048,107,120.9,2023-01-01,6.65741014480591,42,42,1,0,100.56904504874322
Mount Pleasant,2023,2,day,16824,1.8802,8947.984256993936,0.6659145454545454,54,120.7,2023-02-01,8.04907989501953,42,42,1,0,58.23095484883833
Mount Pleasant,2023,2,night,21735,2.46029,8834.324408911145,0.6594180000000001,91,120.7,2023-02-01,8.04907989501953,42,42,1,0,87.05973971615356
Mount Pleasant,2023,3,day,19673,2.17227,9056.42484589853,0.6080682352941177,61,120.9,2023-03-01,7.86573314666748,42,42,1,0,65.92314715794582
Mount Pleasant,2023,3,night,21229,2.36877,8962.035149043597,0.6235623809523809,74,120.9,2023-03-01,7.86573314666748,42,42,1,0,98.78775335137246
Mount Pleasant,2023,4,day,18305,1.96161,9331.620454626556,0.63467,70,122,2023-04-01,8.05958652496338,42,42,1,0,68.1713167430454
Mount Pleasant,2023,4,night,21459,2.51486,8532.880557963465,0.633839,77,122,2023-04-01,8.05958652496338,42,42,1,0,94.39643734062572
Mount Pleasant,2023,5,day,15263,1.84023,8294.071936660092,0.638398,86,122.1,2023-05-01,7.93969535827637,42,42,1,0,63.49380393078952
Mount Pleasant,2023,5,night,22070,2.54848,8660.064038171773,0.6593622727272728,86,122.1,2023-05-01,7.93969535827637,42,42,1,0,100.39220041816894
Mount Pleasant,2023,6,day,17469,1.92678,9066.421698377604,0.565525625,108,122,2023-06-01,NA,NA,NA,NA,0,70.08827315442957
Mount Pleasant,2023,6,night,21270,2.281,9324.857518632178,0.6539836842105263,83,122,2023-06-01,NA,NA,NA,NA,0,109.1608655124933
Mount Pleasant,2023,7,day,19185,2.16763,8850.68023601814,0.6658873333333333,79,122.1,2023-07-01,8.08076667785645,42,42,1,0,71.66615535120022
Mount Pleasant,2023,7,night,20780,2.28137,9108.56196057632,0.7117711111111111,97,122.1,2023-07-01,8.08076667785645,42,42,1,0,111.68699190561156
Mount Pleasant,2023,8,day,20377,2.38125,8557.270341207348,0.662355,94,122.1,2023-08-01,8.00947093963623,42,42,1,0,70.54637170850265
Mount Pleasant,2023,8,night,21622,2.44404,8846.827384167198,0.641146,101,122.1,2023-08-01,8.00947093963623,42,42,1,0,110.44404507207291
Mount Pleasant,2023,9,day,20849,2.32505,8967.118986688458,0.6281744444444445,84,122.5,2023-09-01,7.67426776885986,42,42,1,0,69.96568498584654
Mount Pleasant,2023,9,night,24872,2.74608,9057.274369282759,0.6397411111111111,96,122.5,2023-09-01,7.67426776885986,42,42,1,0,107.01508549126004
Mount Pleasant,2023,10,day,19664,2.25648,8714.4579167553,0.6141625000000001,69,122.5,2023-10-01,6.91392803192139,42,42,1,0,68.41246934608367
Mount Pleasant,2023,10,night,27075,3.12525,8663.306935445165,0.633205806451613,100,122.5,2023-10-01,6.91392803192139,42,42,1,0,102.9897282180095
Mount Pleasant,2023,11,day,19198,2.20877,8691.715298559833,0.6576526666666667,60,122.5,2023-11-01,6.41638994216919,42,42,1,0,61.475402908719396
Mount Pleasant,2023,11,night,21451,2.36757,9060.344572705348,0.6649165,50,122.5,2023-11-01,6.41638994216919,42,42,1,0,97.04114832580049
Mount Pleasant,2023,12,day,15078,1.68506,8948.049327620382,0.6021433333333334,54,122.5,2023-12-01,7.51196622848511,42,42,1,0,61.5036389281034
Mount Pleasant,2023,12,night,20429,2.33109,8763.711396814366,0.6617622222222223,71,122.5,2023-12-01,7.51196622848511,42,42,1,0,91.21700962711822
Mount Pleasant,2024,1,day,15899,1.83992,8641.136571155268,0.597465,48,122.5,2024-01-01,9.8732213973999,42,42,1,0,58.30040225106095
Mount Pleasant,2024,1,night,22756,2.5832,8809.228863425209,0.6311340909090909,80,122.5,2024-01-01,9.8732213973999,42,42,1,0,90.00235975338944
Mount Pleasant,2024,2,day,18211,2.11544,8608.61097454903,0.591789375,50,122.4,2024-02-01,8.40478610992432,42,42,1,0,52.38223163534684
Mount Pleasant,2024,2,night,19869,2.1447,9264.23275982655,0.644629375,72,122.4,2024-02-01,8.40478610992432,42,42,1,0,85.36418402052634
Mount Pleasant,2024,3,day,20715,2.21274,9361.696358361127,0.652755,69,122.5,2024-03-01,7.65407037734985,42,42,1,0,63.717380014005876
Mount Pleasant,2024,3,night,21460,2.44872,8763.7622921363,0.6279489473684211,78,122.5,2024-03-01,7.65407037734985,42,42,1,0,90.32527016190274
Mount Pleasant,2024,4,day,18379,2.09688,8764.926939071382,0.636069375,69,130.3,2024-04-01,8.00040531158447,42,42,1,0,59.870809555467915
Mount Pleasant,2024,4,night,20399,2.29109,8903.6222933189,0.6216694736842105,72,130.3,2024-04-01,8.00040531158447,42,42,1,0,92.09772015142553
Mount Pleasant,2024,5,day,16637,1.88407,8830.351313910842,0.6289636363636364,62,130.4,2024-05-01,8.10389041900635,42,42,1,0,63.20679147649931
Mount Pleasant,2024,5,night,19906,2.21896,8970.869236038505,0.6199455555555555,69,130.4,2024-05-01,8.10389041900635,42,42,1,0,97.23790875360051
Mount Pleasant,2024,6,day,22279,2.67529,8327.695315274232,0.6758219047619047,78,130.3,2024-06-01,NA,NA,NA,NA,0,60.19445492083042
Mount Pleasant,2024,6,night,20364,2.25825,9017.602125539688,0.6145977777777778,77,130.3,2024-06-01,NA,NA,NA,NA,0,98.70474920294438
Mount Pleasant,2024,7,day,22840,2.56289,8911.814397028355,0.6641863636363636,92,130.4,2024-07-01,6.15776634216309,42,42,1,0,67.47234483609593
Mount Pleasant,2024,7,night,21249,2.46746,8611.689753835928,0.6609813636363636,74,130.4,2024-07-01,6.15776634216309,42,42,1,0,98.73323495725671
Mount Pleasant,2024,8,day,14902,1.71906,8668.691028818075,0.6399622222222222,62,130.4,2024-08-01,5.95953750610352,42,42,1,0,66.82133807720832
Mount Pleasant,2024,8,night,19682,2.2297,8827.196483831907,0.6578425,63,130.4,2024-08-01,5.95953750610352,42,42,1,0,103.03855478502742
Mount Pleasant,2024,9,day,19536,2.3074,8466.67244517639,0.65493875,72,130.3,2024-09-01,5.3072943687439,42,42,1,0,61.768510702643816
Mount Pleasant,2024,9,night,21693,2.43845,8896.225061001865,0.6678765,78,130.3,2024-09-01,5.3072943687439,42,42,1,0,98.28233237304312
Mount Pleasant,2024,10,day,18915,2.2537,8392.86506633536,0.6045388235294118,67,130.4,2024-10-01,6.95108222961426,42,42,1,0,61.60661466385456
Mount Pleasant,2024,10,night,22854,2.58432,8843.332095096583,0.6039604545454546,72,130.4,2024-10-01,6.95108222961426,42,42,1,0,98.29883237339567
Mount Pleasant,2024,11,day,18751,2.05374,9130.172271076184,0.6202766666666667,56,130.3,2024-11-01,6.81142568588257,42,42,1,0,60.38055179177912
Mount Pleasant,2024,11,night,19884,2.15867,9211.227283466209,0.6522629411764705,46,130.3,2024-11-01,6.81142568588257,42,42,1,0,92.24671831677402
Mount Pleasant,2024,12,day,18049,2.04517,8825.183236601357,0.6611226666666666,60,130.4,2024-12-01,6.09678411483765,42,42,1,0,56.717670849749574
Mount Pleasant,2024,12,night,21452,2.38638,8989.3478825669,0.6764525,92,130.4,2024-12-01,6.09678411483765,42,42,1,0,87.48592042326545
Oakridge,2014,1,day,7460,2.50655,2976.2023498434105,0.7544533333333333,30,94.8,2014-01-01,3.67129135131836,44,44,1,0,14.537282167434915
Oakridge,2014,1,night,8397,2.93252,2863.4075811929674,0.7745828571428571,26,94.8,2014-01-01,3.67129135131836,44,44,1,0,21.17967328330391
Oakridge,2014,2,day,5152,1.95659,2633.152576676769,0.73568,14,94.8,2014-02-01,3.48235273361206,44,44,1,0,11.599707066230767
Oakridge,2014,2,night,4196,1.80917,2319.2955885848205,0.77184,9,94.8,2014-02-01,3.48235273361206,44,44,1,0,15.47185619216575
Oakridge,2014,3,day,4905,2.08181,2356.1227969891584,0.8338488888888889,29,94.8,2014-03-01,4.02191209793091,44,44,1,0,11.609709771169019
Oakridge,2014,3,night,6780,1.89361,3580.462714075232,0.78352,21,94.8,2014-03-01,4.02191209793091,44,44,1,0,26.716398834158028
Oakridge,2014,4,day,6507,2.18716,2975.0909855703285,0.721664,25,101.7,2014-04-01,4.77250146865845,44,44,1,0,14.712523348611725
Oakridge,2014,4,night,6574,2.29188,2868.3875246522507,0.68864,21,101.7,2014-04-01,4.77250146865845,44,44,1,0,21.480285977779236
Oakridge,2014,5,day,6824,2.32969,2929.145079388245,0.6578036363636364,28,101.7,2014-05-01,4.12805366516113,44,44,1,0,15.17912468066651
Oakridge,2014,5,night,6767,1.80942,3739.872445313968,0.7624145454545455,28,101.7,2014-05-01,4.12805366516113,44,44,1,0,29.347962587466423
Oakridge,2014,6,day,4618,1.70567,2707.4404779353567,0.7054628571428572,21,101.7,2014-06-01,NA,NA,NA,NA,0,14.168068868331174
Oakridge,2014,6,night,5809,2.04944,2834.432820672964,0.62336,22,101.7,2014-06-01,NA,NA,NA,NA,0,22.461214269418157
Oakridge,2014,7,day,5149,2.00728,2565.1628073811326,0.70016,28,101.7,2014-07-01,4.29518842697144,44,44,1,0,14.060303244234634
Oakridge,2014,7,night,7374,2.37075,3110.408098702942,0.73488,22,101.7,2014-07-01,4.29518842697144,44,44,1,0,25.81739670438955
Oakridge,2014,8,day,4674,1.2084,3867.924528301887,0.72624,15,101.7,2014-08-01,3.99882650375366,44,44,1,0,21.585380974643783
Oakridge,2014,8,night,6544,2.26999,2882.832082960718,0.7592145454545455,18,101.7,2014-08-01,3.99882650375366,44,44,1,0,24.3621938455232
Oakridge,2014,9,day,3557,1.55769,2283.509555816626,0.7970133333333334,21,101.7,2014-09-01,3.94121885299683,44,44,1,0,12.06083255449588
Oakridge,2014,9,night,9204,2.97361,3095.2276862130543,0.77888,24,101.7,2014-09-01,3.94121885299683,44,44,1,0,24.756108483199966
Oakridge,2014,10,day,5587,1.8357999999999999,3043.359843120166,0.61608,20,101.7,2014-10-01,3.4541540145874,44,44,1,0,16.172996489005303
Oakridge,2014,10,night,9387,3.11007,3018.260039163106,0.77672,37,101.7,2014-10-01,3.4541540145874,44,44,1,0,24.288973514729463
Oakridge,2014,11,day,5022,1.16472,4311.765917988873,0.78984,23,101.7,2014-11-01,3.98516511917114,44,44,1,0,20.64397686174977
Oakridge,2014,11,night,6317,1.81565,3479.1947787293807,0.8150109090909091,25,101.7,2014-11-01,3.98516511917114,44,44,1,0,25.22506257442014
Oakridge,2014,12,day,4644,1.92019,2418.5106682151245,0.69536,18,101.7,2014-12-01,4.00259971618652,44,44,1,0,11.25285562206968
Oakridge,2014,12,night,7981,2.50416,3187.0966711392243,0.7309292307692308,30,101.7,2014-12-01,4.00259971618652,44,44,1,0,22.455632753420705
Oakridge,2015,1,day,5641,2.28266,2471.2396940411627,0.810624,21,101.7,2015-01-01,3.7472870349884,44,44,1,0,12.500122689879426
Oakridge,2015,1,night,9651,3.08533,3128.0284442831075,0.7542,31,101.7,2015-01-01,3.7472870349884,44,44,1,0,23.95992306265678
Oakridge,2015,2,day,2994,1.45367,2059.614630555766,0.6520320000000001,16,101.7,2015-02-01,3.82409262657166,44,44,1,0,9.395839832156454
Oakridge,2015,2,night,6376,2.39184,2665.7301491738576,0.713216,23,101.7,2015-02-01,3.82409262657166,44,44,1,0,18.415399364317295
Oakridge,2015,3,day,6197,2.02216,3064.5448431380305,0.7015111111111111,18,101.7,2015-03-01,4.25256395339966,44,44,1,0,15.637526619412135
Oakridge,2015,3,night,8607,2.81827,3054.0012135104157,0.7251657142857143,24,101.7,2015-03-01,4.25256395339966,44,44,1,0,23.598620031211592
Oakridge,2015,4,day,6115,2.49812,2447.8407762637503,0.7995345454545455,31,107.7,2015-04-01,3.58251690864563,44,44,1,0,12.53570367847258
Oakridge,2015,4,night,7414,2.50802,2956.116777378171,0.7026666666666667,16,107.7,2015-04-01,3.58251690864563,44,44,1,0,22.924636598562735
Oakridge,2015,5,day,6970,2.2861,3048.860504789817,0.6859054545454546,21,107.7,2015-05-01,3.81772184371948,44,44,1,0,16.36145942485017
Oakridge,2015,5,night,6464,2.4090599999999998,2683.204237337385,0.7588072727272728,19,107.7,2015-05-01,3.81772184371948,44,44,1,0,21.80487178821052
Oakridge,2015,6,day,5546,1.13628,4880.839229767311,0.65272,10,107.7,2015-06-01,NA,NA,NA,NA,0,26.449951733872364
Oakridge,2015,6,night,7201,2.35404,3058.9964486584768,0.6776436363636363,16,107.7,2015-06-01,NA,NA,NA,NA,0,25.102945029555645
Oakridge,2015,7,day,2496,1.22138,2043.5900374985674,0.6848000000000001,22,107.7,2015-07-01,4.0151801109314,44,44,1,0,11.599844554420303
Oakridge,2015,7,night,6129,2.40004,2553.707438209363,0.8051200000000001,20,107.7,2015-07-01,4.0151801109314,44,44,1,0,21.950522129586965
Oakridge,2015,8,day,5799,1.90105,3050.419505010389,0.6881422222222222,16,107.7,2015-08-01,3.56077194213867,44,44,1,0,17.628685731135615
Oakridge,2015,8,night,5632,2.25277,2500.0332923467554,0.81536,22,107.7,2015-08-01,3.56077194213867,44,44,1,0,21.87869829910489
Oakridge,2015,9,day,8239,2.71333,3036.490216818448,0.7573661538461538,17,107.7,2015-09-01,3.3980758190155,44,44,1,0,16.60829233229682
Oakridge,2015,9,night,6764,2.44063,2771.4155771255782,0.7344872727272728,21,107.7,2015-09-01,3.3980758190155,44,44,1,0,22.954617955260314
Oakridge,2015,10,day,6924,2.50989,2758.686635669292,0.7805672727272728,22,107.7,2015-10-01,3.72135949134827,44,44,1,0,15.181622806664182
Oakridge,2015,10,night,8776,2.70368,3245.946265830276,0.6957257142857143,41,107.7,2015-10-01,3.72135949134827,44,44,1,0,27.05032411952929
Oakridge,2015,11,day,3953,1.59165,2483.586215562467,0.68224,17,107.7,2015-11-01,3.67546606063843,44,44,1,0,12.313912652667305
Oakridge,2015,11,night,9438,2.73325,3453.0321046373365,0.7921694117647059,37,107.7,2015-11-01,3.67546606063843,44,44,1,0,25.925835743740805
Oakridge,2015,12,day,4508,1.1245,4008.8928412627833,0.79152,22,107.7,2015-12-01,1.9389511346817,44,44,1,0,19.316028012306383
Oakridge,2015,12,night,11809,3.7568,3143.3666950596253,0.768992,47,107.7,2015-12-01,1.9389511346817,44,44,1,0,22.935264203710574
Oakridge,2016,1,day,5196,1.56303,3324.3123932362146,0.7762488888888889,13,107.7,2016-01-01,3.73104095458984,44,44,1,0,17.63512219456485
Oakridge,2016,1,night,7629,2.15562,3539.1209953516855,0.8220061538461538,28,107.7,2016-01-01,3.73104095458984,44,44,1,0,28.430688443635827
Oakridge,2016,2,day,8009,2.69931,2967.0545435685417,0.7603657142857143,31,107.6,2016-02-01,3.40059280395508,44,44,1,0,14.195555984962178
Oakridge,2016,2,night,9864,3.13293,3148.4903907843454,0.7786,34,107.6,2016-02-01,3.40059280395508,44,44,1,0,22.811012893856596
Oakridge,2016,3,day,5149,2.17531,2367.0189536204034,0.7947377777777778,20,107.7,2016-03-01,4.0019793510437,44,44,1,0,12.667212520353885
Oakridge,2016,3,night,8251,2.27265,3630.563439156931,0.8023771428571429,32,107.7,2016-03-01,4.0019793510437,44,44,1,0,29.421761608811934
Oakridge,2016,4,day,5568,2.02998,2742.8841663464664,0.65024,29,112.2,2016-04-01,3.82671022415161,44,44,1,0,14.731611601745021
Oakridge,2016,4,night,8450,2.95298,2861.5161633333105,0.7541942857142857,26,112.2,2016-04-01,3.82671022415161,44,44,1,0,23.27310436940932
Oakridge,2016,5,day,6119,1.77242,3452.341995689509,0.75776,19,112.3,2016-05-01,3.02102589607239,44,44,1,0,19.430122403743116
Oakridge,2016,5,night,7111,1.80149,3947.288078201933,0.751650909090909,21,112.3,2016-05-01,3.02102589607239,44,44,1,0,33.64154008637913
Oakridge,2016,6,day,5404,1.38131,3912.2282470987684,0.7318755555555556,31,112.2,2016-06-01,NA,NA,NA,NA,0,22.234727217093866
Oakridge,2016,6,night,7146,2.47669,2885.3025610795053,0.7410133333333333,33,112.2,2016-06-01,NA,NA,NA,NA,0,24.83214889241355
Oakridge,2016,7,day,7061,2.53118,2789.608008912839,0.7172654545454545,20,112.3,2016-07-01,3.64700818061829,44,44,1,0,16.60652692244491
Oakridge,2016,7,night,5952,2.28443,2605.463945054127,0.77696,21,112.3,2016-07-01,3.64700818061829,44,44,1,0,23.487458265622557
Oakridge,2016,8,day,6554,2.15041,3047.790886389107,0.7159272727272727,24,112.3,2016-08-01,3.49985241889954,44,44,1,0,18.472376535233295
Oakridge,2016,8,night,4939,1.8737,2635.960932913487,0.72784,17,112.3,2016-08-01,3.49985241889954,44,44,1,0,24.193120963111465
Oakridge,2016,9,day,4406,0.9703,4540.8636504173965,0.66336,18,112.2,2016-09-01,3.35680985450745,44,44,1,0,26.047664881878873
Oakridge,2016,9,night,6091,2.26914,2684.2768625999274,0.692224,18,112.2,2016-09-01,3.35680985450745,44,44,1,0,23.317015605811324
Oakridge,2016,10,day,3794,1.4904,2545.625335480408,0.67872,18,112.3,2016-10-01,3.2766125202179,44,44,1,0,14.692224329382762
Oakridge,2016,10,night,8880,2.77559,3199.3197842620852,0.73248,25,112.3,2016-10-01,3.2766125202179,44,44,1,0,27.961858833010716
Oakridge,2016,11,day,4856,1.99169,2438.1304319447304,0.72592,16,112.2,2016-11-01,3.00135350227356,44,44,1,0,12.67800746627983
Oakridge,2016,11,night,8241,2.6803,3074.6558221094656,0.7361476923076923,26,112.2,2016-11-01,3.00135350227356,44,44,1,0,24.210619194255163
Oakridge,2016,12,day,5319,2.24038,2374.150813701247,0.801792,14,112.3,2016-12-01,2.66236901283264,44,44,1,0,11.997173023384791
Oakridge,2016,12,night,5735,2.19487,2612.9110152309704,0.826752,26,112.3,2016-12-01,2.66236901283264,44,44,1,0,19.994500531816563
Oakridge,2017,1,day,4044,1.7951599999999999,2252.723991176274,0.7133257142857143,19,112.3,2017-01-01,3.67442965507507,44,44,1,0,11.352418523370435
Oakridge,2017,1,night,6586,2.11576,3112.8294324498056,0.679872,17,112.3,2017-01-01,3.67442965507507,44,44,1,0,23.7547822953402
Oakridge,2017,2,day,4671,1.4399199999999999,3243.930218345464,0.78528,15,112.1,2017-02-01,3.06684947013855,44,44,1,0,14.743552646719543
Oakridge,2017,2,night,8516,2.90599,2930.4987284883982,0.820352,40,112.1,2017-02-01,3.06684947013855,44,44,1,0,20.169145543549217
Oakridge,2017,3,day,4865,1.45418,3345.5280639260613,0.76784,16,112.3,2017-03-01,3.85583519935608,44,44,1,0,17.007785246244527
Oakridge,2017,3,night,7673,2.22096,3454.8123334053744,0.7764676923076923,28,112.3,2017-03-01,3.85583519935608,44,44,1,0,26.596400770687026
Oakridge,2017,4,day,6575,2.43829,2696.561934798568,0.7655563636363636,23,115.2,2017-04-01,3.67417693138123,44,44,1,0,13.758052335173677
Oakridge,2017,4,night,6792,2.09204,3246.591843368196,0.8314092307692308,18,115.2,2017-04-01,3.67417693138123,44,44,1,0,25.083582971774927
Oakridge,2017,5,day,4331,1.10958,3903.2787180735054,0.6909866666666666,11,115.3,2017-05-01,3.62089657783508,44,44,1,0,20.868683563134795
Oakridge,2017,5,night,5557,2.08947,2659.5260999200755,0.7080960000000001,22,115.3,2017-05-01,3.62089657783508,44,44,1,0,21.53203454471393
Oakridge,2017,6,day,5904,2.21741,2662.565786210038,0.728704,20,115.2,2017-06-01,NA,NA,NA,NA,0,14.375128420712382
Oakridge,2017,6,night,7411,2.69997,2744.8453130960715,0.75072,21,115.2,2017-06-01,NA,NA,NA,NA,0,22.441122776590127
Oakridge,2017,7,day,5412,1.6099999999999999,3361.490683229814,0.7556266666666667,20,115.3,2017-07-01,4.42456293106079,44,44,1,0,19.009526939284754
Oakridge,2017,7,night,10871,3.66226,2968.3856416529684,0.8081852631578947,37,115.3,2017-07-01,4.42456293106079,44,44,1,0,25.41997041378857
Oakridge,2017,8,day,7414,2.51448,2948.5221596512997,0.7278933333333333,28,115.3,2017-08-01,3.56634259223938,44,44,1,0,16.976406557319205
Oakridge,2017,8,night,8104,2.73148,2966.88974475376,0.7561142857142857,29,115.3,2017-08-01,3.56634259223938,44,44,1,0,25.86771692386791
Oakridge,2017,9,day,7799,2.39689,3253.7997154646228,0.7176,26,115.2,2017-09-01,3.26277542114258,44,44,1,0,17.730660575085103
Oakridge,2017,9,night,8076,2.51089,3216.3894077398854,0.7241353846153846,23,115.2,2017-09-01,3.26277542114258,44,44,1,0,26.541046535009166
Oakridge,2017,10,day,5538,1.97179,2808.6155219369202,0.65296,18,115.3,2017-10-01,3.53178024291992,44,44,1,0,15.398879573126996
Oakridge,2017,10,night,4969,1.37263,3620.0578451585643,0.8248888888888889,17,115.3,2017-10-01,3.53178024291992,44,44,1,0,30.05575640371993
Oakridge,2017,11,day,3471,1.09753,3162.55592102266,0.70528,16,115.2,2017-11-01,3.68192839622498,44,44,1,0,15.621978879909927
Oakridge,2017,11,night,8817,2.90232,3037.914495989415,0.7505066666666667,29,115.2,2017-11-01,3.68192839622498,44,44,1,0,22.724205081409885
Oakridge,2017,12,day,4732,1.7959399999999999,2634.831898615767,0.7168,20,115.3,2017-12-01,3.09516263008118,44,44,1,0,12.64815841605666
Oakridge,2017,12,night,6694,2.48138,2697.6924130927146,0.7592533333333333,22,115.3,2017-12-01,3.09516263008118,44,44,1,0,19.610205078331337
Oakridge,2018,1,day,7326,2.46869,2967.5657940041074,0.6928,28,115.3,2018-01-01,3.513263463974,44,44,1,0,15.089493502720202
Oakridge,2018,1,night,9252,3.06214,3021.4163950701145,0.7790506666666667,39,115.3,2018-01-01,3.513263463974,44,44,1,0,23.264847411355966
Oakridge,2018,2,day,4905,1.93533,2534.4514888933672,0.69728,11,115.1,2018-02-01,6.70766305923462,44,44,1,0,11.622739953737227
Oakridge,2018,2,night,5607,1.98643,2822.651691728377,0.6990933333333333,14,115.1,2018-02-01,6.70766305923462,44,44,1,0,19.601853982011466
Oakridge,2018,3,day,6567,2.31719,2834.036052287469,0.7307636363636364,21,115.3,2018-03-01,3.9736111164093,44,44,1,0,14.537253153331646
Oakridge,2018,3,night,6723,2.4367,2759.059383592564,0.71168,21,115.3,2018-03-01,3.9736111164093,44,44,1,0,21.431538645059856
Oakridge,2018,4,day,5475,2.13532,2564.0185077646443,0.7047111111111111,22,118.7,2018-04-01,3.93647384643555,44,44,1,0,13.19962550504184
Oakridge,2018,4,night,7768,2.61722,2968.034785000879,0.7261046153846153,28,118.7,2018-04-01,3.93647384643555,44,44,1,0,23.137943784910284
Oakridge,2018,5,day,5994,2.17002,2762.1865236265103,0.6589155555555556,19,118.8,2018-05-01,3.43156576156616,44,44,1,0,14.900896174831027
Oakridge,2018,5,night,7033,2.36553,2973.118075019129,0.8002666666666667,18,118.8,2018-05-01,3.43156576156616,44,44,1,0,24.287726564607006
Oakridge,2018,6,day,6484,2.32062,2794.080892175367,0.6714181818181818,30,118.7,2018-06-01,NA,NA,NA,NA,0,15.221037571039275
Oakridge,2018,6,night,6976,2.53907,2747.4626536487767,0.7562666666666666,16,118.7,2018-06-01,NA,NA,NA,NA,0,22.664826633646346
Oakridge,2018,7,day,5475,1.96443,2787.068004459309,0.67232,17,118.8,2018-07-01,4.42302751541138,44,44,1,0,15.903065937465069
Oakridge,2018,7,night,7367,2.77757,2652.318393415828,0.8335753846153846,22,118.8,2018-07-01,4.42302751541138,44,44,1,0,22.917871083037337
Oakridge,2018,8,day,5453,1.9150399999999999,2847.4601052719527,0.63064,12,118.8,2018-08-01,3.27350234985352,44,44,1,0,16.542186613295165
Oakridge,2018,8,night,5463,2.1575699999999998,2532.015183748384,0.7489422222222222,17,118.8,2018-08-01,3.27350234985352,44,44,1,0,22.27495803439187
Oakridge,2018,9,day,4628,1.92615,2402.720452716559,0.77824,17,118.7,2018-09-01,3.67048335075378,44,44,1,0,13.210864584621977
Oakridge,2018,9,night,5836,2.21941,2629.5276672629216,0.778176,15,118.7,2018-09-01,3.67048335075378,44,44,1,0,21.893795713391068
Oakridge,2018,10,day,5703,1.37786,4139.027187087222,0.678,13,118.8,2018-10-01,3.78487491607666,44,44,1,0,22.897549497308738
Oakridge,2018,10,night,8251,2.72784,3024.737521262244,0.7355569230769231,27,118.8,2018-10-01,3.78487491607666,44,44,1,0,25.339249174326124
Oakridge,2018,11,day,6274,2.24337,2796.685343924542,0.7197439999999999,22,118.7,2018-11-01,3.57471299171448,44,44,1,0,13.9391193225427
Oakridge,2018,11,night,5794,1.67049,3468.443390861364,0.76544,21,118.7,2018-11-01,3.57471299171448,44,44,1,0,26.17831330171662
Oakridge,2018,12,day,5788,1.90814,3033.3204062594987,0.7043555555555556,17,118.8,2018-12-01,3.56235480308533,44,44,1,0,14.692191051876831
Oakridge,2018,12,night,9029,3.14169,2873.9309097969563,0.77048,36,118.8,2018-12-01,3.56235480308533,44,44,1,0,21.07948152791125
Oakridge,2019,1,day,4982,1.88717,2639.9317496568938,0.7195199999999999,12,118.8,2019-01-01,3.36587905883789,44,44,1,0,14.545307831527944
Oakridge,2019,1,night,8259,2.49792,3306.350883935434,0.7016861538461538,25,118.8,2019-01-01,3.36587905883789,44,44,1,0,27.58636509683943
Oakridge,2019,2,day,2590,0.74305,3485.633537447009,0.77472,11,118.6,2019-02-01,4.62932157516479,44,44,1,0,17.320569819124522
Oakridge,2019,2,night,5602,1.81368,3088.7477394027615,0.779008,21,118.6,2019-02-01,4.62932157516479,44,44,1,0,23.242252316907436
Oakridge,2019,3,day,5473,1.31389,4165.493306136739,0.68624,21,118.8,2019-03-01,3.92342329025269,44,44,1,0,23.15257690366881
Oakridge,2019,3,night,8610,2.89645,2972.6043950353014,0.7875657142857143,23,118.8,2019-03-01,3.92342329025269,44,44,1,0,25.019886264614698
Oakridge,2019,4,day,4939,1.96715,2510.7388862059324,0.7485155555555556,21,120.9,2019-04-01,4.06164836883545,44,44,1,0,14.005477328467212
Oakridge,2019,4,night,9702,3.07094,3159.2932457162956,0.69844,31,120.9,2019-04-01,4.06164836883545,44,44,1,0,26.687114929214555
Oakridge,2019,5,day,6830,2.0158,3388.2329596190098,0.616256,31,120.9,2019-05-01,4.02977752685547,44,44,1,0,19.805625430410046
Oakridge,2019,5,night,9759,2.59424,3761.7953620328112,0.77596,28,120.9,2019-05-01,4.02977752685547,44,44,1,0,33.2985855623542
Oakridge,2019,6,day,5529,1.8816,2938.456632653061,0.7235555555555555,31,120.9,2019-06-01,NA,NA,NA,NA,0,17.34524665455295
Oakridge,2019,6,night,8055,2.49408,3229.6478060046193,0.6973538461538461,22,120.9,2019-06-01,NA,NA,NA,NA,0,28.868996011182105
Oakridge,2019,7,day,4899,1.98783,2464.496460964972,0.71376,20,120.9,2019-07-01,4.07089519500732,44,44,1,0,15.237629328625617
Oakridge,2019,7,night,9052,2.43913,3711.1593068020156,0.7828906666666666,30,120.9,2019-07-01,4.07089519500732,44,44,1,0,34.74674478419573
Oakridge,2019,8,day,6514,1.69875,3834.5842531272997,0.75744,25,120.9,2019-08-01,3.84874820709229,44,44,1,0,24.138454711156587
Oakridge,2019,8,night,9918,3.26789,3034.9858777376226,0.765364705882353,34,120.9,2019-08-01,3.84874820709229,44,44,1,0,28.93098201056206
Oakridge,2019,9,day,5068,1.81564,2791.302240532264,0.69184,22,120.9,2019-09-01,4.31773853302002,44,44,1,0,16.629943423671413
Oakridge,2019,9,night,8609,2.7869099999999998,3089.0843263686306,0.6734171428571428,30,120.9,2019-09-01,4.31773853302002,44,44,1,0,27.86948814694101
Oakridge,2019,10,day,6994,2.37506,2944.7677111315083,0.67328,19,120.9,2019-10-01,3.99297547340393,44,44,1,0,17.65215294945302
Oakridge,2019,10,night,9134,2.55658,3572.741709627706,0.82216,34,120.9,2019-10-01,3.99297547340393,44,44,1,0,32.43124196830927
Oakridge,2019,11,day,6786,2.46758,2750.0628145794667,0.7860266666666667,21,120.9,2019-11-01,4.10666799545288,44,44,1,0,14.852181740124921
Oakridge,2019,11,night,7558,2.47769,3050.4219656212035,0.7191466666666667,32,120.9,2019-11-01,4.10666799545288,44,44,1,0,24.94726163638391
Oakridge,2019,12,day,6403,2.28381,2803.6482894811743,0.7259927272727272,15,120.9,2019-12-01,3.0251293182373,44,44,1,0,14.714575028882736
Oakridge,2019,12,night,8566,2.91321,2940.3990786795325,0.7620266666666666,34,120.9,2019-12-01,3.0251293182373,44,44,1,0,23.36930470530484
Oakridge,2020,1,day,5564,2.0032,2777.5559105431307,0.7308088888888888,16,120.9,2020-01-01,4.25888109207153,44,44,1,0,12.372532626712646
Oakridge,2020,1,night,6769,1.62734,4159.548711394054,0.7346618181818182,33,120.9,2020-01-01,4.25888109207153,44,44,1,0,28.058040228963865
Oakridge,2020,2,day,5465,1.73086,3157.3899679927895,0.7268,11,120.8,2020-02-01,3.77052736282349,44,44,1,0,12.684526347234936
Oakridge,2020,2,night,8896,3.04513,2921.3859506819085,0.80708,32,120.8,2020-02-01,3.77052736282349,44,44,1,0,17.77257221393037
Oakridge,2020,3,day,4719,1.89956,2484.259512729264,0.68128,12,120.9,2020-03-01,4.02438831329346,44,44,1,0,11.1633730053567
Oakridge,2020,3,night,6301,2.48195,2538.7296279135358,0.7826618181818181,22,120.9,2020-03-01,4.02438831329346,44,44,1,0,17.275484935583968
Oakridge,2020,4,day,2104,0.59765,3520.4551158704926,0.8489599999999999,8,119.6,2020-04-01,4.01208162307739,44,44,1,0,15.87671897715334
Oakridge,2020,4,night,6144,2.57585,2385.2320593202244,0.8951466666666666,21,119.6,2020-04-01,4.01208162307739,44,44,1,0,16.289505666159798
Oakridge,2020,5,day,4286,1.70336,2516.2032688333647,0.6613942857142857,8,119.7,2020-05-01,3.84088158607483,44,44,1,0,11.891225114238134
Oakridge,2020,5,night,5769,2.18512,2640.1296038661494,0.684032,10,119.7,2020-05-01,3.84088158607483,44,44,1,0,18.89389278580767
Oakridge,2020,6,day,3021,1.4601199999999999,2069.008026737529,0.70016,8,119.6,2020-06-01,NA,NA,NA,NA,0,9.873905130936052
Oakridge,2020,6,night,4462,1.73608,2570.1580572323855,0.6714514285714286,7,119.6,2020-06-01,NA,NA,NA,NA,0,18.573849734341746
Oakridge,2020,7,day,5510,1.5417,3573.9767788804565,0.7301688888888889,12,119.7,2020-07-01,3.95246887207031,44,44,1,0,17.86514364409473
Oakridge,2020,7,night,4488,1.79534,2499.805050853877,0.6807771428571429,7,119.7,2020-07-01,3.95246887207031,44,44,1,0,18.92240128638015
Oakridge,2020,8,day,2140,1.09259,1958.64871543763,0.51456,5,119.7,2020-08-01,3.71992826461792,44,44,1,0,9.968121246659951
Oakridge,2020,8,night,5335,2.11096,2527.286163641187,0.7552711111111111,15,119.7,2020-08-01,3.71992826461792,44,44,1,0,19.477198957699574
Oakridge,2020,9,day,4492,1.20364,3732.0128942208635,0.84728,11,119.6,2020-09-01,3.49504232406616,44,44,1,0,17.975981948759316
Oakridge,2020,9,night,8386,2.60359,3220.937244343387,0.6752,18,119.6,2020-09-01,3.49504232406616,44,44,1,0,23.49346485822941
Oakridge,2020,10,day,3100,1.4772399999999999,2098.5080284855544,0.635136,8,119.7,2020-10-01,3.2909209728241,44,44,1,0,10.170044531122494
Oakridge,2020,10,night,6015,1.53501,3918.5412472882913,0.777408,17,119.7,2020-10-01,3.2909209728241,44,44,1,0,28.757555268207007
Oakridge,2020,11,day,3739,1.73319,2157.29377621611,0.78592,10,119.6,2020-11-01,3.45065808296204,44,44,1,0,9.419384210918812
Oakridge,2020,11,night,6352,1.87249,3392.2744580745425,0.82944,19,119.6,2020-11-01,3.45065808296204,44,44,1,0,22.429496508584332
Oakridge,2020,12,day,3241,1.3050599999999999,2483.4107244111383,0.596352,7,119.7,2020-12-01,2.90368342399597,44,44,1,0,10.537517882189057
Oakridge,2020,12,night,7366,1.97108,3737.037563163342,0.8018666666666666,19,119.7,2020-12-01,2.90368342399597,44,44,1,0,24.012233432352897
Oakridge,2021,1,day,2473,1.29353,1911.8226867563951,0.75744,5,119.7,2021-01-01,3.02794241905212,44,44,1,0,6.86203255087988
Oakridge,2021,1,night,7873,2.73703,2876.4755958100573,0.7152246153846153,27,119.7,2021-01-01,3.02794241905212,44,44,1,0,15.63439851694649
Oakridge,2021,2,day,3285,1.4912,2202.9238197424893,0.707584,5,119.5,2021-02-01,3.75587725639343,44,44,1,0,7.131072864527925
Oakridge,2021,2,night,5107,1.16473,4384.707185356263,0.71928,12,119.5,2021-02-01,3.75587725639343,44,44,1,0,21.493706405452688
Oakridge,2021,3,day,2078,0.45666,4550.431393159024,0.6577066666666667,4,119.7,2021-03-01,4.0498194694519,44,44,1,0,16.47632730236979
Oakridge,2021,3,night,5498,1.45999,3765.7792176658745,0.76192,12,119.7,2021-03-01,4.0498194694519,44,44,1,0,20.64800112238922
Oakridge,2021,4,day,5269,1.25492,4198.674019060976,0.72728,10,120.1,2021-04-01,4.05356645584106,44,44,1,0,15.257503169302261
Oakridge,2021,4,night,3964,1.05751,3748.4279108471787,0.8447085714285715,13,120.1,2021-04-01,4.05356645584106,44,44,1,0,20.626987012035574
Oakridge,2021,5,day,6347,2.04599,3102.1656997346026,0.716736,16,120.1,2021-05-01,3.75780844688416,44,44,1,0,11.81286485045783
Oakridge,2021,5,night,5281,1.0921399999999999,4835.460655227353,0.69608,11,120.1,2021-05-01,3.75780844688416,44,44,1,0,27.883251670826642
Oakridge,2021,6,day,4320,0.91838,4703.935190226268,0.67936,7,120.1,2021-06-01,NA,NA,NA,NA,0,18.088288208065165
Oakridge,2021,6,night,5076,2.11006,2405.6187975697376,0.7524977777777778,13,120.1,2021-06-01,NA,NA,NA,NA,0,14.008068907603572
Oakridge,2021,7,day,6458,2.36709,2728.244384455175,0.738176,14,120.1,2021-07-01,4.08767747879028,44,44,1,0,10.988727935467443
Oakridge,2021,7,night,5026,1.47635,3404.3417888712024,0.8250311111111112,11,120.1,2021-07-01,4.08767747879028,44,44,1,0,20.764076869527997
Oakridge,2021,8,day,4062,1.22909,3304.884101245637,0.80416,10,120.1,2021-08-01,3.35977864265442,44,44,1,0,13.552591830324307
Oakridge,2021,8,night,8994,2.9702,3028.07891724463,0.7605333333333333,20,120.1,2021-08-01,3.35977864265442,44,44,1,0,18.80393041397135
Oakridge,2021,9,day,5390,1.3485800000000001,3996.7966305298905,0.7268,11,120.1,2021-09-01,3.59100914001465,44,44,1,0,15.512110984025272
Oakridge,2021,9,night,6337,1.65603,3826.621498402807,0.725312,14,120.1,2021-09-01,3.59100914001465,44,44,1,0,22.49001167554696
Oakridge,2021,10,day,4821,1.27506,3780.998541245118,0.8212622222222222,11,120.1,2021-10-01,3.65327548980713,44,44,1,0,14.7648178759575
Oakridge,2021,10,night,8389,2.72954,3073.4116371256696,0.7569371428571429,25,120.1,2021-10-01,3.65327548980713,44,44,1,0,18.174297669302202
Oakridge,2021,11,day,3044,0.6719200000000001,4530.301226336468,0.73728,7,120.1,2021-11-01,3.79754424095154,44,44,1,0,15.938581452763243
Oakridge,2021,11,night,5157,1.36621,3774.6759282979924,0.7657955555555556,12,120.1,2021-11-01,3.79754424095154,44,44,1,0,20.11025506722544
Oakridge,2021,12,day,2021,0.72905,2772.1006789657777,0.84224,7,120.1,2021-12-01,3.87217473983765,44,44,1,0,9.47781302034394
Oakridge,2021,12,night,4571,1.8917,2416.3450864301954,0.78192,10,120.1,2021-12-01,3.87217473983765,44,44,1,0,12.510463953493938
Oakridge,2022,1,day,3998,1.04858,3812.7753724083996,0.7557485714285714,9,120.1,2022-01-01,3.04250764846802,44,44,1,0,14.528324080459377
Oakridge,2022,1,night,5867,2.2475199999999997,2610.432832633303,0.7583418181818182,14,120.1,2022-01-01,3.04250764846802,44,44,1,0,15.062676309634037
Oakridge,2022,2,day,3837,0.98776,3884.5468534866773,0.7739733333333333,8,120,2022-02-01,3.95403695106506,44,44,1,0,13.349496796038844
Oakridge,2022,2,night,4747,1.84271,2576.097161246208,0.74712,11,120,2022-02-01,3.95403695106506,44,44,1,0,13.406088791235474
Oakridge,2022,3,day,3873,1.53952,2515.719185200582,0.74496,10,120.1,2022-03-01,4.1331992149353,44,44,1,0,9.670281972907508
Oakridge,2022,3,night,5762,2.08295,2766.2689934948035,0.751168,14,120.1,2022-03-01,4.1331992149353,44,44,1,0,16.1022552189331
Oakridge,2022,4,day,2892,1.30572,2214.869956805441,0.66432,11,120.9,2022-04-01,4.15544319152832,44,44,1,0,8.544539850364691
Oakridge,2022,4,night,8264,2.63627,3134.732026689224,0.7845028571428572,26,120.9,2022-04-01,4.15544319152832,44,44,1,0,18.31286059385134
Oakridge,2022,5,day,3310,1.63191,2028.2981291860458,0.76032,11,120.9,2022-05-01,4.10676670074463,44,44,1,0,8.199571740628278
Oakridge,2022,5,night,6873,2.44387,2812.3427187207176,0.7283781818181818,14,120.9,2022-05-01,4.10676670074463,44,44,1,0,17.216423798888133
Oakridge,2022,6,day,4113,1.66498,2470.2999435428655,0.7738514285714285,9,120.9,2022-06-01,NA,NA,NA,NA,0,10.084513794263536
Oakridge,2022,6,night,7557,2.12555,3555.3150949166097,0.7754338461538461,15,120.9,2022-06-01,NA,NA,NA,NA,0,21.978532620101085
Oakridge,2022,7,day,4940,1.67513,2949.0248518025464,0.6097371428571429,11,120.9,2022-07-01,4.12719297409058,44,44,1,0,12.609902241737654
Oakridge,2022,7,night,4723,1.91319,2468.651832802806,0.78592,10,120.9,2022-07-01,4.12719297409058,44,44,1,0,15.984845821200881
Oakridge,2022,8,day,2603,0.74521,3492.9751345258383,0.9088,7,120.9,2022-08-01,3.8404746055603,44,44,1,0,15.206552129816895
Oakridge,2022,8,night,7398,2.48657,2975.1826813642892,0.6562327272727273,15,120.9,2022-08-01,3.8404746055603,44,44,1,0,19.613911863361746
Oakridge,2022,9,day,3689,1.68161,2193.7310077842067,0.8312685714285715,11,120.9,2022-09-01,3.7968156337738,44,44,1,0,9.038812195501647
Oakridge,2022,9,night,6357,2.25563,2818.2813670681803,0.731904,15,120.9,2022-09-01,3.7968156337738,44,44,1,0,17.584404255181482
Oakridge,2022,10,day,2982,1.38478,2153.4106500671587,0.8092159999999999,6,120.9,2022-10-01,4.03317356109619,44,44,1,0,8.927247540466407
Oakridge,2022,10,night,6019,2.27127,2650.0592179705627,0.814336,12,120.9,2022-10-01,4.03317356109619,44,44,1,0,16.636486829677402
Oakridge,2022,11,day,4346,1.4557,2985.5052552036823,0.6285866666666666,7,120.9,2022-11-01,3.41739439964294,44,44,1,0,11.150890793661656
Oakridge,2022,11,night,3613,0.92696,3897.6870630879434,0.8164266666666666,7,120.9,2022-11-01,3.41739439964294,44,44,1,0,22.045198377509116
Oakridge,2022,12,day,1971,0.53096,3712.1440409823717,0.7586133333333334,3,120.9,2022-12-01,4.42079925537109,44,44,1,0,13.473892972361675
Oakridge,2022,12,night,7308,2.52311,2896.425443203031,0.75232,15,120.9,2022-12-01,4.42079925537109,44,44,1,0,15.920105760213763
Oakridge,2023,1,day,1731,0.99129,1746.2094846109615,0.7005866666666667,5,120.9,2023-01-01,3.10922360420227,44,44,1,0,6.759900135464211
Oakridge,2023,1,night,3657,1.22776,2978.5951651788623,0.7981714285714285,9,120.9,2023-01-01,3.10922360420227,44,44,1,0,17.461065385671468
Oakridge,2023,2,day,3886,0.93507,4155.838600318693,0.74688,7,120.7,2023-02-01,4.47546672821045,44,44,1,0,14.509513206216898
Oakridge,2023,2,night,5781,2.10386,2747.8064129742475,0.735616,13,120.7,2023-02-01,4.47546672821045,44,44,1,0,14.527658532590205
Oakridge,2023,3,day,2042,1.03658,1969.939609099153,0.5632,6,120.9,2023-03-01,3.95175576210022,44,44,1,0,7.69306721013321
Oakridge,2023,3,night,5872,2.05601,2856.0172372702464,0.6702933333333333,14,120.9,2023-03-01,3.95175576210022,44,44,1,0,16.889732039802755
Oakridge,2023,4,day,4094,1.4126699999999999,2898.0582867902626,0.7134171428571429,9,122,2023-04-01,3.92326855659485,44,44,1,0,11.358401112689346
Oakridge,2023,4,night,6529,2.35913,2767.5456630198423,0.7236654545454546,13,122,2023-04-01,3.92326855659485,44,44,1,0,16.425560634577057
Oakridge,2023,5,day,3522,1.41621,2486.9193128137777,0.6459733333333333,8,122.1,2023-05-01,4.13824892044067,44,44,1,0,10.213879103647413
Oakridge,2023,5,night,6126,1.83068,3346.2975506369216,0.8357236363636363,14,122.1,2023-05-01,4.13824892044067,44,44,1,0,20.811764104399124
Oakridge,2023,6,day,4900,1.88999,2592.6063100862966,0.72896,13,122,2023-06-01,NA,NA,NA,NA,0,10.752550422109827
Oakridge,2023,6,night,7111,1.91985,3703.935203271089,0.8183466666666667,15,122,2023-06-01,NA,NA,NA,NA,0,23.262351601311412
Oakridge,2023,7,day,3998,1.43113,2793.596668366955,0.6152533333333333,6,122.1,2023-07-01,4.21251916885376,44,44,1,0,12.135750230476464
Oakridge,2023,7,night,6975,2.37114,2941.6230167767403,0.7665066666666667,15,122.1,2023-07-01,4.21251916885376,44,44,1,0,19.351082367719457
Oakridge,2023,8,day,1898,0.64389,2947.7084595194833,0.6660266666666667,3,122.1,2023-08-01,4.48368740081787,44,44,1,0,13.037353070307498
Oakridge,2023,8,night,4125,1.65234,2496.4595664330586,0.6498742857142857,8,122.1,2023-08-01,4.48368740081787,44,44,1,0,16.720326615611935
Oakridge,2023,9,day,4111,0.97527,4215.242958360249,0.7540114285714286,7,122.5,2023-09-01,3.96757316589355,44,44,1,0,17.644942143951514
Oakridge,2023,9,night,4183,1.06208,3938.498041578789,0.8336457142857143,9,122.5,2023-09-01,3.96757316589355,44,44,1,0,24.965690486895948
Oakridge,2023,10,day,3717,1.59166,2335.2977394669715,0.7601066666666667,8,122.5,2023-10-01,3.92370796203613,44,44,1,0,9.835639848700593
Oakridge,2023,10,night,7278,2.5978,2801.601354992686,0.7741866666666667,17,122.5,2023-10-01,3.92370796203613,44,44,1,0,17.868249939538913
Oakridge,2023,11,day,3393,1.57453,2154.928772395572,0.71488,8,122.5,2023-11-01,3.77880382537842,44,44,1,0,8.17700532511895
Oakridge,2023,11,night,7047,2.32659,3028.8963676453523,0.7639854545454545,14,122.5,2023-11-01,3.77880382537842,44,44,1,0,17.40448176075052
Oakridge,2023,12,day,1515,1.02061,1484.4063844171624,0.80896,4,122.5,2023-12-01,3.56821942329407,44,44,1,0,5.473822688420191
Oakridge,2023,12,night,6493,1.65225,3929.792706914813,0.7971490909090909,19,122.5,2023-12-01,3.56821942329407,44,44,1,0,21.94435776924706
Oakridge,2024,1,day,2696,0.77242,3490.3290955697676,0.75232,4,122.5,2024-01-01,6.69690656661987,44,44,1,0,12.633757281160273
Oakridge,2024,1,night,3664,1.0120500000000001,3620.3744874265103,0.7995733333333334,8,122.5,2024-01-01,6.69690656661987,44,44,1,0,19.84426272913497
Oakridge,2024,2,day,2180,1.26031,1729.7331608889876,0.8112,4,122.4,2024-02-01,4.22332429885864,44,44,1,0,5.646710141913591
Oakridge,2024,2,night,2811,1.30824,2148.688314070813,0.750208,6,122.4,2024-02-01,4.22332429885864,44,44,1,0,10.621971370757171
Oakridge,2024,3,day,2106,1.15226,1827.7124954437365,0.73088,6,122.5,2024-03-01,4.18565797805786,44,44,1,0,6.673854115992584
Oakridge,2024,3,night,6014,2.18625,2750.829045168668,0.706816,17,122.5,2024-03-01,4.18565797805786,44,44,1,0,15.21064920411432
Oakridge,2024,4,day,2497,1.33939,1864.2815012804335,0.893184,5,130.3,2024-04-01,3.93484354019165,44,44,1,0,6.8319360069027555
Oakridge,2024,4,night,4742,1.65268,2869.278989278021,0.7673599999999999,10,130.3,2024-04-01,3.93484354019165,44,44,1,0,15.92283514658633
Oakridge,2024,5,day,3330,1.3361699999999999,2492.1978490760907,0.669056,6,130.4,2024-05-01,4.30082321166992,44,44,1,0,9.57048063860467
Oakridge,2024,5,night,7070,2.5054,2821.9046858785027,0.7569066666666666,17,130.4,2024-05-01,4.30082321166992,44,44,1,0,16.41001182134316
Oakridge,2024,6,day,3277,1.58762,2064.095942353964,0.7808,9,130.3,2024-06-01,NA,NA,NA,NA,0,8.004367284455716
Oakridge,2024,6,night,3562,1.62178,2196.3521562727374,0.8347428571428571,12,130.3,2024-06-01,NA,NA,NA,NA,0,12.897763938246026
Oakridge,2024,7,day,3033,1.35047,2245.884766044414,0.696576,6,130.4,2024-07-01,3.32827925682068,44,44,1,0,9.122473466010064
Oakridge,2024,7,night,5046,1.25225,4029.5468157316827,0.69064,10,130.4,2024-07-01,3.32827925682068,44,44,1,0,24.785441902452153
Oakridge,2024,8,day,3131,1.4363299999999999,2179.8611739642006,0.624896,7,130.4,2024-08-01,3.17384266853333,44,44,1,0,9.01479695686276
Oakridge,2024,8,night,6028,2.43372,2476.8666896767086,0.8359466666666666,13,130.4,2024-08-01,3.17384266853333,44,44,1,0,15.511188187131555
Oakridge,2024,9,day,4698,1.89029,2485.3329383322134,0.64832,13,130.3,2024-09-01,2.91021203994751,44,44,1,0,9.72757116744737
Oakridge,2024,9,night,4544,1.87473,2423.8156961269087,0.72528,9,130.3,2024-09-01,2.91021203994751,44,44,1,0,14.365963405178437
Oakridge,2024,10,day,4870,1.93788,2513.055503952773,0.73936,11,130.4,2024-10-01,3.75608038902283,44,44,1,0,9.896568923334637
Oakridge,2024,10,night,2512,0.69531,3612.777034703945,0.867584,6,130.4,2024-10-01,3.75608038902283,44,44,1,0,21.5446306711433
Oakridge,2024,11,day,4018,1.72791,2325.3525935957314,0.7166171428571428,10,130.3,2024-11-01,3.33261775970459,44,44,1,0,8.250350311625152
Oakridge,2024,11,night,5672,2.29851,2467.685587619806,0.789504,13,130.3,2024-11-01,3.33261775970459,44,44,1,0,13.258326827493871
Oakridge,2024,12,day,2891,0.77153,3747.0999183440695,0.798464,5,130.4,2024-12-01,3.387375831604,44,44,1,0,12.91978836863283
Oakridge,2024,12,night,5113,2.18416,2340.9457182623987,0.8351999999999999,16,130.4,2024-12-01,3.387375831604,44,44,1,0,12.222689811320285
Renfrew-Collingwood,2014,1,day,11822,2.72362,4340.546772310381,0.6429757894736842,42,94.8,2014-01-01,3.94043755531311,69,69,1,0,43.63879192330118
Renfrew-Collingwood,2014,1,night,29839,4.78981,6229.6834321194365,0.6637188636363637,87,94.8,2014-01-01,3.94043755531311,69,69,1,0,94.84393801406628
Renfrew-Collingwood,2014,2,day,13089,2.33741,5599.7877993163365,0.6407533333333333,27,94.8,2014-02-01,4.32097339630127,69,69,1,0,50.77501741611642
Renfrew-Collingwood,2014,2,night,21656,3.47809,6226.405872188471,0.6642029032258064,53,94.8,2014-02-01,4.32097339630127,69,69,1,0,85.49313822025624
Renfrew-Collingwood,2014,3,day,20106,3.50292,5739.782809770135,0.6435810714285715,54,94.8,2014-03-01,4.46913290023804,69,69,1,0,58.21386238292442
Renfrew-Collingwood,2014,3,night,23448,4.12897,5678.898127135823,0.666855,67,94.8,2014-03-01,4.46913290023804,69,69,1,0,87.21884971858638
Renfrew-Collingwood,2014,4,day,19053,3.42827,5557.613606862937,0.65167125,37,101.7,2014-04-01,4.41275405883789,69,69,1,0,56.569556790549434
Renfrew-Collingwood,2014,4,night,16991,2.97752,5706.426825008732,0.6409213636363637,50,101.7,2014-04-01,4.41275405883789,69,69,1,0,87.95772756710613
Renfrew-Collingwood,2014,5,day,22631,3.62066,6250.517861384388,0.624688064516129,51,101.7,2014-05-01,4.92056369781494,69,69,1,0,66.66983190480168
Renfrew-Collingwood,2014,5,night,26891,4.3060600000000004,6244.919950023919,0.6453737837837837,77,101.7,2014-05-01,4.92056369781494,69,69,1,0,100.86849857651573
Renfrew-Collingwood,2014,6,day,21937,3.49051,6284.754949849736,0.6139441379310345,60,101.7,2014-06-01,NA,NA,NA,NA,0,67.6935989768169
Renfrew-Collingwood,2014,6,night,24689,4.08124,6049.386951024689,0.6431331428571428,63,101.7,2014-06-01,NA,NA,NA,NA,0,98.67018485237833
Renfrew-Collingwood,2014,7,day,22552,3.65666,6167.376786466338,0.6401566666666667,63,101.7,2014-07-01,5.24145984649658,69,69,1,0,69.5805326089839
Renfrew-Collingwood,2014,7,night,27710,4.05778,6828.857158347668,0.6552561538461539,83,101.7,2014-07-01,5.24145984649658,69,69,1,0,116.66769471262585
Renfrew-Collingwood,2014,8,day,19918,2.97764,6689.190096855227,0.6305364,47,101.7,2014-08-01,4.49894380569458,69,69,1,0,76.83565164135878
Renfrew-Collingwood,2014,8,night,24382,4.1475,5878.722121760096,0.6509494117647059,61,101.7,2014-08-01,4.49894380569458,69,69,1,0,102.25569245557247
Renfrew-Collingwood,2014,9,day,20268,3.12088,6494.322114275461,0.6479170370370371,59,101.7,2014-09-01,4.40761947631836,69,69,1,0,70.6018033541974
Renfrew-Collingwood,2014,9,night,28008,4.44374,6302.798993640492,0.6437842857142857,80,101.7,2014-09-01,4.40761947631836,69,69,1,0,103.76018722153809
Renfrew-Collingwood,2014,10,day,21307,3.83501,5555.91771599031,0.6698526666666667,66,101.7,2014-10-01,4.24210548400879,69,69,1,0,60.771576898545185
Renfrew-Collingwood,2014,10,night,33018,5.0692,6513.453799416081,0.6366666666666667,85,101.7,2014-10-01,4.24210548400879,69,69,1,0,107.8875568481318
Renfrew-Collingwood,2014,11,day,16319,2.93566,5558.886247044958,0.6766836363636364,40,101.7,2014-11-01,4.39846849441528,69,69,1,0,54.78144570819219
Renfrew-Collingwood,2014,11,night,29414,4.58469,6415.700952518055,0.6210640476190477,81,101.7,2014-11-01,4.39846849441528,69,69,1,0,95.74258208446786
Renfrew-Collingwood,2014,12,day,16381,2.70033,6066.295600908037,0.6201489473684211,32,101.7,2014-12-01,4.56752967834473,69,69,1,0,58.09594524846573
Renfrew-Collingwood,2014,12,night,34784,5.36169,6487.506737614446,0.65872,99,101.7,2014-12-01,4.56752967834473,69,69,1,0,94.08391833122187
Renfrew-Collingwood,2015,1,day,20974,3.6205000000000003,5793.122496892694,0.6493513333333334,58,101.7,2015-01-01,4.10516786575317,69,69,1,0,60.31420813399832
Renfrew-Collingwood,2015,1,night,32120,5.23774,6132.415889295766,0.6648510638297872,103,101.7,2015-01-01,4.10516786575317,69,69,1,0,96.68382860065434
Renfrew-Collingwood,2015,2,day,19444,3.4713600000000002,5601.262905604719,0.6641678571428571,43,101.7,2015-02-01,4.33606624603271,69,69,1,0,52.59483636240882
Renfrew-Collingwood,2015,2,night,23655,4.13784,5716.750768516908,0.6581593939393939,57,101.7,2015-02-01,4.33606624603271,69,69,1,0,81.28711883215803
Renfrew-Collingwood,2015,3,day,11946,2.19124,5451.707708877165,0.6329746666666667,26,101.7,2015-03-01,4.45230293273926,69,69,1,0,57.258788984621766
Renfrew-Collingwood,2015,3,night,22430,4.05248,5534.882343651295,0.6671113888888889,71,101.7,2015-03-01,4.45230293273926,69,69,1,0,88.0305286055501
Renfrew-Collingwood,2015,4,day,19077,3.29243,5794.200636004411,0.6831015384615384,47,107.7,2015-04-01,4.27724409103394,69,69,1,0,61.07543882770653
Renfrew-Collingwood,2015,4,night,26170,4.05585,6452.408249812,0.6656345945945946,56,107.7,2015-04-01,4.27724409103394,69,69,1,0,102.99359688868145
Renfrew-Collingwood,2015,5,day,22455,3.69892,6070.690904372087,0.6601496774193548,57,107.7,2015-05-01,4.62570571899414,69,69,1,0,67.05483837906495
Renfrew-Collingwood,2015,5,night,25490,4.02173,6338.068443182412,0.6661925,69,107.7,2015-05-01,4.62570571899414,69,69,1,0,106.01424992733347
Renfrew-Collingwood,2015,6,day,10945,2.64355,4140.265930283143,0.6235858823529412,42,107.7,2015-06-01,NA,NA,NA,NA,0,46.18129765528077
Renfrew-Collingwood,2015,6,night,23463,3.80735,6162.554007380461,0.6659039393939394,62,107.7,2015-06-01,NA,NA,NA,NA,0,104.09118546639802
Renfrew-Collingwood,2015,7,day,20830,3.68982,5645.261828490278,0.6567210344827586,56,107.7,2015-07-01,4.72246980667114,69,69,1,0,65.95534493755784
Renfrew-Collingwood,2015,7,night,18470,3.80218,4857.739507335265,0.661483,59,107.7,2015-07-01,4.72246980667114,69,69,1,0,85.94397769458499
Renfrew-Collingwood,2015,8,day,18033,3.22073,5599.041211153993,0.6298944444444444,51,107.7,2015-08-01,4.08664131164551,69,69,1,0,66.6011218207947
Renfrew-Collingwood,2015,8,night,15126,3.07586,4917.6490477459965,0.6517704347826087,43,107.7,2015-08-01,4.08664131164551,69,69,1,0,88.58103147964944
Renfrew-Collingwood,2015,9,day,15030,2.4971200000000002,6018.933811751137,0.6448716666666666,40,107.7,2015-09-01,4.02280807495117,69,69,1,0,67.76105761117289
Renfrew-Collingwood,2015,9,night,23360,4.13007,5656.0784684036835,0.6632597142857143,63,107.7,2015-09-01,4.02280807495117,69,69,1,0,96.42537915661822
Renfrew-Collingwood,2015,10,day,15687,2.97453,5273.774344182106,0.6457295238095239,60,107.7,2015-10-01,4.10260200500488,69,69,1,0,59.73720283979018
Renfrew-Collingwood,2015,10,night,30654,5.10081,6009.633764049239,0.6696962222222222,90,107.7,2015-10-01,4.10260200500488,69,69,1,0,103.08290935430485
Renfrew-Collingwood,2015,11,day,18286,3.2425100000000002,5639.458320868709,0.6797744,52,107.7,2015-11-01,4.09937000274658,69,69,1,0,57.55217395642532
Renfrew-Collingwood,2015,11,night,30529,4.77846,6388.878425266717,0.6760293181818182,83,107.7,2015-11-01,4.09937000274658,69,69,1,0,98.73344414654245
Renfrew-Collingwood,2015,12,day,14881,2.7643400000000002,5383.201776916008,0.6911613636363636,35,107.7,2015-12-01,2.30280780792236,69,69,1,0,53.3877418191652
Renfrew-Collingwood,2015,12,night,31724,4.78139,6634.8906907823875,0.6485002222222223,95,107.7,2015-12-01,2.30280780792236,69,69,1,0,99.64373229459432
Renfrew-Collingwood,2016,1,day,10959,2.31386,4736.241604937204,0.6810729411764705,35,107.7,2016-01-01,3.69125699996948,69,69,1,0,51.71517600172831
Renfrew-Collingwood,2016,1,night,35165,5.12239,6864.959520848666,0.6736766,120,107.7,2016-01-01,3.69125699996948,69,69,1,0,113.51087210715325
Renfrew-Collingwood,2016,2,day,8587,2.0565700000000002,4175.3988437057815,0.6723284615384615,31,107.6,2016-02-01,3.47480630874634,69,69,1,0,41.11803551916095
Renfrew-Collingwood,2016,2,night,27572,4.77502,5774.2166524956965,0.6751902325581396,86,107.6,2016-02-01,3.47480630874634,69,69,1,0,86.107858143338
Renfrew-Collingwood,2016,3,day,18937,3.09301,6122.514961154345,0.62179,47,107.7,2016-03-01,4.30096483230591,69,69,1,0,67.43986470921489
Renfrew-Collingwood,2016,3,night,27659,4.54075,6091.284479436216,0.6684670731707317,81,107.7,2016-03-01,4.30096483230591,69,69,1,0,101.60405457234818
Renfrew-Collingwood,2016,4,day,16065,2.9449,5455.193724744473,0.6622133333333333,47,112.2,2016-04-01,4.3366436958313,69,69,1,0,60.30599460786907
Renfrew-Collingwood,2016,4,night,23015,4.17053,5518.483262319177,0.6684945945945946,55,112.2,2016-04-01,4.3366436958313,69,69,1,0,92.38157397985586
Renfrew-Collingwood,2016,5,day,21846,3.51324,6218.191754619667,0.6178941379310344,67,112.3,2016-05-01,4.17152738571167,69,69,1,0,72.03330640787983
Renfrew-Collingwood,2016,5,night,28137,4.44948,6323.6602928881575,0.6708812195121951,84,112.3,2016-05-01,4.17152738571167,69,69,1,0,110.93104186743297
Renfrew-Collingwood,2016,6,day,19115,3.57566,5345.866217705263,0.6563857692307692,63,112.2,2016-06-01,NA,NA,NA,NA,0,62.53644962501018
Renfrew-Collingwood,2016,6,night,24501,3.70118,6619.780718581642,0.6506534375,57,112.2,2016-06-01,NA,NA,NA,NA,0,117.26652613011409
Renfrew-Collingwood,2016,7,day,19809,3.46481,5717.1966139557435,0.6516023076923076,56,112.3,2016-07-01,4.04288673400879,69,69,1,0,70.05292514305198
Renfrew-Collingwood,2016,7,night,23226,3.76464,6169.514216498788,0.6398934375,76,112.3,2016-07-01,4.04288673400879,69,69,1,0,114.47467969496017
Renfrew-Collingwood,2016,8,day,18567,2.92156,6355.1664179411,0.612665652173913,59,112.3,2016-08-01,4.16996669769287,69,69,1,0,79.28153461737757
Renfrew-Collingwood,2016,8,night,24204,3.86512,6262.160036428364,0.6694776470588235,67,112.3,2016-08-01,4.16996669769287,69,69,1,0,118.29996163227374
Renfrew-Collingwood,2016,9,day,20953,3.51024,5969.1075254113675,0.6644151851851852,54,112.2,2016-09-01,3.92823266983032,69,69,1,0,70.47697425961512
Renfrew-Collingwood,2016,9,night,29704,4.97919,5965.628947680245,0.6416225581395348,65,112.2,2016-09-01,3.92823266983032,69,69,1,0,106.66192240481429
Renfrew-Collingwood,2016,10,day,21422,3.78164,5664.738050158133,0.638874827586207,57,112.3,2016-10-01,3.6142852306366,69,69,1,0,67.29463037340501
Renfrew-Collingwood,2016,10,night,29632,4.45612,6649.731156252524,0.6498285714285714,88,112.3,2016-10-01,3.6142852306366,69,69,1,0,119.62445952397606
Renfrew-Collingwood,2016,11,day,23116,3.80216,6079.702064089885,0.656185806451613,50,112.2,2016-11-01,2.73140931129456,69,69,1,0,65.07046033693831
Renfrew-Collingwood,2016,11,night,24211,4.08537,5926.268612145289,0.6540386111111111,72,112.2,2016-11-01,2.73140931129456,69,69,1,0,96.05019154674284
Renfrew-Collingwood,2016,12,day,17828,2.88772,6173.72875486543,0.6413634782608696,40,112.3,2016-12-01,2.92199635505676,69,69,1,0,64.21340176311934
Renfrew-Collingwood,2016,12,night,20895,3.58272,5832.16103965702,0.6651539393939394,53,112.3,2016-12-01,2.92199635505676,69,69,1,0,91.859264000047
Renfrew-Collingwood,2017,1,day,12611,2.3256200000000002,5422.639984176262,0.683906875,38,112.3,2017-01-01,3.70702719688416,69,69,1,0,56.24691343603322
Renfrew-Collingwood,2017,1,night,18979,3.64326,5209.345476304189,0.6660612903225807,60,112.3,2017-01-01,3.70702719688416,69,69,1,0,81.82507359650248
Renfrew-Collingwood,2017,2,day,11265,2.04027,5521.328059521534,0.63124,31,112.1,2017-02-01,3.39990854263306,69,69,1,0,51.651353661131076
Renfrew-Collingwood,2017,2,night,21126,3.99613,5286.614799818824,0.6527511428571429,70,112.1,2017-02-01,3.39990854263306,69,69,1,0,74.89126114779107
Renfrew-Collingwood,2017,3,day,14758,2.94983,5003.000172891319,0.6486113636363636,39,112.3,2017-03-01,4.28610277175903,69,69,1,0,52.35053423952139
Renfrew-Collingwood,2017,3,night,29999,4.8219,6221.40649951264,0.6507735714285714,70,112.3,2017-03-01,4.28610277175903,69,69,1,0,98.58129065432489
Renfrew-Collingwood,2017,4,day,17185,2.68314,6404.809290607274,0.6545554545454545,43,115.2,2017-04-01,4.31511402130127,69,69,1,0,67.26052830899522
Renfrew-Collingwood,2017,4,night,21835,3.6674100000000003,5953.79300378196,0.6637796666666667,52,115.2,2017-04-01,4.31511402130127,69,69,1,0,94.6810627327086
Renfrew-Collingwood,2017,5,day,19749,3.72338,5304.051694965327,0.649221935483871,60,115.3,2017-05-01,4.55192518234253,69,69,1,0,58.36879832090556
Renfrew-Collingwood,2017,5,night,34050,5.20191,6545.672647162292,0.6457110416666667,89,115.3,2017-05-01,4.55192518234253,69,69,1,0,109.07936657968023
Renfrew-Collingwood,2017,6,day,22519,3.71469,6062.1478508300825,0.6368783333333333,72,115.2,2017-06-01,NA,NA,NA,NA,0,67.3667233687297
Renfrew-Collingwood,2017,6,night,30020,4.71394,6368.345799904114,0.6503344186046511,86,115.2,2017-06-01,NA,NA,NA,NA,0,107.16694700558716
Renfrew-Collingwood,2017,7,day,26929,4.22224,6377.894198340217,0.63966,71,115.3,2017-07-01,5.32838296890259,69,69,1,0,74.23765106201857
Renfrew-Collingwood,2017,7,night,29791,4.98908,5971.241190760621,0.6765744186046512,77,115.3,2017-07-01,5.32838296890259,69,69,1,0,105.25114911934466
Renfrew-Collingwood,2017,8,day,20309,3.5086,5788.348629082825,0.6723555555555556,56,115.3,2017-08-01,4.18515729904175,69,69,1,0,68.59675406654904
Renfrew-Collingwood,2017,8,night,27198,4.12378,6595.4051865036445,0.6615355263157895,78,115.3,2017-08-01,4.18515729904175,69,69,1,0,118.3601992870531
Renfrew-Collingwood,2017,9,day,20256,3.3126,6114.834269154138,0.6449462962962963,57,115.2,2017-09-01,3.96268486976624,69,69,1,0,68.58455165763183
Renfrew-Collingwood,2017,9,night,30755,4.99591,6156.035637151189,0.6484025,112,115.2,2017-09-01,3.96268486976624,69,69,1,0,104.5581906980907
Renfrew-Collingwood,2017,10,day,25706,4.08397,6294.365531578342,0.6579558333333333,64,115.3,2017-10-01,4.27709913253784,69,69,1,0,71.03236995823569
Renfrew-Collingwood,2017,10,night,31847,4.9319,6457.349094669397,0.6610655319148936,102,115.3,2017-10-01,4.27709913253784,69,69,1,0,110.35040506167317
Renfrew-Collingwood,2017,11,day,21230,3.5880900000000002,5916.7969588276765,0.6825033333333334,51,115.2,2017-11-01,2.78468775749207,69,69,1,0,60.157809350412265
Renfrew-Collingwood,2017,11,night,34378,5.36001,6413.794004115664,0.6644652,131,115.2,2017-11-01,2.78468775749207,69,69,1,0,98.74967503329255
Renfrew-Collingwood,2017,12,day,17339,2.66674,6501.946196479597,0.6655408,41,115.3,2017-12-01,3.57492589950562,69,69,1,0,64.2429195153076
Renfrew-Collingwood,2017,12,night,29756,4.82684,6164.695742970556,0.6637716666666666,116,115.3,2017-12-01,3.57492589950562,69,69,1,0,92.23778512142266
Renfrew-Collingwood,2018,1,day,11245,2.31271,4862.2611568246775,0.6544073333333333,26,115.3,2018-01-01,1.82899641990662,69,69,1,0,50.88855292700589
Renfrew-Collingwood,2018,1,night,34134,5.80238,5882.7584542894465,0.66359,133,115.3,2018-01-01,1.82899641990662,69,69,1,0,93.234824481654
Renfrew-Collingwood,2018,2,day,14934,2.54346,5871.529334056757,0.657152,34,115.1,2018-02-01,4.76645040512085,69,69,1,0,55.42213948383736
Renfrew-Collingwood,2018,2,night,24643,4.12959,5967.420494528512,0.6440048571428572,78,115.1,2018-02-01,4.76645040512085,69,69,1,0,85.29705064388774
Renfrew-Collingwood,2018,3,day,19545,3.01115,6490.875579097687,0.6473132,59,115.3,2018-03-01,4.64659833908081,69,69,1,0,68.53111235054621
Renfrew-Collingwood,2018,3,night,22905,3.43629,6665.619025169587,0.6244976666666666,72,115.3,2018-03-01,4.64659833908081,69,69,1,0,106.57131031471113
Renfrew-Collingwood,2018,4,day,15417,2.70013,5709.72508731061,0.6646121052631578,47,118.7,2018-04-01,4.84182929992676,69,69,1,0,60.50108543291211
Renfrew-Collingwood,2018,4,night,22586,3.8696800000000002,5836.6583283372265,0.6761265625,64,118.7,2018-04-01,4.84182929992676,69,69,1,0,93.65426502581269
Renfrew-Collingwood,2018,5,day,19040,3.71817,5120.798672465218,0.6549189655172414,60,118.8,2018-05-01,4.64887762069702,69,69,1,0,56.85970500627729
Renfrew-Collingwood,2018,5,night,24398,4.13491,5900.491183604964,0.6854037142857142,61,118.8,2018-05-01,4.64887762069702,69,69,1,0,99.21341244274541
Renfrew-Collingwood,2018,6,day,18327,2.94839,6215.934798313656,0.6647554166666667,48,118.7,2018-06-01,NA,NA,NA,NA,0,69.69782841066763
Renfrew-Collingwood,2018,6,night,24533,3.8864,6312.525730753397,0.6590257575757575,72,118.7,2018-06-01,NA,NA,NA,NA,0,107.18432542649408
Renfrew-Collingwood,2018,7,day,21646,3.39715,6371.811665660922,0.6456275862068965,52,118.8,2018-07-01,5.60427379608154,69,69,1,0,74.83482349450787
Renfrew-Collingwood,2018,7,night,20402,3.43533,5938.876323380869,0.6508727586206896,62,118.8,2018-07-01,5.60427379608154,69,69,1,0,105.62346493794176
Renfrew-Collingwood,2018,8,day,20992,3.67884,5706.1465027019385,0.655033,55,118.8,2018-08-01,3.95273327827454,69,69,1,0,68.23162264118982
Renfrew-Collingwood,2018,8,night,25676,3.8695,6635.482620493604,0.6550283333333333,79,118.8,2018-08-01,3.95273327827454,69,69,1,0,120.15189335511735
Renfrew-Collingwood,2018,9,day,20202,3.45125,5853.531329228541,0.6711862962962963,49,118.7,2018-09-01,4.4117259979248,69,69,1,0,66.2450537464283
Renfrew-Collingwood,2018,9,night,23639,3.62694,6517.615400309904,0.6479966666666667,74,118.7,2018-09-01,4.4117259979248,69,69,1,0,111.6964988302176
Renfrew-Collingwood,2018,10,day,15131,2.68265,5640.318341938008,0.6763115789473684,52,118.8,2018-10-01,4.43211030960083,69,69,1,0,64.22466651100845
Renfrew-Collingwood,2018,10,night,25518,4.48138,5694.228117231746,0.6598402702702703,94,118.8,2018-10-01,4.43211030960083,69,69,1,0,98.18574142958094
Renfrew-Collingwood,2018,11,day,16891,3.06127,5517.644637683054,0.6674926086956522,42,118.7,2018-11-01,3.87193465232849,69,69,1,0,56.60476213003841
Renfrew-Collingwood,2018,11,night,27562,4.40333,6259.353716391912,0.6644292682926829,90,118.7,2018-11-01,3.87193465232849,69,69,1,0,97.23980036786111
Renfrew-Collingwood,2018,12,day,21643,3.74496,5779.233957105016,0.6638296666666667,48,118.8,2018-12-01,3.57223534584045,69,69,1,0,57.61639353886219
Renfrew-Collingwood,2018,12,night,28259,4.63609,6095.438181743667,0.6443812195121951,83,118.8,2018-12-01,3.57223534584045,69,69,1,0,92.02292776761173
Renfrew-Collingwood,2019,1,day,16265,2.81005,5788.15323570755,0.674155,46,118.8,2019-01-01,3.73093748092651,69,69,1,0,65.6413874164283
Renfrew-Collingwood,2019,1,night,24881,3.98889,6237.574864185274,0.6766341666666666,97,118.8,2019-01-01,3.73093748092651,69,69,1,0,107.11957080211538
Renfrew-Collingwood,2019,2,day,11788,2.62849,4484.704145726253,0.6914357894736842,44,118.6,2019-02-01,9.03878688812256,69,69,1,0,45.869262978944214
Renfrew-Collingwood,2019,2,night,27827,4.70883,5909.535914441592,0.6807973684210527,61,118.6,2019-02-01,9.03878688812256,69,69,1,0,91.52856665756711
Renfrew-Collingwood,2019,3,day,17412,2.70863,6428.342003152886,0.6346361904761905,51,118.8,2019-03-01,4.90844202041626,69,69,1,0,73.54266824503132
Renfrew-Collingwood,2019,3,night,31170,5.14464,6058.732972569509,0.6638982222222222,83,118.8,2019-03-01,4.90844202041626,69,69,1,0,104.96331582484494
Renfrew-Collingwood,2019,4,day,16736,3.11205,5377.805626516283,0.6235273913043479,48,120.9,2019-04-01,5.12381553649902,69,69,1,0,61.74602167615225
Renfrew-Collingwood,2019,4,night,26496,4.10244,6458.595372510019,0.6555436111111111,76,120.9,2019-04-01,5.12381553649902,69,69,1,0,112.29418771309845
Renfrew-Collingwood,2019,5,day,17649,3.14987,5603.088381425266,0.6371713043478261,51,120.9,2019-05-01,4.6854419708252,69,69,1,0,67.41402929147853
Renfrew-Collingwood,2019,5,night,25837,4.20972,6137.462824130821,0.6674133333333333,87,120.9,2019-05-01,4.6854419708252,69,69,1,0,111.82193625826763
Renfrew-Collingwood,2019,6,day,15326,2.4622100000000002,6224.489381490612,0.6576,39,120.9,2019-06-01,NA,NA,NA,NA,0,75.6262278557976
Renfrew-Collingwood,2019,6,night,28407,5.01219,5667.582434025844,0.6629153658536585,70,120.9,2019-06-01,NA,NA,NA,NA,0,104.27540254933511
Renfrew-Collingwood,2019,7,day,21807,3.19209,6831.57429771717,0.6238968965517241,51,120.9,2019-07-01,5.57597827911377,69,69,1,0,86.93957558557216
Renfrew-Collingwood,2019,7,night,24648,4.50017,5477.126419668591,0.6611417948717949,67,120.9,2019-07-01,5.57597827911377,69,69,1,0,105.55159638290445
Renfrew-Collingwood,2019,8,day,23103,3.86619,5975.650446563671,0.6555183870967742,56,120.9,2019-08-01,4.90439462661743,69,69,1,0,77.42547502215493
Renfrew-Collingwood,2019,8,night,30988,5.39882,5739.772765159794,0.6791191304347826,82,120.9,2019-08-01,4.90439462661743,69,69,1,0,112.61823429103666
Renfrew-Collingwood,2019,9,day,18635,3.66852,5079.7051672063935,0.6461723333333333,58,120.9,2019-09-01,4.90304470062256,69,69,1,0,62.29166330429233
Renfrew-Collingwood,2019,9,night,34073,5.4072700000000005,6301.331355748834,0.6584833999999999,110,120.9,2019-09-01,4.90304470062256,69,69,1,0,117.0143326656642
Renfrew-Collingwood,2019,10,day,22336,3.70236,6032.908739290615,0.6495174193548388,71,120.9,2019-10-01,4.73930692672729,69,69,1,0,74.43563694934927
Renfrew-Collingwood,2019,10,night,35089,5.54364,6329.595716893594,0.6554562745098039,115,120.9,2019-10-01,4.73930692672729,69,69,1,0,118.26206172858608
Renfrew-Collingwood,2019,11,day,15128,2.65542,5697.02721226774,0.6241573684210526,49,120.9,2019-11-01,4.74775314331055,69,69,1,0,63.32911938235588
Renfrew-Collingwood,2019,11,night,29791,4.73491,6291.777457227276,0.6469945238095238,96,120.9,2019-11-01,4.74775314331055,69,69,1,0,105.911673228752
Renfrew-Collingwood,2019,12,day,15838,2.74421,5771.424198585386,0.639339,51,120.9,2019-12-01,3.292316198349,69,69,1,0,62.34687671019022
Renfrew-Collingwood,2019,12,night,26829,4.44533,6035.322461999446,0.6378331578947368,83,120.9,2019-12-01,3.292316198349,69,69,1,0,98.72962927307486
Renfrew-Collingwood,2020,1,day,16812,2.72886,6160.814406015698,0.6558071428571428,38,120.9,2020-01-01,5.58684206008911,69,69,1,0,56.48608013686779
Renfrew-Collingwood,2020,1,night,29640,4.88343,6069.504426192247,0.6614111363636364,82,120.9,2020-01-01,5.58684206008911,69,69,1,0,84.26978103084123
Renfrew-Collingwood,2020,2,day,16975,2.7239400000000002,6231.781904153541,0.6524038095238095,34,120.8,2020-02-01,4.34605026245117,69,69,1,0,51.53067008330059
Renfrew-Collingwood,2020,2,night,22049,3.51234,6277.581327548017,0.642439,79,120.8,2020-02-01,4.34605026245117,69,69,1,0,78.60699837573404
Renfrew-Collingwood,2020,3,day,17644,3.12441,5647.14618119901,0.6631733333333334,52,120.9,2020-03-01,4.90090084075928,69,69,1,0,52.23180312724003
Renfrew-Collingwood,2020,3,night,32948,5.23351,6295.583652271612,0.6510585714285714,117,120.9,2020-03-01,4.90090084075928,69,69,1,0,88.17740398876327
Renfrew-Collingwood,2020,4,day,20674,3.29566,6273.098559924264,0.6590021428571429,51,119.6,2020-04-01,4.95853137969971,69,69,1,0,58.23064103114366
Renfrew-Collingwood,2020,4,night,36747,5.69855,6448.4825087083555,0.6725809259259259,103,119.6,2020-04-01,4.95853137969971,69,69,1,0,90.64467731336026
Renfrew-Collingwood,2020,5,day,17339,2.67049,6492.815925167291,0.650272,34,119.7,2020-05-01,4.98269844055176,69,69,1,0,63.1569986409074
Renfrew-Collingwood,2020,5,night,23810,3.89993,6105.237786319241,0.6698334375,60,119.7,2020-05-01,4.98269844055176,69,69,1,0,89.9303527993471
Renfrew-Collingwood,2020,6,day,13473,2.79633,4818.100867923314,0.6549638095238095,44,119.6,2020-06-01,NA,NA,NA,NA,0,47.32713082246363
Renfrew-Collingwood,2020,6,night,17977,2.9663,6060.411961028892,0.6480508695652174,53,119.6,2020-06-01,NA,NA,NA,NA,0,90.14709920398043
Renfrew-Collingwood,2020,7,day,18784,3.65537,5138.741085033799,0.6701906896551725,68,119.7,2020-07-01,5.10371208190918,69,69,1,0,52.87118402899362
Renfrew-Collingwood,2020,7,night,25961,3.90062,6655.608595556604,0.6567583333333333,85,119.7,2020-07-01,5.10371208190918,69,69,1,0,103.69680964668373
Renfrew-Collingwood,2020,8,day,19812,3.2609,6075.623294182587,0.6355861538461538,74,119.7,2020-08-01,4.84912109375,69,69,1,0,63.6436549227885
Renfrew-Collingwood,2020,8,night,26823,4.63324,5789.253308699744,0.6651286842105263,83,119.7,2020-08-01,4.84912109375,69,69,1,0,91.83371371811147
Renfrew-Collingwood,2020,9,day,13573,2.38991,5679.293362511559,0.657826875,43,119.6,2020-09-01,4.89558124542236,69,69,1,0,56.305562869111796
Renfrew-Collingwood,2020,9,night,27054,4.31004,6276.971907453295,0.6414163888888889,79,119.6,2020-09-01,4.89558124542236,69,69,1,0,94.23722906771145
Renfrew-Collingwood,2020,10,day,13961,2.6652,5238.256040822453,0.6431442105263158,70,119.7,2020-10-01,4.1321268081665,69,69,1,0,52.252425647717814
Renfrew-Collingwood,2020,10,night,30354,5.09119,5962.063878975249,0.6482755813953488,102,119.7,2020-10-01,4.1321268081665,69,69,1,0,90.05994540668082
Renfrew-Collingwood,2020,11,day,15842,2.92748,5411.480180906445,0.6718680952380952,63,119.6,2020-11-01,4.03311443328857,69,69,1,0,48.63364356477167
Renfrew-Collingwood,2020,11,night,30054,4.87425,6165.87167256501,0.6339280487804878,83,119.6,2020-11-01,4.03311443328857,69,69,1,0,83.91324927056172
Renfrew-Collingwood,2020,12,day,10868,2.59676,4185.215422295476,0.6509935294117647,59,119.7,2020-12-01,2.74136328697205,69,69,1,0,36.55233314905477
Renfrew-Collingwood,2020,12,night,20246,3.72483,5435.415844481493,0.66009,79,119.7,2020-12-01,2.74136328697205,69,69,1,0,71.88617626457443
Renfrew-Collingwood,2021,1,day,12885,2.162,5959.759481961148,0.6613335294117647,53,119.7,2021-01-01,3.08247637748718,69,69,1,0,44.02926242167679
Renfrew-Collingwood,2021,1,night,21808,3.7588500000000002,5801.774478896471,0.661234,84,119.7,2021-01-01,3.08247637748718,69,69,1,0,64.90659719263083
Renfrew-Collingwood,2021,2,day,14866,2.61992,5674.219060123974,0.6762565,57,119.5,2021-02-01,4.81726169586182,69,69,1,0,37.80672056610075
Renfrew-Collingwood,2021,2,night,21386,3.65573,5849.9943923648625,0.6635023333333333,77,119.5,2021-02-01,4.81726169586182,69,69,1,0,59.024685262811715
Renfrew-Collingwood,2021,3,day,14911,2.56401,5815.499939547817,0.668331,53,119.7,2021-03-01,4.9164400100708,69,69,1,0,43.34134746793086
Renfrew-Collingwood,2021,3,night,21469,3.55038,6046.958353753683,0.6615468965517242,71,119.7,2021-03-01,4.9164400100708,69,69,1,0,68.24449939109944
Renfrew-Collingwood,2021,4,day,11529,2.04704,5632.034547444115,0.6618364285714285,42,120.1,2021-04-01,5.10192537307739,69,69,1,0,42.12540945646133
Renfrew-Collingwood,2021,4,night,21470,3.18107,6749.3013357140835,0.6295074074074074,62,120.1,2021-04-01,5.10192537307739,69,69,1,0,76.44568289919741
Renfrew-Collingwood,2021,5,day,12521,2.6075,4801.917545541707,0.64944,68,120.1,2021-05-01,5.04737520217896,69,69,1,0,37.63677962418033
Renfrew-Collingwood,2021,5,night,29630,4.97616,5954.390534066429,0.65566,78,120.1,2021-05-01,5.04737520217896,69,69,1,0,70.67249019999917
Renfrew-Collingwood,2021,6,day,14024,2.71146,5172.121292587757,0.6706863157894737,55,120.1,2021-06-01,NA,NA,NA,NA,0,40.9366551749236
Renfrew-Collingwood,2021,6,night,22877,3.80861,6006.6533459713655,0.6555941935483871,66,120.1,2021-06-01,NA,NA,NA,NA,0,71.99321089656846
Renfrew-Collingwood,2021,7,day,13725,2.50032,5489.2973699366485,0.6415288888888889,63,120.1,2021-07-01,5.35770559310913,69,69,1,0,45.50807061979891
Renfrew-Collingwood,2021,7,night,25921,4.4333,5846.886066812533,0.6498132432432432,74,120.1,2021-07-01,5.35770559310913,69,69,1,0,73.40262939600917
Renfrew-Collingwood,2021,8,day,12651,2.1748,5817.086628655509,0.6854826666666667,44,120.1,2021-08-01,4.72224807739258,69,69,1,0,49.09973749279881
Renfrew-Collingwood,2021,8,night,23323,3.94413,5913.344641277037,0.6506345454545455,70,120.1,2021-08-01,4.72224807739258,69,69,1,0,75.58265635262516
Renfrew-Collingwood,2021,9,day,16146,2.74056,5891.496628426307,0.6843533333333334,68,120.1,2021-09-01,4.84487724304199,69,69,1,0,47.0643429700919
Renfrew-Collingwood,2021,9,night,22044,4.31144,5112.908912103612,0.6847817142857143,65,120.1,2021-09-01,4.84487724304199,69,69,1,0,61.85142979559445
Renfrew-Collingwood,2021,10,day,10763,2.34082,4597.961398142532,0.6328655555555556,55,120.1,2021-10-01,4.93187093734741,69,69,1,0,36.95680507821636
Renfrew-Collingwood,2021,10,night,17418,3.1476100000000002,5533.722411607537,0.6684179166666666,53,120.1,2021-10-01,4.93187093734741,69,69,1,0,67.35375135827817
Renfrew-Collingwood,2021,11,day,13983,2.27098,6157.2536966419775,0.67097375,61,120.1,2021-11-01,4.96941566467285,69,69,1,0,44.58791335125426
Renfrew-Collingwood,2021,11,night,22770,3.63543,6263.358117196591,0.6697743333333334,78,120.1,2021-11-01,4.96941566467285,69,69,1,0,68.68353910436849
Renfrew-Collingwood,2021,12,day,11741,2.1354800000000003,5498.061325790923,0.6357338461538462,47,120.1,2021-12-01,4.27692604064941,69,69,1,0,38.69155917457263
Renfrew-Collingwood,2021,12,night,22273,3.70385,6013.4724678375205,0.6785,65,120.1,2021-12-01,4.27692604064941,69,69,1,0,64.08365878878638
Renfrew-Collingwood,2022,1,day,7323,0.94946,7712.805173467023,0.64085375,49,120.1,2022-01-01,3.51113748550415,69,69,1,0,60.4914750059109
Renfrew-Collingwood,2022,1,night,30100,4.94643,6085.196798499119,0.6437209302325582,112,120.1,2022-01-01,3.51113748550415,69,69,1,0,72.27228109174261
Renfrew-Collingwood,2022,2,day,13296,2.45013,5426.650830772244,0.68885375,63,120,2022-02-01,4.43006277084351,69,69,1,0,38.38521026032718
Renfrew-Collingwood,2022,2,night,21893,3.88048,5641.8278151156555,0.6518513793103449,69,120,2022-02-01,4.43006277084351,69,69,1,0,60.43203152809138
Renfrew-Collingwood,2022,3,day,14996,2.68604,5582.9399413262645,0.6302878947368421,67,120.1,2022-03-01,4.85535573959351,69,69,1,0,44.17203889279405
Renfrew-Collingwood,2022,3,night,16509,2.82804,5837.611914965842,0.6697342857142857,73,120.1,2022-03-01,4.85535573959351,69,69,1,0,69.94151425304524
Renfrew-Collingwood,2022,4,day,13467,3.03584,4436.004532518183,0.6699685714285715,91,120.9,2022-04-01,5.16719579696655,69,69,1,0,35.22410301084677
Renfrew-Collingwood,2022,4,night,25522,4.02801,6336.1312409850025,0.6639665714285714,81,120.9,2022-04-01,5.16719579696655,69,69,1,0,76.18815323715016
Renfrew-Collingwood,2022,5,day,15703,2.71968,5773.841040122367,0.6653975,88,120.9,2022-05-01,5.54202747344971,69,69,1,0,48.04317681328156
Renfrew-Collingwood,2022,5,night,15626,3.08032,5072.8495740702265,0.6479121739130435,72,120.9,2022-05-01,5.54202747344971,69,69,1,0,63.91962218046431
Renfrew-Collingwood,2022,6,day,17447,2.97222,5870.023080391088,0.6655422727272727,59,120.9,2022-06-01,NA,NA,NA,NA,0,49.323353738297676
Renfrew-Collingwood,2022,6,night,20580,3.89086,5289.31907084809,0.656146875,82,120.9,2022-06-01,NA,NA,NA,NA,0,67.3019855436658
Renfrew-Collingwood,2022,7,day,15817,2.77971,5690.161923366106,0.6569815,79,120.9,2022-07-01,5.54818105697632,69,69,1,0,50.08012756467287
Renfrew-Collingwood,2022,7,night,22992,4.50267,5106.303593201367,0.6653307894736842,87,120.9,2022-07-01,5.54818105697632,69,69,1,0,68.05542561195026
Renfrew-Collingwood,2022,8,day,14636,2.70847,5403.788854962396,0.6917278947368422,99,120.9,2022-08-01,4.82334661483765,69,69,1,0,48.42182416411418
Renfrew-Collingwood,2022,8,night,22950,4.02792,5697.729845677173,0.6653869696969696,91,120.9,2022-08-01,4.82334661483765,69,69,1,0,77.31432163414999
Renfrew-Collingwood,2022,9,day,18464,2.92179,6319.413784015963,0.6522995652173913,77,120.9,2022-09-01,4.90021705627441,69,69,1,0,53.59352170628415
Renfrew-Collingwood,2022,9,night,22526,3.50696,6423.2269543992525,0.6648665625,68,120.9,2022-09-01,4.90021705627441,69,69,1,0,82.49052951543001
Renfrew-Collingwood,2022,10,day,13657,2.32663,5869.863278647657,0.6442794117647059,79,120.9,2022-10-01,4.73318958282471,69,69,1,0,50.0871384412037
Renfrew-Collingwood,2022,10,night,22734,4.15757,5468.0979514476,0.6680934375,89,120.9,2022-10-01,4.73318958282471,69,69,1,0,70.65612917465393
Renfrew-Collingwood,2022,11,day,12823,2.8910400000000003,4435.428081244119,0.6512561904761904,72,120.9,2022-11-01,4.2592625617981,69,69,1,0,34.09846102364062
Renfrew-Collingwood,2022,11,night,22487,3.58864,6266.162111552009,0.6624,100,120.9,2022-11-01,4.2592625617981,69,69,1,0,72.9484693889003
Renfrew-Collingwood,2022,12,day,9013,2.23862,4026.141104787771,0.6816764285714286,51,120.9,2022-12-01,4.96130990982056,69,69,1,0,30.079095960726473
Renfrew-Collingwood,2022,12,night,17656,3.2996600000000003,5350.854330446166,0.6882648,63,120.9,2022-12-01,4.96130990982056,69,69,1,0,60.536071894650085
Renfrew-Collingwood,2023,1,day,9306,2.09957,4432.336145020171,0.7091486666666666,52,120.9,2023-01-01,3.6753237247467,69,69,1,0,35.31702728269504
Renfrew-Collingwood,2023,1,night,23339,3.67671,6347.794631613589,0.6594822580645161,81,120.9,2023-01-01,3.6753237247467,69,69,1,0,76.59309871776733
Renfrew-Collingwood,2023,2,day,12109,1.9858,6097.79433981267,0.6584453846153846,62,120.7,2023-02-01,6.12592458724976,69,69,1,0,43.82021018570071
Renfrew-Collingwood,2023,2,night,18002,3.51124,5126.9636937378245,0.6925020689655172,107,120.7,2023-02-01,6.12592458724976,69,69,1,0,55.792682999528864
Renfrew-Collingwood,2023,3,day,8976,2.00209,4483.314935891993,0.6566857142857143,80,120.9,2023-03-01,5.02702379226685,69,69,1,0,36.03739380067247
Renfrew-Collingwood,2023,3,night,19558,2.96942,6586.471432131528,0.6387115999999999,88,120.9,2023-03-01,5.02702379226685,69,69,1,0,80.17191578674553
Renfrew-Collingwood,2023,4,day,15349,2.49634,6148.6015526731135,0.6709533333333333,63,122,2023-04-01,5.02745246887207,69,69,1,0,49.60140173824004
Renfrew-Collingwood,2023,4,night,27061,4.50727,6003.855992651871,0.6712028947368421,103,122,2023-04-01,5.02745246887207,69,69,1,0,73.3437628362461
Renfrew-Collingwood,2023,5,day,16197,2.61138,6202.467660777061,0.651814761904762,100,122.1,2023-05-01,5.09065675735474,69,69,1,0,52.43255735736907
Renfrew-Collingwood,2023,5,night,19959,3.38384,5898.32852617145,0.6565451851851852,81,122.1,2023-05-01,5.09065675735474,69,69,1,0,75.50588658599827
Renfrew-Collingwood,2023,6,day,17642,2.98902,5902.268971100896,0.6655613636363636,115,122,2023-06-01,NA,NA,NA,NA,0,50.38501878297365
Renfrew-Collingwood,2023,6,night,21978,3.6092400000000002,6089.37061542042,0.6269131034482759,87,122,2023-06-01,NA,NA,NA,NA,0,78.71729399666911
Renfrew-Collingwood,2023,7,day,17042,3.01842,5646.0002252834265,0.6410261904761905,97,122.1,2023-07-01,5.22677612304688,69,69,1,0,50.48371781808172
Renfrew-Collingwood,2023,7,night,20560,3.94776,5208.016698076884,0.6545263636363636,91,122.1,2023-07-01,5.22677612304688,69,69,1,0,70.51769830072176
Renfrew-Collingwood,2023,8,day,8985,2.2563,3982.183220316447,0.6934473333333333,86,122.1,2023-08-01,5.11065196990967,69,69,1,0,36.252140227765885
Renfrew-Collingwood,2023,8,night,18936,3.1739100000000002,5966.14270726013,0.6639919230769231,86,122.1,2023-08-01,5.11065196990967,69,69,1,0,82.24724727380654
Renfrew-Collingwood,2023,9,day,13427,3.04141,4414.72869491453,0.65505,88,122.5,2023-09-01,4.85911226272583,69,69,1,0,38.03725433507993
Renfrew-Collingwood,2023,9,night,23746,3.96679,5986.20042906229,0.6354508823529411,102,122.5,2023-09-01,4.85911226272583,69,69,1,0,78.10371937287466
Renfrew-Collingwood,2023,10,day,15424,2.6893,5735.321459115756,0.6327242105263158,75,122.5,2023-10-01,4.35684680938721,69,69,1,0,49.7193723519582
Renfrew-Collingwood,2023,10,night,24090,3.9701,6067.857232815294,0.6618394285714285,104,122.5,2023-10-01,4.35684680938721,69,69,1,0,79.65600985912481
Renfrew-Collingwood,2023,11,day,14954,2.69582,5547.106260803763,0.6354642105263157,67,122.5,2023-11-01,4.31327295303345,69,69,1,0,43.3246796394196
Renfrew-Collingwood,2023,11,night,22489,3.8458300000000003,5847.632370645608,0.6451203333333333,93,122.5,2023-11-01,4.31327295303345,69,69,1,0,69.16147666520263
Renfrew-Collingwood,2023,12,day,14665,2.38183,6157.030518550862,0.6498136842105263,44,122.5,2023-12-01,4.04583740234375,69,69,1,0,46.73225437744729
Renfrew-Collingwood,2023,12,night,18900,3.44684,5483.283239140778,0.6214232,87,122.5,2023-12-01,4.04583740234375,69,69,1,0,63.023341646155195
Renfrew-Collingwood,2024,1,day,6651,1.8322800000000001,3629.9037265046823,0.6169218181818181,36,122.5,2024-01-01,7.79214096069336,69,69,1,0,27.043865795516457
Renfrew-Collingwood,2024,1,night,20130,3.70132,5438.60028314223,0.6537734374999999,99,122.5,2024-01-01,7.79214096069336,69,69,1,0,61.358696853846375
Renfrew-Collingwood,2024,2,day,20049,3.47491,5769.645832553937,0.6554311111111111,55,122.4,2024-02-01,5.1144757270813,69,69,1,0,38.76796927244184
Renfrew-Collingwood,2024,2,night,25502,4.02144,6341.509509031591,0.6622994444444444,108,122.4,2024-02-01,5.1144757270813,69,69,1,0,64.52557252478009
Renfrew-Collingwood,2024,3,day,13011,1.78291,7297.620182734967,0.608346875,44,122.5,2024-03-01,5.07053375244141,69,69,1,0,54.84759615373766
Renfrew-Collingwood,2024,3,night,21612,3.57064,6052.69643537293,0.6487823333333333,78,122.5,2024-03-01,5.07053375244141,69,69,1,0,68.88752097121059
Renfrew-Collingwood,2024,4,day,16856,2.79827,6023.72179954043,0.6655795238095238,65,130.3,2024-04-01,4.96510982513428,69,69,1,0,45.436484267796146
Renfrew-Collingwood,2024,4,night,26738,4.4501100000000005,6008.3908038228265,0.6794552631578947,91,130.3,2024-04-01,4.96510982513428,69,69,1,0,68.62989071293714
Renfrew-Collingwood,2024,5,day,18461,2.78656,6625.0143546164445,0.6599234782608696,67,130.4,2024-05-01,5.50425291061401,69,69,1,0,52.36553799110194
Renfrew-Collingwood,2024,5,night,17692,3.42264,5169.109225627001,0.6467633333333334,100,130.4,2024-05-01,5.50425291061401,69,69,1,0,61.87137622502844
Renfrew-Collingwood,2024,6,day,15079,2.78815,5408.245610888941,0.670347,59,130.3,2024-06-01,NA,NA,NA,NA,0,43.16791259220205
Renfrew-Collingwood,2024,6,night,18757,3.24979,5771.7575597192435,0.6480433333333333,84,130.3,2024-06-01,NA,NA,NA,NA,0,69.76346511164462
Renfrew-Collingwood,2024,7,day,14329,2.70344,5300.284082502293,0.6360280952380952,57,130.4,2024-07-01,4.49729013442993,69,69,1,0,44.31306611899097
Renfrew-Collingwood,2024,7,night,15077,3.0513500000000002,4941.0916479591,0.6574656521739131,95,130.4,2024-07-01,4.49729013442993,69,69,1,0,62.55627553409583
Renfrew-Collingwood,2024,8,day,18429,3.11011,5925.513888576288,0.6723895652173913,63,130.4,2024-08-01,3.98469734191895,69,69,1,0,50.438324064255006
Renfrew-Collingwood,2024,8,night,17428,3.12446,5577.923865243914,0.6556104347826087,128,130.4,2024-08-01,3.98469734191895,69,69,1,0,71.89894708755314
Renfrew-Collingwood,2024,9,day,11217,2.52811,4436.911368571779,0.6510558823529412,35,130.3,2024-09-01,3.40832710266113,69,69,1,0,35.744407990877896
Renfrew-Collingwood,2024,9,night,17739,3.20624,5532.648834772194,0.6705496,75,130.3,2024-09-01,3.40832710266113,69,69,1,0,67.49564968375014
Renfrew-Collingwood,2024,10,day,16146,2.90607,5555.957014111841,0.6565590476190476,66,130.4,2024-10-01,4.32415962219238,69,69,1,0,45.03487523673678
Renfrew-Collingwood,2024,10,night,16076,3.02884,5307.642529813394,0.6706432,94,130.4,2024-10-01,4.32415962219238,69,69,1,0,65.14889791331878
Renfrew-Collingwood,2024,11,day,7322,1.9222700000000001,3809.0382724591236,0.6538281818181818,32,130.3,2024-11-01,4.44622993469238,69,61,0.884057971014493,0,27.81675242264816
Renfrew-Collingwood,2024,11,night,14337,2.58183,5553.037961445951,0.6633315789473684,93,130.3,2024-11-01,4.44622993469238,69,61,0.884057971014493,0,61.409710813131746
Renfrew-Collingwood,2024,12,day,9508,1.85752,5118.652827425815,0.6161845454545455,42,130.4,2024-12-01,3.62580704689026,69,69,1,0,36.32647976384633
Renfrew-Collingwood,2024,12,night,15434,2.59328,5951.536278381046,0.660512,84,130.4,2024-12-01,3.62580704689026,69,69,1,0,63.960528869968115
Riley Park,2014,1,day,6031,1.78569,3377.405932720685,0.8976290909090909,17,94.8,2014-01-01,3.45118379592896,50,50,1,0,18.43061398140896
Riley Park,2014,1,night,13369,3.40797,3922.8631707438735,0.8469333333333333,38,94.8,2014-01-01,3.45118379592896,50,50,1,0,32.417164327971136
Riley Park,2014,2,day,6233,2.14966,2899.528297498209,0.8935466666666666,21,94.8,2014-02-01,3.50601863861084,50,50,1,0,14.270333572371076
Riley Park,2014,2,night,8681,2.19428,3956.195198424996,0.87984,25,94.8,2014-02-01,3.50601863861084,50,50,1,0,29.48490996818097
Riley Park,2014,3,day,7683,2.3668,3246.155146188947,0.9675428571428571,29,94.8,2014-03-01,4.04055643081665,50,50,1,0,17.87016204206976
Riley Park,2014,3,night,9405,2.32514,4044.9177253842777,0.8023717647058823,27,94.8,2014-03-01,4.04055643081665,50,50,1,0,33.71974109942222
Riley Park,2014,4,day,7043,1.75592,4011.002779169894,0.8190933333333333,24,101.7,2014-04-01,4.03689002990723,50,50,1,0,22.16030085779298
Riley Park,2014,4,night,10596,2.68767,3942.4482916429474,0.9075873684210526,33,101.7,2014-04-01,4.03689002990723,50,50,1,0,32.98405274975728
Riley Park,2014,5,day,9798,2.48393,3944.5556034187757,0.8804977777777778,37,101.7,2014-05-01,4.14429616928101,50,50,1,0,22.837034307454513
Riley Park,2014,5,night,16444,2.88443,5700.953047915879,0.8368331034482759,54,101.7,2014-05-01,4.14429616928101,50,50,1,0,49.98093856618134
Riley Park,2014,6,day,9444,2.33235,4049.134992604026,0.8659576470588235,34,101.7,2014-06-01,NA,NA,NA,NA,0,23.672807891735786
Riley Park,2014,6,night,12567,2.21379,5676.690200967571,0.8975709090909091,46,101.7,2014-06-01,NA,NA,NA,NA,0,50.25717035752482
Riley Park,2014,7,day,10549,2.69635,3912.325922079849,0.861632,33,101.7,2014-07-01,4.1144962310791,50,50,1,0,23.95799977529672
Riley Park,2014,7,night,16938,3.99866,4235.919032876013,0.8615432258064516,70,101.7,2014-07-01,4.1144962310791,50,50,1,0,39.280635069138086
Riley Park,2014,8,day,9825,2.59449,3786.8714082536453,0.8606870588235294,25,101.7,2014-08-01,4.02658700942993,50,50,1,0,23.610112748641818
Riley Park,2014,8,night,11540,2.11401,5458.819967739037,0.88672,39,101.7,2014-08-01,4.02658700942993,50,50,1,0,51.53847877497956
Riley Park,2014,9,day,9658,2.7355,3530.615975141656,0.8874666666666666,25,101.7,2014-09-01,3.65402555465698,50,50,1,0,20.83342689289703
Riley Park,2014,9,night,9330,1.38461,6738.35953806487,0.9084988235294118,30,101.7,2014-09-01,3.65402555465698,50,50,1,0,60.21153956677232
Riley Park,2014,10,day,8490,2.61897,3241.7324367976726,0.88104,27,101.7,2014-10-01,3.33601045608521,50,50,1,0,19.246427556989488
Riley Park,2014,10,night,12257,3.23324,3790.9341712956666,0.9095272727272727,39,101.7,2014-10-01,3.33601045608521,50,50,1,0,34.08274198869231
Riley Park,2014,11,day,7838,2.06922,3787.9007548738173,0.8042971428571428,20,101.7,2014-11-01,3.94493341445923,50,50,1,0,20.261544901368495
Riley Park,2014,11,night,11772,1.9192799999999999,6133.55008128048,0.81024,34,101.7,2014-11-01,3.94493341445923,50,50,1,0,49.682243768361374
Riley Park,2014,12,day,7375,1.96657,3750.1843310942404,0.8155428571428571,18,101.7,2014-12-01,3.83558988571167,50,50,1,0,19.494097354017843
Riley Park,2014,12,night,10704,2.65152,4036.9297610427225,0.9061726315789473,31,101.7,2014-12-01,3.83558988571167,50,50,1,0,31.77730262225622
Riley Park,2015,1,day,6445,0.93132,6920.285186616845,0.8040533333333333,19,101.7,2015-01-01,3.28908514976501,50,50,1,0,39.10742067560527
Riley Park,2015,1,night,13132,2.72851,4812.883221978296,0.8195466666666666,49,101.7,2015-01-01,3.28908514976501,50,50,1,0,41.18658901970156
Riley Park,2015,2,day,7949,2.13067,3730.7513599008767,0.8569173333333333,24,101.7,2015-02-01,3.760089635849,50,50,1,0,19.014360299309494
Riley Park,2015,2,night,9955,1.77285,5615.2522774064355,0.898484705882353,24,101.7,2015-02-01,3.760089635849,50,50,1,0,43.33811391134652
Riley Park,2015,3,day,7255,1.90216,3814.085040164865,0.8659692307692307,29,101.7,2015-03-01,3.79757857322693,50,50,1,0,21.743438763414463
Riley Park,2015,3,night,9637,2.4362399999999997,3955.6858109217487,0.8209515789473684,27,101.7,2015-03-01,3.79757857322693,50,50,1,0,34.14876234708463
Riley Park,2015,4,day,8906,2.08371,4274.107241410753,0.80864,29,107.7,2015-04-01,3.9105122089386,50,50,1,0,24.453821840424727
Riley Park,2015,4,night,7227,2.2279999999999998,3243.716337522442,0.8906830769230769,21,107.7,2015-04-01,3.9105122089386,50,50,1,0,28.103442284293518
Riley Park,2015,5,day,9398,2.66043,3532.511661648681,0.8104177777777778,30,107.7,2015-05-01,3.99170088768005,50,50,1,0,21.17892272741094
Riley Park,2015,5,night,14768,2.9656599999999997,4979.6672578785165,0.911597037037037,46,107.7,2015-05-01,3.99170088768005,50,50,1,0,45.21014570898188
Riley Park,2015,6,day,10818,2.8388299999999997,3810.724840867541,0.847808,31,107.7,2015-06-01,NA,NA,NA,NA,0,23.071389362795372
Riley Park,2015,6,night,13198,3.41346,3866.458080657163,0.84864,33,107.7,2015-06-01,NA,NA,NA,NA,0,35.448248753320634
Riley Park,2015,7,day,9303,2.24242,4148.642983919159,0.93184,23,107.7,2015-07-01,4.01769065856934,50,50,1,0,26.30875106792609
Riley Park,2015,7,night,10897,2.85071,3822.556485928067,0.91328,38,107.7,2015-07-01,4.01769065856934,50,50,1,0,36.7082264113605
Riley Park,2015,8,day,12702,3.15654,4024.0263072858256,0.8788072727272728,33,107.7,2015-08-01,3.46022844314575,50,50,1,0,25.98106527304121
Riley Park,2015,8,night,11928,1.98145,6019.833959978803,0.9115733333333333,38,107.7,2015-08-01,3.46022844314575,50,50,1,0,58.85670923724818
Riley Park,2015,9,day,7897,2.10747,3747.147053101586,0.9024,25,107.7,2015-09-01,3.2057192325592,50,50,1,0,22.897581185635
Riley Park,2015,9,night,10250,2.7073,3786.059912089536,0.8768,30,107.7,2015-09-01,3.2057192325592,50,50,1,0,35.03415715800549
Riley Park,2015,10,day,8876,1.59313,5571.422294476911,0.839168,23,107.7,2015-10-01,3.58244585990906,50,50,1,0,34.25450374229429
Riley Park,2015,10,night,14060,2.73962,5132.098612216293,0.8933169230769231,54,107.7,2015-10-01,3.58244585990906,50,50,1,0,47.781735084208094
Riley Park,2015,11,day,9238,1.90301,4854.4148480565,0.9664,21,107.7,2015-11-01,3.55632615089417,50,50,1,0,26.88991885825325
Riley Park,2015,11,night,15252,2.81771,5412.906225268037,0.8551585185185185,48,107.7,2015-11-01,3.55632615089417,50,50,1,0,45.40445097555323
Riley Park,2015,12,day,8434,1.3618299999999999,6193.137175712094,0.8827733333333333,28,107.7,2015-12-01,2.53921246528625,50,50,1,0,33.33802399806984
Riley Park,2015,12,night,14621,2.65836,5500.007523435502,0.881517037037037,61,107.7,2015-12-01,2.53921246528625,50,50,1,0,44.83402812426811
Riley Park,2016,1,day,4085,0.95327,4285.249719386952,0.9116,10,107.7,2016-01-01,3.71866798400879,50,50,1,0,25.397358893559623
Riley Park,2016,1,night,15882,3.84535,4130.183208290533,0.8715696551724138,66,107.7,2016-01-01,3.71866798400879,50,50,1,0,37.06782113026947
Riley Park,2016,2,day,9983,2.93282,3403.891135494166,0.9119288888888889,22,107.6,2016-02-01,3.39807224273682,50,50,1,0,18.194424157874593
Riley Park,2016,2,night,15350,3.67478,4177.120807231998,0.8541485714285715,60,107.6,2016-02-01,3.39807224273682,50,50,1,0,33.81076599151047
Riley Park,2016,3,day,11416,3.03138,3765.941584360918,0.8772072727272727,34,107.7,2016-03-01,3.77180004119873,50,50,1,0,22.515867114437686
Riley Park,2016,3,night,18129,3.96808,4568.708292171529,0.879670303030303,74,107.7,2016-03-01,3.77180004119873,50,50,1,0,41.36412562120732
Riley Park,2016,4,day,8749,2.21135,3956.4067198769985,0.9148,21,112.2,2016-04-01,3.8427722454071,50,50,1,0,23.73993359889019
Riley Park,2016,4,night,15113,3.44326,4389.154464083455,0.8756571428571429,49,112.2,2016-04-01,3.8427722454071,50,50,1,0,39.88180034488712
Riley Park,2016,5,day,8902,1.6383,5433.681254959409,0.831488,19,112.3,2016-05-01,3.49593305587769,50,50,1,0,34.16580519706062
Riley Park,2016,5,night,14566,2.832,5143.361581920904,0.8744704,46,112.3,2016-05-01,3.49593305587769,50,50,1,0,48.97335750488032
Riley Park,2016,6,day,8498,2.54761,3335.6753977257113,0.83648,21,112.2,2016-06-01,NA,NA,NA,NA,0,21.18005967859163
Riley Park,2016,6,night,10065,2.57603,3907.1749940800382,0.8188631578947368,36,112.2,2016-06-01,NA,NA,NA,NA,0,37.56830330528404
Riley Park,2016,7,day,12513,3.2622,3835.7550119551224,0.8628591304347826,43,112.3,2016-07-01,3.29878187179565,50,50,1,0,25.510693810406845
Riley Park,2016,7,night,14135,3.06621,4609.925608487351,0.8620307692307693,39,112.3,2016-07-01,3.29878187179565,50,50,1,0,46.428071780289265
Riley Park,2016,8,day,13483,3.022,4461.614824619458,0.9077333333333333,36,112.3,2016-08-01,3.55393624305725,50,50,1,0,30.21102479427504
Riley Park,2016,8,night,15509,3.88056,3996.5881213020803,0.8610648275862068,49,112.3,2016-08-01,3.55393624305725,50,50,1,0,40.98057965840138
Riley Park,2016,9,day,10811,2.8541499999999997,3787.8177390816886,0.8782147368421053,30,112.2,2016-09-01,3.14975237846375,50,50,1,0,24.274773386922543
Riley Park,2016,9,night,17305,3.0552799999999998,5663.965332146317,0.85824,72,112.2,2016-09-01,3.14975237846375,50,50,1,0,54.96699792920641
Riley Park,2016,10,day,9579,2.03891,4698.0984938030615,0.88832,22,112.3,2016-10-01,3.14642930030823,50,50,1,0,30.293605104304913
Riley Park,2016,10,night,16394,4.0015,4096.963638635511,0.8492387096774193,52,112.3,2016-10-01,3.14642930030823,50,50,1,0,40.00426293069633
Riley Park,2016,11,day,8241,2.0973,3929.3377199256183,0.889,22,112.2,2016-11-01,2.936527967453,50,50,1,0,22.827019068848738
Riley Park,2016,11,night,12706,3.05446,4159.818756834268,0.8522852173913044,36,112.2,2016-11-01,2.936527967453,50,50,1,0,36.59481653643712
Riley Park,2016,12,day,6070,1.81212,3349.667792419928,0.8351418181818182,13,112.3,2016-12-01,4.30719184875488,50,50,1,0,18.910722982815603
Riley Park,2016,12,night,11546,2.73334,4224.136038692588,0.896192,33,112.3,2016-12-01,4.30719184875488,50,50,1,0,36.11267111228914
Riley Park,2017,1,day,6430,1.75834,3656.8581730495807,0.8764509090909091,13,112.3,2017-01-01,3.79425406455994,50,50,1,0,20.58848085186021
Riley Park,2017,1,night,14286,3.36653,4243.538599091647,0.8219970370370371,41,112.3,2017-01-01,3.79425406455994,50,50,1,0,36.179258665248774
Riley Park,2017,2,day,5038,0.98631,5107.927527856354,0.8492088888888889,11,112.1,2017-02-01,3.74345278739929,50,50,1,0,25.936486555405676
Riley Park,2017,2,night,8071,2.5842899999999998,3123.1015095055122,0.841216,22,112.1,2017-02-01,3.74345278739929,50,50,1,0,24.014184292749636
Riley Park,2017,3,day,7063,1.79239,3940.5486529159393,0.8335542857142857,21,112.3,2017-03-01,4.03877305984497,50,50,1,0,22.380797434400115
Riley Park,2017,3,night,12517,2.4445799999999998,5120.306964795589,0.8793878260869565,43,112.3,2017-03-01,4.03877305984497,50,50,1,0,44.038263071820005
Riley Park,2017,4,day,11070,2.39317,4625.663868425561,0.8635123809523809,31,115.2,2017-04-01,3.90477108955383,50,50,1,0,26.366738059812583
Riley Park,2017,4,night,11201,1.96452,5701.647221713192,0.887578947368421,36,115.2,2017-04-01,3.90477108955383,50,50,1,0,49.21505758582888
Riley Park,2017,5,day,7973,2.29528,3473.6502736049633,0.8085333333333333,22,115.3,2017-05-01,3.94809722900391,50,50,1,0,20.748531195572077
Riley Park,2017,5,night,14844,2.57536,5763.8543737574555,0.8547692307692307,44,115.3,2017-05-01,3.94809722900391,50,50,1,0,52.135025123713994
Riley Park,2017,6,day,10312,2.12981,4841.746446866153,0.9377422222222223,31,115.2,2017-06-01,NA,NA,NA,NA,0,29.204461652782964
Riley Park,2017,6,night,16201,3.15063,5142.1461739398155,0.8473158620689655,47,115.2,2017-06-01,NA,NA,NA,NA,0,46.96852280702263
Riley Park,2017,7,day,9110,2.04742,4449.5023004561845,0.80244,29,115.3,2017-07-01,4.73539209365845,50,50,1,0,28.111667633609564
Riley Park,2017,7,night,14385,3.45955,4158.055238398058,0.8742656,48,115.3,2017-07-01,4.73539209365845,50,50,1,0,39.781462883294864
Riley Park,2017,8,day,10872,2.78489,3903.924391986757,0.856864,30,115.3,2017-08-01,3.91441249847412,50,50,1,0,25.111840579897795
Riley Park,2017,8,night,12818,2.38678,5370.415371337115,0.8281066666666667,39,115.3,2017-08-01,3.91441249847412,50,50,1,0,52.31188214109763
Riley Park,2017,9,day,10273,2.38746,4302.899315590628,0.8501221052631579,32,115.2,2017-09-01,3.34099769592285,50,50,1,0,26.195763421393536
Riley Park,2017,9,night,13001,2.14817,6052.12809042115,0.8339456,46,115.2,2017-09-01,3.34099769592285,50,50,1,0,55.79474636288731
Riley Park,2017,10,day,8769,1.97356,4443.239627880581,0.8570026666666667,19,115.3,2017-10-01,3.63469433784485,50,50,1,0,27.21650427314927
Riley Park,2017,10,night,14994,2.86647,5230.823975133178,0.8151085714285714,50,115.3,2017-10-01,3.63469433784485,50,50,1,0,48.51969184755149
Riley Park,2017,11,day,9698,2.28174,4250.265148527001,0.8969955555555555,25,115.2,2017-11-01,3.49206137657166,50,50,1,0,23.455766685459725
Riley Park,2017,11,night,13594,2.5449,5341.663719596055,0.8410933333333334,53,115.2,2017-11-01,3.49206137657166,50,50,1,0,44.640132402943095
Riley Park,2017,12,day,4560,0.77842,5858.020091981192,0.81392,10,115.3,2017-12-01,3.38090491294861,50,50,1,0,31.416732707477312
Riley Park,2017,12,night,14295,2.98949,4781.752071423554,0.868036923076923,62,115.3,2017-12-01,3.38090491294861,50,50,1,0,38.83403662873094
Riley Park,2018,1,day,6382,1.79761,3550.2695245353552,0.8553846153846154,19,115.3,2018-01-01,4.36808013916016,50,50,1,0,20.168398171262684
Riley Park,2018,1,night,13188,3.4586099999999997,3813.0925429580093,0.8510666666666666,54,115.3,2018-01-01,4.36808013916016,50,50,1,0,32.802183134443816
Riley Park,2018,2,day,6998,1.39052,5032.649656243708,0.8203815384615385,15,115.1,2018-02-01,4.57218027114868,50,50,1,0,25.784398988435058
Riley Park,2018,2,night,12167,3.08622,3942.3631497430515,0.82304,48,115.1,2018-02-01,4.57218027114868,50,50,1,0,30.586674556781233
Riley Park,2018,3,day,6716,2.31346,2903.0110743215787,0.796603076923077,21,115.3,2018-03-01,4.37003660202026,50,50,1,0,16.6364803578053
Riley Park,2018,3,night,11235,2.68904,4178.070984440544,0.8951466666666666,35,115.3,2018-03-01,4.37003660202026,50,50,1,0,36.25800415017815
Riley Park,2018,4,day,9897,2.56529,3858.043340129186,0.8639663157894737,28,118.7,2018-04-01,4.31327247619629,50,50,1,0,22.1892862343029
Riley Park,2018,4,night,16929,4.06639,4163.15208329747,0.88,45,118.7,2018-04-01,4.31327247619629,50,50,1,0,36.258833470050874
Riley Park,2018,5,day,10666,2.66101,4008.252505627562,0.8650666666666667,38,118.8,2018-05-01,3.79316210746765,50,50,1,0,24.157402517157582
Riley Park,2018,5,night,14870,3.5576,4179.784124128626,0.8995081481481482,52,118.8,2018-05-01,3.79316210746765,50,50,1,0,38.14734667160705
Riley Park,2018,6,day,9941,2.81644,3529.6331539106104,0.9213155555555556,26,118.7,2018-06-01,NA,NA,NA,NA,0,21.48179803093365
Riley Park,2018,6,night,15348,2.95071,5201.459987596206,0.8394285714285714,53,118.7,2018-06-01,NA,NA,NA,NA,0,47.938191066909354
Riley Park,2018,7,day,7983,1.37673,5798.522586127999,0.8325907692307692,22,118.8,2018-07-01,4.53029537200928,50,50,1,0,36.96463511018894
Riley Park,2018,7,night,13815,2.69515,5125.874255607295,0.8786944,42,118.8,2018-07-01,4.53029537200928,50,50,1,0,49.482580467077284
Riley Park,2018,8,day,5854,1.22762,4768.576595363386,0.8580072727272727,15,118.8,2018-08-01,3.59616661071777,50,50,1,0,30.949939684957258
Riley Park,2018,8,night,12241,2.7033,4528.169274590316,0.8777890909090909,37,118.8,2018-08-01,3.59616661071777,50,50,1,0,44.50502186056871
Riley Park,2018,9,day,6583,1.92742,3415.446555499061,0.8504533333333333,18,118.7,2018-09-01,3.68260550498962,50,50,1,0,20.98027932549807
Riley Park,2018,9,night,13278,2.96067,4484.795671250089,0.87256,38,118.7,2018-09-01,3.68260550498962,50,50,1,0,41.71783425499801
Riley Park,2018,10,day,8802,2.3713699999999998,3711.778423442989,0.85964,26,118.8,2018-10-01,3.62512612342834,50,50,1,0,22.94079936439158
Riley Park,2018,10,night,11711,2.71846,4307.953767942144,0.8444342857142857,39,118.8,2018-10-01,3.62512612342834,50,50,1,0,40.31928841360487
Riley Park,2018,11,day,8536,2.34221,3644.421294418519,0.9097999999999999,26,118.7,2018-11-01,3.40409827232361,50,50,1,0,20.293459130735556
Riley Park,2018,11,night,12090,2.7494199999999998,4397.291065024624,0.8223127272727273,40,118.7,2018-11-01,3.40409827232361,50,50,1,0,37.079002312907484
Riley Park,2018,12,day,7975,2.17528,3666.1946967746685,0.9166628571428571,21,118.8,2018-12-01,3.279212474823,50,50,1,0,19.838991052455757
Riley Park,2018,12,night,16462,4.07936,4035.4369312833383,0.834621935483871,54,118.8,2018-12-01,3.279212474823,50,50,1,0,33.06815327544072
Riley Park,2019,1,day,6616,1.84272,3590.344707823218,0.895650909090909,18,118.8,2019-01-01,3.40752720832825,50,50,1,0,22.100502133301426
Riley Park,2019,1,night,11070,2.84621,3889.382722989519,0.862592,34,118.8,2019-01-01,3.40752720832825,50,50,1,0,36.2545063339581
Riley Park,2019,2,day,4902,1.04114,4708.300516741265,0.8924444444444445,18,118.6,2019-02-01,4.36523818969727,50,50,1,0,26.138484339719632
Riley Park,2019,2,night,15421,3.68681,4182.748771973604,0.86064,56,118.6,2019-02-01,4.36523818969727,50,50,1,0,35.163599724036295
Riley Park,2019,3,day,10987,2.56017,4291.5118917884365,0.860096,34,118.8,2019-03-01,4.20036840438843,50,50,1,0,26.648881838823602
Riley Park,2019,3,night,9834,2.62249,3749.871305514988,0.8552533333333333,38,118.8,2019-03-01,4.20036840438843,50,50,1,0,35.26146525842714
Riley Park,2019,4,day,10897,2.63298,4138.656579237214,0.843424,31,120.9,2019-04-01,4.46495294570923,50,50,1,0,25.79238678491083
Riley Park,2019,4,night,12235,3.0675,3988.5900570497147,0.8898782608695652,53,120.9,2019-04-01,4.46495294570923,50,50,1,0,37.64149514612745
Riley Park,2019,5,day,11799,2.16456,5450.992349484422,0.86368,33,120.9,2019-05-01,4.1143651008606,50,50,1,0,35.59808595099742
Riley Park,2019,5,night,16095,3.60494,4464.706763496757,0.858063448275862,66,120.9,2019-05-01,4.1143651008606,50,50,1,0,44.15291041341478
Riley Park,2019,6,day,10101,2.6507,3810.691515448749,0.9133929411764706,29,120.9,2019-06-01,NA,NA,NA,NA,0,25.130478843728223
Riley Park,2019,6,night,15387,3.84659,4000.1663811323797,0.8377371428571428,53,120.9,2019-06-01,NA,NA,NA,NA,0,39.94756825212982
Riley Park,2019,7,day,10279,2.51948,4079.810119548478,0.9272926315789474,37,120.9,2019-07-01,4.22332763671875,50,50,1,0,28.18155371159372
Riley Park,2019,7,night,15783,3.43684,4592.299903399635,0.8514868965517242,67,120.9,2019-07-01,4.22332763671875,50,50,1,0,48.03641027957656
Riley Park,2019,8,day,9739,2.9495,3301.91557891168,0.8408888888888889,31,120.9,2019-08-01,4.26027059555054,50,50,1,0,23.22164178033625
Riley Park,2019,8,night,11614,2.45633,4728.192058884596,0.896032,45,120.9,2019-08-01,4.26027059555054,50,50,1,0,50.35439545405201
Riley Park,2019,9,day,11097,2.8523199999999997,3890.517193021821,0.887296,36,120.9,2019-09-01,4.00489568710327,50,50,1,0,25.89566229393241
Riley Park,2019,9,night,14948,3.223,4637.914986037853,0.8808861538461539,55,120.9,2019-09-01,4.00489568710327,50,50,1,0,46.74743523562144
Riley Park,2019,10,day,8586,2.23523,3841.2154453904072,0.8396399999999999,31,120.9,2019-10-01,3.8183925151825,50,50,1,0,25.724745217344577
Riley Park,2019,10,night,15611,3.80524,4102.500762106989,0.8359062068965517,61,120.9,2019-10-01,3.8183925151825,50,50,1,0,41.60508437550755
Riley Park,2019,11,day,9678,2.45894,3935.842273499963,0.8383288888888889,31,120.9,2019-11-01,3.84829258918762,50,50,1,0,23.74767537076449
Riley Park,2019,11,night,14880,2.92492,5087.318627518017,0.8592355555555555,61,120.9,2019-11-01,3.84829258918762,50,50,1,0,46.482307312011415
Riley Park,2019,12,day,7734,1.48923,5193.287806450313,0.8826514285714285,28,120.9,2019-12-01,3.59973573684692,50,50,1,0,30.451056139462214
Riley Park,2019,12,night,16727,3.71315,4504.800506308659,0.8324693333333333,70,120.9,2019-12-01,3.59973573684692,50,50,1,0,39.99915831420592
Riley Park,2020,1,day,7585,2.13768,3548.2392126043187,0.8622628571428571,32,120.9,2020-01-01,3.90968894958496,50,50,1,0,17.65812006271074
Riley Park,2020,1,night,14531,3.50298,4148.182404695431,0.8499437037037036,51,120.9,2020-01-01,3.90968894958496,50,50,1,0,31.26113488763076
Riley Park,2020,2,day,7920,2.26844,3491.386150834935,0.9715626666666667,23,120.8,2020-02-01,3.7934293746948202,50,50,1,0,15.670385892543115
Riley Park,2020,2,night,13917,3.62516,3839.002968144854,0.858368,61,120.8,2020-02-01,3.7934293746948202,50,50,1,0,26.092492987966015
Riley Park,2020,3,day,7616,2.34271,3250.935881948684,0.8250514285714285,19,120.9,2020-03-01,4.13490295410156,50,50,1,0,16.320845555679472
Riley Park,2020,3,night,13151,3.19425,4117.085387806214,0.83296,48,120.9,2020-03-01,4.13490295410156,50,50,1,0,31.299647493546452
Riley Park,2020,4,day,8951,1.6757199999999999,5341.584512925788,0.9041066666666666,19,119.6,2020-04-01,4.24436044692993,50,50,1,0,26.91335416271137
Riley Park,2020,4,night,15861,3.53456,4487.404372821511,0.8298151724137931,58,119.6,2020-04-01,4.24436044692993,50,50,1,0,34.237989174543856
Riley Park,2020,5,day,5295,0.79786,6636.502644574236,0.9053866666666667,11,119.7,2020-05-01,4.26828908920288,50,50,1,0,35.03934077341053
Riley Park,2020,5,night,10536,2.48903,4232.97429118974,0.9251555555555555,20,119.7,2020-05-01,4.26828908920288,50,50,1,0,33.84368209100472
Riley Park,2020,6,day,5339,1.76021,3033.160816038995,0.818304,15,119.6,2020-06-01,NA,NA,NA,NA,0,16.171786081982287
Riley Park,2020,6,night,10356,2.91749,3549.626562558912,0.9595284210526316,28,119.6,2020-06-01,NA,NA,NA,NA,0,28.65896735017606
Riley Park,2020,7,day,4342,0.9074099999999999,4785.047552925359,0.90384,14,119.7,2020-07-01,3.94578886032104,50,50,1,0,26.722483676956212
Riley Park,2020,7,night,9531,2.39992,3971.3823794126474,0.8285866666666667,29,119.7,2020-07-01,3.94578886032104,50,50,1,0,33.58517286638274
Riley Park,2020,8,day,7121,1.81161,3930.7577237926484,0.884676923076923,17,119.7,2020-08-01,3.85116171836853,50,50,1,0,22.34955151427443
Riley Park,2020,8,night,13450,2.95551,4550.82202394849,0.8531466666666667,35,119.7,2020-08-01,3.85116171836853,50,50,1,0,39.1830021872556
Riley Park,2020,9,day,8794,1.45913,6026.879030655254,0.91332,21,119.6,2020-09-01,3.82295918464661,50,50,1,0,32.43229925447245
Riley Park,2020,9,night,10700,2.791,3833.751343604443,0.880672,29,119.6,2020-09-01,3.82295918464661,50,50,1,0,31.240971187619422
Riley Park,2020,10,day,6701,1.58913,4216.772699527414,0.7975466666666666,15,119.7,2020-10-01,3.08902215957642,50,50,1,0,22.831171025630873
Riley Park,2020,10,night,10943,2.67901,4084.7178621953635,0.828672,35,119.7,2020-10-01,3.08902215957642,50,50,1,0,33.49078917806881
Riley Park,2020,11,day,6762,1.89764,3563.373453342046,0.8679563636363636,13,119.6,2020-11-01,3.50546312332153,50,50,1,0,17.38242394758221
Riley Park,2020,11,night,11631,1.84551,6302.322935123624,0.9069409523809524,38,119.6,2020-11-01,3.50546312332153,50,50,1,0,46.55485428621879
Riley Park,2020,12,day,6562,1.06873,6139.997941481946,0.8859733333333333,17,119.7,2020-12-01,2.73652982711792,50,50,1,0,29.106753924184268
Riley Park,2020,12,night,15766,3.44963,4570.345225429974,0.8876342857142857,48,119.7,2020-12-01,2.73652982711792,50,50,1,0,32.80876448077677
Riley Park,2021,1,day,7068,1.7024299999999999,4151.712552057941,0.8497230769230769,19,119.7,2021-01-01,2.37464189529419,50,50,1,0,16.648235721249588
Riley Park,2021,1,night,14752,2.83167,5209.646604300642,0.8861046153846154,45,119.7,2021-01-01,2.37464189529419,50,50,1,0,31.634758570213204
Riley Park,2021,2,day,4352,0.81719,5325.566881630955,0.87552,8,119.5,2021-02-01,3.99401664733887,50,50,1,0,19.2600324583626
Riley Park,2021,2,night,12143,2.70705,4485.694759978574,0.8499490909090909,39,119.5,2021-02-01,3.99401664733887,50,50,1,0,24.566099706613322
Riley Park,2021,3,day,6844,1.63869,4176.506843881393,0.84288,13,119.7,2021-03-01,4.17022228240967,50,50,1,0,16.894946213220287
Riley Park,2021,3,night,10933,1.82146,6002.327802971243,0.8361768421052631,26,119.7,2021-03-01,4.17022228240967,50,50,1,0,36.768731468498686
Riley Park,2021,4,day,5594,0.9286,6024.122334697394,0.806144,12,120.1,2021-04-01,4.30237722396851,50,50,1,0,24.45686972256378
Riley Park,2021,4,night,11722,2.38204,4920.992090812917,0.8858240000000001,33,120.1,2021-04-01,4.30237722396851,50,50,1,0,30.253461720327923
Riley Park,2021,5,day,4902,1.04432,4693.963536080895,0.8743822222222222,11,120.1,2021-05-01,4.2169508934021,50,50,1,0,19.969432892022805
Riley Park,2021,5,night,11552,2.4139,4785.616636977506,0.8903563636363636,30,120.1,2021-05-01,4.2169508934021,50,50,1,0,30.83040619006691
Riley Park,2021,6,day,7052,1.78165,3958.1287009233015,0.7921230769230769,20,120.1,2021-06-01,NA,NA,NA,NA,0,17.00442016507288
Riley Park,2021,6,night,9237,1.53575,6014.650822073905,0.7966494117647058,24,120.1,2021-06-01,NA,NA,NA,NA,0,39.12890158837019
Riley Park,2021,7,day,12064,2.58455,4667.737130254783,0.79136,28,120.1,2021-07-01,4.08366823196411,50,50,1,0,21.00420835094306
Riley Park,2021,7,night,10562,1.76904,5970.469859358748,0.8469894736842105,37,120.1,2021-07-01,4.08366823196411,50,50,1,0,40.68401059224174
Riley Park,2021,8,day,5640,1.47454,3824.9216704870673,0.81536,11,120.1,2021-08-01,3.38601660728455,50,50,1,0,17.52364501846989
Riley Park,2021,8,night,12734,2.38299,5343.7068556729155,0.8832581818181818,30,120.1,2021-08-01,3.38601660728455,50,50,1,0,37.07318069074702
Riley Park,2021,9,day,4203,1.53213,2743.239803410938,0.888,9,120.1,2021-09-01,3.84422087669373,50,50,1,0,11.894834469703062
Riley Park,2021,9,night,12188,3.1847499999999997,3826.9879896381194,0.8374981818181818,38,120.1,2021-09-01,3.84422087669373,50,50,1,0,25.128528031764425
Riley Park,2021,10,day,4374,0.89796,4871.04102632634,0.8672,9,120.1,2021-10-01,3.89868569374084,50,50,1,0,21.25098908782008
Riley Park,2021,10,night,10727,2.55551,4197.596565851826,0.8662231578947368,32,120.1,2021-10-01,3.89868569374084,50,50,1,0,27.731501056280763
Riley Park,2021,11,day,7070,2.11258,3346.6188262693013,0.8897828571428571,14,120.1,2021-11-01,3.91976428031921,50,50,1,0,13.154205204690191
Riley Park,2021,11,night,9504,2.41307,3938.5513060126727,0.8717511111111111,27,120.1,2021-11-01,3.91976428031921,50,50,1,0,23.442838247678118
Riley Park,2021,12,day,2954,1.37281,2151.790852339362,0.8610133333333333,11,120.1,2021-12-01,3.6279125213623,50,50,1,0,8.219302619751339
Riley Park,2021,12,night,6455,1.14589,5633.1759592980125,0.8404945454545455,14,120.1,2021-12-01,3.6279125213623,50,50,1,0,32.58393659525588
Riley Park,2022,1,day,6679,1.20342,5550.015788336575,0.86816,13,120.1,2022-01-01,2.86886096000671,50,50,1,0,23.626766765824886
Riley Park,2022,1,night,5967,1.01448,5881.831085876508,0.8586472727272727,20,120.1,2022-01-01,2.86886096000671,50,50,1,0,37.91734716475424
Riley Park,2022,2,day,3672,1.17301,3130.408095412656,0.7855542857142856,10,120,2022-02-01,4.35498285293579,50,50,1,0,12.018804356754158
Riley Park,2022,2,night,7201,2.29234,3141.3315651255925,0.9305599999999999,15,120,2022-02-01,4.35498285293579,50,50,1,0,18.263727009094577
Riley Park,2022,3,day,6274,2.11668,2964.075816845248,0.9259054545454546,17,120.1,2022-03-01,4.2810492515564,50,50,1,0,12.729227852529245
Riley Park,2022,3,night,11850,3.35384,3533.2633637859885,0.8690036363636363,44,120.1,2022-03-01,4.2810492515564,50,50,1,0,22.977569248453587
Riley Park,2022,4,day,8444,2.22638,3792.703851094602,0.8229973333333334,18,120.9,2022-04-01,4.24501276016235,50,50,1,0,16.34651420924703
Riley Park,2022,4,night,12580,2.60782,4823.95257341381,0.82752,41,120.9,2022-04-01,4.24501276016235,50,50,1,0,31.484338580570263
Riley Park,2022,5,day,4667,1.67227,2790.817272330425,0.8873244444444445,16,120.9,2022-05-01,4.31103277206421,50,50,1,0,12.604527160549427
Riley Park,2022,5,night,6468,1.22712,5270.878153725797,0.8478254545454545,15,120.9,2022-05-01,4.31103277206421,50,50,1,0,36.04901927688381
Riley Park,2022,6,day,7252,2.36446,3067.0850849665467,0.8458338461538462,19,120.9,2022-06-01,NA,NA,NA,NA,0,13.988362437359564
Riley Park,2022,6,night,9689,1.7641,5492.319029533473,0.8937788235294117,21,120.9,2022-06-01,NA,NA,NA,NA,0,37.932557888044585
Riley Park,2022,7,day,8787,1.60616,5470.812372366389,0.7848282352941176,23,120.9,2022-07-01,4.13076829910278,50,50,1,0,26.134902489568727
Riley Park,2022,7,night,10175,2.88416,3527.8902696105624,0.9408673684210526,27,120.9,2022-07-01,4.13076829910278,50,50,1,0,25.521103759559455
Riley Park,2022,8,day,6568,1.9781199999999999,3320.324348371181,0.9527466666666666,20,120.9,2022-08-01,3.89096641540527,50,50,1,0,16.149219874511925
Riley Park,2022,8,night,9708,1.7719,5478.864495739037,0.8114133333333333,27,120.9,2022-08-01,3.89096641540527,50,50,1,0,40.353101332287324
Riley Park,2022,9,day,4747,1.5526,3057.4520159732065,0.8873599999999999,12,120.9,2022-09-01,4.08819389343262,50,50,1,0,14.07419018036246
Riley Park,2022,9,night,10342,2.48152,4167.606950578677,0.8867031578947369,29,120.9,2022-09-01,4.08819389343262,50,50,1,0,29.051317986788767
Riley Park,2022,10,day,3180,0.77006,4129.548346882061,0.8385066666666666,12,120.9,2022-10-01,3.78833365440369,50,50,1,0,19.126215822107095
Riley Park,2022,10,night,5779,1.21144,4770.355940038301,0.8427636363636364,19,120.9,2022-10-01,3.78833365440369,50,50,1,0,33.457431946594184
Riley Park,2022,11,day,7185,1.89266,3796.2444390434625,0.83744,16,120.9,2022-11-01,3.72385358810425,50,50,1,0,15.840966213685787
Riley Park,2022,11,night,10460,1.77317,5899.0395731937715,0.8655811764705882,28,120.9,2022-11-01,3.72385358810425,50,50,1,0,37.27555595834554
Riley Park,2022,12,day,5567,1.70274,3269.436320283778,0.899968,13,120.9,2022-12-01,4.02694654464722,50,50,1,0,13.257966975677219
Riley Park,2022,12,night,6973,2.026,3441.7571569595266,0.8611657142857143,22,120.9,2022-12-01,4.02694654464722,50,50,1,0,21.134870699974343
Riley Park,2023,1,day,6690,1.2285,5445.665445665446,0.8710981818181818,19,120.9,2023-01-01,3.61057281494141,50,50,1,0,23.552156075239715
Riley Park,2023,1,night,9618,1.83083,5253.355035694193,0.9186635294117647,27,120.9,2023-01-01,3.61057281494141,50,50,1,0,34.405810049259
Riley Park,2023,2,day,4661,1.64269,2837.419111335675,0.8888177777777777,17,120.7,2023-02-01,4.5243558883667,50,50,1,0,11.067599510210766
Riley Park,2023,2,night,8747,2.2659599999999998,3860.174054263977,0.8771413333333333,20,120.7,2023-02-01,4.5243558883667,50,50,1,0,22.800908631721168
Riley Park,2023,3,day,3554,1.39768,2542.785186881117,0.9210514285714285,13,120.9,2023-03-01,4.05423307418823,50,50,1,0,11.0940996683932
Riley Park,2023,3,night,9641,2.30572,4181.340318859185,0.9028517647058824,22,120.9,2023-03-01,4.05423307418823,50,50,1,0,27.6256959534384
Riley Park,2023,4,day,3694,0.62053,5952.975682078223,0.7976533333333333,8,122,2023-04-01,4.12258434295654,50,50,1,0,26.066334870452373
Riley Park,2023,4,night,9102,2.38485,3816.592238505566,0.8286117647058824,31,122,2023-04-01,4.12258434295654,50,50,1,0,25.306783263265924
Riley Park,2023,5,day,5565,1.70132,3270.9895845578726,0.881024,17,122.1,2023-05-01,4.43968629837036,50,50,1,0,15.008730371289005
Riley Park,2023,5,night,8419,1.45674,5779.34291637492,0.8426971428571428,29,122.1,2023-05-01,4.43968629837036,50,50,1,0,40.15675209119275
Riley Park,2023,6,day,6454,2.01564,3201.9606675795285,0.8724266666666667,16,122,2023-06-01,NA,NA,NA,NA,0,14.836336783576016
Riley Park,2023,6,night,8252,2.07726,3972.540750796723,0.8859428571428571,30,122,2023-06-01,NA,NA,NA,NA,0,27.873684013594186
Riley Park,2023,7,day,4126,1.04543,3946.7013573362156,0.9288,13,122.1,2023-07-01,4.19654703140259,50,50,1,0,19.154594692489283
Riley Park,2023,7,night,9179,1.76023,5214.659447913057,0.89596,24,122.1,2023-07-01,4.19654703140259,50,50,1,0,38.32480679997319
Riley Park,2023,8,day,4639,1.01098,4588.616985499219,0.8702577777777778,10,122.1,2023-08-01,4.07294511795044,50,50,1,0,22.67370458625747
Riley Park,2023,8,night,10447,2.96887,3518.847238174794,0.8684126315789473,29,122.1,2023-08-01,4.07294511795044,50,50,1,0,26.330336540167995
Riley Park,2023,9,day,7334,1.44976,5058.768347864474,0.8926933333333333,14,122.5,2023-09-01,3.82365155220032,50,50,1,0,23.65800918333715
Riley Park,2023,9,night,13066,2.26609,5765.8786720739245,0.8444382608695652,39,122.5,2023-09-01,3.82365155220032,50,50,1,0,40.83327598881113
Riley Park,2023,10,day,4283,1.51862,2820.323714951732,1.02032,12,122.5,2023-10-01,3.97035574913025,50,50,1,0,13.27073859074788
Riley Park,2023,10,night,5361,1.88403,2845.496090826579,0.773504,16,122.5,2023-10-01,3.97035574913025,50,50,1,0,20.275400873516375
Riley Park,2023,11,day,2980,0.6430899999999999,4633.877062308542,0.926976,5,122.5,2023-11-01,3.50093674659729,50,50,1,0,19.644530094671147
Riley Park,2023,11,night,9786,1.79917,5439.174730570207,0.8803388235294117,20,122.5,2023-11-01,3.50093674659729,50,50,1,0,34.917687078989616
Riley Park,2023,12,day,3865,0.91126,4241.380067159757,0.8266971428571428,10,122.5,2023-12-01,3.90480446815491,50,50,1,0,17.473539222096093
Riley Park,2023,12,night,6811,1.44371,4717.70646459469,0.87456,15,122.5,2023-12-01,3.90480446815491,50,50,1,0,29.43201016373673
Riley Park,2024,1,day,1109,0.38773,2860.237794341423,1.1417599999999999,2,122.5,2024-01-01,6.92092609405518,50,50,1,0,11.566556104554232
Riley Park,2024,1,night,9333,1.77473,5258.828103429818,0.8570729411764706,22,122.5,2024-01-01,6.92092609405518,50,50,1,0,32.203733498701034
Riley Park,2024,2,day,6813,1.91873,3550.78619711997,0.9380430769230769,16,122.4,2024-02-01,4.37902212142944,50,50,1,0,12.950206182677082
Riley Park,2024,2,night,7303,1.44944,5038.49762666961,0.7994584615384616,17,122.4,2024-02-01,4.37902212142944,50,50,1,0,27.827137844580857
Riley Park,2024,3,day,5136,1.00119,5129.8954244449105,0.97312,9,122.5,2024-03-01,4.41523933410645,50,50,1,0,20.927295967598667
Riley Park,2024,3,night,4863,1.61994,3001.9630356679877,0.9526044444444445,11,122.5,2024-03-01,4.41523933410645,50,50,1,0,18.54493288364103
Riley Park,2024,4,day,6349,1.47752,4297.065352753262,0.825344,11,130.3,2024-04-01,4.21031951904297,50,50,1,0,17.59300534689405
Riley Park,2024,4,night,9048,2.48718,3637.8549200299135,0.9100047058823529,25,130.3,2024-04-01,4.21031951904297,50,50,1,0,22.554269842323624
Riley Park,2024,5,day,6195,2.11475,2929.4242818300036,0.9099636363636363,16,130.4,2024-05-01,4.6060037612915,50,50,1,0,12.568090102840833
Riley Park,2024,5,night,8949,2.36438,3784.9245891100413,0.82552,18,130.4,2024-05-01,4.6060037612915,50,50,1,0,24.590058423628648
Riley Park,2024,6,day,6884,2.00496,3433.4849573058814,0.8756184615384616,16,130.3,2024-06-01,NA,NA,NA,NA,0,14.875379474907295
Riley Park,2024,6,night,6102,1.64627,3706.560892198728,0.8793018181818182,14,130.3,2024-06-01,NA,NA,NA,NA,0,24.317524648339777
Riley Park,2024,7,day,6410,1.86192,3442.68282203317,0.8514133333333334,19,130.4,2024-07-01,3.85716843605042,50,50,1,0,15.622766018991753
Riley Park,2024,7,night,8122,2.2641,3587.297380857736,0.9259885714285714,23,130.4,2024-07-01,3.85716843605042,50,50,1,0,24.651515150084304
Riley Park,2024,8,day,5098,1.02302,4983.284784266192,0.840256,23,130.4,2024-08-01,3.3435423374176,50,50,1,0,23.023884425330788
Riley Park,2024,8,night,7778,2.2351,3479.9337837233234,0.8820053333333333,25,130.4,2024-08-01,3.3435423374176,50,50,1,0,24.347209400296265
Riley Park,2024,9,day,3586,1.47674,2428.3218440619203,0.9214171428571428,10,130.3,2024-09-01,2.75570726394653,50,50,1,0,10.618468038036776
Riley Park,2024,9,night,7916,2.13888,3701.002393776182,0.8707413333333334,17,130.3,2024-09-01,2.75570726394653,50,50,1,0,24.50700868027732
Riley Park,2024,10,day,5989,1.09028,5493.084345305793,0.8896,14,130.4,2024-10-01,3.66030430793762,50,50,1,0,24.167660802054822
Riley Park,2024,10,night,6773,1.32083,5127.83628476034,0.8928,16,130.4,2024-10-01,3.66030430793762,50,50,1,0,34.163929852834016
Riley Park,2024,11,day,4555,0.92631,4917.360278956289,0.9254399999999999,8,130.3,2024-11-01,3.46217441558838,50,43,0.86,0,19.491774570436032
Riley Park,2024,11,night,6048,2.15962,2800.4926792676492,0.89376,14,130.3,2024-11-01,3.46217441558838,50,43,0.86,0,16.81005420855351
Riley Park,2024,12,day,4762,0.74124,6424.369974637095,0.84112,10,130.4,2024-12-01,3.24304795265198,50,50,1,0,24.747221523089344
Riley Park,2024,12,night,5067,1.65234,3066.560151058499,0.852992,13,130.4,2024-12-01,3.24304795265198,50,50,1,0,17.88803809638518
Shaughnessy,2014,1,day,1554,0.76837,2022.463136249463,1.3610666666666666,6,94.8,2014-01-01,3.63424777984619,43,43,1,0,10.799421176420896
Shaughnessy,2014,1,night,4210,2.37398,1773.393204660528,1.1579733333333333,16,94.8,2014-01-01,3.63424777984619,43,43,1,0,14.339705283247044
Shaughnessy,2014,2,day,2083,0.95861,2172.9378996672267,1.14304,4,94.8,2014-02-01,3.42551064491272,43,43,1,0,10.464474199076694
Shaughnessy,2014,2,night,3272,1.52355,2147.6157658101147,1.2626285714285714,11,94.8,2014-02-01,3.42551064491272,43,43,1,0,15.661811811150804
Shaughnessy,2014,3,day,2862,1.93853,1476.3764295626067,1.4690133333333333,8,94.8,2014-03-01,3.77262330055237,43,43,1,0,7.952792374212886
Shaughnessy,2014,3,night,4813,2.71473,1772.9203272516972,1.390976,16,94.8,2014-03-01,3.77262330055237,43,43,1,0,14.461957528354347
Shaughnessy,2014,4,day,4963,2.55844,1939.8539735151107,1.243264,12,101.7,2014-04-01,3.80860471725464,43,43,1,0,10.487091359303657
Shaughnessy,2014,4,night,4497,2.10445,2136.900377770914,1.2340622222222222,14,101.7,2014-04-01,3.80860471725464,43,43,1,0,17.493858506849033
Shaughnessy,2014,5,day,2875,1.41947,2025.403847915067,1.4097066666666667,7,101.7,2014-05-01,3.84541320800781,43,43,1,0,11.474045718149013
Shaughnessy,2014,5,night,4006,1.99872,2004.2827409542106,1.22576,12,101.7,2014-05-01,3.84541320800781,43,43,1,0,17.194092272406433
Shaughnessy,2014,6,day,3959,2.16112,1831.920485674095,1.2264,12,101.7,2014-06-01,NA,NA,NA,NA,0,10.479907767634492
Shaughnessy,2014,6,night,4241,2.21603,1913.782755648615,1.3117155555555555,17,101.7,2014-06-01,NA,NA,NA,NA,0,16.57901785698494
Shaughnessy,2014,7,day,4425,2.0124999999999997,2198.7577639751557,1.2869688888888888,15,101.7,2014-07-01,3.73233556747437,43,43,1,0,13.175170333235945
Shaughnessy,2014,7,night,5923,2.94206,2013.2152301448643,1.32544,28,101.7,2014-07-01,3.73233556747437,43,43,1,0,18.26772145550918
Shaughnessy,2014,8,day,4088,2.13538,1914.413359683054,1.1912,9,101.7,2014-08-01,3.23837351799011,43,43,1,0,11.679292702966626
Shaughnessy,2014,8,night,4987,2.87202,1736.4085208320275,1.362688,19,101.7,2014-08-01,3.23837351799011,43,43,1,0,16.041613771987507
Shaughnessy,2014,9,day,2859,1.5096,1893.8791732909378,1.3354666666666666,8,101.7,2014-09-01,3.11044883728027,43,43,1,0,10.935177137865596
Shaughnessy,2014,9,night,6790,3.30788,2052.6742203465665,1.2334628571428572,30,101.7,2014-09-01,3.11044883728027,43,43,1,0,17.94770420735508
Shaughnessy,2014,10,day,3012,1.46633,2054.1078747621614,1.1586133333333333,7,101.7,2014-10-01,3.25829887390137,43,43,1,0,11.933271830130735
Shaughnessy,2014,10,night,5431,3.27391,1658.8727240516691,1.38592,21,101.7,2014-10-01,3.25829887390137,43,43,1,0,14.59367510577074
Shaughnessy,2014,11,day,2022,0.61741,3274.971250870572,0.8025599999999999,7,101.7,2014-11-01,3.59797310829163,43,43,1,0,17.141340417492426
Shaughnessy,2014,11,night,5595,3.0269,1848.4257821533583,1.3202133333333332,20,101.7,2014-11-01,3.59797310829163,43,43,1,0,14.65057353059855
Shaughnessy,2014,12,day,3059,1.52617,2004.3638651002182,1.2127999999999999,6,101.7,2014-12-01,3.95959401130676,43,43,1,0,10.195074497650845
Shaughnessy,2014,12,night,6767,3.48831,1939.9078636933073,1.2634514285714284,32,101.7,2014-12-01,3.95959401130676,43,43,1,0,14.942052690951279
Shaughnessy,2015,1,day,3031,1.86027,1629.3333763378434,1.3154133333333333,9,101.7,2015-01-01,3.41092991828918,43,43,1,0,9.009661160455193
Shaughnessy,2015,1,night,5727,3.46493,1652.8472436672603,1.2869333333333333,22,101.7,2015-01-01,3.41092991828918,43,43,1,0,13.840333116975957
Shaughnessy,2015,2,day,3019,1.4896,2026.7185821697099,1.2369066666666666,10,101.7,2015-02-01,4.07190704345703,43,43,1,0,10.107463594138327
Shaughnessy,2015,2,night,6297,3.35228,1878.423043421194,1.3029415384615384,17,101.7,2015-02-01,4.07190704345703,43,43,1,0,14.185918638391144
Shaughnessy,2015,3,day,1557,0.50315,3094.504620888403,1.01888,3,101.7,2015-03-01,3.90442872047424,43,43,1,0,17.262047863416356
Shaughnessy,2015,3,night,5313,2.80622,1893.2941822095202,1.3243345454545454,16,101.7,2015-03-01,3.90442872047424,43,43,1,0,15.993171794833636
Shaughnessy,2015,4,day,4012,2.19641,1826.6170705833608,1.26848,12,107.7,2015-04-01,3.52343034744263,43,43,1,0,10.226150129632034
Shaughnessy,2015,4,night,5534,3.04946,1814.7475290707207,1.2932266666666665,15,107.7,2015-04-01,3.52343034744263,43,43,1,0,15.384953468892347
Shaughnessy,2015,5,day,2944,1.51437,1944.0427372438703,1.2123733333333333,10,107.7,2015-05-01,3.8586702346801798,43,43,1,0,11.40484514937559
Shaughnessy,2015,5,night,2957,1.5281500000000001,1935.0194679841636,1.1210666666666667,9,107.7,2015-05-01,3.8586702346801798,43,43,1,0,17.19033122065732
Shaughnessy,2015,6,day,1467,0.61605,2381.300219138057,1.0517333333333334,6,107.7,2015-06-01,NA,NA,NA,NA,0,14.107291256837971
Shaughnessy,2015,6,night,3950,2.1901,1803.5706132140083,1.196,15,107.7,2015-06-01,NA,NA,NA,NA,0,16.179978953923683
Shaughnessy,2015,7,day,3776,2.2355899999999997,1689.0395823921203,1.46288,13,107.7,2015-07-01,3.5517749786377,43,43,1,0,10.480869646364432
Shaughnessy,2015,7,night,5801,3.2159999999999997,1803.7935323383085,1.2836266666666667,20,107.7,2015-07-01,3.5517749786377,43,43,1,0,16.949607224715763
Shaughnessy,2015,8,day,4332,2.31739,1869.3443917510647,1.4040177777777778,19,107.7,2015-08-01,3.21564674377441,43,43,1,0,11.80996975522529
Shaughnessy,2015,8,night,4749,2.64604,1794.7574488669861,1.2256,18,107.7,2015-08-01,3.21564674377441,43,43,1,0,17.17040549526854
Shaughnessy,2015,9,day,3435,1.86585,1840.9840019294156,1.3264457142857142,10,107.7,2015-09-01,2.97589015960693,43,43,1,0,11.007842535469505
Shaughnessy,2015,9,night,4728,2.49526,1894.7925266304915,1.31264,12,107.7,2015-09-01,2.97589015960693,43,43,1,0,17.156519101176077
Shaughnessy,2015,10,day,4699,2.57694,1823.4805622172034,1.316096,14,107.7,2015-10-01,3.24976754188538,43,43,1,0,10.970238358414424
Shaughnessy,2015,10,night,5829,2.95356,1973.5505627107627,1.2843733333333334,23,107.7,2015-10-01,3.24976754188538,43,43,1,0,17.979537021223948
Shaughnessy,2015,11,day,4651,2.87203,1619.4120534952629,1.313664,14,107.7,2015-11-01,3.47710418701172,43,43,1,0,8.777549655804645
Shaughnessy,2015,11,night,6341,3.1704,2000.063083522584,1.2296861538461539,27,107.7,2015-11-01,3.47710418701172,43,43,1,0,16.41628723995241
Shaughnessy,2015,12,day,5829,3.01609,1932.6346362343297,1.2736,16,107.7,2015-12-01,2.18651556968689,43,43,1,0,10.179870122562592
Shaughnessy,2015,12,night,6225,3.0251099999999997,2057.7764114362785,1.2519384615384614,29,107.7,2015-12-01,2.18651556968689,43,43,1,0,16.41368083123585
Shaughnessy,2016,1,day,4482,2.22876,2010.9836859958004,1.3149866666666667,16,107.7,2016-01-01,3.66858005523682,43,43,1,0,11.662302220008257
Shaughnessy,2016,1,night,7531,3.9306,1915.9924693431028,1.28736,40,107.7,2016-01-01,3.66858005523682,43,43,1,0,16.826154140691106
Shaughnessy,2016,2,day,1908,1.11829,1706.1763943163223,1.4128,4,107.6,2016-02-01,3.57022738456726,43,43,1,0,8.92380158445191
Shaughnessy,2016,2,night,4593,2.5240299999999998,1819.7089575005052,1.2872533333333334,20,107.6,2016-02-01,3.57022738456726,43,43,1,0,14.412629760219332
Shaughnessy,2016,3,day,3316,1.90428,1741.3405591614678,1.367222857142857,12,107.7,2016-03-01,3.60400056838989,43,43,1,0,10.187371334620504
Shaughnessy,2016,3,night,5125,2.3122,2216.50376265029,1.280768,27,107.7,2016-03-01,3.60400056838989,43,43,1,0,19.636415585021822
Shaughnessy,2016,4,day,2828,1.4563599999999999,1941.8275701062926,1.3994666666666666,9,112.2,2016-04-01,3.67462682723999,43,43,1,0,11.401252271833574
Shaughnessy,2016,4,night,4582,2.74245,1670.7688380827362,1.364096,11,112.2,2016-04-01,3.67462682723999,43,43,1,0,14.85503159872639
Shaughnessy,2016,5,day,3826,2.19396,1743.878648653576,1.23824,10,112.3,2016-05-01,3.45556950569153,43,43,1,0,10.729440737232965
Shaughnessy,2016,5,night,4016,2.1147,1899.0873409939943,1.21072,15,112.3,2016-05-01,3.45556950569153,43,43,1,0,17.69379881412676
Shaughnessy,2016,6,day,4830,2.6563,1818.3187140006778,1.32352,11,112.2,2016-06-01,NA,NA,NA,NA,0,11.297353790419262
Shaughnessy,2016,6,night,5329,2.70493,1970.1064352866802,1.3076945454545454,27,112.2,2016-06-01,NA,NA,NA,NA,0,18.535816936486395
Shaughnessy,2016,7,day,3372,1.96015,1720.2765094508072,1.27872,8,112.3,2016-07-01,3.23298335075378,43,43,1,0,11.195229252968682
Shaughnessy,2016,7,night,5468,2.80933,1946.3715547835247,1.213090909090909,24,112.3,2016-07-01,3.23298335075378,43,43,1,0,19.181201266160382
Shaughnessy,2016,8,day,3603,1.7094,2107.757107757108,1.3063314285714285,8,112.3,2016-08-01,3.13723373413086,43,43,1,0,13.965525064462835
Shaughnessy,2016,8,night,6286,3.3392299999999997,1882.4699107279225,1.2826584615384615,21,112.3,2016-08-01,3.13723373413086,43,43,1,0,18.88774324139301
Shaughnessy,2016,9,day,1994,1.04681,1904.8346882433298,1.3632,7,112.2,2016-09-01,3.08821320533752,43,43,1,0,11.945015709789518
Shaughnessy,2016,9,night,4322,2.0262,2133.0569539038597,1.2158577777777777,10,112.2,2016-09-01,3.08821320533752,43,43,1,0,20.255697686263307
Shaughnessy,2016,10,day,3877,2.34333,1654.4831500471553,1.3817599999999999,12,112.3,2016-10-01,3.19400095939636,43,43,1,0,10.438894639659766
Shaughnessy,2016,10,night,3346,1.93136,1732.4579570872338,1.3054171428571428,10,112.3,2016-10-01,3.19400095939636,43,43,1,0,16.552751334648285
Shaughnessy,2016,11,day,4972,2.7913,1781.2488804499694,1.347072,14,112.2,2016-11-01,3.12746572494507,43,43,1,0,10.12553016973293
Shaughnessy,2016,11,night,6104,3.13935,1944.3515377387039,1.2731076923076923,17,112.2,2016-11-01,3.12746572494507,43,43,1,0,16.73721814585629
Shaughnessy,2016,12,day,3559,1.57393,2261.21873272636,1.2829257142857142,9,112.3,2016-12-01,3.70973253250122,43,43,1,0,12.491433875067495
Shaughnessy,2016,12,night,5085,2.53584,2005.252697331062,1.2848872727272727,19,112.3,2016-12-01,3.70973253250122,43,43,1,0,16.774676321432743
Shaughnessy,2017,1,day,2925,1.6853,1735.5960363140093,1.2729599999999999,8,112.3,2017-01-01,4.72452878952026,43,43,1,0,9.561546879352605
Shaughnessy,2017,1,night,4750,2.43766,1948.5900412690858,1.175552,13,112.3,2017-01-01,4.72452878952026,43,43,1,0,16.256060568814025
Shaughnessy,2017,2,day,2032,0.9337200000000001,2176.2412714732463,1.13984,4,112.1,2017-02-01,3.32382822036743,43,43,1,0,10.812765477035509
Shaughnessy,2017,2,night,4294,2.55167,1682.8194868458695,1.3937777777777778,14,112.1,2017-02-01,3.32382822036743,43,43,1,0,12.66142523179721
Shaughnessy,2017,3,day,4493,2.31686,1939.262622687603,1.2784355555555555,13,112.3,2017-03-01,3.69183278083801,43,43,1,0,10.777519387382945
Shaughnessy,2017,3,night,4355,2.57285,1692.675437744136,1.25824,13,112.3,2017-03-01,3.69183278083801,43,43,1,0,14.245286859248896
Shaughnessy,2017,4,day,4044,1.78227,2269.016478984666,1.23328,13,115.2,2017-04-01,3.80027985572815,43,43,1,0,12.655616533242501
Shaughnessy,2017,4,night,5764,3.11605,1849.777763514706,1.2705066666666667,14,115.2,2017-04-01,3.80027985572815,43,43,1,0,15.623579176048972
Shaughnessy,2017,5,day,4811,2.667,1803.89951256093,1.230208,21,115.3,2017-05-01,3.20730996131897,43,43,1,0,10.543308905426542
Shaughnessy,2017,5,night,5790,3.13992,1843.9960253764427,1.23072,19,115.3,2017-05-01,3.20730996131897,43,43,1,0,16.320741698353327
Shaughnessy,2017,6,day,6165,3.44046,1791.911546711777,1.2610953846153845,24,115.2,2017-06-01,NA,NA,NA,NA,0,10.576136655387561
Shaughnessy,2017,6,night,7621,4.18341,1821.719601951518,1.3155999999999999,34,115.2,2017-06-01,NA,NA,NA,NA,0,16.28198454744494
Shaughnessy,2017,7,day,4839,2.89885,1669.282646566742,1.270784,15,115.3,2017-07-01,3.79703187942505,43,43,1,0,10.319730972940459
Shaughnessy,2017,7,night,6186,3.24811,1904.4921508200152,1.3157415384615385,26,115.3,2017-07-01,3.79703187942505,43,43,1,0,17.829247152394764
Shaughnessy,2017,8,day,3751,2.2915900000000002,1636.8547602319784,1.3288,14,115.3,2017-08-01,3.35294365882874,43,43,1,0,10.302689625331002
Shaughnessy,2017,8,night,5320,2.84642,1869.0144110848012,1.2503272727272727,35,115.3,2017-08-01,3.35294365882874,43,43,1,0,17.81428688441672
Shaughnessy,2017,9,day,2701,1.70163,1587.3015873015872,1.3198933333333334,7,115.2,2017-09-01,2.87153291702271,43,43,1,0,9.455677453052301
Shaughnessy,2017,9,night,5411,2.8851,1875.498249627396,1.3369018181818182,18,115.2,2017-09-01,2.87153291702271,43,43,1,0,16.918629621025808
Shaughnessy,2017,10,day,3082,1.65495,1862.2919121423608,1.2791466666666667,10,115.3,2017-10-01,3.28928208351135,43,43,1,0,11.162042909887951
Shaughnessy,2017,10,night,3615,1.93808,1865.2480805745893,1.21024,17,115.3,2017-10-01,3.28928208351135,43,43,1,0,16.929645076458566
Shaughnessy,2017,11,day,4335,2.31274,1874.4000622638084,1.3404444444444443,12,115.2,2017-11-01,3.25067567825317,43,43,1,0,10.121834278017335
Shaughnessy,2017,11,night,5862,3.32844,1761.185420196849,1.3598933333333334,15,115.2,2017-11-01,3.25067567825317,43,43,1,0,14.4018185541472
Shaughnessy,2017,12,day,2454,1.57715,1555.9712138984878,1.419264,6,115.3,2017-12-01,3.52532815933228,43,43,1,0,8.165354446379784
Shaughnessy,2017,12,night,4307,2.64379,1629.1006471769695,1.3422933333333333,21,115.3,2017-12-01,3.52532815933228,43,43,1,0,12.9460333286182
Shaughnessy,2018,1,day,2744,1.43618,1910.624016488184,1.2904533333333332,7,115.3,2018-01-01,3.69268655776978,43,43,1,0,10.620589866003447
Shaughnessy,2018,1,night,5431,3.04031,1786.330999141535,1.2780218181818181,26,115.3,2018-01-01,3.69268655776978,43,43,1,0,15.036635127128589
Shaughnessy,2018,2,day,3541,1.92726,1837.3234540228095,1.3008457142857142,7,115.1,2018-02-01,5.03542280197144,43,43,1,0,9.211052480340117
Shaughnessy,2018,2,night,6766,3.53894,1911.8719164495583,1.2841142857142858,23,115.1,2018-02-01,5.03542280197144,43,43,1,0,14.514355387299668
Shaughnessy,2018,3,day,3834,1.9824599999999999,1933.9608365364245,1.3686399999999999,12,115.3,2018-03-01,4.18226051330566,43,43,1,0,10.844855195355489
Shaughnessy,2018,3,night,4421,2.11632,2089.0035533378696,1.2132977777777778,17,115.3,2018-03-01,4.18226051330566,43,43,1,0,17.739059159120124
Shaughnessy,2018,4,day,3987,1.89646,2102.3380403488604,1.26192,11,118.7,2018-04-01,3.81576585769653,43,43,1,0,11.831562502464587
Shaughnessy,2018,4,night,5286,2.43783,2168.3218271987794,1.2526545454545455,19,118.7,2018-04-01,3.81576585769653,43,43,1,0,18.479006419755464
Shaughnessy,2018,5,day,5845,2.95107,1980.6375314716356,1.1970133333333333,19,118.8,2018-05-01,3.47181248664856,43,43,1,0,11.680555319505768
Shaughnessy,2018,5,night,6291,3.56239,1765.9492643983392,1.327753846153846,20,118.8,2018-05-01,3.47181248664856,43,43,1,0,15.770738459369593
Shaughnessy,2018,6,day,4457,2.47735,1799.0998445920036,1.27616,14,118.7,2018-06-01,NA,NA,NA,NA,0,10.714197515821308
Shaughnessy,2018,6,night,6170,3.32692,1854.5681891960132,1.2453415384615385,32,118.7,2018-06-01,NA,NA,NA,NA,0,16.72486071042616
Shaughnessy,2018,7,day,4214,2.38149,1769.4804513140934,1.281991111111111,14,118.8,2018-07-01,3.85360717773438,43,43,1,0,11.03768924285221
Shaughnessy,2018,7,night,2859,1.59699,1790.2428944451751,1.3282133333333332,13,118.8,2018-07-01,3.85360717773438,43,43,1,0,16.91062555991035
Shaughnessy,2018,8,day,3279,1.95907,1673.7533625648905,1.28128,8,118.8,2018-08-01,3.01728177070618,43,43,1,0,10.629818028930712
Shaughnessy,2018,8,night,6586,3.55784,1851.1231533739572,1.2353828571428571,21,118.8,2018-08-01,3.01728177070618,43,43,1,0,17.802664251425725
Shaughnessy,2018,9,day,3045,1.28164,2375.862176586249,1.1121066666666666,8,118.7,2018-09-01,3.13856792449951,43,43,1,0,14.280661959918316
Shaughnessy,2018,9,night,4662,2.86523,1627.0945089922973,1.337856,21,118.7,2018-09-01,3.13856792449951,43,43,1,0,14.810004682720121
Shaughnessy,2018,10,day,4549,2.14519,2120.558085763965,1.3340444444444444,15,118.8,2018-10-01,3.39765620231628,43,43,1,0,12.824486954780154
Shaughnessy,2018,10,night,4748,2.68013,1771.5558573651276,1.377152,16,118.8,2018-10-01,3.39765620231628,43,43,1,0,16.224076983134434
Shaughnessy,2018,11,day,1525,1.12717,1352.9458732932922,1.3055999999999999,3,118.7,2018-11-01,3.22345852851868,43,43,1,0,7.371761080671668
Shaughnessy,2018,11,night,6196,3.43945,1801.4508133567867,1.2652307692307692,27,118.7,2018-11-01,3.22345852851868,43,43,1,0,14.863755700485738
Shaughnessy,2018,12,day,2950,1.73677,1698.555364268153,1.2778666666666667,8,118.8,2018-12-01,3.30693411827087,43,43,1,0,8.993879968549685
Shaughnessy,2018,12,night,6291,3.67069,1713.8467154676641,1.3086523076923076,26,118.8,2018-12-01,3.30693411827087,43,43,1,0,13.742149774061145
Shaughnessy,2019,1,day,2056,1.18073,1741.295639138499,1.2608,6,118.8,2019-01-01,3.44711351394653,43,43,1,0,10.488220997227424
Shaughnessy,2019,1,night,5735,2.72205,2106.867985525615,1.2606933333333332,23,118.8,2019-01-01,3.44711351394653,43,43,1,0,19.21683947832728
Shaughnessy,2019,2,day,2447,1.32315,1849.3745984960133,1.330176,5,118.6,2019-02-01,4.85897541046143,43,43,1,0,10.04626055944827
Shaughnessy,2019,2,night,3797,2.17734,1743.8709618157936,1.22864,14,118.6,2019-02-01,4.85897541046143,43,43,1,0,14.345286183821777
Shaughnessy,2019,3,day,3301,1.59853,2065.0222391822485,1.2712228571428572,7,118.8,2019-03-01,3.85610103607178,43,43,1,0,12.547486217464476
Shaughnessy,2019,3,night,4861,2.34458,2073.292444702249,1.177856,17,118.8,2019-03-01,3.85610103607178,43,43,1,0,19.07690338858052
Shaughnessy,2019,4,day,3107,1.51112,2056.090846524432,1.21088,9,120.9,2019-04-01,3.899662733078,43,43,1,0,12.538274257151205
Shaughnessy,2019,4,night,4042,2.27544,1776.3597370178954,1.32288,8,120.9,2019-04-01,3.899662733078,43,43,1,0,16.40369582279279
Shaughnessy,2019,5,day,3881,2.14462,1809.6445990431869,1.264,13,120.9,2019-05-01,3.41533946990967,43,43,1,0,11.563989511933814
Shaughnessy,2019,5,night,4790,2.31712,2067.221378262671,1.21792,17,120.9,2019-05-01,3.41533946990967,43,43,1,0,20.00399359374773
Shaughnessy,2019,6,day,2461,1.1724,2099.1129307403617,1.07904,9,120.9,2019-06-01,NA,NA,NA,NA,0,13.545532981441216
Shaughnessy,2019,6,night,2358,1.3333300000000001,1768.504421261053,1.206528,8,120.9,2019-06-01,NA,NA,NA,NA,0,17.281513106999338
Shaughnessy,2019,7,day,5056,2.39817,2108.2742257638115,1.148544,14,120.9,2019-07-01,3.56099152565002,43,43,1,0,14.25001773741817
Shaughnessy,2019,7,night,3895,2.18911,1779.2618918190499,1.2631999999999999,17,120.9,2019-07-01,3.56099152565002,43,43,1,0,18.211407139939134
Shaughnessy,2019,8,day,3768,1.99526,1888.4756873790884,1.31168,12,120.9,2019-08-01,3.42149996757507,43,43,1,0,12.995759847005894
Shaughnessy,2019,8,night,4922,2.57318,1912.8082761408064,1.348352,15,120.9,2019-08-01,3.42149996757507,43,43,1,0,19.933200836091185
Shaughnessy,2019,9,day,4047,2.01255,2010.8817172244167,1.29728,14,120.9,2019-09-01,3.52553963661194,43,43,1,0,13.09693079705157
Shaughnessy,2019,9,night,4490,2.57749,1742.0048186413915,1.3553777777777778,17,120.9,2019-09-01,3.52553963661194,43,43,1,0,17.180970029001823
Shaughnessy,2019,10,day,3364,1.72969,1944.8571709381451,1.3564342857142857,13,120.9,2019-10-01,3.15474152565002,43,43,1,0,12.744812526390424
Shaughnessy,2019,10,night,5538,3.11713,1776.6342757600742,1.2842666666666667,22,120.9,2019-10-01,3.15474152565002,43,43,1,0,17.63027540338123
Shaughnessy,2019,11,day,2929,1.3378999999999999,2189.251812542044,1.2096,11,120.9,2019-11-01,3.48382616043091,43,43,1,0,12.925354367273275
Shaughnessy,2019,11,night,6155,3.45433,1781.821655719054,1.3184984615384616,23,120.9,2019-11-01,3.48382616043091,43,43,1,0,15.930385842116605
Shaughnessy,2019,12,day,2546,1.1011,2312.2332213241307,1.200128,8,120.9,2019-12-01,3.29301738739014,43,43,1,0,13.266456230960191
Shaughnessy,2019,12,night,4288,2.14331,2000.6438639300893,1.230648888888889,19,120.9,2019-12-01,3.29301738739014,43,43,1,0,17.382346357141557
Shaughnessy,2020,1,day,4325,2.1487,2012.8449760320195,1.2866844444444445,12,120.9,2020-01-01,3.59561586380005,43,43,1,0,9.80178620599812
Shaughnessy,2020,1,night,5830,3.01831,1931.5444735630203,1.3092266666666665,24,120.9,2020-01-01,3.59561586380005,43,43,1,0,14.24344132331944
Shaughnessy,2020,2,day,2012,1.11749,1800.4635388236136,1.29152,6,120.8,2020-02-01,3.58714246749878,43,43,1,0,7.907322660762993
Shaughnessy,2020,2,night,4703,2.5806,1822.4443927768737,1.331712,13,120.8,2020-02-01,3.58714246749878,43,43,1,0,12.120338152561464
Shaughnessy,2020,3,day,2972,1.75184,1696.5019636496484,1.2290133333333333,8,120.9,2020-03-01,4.09920644760132,43,43,1,0,8.333970158098625
Shaughnessy,2020,3,night,4993,2.64495,1887.7483506304466,1.320576,18,120.9,2020-03-01,4.09920644760132,43,43,1,0,14.042906197542777
Shaughnessy,2020,4,day,3104,1.3522699999999999,2295.3995873605127,1.1202133333333333,8,119.6,2020-04-01,4.29150772094727,43,43,1,0,11.316688061237228
Shaughnessy,2020,4,night,5934,3.4815,1704.4377423524343,1.2594133333333333,24,119.6,2020-04-01,4.29150772094727,43,43,1,0,12.724991743927818
Shaughnessy,2020,5,day,1864,1.15741,1610.4923924970408,1.4918399999999998,5,119.7,2020-05-01,3.41366147994995,43,43,1,0,8.320293683952213
Shaughnessy,2020,5,night,6588,3.77729,1744.1075480039924,1.3559771428571428,18,119.7,2020-05-01,3.41366147994995,43,43,1,0,13.644843565324598
Shaughnessy,2020,6,day,3273,1.8216,1796.7720685111988,1.2745142857142857,8,119.6,2020-06-01,NA,NA,NA,NA,0,9.3738686126888755
Shaughnessy,2020,6,night,4433,2.36868,1871.506493067869,1.2504177777777779,16,119.6,2020-06-01,NA,NA,NA,NA,0,14.785381454858971
Shaughnessy,2020,7,day,3448,1.7906300000000002,1925.5792653982116,1.1243885714285713,8,119.7,2020-07-01,3.4811532497406,43,43,1,0,10.522411615168528
Shaughnessy,2020,7,night,4649,2.45273,1895.4389598528987,1.342592,32,119.7,2020-07-01,3.4811532497406,43,43,1,0,15.68480088641202
Shaughnessy,2020,8,day,2348,1.57247,1493.1922389616336,1.2608,8,119.7,2020-08-01,3.29498672485352,43,43,1,0,8.30752359466821
Shaughnessy,2020,8,night,5774,3.50381,1647.9204066430543,1.4148266666666667,20,119.7,2020-08-01,3.29498672485352,43,43,1,0,13.883770056736079
Shaughnessy,2020,9,day,3986,2.08221,1914.3121971366961,1.29312,11,119.6,2020-09-01,3.37111353874207,43,43,1,0,10.080019072676349
Shaughnessy,2020,9,night,6427,3.08439,2083.7183365268334,1.180553846153846,23,119.6,2020-09-01,3.37111353874207,43,43,1,0,16.61509856313048
Shaughnessy,2020,10,day,4496,2.18628,2056.461203505498,1.2050488888888888,10,119.7,2020-10-01,3.2490828037262,43,43,1,0,10.895115530082137
Shaughnessy,2020,10,night,4651,2.86864,1621.325785040995,1.371648,18,119.7,2020-10-01,3.2490828037262,43,43,1,0,13.007592705661231
Shaughnessy,2020,11,day,1325,0.71322,1857.7717955189144,1.32608,3,119.6,2020-11-01,3.3983473777771,43,43,1,0,8.867571239640565
Shaughnessy,2020,11,night,6013,3.48665,1724.5780333558,1.3592615384615385,29,119.6,2020-11-01,3.3983473777771,43,43,1,0,12.465522646593445
Shaughnessy,2020,12,day,2427,1.42176,1707.0391627278866,1.252352,7,119.7,2020-12-01,2.84300112724304,43,43,1,0,7.918307384014778
Shaughnessy,2020,12,night,5183,2.94922,1757.4138246722862,1.3229381818181818,19,119.7,2020-12-01,2.84300112724304,43,43,1,0,12.344634376805875
Shaughnessy,2021,1,day,1566,0.83988,1864.5520788684098,1.2834133333333333,4,119.7,2021-01-01,2.67067718505859,43,43,1,0,7.316085643722617
Shaughnessy,2021,1,night,4731,2.80959,1683.8755832701568,1.395712,13,119.7,2021-01-01,2.67067718505859,43,43,1,0,10.005287747242052
Shaughnessy,2021,2,day,2283,1.415,1613.4275618374559,1.330176,6,119.5,2021-02-01,4.18776750564575,43,43,1,0,5.7095774228385645
Shaughnessy,2021,2,night,5466,2.85839,1912.2652961982094,1.1780654545454545,15,119.5,2021-02-01,4.18776750564575,43,43,1,0,10.24750076450559
Shaughnessy,2021,3,day,1401,0.9843200000000001,1423.3176202860857,1.4208,3,119.7,2021-03-01,4.2625904083252,43,43,1,0,5.633895214428746
Shaughnessy,2021,3,night,2475,1.6781000000000001,1474.8823073714318,1.298432,7,119.7,2021-03-01,4.2625904083252,43,43,1,0,8.840556952799535
Shaughnessy,2021,4,day,4560,2.07695,2195.5270950191384,1.1265422222222221,10,120.1,2021-04-01,4.07363271713257,43,43,1,0,8.721862020033912
Shaughnessy,2021,4,night,5057,2.65036,1908.04268099428,1.202048,18,120.1,2021-04-01,4.07363271713257,43,43,1,0,11.47820077261783
Shaughnessy,2021,5,day,2988,1.4260000000000002,2095.3716690042074,1.23648,7,120.1,2021-05-01,3.96606206893921,43,43,1,0,8.722689454127414
Shaughnessy,2021,5,night,1906,0.98152,1941.8860542831528,1.38432,7,120.1,2021-05-01,3.96606206893921,43,43,1,0,12.24132440490109
Shaughnessy,2021,6,day,1059,0.5865499999999999,1805.4726792259828,1.47968,3,120.1,2021-06-01,NA,NA,NA,NA,0,7.589727097386511
Shaughnessy,2021,6,night,5460,2.88178,1894.6623267563798,1.24032,15,120.1,2021-06-01,NA,NA,NA,NA,0,12.060973969001006
Shaughnessy,2021,7,day,4369,2.49458,1751.3970287583481,1.1970844444444444,13,120.1,2021-07-01,3.310622215271,43,43,1,0,7.711659744928836
Shaughnessy,2021,7,night,3444,2.20122,1564.5869108948673,1.2136228571428571,10,120.1,2021-07-01,3.310622215271,43,43,1,0,10.43225668842307
Shaughnessy,2021,8,day,2052,1.18814,1727.069200599256,1.22816,4,120.1,2021-08-01,3.07806062698364,43,43,1,0,7.742388573316155
Shaughnessy,2021,8,night,5273,3.12968,1684.8367884256538,1.2416,16,120.1,2021-08-01,3.07806062698364,43,43,1,0,11.437691600698136
Shaughnessy,2021,9,day,3656,1.84604,1980.455461420121,1.1688228571428572,7,120.1,2021-09-01,3.29311680793762,43,43,1,0,8.402780760375368
Shaughnessy,2021,9,night,3677,1.96442,1871.7993097199173,1.3192,15,120.1,2021-09-01,3.29311680793762,43,43,1,0,12.026314481916993
Shaughnessy,2021,10,day,1580,0.79948,1976.2845849802372,1.2782933333333333,5,120.1,2021-10-01,3.38012671470642,43,43,1,0,8.43665261917544
Shaughnessy,2021,10,night,3996,1.88261,2122.5851344675743,1.24736,16,120.1,2021-10-01,3.38012671470642,43,43,1,0,13.721485263467295
Shaughnessy,2021,11,day,2590,1.23657,2094.5033439271533,1.232896,5,120.1,2021-11-01,3.42579245567322,43,43,1,0,8.055689977197186
Shaughnessy,2021,11,night,3368,1.63638,2058.2016402058202,1.1549257142857143,9,120.1,2021-11-01,3.42579245567322,43,43,1,0,11.987398060977593
Shaughnessy,2021,12,day,1061,0.49163999999999997,2158.0831502725573,1.24288,2,120.1,2021-12-01,4.00764513015747,43,43,1,0,8.06615217247384
Shaughnessy,2021,12,night,4752,2.52226,1884.024644564795,1.310464,17,120.1,2021-12-01,4.00764513015747,43,43,1,0,10.663508943479869
Shaughnessy,2022,1,day,2353,1.36806,1719.9538031957661,1.345536,5,120.1,2022-01-01,2.8539152145385702,43,43,1,0,7.164570838672431
Shaughnessy,2022,1,night,4899,2.7457599999999998,1784.2054658819418,1.188352,14,120.1,2022-01-01,2.8539152145385702,43,43,1,0,11.254691247342413
Shaughnessy,2022,2,day,2551,1.09431,2331.1493086968044,1.128704,9,120,2022-02-01,4.34290790557861,43,43,1,0,8.757773757965325
Shaughnessy,2022,2,night,4298,1.77745,2418.070831809615,1.2289422222222222,17,120,2022-02-01,4.34290790557861,43,43,1,0,13.756500568847956
Shaughnessy,2022,3,day,2076,1.32305,1569.1016968368542,1.2832,6,120.1,2022-03-01,3.91948652267456,43,43,1,0,6.593669391058556
Shaughnessy,2022,3,night,5625,2.93105,1919.1074870780096,1.2929066666666666,17,120.1,2022-03-01,3.91948652267456,43,43,1,0,12.212109688131656
Shaughnessy,2022,4,day,2994,1.4077,2126.873623641401,1.2704,10,120.9,2022-04-01,3.91529870033264,43,43,1,0,8.969768455615691
Shaughnessy,2022,4,night,4862,2.71503,1790.7721093321252,1.3155839999999999,21,120.9,2022-04-01,3.91529870033264,43,43,1,0,11.436554128399411
Shaughnessy,2022,5,day,2826,1.65157,1711.0991359736493,1.4173866666666666,10,120.9,2022-05-01,4.10137414932251,43,43,1,0,7.561947390038409
Shaughnessy,2022,5,night,2038,0.84802,2403.245206480979,1.15712,4,120.9,2022-05-01,4.10137414932251,43,43,1,0,16.083178624087093
Shaughnessy,2022,6,day,2727,0.95727,2848.7260647466233,1.160192,7,120.9,2022-06-01,NA,NA,NA,NA,0,12.713205432084168
Shaughnessy,2022,6,night,4399,1.80083,2442.762503956509,1.19168,10,120.9,2022-06-01,NA,NA,NA,NA,0,16.50824636816354
Shaughnessy,2022,7,day,1918,1.1197,1712.9588282575692,1.26144,5,120.9,2022-07-01,3.92507982254028,43,43,1,0,8.007174839287341
Shaughnessy,2022,7,night,4202,2.05233,2047.429019699561,1.2206933333333334,15,120.9,2022-07-01,3.92507982254028,43,43,1,0,14.492942279655324
Shaughnessy,2022,8,day,1421,0.95429,1489.065168869002,1.4779733333333334,4,120.9,2022-08-01,3.38258528709412,43,43,1,0,7.0867655570976735
Shaughnessy,2022,8,night,3969,1.85034,2145.0111871331756,1.21584,9,120.9,2022-08-01,3.38258528709412,43,43,1,0,15.458923332125853
Shaughnessy,2022,9,day,1983,0.89596,2213.268449484352,0.98592,4,120.9,2022-09-01,3.36835789680481,43,43,1,0,9.969220038378156
Shaughnessy,2022,9,night,4492,2.42517,1852.2412861778762,1.3027555555555554,10,120.9,2022-09-01,3.36835789680481,43,43,1,0,12.633973744313511
Shaughnessy,2022,10,day,1934,0.9295,2080.688542227004,1.3024,6,120.9,2022-10-01,3.3812427520752,43,43,1,0,9.4296787188887
Shaughnessy,2022,10,night,3423,1.98386,1725.4241730767292,1.3315657142857142,9,120.9,2022-10-01,3.3812427520752,43,43,1,0,11.841344592732797
Shaughnessy,2022,11,day,1613,0.56689,2845.3491859090827,1.24672,4,120.9,2022-11-01,3.32446646690369,43,43,1,0,11.617866816883152
Shaughnessy,2022,11,night,2216,1.22234,1812.9162098925012,1.371648,7,120.9,2022-11-01,3.32446646690369,43,43,1,0,11.209438935325268
Shaughnessy,2022,12,day,1899,0.6651199999999999,2855.123887418812,1.1568,4,120.9,2022-12-01,4.95242118835449,43,43,1,0,11.329019670599045
Shaughnessy,2022,12,night,3632,2.13419,1701.816614265834,1.39344,9,120.9,2022-12-01,4.95242118835449,43,43,1,0,10.225756656423505
Shaughnessy,2023,1,day,1476,0.5581,2644.6873320193513,0.9425066666666666,3,120.9,2023-01-01,3.53069615364075,43,43,1,0,11.192249216189724
Shaughnessy,2023,1,night,3328,2.02791,1641.0984708394358,1.2496457142857142,9,120.9,2023-01-01,3.53069615364075,43,43,1,0,10.517027241812935
Shaughnessy,2023,2,day,4123,2.02279,2038.2738692597848,1.25536,9,120.7,2023-02-01,3.38445472717285,43,43,1,0,7.7795738176434295
Shaughnessy,2023,2,night,2214,1.3584399999999999,1629.8106651747594,1.4443519999999999,10,120.7,2023-02-01,3.38445472717285,43,43,1,0,9.419888140483833
Shaughnessy,2023,3,day,2939,1.38068,2128.6612393892865,1.27616,8,120.9,2023-03-01,3.70222663879395,43,43,1,0,9.087664095229286
Shaughnessy,2023,3,night,2054,0.79768,2574.9674054758802,1.12128,4,120.9,2023-03-01,3.70222663879395,43,43,1,0,16.646877007055494
Shaughnessy,2023,4,day,1062,0.746,1423.5924932975872,1.35168,2,122,2023-04-01,3.85637712478638,43,43,1,0,6.099508970921274
Shaughnessy,2023,4,night,3073,1.33775,2297.1407213604934,1.17248,8,122,2023-04-01,3.85637712478638,43,43,1,0,14.904317953355942
Shaughnessy,2023,5,day,2507,1.33764,1874.1963458030561,1.289728,5,122.1,2023-05-01,3.93849086761475,43,43,1,0,8.414788494967578
Shaughnessy,2023,5,night,3809,2.03324,1873.3646790344474,1.22992,12,122.1,2023-05-01,3.93849086761475,43,43,1,0,12.736959457263096
Shaughnessy,2023,6,day,2096,1.06569,1966.80085203014,1.29152,4,122,2023-06-01,NA,NA,NA,NA,0,8.917321022363344
Shaughnessy,2023,6,night,2230,1.3081,1704.7626328262365,1.41568,6,122,2023-06-01,NA,NA,NA,NA,0,11.704510407744367
Shaughnessy,2023,7,day,3526,2.05074,1719.3793459921785,1.3611885714285714,8,122.1,2023-07-01,3.39326786994934,43,43,1,0,8.165329797423217
Shaughnessy,2023,7,night,3084,1.3508,2283.091501332544,1.2164266666666665,7,122.1,2023-07-01,3.39326786994934,43,43,1,0,16.418771678715192
Shaughnessy,2023,8,day,1001,0.36888,2713.619605291694,1.21088,2,122.1,2023-08-01,3.68092918395996,43,43,1,0,13.120577991335715
Shaughnessy,2023,8,night,2541,1.05046,2418.940273784818,1.226496,8,122.1,2023-08-01,3.68092918395996,43,43,1,0,17.711056365777885
Shaughnessy,2023,9,day,2061,0.83412,2470.8675010789816,1.2019199999999999,4,122.5,2023-09-01,3.64103746414185,43,43,1,0,11.306968544806335
Shaughnessy,2023,9,night,3234,1.93208,1673.8437331787504,1.3668571428571428,10,122.5,2023-09-01,3.64103746414185,43,43,1,0,11.59917119876629
Shaughnessy,2023,10,day,1920,1.20011,1599.8533467765455,1.36384,7,122.5,2023-10-01,3.20421290397644,43,43,1,0,7.36613429990463
Shaughnessy,2023,10,night,2268,1.22433,1852.4417436475462,1.335296,8,122.5,2023-10-01,3.20421290397644,43,43,1,0,12.915741329243966
Shaughnessy,2023,11,day,2016,1.0308,1955.7625145518045,1.22048,5,122.5,2023-11-01,3.21343278884888,43,43,1,0,8.112908507137126
Shaughnessy,2023,11,night,2039,1.02345,1992.281010308271,1.28704,4,122.5,2023-11-01,3.21343278884888,43,43,1,0,12.51487098563036
Shaughnessy,2023,12,day,1301,0.92208,1410.9404823876453,1.4626133333333333,3,122.5,2023-12-01,4.11371803283691,43,43,1,0,5.687818189323608
Shaughnessy,2023,12,night,5668,3.15838,1794.5908978653613,1.39904,13,122.5,2023-12-01,4.11371803283691,43,43,1,0,10.955136499207624
Shaughnessy,2024,1,day,1650,0.7880799999999999,2093.696071464826,1.2834133333333333,4,122.5,2024-01-01,5.54811668395996,43,43,1,0,8.284740109211972
Shaughnessy,2024,1,night,4061,2.41604,1680.8496548070395,1.4283377777777777,13,122.5,2024-01-01,5.54811668395996,43,43,1,0,10.071854457900479
Shaughnessy,2024,2,day,1947,1.2614,1543.5230696052006,1.36448,5,122.4,2024-02-01,3.99836993217468,43,43,1,0,5.5084398076331995
Shaughnessy,2024,2,night,3471,1.51281,2294.405774684197,1.1999085714285713,10,122.4,2024-02-01,3.99836993217468,43,43,1,0,12.399410305632639
Shaughnessy,2024,3,day,3313,1.76631,1875.6616901902837,1.3293714285714286,7,122.5,2024-03-01,3.96481251716614,43,43,1,0,7.487251750075645
Shaughnessy,2024,3,night,3629,1.8648500000000001,1946.0010188487008,1.1320685714285714,9,122.5,2024-03-01,3.96481251716614,43,43,1,0,11.763222513049005
Shaughnessy,2024,4,day,2105,0.98149,2144.6983667688924,1.27488,7,130.3,2024-04-01,3.8105742931366,43,43,1,0,8.592066313730509
Shaughnessy,2024,4,night,5616,2.99513,1875.0438211363112,1.27168,17,130.3,2024-04-01,3.8105742931366,43,43,1,0,11.375176453183247
Shaughnessy,2024,5,day,3422,1.78118,1921.1983067404753,1.2538514285714286,10,130.4,2024-05-01,4.0356879234314,43,43,1,0,8.06533715672334
Shaughnessy,2024,5,night,2389,1.2370299999999999,1931.2385309976316,1.38496,6,130.4,2024-05-01,4.0356879234314,43,43,1,0,12.277263317065342
Shaughnessy,2024,6,day,1012,0.58743,1722.7584563267112,1.33888,3,130.3,2024-06-01,NA,NA,NA,NA,0,7.303324846393012
Shaughnessy,2024,6,night,3603,1.77925,2025.0105381480962,1.2277028571428572,8,130.3,2024-06-01,NA,NA,NA,NA,0,12.999864825453432
Shaughnessy,2024,7,day,2014,1.01972,1975.0519750519752,1.2403199999999999,5,130.4,2024-07-01,3.11021447181702,43,43,1,0,8.77006410951717
Shaughnessy,2024,7,night,3322,1.77644,1870.0321992299205,1.3054171428571428,7,130.4,2024-07-01,3.11021447181702,43,43,1,0,12.574439762527158
Shaughnessy,2024,8,day,2854,1.3310499999999998,2144.171894369107,1.4062933333333332,6,130.4,2024-08-01,2.95753455162048,43,43,1,0,9.693616005348943
Shaughnessy,2024,8,night,4841,2.20226,2198.196398245439,1.168896,14,130.4,2024-08-01,2.95753455162048,43,43,1,0,15.049013297048075
Shaughnessy,2024,9,day,1945,1.11645,1742.1290698195173,1.42144,4,130.3,2024-09-01,2.49600195884705,43,43,1,0,7.454169577924336
Shaughnessy,2024,9,night,3899,1.82282,2138.9934277657694,1.2471999999999999,8,130.3,2024-09-01,2.49600195884705,43,43,1,0,13.859377113569403
Shaughnessy,2024,10,day,1954,1.32406,1475.7639381901122,1.41568,4,130.4,2024-10-01,3.29183793067932,43,43,1,0,6.353288345172902
Shaughnessy,2024,10,night,4380,2.5025399999999998,1750.2217746769284,1.36448,12,130.4,2024-10-01,3.29183793067932,43,43,1,0,11.410116437285456
Shaughnessy,2024,11,day,3104,1.47217,2108.452148868677,1.2369066666666666,11,130.3,2024-11-01,3.01851797103882,43,41,0.953488372093023,0,8.177987146940168
Shaughnessy,2024,11,night,3814,2.10376,1812.944442331825,1.33712,16,130.3,2024-11-01,3.01851797103882,43,41,0.953488372093023,0,10.64835425068535
Shaughnessy,2024,12,day,2362,1.57524,1499.454051446129,1.432064,7,130.4,2024-12-01,3.59799766540527,43,43,1,0,5.6518729088660535
Shaughnessy,2024,12,night,3034,1.55925,1945.8072791406125,1.2586666666666666,9,130.4,2024-12-01,3.59799766540527,43,43,1,0,11.106427098750066
South Cambie,2014,1,day,2191,1.24716,1756.7914301292535,0.9596800000000001,8,94.8,2014-01-01,4.11663627624512,24,24,1,0,6.590093337418258
South Cambie,2014,1,night,6655,1.92988,3448.400936845814,0.9643445454545455,36,94.8,2014-01-01,4.11663627624512,24,24,1,0,19.588646858839407
South Cambie,2014,2,day,3933,1.5289,2572.4377003074105,0.9154133333333334,13,94.8,2014-02-01,4.5260272026062,24,24,1,0,8.702949418038056
South Cambie,2014,2,night,6306,1.89308,3331.0795106387473,0.8921600000000001,21,94.8,2014-02-01,4.5260272026062,24,24,1,0,17.06561382484783
South Cambie,2014,3,day,4436,1.32851,3339.0791187119403,0.90746625,12,94.8,2014-03-01,4.7509331703186,24,24,1,0,12.635741945289407
South Cambie,2014,3,night,5579,1.81118,3080.3122826002937,0.9540266666666667,24,94.8,2014-03-01,4.7509331703186,24,24,1,0,17.651601196660756
South Cambie,2014,4,day,4429,1.59063,2784.4313259526098,0.8892342857142858,12,101.7,2014-04-01,4.76316070556641,24,24,1,0,10.57484524879423
South Cambie,2014,4,night,4600,1.62028,2839.0154788061323,0.88448,18,101.7,2014-04-01,4.76316070556641,24,24,1,0,16.32753378231489
South Cambie,2014,5,day,3282,1.46126,2246.006870782749,0.9668266666666667,12,101.7,2014-05-01,5.51204299926758,24,24,1,0,8.938559237677152
South Cambie,2014,5,night,7973,2.19248,3636.5211997372835,0.9304615384615385,26,101.7,2014-05-01,5.51204299926758,24,24,1,0,21.91582818109044
South Cambie,2014,6,day,5036,1.70012,2962.1438486695056,0.9768,12,101.7,2014-06-01,NA,NA,NA,NA,0,11.904426644506607
South Cambie,2014,6,night,5499,1.41107,3897.042669747071,1.01267,22,101.7,2014-06-01,NA,NA,NA,NA,0,23.71662137032799
South Cambie,2014,7,day,4560,1.43104,3186.49373881932,0.8151771428571428,17,101.7,2014-07-01,5.21875286102295,24,24,1,0,13.413540318687065
South Cambie,2014,7,night,6151,1.78359,3448.6625289444323,0.886443,28,101.7,2014-07-01,5.21875286102295,24,24,1,0,21.983476266266777
South Cambie,2014,8,day,4408,1.19697,3682.6319790805114,1.0216842857142858,13,101.7,2014-08-01,4.74752902984619,24,24,1,0,15.783039501348453
South Cambie,2014,8,night,6387,1.91202,3340.4462296419492,0.9749760000000001,28,101.7,2014-08-01,4.74752902984619,24,24,1,0,21.679643169972874
South Cambie,2014,9,day,4395,1.12906,3892.618638513454,0.8927700000000001,15,101.7,2014-09-01,4.58300161361694,24,24,1,0,15.789446607707431
South Cambie,2014,9,night,6639,1.89611,3501.3791393959214,0.9471227272727273,31,101.7,2014-09-01,4.58300161361694,24,24,1,0,21.506984011566242
South Cambie,2014,10,day,4681,1.47717,3168.897283318778,0.9333642857142858,14,101.7,2014-10-01,4.34315919876099,24,24,1,0,12.932900763784328
South Cambie,2014,10,night,6989,2.01823,3462.935344336374,0.8918109090909091,28,101.7,2014-10-01,4.34315919876099,24,24,1,0,21.401661317960016
South Cambie,2014,11,day,5180,1.67725,3088.388731554628,0.9350937500000001,17,101.7,2014-11-01,4.72432231903076,24,24,1,0,11.355878677915975
South Cambie,2014,11,night,6306,1.46503,4304.348716408537,0.936619,16,101.7,2014-11-01,4.72432231903076,24,24,1,0,23.9668829187667
South Cambie,2014,12,day,3162,0.93038,3398.6113201057633,1.0463580000000001,7,101.7,2014-12-01,5.39936447143555,24,24,1,0,12.144141965852727
South Cambie,2014,12,night,4992,1.41253,3534.084231839324,1.04544,19,101.7,2014-12-01,5.39936447143555,24,24,1,0,19.123067291755497
South Cambie,2015,1,day,5263,1.72368,3053.3509700176364,0.9184,11,101.7,2015-01-01,4.8017692565918,24,24,1,0,11.861148099371896
South Cambie,2015,1,night,3554,1.20755,2943.1493519937067,0.9298780000000001,20,101.7,2015-01-01,4.8017692565918,24,24,1,0,17.31321105670843
South Cambie,2015,2,day,2666,0.86865,3069.130259598227,1.1249075,10,101.7,2015-02-01,4.86136436462402,24,24,1,0,10.752651105318984
South Cambie,2015,2,night,6015,1.55155,3876.768392897425,0.967808,20,101.7,2015-02-01,4.86136436462402,24,24,1,0,20.567684904845645
South Cambie,2015,3,day,1198,0.359,3337.0473537604457,1.01248,6,101.7,2015-03-01,4.93609666824341,24,24,1,0,13.07720847658642
South Cambie,2015,3,night,5628,1.60053,3516.3352139603758,0.94995,18,101.7,2015-03-01,4.93609666824341,24,24,1,0,20.866916046720192
South Cambie,2015,4,day,4580,1.54153,2971.0741925230127,0.9084957142857143,12,107.7,2015-04-01,4.62872982025146,24,24,1,0,11.685025007048246
South Cambie,2015,4,night,5736,1.85622,3090.150951934577,1.0172211111111111,18,107.7,2015-04-01,4.62872982025146,24,24,1,0,18.403955106200932
South Cambie,2015,5,day,5919,1.92483,3075.076760025561,0.902613,19,107.7,2015-05-01,4.8281455039978,24,24,1,0,12.673338733985856
South Cambie,2015,5,night,5069,1.76484,2872.215044989914,1.05701375,16,107.7,2015-05-01,4.8281455039978,24,24,1,0,17.925338087524317
South Cambie,2015,6,day,5766,1.64557,3503.953037549299,0.9186611111111112,11,107.7,2015-06-01,NA,NA,NA,NA,0,14.58274409305409
South Cambie,2015,6,night,6359,1.86413,3411.2427781324263,0.910123,20,107.7,2015-06-01,NA,NA,NA,NA,0,21.49853805895252
South Cambie,2015,7,day,5046,1.30028,3880.7026178976835,0.87984,21,107.7,2015-07-01,5.46455335617065,24,24,1,0,16.91684432369788
South Cambie,2015,7,night,6374,1.95953,3252.8208294846213,0.904192,22,107.7,2015-07-01,5.46455335617065,24,24,1,0,21.472591028966004
South Cambie,2015,8,day,6218,1.73925,3575.1042115854534,0.844203,19,107.7,2015-08-01,4.29261207580566,24,24,1,0,15.86717708174504
South Cambie,2015,8,night,6691,2.0424,3276.047786917352,0.9662836363636363,19,107.7,2015-08-01,4.29261207580566,24,24,1,0,22.01793128738787
South Cambie,2015,9,day,4616,1.65405,2790.7257942625674,0.9115428571428572,16,107.7,2015-09-01,4.19779539108276,24,24,1,0,11.722516625781974
South Cambie,2015,9,night,5134,1.3456,3815.398335315101,0.85696,16,107.7,2015-09-01,4.19779539108276,24,24,1,0,24.269392073360148
South Cambie,2015,10,day,5704,1.78687,3192.1740249710388,0.9846044444444445,18,107.7,2015-10-01,4.35978841781616,24,24,1,0,13.491274600452664
South Cambie,2015,10,night,6847,1.97665,3463.9415172134673,0.96865,21,107.7,2015-10-01,4.35978841781616,24,24,1,0,22.169316045760027
South Cambie,2015,11,day,3521,1.33836,2630.8317642487823,0.919126,8,107.7,2015-11-01,4.49944734573364,24,24,1,0,10.017526529990779
South Cambie,2015,11,night,5655,1.72186,3284.2391367474706,0.9035855555555555,29,107.7,2015-11-01,4.49944734573364,24,24,1,0,18.93727638212539
South Cambie,2015,12,day,4172,1.50958,2763.682613707124,0.8974933333333334,13,107.7,2015-12-01,2.53801083564758,24,24,1,0,10.226620544886375
South Cambie,2015,12,night,6989,2.01823,3462.935344336374,0.8918109090909091,33,107.7,2015-12-01,2.53801083564758,24,24,1,0,19.404554640239503
South Cambie,2016,1,day,3505,1.30459,2686.6678420040016,0.8812380000000001,12,107.7,2016-01-01,4.44373846054077,24,24,1,0,10.94564146275099
South Cambie,2016,1,night,6338,1.84701,3431.4919789281053,0.902059,25,107.7,2016-01-01,4.44373846054077,24,24,1,0,21.170228728094095
South Cambie,2016,2,day,2838,1.21321,2339.248769792534,0.9268275,4,107.6,2016-02-01,4.00139951705933,24,24,1,0,8.595158367969235
South Cambie,2016,2,night,7322,2.02126,3622.4929004680253,0.9422225,29,107.6,2016-02-01,4.00139951705933,24,24,1,0,20.155813785978278
South Cambie,2016,3,day,3313,1.25782,2633.9221828242516,0.871766,10,107.7,2016-03-01,5.22022867202759,24,24,1,0,10.82512345177737
South Cambie,2016,3,night,6387,2.02744,3150.278183324784,0.994432,21,107.7,2016-03-01,5.22022867202759,24,24,1,0,19.606232325779903
South Cambie,2016,4,day,5055,1.5861399999999999,3186.9822335985477,0.8763737500000001,16,112.2,2016-04-01,5.12768650054932,24,24,1,0,13.145376570636842
South Cambie,2016,4,night,3761,1.18434,3175.608355708665,1.0474666666666668,9,112.2,2016-04-01,5.12768650054932,24,24,1,0,19.835157180093855
South Cambie,2016,5,day,3037,1.11147,2732.417429170378,1.01393,15,112.3,2016-05-01,4.36236763000488,24,24,1,0,11.8102575563681
South Cambie,2016,5,night,3577,0.8756200000000001,4085.105411023046,0.955222,16,112.3,2016-05-01,4.36236763000488,24,24,1,0,26.73812260358035
South Cambie,2016,6,day,6200,1.96402,3156.7906640461906,0.978816,21,112.2,2016-06-01,NA,NA,NA,NA,0,13.778565381863887
South Cambie,2016,6,night,5544,1.80945,3063.9144491420043,1.0119588888888889,14,112.2,2016-06-01,NA,NA,NA,NA,0,20.251172529200396
South Cambie,2016,7,day,4156,1.47581,2816.080660789668,0.86592,20,112.3,2016-07-01,4.40520095825195,24,24,1,0,12.874528096248193
South Cambie,2016,7,night,5510,1.09545,5029.896389611575,0.9234488888888889,17,112.3,2016-07-01,4.40520095825195,24,24,1,0,34.82255150761369
South Cambie,2016,8,day,4421,1.745,2533.5243553008595,1.0180262500000001,19,112.3,2016-08-01,4.55262184143066,24,24,1,0,11.792700981659056
South Cambie,2016,8,night,5520,1.42819,3865.0319635342635,1.02163,21,112.3,2016-08-01,4.55262184143066,24,24,1,0,27.243105605768132
South Cambie,2016,9,day,4616,1.65405,2790.7257942625674,0.9115428571428572,15,112.2,2016-09-01,3.92144989967346,24,24,1,0,12.294138388665953
South Cambie,2016,9,night,6195,1.98067,3127.7295056723233,0.989696,22,112.2,2016-09-01,3.92144989967346,24,24,1,0,20.86533870901385
South Cambie,2016,10,day,3853,1.12879,3413.389558731031,1.0033783333333335,10,112.3,2016-10-01,7.9333667755127,24,24,1,0,15.12967218858797
South Cambie,2016,10,night,5899,1.91492,3080.5464458045244,0.9322666666666667,21,112.3,2016-10-01,7.9333667755127,24,24,1,0,20.67696272435437
South Cambie,2016,11,day,5052,1.39442,3623.0117181337046,0.93408,10,112.2,2016-11-01,3.87492966651917,24,24,1,0,14.46819665737817
South Cambie,2016,11,night,4768,1.51158,3154.3153521480835,0.8490057142857143,14,112.2,2016-11-01,3.87492966651917,24,24,1,0,19.07502409705034
South Cambie,2016,12,day,1575,0.54781,2875.0844270823823,1.1477333333333335,3,112.3,2016-12-01,5.08883666992188,24,24,1,0,11.15762646175794
South Cambie,2016,12,night,4573,1.49895,3050.802228226425,0.9440914285714286,10,112.3,2016-12-01,5.08883666992188,24,24,1,0,17.92877394882763
South Cambie,2017,1,day,2846,0.88329,3222.044855030624,0.8528,6,112.3,2017-01-01,4.80474948883057,24,24,1,0,12.469889010623676
South Cambie,2017,1,night,2838,1.21321,2339.248769792534,0.9268275,8,112.3,2017-01-01,4.80474948883057,24,24,1,0,13.709535382604297
South Cambie,2017,2,day,3461,0.94199,3674.136668117496,0.83584,8,112.1,2017-02-01,4.22222852706909,24,24,1,0,12.824384927453432
South Cambie,2017,2,night,4352,0.92569,4701.357905994448,0.9673142857142857,16,112.1,2017-02-01,4.22222852706909,24,24,1,0,24.84962696969542
South Cambie,2017,3,day,4009,1.45088,2763.150639611822,1.024925,13,112.3,2017-03-01,5.04697608947754,24,24,1,0,10.78793310724791
South Cambie,2017,3,night,4584,1.27207,3603.575274945561,0.9609142857142857,16,112.3,2017-03-01,5.04697608947754,24,24,1,0,21.305052180872792
South Cambie,2017,4,day,4085,1.38643,2946.416335480334,0.8424533333333333,11,115.2,2017-04-01,4.51016044616699,24,24,1,0,11.544929035536649
South Cambie,2017,4,night,3933,1.5289,2572.4377003074105,0.9154133333333334,14,115.2,2017-04-01,4.51016044616699,24,24,1,0,15.263612812372923
South Cambie,2017,5,day,6215,1.887,3293.5877053524114,0.943488,18,115.3,2017-05-01,4.36092662811279,24,24,1,0,13.523382111984
South Cambie,2017,5,night,5235,1.28124,4085.8855483750117,0.8787200000000001,15,115.3,2017-05-01,4.36092662811279,24,24,1,0,25.404906739265023
South Cambie,2017,6,day,4676,1.54226,3031.914203830742,0.9783471428571429,18,115.2,2017-06-01,NA,NA,NA,NA,0,12.571262364018482
South Cambie,2017,6,night,6343,1.94397,3262.910435860636,0.919168,19,115.2,2017-06-01,NA,NA,NA,NA,0,20.487192901824518
South Cambie,2017,7,day,5692,1.77275,3210.8306303765335,0.9335944444444445,13,115.3,2017-07-01,5.21174144744873,24,24,1,0,13.944642715530058
South Cambie,2017,7,night,6846,1.92286,3560.3216042769623,0.9283490909090909,24,115.3,2017-07-01,5.21174144744873,24,24,1,0,23.415020627847852
South Cambie,2017,8,day,3393,1.07107,3167.860177205972,0.929366,7,115.3,2017-08-01,4.65417718887329,24,24,1,0,14.007414243274882
South Cambie,2017,8,night,4581,1.65232,2772.4653820083277,0.9860271428571429,14,115.3,2017-08-01,4.65417718887329,24,24,1,0,18.56407955830149
South Cambie,2017,9,day,5195,1.65723,3134.7489485466713,0.90336,11,115.2,2017-09-01,4.11327981948853,24,24,1,0,13.118599122338978
South Cambie,2017,9,night,7358,2.13378,3448.3405037070365,0.9440000000000001,20,115.2,2017-09-01,4.11327981948853,24,24,1,0,21.852954430694275
South Cambie,2017,10,day,6246,1.90256,3282.9450845177025,0.928512,14,115.3,2017-10-01,4.47019004821777,24,24,1,0,13.82327810843341
South Cambie,2017,10,night,5879,1.31247,4479.340480163356,0.9500444444444445,20,115.3,2017-10-01,4.47019004821777,24,24,1,0,28.561224537231375
South Cambie,2017,11,day,3793,1.13827,3332.249817705817,1.063965,7,115.2,2017-11-01,3.50296902656555,24,24,1,0,12.641132463196291
South Cambie,2017,11,night,4644,1.69191,2744.8268524921536,0.98090625,12,115.2,2017-11-01,3.50296902656555,24,24,1,0,15.768075986304428
South Cambie,2017,12,day,3489,1.38443,2520.1707561956905,0.899328,6,115.3,2017-12-01,4.54029560089111,24,24,1,0,9.290839296110573
South Cambie,2017,12,night,6178,1.83611,3364.722157169233,0.91648,20,115.3,2017-12-01,4.54029560089111,24,24,1,0,18.78406184715641
South Cambie,2018,1,day,1276,0.62657,2036.4843513095107,1.0361600000000002,2,115.3,2018-01-01,4.8265814781189,24,24,1,0,7.952542151336041
South Cambie,2018,1,night,6818,1.98858,3428.5771756730933,0.8948363636363637,18,115.3,2018-01-01,4.8265814781189,24,24,1,0,20.274686761018863
South Cambie,2018,2,day,4480,1.19298,3755.301849150866,0.96,11,115.1,2018-02-01,5.7467303276062,24,24,1,0,13.225740150246162
South Cambie,2018,2,night,6775,1.83348,3695.158932739926,0.9155490909090909,19,115.1,2018-02-01,5.7467303276062,24,24,1,0,19.707138932129187
South Cambie,2018,3,day,2838,1.21321,2339.248769792534,0.9268275,7,115.3,2018-03-01,5.58312845230103,24,24,1,0,9.215183528117162
South Cambie,2018,3,night,4744,1.41318,3356.96797294046,0.9115428571428571,15,115.3,2018-03-01,5.58312845230103,24,24,1,0,20.0258103137448
South Cambie,2018,4,day,4397,1.37234,3204.016497369457,0.9244042857142857,18,118.7,2018-04-01,5.39987421035767,24,24,1,0,12.667350695848222
South Cambie,2018,4,night,4512,1.14691,3934.0488791622706,0.9741414285714286,9,118.7,2018-04-01,5.39987421035767,24,24,1,0,23.552994095517818
South Cambie,2018,5,day,2845,0.84751,3356.8925440407784,0.9111475,12,118.8,2018-05-01,4.76093816757202,24,24,1,0,13.907447290910847
South Cambie,2018,5,night,5898,1.48459,3972.8140429344126,0.9949866666666667,16,118.8,2018-05-01,4.76093816757202,24,24,1,0,24.924332803884575
South Cambie,2018,6,day,4156,1.47581,2816.080660789668,0.86592,14,118.7,2018-06-01,NA,NA,NA,NA,0,11.781510354803576
South Cambie,2018,6,night,4515,1.31383,3436.517662102403,0.91946625,12,118.7,2018-06-01,NA,NA,NA,NA,0,21.771571622598103
South Cambie,2018,7,day,3317,1.46299,2267.274554166467,0.8799283333333333,9,118.8,2018-07-01,5.54497623443604,24,24,1,0,9.935460577617421
South Cambie,2018,7,night,6691,2.0424,3276.047786917352,0.9662836363636363,17,118.8,2018-07-01,5.54497623443604,24,24,1,0,21.739494415078607
South Cambie,2018,8,day,2338,0.84404,2770.010899957348,0.8323200000000001,5,118.8,2018-08-01,4.04056262969971,24,24,1,0,12.358544973251808
South Cambie,2018,8,night,5176,1.60053,3233.9287610978863,0.87712,14,118.8,2018-08-01,4.04056262969971,24,24,1,0,21.84900349543301
South Cambie,2018,9,day,5045,1.76012,2866.2818444196987,0.9419200000000001,17,118.7,2018-09-01,4.62604427337646,24,24,1,0,12.103124062325659
South Cambie,2018,9,night,5572,1.4608700000000001,3814.1655314983536,1.01395,14,118.7,2018-09-01,4.62604427337646,24,24,1,0,24.3889694906735
South Cambie,2018,10,day,3289,0.99198,3315.5910401419383,0.928086,9,118.8,2018-10-01,4.9197998046875,24,24,1,0,14.086473459628513
South Cambie,2018,10,night,5232,1.82354,2869.1446307731117,0.9614400000000001,15,118.8,2018-10-01,4.9197998046875,24,24,1,0,18.45903895004895
South Cambie,2018,11,day,2845,0.45296000000000003,6280.907806428823,0.99392,6,118.7,2018-11-01,4.3611888885498,24,24,1,0,24.041676249816447
South Cambie,2018,11,night,6883,2.08917,3294.6098211251356,0.970589090909091,21,118.7,2018-11-01,4.3611888885498,24,24,1,0,19.096845547999006
South Cambie,2018,12,day,2838,1.21321,2339.248769792534,0.9268275,8,118.8,2018-12-01,4.45708513259888,24,24,1,0,8.701523284336972
South Cambie,2018,12,night,5695,1.50792,3776.7255557323997,0.93568,13,118.8,2018-12-01,4.45708513259888,24,24,1,0,21.274023024593824
South Cambie,2019,1,day,2178,0.75613,2880.4570642614367,0.9819033333333334,11,118.8,2019-01-01,4.99596929550171,24,24,1,0,12.188274323166324
South Cambie,2019,1,night,5238,1.34705,3888.4970862254554,0.88576,19,118.8,2019-01-01,4.99596929550171,24,24,1,0,24.915976536748524
South Cambie,2019,2,day,3521,1.33836,2630.8317642487823,0.919126,12,118.6,2019-02-01,6.21974515914917,24,24,1,0,10.039778313200832
South Cambie,2019,2,night,4695,1.18448,3963.7646899905444,0.8215771428571429,19,118.6,2019-02-01,6.21974515914917,24,24,1,0,22.906262436894703
South Cambie,2019,3,day,2802,0.80602,3476.3405374556464,1.03808,14,118.8,2019-03-01,5.27872323989868,24,24,1,0,14.839039942247402
South Cambie,2019,3,night,5630,1.40733,4000.483184469883,0.8430933333333334,20,118.8,2019-03-01,5.27872323989868,24,24,1,0,25.85897232617631
South Cambie,2019,4,day,3282,1.35768,2417.3590242177834,0.9406300000000001,10,120.9,2019-04-01,5.59355020523071,24,24,1,0,10.355906452793906
South Cambie,2019,4,night,5195,1.3446,3863.602558381675,0.98325375,13,120.9,2019-04-01,5.59355020523071,24,24,1,0,25.064250851675286
South Cambie,2019,5,day,4573,1.49895,3050.802228226425,0.9440914285714286,15,120.9,2019-05-01,5.39700317382812,24,24,1,0,13.695564889687523
South Cambie,2019,5,night,3374,1.28863,2618.284534738443,1.0913416666666667,13,120.9,2019-05-01,5.39700317382812,24,24,1,0,17.799100555623326
South Cambie,2019,6,day,3505,1.30459,2686.6678420040016,0.8812380000000001,8,120.9,2019-06-01,NA,NA,NA,NA,0,12.179396470788753
South Cambie,2019,6,night,6387,2.02744,3150.278183324784,0.994432,21,120.9,2019-06-01,NA,NA,NA,NA,0,21.62599098763766
South Cambie,2019,7,day,5043,1.04832,4810.554029304029,0.8179737499999999,17,120.9,2019-07-01,5.28134536743164,24,24,1,0,22.84204060191404
South Cambie,2019,7,night,4484,1.49549,2998.3483674247236,0.9715814285714286,20,120.9,2019-07-01,5.28134536743164,24,24,1,0,21.559426995909032
South Cambie,2019,8,day,4755,1.30172,3652.859293857358,0.95616,13,120.9,2019-08-01,5.48470306396484,24,24,1,0,17.659350234545723
South Cambie,2019,8,night,5284,1.7408000000000001,3035.3860294117644,0.9284800000000001,34,120.9,2019-08-01,5.48470306396484,24,24,1,0,22.221380102428206
South Cambie,2019,9,day,5169,1.58969,3251.577351559109,1.01093375,16,120.9,2019-09-01,5.1943154335022,24,24,1,0,14.877453240597644
South Cambie,2019,9,night,4652,1.53754,3025.6123417927342,0.8468114285714285,19,120.9,2019-09-01,5.1943154335022,24,24,1,0,20.96346695324581
South Cambie,2019,10,day,5283,1.74543,3026.7613138309757,0.88496,26,120.9,2019-10-01,5.00881814956665,24,24,1,0,13.933987297915431
South Cambie,2019,10,night,6407,2.03735,3144.771394213071,0.9618227272727273,33,120.9,2019-10-01,5.00881814956665,24,24,1,0,21.923083463116747
South Cambie,2019,11,day,4584,1.42716,3211.9734297485916,1.0484262500000001,12,120.9,2019-11-01,5.36460590362549,24,24,1,0,13.322023080208895
South Cambie,2019,11,night,5751,1.8362,3132.0117634244634,0.9890133333333334,23,120.9,2019-11-01,5.36460590362549,24,24,1,0,19.671475816775168
South Cambie,2019,12,day,4852,1.39844,3469.5803895769573,1.03088,10,120.9,2019-12-01,4.10970830917358,24,24,1,0,13.984654561512642
South Cambie,2019,12,night,5037,1.81091,2781.474507291914,1.04464,23,120.9,2019-12-01,4.10970830917358,24,24,1,0,16.977165944341486
South Cambie,2020,1,day,1738,0.8168300000000001,2127.73771776257,0.95687,7,120.9,2020-01-01,5.30065584182739,24,24,1,0,7.278878778454707
South Cambie,2020,1,night,5154,1.04781,4918.830704039855,0.96192,16,120.9,2020-01-01,5.30065584182739,24,24,1,0,25.48141792517765
South Cambie,2020,2,day,3977,1.28663,3091.0207285699853,0.9764266666666667,13,120.8,2020-02-01,4.98201513290405,24,24,1,0,9.536709290855237
South Cambie,2020,2,night,4279,0.87589,4885.316649350946,0.9656685714285714,12,120.8,2020-02-01,4.98201513290405,24,24,1,0,22.824678354740907
South Cambie,2020,3,day,4452,1.54156,2887.9836010275303,0.9574400000000001,19,120.9,2020-03-01,5.39455604553223,24,24,1,0,9.966525771424164
South Cambie,2020,3,night,6127,1.91422,3200.78151936559,0.977664,36,120.9,2020-03-01,5.39455604553223,24,24,1,0,16.72709113777585
South Cambie,2020,4,day,3933,1.20936,3252.13335979361,1.0999466666666666,12,119.6,2020-04-01,5.52596235275269,24,24,1,0,11.26369517880634
South Cambie,2020,4,night,5719,1.82527,3133.2350830288124,0.9669688888888889,21,119.6,2020-04-01,5.52596235275269,24,24,1,0,16.433150943394853
South Cambie,2020,5,day,4760,1.44695,3289.678288814403,0.9386057142857143,9,119.7,2020-05-01,5.47266292572021,24,24,1,0,11.93946601805118
South Cambie,2020,5,night,5216,1.36172,3830.4497253473546,0.99333375,20,119.7,2020-05-01,5.47266292572021,24,24,1,0,21.052155191125326
South Cambie,2020,6,day,3778,1.52299,2480.646622761804,0.9333028571428572,13,119.6,2020-06-01,NA,NA,NA,NA,0,9.091640886161999
South Cambie,2020,6,night,1415,0.25081,5641.720824528528,0.7931733333333333,8,119.6,2020-06-01,NA,NA,NA,NA,0,31.311529606154853
South Cambie,2020,7,day,5216,1.78977,2914.340948837001,0.93776,13,119.7,2020-07-01,5.07911062240601,24,24,1,0,11.187826973444214
South Cambie,2020,7,night,5435,1.59112,3415.832872442053,0.8383522222222223,15,119.7,2020-07-01,5.07911062240601,24,24,1,0,19.857168328194007
South Cambie,2020,8,day,4652,1.53754,3025.6123417927342,0.8468114285714285,16,119.7,2020-08-01,5.12454986572266,24,24,1,0,11.825530686587033
South Cambie,2020,8,night,6195,1.98067,3127.7295056723233,0.989696,22,119.7,2020-08-01,5.12454986572266,24,24,1,0,18.51193703715121
South Cambie,2020,9,day,3346,1.45106,2305.9005141069288,1.0152533333333333,9,119.6,2020-09-01,5.0055890083313,24,24,1,0,8.52983539480958
South Cambie,2020,9,night,6983,1.91402,3648.342232578552,0.9370763636363636,18,119.6,2020-09-01,5.0055890083313,24,24,1,0,20.43670969877677
South Cambie,2020,10,day,4013,1.65605,2423.2360134053924,1.0100414285714285,12,119.7,2020-10-01,4.66514110565186,24,24,1,0,9.01900298697303
South Cambie,2020,10,night,4972,1.3976899999999999,3557.298113315542,1.02037375,19,119.7,2020-10-01,4.66514110565186,24,24,1,0,20.049262366840445
South Cambie,2020,11,day,3822,1.38746,2754.6740086200684,0.9988983333333333,10,119.6,2020-11-01,4.59730672836304,24,24,1,0,9.237065627092933
South Cambie,2020,11,night,6655,1.92988,3448.400936845814,0.9643445454545455,33,119.6,2020-11-01,4.59730672836304,24,24,1,0,17.510433316308372
South Cambie,2020,12,day,4408,1.25397,3515.2356116972496,1.0358857142857143,10,119.7,2020-12-01,3.29809498786926,24,24,1,0,11.454992474936683
South Cambie,2020,12,night,5232,1.82354,2869.1446307731117,0.9614400000000001,28,119.7,2020-12-01,3.29809498786926,24,24,1,0,14.158202876187817
South Cambie,2021,1,day,2449,0.66594,3677.5084842478304,0.9838925000000001,8,119.7,2021-01-01,3.08482623100281,24,24,1,0,10.13699991546235
South Cambie,2021,1,night,4029,1.46079,2758.096646335202,0.9693257142857143,9,119.7,2021-01-01,3.08482623100281,24,24,1,0,11.512789412269681
South Cambie,2021,2,day,2838,1.21321,2339.248769792534,0.9268275,6,119.5,2021-02-01,4.89962434768677,24,24,1,0,5.815437618570792
South Cambie,2021,2,night,6143,1.83438,3348.815403569599,0.968619,19,119.5,2021-02-01,4.89962434768677,24,24,1,0,12.607022310319763
South Cambie,2021,3,day,3897,1.41638,2751.3802793035766,0.9118583333333333,12,119.7,2021-03-01,5.57115125656128,24,24,1,0,7.65083888381745
South Cambie,2021,3,night,5186,1.37828,3762.660707548539,0.84832,17,119.7,2021-03-01,5.57115125656128,24,24,1,0,15.84414526630302
South Cambie,2021,4,day,3289,0.99198,3315.5910401419383,0.928086,8,120.1,2021-04-01,5.66896295547485,24,24,1,0,9.253006452139678
South Cambie,2021,4,night,5771,1.85795,3106.111574584892,0.9592888888888889,18,120.1,2021-04-01,5.66896295547485,24,24,1,0,13.126661334228928
South Cambie,2021,5,day,2838,1.21321,2339.248769792534,0.9268275,13,120.1,2021-05-01,5.52806806564331,24,24,1,0,6.840963133727575
South Cambie,2021,5,night,5771,1.85795,3106.111574584892,0.9592888888888889,22,120.1,2021-05-01,5.52806806564331,24,24,1,0,13.755399660581322
South Cambie,2021,6,day,3757,1.40229,2679.1890407832902,0.892445,10,120.1,2021-06-01,NA,NA,NA,NA,0,7.912069515087313
South Cambie,2021,6,night,5686,1.27033,4476.002298615321,0.9060977777777778,11,120.1,2021-06-01,NA,NA,NA,NA,0,20.01669437427016
South Cambie,2021,7,day,3933,1.20936,3252.13335979361,1.0999466666666666,8,120.1,2021-07-01,5.04955530166626,24,24,1,0,10.059655168993714
South Cambie,2021,7,night,3977,1.28663,3091.0207285699853,0.9764266666666667,8,120.1,2021-07-01,5.04955530166626,24,24,1,0,14.478780564829396
South Cambie,2021,8,day,5196,1.71102,3036.7850755689587,0.95877375,21,120.1,2021-08-01,4.47958898544312,24,24,1,0,9.563806436610545
South Cambie,2021,8,night,5691,1.45784,3903.7205729023763,1.0179322222222222,18,120.1,2021-08-01,4.47958898544312,24,24,1,0,18.617045745165978
South Cambie,2021,9,day,3458,1.5878700000000001,2177.7601440924004,0.989795,12,120.1,2021-09-01,4.90773868560791,24,24,1,0,6.491117859151862
South Cambie,2021,9,night,5379,1.42042,3786.9080976049336,0.89776,14,120.1,2021-09-01,4.90773868560791,24,24,1,0,17.09265535752597
South Cambie,2021,10,day,4080,1.12578,3624.1539199488357,0.8305066666666667,7,120.1,2021-10-01,4.90022659301758,24,24,1,0,10.868730375768786
South Cambie,2021,10,night,5251,1.36345,3851.2596721551945,0.92816,14,120.1,2021-10-01,4.90022659301758,24,24,1,0,17.490019921072083
South Cambie,2021,11,day,3889,1.24131,3132.9804802990393,1.0069333333333335,12,120.1,2021-11-01,4.94974613189697,24,24,1,0,8.465076202543788
South Cambie,2021,11,night,2807,1.41665,1981.435075706773,1.0298880000000001,10,120.1,2021-11-01,4.94974613189697,24,24,1,0,8.107152653719659
South Cambie,2021,12,day,3556,0.81023,4388.877232390802,0.997888,7,120.1,2021-12-01,4.49080801010132,24,24,1,0,11.52399780004825
South Cambie,2021,12,night,4293,1.5705500000000001,2733.4373308713507,0.9127614285714286,11,120.1,2021-12-01,4.49080801010132,24,24,1,0,10.868614283721257
South Cambie,2022,1,day,2807,1.41665,1981.435075706773,1.0298880000000001,11,120.1,2022-01-01,3.52821898460388,24,24,1,0,5.798354215585802
South Cambie,2022,1,night,1747,1.10269,1584.3074662869892,0.9476266666666667,5,120.1,2022-01-01,3.52821898460388,24,24,1,0,7.020688199238854
South Cambie,2022,2,day,3273,1.07182,3053.6843873038383,0.946176,11,120,2022-02-01,5.73887395858765,24,24,1,0,8.059336266785095
South Cambie,2022,2,night,4961,1.46088,3395.898362630743,1.01808,15,120,2022-02-01,5.73887395858765,24,24,1,0,13.57204005087169
South Cambie,2022,3,day,4808,1.8044,2664.5976501884284,0.94074625,19,120.1,2022-03-01,5.3946270942688,24,24,1,0,7.866095470006989
South Cambie,2022,3,night,6075,1.87291,3243.615550133215,0.93184,17,120.1,2022-03-01,5.3946270942688,24,24,1,0,14.50014240280678
South Cambie,2022,4,day,4172,1.50958,2763.682613707124,0.8974933333333334,16,120.9,2022-04-01,5.63227224349976,24,24,1,0,8.188025948095461
South Cambie,2022,4,night,4896,1.68603,2903.862920588602,0.96224,26,120.9,2022-04-01,5.63227224349976,24,24,1,0,13.02814178062994
South Cambie,2022,5,day,4268,1.18288,3608.142837819559,1.0050442857142858,22,120.9,2022-05-01,5.42489814758301,24,24,1,0,11.201951767220322
South Cambie,2022,5,night,3585,1.05773,3389.33376192412,1.0244983333333333,13,120.9,2022-05-01,5.42489814758301,24,24,1,0,15.93454383568133
South Cambie,2022,6,day,3462,1.05278,3288.4363304774024,0.944384,10,120.9,2022-06-01,NA,NA,NA,NA,0,10.309682957406496
South Cambie,2022,6,night,4475,0.99931,4478.089882018593,0.9481142857142857,17,120.9,2022-06-01,NA,NA,NA,NA,0,21.260036206442855
South Cambie,2022,7,day,2842,1.41838,2003.694355532368,0.92561,6,120.9,2022-07-01,5.27623891830444,24,24,1,0,6.579840386113346
South Cambie,2022,7,night,4629,1.82554,2535.6880703791758,1.04762625,17,120.9,2022-07-01,5.27623891830444,24,24,1,0,12.609417726544534
South Cambie,2022,8,day,2874,1.37231,2094.2789894411612,0.945408,10,120.9,2022-08-01,5.13024473190308,24,24,1,0,7.001972380900147
South Cambie,2022,8,night,5112,1.71578,2979.4029537586403,0.88912,13,120.9,2022-08-01,5.13024473190308,24,24,1,0,15.084482747901736
South Cambie,2022,9,day,4616,1.65405,2790.7257942625674,0.9115428571428572,15,120.9,2022-09-01,4.82846927642822,24,24,1,0,8.830712628317743
South Cambie,2022,9,night,3726,1.18261,3150.658289715122,1.134365,14,120.9,2022-09-01,4.82846927642822,24,24,1,0,15.097158345255059
South Cambie,2022,10,day,2363,1.27218,1857.4415570123724,1.0384,6,120.9,2022-10-01,4.94746780395508,24,24,1,0,5.913661683237693
South Cambie,2022,10,night,4612,1.55246,2970.7689731136393,0.9368385714285715,12,120.9,2022-10-01,4.94746780395508,24,24,1,0,14.322720527275393
South Cambie,2022,11,day,1166,0.40507000000000004,2878.5148245982173,0.962985,4,120.9,2022-11-01,4.28615474700928,24,24,1,0,8.256781454832089
South Cambie,2022,11,night,5087,1.72559,2947.977213590714,0.9222633333333333,12,120.9,2022-11-01,4.28615474700928,24,24,1,0,12.80506426809115
South Cambie,2022,12,day,651,0.17122,3802.125919869174,0.78933,1,120.9,2022-12-01,5.00623989105225,24,24,1,0,10.598523474146937
South Cambie,2022,12,night,5048,1.21782,4145.111757074116,0.8592,13,120.9,2022-12-01,5.00623989105225,24,24,1,0,17.497275717740504
South Cambie,2023,1,day,2679,1.35968,1970.316545069428,1.078528,6,120.9,2023-01-01,4.47627687454224,24,24,1,0,5.857746026381735
South Cambie,2023,1,night,2858,1.33854,2135.1621916416393,0.90752,14,120.9,2023-01-01,4.47627687454224,24,24,1,0,9.612596784657448
South Cambie,2023,2,day,2314,0.7400800000000001,3126.6890065938815,0.8992,4,120.7,2023-02-01,4.55095291137695,24,24,1,0,8.383578838372276
South Cambie,2023,2,night,3282,1.35768,2417.3590242177834,0.9406300000000001,9,120.7,2023-02-01,4.55095291137695,24,24,1,0,9.81524723372125
South Cambie,2023,3,day,3532,1.03137,3424.571201411715,0.864,8,120.9,2023-03-01,4.6769757270813,24,24,1,0,10.270779624737443
South Cambie,2023,3,night,4868,1.3186,3691.794327316851,1.01957375,17,120.9,2023-03-01,4.6769757270813,24,24,1,0,16.766794051147595
South Cambie,2023,4,day,4172,1.50958,2763.682613707124,0.8974933333333334,13,122,2023-04-01,5.20044565200806,24,24,1,0,8.318573312034033
South Cambie,2023,4,night,3696,1.45776,2535.3967731313796,0.8814216666666667,20,122,2023-04-01,5.20044565200806,24,24,1,0,11.556383255221421
South Cambie,2023,5,day,2845,0.84751,3356.8925440407784,0.9111475,11,122.1,2023-05-01,5.54614353179932,24,24,1,0,10.588076100607854
South Cambie,2023,5,night,5256,1.6241,3236.253925250908,0.93712,13,122.1,2023-05-01,5.54614353179932,24,24,1,0,15.45743845040426
South Cambie,2023,6,day,2838,1.21321,2339.248769792534,0.9268275,7,122,2023-06-01,NA,NA,NA,NA,0,7.450783092265681
South Cambie,2023,6,night,2850,1.27391,2237.2067100501604,1.03296,8,122,2023-06-01,NA,NA,NA,NA,0,10.79063356890051
South Cambie,2023,7,day,1626,0.4697,3461.7841175218223,0.9437866666666667,4,122.1,2023-07-01,4.95907402038574,24,24,1,0,11.549242572439764
South Cambie,2023,7,night,4696,1.34354,3495.2439078851394,0.8571128571428571,11,122.1,2023-07-01,4.95907402038574,24,24,1,0,17.658195895764297
South Cambie,2023,8,day,4772,1.6453,2900.3829088919956,0.9294628571428571,15,122.1,2023-08-01,5.46650171279907,24,24,1,0,9.851692165829142
South Cambie,2023,8,night,4956,1.36392,3633.6442020059826,0.99669375,15,122.1,2023-08-01,5.46650171279907,24,24,1,0,18.690168500452675
South Cambie,2023,9,day,3412,0.71949,4742.247981208912,1.00864,6,122.5,2023-09-01,5.03825950622559,24,24,1,0,15.245177456810245
South Cambie,2023,9,night,3474,1.50803,2303.6676989184566,0.97472,11,122.5,2023-09-01,5.03825950622559,24,24,1,0,11.214589405344118
South Cambie,2023,10,day,3985,1.4461600000000001,2755.573380538806,0.8714666666666667,9,122.5,2023-10-01,5.19298267364502,24,24,1,0,8.912980085123234
South Cambie,2023,10,night,3326,1.32573,2508.8064688888385,1.052246,10,122.5,2023-10-01,5.19298267364502,24,24,1,0,12.288346173271965
South Cambie,2023,11,day,3326,1.32573,2508.8064688888385,1.052246,7,122.5,2023-11-01,5.03456783294678,24,24,1,0,7.311039294551577
South Cambie,2023,11,night,4453,1.59535,2791.2370326260693,1.02077,12,122.5,2023-11-01,5.03456783294678,24,24,1,0,12.317540440290564
South Cambie,2023,12,day,3757,1.40229,2679.1890407832902,0.892445,9,122.5,2023-12-01,4.84282636642456,24,24,1,0,7.587380540526861
South Cambie,2023,12,night,2861,0.8812800000000001,3246.414306463326,0.9585075000000001,8,122.5,2023-12-01,4.84282636642456,24,24,1,0,13.922196941947245
South Cambie,2024,1,day,4772,1.6453,2900.3829088919956,0.9294628571428571,9,122.5,2024-01-01,8.53895282745361,24,24,1,0,8.062543768621717
South Cambie,2024,1,night,4644,1.63491,2840.523331559535,0.96848,12,122.5,2024-01-01,8.53895282745361,24,24,1,0,11.957225782216568
South Cambie,2024,2,day,2845,0.84751,3356.8925440407784,0.9111475,6,122.4,2024-02-01,5.58171129226685,24,24,1,0,8.41597466896509
South Cambie,2024,2,night,3993,1.41711,2817.7064589199144,0.9933516666666666,16,122.4,2024-02-01,5.58171129226685,24,24,1,0,10.697395402802643
South Cambie,2024,3,day,3406,1.2425599999999999,2741.1151171774404,1.10784,8,122.5,2024-03-01,5.42723417282104,24,24,1,0,7.686819788823685
South Cambie,2024,3,night,5069,1.76484,2872.215044989914,1.05701375,20,122.5,2024-03-01,5.42723417282104,24,24,1,0,12.196962780679492
South Cambie,2024,4,day,990,0.27846,3555.2682611506143,0.89408,2,130.3,2024-04-01,5.48606300354004,24,24,1,0,10.005879580521158
South Cambie,2024,4,night,5039,1.55237,3246.004496350741,0.85269375,9,130.3,2024-04-01,5.48606300354004,24,24,1,0,13.833986076302216
South Cambie,2024,5,day,2838,1.31679,2155.2411546260223,0.9610240000000001,11,130.4,2024-05-01,5.74181842803955,24,24,1,0,6.356202138237091
South Cambie,2024,5,night,4201,1.60123,2623.608101272147,1.0421028571428572,14,130.4,2024-05-01,5.74181842803955,24,24,1,0,11.716991450073554
South Cambie,2024,6,day,3449,1.19519,2885.7336490432485,0.802304,9,130.3,2024-06-01,NA,NA,NA,NA,0,8.594170556448672
South Cambie,2024,6,night,3996,1.38297,2889.4336102735415,0.874525,17,130.3,2024-06-01,NA,NA,NA,NA,0,13.030940626854209
South Cambie,2024,7,day,2525,0.90746,2782.4917902717475,0.87136,7,130.4,2024-07-01,4.1023383140564,24,24,1,0,8.679798189820493
South Cambie,2024,7,night,4852,1.77245,2737.453806877486,1.01050625,13,130.4,2024-07-01,4.1023383140564,24,24,1,0,12.931171052103116
South Cambie,2024,8,day,1642,0.50347,3261.3661191332158,1.0069333333333335,3,130.4,2024-08-01,4.15557813644409,24,24,1,0,10.35803239719652
South Cambie,2024,8,night,3985,1.4461600000000001,2755.573380538806,0.8714666666666667,15,130.4,2024-08-01,4.15557813644409,24,24,1,0,13.252719670737765
South Cambie,2024,9,day,3757,1.40229,2679.1890407832902,0.892445,13,130.3,2024-09-01,3.64542436599731,24,24,1,0,8.053298482570312
South Cambie,2024,9,night,2882,0.97094,2968.257564834078,1.0183475,14,130.3,2024-09-01,3.64542436599731,24,24,1,0,13.510995275716873
South Cambie,2024,10,day,2398,1.27391,1882.3935756843105,0.9080525,5,130.4,2024-10-01,5.22506093978882,24,24,1,0,5.693031692761964
South Cambie,2024,10,night,1703,0.8151,2089.3141945773523,1.1306666666666667,14,130.4,2024-10-01,5.22506093978882,24,24,1,0,9.568684724655078
South Cambie,2024,11,day,3521,1.33836,2630.8317642487823,0.919126,10,130.3,2024-11-01,4.92433929443359,24,24,1,0,7.16848281085475
South Cambie,2024,11,night,2270,1.00662,2255.071427152252,0.9208525000000001,8,130.3,2024-11-01,4.92433929443359,24,24,1,0,9.304858961701372
South Cambie,2024,12,day,3761,1.18434,3175.608355708665,1.0474666666666668,8,130.4,2024-12-01,4.94129276275635,24,24,1,0,8.408870387603054
South Cambie,2024,12,night,4051,0.87659,4621.316693094834,0.8955733333333333,11,130.4,2024-12-01,4.94129276275635,24,24,1,0,18.530697845442255
Strathcona,2014,1,day,9412,3.48926,2697.420083341454,0.333336,47,94.8,2014-01-01,9.05922508239746,42,42,1,0,53.052851217185015
Strathcona,2014,1,night,10185,3.48673,2921.0750473939765,0.26924133333333333,69,94.8,2014-01-01,9.05922508239746,42,42,1,0,86.99978480717948
Strathcona,2014,2,day,8777,3.2497,2700.8646952026343,0.2925615384615385,29,94.8,2014-02-01,10.5145406723022,42,42,1,0,47.90856940397451
Strathcona,2014,2,night,11494,3.62337,3172.1850100872944,0.35169736842105265,61,94.8,2014-02-01,10.5145406723022,42,42,1,0,85.20875195354415
Strathcona,2014,3,day,9306,3.54681,2623.7661447892615,0.270638,37,94.8,2014-03-01,11.1647891998291,42,42,1,0,52.05805563043049
Strathcona,2014,3,night,10362,3.50668,2954.9317302976037,0.34683684210526317,59,94.8,2014-03-01,11.1647891998291,42,42,1,0,88.78213648430697
Strathcona,2014,4,day,11087,3.73289,2970.0848404319445,0.3327163157894737,45,101.7,2014-04-01,11.1419591903687,42,42,1,0,59.14188271642405
Strathcona,2014,4,night,11052,2.95222,3743.6234426973597,0.352571,71,101.7,2014-04-01,11.1419591903687,42,42,1,0,112.88435863070292
Strathcona,2014,5,day,10372,3.52176,2945.118349915951,0.31764117647058826,66,101.7,2014-05-01,12.1717042922974,42,42,1,0,61.45369134652599
Strathcona,2014,5,night,12446,3.8574,3226.5256390314717,0.33566,80,101.7,2014-05-01,12.1717042922974,42,42,1,0,101.9519800345231
Strathcona,2014,6,day,10279,3.6266,2834.33518998511,0.30723833333333334,71,101.7,2014-06-01,NA,NA,NA,NA,0,59.723098047748984
Strathcona,2014,6,night,11665,3.75683,3105.0114058927343,0.315411,71,101.7,2014-06-01,NA,NA,NA,NA,0,99.07626819133739
Strathcona,2014,7,day,12148,3.82642,3174.7691053256044,0.3377552380952381,74,101.7,2014-07-01,12.4953346252441,42,42,1,0,70.06986422461466
Strathcona,2014,7,night,11832,3.7974,3115.8160846895244,0.3405895238095238,82,101.7,2014-07-01,12.4953346252441,42,42,1,0,104.13728876439863
Strathcona,2014,8,day,10177,3.61523,2815.0352812960723,0.29762470588235296,58,101.7,2014-08-01,11.0141019821167,42,42,1,0,63.25646912446862
Strathcona,2014,8,night,10700,3.56731,2999.4589760912286,0.3242333333333333,95,101.7,2014-08-01,11.0141019821167,42,42,1,0,102.0655903308034
Strathcona,2014,9,day,9326,3.41071,2734.328043134714,0.286358,65,101.7,2014-09-01,10.0575408935547,42,42,1,0,58.15197228012307
Strathcona,2014,9,night,10735,3.65122,2940.1131676535515,0.317905,101,101.7,2014-09-01,10.0575408935547,42,42,1,0,94.68761996667585
Strathcona,2014,10,day,11386,3.7536899999999997,3033.281917260083,0.3612535,44,101.7,2014-10-01,10.2881364822388,42,42,1,0,64.9066717368132
Strathcona,2014,10,night,12580,3.70543,3395.017582304888,0.3329552380952381,82,101.7,2014-10-01,10.2881364822388,42,42,1,0,110.01044281781816
Strathcona,2014,11,day,9164,3.42434,2676.136131342098,0.34592866666666666,47,101.7,2014-11-01,10.3366861343384,42,42,1,0,51.59240432469169
Strathcona,2014,11,night,11537,3.65005,3160.7786194709665,0.355587,100,101.7,2014-11-01,10.3366861343384,42,42,1,0,92.2756187198458
Strathcona,2014,12,day,7749,3.07696,2518.3947792626486,0.22917909090909092,29,101.7,2014-12-01,9.98378372192383,42,42,1,0,47.182171761002685
Strathcona,2014,12,night,11850,3.81448,3106.5833350810594,0.330299,78,101.7,2014-12-01,9.98378372192383,42,42,1,0,88.1358193262703
Strathcona,2015,1,day,10252,3.58744,2857.748143522958,0.25886375,51,101.7,2015-01-01,10.1635580062866,42,42,1,0,58.205326987765254
Strathcona,2015,1,night,11587,3.76647,3076.355314127021,0.340167,82,101.7,2015-01-01,10.1635580062866,42,42,1,0,94.88347841272162
Strathcona,2015,2,day,7413,2.32435,3189.278723083873,0.271565,33,101.7,2015-02-01,10.1219549179077,42,42,1,0,58.58433301117592
Strathcona,2015,2,night,11054,3.6015099999999998,3069.268168073947,0.34974,80,101.7,2015-02-01,10.1219549179077,42,42,1,0,85.37666190940644
Strathcona,2015,3,day,10491,3.66793,2860.1963505301355,0.31634055555555557,57,101.7,2015-03-01,11.7447185516357,42,42,1,0,58.7675123168719
Strathcona,2015,3,night,9860,3.45003,2857.9461627869905,0.268796,60,101.7,2015-03-01,11.7447185516357,42,42,1,0,88.9223278437035
Strathcona,2015,4,day,8478,2.57612,3290.9957610670313,0.35136076923076925,47,107.7,2015-04-01,10.940221786499,42,42,1,0,67.8628747795171
Strathcona,2015,4,night,12378,3.85336,3212.261506840783,0.3332219047619048,59,107.7,2015-04-01,10.940221786499,42,42,1,0,100.30697762147508
Strathcona,2015,5,day,11138,3.52897,3156.161712907732,0.26409764705882355,52,107.7,2015-05-01,11.9203224182129,42,41,0.976190476190476,0,68.19980139348444
Strathcona,2015,5,night,10861,3.7455,2899.7463623014287,0.3292744444444444,64,107.7,2015-05-01,11.9203224182129,42,41,0.976190476190476,0,94.88535704307911
Strathcona,2015,6,day,10288,3.64371,2823.495832544302,0.3014429411764706,61,107.7,2015-06-01,NA,NA,NA,NA,0,61.61080877041474
Strathcona,2015,6,night,11489,3.7730799999999998,3044.992419985794,0.327795,83,107.7,2015-06-01,NA,NA,NA,NA,0,100.61698412259763
Strathcona,2015,7,day,9048,3.35678,2695.4402731188816,0.2773528571428571,77,107.7,2015-07-01,14.0759830474854,42,41,0.976190476190476,0,61.606634316096404
Strathcona,2015,7,night,11410,3.72938,3059.4897811432465,0.29924526315789474,99,107.7,2015-07-01,14.0759830474854,42,41,0.976190476190476,0,105.8917433054667
Strathcona,2015,8,day,11256,3.7692799999999997,2986.24671024705,0.34789263157894734,73,107.7,2015-08-01,9.69785594940186,42,42,1,0,69.49049867576723
Strathcona,2015,8,night,10803,3.67927,2936.180274891487,0.28898111111111113,87,107.7,2015-08-01,9.69785594940186,42,42,1,0,103.46602911141609
Strathcona,2015,9,day,11210,3.56975,3140.275929686953,0.30901666666666666,64,107.7,2015-09-01,10.0737066268921,42,42,1,0,69.16084362791267
Strathcona,2015,9,night,11061,3.73223,2963.643719706449,0.3432342105263158,63,107.7,2015-09-01,10.0737066268921,42,42,1,0,98.84023875198145
Strathcona,2015,10,day,10595,3.4786799999999998,3045.69549369301,0.29262,48,107.7,2015-10-01,9.80152225494385,42,42,1,0,67.49035061929958
Strathcona,2015,10,night,12464,3.81947,3263.279983872108,0.34297,89,107.7,2015-10-01,9.80152225494385,42,42,1,0,109.50270859890675
Strathcona,2015,11,day,9730,3.48372,2792.991399997704,0.309316,45,107.7,2015-11-01,10.3551864624023,42,42,1,0,55.76039016261566
Strathcona,2015,11,night,11805,3.75243,3145.961417001783,0.32798700000000003,101,107.7,2015-11-01,10.3551864624023,42,42,1,0,95.10972337130409
Strathcona,2015,12,day,9230,3.39892,2715.568474691961,0.3279553333333333,47,107.7,2015-12-01,5.46669149398804,42,41,0.976190476190476,0,52.68579221859237
Strathcona,2015,12,night,12580,3.70543,3395.017582304888,0.3329552380952381,85,107.7,2015-12-01,5.46669149398804,42,41,0.976190476190476,0,99.74476359290277
Strathcona,2016,1,day,9543,3.49538,2730.1752599145157,0.338085,49,107.7,2016-01-01,9.95890998840332,42,42,1,0,58.318527393324906
Strathcona,2016,1,night,10655,3.70196,2878.2050589417495,0.3492857894736842,114,107.7,2016-01-01,9.95890998840332,42,42,1,0,93.10072766761175
Strathcona,2016,2,day,11334,3.62583,3125.904965207966,0.34432315789473683,58,107.6,2016-02-01,7.12898826599121,42,42,1,0,60.220176583756306
Strathcona,2016,2,night,12072,3.68206,3278.599479639115,0.35406952380952383,86,107.6,2016-02-01,7.12898826599121,42,42,1,0,95.64668907742849
Strathcona,2016,3,day,11262,3.58505,3141.378781328015,0.30386111111111114,57,107.7,2016-03-01,11.8284435272217,42,41,0.976190476190476,0,67.69225859635783
Strathcona,2016,3,night,11896,3.66356,3247.114828199893,0.345827,108,107.7,2016-03-01,11.8284435272217,42,41,0.976190476190476,0,105.9574912283655
Strathcona,2016,4,day,10376,3.64352,2847.795538380467,0.3012741176470588,72,112.2,2016-04-01,9.60864162445068,42,42,1,0,61.58727314233325
Strathcona,2016,4,night,10391,3.53809,2936.895330531445,0.34705,83,112.2,2016-04-01,9.60864162445068,42,42,1,0,96.1802629545891
Strathcona,2016,5,day,9368,3.48497,2688.1149622521857,0.364686,60,112.3,2016-05-01,11.2504301071167,42,42,1,0,60.91846351960878
Strathcona,2016,5,night,11614,3.45837,3358.2294549166227,0.3186221052631579,86,112.3,2016-05-01,11.2504301071167,42,42,1,0,115.24624671949199
Strathcona,2016,6,day,9816,3.62142,2710.538959855526,0.31102705882352943,86,112.2,2016-06-01,NA,NA,NA,NA,0,62.03012450243179
Strathcona,2016,6,night,12832,3.86829,3317.2280258201945,0.32583545454545454,121,112.2,2016-06-01,NA,NA,NA,NA,0,114.95758874321658
Strathcona,2016,7,day,9570,3.4122,2804.6421663442943,0.284220625,67,112.3,2016-07-01,10.3810176849365,42,42,1,0,67.2283526296091
Strathcona,2016,7,night,11316,3.5994099999999998,3143.8485751831554,0.3309105263157895,117,112.3,2016-07-01,10.3810176849365,42,42,1,0,114.1174217743364
Strathcona,2016,8,day,12604,3.86924,3257.4872584797013,0.34131181818181816,92,112.3,2016-08-01,10.9964513778687,42,42,1,0,79.49864192670009
Strathcona,2016,8,night,12832,3.86829,3317.2280258201945,0.32583545454545454,106,112.3,2016-08-01,10.9964513778687,42,42,1,0,122.59355272677365
Strathcona,2016,9,day,10947,3.69705,2961.0094534831824,0.31452722222222224,67,112.2,2016-09-01,9.8509464263916,42,42,1,0,68.39266169650003
Strathcona,2016,9,night,12288,3.84022,3199.8166771695373,0.3440172727272727,98,112.2,2016-09-01,9.8509464263916,42,42,1,0,111.92062598856627
Strathcona,2016,10,day,9625,3.30916,2908.593117286562,0.303836,78,112.3,2016-10-01,9.15744781494141,42,42,1,0,67.59513127029551
Strathcona,2016,10,night,10835,3.5269399999999997,3072.06813838625,0.313485,102,112.3,2016-10-01,9.15744781494141,42,42,1,0,108.11317181932638
Strathcona,2016,11,day,8891,3.4186,2600.772245948634,0.31232714285714286,45,112.2,2016-11-01,7.81539154052734,42,42,1,0,54.45474986746141
Strathcona,2016,11,night,12532,3.8284599999999998,3273.3788520710677,0.3064866666666667,97,112.2,2016-11-01,7.81539154052734,42,42,1,0,103.78749712147012
Strathcona,2016,12,day,9302,3.42055,2719.44570317639,0.30416333333333334,50,112.3,2016-12-01,8.34447193145752,42,42,1,0,55.333786317985904
Strathcona,2016,12,night,10410,3.56656,2918.778879368355,0.35961333333333334,73,112.3,2016-12-01,8.34447193145752,42,42,1,0,89.93453895869101
Strathcona,2017,1,day,7806,3.29997,2365.476049782271,0.28855916666666664,33,112.3,2017-01-01,11.0920686721802,42,42,1,0,47.99968001244885
Strathcona,2017,1,night,8743,3.18398,2745.9343337583778,0.29371857142857144,57,112.3,2017-01-01,11.0920686721802,42,42,1,0,84.3772283291962
Strathcona,2017,2,day,8537,3.44139,2480.6836772350707,0.2685607692307692,50,112.1,2017-02-01,10.6585569381714,42,42,1,0,45.39849001635164
Strathcona,2017,2,night,10072,3.4645,2907.201616394862,0.292103125,60,112.1,2017-02-01,10.6585569381714,42,42,1,0,80.56761202974897
Strathcona,2017,3,day,10095,3.40258,2966.8663190872808,0.24972375,69,112.3,2017-03-01,10.2561302185059,42,42,1,0,60.73239976557073
Strathcona,2017,3,night,12526,3.86535,3240.586234105579,0.3479881818181818,93,112.3,2017-03-01,10.2561302185059,42,42,1,0,100.45264292372153
Strathcona,2017,4,day,10316,3.49285,2953.462072519576,0.27799625,73,115.2,2017-04-01,9.7594747543335,42,42,1,0,60.676054567696525
Strathcona,2017,4,night,12126,3.82011,3174.2541445141633,0.3472942857142857,69,115.2,2017-04-01,9.7594747543335,42,42,1,0,98.75132953469287
Strathcona,2017,5,day,10307,3.51492,2932.3569241974214,0.29832375,57,115.3,2017-05-01,10.3599081039429,42,42,1,0,63.12795181102136
Strathcona,2017,5,night,11133,3.58197,3108.0662317104834,0.34906157894736844,91,115.3,2017-05-01,10.3599081039429,42,42,1,0,101.32356310379589
Strathcona,2017,6,day,10328,3.62166,2851.730974194154,0.29923470588235296,75,115.2,2017-06-01,NA,NA,NA,NA,0,61.99537858565639
Strathcona,2017,6,night,11912,3.61678,3293.537345373509,0.331843,86,115.2,2017-06-01,NA,NA,NA,NA,0,108.4248118026109
Strathcona,2017,7,day,10891,3.65871,2976.7322362253362,0.28786055555555556,78,115.3,2017-07-01,12.1949806213379,42,42,1,0,67.78265029347811
Strathcona,2017,7,night,11202,3.71057,3018.943181236306,0.3490325,86,115.3,2017-07-01,12.1949806213379,42,42,1,0,104.09959393988892
Strathcona,2017,8,day,10038,3.65806,2744.077461824027,0.3396429411764706,81,115.3,2017-08-01,9.93735122680664,42,42,1,0,63.617575752669566
Strathcona,2017,8,night,11902,3.78922,3141.015829115227,0.3271205,93,115.3,2017-08-01,9.93735122680664,42,42,1,0,110.27223955818245
Strathcona,2017,9,day,12349,3.84179,3214.3870435396,0.3279190476190476,75,115.2,2017-09-01,10.222146987915,42,42,1,0,70.52963650863003
Strathcona,2017,9,night,10996,3.55949,3089.2065998218845,0.3223261111111111,85,115.2,2017-09-01,10.222146987915,42,42,1,0,102.6445161347709
Strathcona,2017,10,day,11830,3.77693,3132.173484814386,0.29401578947368423,94,115.3,2017-10-01,10.2524137496948,42,42,1,0,69.14838116026728
Strathcona,2017,10,night,12352,3.70638,3332.6318402322486,0.34916857142857144,123,115.3,2017-10-01,10.2524137496948,42,42,1,0,111.41376968662748
Strathcona,2017,11,day,11334,3.62583,3125.904965207966,0.34432315789473683,77,115.2,2017-11-01,9.01826953887939,42,40,0.952380952380952,0,62.17459724440987
Strathcona,2017,11,night,12356,3.80415,3248.0317547941063,0.31967285714285715,130,115.2,2017-11-01,9.01826953887939,42,40,0.952380952380952,0,97.83016768597159
Strathcona,2017,12,day,9502,3.60867,2633.1030545879785,0.30014625,50,115.3,2017-12-01,10.6968326568604,42,42,1,0,50.895761693019566
Strathcona,2017,12,night,12356,3.80415,3248.0317547941063,0.31967285714285715,104,115.3,2017-12-01,10.6968326568604,42,42,1,0,95.0712817228651
Strathcona,2018,1,day,10034,3.4486,2909.5864988691064,0.29150470588235294,58,115.3,2018-01-01,11.1539525985718,42,42,1,0,59.57238071090551
Strathcona,2018,1,night,12649,3.88162,3258.690958929519,0.34629363636363636,120,115.3,2018-01-01,11.1539525985718,42,42,1,0,101.03507779815352
Strathcona,2018,2,day,9704,3.24203,2993.186367800421,0.2844486666666667,55,115.1,2018-02-01,9.38246250152588,42,42,1,0,55.27104480542926
Strathcona,2018,2,night,12368,3.6641,3375.453726699599,0.32515333333333335,106,115.1,2018-02-01,9.38246250152588,42,42,1,0,94.38682890640744
Strathcona,2018,3,day,11693,3.63934,3212.9452043502397,0.3340494736842105,62,115.3,2018-03-01,11.2033224105835,42,42,1,0,66.36203253432025
Strathcona,2018,3,night,11898,3.69145,3223.1237047772556,0.358091,87,115.3,2018-03-01,11.2033224105835,42,42,1,0,100.81117009032475
Strathcona,2018,4,day,10850,3.72155,2915.451895043732,0.33712526315789476,76,118.7,2018-04-01,11.3977785110474,42,42,1,0,60.43460828999747
Strathcona,2018,4,night,10848,3.61156,3003.68815691834,0.35353444444444443,100,118.7,2018-04-01,11.3977785110474,42,42,1,0,94.28660425446105
Strathcona,2018,5,day,11629,3.77318,3082.0157002846404,0.329139,80,118.8,2018-05-01,12.0918874740601,42,42,1,0,66.9473839262638
Strathcona,2018,5,night,10188,3.51387,2899.367364188203,0.333140625,71,118.8,2018-05-01,12.0918874740601,42,42,1,0,95.37121849058467
Strathcona,2018,6,day,11537,3.65005,3160.7786194709665,0.355587,83,118.7,2018-06-01,NA,NA,NA,NA,0,69.3327999457721
Strathcona,2018,6,night,11589,3.62479,3197.150731490652,0.3524085,71,118.7,2018-06-01,NA,NA,NA,NA,0,106.19965185953421
Strathcona,2018,7,day,10127,3.46552,2922.216579330086,0.2961052941176471,75,118.8,2018-07-01,12.5416707992554,42,42,1,0,67.14057742773359
Strathcona,2018,7,night,12255,3.83709,3193.826571698866,0.3349971428571429,95,118.8,2018-07-01,12.5416707992554,42,42,1,0,111.12181399947157
Strathcona,2018,8,day,10105,3.66285,2758.780730851659,0.29867375,76,118.8,2018-08-01,8.40714263916016,42,42,1,0,64.53448212108965
Strathcona,2018,8,night,11334,3.62583,3125.904965207966,0.34432315789473683,102,118.8,2018-08-01,8.40714263916016,42,42,1,0,110.73011136664584
Strathcona,2018,9,day,11873,3.73456,3179.223255216143,0.2964245,75,118.7,2018-09-01,9.77409648895264,42,42,1,0,70.38634271516642
Strathcona,2018,9,night,11254,3.74952,3001.450852375771,0.3146578947368421,93,118.7,2018-09-01,9.77409648895264,42,42,1,0,100.6268622338132
Strathcona,2018,10,day,11273,3.78328,2979.6895815271405,0.34066,75,118.8,2018-10-01,10.4158868789673,42,42,1,0,66.37447935213946
Strathcona,2018,10,night,12551,3.69386,3397.8006746330398,0.327652380952381,112,118.8,2018-10-01,10.4158868789673,42,42,1,0,114.6154923425273
Strathcona,2018,11,day,9916,3.47444,2853.985102635245,0.32553375,77,118.7,2018-11-01,8.44489860534668,42,42,1,0,57.27733576203539
Strathcona,2018,11,night,12202,3.82905,3186.6912158368264,0.34640809523809524,114,118.7,2018-11-01,8.44489860534668,42,42,1,0,96.84705327006517
Strathcona,2018,12,day,10344,3.69177,2801.9080278565566,0.31716352941176473,55,118.8,2018-12-01,8.58375549316406,42,42,1,0,54.646397069568515
Strathcona,2018,12,night,10524,3.52748,2983.4329322916074,0.3431972222222222,90,118.8,2018-12-01,8.58375549316406,42,42,1,0,88.11285195120209
Strathcona,2019,1,day,10608,3.7269,2846.3334138291875,0.33780777777777776,59,118.8,2019-01-01,8.00230121612549,42,42,1,0,63.14738438602662
Strathcona,2019,1,night,11833,3.65314,3239.1312678955637,0.341123,95,118.8,2019-01-01,8.00230121612549,42,42,1,0,108.82118850837153
Strathcona,2019,2,day,8784,3.21206,2734.6936234067857,0.27924076923076924,44,118.6,2019-02-01,9.82839584350586,42,42,1,0,54.71778460381597
Strathcona,2019,2,night,11054,3.5622599999999998,3103.0862430030375,0.3390611111111111,67,118.6,2019-02-01,9.82839584350586,42,42,1,0,94.02189379278386
Strathcona,2019,3,day,11096,3.73768,2968.686457909719,0.3065833333333333,66,118.8,2019-03-01,11.2182359695435,42,42,1,0,66.4410677888302
Strathcona,2019,3,night,11489,3.6179099999999997,3175.5903270120043,0.34085,76,118.8,2019-03-01,11.2182359695435,42,42,1,0,107.62472717514562
Strathcona,2019,4,day,11273,3.78328,2979.6895815271405,0.34066,76,120.9,2019-04-01,11.6263189315796,42,42,1,0,66.92783335787087
Strathcona,2019,4,night,11451,3.63888,3146.8473816119244,0.3588384210526316,115,120.9,2019-04-01,11.6263189315796,42,42,1,0,107.03522963854445
Strathcona,2019,5,day,11431,3.60133,3174.105122274271,0.322125,86,120.9,2019-05-01,10.4051151275635,42,42,1,0,74.70952616699925
Strathcona,2019,5,night,11830,3.77693,3132.173484814386,0.29401578947368423,80,120.9,2019-05-01,10.4051151275635,42,42,1,0,111.63896611600698
Strathcona,2019,6,day,11965,3.79216,3155.1938736762163,0.34595333333333333,120,120.9,2019-06-01,NA,NA,NA,NA,0,74.99401789126983
Strathcona,2019,6,night,11514,3.74791,3072.1121905275204,0.29714842105263156,121,120.9,2019-06-01,NA,NA,NA,NA,0,110.57398582677472
Strathcona,2019,7,day,12356,3.80415,3248.0317547941063,0.31967285714285715,127,120.9,2019-07-01,12.6768159866333,42,42,1,0,80.8628138842183
Strathcona,2019,7,night,12604,3.86924,3257.4872584797013,0.34131181818181816,122,120.9,2019-07-01,12.6768159866333,42,42,1,0,122.80799192841916
Strathcona,2019,8,day,12146,3.77448,3217.9267077849136,0.290707,109,120.9,2019-08-01,11.3180055618286,42,42,1,0,81.56553806982079
Strathcona,2019,8,night,12851,3.7336899999999997,3441.90331816514,0.3460390909090909,111,120.9,2019-08-01,11.3180055618286,42,42,1,0,132.11269296018182
Strathcona,2019,9,day,11050,3.63199,3042.4092577347405,0.35597666666666666,104,120.9,2019-09-01,10.2377967834473,42,42,1,0,72.98622792620655
Strathcona,2019,9,night,12376,3.82547,3235.158032869164,0.32154190476190475,120,120.9,2019-09-01,10.2377967834473,42,42,1,0,117.52604090853536
Strathcona,2019,10,day,11099,3.59284,3089.19963037597,0.33877368421052634,104,120.9,2019-10-01,11.0358772277832,42,42,1,0,74.56447958032476
Strathcona,2019,10,night,12851,3.7336899999999997,3441.90331816514,0.3460390909090909,118,120.9,2019-10-01,11.0358772277832,42,42,1,0,125.80560914185354
Strathcona,2019,11,day,10485,3.52656,2973.152307064108,0.29817375,75,120.9,2019-11-01,9.97849655151367,42,42,1,0,64.65530671785065
Strathcona,2019,11,night,12121,3.8207,3172.4553092365272,0.3353419047619048,115,120.9,2019-11-01,9.97849655151367,42,42,1,0,104.47150535844526
Strathcona,2019,12,day,9352,3.56425,2623.8339061513643,0.294646,44,120.9,2019-12-01,6.99360418319702,42,42,1,0,55.44979050034718
Strathcona,2019,12,night,12212,3.65661,3339.7053555068765,0.35090571428571427,106,120.9,2019-12-01,6.99360418319702,42,42,1,0,106.87768635948993
Strathcona,2020,1,day,9625,3.26607,2946.9668439439447,0.270332,51,120.9,2020-01-01,10.0839414596558,42,41,0.976190476190476,0,52.857963313095105
Strathcona,2020,1,night,12453,3.81976,3260.152470312271,0.32741380952380955,110,120.9,2020-01-01,10.0839414596558,42,41,0.976190476190476,0,88.54996790674392
Strathcona,2020,2,day,9842,3.62697,2713.559803362035,0.321023125,65,120.8,2020-02-01,9.73895263671875,42,42,1,0,43.89598562943544
Strathcona,2020,2,night,13103,3.89655,3362.718302087744,0.33866,106,120.8,2020-02-01,9.73895263671875,42,42,1,0,82.37420123337311
Strathcona,2020,3,day,11690,3.77475,3096.8938340287436,0.3105631578947368,88,120.9,2020-03-01,11.6367673873901,42,42,1,0,56.035618470983714
Strathcona,2020,3,night,10957,3.5859,3055.578794723779,0.3411842105263158,105,120.9,2020-03-01,11.6367673873901,42,42,1,0,83.7233622283601
Strathcona,2020,4,day,9591,3.6183199999999998,2650.6776625616308,0.36299117647058826,69,119.6,2020-04-01,11.0613441467285,42,42,1,0,48.134696950770305
Strathcona,2020,4,night,10556,3.74635,2817.675871181283,0.36526000000000003,88,119.6,2020-04-01,11.0613441467285,42,42,1,0,77.48322304901546
Strathcona,2020,5,day,9824,3.44533,2851.395947557999,0.2659026666666667,54,119.7,2020-05-01,10.6776523590088,42,42,1,0,54.25974947983772
Strathcona,2020,5,night,10079,3.675,2742.5850340136058,0.37828555555555554,48,119.7,2020-05-01,10.6776523590088,42,42,1,0,79.03067278049876
Strathcona,2020,6,day,10133,3.47541,2915.62722096098,0.299550625,47,119.6,2020-06-01,NA,NA,NA,NA,0,56.02710061877449
Strathcona,2020,6,night,11081,3.60723,3071.8861841357498,0.35240736842105264,71,119.6,2020-06-01,NA,NA,NA,NA,0,89.3895176839617
Strathcona,2020,7,day,10597,3.54997,2985.095648695623,0.32436777777777775,71,119.7,2020-07-01,11.7561054229736,42,42,1,0,60.08311146984254
Strathcona,2020,7,night,10602,3.69392,2870.12171351843,0.3618978947368421,90,119.7,2020-07-01,11.7561054229736,42,42,1,0,87.48020638217508
Strathcona,2020,8,day,9929,3.40367,2917.1453166728857,0.260483125,68,119.7,2020-08-01,11.0840444564819,42,42,1,0,59.77976470002786
Strathcona,2020,8,night,11703,3.80174,3078.327292239869,0.3497125,101,119.7,2020-08-01,11.0840444564819,42,42,1,0,95.52702466592862
Strathcona,2020,9,day,10249,3.53115,2902.4538747999945,0.3497441176470588,71,119.6,2020-09-01,10.791392326355,42,42,1,0,56.29297382720186
Strathcona,2020,9,night,11040,3.73552,2955.4118302137317,0.33955684210526316,82,119.6,2020-09-01,10.791392326355,42,42,1,0,86.80049338503159
Strathcona,2020,10,day,9803,3.61446,2712.16170603631,0.3215429411764706,68,119.7,2020-10-01,9.5922737121582,42,42,1,0,52.92576897801631
Strathcona,2020,10,night,12212,3.65661,3339.7053555068765,0.35090571428571427,96,119.7,2020-10-01,9.5922737121582,42,42,1,0,98.69043678913859
Strathcona,2020,11,day,8919,3.38194,2637.243712188862,0.30793533333333334,57,119.6,2020-11-01,9.09413146972656,42,41,0.976190476190476,0,46.36634522151306
Strathcona,2020,11,night,12124,3.66261,3310.2077480266803,0.328803,81,119.6,2020-11-01,9.09413146972656,42,41,0.976190476190476,0,88.12987838607286
Strathcona,2020,12,day,9078,3.22472,2815.1281351559205,0.31157,49,119.7,2020-12-01,6.53810501098633,42,42,1,0,48.09803313527732
Strathcona,2020,12,night,11567,3.62758,3188.627128829688,0.3577415,92,119.7,2020-12-01,6.53810501098633,42,42,1,0,82.49890946657779
Strathcona,2021,1,day,9828,3.33338,2948.358722977878,0.32044625,56,119.7,2021-01-01,4.99536895751953,42,42,1,0,42.611307749319536
Strathcona,2021,1,night,12526,3.86535,3240.586234105579,0.3479881818181818,85,119.7,2021-01-01,4.99536895751953,42,42,1,0,70.92240339299377
Strathcona,2021,2,day,10202,3.51669,2901.0234055319065,0.3103094117647059,37,119.5,2021-02-01,9.91270542144775,42,42,1,0,37.81342408691982
Strathcona,2021,2,night,11857,3.77684,3139.3969561855943,0.3216405,56,119.5,2021-02-01,9.91270542144775,42,42,1,0,61.96640863735514
Strathcona,2021,3,day,9799,3.61682,2709.2860579182816,0.29772375,38,119.7,2021-03-01,10.9058723449707,42,42,1,0,39.500453288619354
Strathcona,2021,3,night,9975,3.31535,3008.732109732004,0.28960375,57,119.7,2021-03-01,10.9058723449707,42,42,1,0,66.42721721978295
Strathcona,2021,4,day,9477,3.59811,2633.8827884639436,0.34277562500000003,54,120.1,2021-04-01,11.4325752258301,42,42,1,0,38.5395938027797
Strathcona,2021,4,night,12352,3.70638,3332.6318402322486,0.34916857142857144,64,120.1,2021-04-01,11.4325752258301,42,42,1,0,73.84368295465637
Strathcona,2021,5,day,10814,3.66442,2951.080935045655,0.28101,50,120.1,2021-05-01,10.6441211700439,42,42,1,0,45.24918294925325
Strathcona,2021,5,night,11694,3.7639,3106.8838173171443,0.332211,42,120.1,2021-05-01,10.6441211700439,42,42,1,0,72.13897301447105
Strathcona,2021,6,day,7649,3.21551,2378.78283693722,0.33238307692307695,49,120.1,2021-06-01,NA,NA,NA,NA,0,36.83242503737304
Strathcona,2021,6,night,8793,2.67738,3284.180803621451,0.249395,42,120.1,2021-06-01,NA,NA,NA,NA,0,77.00481761507527
Strathcona,2021,7,day,8125,3.28559,2472.9196278294003,0.3260669230769231,55,120.1,2021-07-01,12.8380374908447,42,42,1,0,40.10638608595397
Strathcona,2021,7,night,8544,3.5010499999999998,2440.4107339226807,0.29506642857142856,47,120.1,2021-07-01,12.8380374908447,42,42,1,0,59.935174791270526
Strathcona,2021,8,day,10550,3.66067,2881.986084514583,0.29751444444444447,56,120.1,2021-08-01,9.78502464294434,42,42,1,0,47.58799222085546
Strathcona,2021,8,night,9560,3.4687099999999997,2756.0678177189793,0.32561,60,120.1,2021-08-01,9.78502464294434,42,42,1,0,68.91451806400732
Strathcona,2021,9,day,9501,3.43652,2764.7154679734153,0.28180933333333336,48,120.1,2021-09-01,10.6094655990601,42,42,1,0,43.20645876268955
Strathcona,2021,9,night,11131,3.5615,3125.3685244981048,0.29800529411764703,67,120.1,2021-09-01,10.6094655990601,42,42,1,0,73.96304551549112
Strathcona,2021,10,day,8915,3.35955,2653.6292062925095,0.30589500000000003,42,120.1,2021-10-01,11.6677274703979,42,42,1,0,41.72546646564679
Strathcona,2021,10,night,10939,3.58458,3051.6824844193743,0.32023882352941174,59,120.1,2021-10-01,11.6677274703979,42,42,1,0,72.66338544508343
Strathcona,2021,11,day,8785,3.36026,2614.3810300393425,0.2779964285714286,58,120.1,2021-11-01,11.2325162887573,42,42,1,0,37.03657752115547
Strathcona,2021,11,night,10454,3.54561,2948.4348250371586,0.35285352941176473,74,120.1,2021-11-01,11.2325162887573,42,42,1,0,63.25120696142801
Strathcona,2021,12,day,9973,3.21835,3098.7928596951856,0.24058733333333335,34,120.1,2021-12-01,11.9589939117432,42,42,1,0,42.661002966455875
Strathcona,2021,12,night,9339,3.25767,2866.7728775474493,0.31067666666666666,54,120.1,2021-12-01,11.9589939117432,42,42,1,0,59.76502740693666
Strathcona,2022,1,day,10895,3.72231,2926.945901872762,0.3180588888888889,52,120.1,2022-01-01,7.15204811096191,42,42,1,0,44.90848169501411
Strathcona,2022,1,night,9415,3.42535,2748.624228181062,0.2809521428571429,58,120.1,2022-01-01,7.15204811096191,42,42,1,0,63.86227243761166
Strathcona,2022,2,day,9608,3.45553,2780.4707237384714,0.27894142857142856,39,120,2022-02-01,10.2295789718628,42,42,1,0,38.47531956128845
Strathcona,2022,2,night,12333,3.84098,3210.8993017407015,0.32800285714285715,64,120,2022-02-01,10.2295789718628,42,42,1,0,67.28308803817829
Strathcona,2022,3,day,10176,3.44308,2955.493337360735,0.28027625,59,120.1,2022-03-01,10.9749250411987,42,42,1,0,45.74528505521391
Strathcona,2022,3,night,12150,3.85431,3152.3152003860614,0.3494352380952381,77,120.1,2022-03-01,10.9749250411987,42,42,1,0,73.88585626533552
Strathcona,2022,4,day,8959,3.38253,2648.6091771543784,0.27056384615384615,43,120.9,2022-04-01,12.2314472198486,42,42,1,0,41.1431656625406
Strathcona,2022,4,night,10336,3.52068,2935.796493859141,0.3341394117647059,59,120.9,2022-04-01,12.2314472198486,42,42,1,0,69.0591285011724
Strathcona,2022,5,day,10771,3.69225,2917.191414449184,0.3106227777777778,49,120.9,2022-05-01,11.527229309082,42,42,1,0,47.48579182046424
Strathcona,2022,5,night,11195,3.61103,3100.2234819428254,0.3457821052631579,57,120.9,2022-05-01,11.527229309082,42,42,1,0,76.4200081991974
Strathcona,2022,6,day,8323,3.37765,2464.139268426273,0.33163461538461536,54,120.9,2022-06-01,NA,NA,NA,NA,0,40.50511813645337
Strathcona,2022,6,night,11775,2.93992,4005.2110261503717,0.30208315789473683,59,120.9,2022-06-01,NA,NA,NA,NA,0,99.69775469569107
Strathcona,2022,7,day,11621,3.59856,3229.347294473345,0.29301666666666665,66,120.9,2022-07-01,13.1466875076294,42,39,0.928571428571429,0,55.60161648292674
Strathcona,2022,7,night,12144,3.78968,3204.492199869118,0.303571,73,120.9,2022-07-01,13.1466875076294,42,39,0.928571428571429,0,83.55014437902224
Strathcona,2022,8,day,10033,3.44424,2912.979351032448,0.269530625,71,120.9,2022-08-01,12.6691789627075,42,42,1,0,51.063672343746326
Strathcona,2022,8,night,11534,3.7423699999999998,3082.0041845140913,0.308147,77,120.9,2022-08-01,12.6691789627075,42,42,1,0,81.81316306828802
Strathcona,2022,9,day,9179,3.36503,2727.761713862878,0.2898407142857143,48,120.9,2022-09-01,12.1931772232056,42,42,1,0,45.25575306054928
Strathcona,2022,9,night,10894,3.5362299999999998,3080.6819692158033,0.32480333333333333,72,120.9,2022-09-01,12.1931772232056,42,42,1,0,77.39796718471104
Strathcona,2022,10,day,10011,3.32005,3015.316034397072,0.29231625,59,120.9,2022-10-01,11.0437612533569,42,42,1,0,50.334172765889555
Strathcona,2022,10,night,10887,3.57326,3046.7976021895975,0.34434722222222225,93,120.9,2022-10-01,11.0437612533569,42,42,1,0,77.0174303488873
Strathcona,2022,11,day,8294,3.19243,2598.02094329398,0.2846675,48,120.9,2022-11-01,8.18298625946045,42,42,1,0,39.07272924012094
Strathcona,2022,11,night,10533,2.70528,3893.497161107168,0.3292055555555556,45,120.9,2022-11-01,8.18298625946045,42,42,1,0,88.67195497555124
Strathcona,2022,12,day,5820,2.95707,1968.164433036756,0.282125,38,120.9,2022-12-01,13.8257694244385,42,41,0.976190476190476,0,28.76530813440115
Strathcona,2022,12,night,10929,3.70943,2946.274764586473,0.29833470588235295,63,120.9,2022-12-01,13.8257694244385,42,41,0.976190476190476,0,65.20730003252896
Strathcona,2023,1,day,8019,3.36803,2380.917034586984,0.33966166666666664,40,120.9,2023-01-01,9.07847118377686,42,41,0.976190476190476,0,37.113129512001066
Strathcona,2023,1,night,11465,3.56871,3212.6454657285126,0.31938578947368423,76,120.9,2023-01-01,9.07847118377686,42,41,0.976190476190476,0,75.8335587488905
Strathcona,2023,2,day,9325,3.23856,2879.366138036658,0.2657264285714286,33,120.7,2023-02-01,10.6132783889771,42,42,1,0,40.47906197935886
Strathcona,2023,2,night,11124,3.59914,3090.7383430486175,0.30819176470588233,74,120.7,2023-02-01,10.6132783889771,42,42,1,0,65.79775988313149
Strathcona,2023,3,day,10414,3.69293,2819.983048690335,0.32841470588235294,47,120.9,2023-03-01,12.3299236297607,42,42,1,0,44.34375737848659
Strathcona,2023,3,night,12201,3.6569,3336.4324974705355,0.3349685,90,120.9,2023-03-01,12.3299236297607,42,42,1,0,79.44812558570307
Strathcona,2023,4,day,11200,3.6946,3031.451307313376,0.28832944444444447,63,122,2023-04-01,13.4423666000366,42,42,1,0,47.84097916447969
Strathcona,2023,4,night,11526,3.5627999999999997,3235.09599191647,0.31656736842105265,53,122,2023-04-01,13.4423666000366,42,42,1,0,77.31289853394094
Strathcona,2023,5,day,10280,3.60438,2852.0855181751094,0.31195388888888886,72,122.1,2023-05-01,14.8298597335815,42,42,1,0,47.166205524234535
Strathcona,2023,5,night,10401,3.55899,2922.458337899235,0.35410176470588234,67,122.1,2023-05-01,14.8298597335815,42,42,1,0,73.18667980046314
Strathcona,2023,6,day,8960,3.54438,2527.945649168543,0.32995,75,122,2023-06-01,NA,NA,NA,NA,0,42.21648047594046
Strathcona,2023,6,night,11578,3.61407,3203.5904119178654,0.30055444444444446,76,122,2023-06-01,NA,NA,NA,NA,0,81.01521667659956
Strathcona,2023,7,day,10492,3.48892,3007.2343303945063,0.287350625,80,122.1,2023-07-01,15.265887260437,42,42,1,0,52.602886208036736
Strathcona,2023,7,night,9700,3.44776,2813.4208877648093,0.3062046666666667,60,122.1,2023-07-01,15.265887260437,42,42,1,0,74.52334353375906
Strathcona,2023,8,day,9045,3.3937,2665.2326369449274,0.2722242857142857,71,122.1,2023-08-01,14.7348690032959,42,42,1,0,47.465646393298265
Strathcona,2023,8,night,11954,3.79245,3152.05210352147,0.3297685,78,122.1,2023-08-01,14.7348690032959,42,42,1,0,85.00666645395867
Strathcona,2023,9,day,9834,3.41336,2881.032179436098,0.27636866666666665,69,122.5,2023-09-01,12.2079916000366,42,42,1,0,48.56071960874521
Strathcona,2023,9,night,11465,3.56421,3216.701597268399,0.33120894736842105,71,122.5,2023-09-01,12.2079916000366,42,42,1,0,82.10377021966508
Strathcona,2023,10,day,10717,3.6681,2921.676072080914,0.2886970588235294,53,122.5,2023-10-01,10.7323427200317,42,42,1,0,49.54864703539953
Strathcona,2023,10,night,11135,3.60986,3084.6071592804155,0.36197105263157897,75,122.5,2023-10-01,10.7323427200317,42,42,1,0,79.21636676444719
Strathcona,2023,11,day,9650,3.26294,2957.4555462251833,0.23782142857142857,39,122.5,2023-11-01,11.8871726989746,42,42,1,0,45.187567536619085
Strathcona,2023,11,night,11424,3.63897,3139.349870979975,0.33174555555555557,67,122.5,2023-11-01,11.8871726989746,42,42,1,0,72.63664535351617
Strathcona,2023,12,day,8056,3.15498,2553.423476535509,0.244275,37,122.5,2023-12-01,12.4963216781616,42,41,0.976190476190476,0,37.9140463241123
Strathcona,2023,12,night,9738,3.43416,2835.627926479838,0.26390928571428574,64,122.5,2023-12-01,12.4963216781616,42,41,0.976190476190476,0,63.7590525992537
Strathcona,2024,1,day,7459,3.26502,2284.5189309713264,0.3488554545454545,25,122.5,2024-01-01,17.8876838684082,42,42,1,0,33.296630773114515
Strathcona,2024,1,night,8899,3.46769,2566.2616900588,0.27877,55,122.5,2024-01-01,17.8876838684082,42,42,1,0,56.63981038336419
Strathcona,2024,2,day,7684,3.30057,2328.0827251050578,0.3389508333333333,40,122.4,2024-02-01,13.327615737915,42,42,1,0,30.602307128781042
Strathcona,2024,2,night,8482,3.40575,2490.4940174704543,0.3691557142857143,52,122.4,2024-02-01,13.327615737915,42,42,1,0,49.57429937007341
Strathcona,2024,3,day,8598,3.34113,2573.3808621634,0.26671153846153844,47,122.5,2024-03-01,13.1800193786621,42,42,1,0,37.83661471245646
Strathcona,2024,3,night,8226,3.34384,2460.045935212211,0.3270575,47,122.5,2024-03-01,13.1800193786621,42,42,1,0,54.773027092316724
Strathcona,2024,4,day,10036,3.26802,3070.9726378663536,0.26530312500000003,50,130.3,2024-04-01,14.1819086074829,42,42,1,0,45.31558846133352
Strathcona,2024,4,night,9845,3.43912,2862.6509106980857,0.32204375,53,130.3,2024-04-01,14.1819086074829,42,42,1,0,63.96691247124537
Strathcona,2024,5,day,10763,3.55774,3025.23512117243,0.3052458823529412,71,130.4,2024-05-01,15.4006366729736,42,42,1,0,46.778871795918064
Strathcona,2024,5,night,10363,3.5263999999999998,2938.6910163339385,0.3371205882352941,62,130.4,2024-05-01,15.4006366729736,42,42,1,0,68.81131479286434
Strathcona,2024,6,day,8290,3.31868,2497.9811250256125,0.2615176923076923,37,130.3,2024-06-01,NA,NA,NA,NA,0,39.00548283024012
Strathcona,2024,6,night,11329,3.73335,3034.540024374891,0.3079273684210526,60,130.3,2024-06-01,NA,NA,NA,NA,0,71.75376547624006
Strathcona,2024,7,day,10696,3.58372,2984.6081725134777,0.3494188888888889,70,130.4,2024-07-01,10.9534673690796,42,42,1,0,48.814836714651925
Strathcona,2024,7,night,7983,3.17793,2512.012536462414,0.35245,53,130.4,2024-07-01,10.9534673690796,42,42,1,0,62.2159362016958
Strathcona,2024,8,day,8914,3.38177,2635.897769511232,0.2998321428571429,68,130.4,2024-08-01,10.5290145874023,42,42,1,0,43.892978616792355
Strathcona,2024,8,night,8667,3.4697299999999998,2497.888884725901,0.27255214285714285,60,130.4,2024-08-01,10.5290145874023,42,42,1,0,62.98758063909551
Strathcona,2024,9,day,8694,3.4965,2486.4864864864862,0.2988835714285714,45,130.3,2024-09-01,9.44403171539307,42,42,1,0,39.18729822967011
Strathcona,2024,9,night,11878,3.6539,3250.773146500999,0.32327052631578945,52,130.3,2024-09-01,9.44403171539307,42,42,1,0,77.58204148143541
Strathcona,2024,10,day,11002,3.5866599999999997,3067.4778205907446,0.3223433333333333,53,130.4,2024-10-01,11.839503288269,42,42,1,0,48.641099327215095
Strathcona,2024,10,night,9808,3.4869499999999998,2812.7733405985177,0.34701533333333334,63,130.4,2024-10-01,11.839503288269,42,42,1,0,67.54170331151026
Strathcona,2024,11,day,9072,3.2178,2819.317546149543,0.3294635714285714,45,130.3,2024-11-01,12.6249084472656,42,41,0.976190476190476,0,40.277911802568006
Strathcona,2024,11,night,8895,3.5163699999999998,2529.59728356231,0.2680835714285714,45,130.3,2024-11-01,12.6249084472656,42,41,0.976190476190476,0,54.72549010307118
Strathcona,2024,12,day,8273,3.32252,2489.9774869677235,0.3046141666666667,28,130.4,2024-12-01,10.7176513671875,42,42,1,0,34.56964533025771
Strathcona,2024,12,night,10096,3.59815,2805.886358267443,0.28862470588235295,64,130.4,2024-12-01,10.7176513671875,42,42,1,0,58.990883702803806
Sunset,2014,1,day,7663,2.01457,3803.7893942627957,0.6561476923076923,14,94.8,2014-01-01,4.46384763717651,61,61,1,0,28.3972224940988
Sunset,2014,1,night,14961,3.27082,4574.082340208266,0.6822316,39,94.8,2014-01-01,4.46384763717651,61,61,1,0,51.71049562337383
Sunset,2014,2,day,6128,1.7834699999999999,3435.998362742295,0.66464,16,94.8,2014-02-01,4.31037569046021,61,61,1,0,23.134631242314885
Sunset,2014,2,night,13862,3.26373,4247.287612639526,0.6499339130434783,33,94.8,2014-02-01,4.31037569046021,61,61,1,0,43.30485863679086
Sunset,2014,3,day,9927,2.65511,3738.828146479807,0.66065375,25,94.8,2014-03-01,4.89537763595581,61,61,1,0,28.15772617379492
Sunset,2014,3,night,15746,3.30573,4763.244427100822,0.679278076923077,44,94.8,2014-03-01,4.89537763595581,61,61,1,0,54.32256482150389
Sunset,2014,4,day,9929,2.34337,4237.060302043637,0.644386875,23,101.7,2014-04-01,4.600914478302,61,61,1,0,32.025077843131854
Sunset,2014,4,night,13108,2.79278,4693.531176820229,0.6658438095238095,34,101.7,2014-04-01,4.600914478302,61,61,1,0,53.7205656822043
Sunset,2014,5,day,11108,2.76918,4011.2957626445373,0.65024,34,101.7,2014-05-01,5.17187881469727,61,61,1,0,31.770874311465608
Sunset,2014,5,night,18178,4.02136,4520.361270813854,0.678009,47,101.7,2014-05-01,5.17187881469727,61,61,1,0,54.21668354654876
Sunset,2014,6,day,8797,2.4550899999999998,3583.1680304999004,0.6661942857142857,25,101.7,2014-06-01,NA,NA,NA,NA,0,28.658770347238335
Sunset,2014,6,night,17075,3.63243,4700.709993034966,0.6930210714285714,44,101.7,2014-06-01,NA,NA,NA,NA,0,56.93366705329291
Sunset,2014,7,day,6941,2.26155,3069.1340010170015,0.6563733333333334,22,101.7,2014-07-01,5.61494588851929,61,61,1,0,25.71190410013358
Sunset,2014,7,night,10537,2.70262,3898.809303564689,0.6701552941176471,31,101.7,2014-07-01,5.61494588851929,61,61,1,0,49.46132016463989
Sunset,2014,8,day,12147,3.086,3936.163318211277,0.6532378947368421,38,101.7,2014-08-01,4.80569791793823,61,61,1,0,33.57325681879725
Sunset,2014,8,night,19505,3.87066,5039.192282453122,0.6804734375,54,101.7,2014-08-01,4.80569791793823,61,61,1,0,65.08735364312759
Sunset,2014,9,day,9088,2.61353,3477.2893366443086,0.6853028571428571,24,101.7,2014-09-01,4.76197004318237,61,61,1,0,28.070743741119486
Sunset,2014,9,night,11028,2.63974,4177.68416586482,0.6490666666666667,27,101.7,2014-09-01,4.76197004318237,61,61,1,0,51.069783401355735
Sunset,2014,10,day,9593,2.7307799999999998,3512.915723712639,0.6552606666666667,26,101.7,2014-10-01,4.0985746383667,61,61,1,0,28.532744898738702
Sunset,2014,10,night,12757,2.95352,4319.25295918091,0.682528,28,101.7,2014-10-01,4.0985746383667,61,61,1,0,53.125102750543064
Sunset,2014,11,day,9417,2.56262,3674.754743192514,0.66172,27,101.7,2014-11-01,4.64866018295288,61,61,1,0,26.890890454128186
Sunset,2014,11,night,15564,3.23169,4816.055995469863,0.6805932,33,101.7,2014-11-01,4.64866018295288,61,61,1,0,53.36833738392194
Sunset,2014,12,day,6184,1.86784,3310.7760836045913,0.657088,14,101.7,2014-12-01,4.45298004150391,61,61,1,0,23.54415914618078
Sunset,2014,12,night,13904,2.91312,4772.889547976053,0.6881691666666666,39,101.7,2014-12-01,4.45298004150391,61,61,1,0,51.398456905357776
Sunset,2015,1,day,9909,2.33309,4247.157203536941,0.6614,27,101.7,2015-01-01,4.06344747543335,61,61,1,0,32.83495132286386
Sunset,2015,1,night,11808,2.49967,4723.823544707901,0.6346135,27,101.7,2015-01-01,4.06344747543335,61,61,1,0,55.30278825632615
Sunset,2015,2,day,8508,2.4835,3425.810348298772,0.6612878571428572,20,101.7,2015-02-01,4.48776578903198,61,61,1,0,23.886448895252034
Sunset,2015,2,night,8569,2.20781,3881.2216630960093,0.72549,29,101.7,2015-02-01,4.48776578903198,61,61,1,0,40.98000816355945
Sunset,2015,3,day,8019,1.70702,4697.660250026362,0.6405866666666666,18,101.7,2015-03-01,4.49346399307251,61,61,1,0,36.637203887430616
Sunset,2015,3,night,13926,3.41014,4083.703308368571,0.6575769565217391,42,101.7,2015-03-01,4.49346399307251,61,61,1,0,48.22921801538462
Sunset,2015,4,day,7976,2.34082,3407.3529788706524,0.6341415384615384,21,107.7,2015-04-01,4.36748933792114,61,61,1,0,26.66989553713449
Sunset,2015,4,night,18645,3.97475,4690.861060444054,0.6751451612903225,46,107.7,2015-04-01,4.36748933792114,61,61,1,0,55.599652785049194
Sunset,2015,5,day,10239,2.6351999999999998,3885.473588342441,0.6352941176470588,26,107.7,2015-05-01,4.55049276351929,61,61,1,0,31.868900663795575
Sunset,2015,5,night,9914,2.78895,3554.7428243604227,0.6844088888888888,29,107.7,2015-05-01,4.55049276351929,61,61,1,0,44.15161851195625
Sunset,2015,6,day,10193,2.5718799999999997,3963.2486741216544,0.64188,25,107.7,2015-06-01,NA,NA,NA,NA,0,32.82617952641051
Sunset,2015,6,night,13617,2.54181,5357.206085427314,0.7055127272727273,33,107.7,2015-06-01,NA,NA,NA,NA,0,67.192792706
Sunset,2015,7,day,7910,2.25761,3503.7052458130497,0.6630933333333333,27,107.7,2015-07-01,5.30480337142944,61,61,1,0,30.396570856275545
Sunset,2015,7,night,12112,2.77385,4366.494222831083,0.6918935,31,107.7,2015-07-01,5.30480337142944,61,61,1,0,57.364767753591345
Sunset,2015,8,day,7235,2.44602,2957.866248027408,0.6663563636363636,19,107.7,2015-08-01,4.51451063156128,61,61,1,0,26.12627742672284
Sunset,2015,8,night,14568,3.10753,4687.967614150145,0.68783125,37,107.7,2015-08-01,4.51451063156128,61,61,1,0,62.704531349959595
Sunset,2015,9,day,6934,2.19229,3162.9027181622873,0.6594909090909091,25,107.7,2015-09-01,3.90227103233337,61,61,1,0,26.440981046216713
Sunset,2015,9,night,13261,3.0051799999999997,4412.714047078711,0.6727214285714286,37,107.7,2015-09-01,3.90227103233337,61,61,1,0,55.861531303612345
Sunset,2015,10,day,9507,2.44625,3886.356668369954,0.69116,31,107.7,2015-10-01,4.21787261962891,61,61,1,0,32.68865995381272
Sunset,2015,10,night,16281,3.78376,4302.86276085164,0.6859774074074074,44,107.7,2015-10-01,4.21787261962891,61,61,1,0,54.80589543016325
Sunset,2015,11,day,8971,2.36229,3797.586240470053,0.6554971428571429,21,107.7,2015-11-01,4.14544773101807,61,61,1,0,28.77816571954445
Sunset,2015,11,night,17294,3.4921,4952.320953008219,0.6806586206896552,53,107.7,2015-11-01,4.14544773101807,61,61,1,0,56.83025018933886
Sunset,2015,12,day,10100,2.2777,4434.297756508759,0.6560400000000001,21,107.7,2015-12-01,2.16988945007324,61,61,1,0,32.65553979472255
Sunset,2015,12,night,18890,3.93715,4797.886796286654,0.680697,52,107.7,2015-12-01,2.16988945007324,61,61,1,0,53.50536522610582
Sunset,2016,1,day,6543,1.90739,3430.341985645306,0.65088,23,107.7,2016-01-01,3.86656403541565,61,61,1,0,27.813311487059114
Sunset,2016,1,night,18284,3.5169099999999998,5198.881973095701,0.6920534482758621,48,107.7,2016-01-01,3.86656403541565,61,61,1,0,63.83230978784272
Sunset,2016,2,day,8680,2.3948,3624.5197928845832,0.6509784615384615,15,107.6,2016-02-01,3.56405591964722,61,61,1,0,26.504278635436005
Sunset,2016,2,night,15073,3.41226,4417.307004741726,0.6658579166666667,45,107.6,2016-02-01,3.56405591964722,61,61,1,0,48.91459002723263
Sunset,2016,3,day,8790,2.16484,4060.346261155559,0.6709485714285714,22,107.7,2016-03-01,4.39966058731079,61,61,1,0,33.21092934533726
Sunset,2016,3,night,14642,2.56718,5703.534617751774,0.6884891666666667,47,107.7,2016-03-01,4.39966058731079,61,61,1,0,70.64433809621326
Sunset,2016,4,day,9493,2.36265,4017.94595052166,0.6816286666666667,25,112.2,2016-04-01,4.34011268615723,61,61,1,0,32.982647941591694
Sunset,2016,4,night,15957,3.22263,4951.545787136593,0.6617846153846154,52,112.2,2016-04-01,4.34011268615723,61,61,1,0,61.551345249872504
Sunset,2016,5,day,10328,2.65094,3895.9765215357575,0.6768817647058823,29,112.3,2016-05-01,4.33573198318481,61,61,1,0,33.513261277142256
Sunset,2016,5,night,14882,3.04516,4887.099528432003,0.68264,48,112.3,2016-05-01,4.33573198318481,61,61,1,0,63.66003399612103
Sunset,2016,6,day,9496,2.30751,4115.258438749995,0.67088,20,112.2,2016-06-01,NA,NA,NA,NA,0,35.747310413413366
Sunset,2016,6,night,14543,3.3599,4328.402631030685,0.67776,45,112.2,2016-06-01,NA,NA,NA,NA,0,56.9362986442515
Sunset,2016,7,day,11740,2.23393,5255.31238669072,0.6856183333333333,31,112.3,2016-07-01,4.56402826309204,61,61,1,0,47.815951825137894
Sunset,2016,7,night,13162,2.93093,4490.724787012996,0.6841230434782609,47,112.3,2016-07-01,4.56402826309204,61,61,1,0,61.873691850345885
Sunset,2016,8,day,10116,2.60807,3878.7302488046716,0.6703311764705883,29,112.3,2016-08-01,4.35711193084717,61,61,1,0,35.93071170201777
Sunset,2016,8,night,14865,3.5458,4192.283828755147,0.6849452,38,112.3,2016-08-01,4.35711193084717,61,61,1,0,58.80878968000125
Sunset,2016,9,day,8874,2.22975,3979.818365287588,0.697984,20,112.2,2016-09-01,4.17829608917236,61,61,1,0,34.89251085209426
Sunset,2016,9,night,13223,2.81018,4705.392537132853,0.66945,29,112.2,2016-09-01,4.17829608917236,61,61,1,0,62.47124351801463
Sunset,2016,10,day,10666,2.63619,4045.9906152439694,0.6663152941176471,31,112.3,2016-10-01,3.59232997894287,61,61,1,0,35.69082388443195
Sunset,2016,10,night,20029,4.01449,4989.1767073775245,0.6788333333333333,51,112.3,2016-10-01,3.59232997894287,61,61,1,0,66.64627938627275
Sunset,2016,11,day,6726,1.6959,3966.035733238988,0.6525691666666666,24,112.2,2016-11-01,3.46676015853882,61,61,1,0,31.52022630079065
Sunset,2016,11,night,11733,2.72795,4301.031910408915,0.6753815,29,112.2,2016-11-01,3.46676015853882,61,61,1,0,51.76314913662386
Sunset,2016,12,day,7605,2.09443,3631.059524548445,0.6762830769230769,16,112.3,2016-12-01,3.43026256561279,61,61,1,0,28.044172096291845
Sunset,2016,12,night,17280,3.5544,4861.580013504389,0.6789665517241379,56,112.3,2016-12-01,3.43026256561279,61,61,1,0,56.859366159491145
Sunset,2017,1,day,4494,1.16864,3845.495618838993,0.65389375,8,112.3,2017-01-01,3.43264698982239,61,61,1,0,29.619066471994095
Sunset,2017,1,night,13694,3.28389,4170.054417169881,0.6893672727272727,33,112.3,2017-01-01,3.43264698982239,61,61,1,0,48.63804261236868
Sunset,2017,2,day,7194,2.21962,3241.095322622791,0.6333866666666667,19,112.1,2017-02-01,3.61021685600281,61,61,1,0,22.51443650118742
Sunset,2017,2,night,8874,2.50271,3545.7564000623324,0.6400286666666667,26,112.1,2017-02-01,3.61021685600281,61,61,1,0,37.29868273066496
Sunset,2017,3,day,10216,2.58631,3950.029192169539,0.6584094117647059,24,112.3,2017-03-01,4.66725587844849,61,61,1,0,30.69177653664717
Sunset,2017,3,night,10251,2.77238,3697.545069579206,0.65108,35,112.3,2017-03-01,4.66725587844849,61,61,1,0,43.50613665461072
Sunset,2017,4,day,7877,2.68843,2929.9628407658,0.628036923076923,22,115.2,2017-04-01,4.22115468978882,61,61,1,0,22.847953491590086
Sunset,2017,4,night,16098,3.66798,4388.7916509904635,0.6738885185185185,42,115.2,2017-04-01,4.22115468978882,61,61,1,0,51.82573603947965
Sunset,2017,5,day,9214,2.36962,3888.387167562732,0.6738,23,115.3,2017-05-01,4.7639102935791,61,61,1,0,31.77412702502774
Sunset,2017,5,night,12961,2.66522,4863.013184652674,0.6850522727272728,34,115.3,2017-05-01,4.7639102935791,61,61,1,0,60.17621867849795
Sunset,2017,6,day,9527,2.69321,3537.4144608107054,0.6604373333333333,23,115.2,2017-06-01,NA,NA,NA,NA,0,29.19012596205548
Sunset,2017,6,night,8503,1.6899899999999999,5031.390718288274,0.6592,19,115.2,2017-06-01,NA,NA,NA,NA,0,62.87143710851815
Sunset,2017,7,day,10298,2.6505900000000002,3885.172735126896,0.68283,25,115.3,2017-07-01,5.5142993927002,61,61,1,0,33.580593374426684
Sunset,2017,7,night,13861,2.87123,4827.547775691951,0.6923413043478261,38,115.3,2017-07-01,5.5142993927002,61,61,1,0,63.185864975990555
Sunset,2017,8,day,11286,2.87742,3922.26369455971,0.6895527777777778,26,115.3,2017-08-01,4.45009756088257,61,61,1,0,34.515708725619085
Sunset,2017,8,night,13012,3.01216,4319.823648146181,0.6895038095238095,28,115.3,2017-08-01,4.45009756088257,61,61,1,0,57.56537604185171
Sunset,2017,9,day,9025,2.71379,3325.6073609232844,0.6200746666666667,25,115.2,2017-09-01,4.08741044998169,61,61,1,0,27.69770006534139
Sunset,2017,9,night,16897,3.71416,4549.346285566588,0.6755951851851851,42,115.2,2017-09-01,4.08741044998169,61,61,1,0,57.3768962631795
Sunset,2017,10,day,9389,2.78071,3376.4757921538026,0.6528713333333334,23,115.3,2017-10-01,4.65707111358643,61,61,1,0,28.29430999515855
Sunset,2017,10,night,16137,3.68501,4379.092594049948,0.668791923076923,36,115.3,2017-10-01,4.65707111358643,61,61,1,0,55.56929875578536
Sunset,2017,11,day,11927,3.07295,3881.286711466181,0.6861975,26,115.2,2017-11-01,4.3003044128418,61,61,1,0,29.303007363762784
Sunset,2017,11,night,15860,3.65863,4334.9559807906235,0.6757334615384616,40,115.2,2017-11-01,4.3003044128418,61,61,1,0,49.56059158460591
Sunset,2017,12,day,8604,2.06174,4173.174115067855,0.6426364285714286,20,115.3,2017-12-01,4.3131422996521,61,61,1,0,30.618190784391746
Sunset,2017,12,night,16887,3.2930099999999998,5128.135049696175,0.6606096428571429,45,115.3,2017-12-01,4.3131422996521,61,61,1,0,56.975454043835605
Sunset,2018,1,day,11229,2.9313,3830.7235697472115,0.6574305882352941,20,115.3,2018-01-01,4.48988771438599,61,61,1,0,29.771022834088654
Sunset,2018,1,night,15511,3.36991,4602.793546415186,0.6835968,47,115.3,2018-01-01,4.48988771438599,61,61,1,0,54.16886782341076
Sunset,2018,2,day,10236,2.05375,4984.053560559952,0.6898323529411765,23,115.1,2018-02-01,7.35962247848511,61,61,1,0,34.93380365387409
Sunset,2018,2,night,15525,3.42341,4534.95199231176,0.6712064,34,115.1,2018-02-01,7.35962247848511,61,61,1,0,48.13391527085081
Sunset,2018,3,day,6401,2.12403,3013.6109188664946,0.6241745454545454,16,115.3,2018-03-01,5.29026699066162,61,61,1,0,23.626685453569596
Sunset,2018,3,night,10965,2.95165,3714.8713431470533,0.64699277777777775,41,115.3,2018-03-01,5.29026699066162,61,61,1,0,44.10366871599928
Sunset,2018,4,day,9337,2.5437,3670.637260683257,0.62044,25,118.7,2018-04-01,5.2153263092041,61,61,1,0,28.8815541183803
Sunset,2018,4,night,19083,3.81441,5002.87069297742,0.68832,51,118.7,2018-04-01,5.2153263092041,61,61,1,0,59.609254335042465
Sunset,2018,5,day,13294,2.92904,4538.688443995302,0.6703238095238095,33,118.8,2018-05-01,5.22219753265381,61,61,1,0,37.42212064462758
Sunset,2018,5,night,21733,4.4500399999999996,4883.7763256060625,0.6760180555555556,60,118.8,2018-05-01,5.22219753265381,61,61,1,0,60.977428977721075
Sunset,2018,6,day,11008,2.81866,3905.401857620288,0.6699733333333333,35,118.7,2018-06-01,NA,NA,NA,NA,0,32.51693832002972
Sunset,2018,6,night,15756,2.79319,5640.862239947873,0.675955,37,118.7,2018-06-01,NA,NA,NA,NA,0,71.12212651960719
Sunset,2018,7,day,8743,1.97999,4415.678867064986,0.6584228571428572,24,118.8,2018-07-01,6.26120328903198,61,61,1,0,38.509635824315914
Sunset,2018,7,night,20654,4.38971,4705.094413981789,0.7110338235294118,65,118.8,2018-07-01,6.26120328903198,61,61,1,0,62.13776004937327
Sunset,2018,8,day,9489,2.52894,3752.1649386699564,0.6980126666666666,17,118.8,2018-08-01,4.25757837295532,61,61,1,0,33.31622794599967
Sunset,2018,8,night,14199,3.22923,4397.023439024164,0.6925821739130434,45,118.8,2018-08-01,4.25757837295532,61,61,1,0,59.121848689193406
Sunset,2018,9,day,7436,2.50528,2968.1313066802913,0.6438933333333333,18,118.7,2018-09-01,4.71453714370728,61,61,1,0,24.943060579425516
Sunset,2018,9,night,12579,3.22218,3903.878740480048,0.6731480952380953,31,118.7,2018-09-01,4.71453714370728,61,61,1,0,49.67962080403882
Sunset,2018,10,day,7918,2.17546,3639.6899965984203,0.6251815384615385,19,118.8,2018-10-01,4.61734199523926,61,61,1,0,30.774695080587698
Sunset,2018,10,night,10598,2.50058,4238.216733717778,0.6664888888888889,28,118.8,2018-10-01,4.61734199523926,61,61,1,0,54.26600449452301
Sunset,2018,11,day,10032,2.7426399999999997,3657.789575008022,0.6643600000000001,27,118.7,2018-11-01,4.378342628479,61,61,1,0,27.864360688797564
Sunset,2018,11,night,16560,3.68035,4499.572051571183,0.6598403703703704,44,118.7,2018-11-01,4.378342628479,61,61,1,0,51.9059204721221
Sunset,2018,12,day,8454,2.65519,3183.95293745457,0.6389485714285714,18,118.8,2018-12-01,3.91511702537537,61,61,1,0,23.57075838877452
Sunset,2018,12,night,22771,4.52021,5037.597810721184,0.6769181578947369,57,118.8,2018-12-01,3.91511702537537,61,61,1,0,56.47363324042352
Sunset,2019,1,day,6675,1.8703,3568.9461583703146,0.661867,26,118.8,2019-01-01,3.73168396949768,61,61,1,0,30.054454518510912
Sunset,2019,1,night,17045,3.50857,4858.104583918805,0.6720296551724138,68,118.8,2019-01-01,3.73168396949768,61,61,1,0,61.95138711617474
Sunset,2019,2,day,5676,1.53449,3698.9488364212216,0.64896,15,118.6,2019-02-01,5.49765729904175,61,61,1,0,28.092954142465164
Sunset,2019,2,night,12657,2.91135,4347.4676696377965,0.6920228571428572,37,118.6,2019-02-01,5.49765729904175,61,61,1,0,50.00008793263151
Sunset,2019,3,day,8152,2.40096,3395.3085432493667,0.6409684615384615,26,118.8,2019-03-01,4.88936948776245,61,61,1,0,28.843687180754532
Sunset,2019,3,night,12700,3.1411,4043.1695902709243,0.6718615,39,118.8,2019-03-01,4.88936948776245,61,61,1,0,52.01262946642711
Sunset,2019,4,day,7814,2.28113,3425.4952589286886,0.6219815384615385,31,120.9,2019-04-01,5.41976642608643,61,61,1,0,29.205078152412355
Sunset,2019,4,night,21644,3.96617,5457.15387893106,0.6852741666666666,66,120.9,2019-04-01,5.41976642608643,61,61,1,0,70.45576310006014
Sunset,2019,5,day,9682,2.67312,3621.984796791764,0.6388329411764706,35,120.9,2019-05-01,5.15063381195068,61,61,1,0,32.35940724060398
Sunset,2019,5,night,13717,2.96961,4619.125070295427,0.6755617391304348,45,120.9,2019-05-01,5.15063381195068,61,61,1,0,62.49265517247772
Sunset,2019,6,day,10047,2.75863,3642.0252081649223,0.6698041176470588,36,120.9,2019-06-01,NA,NA,NA,NA,0,32.858125042145275
Sunset,2019,6,night,18732,3.65412,5126.268431250205,0.683769,52,120.9,2019-06-01,NA,NA,NA,NA,0,70.03521970623468
Sunset,2019,7,day,8298,2.60477,3185.693938428345,0.6635815384615384,27,120.9,2019-07-01,5.51945877075195,61,61,1,0,30.104532761813406
Sunset,2019,7,night,16016,3.33258,4805.8861302654395,0.6799566666666667,49,120.9,2019-07-01,5.51945877075195,61,61,1,0,68.77278939555116
Sunset,2019,8,day,12079,2.80049,4313.173766019519,0.6864505263157895,37,120.9,2019-08-01,5.02575778961182,61,61,1,0,41.49796219946891
Sunset,2019,8,night,17767,3.85393,4610.099301232767,0.6706063333333333,54,120.9,2019-08-01,5.02575778961182,61,61,1,0,67.16691739309545
Sunset,2019,9,day,14017,3.27888,4274.935343775924,0.6702836363636364,35,120.9,2019-09-01,4.81433629989624,61,61,1,0,38.927103899894774
Sunset,2019,9,night,17290,3.86461,4473.931392818422,0.6989168965517242,53,120.9,2019-09-01,4.81433629989624,61,61,1,0,61.69176344718476
Sunset,2019,10,day,6875,1.5493999999999999,4437.201497353814,0.6510354545454545,22,120.9,2019-10-01,4.87879800796509,61,61,1,0,40.653170950925045
Sunset,2019,10,night,16047,3.28401,4886.404121790129,0.6931359259259259,49,120.9,2019-10-01,4.87879800796509,61,61,1,0,67.79380005429832
Sunset,2019,11,day,5658,2.0864,2711.8481595092026,0.6123855555555555,16,120.9,2019-11-01,4.66175937652588,61,61,1,0,22.384718966178372
Sunset,2019,11,night,16226,3.28709,4936.281026683176,0.6693334615384615,42,120.9,2019-11-01,4.66175937652588,61,61,1,0,61.702317302723664
Sunset,2019,12,day,10127,2.45731,4121.173152756469,0.674786875,20,120.9,2019-12-01,3.36869835853577,61,61,1,0,33.05854158428738
Sunset,2019,12,night,20694,4.4131599999999995,4689.156975953739,0.6951887878787879,60,120.9,2019-12-01,3.36869835853577,61,61,1,0,56.960385636932344
Sunset,2020,1,day,11772,2.66414,4418.686705653607,0.6648772222222222,27,120.9,2020-01-01,5.82456398010254,61,61,1,0,30.083450289677323
Sunset,2020,1,night,24467,4.4272,5526.517889410914,0.686501282051282,65,120.9,2020-01-01,5.82456398010254,61,61,1,0,56.97723045555338
Sunset,2020,2,day,6188,2.19877,2814.300722676769,0.661696,20,120.8,2020-02-01,4.68970632553101,61,61,1,0,17.280454801790036
Sunset,2020,2,night,17208,3.73961,4601.549359425181,0.6915458620689655,46,120.8,2020-02-01,4.68970632553101,61,61,1,0,42.786235004267446
Sunset,2020,3,day,6905,1.53981,4484.319493963541,0.6409958333333333,14,120.9,2020-03-01,5.20038938522339,61,61,1,0,30.79879023943467
Sunset,2020,3,night,18165,3.33908,5440.12123099776,0.690937,52,120.9,2020-03-01,5.20038938522339,61,61,1,0,56.57974811993585
Sunset,2020,4,day,9509,2.0623299999999998,4610.804284474357,0.6993493333333334,24,119.6,2020-04-01,5.1070032119751,61,61,1,0,31.78171070921968
Sunset,2020,4,night,12800,2.9114,4396.510269973209,0.6660776190476191,34,119.6,2020-04-01,5.1070032119751,61,61,1,0,45.89062739350073
Sunset,2020,5,day,5304,1.67502,3166.529354873375,0.6504533333333333,11,119.7,2020-05-01,5.08056259155273,61,61,1,0,22.87194158706863
Sunset,2020,5,night,9204,2.07717,4431.028755470183,0.70821,20,119.7,2020-05-01,5.08056259155273,61,61,1,0,48.46624844450197
Sunset,2020,6,day,8953,2.36436,3786.6483953374272,0.679808,21,119.6,2020-06-01,NA,NA,NA,NA,0,27.619791249482507
Sunset,2020,6,night,7555,1.90749,3960.7022841535213,0.6789866666666666,19,119.6,2020-06-01,NA,NA,NA,NA,0,43.74746885462734
Sunset,2020,7,day,8938,2.78953,3204.123992213742,0.6739657142857143,25,119.7,2020-07-01,5.62325525283813,61,61,1,0,24.479510882825906
Sunset,2020,7,night,14098,3.10821,4535.729567821993,0.6532452173913044,29,119.7,2020-07-01,5.62325525283813,61,61,1,0,52.475416713942565
Sunset,2020,8,day,8484,2.41015,3520.1128560463044,0.6351085714285715,24,119.7,2020-08-01,4.82314968109131,61,61,1,0,27.381168839376556
Sunset,2020,8,night,15512,3.42483,4529.27590566539,0.667708,44,119.7,2020-08-01,4.82314968109131,61,61,1,0,53.35062284038905
Sunset,2020,9,day,14452,3.3591699999999998,4302.253235174166,0.6752095652173913,37,119.6,2020-09-01,4.84700059890747,61,61,1,0,31.67262754033513
Sunset,2020,9,night,13095,2.60932,5018.548893964711,0.6588995454545454,39,119.6,2020-09-01,4.84700059890747,61,61,1,0,55.947618465963686
Sunset,2020,10,day,9230,2.51711,3666.9037110019026,0.6851273333333333,28,119.7,2020-10-01,4.21436834335327,61,61,1,0,27.16128806500837
Sunset,2020,10,night,19913,3.98336,4999.046031491002,0.6892284848484849,49,119.7,2020-10-01,4.21436834335327,61,61,1,0,56.07293805097956
Sunset,2020,11,day,5587,1.41404,3951.0904924896045,0.609387,21,119.6,2020-11-01,4.45276880264282,61,61,1,0,26.36749266912277
Sunset,2020,11,night,9181,2.22497,4126.347770981182,0.6422613333333334,32,119.6,2020-11-01,4.45276880264282,61,61,1,0,41.69970726884918
Sunset,2020,12,day,8233,2.02339,4068.9140501831084,0.6622021428571429,29,119.7,2020-12-01,3.53864622116089,61,61,1,0,26.388027292590447
Sunset,2020,12,night,9744,2.67142,3647.4983342192545,0.7028329411764705,29,119.7,2020-12-01,3.53864622116089,61,61,1,0,35.82109287778864
Sunset,2021,1,day,7710,2.30281,3348.083428506911,0.6905930769230769,23,119.7,2021-01-01,3.76331973075867,61,61,1,0,18.367078002877467
Sunset,2021,1,night,12941,3.2923299999999998,3930.6509371782295,0.6655495238095238,38,119.7,2021-01-01,3.76331973075867,61,61,1,0,32.653038319012964
Sunset,2021,2,day,6181,1.77133,3489.468365578407,0.655339,18,119.5,2021-02-01,4.86845302581787,61,61,1,0,17.264471837461674
Sunset,2021,2,night,11205,3.01655,3714.5082959009465,0.6711111111111111,34,119.5,2021-02-01,4.86845302581787,61,61,1,0,27.82983842685551
Sunset,2021,3,day,7492,2.31145,3241.25548897878,0.6082666666666667,22,119.7,2021-03-01,4.79434394836426,61,61,1,0,17.937410249517907
Sunset,2021,3,night,8070,1.67732,4811.246512293421,0.6761192307692308,26,119.7,2021-03-01,4.79434394836426,61,61,1,0,40.31989627221429
Sunset,2021,4,day,5767,1.72614,3340.9804534973987,0.597184,20,120.1,2021-04-01,5.41539096832275,61,61,1,0,18.5559794113779
Sunset,2021,4,night,5792,1.57795,3670.5852530181564,0.677238888888889,15,120.1,2021-04-01,5.41539096832275,61,61,1,0,30.87170273113861
Sunset,2021,5,day,11308,3.01814,3746.6784178335,0.6787438888888889,30,120.1,2021-05-01,5.35045337677002,61,61,1,0,21.80596438486323
Sunset,2021,5,night,13450,3.31683,4055.0766846657802,0.6460242857142857,40,120.1,2021-05-01,5.35045337677002,61,61,1,0,35.739072071812735
Sunset,2021,6,day,7614,1.92106,3963.4368525709765,0.6864246153846154,18,120.1,2021-06-01,NA,NA,NA,NA,0,23.29414202090235
Sunset,2021,6,night,10622,2.07099,5128.947991057416,0.6788894117647059,30,120.1,2021-06-01,NA,NA,NA,NA,0,45.64764659998421
Sunset,2021,7,day,7574,2.66907,2837.692529607691,0.6497958333333334,14,120.1,2021-07-01,6.03699254989624,61,61,1,0,17.4690031863149
Sunset,2021,7,night,11129,2.75489,4039.7257240760973,0.6905715789473684,29,120.1,2021-07-01,6.03699254989624,61,61,1,0,37.65910444518636
Sunset,2021,8,day,8953,2.57255,3480.2044663854927,0.6722986666666667,24,120.1,2021-08-01,5.09599113464355,61,61,1,0,21.812704752019098
Sunset,2021,8,night,17294,3.86885,4470.062163175104,0.6821444827586207,51,120.1,2021-08-01,5.09599113464355,61,61,1,0,42.42615210923951
Sunset,2021,9,day,6544,1.62287,4032.3624196639284,0.6499490909090909,18,120.1,2021-09-01,4.90795516967773,61,61,1,0,23.919772646953916
Sunset,2021,9,night,17220,3.77963,4556.001513375648,0.6832839285714286,40,120.1,2021-09-01,4.90795516967773,61,61,1,0,40.925752128122674
Sunset,2021,10,day,7222,2.00543,3601.2226804226525,0.6341627272727273,17,120.1,2021-10-01,4.98667526245117,61,61,1,0,21.493651220325734
Sunset,2021,10,night,9192,2.03892,4508.269083632511,0.616178,30,120.1,2021-10-01,4.98667526245117,61,61,1,0,40.74603664156553
Sunset,2021,11,day,7240,2.30676,3138.601328269954,0.6500269230769231,19,120.1,2021-11-01,5.33553695678711,61,61,1,0,16.877082628449305
Sunset,2021,11,night,15697,3.63204,4321.813636413696,0.6544128,34,120.1,2021-11-01,5.33553695678711,61,61,1,0,35.19188898610808
Sunset,2021,12,day,5233,1.27927,4090.614178398618,0.6750577777777778,16,120.1,2021-12-01,4.76731777191162,61,61,1,0,21.375992716626335
Sunset,2021,12,night,10621,2.73822,3878.7971748069913,0.6659438888888889,37,120.1,2021-12-01,4.76731777191162,61,61,1,0,30.693765102551108
Sunset,2022,1,day,6210,2.18161,2846.5216056032014,0.6308654545454545,23,120.1,2022-01-01,4.01614046096802,61,61,1,0,16.57782000080507
Sunset,2022,1,night,14508,3.21674,4510.156245142598,0.6805982608695652,55,120.1,2022-01-01,4.01614046096802,61,61,1,0,39.775884304068235
Sunset,2022,2,day,7247,2.3003299999999998,3150.4175487864786,0.66,30,120,2022-02-01,5.11359453201294,61,61,1,0,16.547457923134225
Sunset,2022,2,night,10790,2.63905,4088.5924859324377,0.656538947368421,59,120,2022-02-01,5.11359453201294,61,61,1,0,32.520133119455025
Sunset,2022,3,day,7762,2.0898,3714.2310268925257,0.70848,23,120.1,2022-03-01,5.16248464584351,61,61,1,0,21.821496238665862
Sunset,2022,3,night,18746,4.10228,4569.653948535935,0.6706032258064516,74,120.1,2022-03-01,5.16248464584351,61,61,1,0,40.65502627780173
Sunset,2022,4,day,9199,2.6274699999999998,3501.0865966119504,0.6686293333333333,35,120.9,2022-04-01,5.29793548583984,61,61,1,0,20.643433673767845
Sunset,2022,4,night,18295,4.09577,4466.803555863733,0.6972396551724138,63,120.9,2022-04-01,5.29793548583984,61,61,1,0,39.88331583275906
Sunset,2022,5,day,10228,2.13227,4796.765887997299,0.6425976470588235,41,120.9,2022-05-01,5.12707614898682,61,61,1,0,29.637839287660007
Sunset,2022,5,night,14412,3.06013,4709.603840359723,0.6903191304347827,77,120.9,2022-05-01,5.12707614898682,61,61,1,0,44.06539972200812
Sunset,2022,6,day,7986,1.9859499999999999,4021.2492761650597,0.7011938461538462,52,120.9,2022-06-01,NA,NA,NA,NA,0,25.0902453256008
Sunset,2022,6,night,11848,2.77377,4271.442837726272,0.6904478947368421,59,120.9,2022-06-01,NA,NA,NA,NA,0,40.35838991666056
Sunset,2022,7,day,9145,2.66579,3430.502777788198,0.6491306666666666,43,120.9,2022-07-01,6.36442995071411,61,61,1,0,22.41969492807189
Sunset,2022,7,night,12608,2.63001,4793.898122060373,0.671179,61,120.9,2022-07-01,6.36442995071411,61,61,1,0,47.44342620661248
Sunset,2022,8,day,10497,2.25519,4654.596730208985,0.6638105555555556,62,120.9,2022-08-01,4.81990575790405,61,61,1,0,30.9710519908563
Sunset,2022,8,night,8777,2.65365,3307.5198311759277,0.6493714285714286,53,120.9,2022-08-01,4.81990575790405,61,61,1,0,33.32665111329488
Sunset,2022,9,day,5845,1.7911299999999999,3263.303054496324,0.639552,48,120.9,2022-09-01,4.87607526779175,61,61,1,0,20.550577588619223
Sunset,2022,9,night,12841,2.55387,5028.055460927925,0.7001309090909091,61,120.9,2022-09-01,4.87607526779175,61,61,1,0,47.94927065041357
Sunset,2022,10,day,8300,2.26911,3657.8217891596264,0.6720457142857142,52,120.9,2022-10-01,4.8737587928772,61,61,1,0,23.176716018978507
Sunset,2022,10,night,13781,2.9825,4620.620284995809,0.65088,69,120.9,2022-10-01,4.8737587928772,61,61,1,0,44.33482088787937
Sunset,2022,11,day,8221,2.05815,3994.3638704661953,0.6903928571428571,48,120.9,2022-11-01,4.26828193664551,61,61,1,0,22.80226473290594
Sunset,2022,11,night,11377,2.61224,4355.26597862371,0.670175,61,120.9,2022-11-01,4.26828193664551,61,61,1,0,37.64959965431021
Sunset,2022,12,day,8956,2.34619,3817.2526521722452,0.6358186666666666,36,120.9,2022-12-01,4.67009496688843,61,61,1,0,21.176677132206343
Sunset,2022,12,night,14529,3.48036,4174.5681481226075,0.6774579166666667,79,120.9,2022-12-01,4.67009496688843,61,61,1,0,35.06984011468233
Sunset,2023,1,day,8456,2.43043,3479.219726550446,0.6976457142857143,32,120.9,2023-01-01,3.89568614959717,61,61,1,0,20.585642695824852
Sunset,2023,1,night,19473,4.26108,4569.968177081867,0.6897206451612903,87,120.9,2023-01-01,3.89568614959717,61,61,1,0,40.945961181395326
Sunset,2023,2,day,10996,2.34434,4690.445925079127,0.66848,44,120.7,2023-02-01,3.80802941322327,61,61,1,0,25.029198297866387
Sunset,2023,2,night,12548,3.08577,4066.408060224838,0.6721815,90,120.7,2023-02-01,3.80802941322327,61,61,1,0,32.85935877117066
Sunset,2023,3,day,7892,2.11862,3725.0663167533585,0.6662892307692307,38,120.9,2023-03-01,4.85686731338501,61,61,1,0,22.234084867561844
Sunset,2023,3,night,10163,2.24791,4521.088477741547,0.6790905882352941,66,120.9,2023-03-01,4.85686731338501,61,61,1,0,40.86425423379338
Sunset,2023,4,day,8598,2.50472,3432.7190264780097,0.6663771428571429,49,122,2023-04-01,5.07121562957764,61,61,1,0,20.563023826788502
Sunset,2023,4,night,15015,3.52015,4265.443233953099,0.6777519230769231,65,122,2023-04-01,5.07121562957764,61,61,1,0,38.69262632760202
Sunset,2023,5,day,4529,1.7283199999999999,2620.463802999445,0.6274742857142857,38,122.1,2023-05-01,5.50599527359009,61,61,1,0,16.449239321357496
Sunset,2023,5,night,15712,3.59549,4369.918981835577,0.6780844,66,122.1,2023-05-01,5.50599527359009,61,61,1,0,41.53903091533165
Sunset,2023,6,day,8106,2.06086,3933.3093951068972,0.6588192857142857,50,122,2023-06-01,NA,NA,NA,NA,0,24.93283480742345
Sunset,2023,6,night,13337,2.98683,4465.269198447853,0.6695081818181818,62,122,2023-06-01,NA,NA,NA,NA,0,42.86240322843461
Sunset,2023,7,day,9273,2.54745,3640.1106989342284,0.681088,49,122.1,2023-07-01,6.26836204528809,61,61,1,0,24.168859255602186
Sunset,2023,7,night,13737,3.31032,4149.7498731240485,0.6489417391304348,50,122.1,2023-07-01,6.26836204528809,61,61,1,0,41.72331463785577
Sunset,2023,8,day,2890,1.04782,2758.1073085071866,0.607872,31,122.1,2023-08-01,5.51054430007935,61,61,1,0,18.644669715617006
Sunset,2023,8,night,10771,2.92101,3687.423185815865,0.6614638888888889,46,122.1,2023-08-01,5.51054430007935,61,61,1,0,37.74694761986186
Sunset,2023,9,day,6035,1.63826,3683.786456362238,0.656448,31,122.5,2023-09-01,4.95151662826538,61,61,1,0,23.56843308790719
Sunset,2023,9,night,9635,2.72004,3542.2273201864678,0.64437375,38,122.5,2023-09-01,4.95151662826538,61,61,1,0,34.318477497158746
Sunset,2023,10,day,5764,1.56889,3673.9350751168026,0.649024,21,122.5,2023-10-01,4.74646043777466,61,61,1,0,23.64996336134484
Sunset,2023,10,night,12821,3.3037199999999998,3880.776821280254,0.6837538095238095,60,122.5,2023-10-01,4.74646043777466,61,61,1,0,37.82970753539856
Sunset,2023,11,day,6538,2.36341,2766.3418535082783,0.588864,22,122.5,2023-11-01,4.53985166549683,61,61,1,0,16.04374845878154
Sunset,2023,11,night,9155,2.00825,4558.695381551102,0.6617746666666666,41,122.5,2023-11-01,4.53985166549683,61,61,1,0,40.03648032126075
Sunset,2023,12,day,5389,1.64885,3268.3385389817145,0.6851555555555555,22,122.5,2023-12-01,4.3814754486084,61,61,1,0,18.42059197721622
Sunset,2023,12,night,13899,2.90119,4790.7927436672535,0.6655518181818182,50,122.5,2023-12-01,4.3814754486084,61,61,1,0,40.8883186043099
Sunset,2024,1,day,4836,1.58734,3046.6062721282146,0.6276,26,122.5,2024-01-01,7.11264133453369,61,61,1,0,16.85470359101053
Sunset,2024,1,night,10361,2.27798,4548.327904547011,0.6610863157894737,53,122.5,2024-01-01,7.11264133453369,61,61,1,0,38.10411467282621
Sunset,2024,2,day,2927,1.2454100000000001,2350.230044724227,0.605824,24,122.4,2024-02-01,5.34947443008423,61,61,1,0,11.72641861006314
Sunset,2024,2,night,11335,2.12262,5340.09855744316,0.6390684210526316,60,122.4,2024-02-01,5.34947443008423,61,61,1,0,40.34777713114403
Sunset,2024,3,day,9016,2.70164,3337.2321997009226,0.6573653333333334,47,122.5,2024-03-01,5.38908195495605,61,61,1,0,18.624897424025797
Sunset,2024,3,night,19004,4.05442,4687.230232684329,0.6747003125,59,122.5,2024-03-01,5.38908195495605,61,61,1,0,39.6131220062
Sunset,2024,4,day,10684,2.86894,3724.0235069398454,0.6702105555555555,39,130.3,2024-04-01,5.41242027282715,61,61,1,0,20.858513236429896
Sunset,2024,4,night,14288,3.32411,4298.293377776306,0.6802830434782609,44,130.3,2024-04-01,5.41242027282715,61,61,1,0,36.457116109774894
Sunset,2024,5,day,9899,2.72424,3633.6739787977563,0.6793246666666667,46,130.4,2024-05-01,6.12754678726196,61,61,1,0,21.327297501406726
Sunset,2024,5,night,12860,2.96416,4338.497247112166,0.6712990476190476,52,130.4,2024-05-01,6.12754678726196,61,61,1,0,38.56066505017044
Sunset,2024,6,day,7429,1.98022,3751.603357202735,0.6796307692307693,47,130.3,2024-06-01,NA,NA,NA,NA,0,22.235795952311765
Sunset,2024,6,night,12197,2.37995,5124.897581881973,0.7028319047619048,48,130.3,2024-06-01,NA,NA,NA,NA,0,45.997716900335305
Sunset,2024,7,day,7888,2.2847,3452.5320611021143,0.6543261538461539,40,130.4,2024-07-01,4.83801937103271,61,61,1,0,21.43391459276249
Sunset,2024,7,night,11329,2.60261,4352.938012226188,0.6809244444444444,50,130.4,2024-07-01,4.83801937103271,61,61,1,0,40.92244553201034
Sunset,2024,8,day,9129,2.56303,3561.799900898546,0.6829257142857142,39,130.4,2024-08-01,4.24791288375854,61,61,1,0,22.513098260611205
Sunset,2024,8,night,11292,3.01726,3742.468332195436,0.6548266666666667,46,130.4,2024-08-01,4.24791288375854,61,61,1,0,35.82112362897035
Sunset,2024,9,day,4536,1.73536,2613.866863359764,0.66408,26,130.3,2024-09-01,3.74406123161316,61,61,1,0,15.636586095550639
Sunset,2024,9,night,10200,2.23173,4570.445349571856,0.6702305882352941,50,130.3,2024-09-01,3.74406123161316,61,61,1,0,41.403048435014256
Sunset,2024,10,day,4564,1.7279,2641.3565599861104,0.63592,25,130.4,2024-10-01,5.02125787734985,61,61,1,0,15.898210398031237
Sunset,2024,10,night,12627,3.05821,4128.885851527528,0.679072,50,130.4,2024-10-01,5.02125787734985,61,61,1,0,37.63304904908376
Sunset,2024,11,day,5583,2.0152799999999997,2770.334643324997,0.65728,29,130.3,2024-11-01,5.10394382476807,61,54,0.885245901639344,0,15.022923089500033
Sunset,2024,11,night,9218,2.46811,3734.8416399593216,0.6707913333333333,27,130.3,2024-11-01,5.10394382476807,61,54,0.885245901639344,0,30.669713856045494
Sunset,2024,12,day,6003,2.07188,2897.368573469506,0.66976,25,130.4,2024-12-01,4.17414140701294,61,61,1,0,15.268715645507088
Sunset,2024,12,night,8216,2.67794,3068.0299035826047,0.6617107692307692,38,130.4,2024-12-01,4.17414140701294,61,61,1,0,24.483509556405135
Victoria-Fraserview,2014,1,day,6141,0.98243,6250.827030933501,0.6754844444444444,13,94.8,2014-01-01,3.38277125358582,48,48,1,0,17.162591574501025
Victoria-Fraserview,2014,1,night,13542,2.28505,5926.347344697053,0.7114036363636363,32,94.8,2014-01-01,3.38277125358582,48,48,1,0,24.640403140994746
Victoria-Fraserview,2014,2,day,7837,1.3399,5848.943951041122,0.6872530769230769,16,94.8,2014-02-01,3.19869232177734,48,48,1,0,14.483485130966134
Victoria-Fraserview,2014,2,night,10975,1.9274499999999999,5694.051726374225,0.7088122222222222,24,94.8,2014-02-01,3.19869232177734,48,48,1,0,21.351694517899148
Victoria-Fraserview,2014,3,day,9803,1.64534,5958.039067913015,0.63774,18,94.8,2014-03-01,3.69052648544312,48,48,1,0,16.502563379824327
Victoria-Fraserview,2014,3,night,12795,2.13257,5999.80305453045,0.7125842857142857,31,94.8,2014-03-01,3.69052648544312,48,48,1,0,25.16519955184843
Victoria-Fraserview,2014,4,day,6223,0.99979,6224.307104491943,0.698304,14,101.7,2014-04-01,3.74461340904236,48,48,1,0,17.30224855230315
Victoria-Fraserview,2014,4,night,10588,1.83708,5763.494240860496,0.6290986666666667,23,101.7,2014-04-01,3.74461340904236,48,48,1,0,24.261224618077165
Victoria-Fraserview,2014,5,day,7242,1.31485,5507.852606761227,0.7273684615384616,16,101.7,2014-05-01,3.88635897636414,48,48,1,0,16.044004549949747
Victoria-Fraserview,2014,5,night,12969,2.10914,6148.951705434442,0.7023542857142857,32,101.7,2014-05-01,3.88635897636414,48,48,1,0,27.123571191711893
Victoria-Fraserview,2014,6,day,8444,1.39296,6061.911325522628,0.7049221428571428,17,101.7,2014-06-01,NA,NA,NA,NA,0,17.831420508542646
Victoria-Fraserview,2014,6,night,10868,1.72565,6297.916727030395,0.6933335294117647,23,101.7,2014-06-01,NA,NA,NA,NA,0,28.053599830059763
Victoria-Fraserview,2014,7,day,7551,1.14055,6620.490114418482,0.5983825,15,101.7,2014-07-01,4.1171875,48,48,1,0,20.398325399963902
Victoria-Fraserview,2014,7,night,11062,1.95554,5656.749542325904,0.6649035294117647,23,101.7,2014-07-01,4.1171875,48,48,1,0,26.39287163463627
Victoria-Fraserview,2014,8,day,12357,2.03199,6081.2307147180845,0.6970273684210526,22,101.7,2014-08-01,3.52851510047913,48,48,1,0,19.076461842354338
Victoria-Fraserview,2014,8,night,9596,1.7727,5413.2114853049025,0.733786875,24,101.7,2014-08-01,3.52851510047913,48,48,1,0,25.714415880482594
Victoria-Fraserview,2014,9,day,8512,1.39914,6083.737152822448,0.7347964285714286,17,101.7,2014-09-01,3.52656364440918,48,48,1,0,18.06215304755958
Victoria-Fraserview,2014,9,night,9934,1.65017,6019.985819642825,0.7012017647058824,23,101.7,2014-09-01,3.52656364440918,48,48,1,0,27.065114271905976
Victoria-Fraserview,2014,10,day,8679,1.51047,5745.893662237581,0.6302692307692308,24,101.7,2014-10-01,3.20233106613159,48,48,1,0,17.164035016480206
Victoria-Fraserview,2014,10,night,10930,1.76978,6175.908870029043,0.6821572222222222,26,101.7,2014-10-01,3.20233106613159,48,48,1,0,27.936886772364506
Victoria-Fraserview,2014,11,day,5169,0.94118,5492.041904842857,0.6873075,9,101.7,2014-11-01,3.54072022438049,48,48,1,0,14.780756133194886
Victoria-Fraserview,2014,11,night,10205,1.81361,5626.898837125954,0.7266635294117647,22,101.7,2014-11-01,3.54072022438049,48,48,1,0,22.932280100031832
Victoria-Fraserview,2014,12,day,5552,0.80307,6913.469560561346,0.65016,9,101.7,2014-12-01,3.44504928588867,48,48,1,0,18.081539957373543
Victoria-Fraserview,2014,12,night,14651,2.50143,5857.049767532971,0.719642,32,101.7,2014-12-01,3.44504928588867,48,48,1,0,23.197094714163214
Victoria-Fraserview,2015,1,day,7705,1.23859,6220.783310054174,0.6681158333333334,15,101.7,2015-01-01,3.03235006332397,48,48,1,0,17.687607782424074
Victoria-Fraserview,2015,1,night,13093,2.12214,6169.715475887548,0.7319571428571429,32,101.7,2015-01-01,3.03235006332397,48,48,1,0,26.564673539275308
Victoria-Fraserview,2015,2,day,6820,1.19438,5710.075520353656,0.6555254545454545,11,101.7,2015-02-01,3.36407780647278,48,48,1,0,14.642529577402495
Victoria-Fraserview,2015,2,night,12359,1.99164,6205.438733907734,0.6701194736842105,23,101.7,2015-02-01,3.36407780647278,48,48,1,0,24.09694969569136
Victoria-Fraserview,2015,3,day,5886,0.97873,6013.915993174829,0.709696,18,101.7,2015-03-01,3.48243832588196,48,48,1,0,17.24979982283351
Victoria-Fraserview,2015,3,night,11709,2.03971,5740.5219369420165,0.714832,27,101.7,2015-03-01,3.48243832588196,48,48,1,0,24.93408320125407
Victoria-Fraserview,2015,4,day,5908,0.8927,6618.124789963033,0.7055166666666667,9,107.7,2015-04-01,3.2196931838989298,48,48,1,0,19.0513223586014
Victoria-Fraserview,2015,4,night,12415,2.02957,6117.059278566396,0.6530085,28,107.7,2015-04-01,3.2196931838989298,48,48,1,0,26.66540498002959
Victoria-Fraserview,2015,5,day,8401,1.42312,5903.226713137332,0.6299815384615385,14,107.7,2015-05-01,3.41221857070923,48,48,1,0,17.807320238187426
Victoria-Fraserview,2015,5,night,8692,1.33415,6515.009556646554,0.6548923076923077,17,107.7,2015-05-01,3.41221857070923,48,48,1,0,29.760449361892558
Victoria-Fraserview,2015,6,day,10842,1.6345399999999999,6633.058842243078,0.6249,20,107.7,2015-06-01,NA,NA,NA,NA,0,20.205465126289855
Victoria-Fraserview,2015,6,night,9827,1.53869,6386.601589663936,0.692333125,20,107.7,2015-06-01,NA,NA,NA,NA,0,29.4605023575604
Victoria-Fraserview,2015,7,day,6780,1.10267,6148.711763265528,0.70208,12,107.7,2015-07-01,3.81485390663147,48,48,1,0,19.618560970595457
Victoria-Fraserview,2015,7,night,13654,2.17151,6287.790523644837,0.6480609523809524,28,107.7,2015-07-01,3.81485390663147,48,48,1,0,30.380603700754936
Victoria-Fraserview,2015,8,day,6331,1.07111,5910.690778724874,0.648,11,107.7,2015-08-01,3.27972555160522,48,48,1,0,19.200972562421665
Victoria-Fraserview,2015,8,night,12640,2.12344,5952.60520664582,0.7460371428571428,29,107.7,2015-08-01,3.27972555160522,48,48,1,0,29.28244851651722
Victoria-Fraserview,2015,9,day,6884,1.28813,5344.1810997337225,0.7089654545454546,16,107.7,2015-09-01,3.06961297988892,48,48,1,0,16.430806538062377
Victoria-Fraserview,2015,9,night,10260,1.78017,5763.4944977165105,0.69518,24,107.7,2015-09-01,3.06961297988892,48,48,1,0,26.833598623045834
Victoria-Fraserview,2015,10,day,10148,1.74003,5832.083354884686,0.674326875,20,107.7,2015-10-01,3.28895282745361,48,48,1,0,18.04114801561879
Victoria-Fraserview,2015,10,night,12476,2.11158,5908.371930023963,0.686555,29,107.7,2015-10-01,3.28895282745361,48,48,1,0,27.677291918784558
Victoria-Fraserview,2015,11,day,7823,1.27358,6142.527363809106,0.7378215384615384,17,107.7,2015-11-01,3.17027640342712,48,48,1,0,17.11940036913489
Victoria-Fraserview,2015,11,night,13328,2.22123,6000.279124629147,0.710075652173913,39,107.7,2015-11-01,3.17027640342712,48,48,1,0,25.323762024368413
Victoria-Fraserview,2015,12,day,11529,1.8201800000000001,6333.988946148183,0.6956047058823529,21,107.7,2015-12-01,1.93987429141998,48,48,1,0,17.155180865831696
Victoria-Fraserview,2015,12,night,14867,2.55638,5815.645561301528,0.7392428,45,107.7,2015-12-01,1.93987429141998,48,48,1,0,23.85235428199235
Victoria-Fraserview,2016,1,day,7647,1.27207,6011.461633400678,0.68255999999999994,18,107.7,2016-01-01,3.1322908401489298,48,48,1,0,17.925915518841997
Victoria-Fraserview,2016,1,night,13970,2.3282,6000.343613091659,0.6607495238095238,32,107.7,2016-01-01,3.1322908401489298,48,48,1,0,27.09522164192996
Victoria-Fraserview,2016,2,day,5333,1.06322,5015.89511107767,0.7188388888888889,14,107.6,2016-02-01,2.80086874961853,48,48,1,0,13.489627089933508
Victoria-Fraserview,2016,2,night,9282,1.38893,6682.842187871239,0.6765366666666667,19,107.6,2016-02-01,2.80086874961853,48,48,1,0,27.21623363861682
Victoria-Fraserview,2016,3,day,8615,1.4591,5904.324583647453,0.73559,14,107.7,2016-03-01,3.33333587646484,48,48,1,0,17.76127615341371
Victoria-Fraserview,2016,3,night,12318,1.9686,6257.238646754039,0.6844126315789474,25,107.7,2016-03-01,3.33333587646484,48,48,1,0,28.50374883269415
Victoria-Fraserview,2016,4,day,9329,1.4992,6222.652081109925,0.6994668749999999,22,112.2,2016-04-01,3.26642847061157,48,48,1,0,18.786372671256828
Victoria-Fraserview,2016,4,night,9736,1.66523,5846.639803510626,0.6327253333333334,19,112.2,2016-04-01,3.26642847061157,48,48,1,0,26.729391602744926
Victoria-Fraserview,2016,5,day,6164,1.06396,5793.450881612091,0.760128,14,112.3,2016-05-01,3.18568062782288,48,48,1,0,18.328362916119442
Victoria-Fraserview,2016,5,night,9680,1.5125,6400,0.761253125,19,112.3,2016-05-01,3.18568062782288,48,48,1,0,30.660670039256583
Victoria-Fraserview,2016,6,day,6915,1.12544,6144.263576912141,0.6503563636363636,14,112.2,2016-06-01,NA,NA,NA,NA,0,19.629176504810168
Victoria-Fraserview,2016,6,night,11733,2.02664,5789.385386649825,0.7088695,26,112.2,2016-06-01,NA,NA,NA,NA,0,28.007866261882455
Victoria-Fraserview,2016,7,day,7559,1.2592700000000001,6002.684094753309,0.7284625,15,112.3,2016-07-01,3.11411380767822,48,48,1,0,20.086568121417656
Victoria-Fraserview,2016,7,night,13949,2.27371,6134.907266098139,0.6881022727272728,31,112.3,2016-07-01,3.11411380767822,48,48,1,0,31.087341014296758
Victoria-Fraserview,2016,8,day,7918,1.33245,5942.436864422681,0.69847,18,112.3,2016-08-01,3.08336853981018,48,48,1,0,20.2454206040525
Victoria-Fraserview,2016,8,night,16921,2.75995,6130.908168626243,0.6709373076923077,38,112.3,2016-08-01,3.08336853981018,48,48,1,0,31.630230713809194
Victoria-Fraserview,2016,9,day,10058,1.57817,6373.204407636693,0.6564413333333333,22,112.2,2016-09-01,2.99408674240112,48,48,1,0,20.550046232576964
Victoria-Fraserview,2016,9,night,11782,1.92283,6127.426761596189,0.730496,30,112.2,2016-09-01,2.99408674240112,48,48,1,0,29.9190917471139
Victoria-Fraserview,2016,10,day,12954,2.22537,5821.054476334273,0.6697335,26,112.3,2016-10-01,2.78388476371765,48,48,1,0,18.885102696737228
Victoria-Fraserview,2016,10,night,16093,2.75861,5833.735105723535,0.6580146153846154,40,112.3,2016-10-01,2.78388476371765,48,48,1,0,28.66023277360152
Victoria-Fraserview,2016,11,day,8085,1.2516,6459.731543624161,0.7215261538461538,20,112.2,2016-11-01,2.40066194534302,48,48,1,0,18.88135504658024
Victoria-Fraserview,2016,11,night,16787,2.68406,6254.33112523565,0.7071525925925926,37,112.2,2016-11-01,2.40066194534302,48,48,1,0,27.683110141276718
Victoria-Fraserview,2016,12,day,5505,0.89483,6152.006526379312,0.60224,10,112.3,2016-12-01,2.580561876297,48,48,1,0,17.474792503803506
Victoria-Fraserview,2016,12,night,14742,2.56857,5739.380277742091,0.7061554166666667,31,112.3,2016-12-01,2.580561876297,48,48,1,0,24.68741184556103
Victoria-Fraserview,2017,1,day,6726,1.15666,5815.019106738368,0.63617,13,112.3,2017-01-01,2.53395056724548,48,48,1,0,16.4723733284731
Victoria-Fraserview,2017,1,night,12179,1.93447,6295.781273423729,0.6937175,27,112.3,2017-01-01,2.53395056724548,48,48,1,0,27.00660441082047
Victoria-Fraserview,2017,2,day,5671,0.93979,6034.326817693314,0.67069375,10,112.1,2017-02-01,2.32145571708679,48,48,1,0,15.41643976659322
Victoria-Fraserview,2017,2,night,10361,1.65936,6243.97358017549,0.666826875,26,112.1,2017-02-01,2.32145571708679,48,48,1,0,24.156368191613222
Victoria-Fraserview,2017,3,day,8473,1.34989,6276.807739889917,0.623623076923077,21,112.3,2017-03-01,3.37160682678223,48,48,1,0,17.936864755544043
Victoria-Fraserview,2017,3,night,12327,1.81254,6800.953358270714,0.6907173684210526,26,112.3,2017-03-01,3.37160682678223,48,48,1,0,29.430173656401806
Victoria-Fraserview,2017,4,day,8518,1.3897599999999999,6129.115818558601,0.690756923076923,18,115.2,2017-04-01,3.09429430961609,48,48,1,0,17.577981645586984
Victoria-Fraserview,2017,4,night,12566,2.15384,5834.230954945585,0.7287771428571429,25,115.2,2017-04-01,3.09429430961609,48,48,1,0,25.337870772878873
Victoria-Fraserview,2017,5,day,9578,1.67051,5733.5783682827405,0.684146,25,115.3,2017-05-01,3.35777235031128,48,48,1,0,17.23121352556743
Victoria-Fraserview,2017,5,night,13003,2.17862,5968.457096694237,0.6989866666666666,34,115.3,2017-05-01,3.35777235031128,48,48,1,0,27.16236048224897
Victoria-Fraserview,2017,6,day,9372,1.43637,6524.781219323712,0.6429257142857143,20,115.2,2017-06-01,NA,NA,NA,NA,0,19.80167650351882
Victoria-Fraserview,2017,6,night,8887,1.5737999999999999,5646.842038378448,0.7505493333333333,23,115.2,2017-06-01,NA,NA,NA,NA,0,25.951171481626464
Victoria-Fraserview,2017,7,day,9593,1.70485,5626.887996011379,0.7726811764705882,22,115.3,2017-07-01,4.10837364196777,48,48,1,0,17.88678509649795
Victoria-Fraserview,2017,7,night,16877,2.84002,5942.563784762079,0.7295855172413793,40,115.3,2017-07-01,4.10837364196777,48,48,1,0,28.605740302378226
Victoria-Fraserview,2017,8,day,4948,0.76625,6457.422512234911,0.60617375,16,115.3,2017-08-01,3.24103140830994,48,48,1,0,20.898985072624974
Victoria-Fraserview,2017,8,night,6654,1.1443,5814.908677794284,0.7531636363636364,21,115.3,2017-08-01,3.24103140830994,48,48,1,0,28.49864503327039
Victoria-Fraserview,2017,9,day,9939,1.55462,6393.202197321532,0.67524,24,115.2,2017-09-01,3.11466383934021,48,48,1,0,19.582906949169928
Victoria-Fraserview,2017,9,night,14852,2.46201,6032.46940507959,0.7364268,31,115.2,2017-09-01,3.11466383934021,48,48,1,0,27.98138256717196
Victoria-Fraserview,2017,10,day,10672,1.74385,6119.792413338304,0.7121070588235294,20,115.3,2017-10-01,3.14731621742249,48,48,1,0,18.860714579368665
Victoria-Fraserview,2017,10,night,15481,2.52755,6124.90356273862,0.6796243478260869,36,115.3,2017-10-01,3.14731621742249,48,48,1,0,28.584857277325412
Victoria-Fraserview,2017,11,day,7437,1.08596,6848.318538436038,0.7055108333333333,14,115.2,2017-11-01,2.53460836410522,48,48,1,0,19.015441202659172
Victoria-Fraserview,2017,11,night,14495,2.29607,6312.960841786183,0.692424347826087,37,115.2,2017-11-01,2.53460836410522,48,48,1,0,26.54427514589943
Victoria-Fraserview,2017,12,day,9279,1.67449,5541.38872134202,0.676978,20,115.3,2017-12-01,2.8066520690918,48,48,1,0,14.95263118574352
Victoria-Fraserview,2017,12,night,11041,2.0452,5398.494034813221,0.7689431578947369,36,115.3,2017-12-01,2.8066520690918,48,48,1,0,22.059057451982195
Victoria-Fraserview,2018,1,day,4919,0.80228,6131.275863788203,0.62702625,12,115.3,2018-01-01,2.17773342132568,48,48,1,0,17.524667378199993
Victoria-Fraserview,2018,1,night,11789,2.08845,5644.856233091527,0.6918963157894736,25,115.3,2018-01-01,2.17773342132568,48,48,1,0,24.432456462328275
Victoria-Fraserview,2018,2,day,5191,0.78191,6638.871481372536,0.73834625,11,115.1,2018-02-01,5.28637456893921,48,48,1,0,17.11368053340099
Victoria-Fraserview,2018,2,night,11889,1.94607,6109.235536234565,0.6731077777777777,23,115.1,2018-02-01,5.28637456893921,48,48,1,0,23.847966311740013
Victoria-Fraserview,2018,3,day,6491,1.1333,5727.521397688168,0.6783518181818182,17,115.3,2018-03-01,3.44051742553711,48,48,1,0,16.51461007727062
Victoria-Fraserview,2018,3,night,14704,2.45512,5989.116621590798,0.7118330434782608,35,115.3,2018-03-01,3.44051742553711,48,48,1,0,26.15048179340571
Victoria-Fraserview,2018,4,day,11557,1.92642,5999.2109716468885,0.68592,24,118.7,2018-04-01,3.49924492835999,48,48,1,0,17.360379311650878
Victoria-Fraserview,2018,4,night,15755,2.60285,6052.980386883608,0.7275980769230769,34,118.7,2018-04-01,3.49924492835999,48,48,1,0,26.524650053942132
Victoria-Fraserview,2018,5,day,6497,1.00983,6433.756176782231,0.643584,14,118.8,2018-05-01,3.28930497169495,48,48,1,0,19.5096108105224
Victoria-Fraserview,2018,5,night,11891,2.12631,5592.317206804276,0.6900535,30,118.8,2018-05-01,3.28930497169495,48,48,1,0,25.67976979479079
Victoria-Fraserview,2018,6,day,9470,1.5645,6053.05209332055,0.702734,19,118.7,2018-06-01,NA,NA,NA,NA,0,18.53550040524435
Victoria-Fraserview,2018,6,night,12456,2.10476,5918.0144054429,0.6771575,29,118.7,2018-06-01,NA,NA,NA,NA,0,27.4423464425793
Victoria-Fraserview,2018,7,day,6658,1.01494,6559.993694208525,0.6782836363636363,16,118.8,2018-07-01,4.30106973648071,48,48,1,0,21.04075585055241
Victoria-Fraserview,2018,7,night,8862,1.42452,6221.042877600876,0.6936123076923078,23,118.8,2018-07-01,4.30106973648071,48,48,1,0,30.215962358601395
Victoria-Fraserview,2018,8,day,6804,1.06987,6359.651172572368,0.7572945454545454,16,118.8,2018-08-01,3.06765198707581,48,48,1,0,20.767928697554893
Victoria-Fraserview,2018,8,night,12882,2.26182,5695.413428124253,0.7235761904761905,31,118.8,2018-08-01,3.06765198707581,48,48,1,0,28.164397475330084
Victoria-Fraserview,2018,9,day,7846,1.22207,6420.254158927067,0.6863592307692308,18,118.7,2018-09-01,3.15220904350281,48,48,1,0,19.84288601394438
Victoria-Fraserview,2018,9,night,11122,1.97179,5640.560100213512,0.7359172222222222,27,118.7,2018-09-01,3.15220904350281,48,48,1,0,26.399163685421406
Victoria-Fraserview,2018,10,day,3553,0.62375,5696.192384769539,0.671658,6,118.8,2018-10-01,3.18717074394226,48,48,1,0,17.713321180070526
Victoria-Fraserview,2018,10,night,12006,1.86592,6434.359458068941,0.6962078947368421,25,118.8,2018-10-01,3.18717074394226,48,48,1,0,30.299536766495414
Victoria-Fraserview,2018,11,day,8121,1.36406,5953.550430332976,0.7042953846153847,13,118.7,2018-11-01,3.19140672683716,48,48,1,0,16.679859461311942
Victoria-Fraserview,2018,11,night,11953,2.01358,5936.193247847118,0.7365975,26,118.7,2018-11-01,3.19140672683716,48,48,1,0,25.184869337829536
Victoria-Fraserview,2018,12,day,9473,1.5465499999999999,6125.246516439818,0.685134,22,118.8,2018-12-01,2.8795690536499,48,48,1,0,16.676944114535583
Victoria-Fraserview,2018,12,night,11700,1.94388,6018.890054941663,0.6784615789473685,36,118.8,2018-12-01,2.8795690536499,48,48,1,0,24.815591576632006
Victoria-Fraserview,2019,1,day,5528,0.9162899999999999,6033.024479149614,0.61770625,8,118.8,2019-01-01,2.9247887134552,48,48,1,0,18.684863362944345
Victoria-Fraserview,2019,1,night,14559,2.3978,6071.81583117858,0.6846747826086956,33,118.8,2019-01-01,2.9247887134552,48,48,1,0,28.476640335695656
Victoria-Fraserview,2019,2,day,3902,0.66064,5906.393799951562,0.6942933333333333,7,118.6,2019-02-01,4.31809520721436,48,48,1,0,16.49785455552633
Victoria-Fraserview,2019,2,night,14354,2.399,5983.326385994164,0.7378365217391304,31,118.6,2019-02-01,4.31809520721436,48,48,1,0,25.30830653541585
Victoria-Fraserview,2019,3,day,8095,1.27696,6339.2745270016285,0.7312607142857143,16,118.8,2019-03-01,3.45605754852295,48,48,1,0,19.8060137053385
Victoria-Fraserview,2019,3,night,12655,2.29624,5511.18349998258,0.7491009090909091,30,118.8,2019-03-01,3.45605754852295,48,48,1,0,26.074603203555267
Victoria-Fraserview,2019,4,day,8049,1.33205,6042.5659697458805,0.5945866666666667,16,120.9,2019-04-01,3.69835591316223,48,48,1,0,18.947084303714508
Victoria-Fraserview,2019,4,night,15173,2.52058,6019.646271889804,0.72432875,42,120.9,2019-04-01,3.69835591316223,48,48,1,0,28.582965156916167
Victoria-Fraserview,2019,5,day,9638,1.66716,5781.088797715876,0.685126875,16,120.9,2019-05-01,3.482741355896,48,48,1,0,18.995448835128474
Victoria-Fraserview,2019,5,night,10649,1.8016699999999999,5910.6273623915595,0.7619316666666667,28,120.9,2019-05-01,3.482741355896,48,48,1,0,29.409579878856064
Victoria-Fraserview,2019,6,day,10072,1.79855,5600.066720413666,0.7520123529411765,19,120.9,2019-06-01,NA,NA,NA,NA,0,18.58142500514704
Victoria-Fraserview,2019,6,night,14669,2.33322,6287.019655240398,0.7130526086956521,43,120.9,2019-06-01,NA,NA,NA,NA,0,31.589732963345785
Victoria-Fraserview,2019,7,day,9808,1.58111,6203.236966434973,0.697628,17,120.9,2019-07-01,3.99728417396545,48,48,1,0,21.559178022192576
Victoria-Fraserview,2019,7,night,14420,2.28613,6307.602804739888,0.6375709090909091,31,120.9,2019-07-01,3.99728417396545,48,48,1,0,33.19659083676409
Victoria-Fraserview,2019,8,day,8086,1.2949,6244.497644605762,0.6512492307692308,16,120.9,2019-08-01,3.71680307388306,48,48,1,0,22.095981968871456
Victoria-Fraserview,2019,8,night,9896,1.69659,5832.876534696066,0.6308906666666667,19,120.9,2019-08-01,3.71680307388306,48,48,1,0,31.254597149539418
Victoria-Fraserview,2019,9,day,9564,1.66603,5740.592906490279,0.7036873333333333,21,120.9,2019-09-01,3.71166586875916,48,48,1,0,19.224952641468967
Victoria-Fraserview,2019,9,night,13836,2.26592,6106.129077813868,0.6735563636363636,30,120.9,2019-09-01,3.71166586875916,48,48,1,0,30.966336607839274
Victoria-Fraserview,2019,10,day,7447,1.37256,5425.62802354724,0.7237907692307692,14,120.9,2019-10-01,3.5048551559448202,48,48,1,0,18.281897764506823
Victoria-Fraserview,2019,10,night,13059,2.31139,5649.847061724763,0.7359085714285715,28,120.9,2019-10-01,3.5048551559448202,48,48,1,0,28.828581479185466
Victoria-Fraserview,2019,11,day,7069,1.33735,5285.826447825924,0.6863518181818182,17,120.9,2019-11-01,3.62090849876404,48,48,1,0,16.04667888323564
Victoria-Fraserview,2019,11,night,10580,1.78094,5940.683010095792,0.679426875,26,120.9,2019-11-01,3.62090849876404,48,48,1,0,27.310142277504024
Victoria-Fraserview,2019,12,day,9636,1.56436,6159.707484210796,0.6883273333333333,17,120.9,2019-12-01,2.54967141151428,48,48,1,0,18.17225832796101
Victoria-Fraserview,2019,12,night,14203,2.65882,5341.8433741283725,0.724234347826087,38,120.9,2019-12-01,2.54967141151428,48,48,1,0,23.864661818682702
Victoria-Fraserview,2020,1,day,5032,0.77217,6516.699690482666,0.67453375,12,120.9,2020-01-01,4.16188383102417,48,48,1,0,16.317293559339085
Victoria-Fraserview,2020,1,night,15712,2.53725,6192.531283870333,0.6758528,37,120.9,2020-01-01,4.16188383102417,48,48,1,0,23.480316646529808
Victoria-Fraserview,2020,2,day,5991,0.86632,6915.458491088743,0.6232422222222223,15,120.8,2020-02-01,3.33181023597717,48,48,1,0,15.616784956705157
Victoria-Fraserview,2020,2,night,13494,2.20343,6124.088353158485,0.6976777272727273,26,120.8,2020-02-01,3.33181023597717,48,48,1,0,20.942446756247577
Victoria-Fraserview,2020,3,day,10348,1.70285,6076.871127815133,0.696113125,22,120.9,2020-03-01,3.5586268901825,48,48,1,0,15.349814170942144
Victoria-Fraserview,2020,3,night,11557,1.9419,5951.38781605644,0.7145477777777778,29,120.9,2020-03-01,3.5586268901825,48,48,1,0,22.764424125770237
Victoria-Fraserview,2020,4,day,8745,1.38913,6295.3071346814195,0.7082364285714285,15,119.6,2020-04-01,3.52872633934021,48,48,1,0,15.958919733362084
Victoria-Fraserview,2020,4,night,12248,1.90675,6423.495476596303,0.67191,21,119.6,2020-04-01,3.52872633934021,48,48,1,0,24.6588779370632
Victoria-Fraserview,2020,5,day,9211,1.61212,5713.59452149964,0.7142966666666667,15,119.7,2020-05-01,3.4395968914032,48,48,1,0,15.178012849832388
Victoria-Fraserview,2020,5,night,8618,1.37413,6271.604578897192,0.7111715384615385,19,119.7,2020-05-01,3.4395968914032,48,48,1,0,25.22896819793439
Victoria-Fraserview,2020,6,day,8991,1.72275,5218.981279930344,0.7233521428571429,16,119.6,2020-06-01,NA,NA,NA,NA,0,14.0002933248073
Victoria-Fraserview,2020,6,night,8508,1.42942,5952.064473702621,0.6773415384615384,19,119.6,2020-06-01,NA,NA,NA,NA,0,24.178777774621523
Victoria-Fraserview,2020,7,day,4715,0.81141,5810.872431939463,0.7530357142857143,10,119.7,2020-07-01,3.71369290351868,48,48,1,0,16.32753970151188
Victoria-Fraserview,2020,7,night,8529,1.6254899999999999,5247.033202295924,0.7561907142857143,18,119.7,2020-07-01,3.71369290351868,48,48,1,0,22.32587765636302
Victoria-Fraserview,2020,8,day,3694,0.54291,6804.07434013004,0.64768,7,119.7,2020-08-01,3.42848801612854,48,48,1,0,19.4648217445939
Victoria-Fraserview,2020,8,night,12434,2.07327,5997.289306264983,0.6926484210526316,20,119.7,2020-08-01,3.42848801612854,48,48,1,0,25.98075104744732
Victoria-Fraserview,2020,9,day,5437,0.9188999999999999,5916.857111764066,0.69069375,8,119.6,2020-09-01,3.39308643341064,48,48,1,0,16.020098804473285
Victoria-Fraserview,2020,9,night,9405,1.62556,5785.6984669898375,0.70022,19,119.6,2020-09-01,3.39308643341064,48,48,1,0,23.721668124050236
Victoria-Fraserview,2020,10,day,7653,1.24894,6127.596201578939,0.6941516666666666,14,119.7,2020-10-01,2.95729875564575,48,48,1,0,16.69271500941511
Victoria-Fraserview,2020,10,night,9949,1.60199,6210.400813987603,0.694933125,24,119.7,2020-10-01,2.95729875564575,48,48,1,0,25.61956737135064
Victoria-Fraserview,2020,11,day,6104,0.93176,6551.043187086803,0.67552,14,119.6,2020-11-01,2.95162463188171,48,48,1,0,16.078602733712028
Victoria-Fraserview,2020,11,night,9967,1.7518799999999999,5689.316619859808,0.7062588235294117,18,119.6,2020-11-01,2.95162463188171,48,48,1,0,21.145271566238105
Victoria-Fraserview,2020,12,day,5425,0.8061200000000001,6729.767280305661,0.6749866666666666,9,119.7,2020-12-01,2.54789352416992,48,48,1,0,16.05145626349672
Victoria-Fraserview,2020,12,night,10915,1.7992,6066.585148955091,0.67131,23,119.7,2020-12-01,2.54789352416992,48,48,1,0,21.91159601093369
Victoria-Fraserview,2021,1,day,3147,0.53291,5905.3123416712015,0.716886,6,119.7,2021-01-01,2.74248123168945,48,48,1,0,11.914413186513539
Victoria-Fraserview,2021,1,night,8449,1.29077,6545.705276695306,0.6606778571428571,19,119.7,2021-01-01,2.74248123168945,48,48,1,0,19.998690173832646
Victoria-Fraserview,2021,2,day,5194,0.87658,5925.300600059321,0.6474666666666666,9,119.5,2021-02-01,3.46524047851562,48,48,1,0,10.781778462062942
Victoria-Fraserview,2021,2,night,9151,1.41767,6454.957782840858,0.6192985714285715,23,119.5,2021-02-01,3.46524047851562,48,48,1,0,17.786428198476074
Victoria-Fraserview,2021,3,day,7968,1.40441,5673.556867296587,0.7168533333333333,16,119.7,2021-03-01,3.56185507774353,48,48,1,0,11.54749739833745
Victoria-Fraserview,2021,3,night,8089,1.35637,5963.711966498817,0.63543,17,119.7,2021-03-01,3.56185507774353,48,48,1,0,18.38080136238043
Victoria-Fraserview,2021,4,day,7753,1.27524,6079.63991091873,0.7217836363636364,13,120.1,2021-04-01,3.79739141464233,48,48,1,0,12.41863290500568
Victoria-Fraserview,2021,4,night,8931,1.387,6439.077144917087,0.7388586666666667,19,120.1,2021-04-01,3.79739141464233,48,48,1,0,19.917502553875345
Victoria-Fraserview,2021,5,day,6804,1.13304,6005.0836687142555,0.7017118181818182,15,120.1,2021-05-01,3.81913185119629,48,48,1,0,12.853870718971985
Victoria-Fraserview,2021,5,night,12444,2.09788,5931.702480599462,0.6970610526315789,26,120.1,2021-05-01,3.81913185119629,48,48,1,0,19.226912310912454
Victoria-Fraserview,2021,6,day,5782,1.06501,5429.057004159586,0.7223711111111111,10,120.1,2021-06-01,NA,NA,NA,NA,0,11.735055893663546
Victoria-Fraserview,2021,6,night,10759,1.74931,6150.425024724034,0.6018952941176471,24,120.1,2021-06-01,NA,NA,NA,NA,0,20.131735255629387
Victoria-Fraserview,2021,7,day,7036,1.10325,6377.520960797643,0.6091827272727273,13,120.1,2021-07-01,3.96669816970825,48,48,1,0,14.43911804138606
Victoria-Fraserview,2021,7,night,10514,1.89803,5539.42772242799,0.76699,25,120.1,2021-07-01,3.96669816970825,48,48,1,0,18.99192529638376
Victoria-Fraserview,2021,8,day,4523,0.7988,5662.243365047571,0.6674742857142857,10,120.1,2021-08-01,3.47911500930786,48,48,1,0,13.052066488631647
Victoria-Fraserview,2021,8,night,11891,2.02764,5864.453256002052,0.6607326315789473,28,120.1,2021-08-01,3.47911500930786,48,48,1,0,20.470742528029803
Victoria-Fraserview,2021,9,day,4420,0.77409,5709.930369853635,0.7195428571428572,9,120.1,2021-09-01,3.39433312416077,48,48,1,0,12.457023567099766
Victoria-Fraserview,2021,9,night,9337,1.58751,5881.537754092888,0.7099735714285714,19,120.1,2021-09-01,3.39433312416077,48,48,1,0,19.430755366175525
Victoria-Fraserview,2021,10,day,5687,1.04639,5434.876097822036,0.7515733333333333,9,120.1,2021-10-01,3.36756730079651,48,48,1,0,11.929873902551597
Victoria-Fraserview,2021,10,night,14754,2.55724,5769.501493798,0.7486124,30,120.1,2021-10-01,3.36756730079651,48,48,1,0,19.177845553895168
Victoria-Fraserview,2021,11,day,6817,1.10896,6147.200981099409,0.624352,13,120.1,2021-11-01,3.5277376174926798,48,48,1,0,12.156949704273078
Victoria-Fraserview,2021,11,night,8214,1.55416,5285.1701240541515,0.7382707142857143,19,120.1,2021-11-01,3.5277376174926798,48,48,1,0,15.827834475416267
Victoria-Fraserview,2021,12,day,4081,0.60451,6750.922234537064,0.6591283333333333,10,120.1,2021-12-01,3.2427990436554,48,48,1,0,12.974387473418632
Victoria-Fraserview,2021,12,night,10661,1.60195,6655.014201441993,0.6856223529411765,26,120.1,2021-12-01,3.2427990436554,48,48,1,0,19.3681467088664
Victoria-Fraserview,2022,1,day,3258,0.47738,6824.751770078344,0.741972,6,120.1,2022-01-01,3.05219173431396,48,48,1,0,14.617926709936862
Victoria-Fraserview,2022,1,night,9906,1.69032,5860.428794547778,0.6968886666666667,23,120.1,2022-01-01,3.05219173431396,48,48,1,0,19.008315635844987
Victoria-Fraserview,2022,2,day,4901,0.74916,6541.99369961023,0.6294242857142857,12,120,2022-02-01,3.85541319847107,48,48,1,0,12.63744486961593
Victoria-Fraserview,2022,2,night,10611,1.77654,5972.846094093013,0.73997,24,120,2022-02-01,3.85541319847107,48,48,1,0,17.47212780031061
Victoria-Fraserview,2022,3,day,6743,1.18998,5666.481789609909,0.626134,10,120.1,2022-03-01,3.626704454422,48,48,1,0,12.243768074877261
Victoria-Fraserview,2022,3,night,12715,2.12812,5974.75706257166,0.6846615,30,120.1,2022-03-01,3.626704454422,48,48,1,0,19.549568200633924
Victoria-Fraserview,2022,4,day,6394,1.04799,6101.203255756257,0.719617,13,120.9,2022-04-01,3.81459403038025,48,48,1,0,13.230631138278913
Victoria-Fraserview,2022,4,night,10662,1.83454,5811.811135216457,0.811935,21,120.9,2022-04-01,3.81459403038025,48,48,1,0,19.084987602635376
Victoria-Fraserview,2022,5,day,7669,1.14385,6704.550421821043,0.6313066666666667,14,120.9,2022-05-01,4.05295562744141,48,48,1,0,15.235393029526728
Victoria-Fraserview,2022,5,night,9313,1.66829,5582.362778653591,0.7268126666666667,23,120.9,2022-05-01,4.05295562744141,48,48,1,0,19.209558279084252
Victoria-Fraserview,2022,6,day,5654,0.83915,6737.770362867187,0.58004,10,120.9,2022-06-01,NA,NA,NA,NA,0,15.461303391372116
Victoria-Fraserview,2022,6,night,12229,2.01673,6063.776509498049,0.6735172222222222,28,120.9,2022-06-01,NA,NA,NA,NA,0,21.071158034315328
Victoria-Fraserview,2022,7,day,5083,0.70099,7251.173340561207,0.6436871428571429,10,120.9,2022-07-01,4.19613218307495,48,48,1,0,17.42874819983448
Victoria-Fraserview,2022,7,night,8699,1.50208,5791.302726885386,0.6561371428571429,18,120.9,2022-07-01,4.19613218307495,48,48,1,0,21.078975384885187
Victoria-Fraserview,2022,8,day,5633,0.82207,6852.214531609231,0.6628744444444444,9,120.9,2022-08-01,3.5058388710022,48,48,1,0,16.76836943758012
Victoria-Fraserview,2022,8,night,10728,1.94563,5513.895242158067,0.7277811111111111,25,120.9,2022-08-01,3.5058388710022,48,48,1,0,20.43307428717577
Victoria-Fraserview,2022,9,day,7354,1.23758,5942.242117681281,0.6991283333333334,16,120.9,2022-09-01,3.5191867351532,48,48,1,0,13.762678136978588
Victoria-Fraserview,2022,9,night,12970,2.18916,5924.646896526521,0.7281728571428572,31,120.9,2022-09-01,3.5191867351532,48,48,1,0,20.77927558876405
Victoria-Fraserview,2022,10,day,8956,1.37237,6525.936882910585,0.685326,17,120.9,2022-10-01,3.55711722373962,48,48,1,0,15.207513508735746
Victoria-Fraserview,2022,10,night,9100,1.44538,6295.922179634421,0.689408,23,120.9,2022-10-01,3.55711722373962,48,48,1,0,22.217235278393094
Victoria-Fraserview,2022,11,day,7500,1.33745,5607.686268645557,0.6568918181818182,14,120.9,2022-11-01,3.30097985267639,48,48,1,0,11.773349918650359
Victoria-Fraserview,2022,11,night,10565,1.8906,5588.173066751296,0.7587911111111111,21,120.9,2022-11-01,3.30097985267639,48,48,1,0,17.76648495894657
Victoria-Fraserview,2022,12,day,4762,0.93828,5075.244063605746,0.77197375,10,120.9,2022-12-01,3.00567674636841,48,48,1,0,10.354993404622002
Victoria-Fraserview,2022,12,night,10733,1.80853,5934.6541113501025,0.7002917647058824,25,120.9,2022-12-01,3.00567674636841,48,48,1,0,18.335958944751056
Victoria-Fraserview,2023,1,day,3731,0.54951,6789.685356044475,0.7477333333333334,9,120.9,2023-01-01,2.85722708702087,48,48,1,0,14.774684215821642
Victoria-Fraserview,2023,1,night,13207,2.18863,6034.368531912658,0.7114422727272728,29,120.9,2023-01-01,2.85722708702087,48,48,1,0,19.884547360873302
Victoria-Fraserview,2023,2,day,6423,0.98545,6517.834491856512,0.661888,13,120.7,2023-02-01,4.62930870056152,48,48,1,0,12.79151895705508
Victoria-Fraserview,2023,2,night,11407,2.01621,5657.644788985274,0.6909084210526316,25,120.7,2023-02-01,4.62930870056152,48,48,1,0,16.81395143938971
Victoria-Fraserview,2023,3,day,3147,0.53101,5926.442063237981,0.657152,6,120.9,2023-03-01,3.72108888626099,48,48,1,0,13.009639978347177
Victoria-Fraserview,2023,3,night,12541,2.08259,6021.828588440355,0.680363,23,120.9,2023-03-01,3.72108888626099,48,48,1,0,20.01773544918716
Victoria-Fraserview,2023,4,day,3590,0.49711,7221.741666834302,0.59780199999999994,6,122,2023-04-01,3.56922101974487,48,48,1,0,15.91023723959173
Victoria-Fraserview,2023,4,night,12290,2.10666,5833.879221136775,0.744683,29,122,2023-04-01,3.56922101974487,48,48,1,0,19.46289596775979
Victoria-Fraserview,2023,5,day,2671,0.54425,4907.67110702802,0.7975679999999999,5,122.1,2023-05-01,3.88412070274353,48,48,1,0,11.32997859693487
Victoria-Fraserview,2023,5,night,10693,1.78238,5999.281859087288,0.7035616666666666,25,122.1,2023-05-01,3.88412070274353,48,48,1,0,20.97337039656286
Victoria-Fraserview,2023,6,day,7280,1.21139,6009.625306466126,0.6859827272727272,12,122,2023-06-01,NA,NA,NA,NA,0,14.010283720181231
Victoria-Fraserview,2023,6,night,12457,2.07637,5999.412436126509,0.6772157894736842,23,122,2023-06-01,NA,NA,NA,NA,0,21.179883903202263
Victoria-Fraserview,2023,7,day,2389,0.40301,5927.892608123868,0.69328,4,122.1,2023-07-01,4.1268367767334,48,48,1,0,14.475310015835998
Victoria-Fraserview,2023,7,night,7871,1.29334,6085.793372199113,0.6932983333333333,17,122.1,2023-07-01,4.1268367767334,48,48,1,0,22.504018204243508
Victoria-Fraserview,2023,8,day,8358,1.34331,6221.944301762065,0.6610841666666667,17,122.1,2023-08-01,3.84213256835938,48,48,1,0,15.468764913457878
Victoria-Fraserview,2023,8,night,10016,1.53588,6521.342813240618,0.70728,17,122.1,2023-08-01,3.84213256835938,48,48,1,0,24.551717148117465
Victoria-Fraserview,2023,9,day,7050,1.1314199999999999,6231.107811422815,0.638380909090909,12,122.5,2023-09-01,3.46562767028809,48,48,1,0,14.661807518326171
Victoria-Fraserview,2023,9,night,10985,1.95274,5625.428884541721,0.7305483333333334,21,122.5,2023-09-01,3.46562767028809,48,48,1,0,20.044406796337103
Victoria-Fraserview,2023,10,day,4897,0.73658,6648.293464389476,0.7409544444444445,10,122.5,2023-10-01,3.47422862052917,48,48,1,0,15.739653286925051
Victoria-Fraserview,2023,10,night,12704,2.04387,6215.659508677166,0.7038295,30,122.5,2023-10-01,3.47422862052917,48,48,1,0,22.28371097817664
Victoria-Fraserview,2023,11,day,3802,0.66088,5752.935479966106,0.6555916666666667,7,122.5,2023-11-01,3.16802263259888,48,48,1,0,12.270873674772286
Victoria-Fraserview,2023,11,night,7748,1.35728,5708.475775079571,0.6888861538461538,17,122.5,2023-11-01,3.16802263259888,48,48,1,0,18.438324980153595
Victoria-Fraserview,2023,12,day,2810,0.37911,7412.096752921316,0.61008,5,122.5,2023-12-01,3.02312707901001,48,48,1,0,15.36397573381421
Victoria-Fraserview,2023,12,night,10637,1.81226,5869.466853541986,0.7049541176470588,24,122.5,2023-12-01,3.02312707901001,48,48,1,0,18.423685367305506
Victoria-Fraserview,2024,1,day,3172,0.53028,5981.745492947122,0.641366,7,122.5,2024-01-01,5.58584356307983,48,48,1,0,12.170788166177417
Victoria-Fraserview,2024,1,night,11057,1.80623,6121.59027366393,0.6976505882352941,24,122.5,2024-01-01,5.58584356307983,48,48,1,0,18.86124480305588
Victoria-Fraserview,2024,2,day,7901,1.1767400000000001,6714.312422455257,0.6872123076923077,14,122.4,2024-02-01,3.6979718208313,48,48,1,0,12.320903331592298
Victoria-Fraserview,2024,2,night,9702,1.5964,6077.424204460035,0.6908873333333333,21,122.4,2024-02-01,3.6979718208313,48,48,1,0,16.887908875946877
Victoria-Fraserview,2024,3,day,5678,0.93684,6060.80013662952,0.6312655555555555,9,122.5,2024-03-01,3.55436086654663,48,48,1,0,12.440086840883145
Victoria-Fraserview,2024,3,night,12633,2.13586,5914.713511185189,0.6382763157894736,30,122.5,2024-03-01,3.55436086654663,48,48,1,0,18.38410467146301
Victoria-Fraserview,2024,4,day,4461,0.77468,5758.506738266123,0.6545671428571429,7,130.3,2024-04-01,3.60696220397949,48,48,1,0,11.862242552382574
Victoria-Fraserview,2024,4,night,15432,2.83195,5449.248750860715,0.6773892,31,130.3,2024-04-01,3.60696220397949,48,48,1,0,16.99843249908377
Victoria-Fraserview,2024,5,day,9864,1.64985,5978.725338667152,0.6643773333333334,16,130.4,2024-05-01,3.99330496788025,48,48,1,0,12.905785887961635
Victoria-Fraserview,2024,5,night,10173,1.74487,5830.233770997266,0.6922729411764705,21,130.4,2024-05-01,3.99330496788025,48,48,1,0,19.05799211850554
Victoria-Fraserview,2024,6,day,11844,2.09964,5640.967022918215,0.7028831578947369,19,130.3,2024-06-01,NA,NA,NA,NA,0,12.296324341555895
Victoria-Fraserview,2024,6,night,10799,1.82118,5929.671970919953,0.6935766666666666,24,130.3,2024-06-01,NA,NA,NA,NA,0,19.573466152013133
Victoria-Fraserview,2024,7,day,10114,1.61606,6258.430998849052,0.664306875,19,130.4,2024-07-01,3.20355296134949,48,48,1,0,14.289440649852782
Victoria-Fraserview,2024,7,night,11645,2.20849,5272.833474455398,0.7249815000000001,24,130.4,2024-07-01,3.20355296134949,48,48,1,0,18.23094317570247
Victoria-Fraserview,2024,8,day,5617,0.94698,5931.487465416376,0.7092388888888889,11,130.4,2024-08-01,2.89880394935608,48,48,1,0,13.788446912200913
Victoria-Fraserview,2024,8,night,10945,1.72642,6339.708761483301,0.658326875,19,130.4,2024-08-01,2.89880394935608,48,48,1,0,22.317028230832577
Victoria-Fraserview,2024,9,day,3555,0.57849,6145.309339833014,0.665088,6,130.3,2024-09-01,2.55193781852722,48,48,1,0,13.52035862649664
Victoria-Fraserview,2024,9,night,6746,1.05907,6369.739488419085,0.662699,15,130.3,2024-09-01,2.55193781852722,48,48,1,0,21.221762707507477
Victoria-Fraserview,2024,10,day,10189,1.52552,6679.034034296502,0.658973125,18,130.4,2024-10-01,3.40952825546265,48,48,1,0,14.784983716444742
Victoria-Fraserview,2024,10,night,11414,1.73352,6584.2909225160365,0.6882473684210526,22,130.4,2024-10-01,3.40952825546265,48,48,1,0,22.07148361077726
Victoria-Fraserview,2024,11,day,6326,1.1719,5398.071507807834,0.710229,12,130.3,2024-11-01,3.16411447525024,48,44,0.916666666666667,0,10.765812932680532
Victoria-Fraserview,2024,11,night,9728,1.52879,6363.202271077126,0.724346875,23,130.3,2024-11-01,3.16411447525024,48,44,0.916666666666667,0,19.217604246792792
Victoria-Fraserview,2024,12,day,9883,1.5611,6330.792389981423,0.7101866666666666,23,130.4,2024-12-01,2.79408860206604,48,48,1,0,12.269950723424081
Victoria-Fraserview,2024,12,night,5230,0.81779,6395.284853079641,0.71654,11,130.4,2024-12-01,2.79408860206604,48,48,1,0,18.769813663623776
West End,2014,1,day,19447,1.00655,19320.451045650985,0.5142933333333334,66,94.8,2014-01-01,8.4838981628418,27,27,1,0,74.75284006337097
West End,2014,1,night,28326,1.28546,22035.691503430677,0.50680325,123,94.8,2014-01-01,8.4838981628418,27,27,1,0,129.10778818350326
West End,2014,2,day,16089,0.7879,20420.10407412108,0.5057504545454545,57,94.8,2014-02-01,8.18729877471924,27,27,1,0,71.255537381079
West End,2014,2,night,22331,1.10022,20296.8497209649,0.5036415625,85,94.8,2014-02-01,8.18729877471924,27,27,1,0,107.25180891332336
West End,2014,3,day,23188,1.1438,20272.774960657458,0.5197003125,74,94.8,2014-03-01,9.29252338409424,27,27,1,0,79.12729374810974
West End,2014,3,night,26912,1.32017,20385.253414333,0.5149841025641025,97,94.8,2014-03-01,9.29252338409424,27,27,1,0,120.48820898251185
West End,2014,4,day,25371,1.1626,21822.638912781695,0.5116525714285715,75,101.7,2014-04-01,8.41458892822266,27,27,1,0,85.48380621429828
West End,2014,4,night,28888,1.37036,21080.591961236463,0.5149943902439025,103,101.7,2014-04-01,8.41458892822266,27,27,1,0,125.04741189351986
West End,2014,5,day,26998,1.29045,20921.384013328683,0.5182163888888889,89,101.7,2014-05-01,8.794997215271,27,27,1,0,85.87879223861619
West End,2014,5,night,30476,1.34488,22660.757837130448,0.5111419047619048,113,101.7,2014-05-01,8.794997215271,27,27,1,0,140.8592163212369
West End,2014,6,day,25244,1.15026,21946.34256602855,0.5162923529411765,81,101.7,2014-06-01,NA,NA,NA,NA,0,90.97112531159289
West End,2014,6,night,28805,1.37246,20987.861212712938,0.5192074358974359,126,101.7,2014-06-01,NA,NA,NA,NA,0,131.74220187227354
West End,2014,7,day,32762,1.44264,22709.7543392669,0.5094186666666667,99,101.7,2014-07-01,7.86683464050293,27,27,1,0,98.6011228692068
West End,2014,7,night,36035,1.59794,22550.90929571824,0.5144366,150,101.7,2014-07-01,7.86683464050293,27,27,1,0,148.26846916924623
West End,2014,8,day,30451,1.48095,20561.801546304738,0.5075580952380953,104,101.7,2014-08-01,8.33795642852783,27,27,1,0,90.89344441991825
West End,2014,8,night,38597,1.68975,22841.840508951027,0.5177622222222222,167,101.7,2014-08-01,8.33795642852783,27,27,1,0,152.90363638599746
West End,2014,9,day,29083,1.39209,20891.60901953178,0.5208507317073171,102,101.7,2014-09-01,7.87995338439941,27,27,1,0,87.40494736977644
West End,2014,9,night,38174,1.69082,22577.211057356784,0.5226828301886792,193,101.7,2014-09-01,7.87995338439941,27,27,1,0,143.03744371105978
West End,2014,10,day,31384,1.40183,22387.878701411726,0.5017076190476191,82,101.7,2014-10-01,7.80571794509888,27,27,1,0,94.24098204468902
West End,2014,10,night,34789,1.47948,23514.342877227136,0.5200025531914894,149,101.7,2014-10-01,7.80571794509888,27,27,1,0,149.890816564972
West End,2014,11,day,21770,1.01295,21491.682708919492,0.49294758620689655,57,101.7,2014-11-01,6.97874021530151,27,27,1,0,81.50763274772616
West End,2014,11,night,32550,1.38785,23453.543250351264,0.5168762222222222,112,101.7,2014-11-01,6.97874021530151,27,27,1,0,134.69505250763365
West End,2014,12,day,22164,1.00651,22020.64559716247,0.5132016666666667,73,101.7,2014-12-01,7.54083108901978,27,27,1,0,81.15858343685842
West End,2014,12,night,35382,1.56386,22624.787385060044,0.5106158333333334,126,101.7,2014-12-01,7.54083108901978,27,27,1,0,126.2711798526168
West End,2015,1,day,21494,1.10957,19371.46822643006,0.5214422222222223,68,101.7,2015-01-01,5.5699577331543,27,27,1,0,77.61606383833333
West End,2015,1,night,33112,1.47403,22463.58622280415,0.524519347826087,139,101.7,2015-01-01,5.5699577331543,27,27,1,0,136.29611845540106
West End,2015,2,day,18799,0.87901,21386.55987986485,0.5018711538461539,51,101.7,2015-02-01,8.40930366516113,27,27,1,0,77.28233586130216
West End,2015,2,night,37141,1.62207,22897.285567207335,0.5272350943396227,136,101.7,2015-02-01,8.40930366516113,27,27,1,0,125.29641057006765
West End,2015,3,day,21921,1.09894,19947.403861903287,0.4957434375,68,101.7,2015-03-01,7.7405743598938,27,27,1,0,80.62656049650327
West End,2015,3,night,27929,1.29419,21580.2934654108,0.5267031578947369,102,101.7,2015-03-01,7.7405743598938,27,27,1,0,132.0883210586174
West End,2015,4,day,25317,1.25017,20250.845884959646,0.5193638235294118,76,107.7,2015-04-01,7.85615396499634,27,27,1,0,82.14826446981387
West End,2015,4,night,34527,1.47157,23462.696303947483,0.5128676086956522,124,107.7,2015-04-01,7.85615396499634,27,27,1,0,144.12803457111914
West End,2015,5,day,26460,1.25014,21165.629449501655,0.5144431428571429,78,107.7,2015-05-01,9.30295467376709,27,27,1,0,89.97157958488027
West End,2015,5,night,34577,1.58673,21791.357067680074,0.5202804166666667,122,107.7,2015-05-01,9.30295467376709,27,27,1,0,140.27289322167408
West End,2015,6,day,27143,1.23318,22010.574287614138,0.5209126315789474,96,107.7,2015-06-01,NA,NA,NA,NA,0,94.482510999249
West End,2015,6,night,33542,1.55979,21504.176844318787,0.5210329787234043,146,107.7,2015-06-01,NA,NA,NA,NA,0,139.7842358304043
West End,2015,7,day,27432,1.3209,20767.65841471724,0.5189907692307693,111,107.7,2015-07-01,7.48618125915527,27,27,1,0,93.37607096809505
West End,2015,7,night,35597,1.5644799999999999,22753.24708529352,0.5142574,155,107.7,2015-07-01,7.48618125915527,27,27,1,0,154.91974307898258
West End,2015,8,day,25568,1.19348,21423.065321580587,0.5202514705882353,106,107.7,2015-08-01,7.58693361282349,27,27,1,0,98.0689780827543
West End,2015,8,night,31978,1.4363,22264.150943396227,0.5095751111111111,139,107.7,2015-08-01,7.58693361282349,27,27,1,0,154.33751257885058
West End,2015,9,day,26166,1.24948,20941.511668854244,0.5170108108108108,109,107.7,2015-09-01,7.14363813400269,27,27,1,0,90.72997555170353
West End,2015,9,night,33112,1.50962,21933.996634914747,0.5199435555555556,116,107.7,2015-09-01,7.14363813400269,27,27,1,0,143.90499186319005
West End,2015,10,day,30248,1.3745399999999999,22005.907430849595,0.5191626829268293,114,107.7,2015-10-01,7.47801542282104,27,27,1,0,95.92786509261101
West End,2015,10,night,31954,1.47693,21635.419417304813,0.5252108695652173,132,107.7,2015-10-01,7.47801542282104,27,27,1,0,142.81904911445648
West End,2015,11,day,24927,1.18634,21011.68299138527,0.5078048571428572,76,107.7,2015-11-01,7.94660234451294,27,27,1,0,82.52154286809561
West End,2015,11,night,35454,1.52126,23305.680817217304,0.5220894117647059,138,107.7,2015-11-01,7.94660234451294,27,27,1,0,138.60650558744993
West End,2015,12,day,18733,0.97855,19143.630882428082,0.48999615384615386,74,107.7,2015-12-01,3.31236791610718,27,27,1,0,73.06465907972228
West End,2015,12,night,38840,1.72176,22558.312424495864,0.5138472222222222,172,107.7,2015-12-01,3.31236791610718,27,27,1,0,130.37819931631807
West End,2016,1,day,20958,1.09265,19180.89049558413,0.5258290322580645,85,107.7,2016-01-01,5.65457630157471,27,27,1,0,80.60000744948974
West End,2016,1,night,40713,1.79827,22640.09297825132,0.5228839655172414,207,107.7,2016-01-01,5.65457630157471,27,27,1,0,144.06545099987926
West End,2016,2,day,23940,1.17818,20319.475801660188,0.5219064516129033,67,107.6,2016-02-01,4.87254333496094,27,27,1,0,77.00679491774851
West End,2016,2,night,29576,1.40995,20976.63037696372,0.5082407317073171,116,107.6,2016-02-01,4.87254333496094,27,27,1,0,120.38367441031468
West End,2016,3,day,23387,1.04335,22415.29688024153,0.5054443333333334,84,107.7,2016-03-01,10.8856191635132,27,27,1,0,95.01966349000287
West End,2016,3,night,34113,1.54989,22009.94909316145,0.5180255319148936,156,107.7,2016-03-01,10.8856191635132,27,27,1,0,141.28737354265738
West End,2016,4,day,23793,1.14984,20692.444166144855,0.5297881818181818,108,112.2,2016-04-01,8.72953796386719,27,27,1,0,88.0327474526384
West End,2016,4,night,36843,1.65092,22316.647687350083,0.5125417647058823,150,112.2,2016-04-01,8.72953796386719,27,27,1,0,143.77280386663645
West End,2016,5,day,26905,1.26715,21232.687527127808,0.5114833333333333,115,112.3,2016-05-01,7.02340698242188,27,27,1,0,94.65779098548823
West End,2016,5,night,33091,1.51722,21810.28459946481,0.5198389361702128,162,112.3,2016-05-01,7.02340698242188,27,27,1,0,147.2407600001854
West End,2016,6,day,28614,1.2723,22489.978778589957,0.51437625,129,112.2,2016-06-01,NA,NA,NA,NA,0,101.24797323983779
West End,2016,6,night,36770,1.64574,22342.532842368782,0.5278298,154,112.2,2016-06-01,NA,NA,NA,NA,0,152.31582207053415
West End,2016,7,day,28166,1.34045,21012.34660002238,0.5036828947368421,127,112.3,2016-07-01,7.45554637908936,27,27,1,0,99.08316255002373
West End,2016,7,night,36372,1.64512,22109.025481423847,0.5105971698113208,194,112.3,2016-07-01,7.45554637908936,27,27,1,0,157.87385921036673
West End,2016,8,day,30147,1.37527,21920.786463748937,0.5085285714285714,125,112.3,2016-08-01,9.07706642150879,27,27,1,0,105.24062276485914
West End,2016,8,night,32954,1.50912,21836.567005937235,0.5142891304347826,159,112.3,2016-08-01,9.07706642150879,27,27,1,0,158.75483522201222
West End,2016,9,day,22230,1.12557,19749.9933367094,0.5287134375,104,112.2,2016-09-01,7.60796546936035,27,27,1,0,89.74018473659865
West End,2016,9,night,34996,1.60711,21775.734081674556,0.5114277551020409,153,112.2,2016-09-01,7.60796546936035,27,27,1,0,149.83322635255527
West End,2016,10,day,21531,1.1205,19215.52878179384,0.5039153125,87,112.3,2016-10-01,7.33815336227417,27,27,1,0,87.84864710514209
West End,2016,10,night,35141,1.61853,21711.676644856754,0.505328,149,112.3,2016-10-01,7.33815336227417,27,27,1,0,150.311227331507
West End,2016,11,day,19279,0.89202,21612.744108876483,0.5203242307692307,77,112.2,2016-11-01,5.88413381576538,27,27,1,0,89.02124236273107
West End,2016,11,night,31751,1.41672,22411.6268564007,0.5264561363636364,129,112.2,2016-11-01,5.88413381576538,27,27,1,0,139.78882148163603
West End,2016,12,day,21203,1.05701,20059.412872158257,0.499155,65,112.3,2016-12-01,6.32997035980225,27,27,1,0,80.29315214333366
West End,2016,12,night,24872,1.21693,20438.316090490003,0.5119656756756756,129,112.3,2016-12-01,6.32997035980225,27,27,1,0,123.88556988861997
West End,2017,1,day,23362,1.1428099999999999,20442.593256971853,0.4992635483870968,66,112.3,2017-01-01,8.59675121307373,27,27,1,0,81.60298934296196
West End,2017,1,night,30980,1.38616,22349.512321809892,0.5114225581395349,134,112.3,2017-01-01,8.59675121307373,27,27,1,0,135.09941015907037
West End,2017,2,day,18771,0.91715,20466.663032219374,0.49788458333333335,65,112.1,2017-02-01,8.68576335906982,27,27,1,0,73.68300890316604
West End,2017,2,night,28466,1.37032,20773.250043785392,0.5164225641025642,110,112.1,2017-02-01,8.68576335906982,27,27,1,0,113.25048816731898
West End,2017,3,day,24935,1.23599,20174.111441031077,0.518272,83,112.3,2017-03-01,8.49311065673828,27,27,1,0,81.23948714794555
West End,2017,3,night,31906,1.4579,21884.902942588655,0.5176373913043478,136,112.3,2017-03-01,8.49311065673828,27,27,1,0,133.454340527244
West End,2017,4,day,28335,1.29559,21870.344785001427,0.5094966666666667,108,115.2,2017-04-01,8.52898979187012,27,27,1,0,88.38770523182505
West End,2017,4,night,32626,1.47799,22074.574252870454,0.5159541304347826,151,115.2,2017-04-01,8.52898979187012,27,27,1,0,135.09643419683485
West End,2017,5,day,23175,1.17203,19773.384640324908,0.5158185714285715,100,115.3,2017-05-01,8.41002368927002,27,27,1,0,83.7406207818719
West End,2017,5,night,35184,1.63766,21484.3129831589,0.5118356,146,115.3,2017-05-01,8.41002368927002,27,27,1,0,137.78183140739853
West End,2017,6,day,27902,1.32235,21100.313835217607,0.5080182051282052,109,115.2,2017-06-01,NA,NA,NA,NA,0,90.23810620514308
West End,2017,6,night,34412,1.57123,21901.312984095264,0.5149425,147,115.2,2017-06-01,NA,NA,NA,NA,0,141.83601802646064
West End,2017,7,day,33108,1.50086,22059.352637820983,0.518936,110,115.3,2017-07-01,7.24000358581543,27,27,1,0,98.81476274373247
West End,2017,7,night,33741,1.53836,21933.097584440573,0.5155065217391305,154,115.3,2017-07-01,7.24000358581543,27,27,1,0,148.7799337034952
West End,2017,8,day,27017,1.28663,20998.266789986243,0.507955,114,115.3,2017-08-01,7.22889232635498,27,27,1,0,95.76669327837612
West End,2017,8,night,35312,1.60237,22037.357164699788,0.5187270212765958,159,115.3,2017-08-01,7.22889232635498,27,27,1,0,152.19692365609737
West End,2017,9,day,27786,1.32928,20903.045257583053,0.5133334210526316,108,115.2,2017-09-01,6.50832557678223,27,27,1,0,90.22633807495605
West End,2017,9,night,38304,1.70607,22451.599289595386,0.5151014814814815,155,115.2,2017-09-01,6.50832557678223,27,27,1,0,146.75279252557095
West End,2017,10,day,29124,1.34704,21620.73880508374,0.5109592682926829,110,115.3,2017-10-01,8.43832588195801,27,27,1,0,93.89814929975279
West End,2017,10,night,34739,1.60135,21693.571049427046,0.508980612244898,140,115.3,2017-10-01,8.43832588195801,27,27,1,0,142.67006921412047
West End,2017,11,day,18969,0.98582,19241.84942484429,0.5047507407407408,78,115.2,2017-11-01,5.7600679397583,27,26,0.962962962962963,0,75.28948318659629
West End,2017,11,night,34952,1.55485,22479.338842975205,0.515323125,163,115.2,2017-11-01,5.7600679397583,27,26,0.962962962962963,0,133.19452057610863
West End,2017,12,day,22730,1.14311,19884.35058743253,0.5101513333333333,65,115.3,2017-12-01,7.11536931991577,27,27,1,0,75.6093434622974
West End,2017,12,night,32266,1.43669,22458.56795829302,0.5113768888888889,147,115.3,2017-12-01,7.11536931991577,27,27,1,0,129.31873178640706
West End,2018,1,day,22178,1.07588,20613.823102948285,0.5123032142857142,54,115.3,2018-01-01,8.47254180908203,27,27,1,0,83.02760722585941
West End,2018,1,night,38539,1.69503,22736.47074093084,0.5219953703703704,199,115.3,2018-01-01,8.47254180908203,27,27,1,0,138.67633352353508
West End,2018,2,day,24189,1.13169,21374.227924608327,0.49688470588235295,62,115.1,2018-02-01,8.85257339477539,27,27,1,0,77.64341802801268
West End,2018,2,night,31821,1.52427,20876.22271644787,0.5136436363636364,125,115.1,2018-02-01,8.85257339477539,27,27,1,0,114.83689781216496
West End,2018,3,day,28665,1.36333,21025.723779275744,0.510024,106,115.3,2018-03-01,9.11036777496338,27,27,1,0,85.43141679424033
West End,2018,3,night,30370,1.43083,21225.442575288467,0.5214047619047619,136,115.3,2018-03-01,9.11036777496338,27,27,1,0,130.59866264451858
West End,2018,4,day,28721,1.33438,21523.853774786792,0.5062838461538461,95,118.7,2018-04-01,10.0162372589111,27,27,1,0,87.77082052854908
West End,2018,4,night,32573,1.48289,21965.890929199064,0.5061263043478261,114,118.7,2018-04-01,10.0162372589111,27,27,1,0,135.6420264241549
West End,2018,5,day,27157,1.31959,20579.877083033367,0.5108197297297298,98,118.8,2018-05-01,9.78537273406982,27,27,1,0,87.94108804090412
West End,2018,5,night,27631,1.2409,22266.90305423483,0.5040056756756757,106,118.8,2018-05-01,9.78537273406982,27,27,1,0,144.08680036352905
West End,2018,6,day,32607,1.51078,21582.890956989104,0.5184472093023256,113,118.7,2018-06-01,NA,NA,NA,NA,0,93.13320971261008
West End,2018,6,night,30553,1.37914,22153.660977130676,0.5111297674418604,103,118.7,2018-06-01,NA,NA,NA,NA,0,144.76240193002874
West End,2018,7,day,26076,1.26929,20543.76856352764,0.5051125714285715,84,118.8,2018-07-01,7.20925140380859,27,27,1,0,92.8545264079481
West End,2018,7,night,32606,1.4408,22630.483064963908,0.5153453191489362,136,118.8,2018-07-01,7.20925140380859,27,27,1,0,154.89311395799166
West End,2018,8,day,24584,1.23106,19969.78213896967,0.5176505714285714,103,118.8,2018-08-01,5.8917989730835,27,27,1,0,91.89635084603972
West End,2018,8,night,33748,1.54941,21781.194131959906,0.5161893617021277,146,118.8,2018-08-01,5.8917989730835,27,27,1,0,151.7825853743345
West End,2018,9,day,26918,1.27722,21075.46076635192,0.49532297297297295,96,118.7,2018-09-01,7.0978889465332,27,27,1,0,91.78986800823822
West End,2018,9,night,38643,1.72365,22419.28465755809,0.512075,180,118.7,2018-09-01,7.0978889465332,27,27,1,0,147.8613746287502
West End,2018,10,day,29348,1.31876,22254.238830416452,0.5086005128205128,89,118.8,2018-10-01,7.45059251785278,27,27,1,0,97.51987667688195
West End,2018,10,night,38587,1.65539,23309.914884105863,0.5220669642857143,165,118.8,2018-10-01,7.45059251785278,27,27,1,0,154.68079930969483
West End,2018,11,day,24934,1.13252,22016.38823155441,0.5133022222222222,87,118.7,2018-11-01,6.81865930557251,27,27,1,0,86.92155269088883
West End,2018,11,night,35297,1.62527,21717.62230275585,0.5099588,156,118.7,2018-11-01,6.81865930557251,27,27,1,0,129.84014675343815
West End,2018,12,day,25621,1.12864,22700.772611284377,0.50719,91,118.8,2018-12-01,7.49299621582031,27,27,1,0,87.0960762725096
West End,2018,12,night,33054,1.55175,21301.1116481392,0.5190091666666666,214,118.8,2018-12-01,7.49299621582031,27,27,1,0,123.75864379441981
West End,2019,1,day,23688,1.13827,20810.528257794726,0.5191626470588235,95,118.8,2019-01-01,8.39366436004639,27,27,1,0,90.82449540667153
West End,2019,1,night,33437,1.52514,21923.88895445664,0.5176124489795918,198,118.8,2019-01-01,8.39366436004639,27,27,1,0,144.89480139224852
West End,2019,2,day,16704,0.9503199999999999,17577.2371411735,0.5136638095238095,67,118.6,2019-02-01,7.24826860427856,27,27,1,0,69.18639999535773
West End,2019,2,night,29645,1.35903,21813.352170297934,0.5190683333333334,142,118.6,2019-02-01,7.24826860427856,27,27,1,0,130.01930893737583
West End,2019,3,day,23670,1.1524,20539.74314474141,0.5095641935483871,88,118.8,2019-03-01,9.78276252746582,27,27,1,0,90.43105016232971
West End,2019,3,night,32712,1.41573,23106.100739547797,0.5267876086956522,146,118.8,2019-03-01,9.78276252746582,27,27,1,0,154.05100980954717
West End,2019,4,day,24021,1.20215,19981.69945514287,0.5276676470588235,91,120.9,2019-04-01,8.17864894866943,27,27,1,0,88.29141147819509
West End,2019,4,night,33789,1.46,23143.15068493151,0.5127093617021277,143,120.9,2019-04-01,8.17864894866943,27,27,1,0,154.85450396894643
West End,2019,5,day,30714,1.40497,21860.96500281145,0.5182465909090909,102,120.9,2019-05-01,7.77012491226196,27,27,1,0,101.22185661258862
West End,2019,5,night,33451,1.53793,21750.664854707302,0.523929387755102,162,120.9,2019-05-01,7.77012491226196,27,27,1,0,152.5080708714355
West End,2019,6,day,26763,1.29266,20703.820030015628,0.5218761111111111,94,120.9,2019-06-01,NA,NA,NA,NA,0,96.80579363580951
West End,2019,6,night,31807,1.46372,21730.248954718118,0.5095753333333334,130,120.9,2019-06-01,NA,NA,NA,NA,0,153.8618283338182
West End,2019,7,day,27090,1.30443,20767.691635426967,0.5236382051282051,129,120.9,2019-07-01,7.28593063354492,27,27,1,0,101.71080788623375
West End,2019,7,night,33039,1.4952699999999999,22095.675028590154,0.5174538297872341,149,120.9,2019-07-01,7.28593063354492,27,27,1,0,163.87076164169207
West End,2019,8,day,29853,1.4064699999999999,21225.479391668505,0.5040320930232558,130,120.9,2019-08-01,7.26583099365234,27,27,1,0,105.83720417804749
West End,2019,8,night,38796,1.72115,22540.74310780583,0.5159369090909091,198,120.9,2019-08-01,7.26583099365234,27,27,1,0,170.20189908557816
West End,2019,9,day,29332,1.36857,21432.59022191046,0.51330725,114,120.9,2019-09-01,7.83410453796387,27,27,1,0,101.1458898539667
West End,2019,9,night,39941,1.7803499999999999,22434.35279579858,0.5163568421052631,199,120.9,2019-09-01,7.83410453796387,27,27,1,0,160.32544173896218
West End,2019,10,day,25117,1.18479,21199.537470775413,0.5214055882352941,105,120.9,2019-10-01,7.52036190032959,27,27,1,0,100.66133743763659
West End,2019,10,night,35790,1.56047,22935.397668651112,0.5138282,184,120.9,2019-10-01,7.52036190032959,27,27,1,0,164.91414457143352
West End,2019,11,day,18878,0.96881,19485.76088190667,0.506462,83,120.9,2019-11-01,8.85274219512939,27,27,1,0,83.35941945835617
West End,2019,11,night,33512,1.56494,21414.23952356001,0.5149540816326531,169,120.9,2019-11-01,8.85274219512939,27,27,1,0,138.72517766218934
West End,2019,12,day,25677,1.17782,21800.4448897115,0.5254038235294117,77,120.9,2019-12-01,6.36587524414062,27,27,1,0,90.6315109059052
West End,2019,12,night,29811,1.43472,20778.27032452325,0.5364446511627907,150,120.9,2019-12-01,6.36587524414062,27,27,1,0,130.80928649659023
West End,2020,1,day,16563,0.84958,19495.515431154217,0.5226871428571429,80,120.9,2020-01-01,6.02719736099243,27,25,0.925925925925926,0,68.78918928627805
West End,2020,1,night,30946,1.46081,21184.137567513913,0.5198936363636364,170,120.9,2020-01-01,6.02719736099243,27,25,0.925925925925926,0,113.19091703566801
West End,2020,2,day,21784,1.00513,21672.818441395637,0.5216256666666667,103,120.8,2020-02-01,8.58397102355957,27,27,1,0,68.96854982818235
West End,2020,2,night,28931,1.3387,21611.264659744527,0.5277053488372093,135,120.8,2020-02-01,8.58397102355957,27,27,1,0,104.1432686864027
West End,2020,3,day,25106,1.15237,21786.405407985283,0.5261381818181818,74,120.9,2020-03-01,8.96625328063965,27,27,1,0,77.54855806746276
West End,2020,3,night,34318,1.49075,23020.627201073286,0.5169491666666667,139,120.9,2020-03-01,8.96625328063965,27,27,1,0,124.08538115489542
West End,2020,4,day,21698,0.97551,22242.724318561573,0.5003306896551724,53,119.6,2020-04-01,9.75257015228271,27,27,1,0,79.45835991465232
West End,2020,4,night,29886,1.39306,21453.490876200594,0.5070541463414634,95,119.6,2020-04-01,9.75257015228271,27,27,1,0,116.05528127423258
West End,2020,5,day,24246,1.03758,23367.836696929393,0.5090811764705883,56,119.7,2020-05-01,8.03902530670166,27,27,1,0,87.47602883029597
West End,2020,5,night,23313,1.12603,20703.711268793904,0.52446,56,119.7,2020-05-01,8.03902530670166,27,27,1,0,117.36377592684718
West End,2020,6,day,21327,1.09357,19502.180930347396,0.5200375862068966,61,119.6,2020-06-01,NA,NA,NA,NA,0,73.7224275507913
West End,2020,6,night,27255,1.24998,21804.34886958191,0.5301831578947368,77,119.6,2020-06-01,NA,NA,NA,NA,0,124.81733029225933
West End,2020,7,day,19879,0.92699,21444.67577859524,0.5126029629629629,58,119.7,2020-07-01,7.57646989822388,27,27,1,0,84.91099733773717
West End,2020,7,night,26824,1.28177,20927.311452132595,0.5178235135135135,93,119.7,2020-07-01,7.57646989822388,27,27,1,0,125.47962620211257
West End,2020,8,day,20651,0.97918,21090.095794440243,0.5027578571428571,52,119.7,2020-08-01,7.76449680328369,27,27,1,0,85.02076015568605
West End,2020,8,night,31316,1.44804,21626.474406784342,0.5040216666666667,98,119.7,2020-08-01,7.76449680328369,27,27,1,0,132.02235576225175
West End,2020,9,day,25597,1.14894,22278.796107716676,0.541078,73,119.6,2020-09-01,6.91862297058105,27,27,1,0,85.00233934080836
West End,2020,9,night,32162,1.4064699999999999,22867.178112579724,0.5195106818181818,109,119.6,2020-09-01,6.91862297058105,27,27,1,0,132.11954053343518
West End,2020,10,day,21806,1.09349,19941.654701917712,0.5225396774193548,75,119.7,2020-10-01,7.2764720916748,27,27,1,0,76.55315303024715
West End,2020,10,night,32509,1.41217,23020.599502892714,0.5174354347826087,135,119.7,2020-10-01,7.2764720916748,27,27,1,0,133.82394900092612
West End,2020,11,day,14734,0.76588,19238.000731185042,0.4944872727272727,48,119.6,2020-11-01,6.34157419204712,27,27,1,0,66.53694086471488
West End,2020,11,night,23332,1.11078,21005.059507733302,0.5136270588235294,94,119.6,2020-11-01,6.34157419204712,27,27,1,0,110.01252432879606
West End,2020,12,day,16146,0.78898,20464.39706963421,0.5337321739130435,43,119.7,2020-12-01,4.60240411758423,27,27,1,0,68.78256980821837
West End,2020,12,night,24891,1.25514,19831.253884028876,0.5197866666666666,90,119.7,2020-12-01,4.60240411758423,27,27,1,0,100.93573256257264
West End,2021,1,day,12892,0.64267,20060.061929139374,0.5335935294117647,52,119.7,2021-01-01,3.64478158950806,27,27,1,0,57.033116518266915
West End,2021,1,night,21327,0.96365,22131.479271519744,0.5132216129032258,81,119.7,2021-01-01,3.64478158950806,27,27,1,0,95.28413563621659
West End,2021,2,day,17933,0.94379,19001.048962163193,0.5078956,59,119.5,2021-02-01,8.74600505828857,27,27,1,0,48.72172359476545
West End,2021,2,night,22227,1.03947,21383.012496753156,0.521625,83,119.5,2021-02-01,8.74600505828857,27,27,1,0,83.02889868937524
West End,2021,3,day,15093,0.7376,20462.310195227765,0.5119138095238095,34,119.7,2021-03-01,8.57559299468994,27,27,1,0,58.688387228639726
West End,2021,3,night,26784,1.27453,21014.805457698134,0.5055879487179488,79,119.7,2021-03-01,8.57559299468994,27,27,1,0,91.2721342962215
West End,2021,4,day,14269,0.74647,19115.30269133388,0.5066111111111111,49,120.1,2021-04-01,8.5045919418335,27,27,1,0,55.0227334848053
West End,2021,4,night,25122,1.19055,21101.171727352903,0.5206211764705883,79,120.1,2021-04-01,8.5045919418335,27,27,1,0,91.97776991084586
West End,2021,5,day,20265,0.99047,20459.983644128544,0.4914623076923077,58,120.1,2021-05-01,8.36619663238525,27,27,1,0,61.714213313958744
West End,2021,5,night,23741,1.14548,20725.809267730558,0.5208964516129032,70,120.1,2021-05-01,8.36619663238525,27,27,1,0,94.66876974513946
West End,2021,6,day,21122,1.05317,20055.641539352622,0.5027162068965517,72,120.1,2021-06-01,NA,NA,NA,NA,0,61.088909113398316
West End,2021,6,night,24663,1.07637,22913.12466902645,0.5131021212121212,74,120.1,2021-06-01,NA,NA,NA,NA,0,105.68794419670084
West End,2021,7,day,22245,1.06707,20846.804801934268,0.5269182142857143,78,120.1,2021-07-01,6.31461238861084,27,27,1,0,66.51097624094463
West End,2021,7,night,28538,1.28029,22290.262362433514,0.5159525,89,120.1,2021-07-01,6.31461238861084,27,27,1,0,107.69221853250926
West End,2021,8,day,23279,1.09512,21257.031192928625,0.5182448484848485,74,120.1,2021-08-01,7.08408546447754,27,27,1,0,69.04916102333728
West End,2021,8,night,28168,1.38074,20400.65472138129,0.5170997435897436,105,120.1,2021-08-01,7.08408546447754,27,27,1,0,100.34950229124775
West End,2021,9,day,21032,1.0228,20563.159953070004,0.5044571428571428,61,120.1,2021-09-01,8.53887462615967,27,27,1,0,63.21765439758784
West End,2021,9,night,25622,1.23209,20795.558765999238,0.5126227777777778,93,120.1,2021-09-01,8.53887462615967,27,27,1,0,96.81316970642037
West End,2021,10,day,14025,0.72942,19227.60549477667,0.541646,53,120.1,2021-10-01,7.8722825050354,27,27,1,0,59.47527499741169
West End,2021,10,night,27951,1.37487,20329.92210172598,0.5208310526315789,102,120.1,2021-10-01,7.8722825050354,27,27,1,0,95.227479947901
West End,2021,11,day,19606,0.94881,20663.778838755916,0.51648,66,120.1,2021-11-01,6.68456363677979,27,27,1,0,57.58667490440039
West End,2021,11,night,23742,1.08531,21875.7774276474,0.511200294117647,121,120.1,2021-11-01,6.68456363677979,27,27,1,0,92.31899645539453
West End,2021,12,day,15268,0.65847,23187.085212690024,0.5022579166666666,53,120.1,2021-12-01,7.62833309173584,27,27,1,0,62.79643177046166
West End,2021,12,night,24592,1.17376,20951.47219193021,0.5075315625,97,120.1,2021-12-01,7.62833309173584,27,27,1,0,85.92482864447014
West End,2022,1,day,17243,0.86412,19954.40448085914,0.5045747826086957,47,120.1,2022-01-01,4.27035093307495,27,27,1,0,60.22859634473744
West End,2022,1,night,26543,1.24163,21377.544034857405,0.5134269444444445,90,120.1,2022-01-01,4.27035093307495,27,27,1,0,97.70956984820407
West End,2022,2,day,15932,0.81661,19509.925178481775,0.5139322727272727,43,120,2022-02-01,5.94010066986084,27,27,1,0,53.10920576096423
West End,2022,2,night,25716,1.10154,23345.49812081268,0.5176594117647059,88,120,2022-02-01,5.94010066986084,27,27,1,0,96.23491537147893
West End,2022,3,day,15785,0.8071699999999999,19555.979533431622,0.5107580952380952,55,120.1,2022-03-01,8.33829116821289,27,27,1,0,59.54512639530953
West End,2022,3,night,26817,1.2719799999999999,21082.878661614177,0.5290227777777777,93,120.1,2022-03-01,8.33829116821289,27,27,1,0,97.21020919153571
West End,2022,4,day,17168,0.94217,18221.76464969167,0.5244278260869565,78,120.9,2022-04-01,7.97495985031128,27,27,1,0,55.68273412459289
West End,2022,4,night,23030,0.9817,23459.30528674748,0.5101639393939394,79,120.9,2022-04-01,7.97495985031128,27,27,1,0,108.55768834368136
West End,2022,5,day,18992,0.91837,20680.118035214564,0.5176130769230769,74,120.9,2022-05-01,7.49172592163086,27,27,1,0,66.22196517970198
West End,2022,5,night,23353,1.20294,19413.270819824764,0.5036988235294118,81,120.9,2022-05-01,7.49172592163086,27,27,1,0,94.13759209714075
West End,2022,6,day,24446,1.26089,19387.89267898072,0.5149,76,120.9,2022-06-01,NA,NA,NA,NA,0,62.69393862081258
West End,2022,6,night,25716,1.15391,22285.96684316801,0.5121402631578947,85,120.9,2022-06-01,NA,NA,NA,NA,0,109.1293952268243
West End,2022,7,day,21521,1.03959,20701.430371588798,0.5159066666666666,69,120.9,2022-07-01,7.44189071655273,27,27,1,0,70.11699784686601
West End,2022,7,night,27364,1.26726,21593.04325868409,0.506001282051282,109,120.9,2022-07-01,7.44189071655273,27,27,1,0,110.75214203510738
West End,2022,8,day,23647,1.16981,20214.393790444603,0.518390625,83,120.9,2022-08-01,7.56113433837891,27,27,1,0,69.70848662623297
West End,2022,8,night,27951,1.33063,21005.83933926035,0.503206923076923,100,120.9,2022-08-01,7.56113433837891,27,27,1,0,109.69334826907014
West End,2022,9,day,22501,1.13157,19884.761879512535,0.503913870967742,73,120.9,2022-09-01,8.19272804260254,27,27,1,0,64.89900748208086
West End,2022,9,night,27427,1.25038,21934.931780738654,0.5204559459459459,109,120.9,2022-09-01,8.19272804260254,27,27,1,0,108.40998130066703
West End,2022,10,day,19081,0.99864,19106.98550028038,0.5385107142857143,75,120.9,2022-10-01,7.10148763656616,27,27,1,0,62.74405261549526
West End,2022,10,night,32880,1.51461,21708.55863885753,0.514404,107,120.9,2022-10-01,7.10148763656616,27,27,1,0,107.95100806672545
West End,2022,11,day,17363,0.91472,18981.76491166696,0.5190891666666666,48,120.9,2022-11-01,8.04404544830322,27,27,1,0,56.158821356912206
West End,2022,11,night,25206,1.18978,21185.429239018977,0.5284982857142857,84,120.9,2022-11-01,8.04404544830322,27,27,1,0,94.91481000985438
West End,2022,12,day,15423,0.7685299999999999,20068.18211390577,0.493464,48,120.9,2022-12-01,8.12355518341064,27,27,1,0,57.69869339743318
West End,2022,12,night,23563,1.0997999999999999,21424.804509910897,0.49108060606060605,100,120.9,2022-12-01,8.12355518341064,27,27,1,0,93.28034292702195
West End,2023,1,day,12592,0.75699,16634.301642029615,0.5079405882352941,33,120.9,2023-01-01,8.27905941009521,27,27,1,0,51.00798660884509
West End,2023,1,night,24228,1.24198,19507.560508220744,0.510766875,103,120.9,2023-01-01,8.27905941009521,27,27,1,0,90.58408305303497
West End,2023,2,day,17583,0.91879,19137.126002677436,0.5075491666666667,62,120.7,2023-02-01,7.74735260009766,27,27,1,0,52.92496229787488
West End,2023,2,night,25676,1.20682,21275.749490396247,0.5163344117647058,75,120.7,2023-02-01,7.74735260009766,27,27,1,0,89.10129787039766
West End,2023,3,day,17300,0.91967,18811.09528417802,0.5131645833333334,55,120.9,2023-03-01,7.23792219161987,27,27,1,0,58.19026953084367
West End,2023,3,night,20716,1.01743,20361.10592374905,0.5171207407407408,82,120.9,2023-03-01,7.23792219161987,27,27,1,0,95.37904503205293
West End,2023,4,day,17696,0.96063,18421.24439170128,0.49945521739130433,59,122,2023-04-01,9.81889820098877,27,27,1,0,57.18981888712166
West End,2023,4,night,25477,1.20174,21200.093198195947,0.507386875,74,122,2023-04-01,9.81889820098877,27,27,1,0,99.66733551542953
West End,2023,5,day,20763,1.03474,20065.910276977793,0.5119140740740741,86,122.1,2023-05-01,8.67727851867676,27,27,1,0,65.27961065184965
West End,2023,5,night,22649,1.07386,21091.203695081294,0.509475,76,122.1,2023-05-01,8.67727851867676,27,27,1,0,103.90474397590111
West End,2023,6,day,20035,0.99788,20077.564436605604,0.5095751851851852,78,122,2023-06-01,NA,NA,NA,NA,0,65.95923558564519
West End,2023,6,night,26994,1.26726,21301.074759717816,0.53085375,105,122,2023-06-01,NA,NA,NA,NA,0,105.96963126109253
West End,2023,7,day,19492,0.97113,20071.46314087712,0.5355188888888889,81,122.1,2023-07-01,6.37257099151611,27,27,1,0,69.06716487173938
West End,2023,7,night,30490,1.41525,21543.896838014487,0.5178630952380953,104,122.1,2023-07-01,6.37257099151611,27,27,1,0,112.2618458372525
West End,2023,8,day,22378,1.09417,20452.03213394628,0.5161489655172414,71,122.1,2023-08-01,8.24381637573242,27,27,1,0,71.65244872844698
West End,2023,8,night,29131,1.31818,22099.40979228937,0.50823475,107,122.1,2023-08-01,8.24381637573242,27,27,1,0,117.24398381445931
West End,2023,9,day,21336,1.06585,20017.826148144675,0.513106,71,122.5,2023-09-01,7.41293859481812,27,27,1,0,66.37495072641698
West End,2023,9,night,29908,1.39167,21490.72696831864,0.5155717948717948,121,122.5,2023-09-01,7.41293859481812,27,27,1,0,107.908020617944
West End,2023,10,day,18126,0.94508,19179.32873407542,0.5029848,84,122.5,2023-10-01,10.7974090576172,27,27,1,0,63.98577482485822
West End,2023,10,night,23041,1.06621,21610.18936232074,0.5083809677419355,85,122.5,2023-10-01,10.7974090576172,27,27,1,0,109.175181807703
West End,2023,11,day,13396,0.74576,17962.88350139455,0.5057878947368422,49,122.5,2023-11-01,9.28493118286133,27,27,1,0,53.99171036931479
West End,2023,11,night,24829,1.27692,19444.444444444445,0.5132145714285714,87,122.5,2023-11-01,9.28493118286133,27,27,1,0,88.5037947994615
West End,2023,12,day,13552,0.72322,18738.419844583943,0.5417,49,122.5,2023-12-01,8.34430885314941,27,27,1,0,54.73442354642456
West End,2023,12,night,25206,1.11901,22525.267870707143,0.5066729411764705,105,122.5,2023-12-01,8.34430885314941,27,27,1,0,99.6352164404115
West End,2024,1,day,15294,0.7382,20717.962611758332,0.5175877272727273,46,122.5,2024-01-01,9.52478981018066,27,27,1,0,59.40224625559735
West End,2024,1,night,19511,0.9360499999999999,20843.9720100422,0.5051015384615385,73,122.5,2024-01-01,9.52478981018066,27,27,1,0,90.50063474135248
West End,2024,2,day,18404,0.91901,20025.897433107366,0.5011434782608696,48,122.4,2024-02-01,8.50483417510986,27,27,1,0,51.78429195641867
West End,2024,2,night,22994,1.11705,20584.57544425048,0.510329,85,122.4,2024-02-01,8.50483417510986,27,27,1,0,80.60524274668477
West End,2024,3,day,14663,0.7171,20447.63631292707,0.5143471428571429,53,122.5,2024-03-01,10.0326919555664,27,27,1,0,59.14276325662057
West End,2024,3,night,23062,1.14691,20107.942209938006,0.517928125,85,122.5,2024-03-01,10.0326919555664,27,27,1,0,88.07272810237099
West End,2024,4,day,20265,0.98606,20551.487739082815,0.5114142307692308,72,130.3,2024-04-01,8.64089012145996,27,27,1,0,59.657525734218474
West End,2024,4,night,21324,1.13233,18831.965946323067,0.5280123333333333,73,130.3,2024-04-01,8.64089012145996,27,27,1,0,82.78143531507429
West End,2024,5,day,17091,0.91593,18659.72290458878,0.5337647826086956,90,130.4,2024-05-01,7.61434936523438,27,27,1,0,56.7604844874348
West End,2024,5,night,21194,1.05872,20018.51292126341,0.5133410714285714,80,130.4,2024-05-01,7.61434936523438,27,27,1,0,92.2121264860161
West End,2024,6,day,19437,0.9453,20561.726436052046,0.5146736,81,130.3,2024-06-01,NA,NA,NA,NA,0,63.16061881316211
West End,2024,6,night,20019,1.00085,20001.99830144377,0.47679037037037036,73,130.3,2024-06-01,NA,NA,NA,NA,0,93.04124361927707
West End,2024,7,day,19909,1.08172,18404.94767592353,0.5190688461538462,83,130.4,2024-07-01,5.19855070114136,27,27,1,0,59.217408552700725
West End,2024,7,night,28470,1.30238,21859.979422288423,0.5138379487179487,101,130.4,2024-07-01,5.19855070114136,27,27,1,0,106.50742396862682
West End,2024,8,day,19293,0.98865,19514.489455317856,0.5151766666666666,104,130.4,2024-08-01,7.20258522033691,27,27,1,0,63.92547714446835
West End,2024,8,night,27777,1.19426,23258.7543750942,0.5059545945945946,115,130.4,2024-08-01,7.20258522033691,27,27,1,0,115.37681821249639
West End,2024,9,day,21001,1.01279,20735.789255423137,0.48582857142857144,79,130.3,2024-09-01,5.61602830886841,27,27,1,0,64.28802485352648
West End,2024,9,night,21758,1.03789,20963.685939743133,0.4979753571428572,73,130.3,2024-09-01,5.61602830886841,27,27,1,0,98.42206630798306
West End,2024,10,day,18804,0.94415,19916.32685484298,0.5058208695652174,55,130.4,2024-10-01,7.02408647537231,27,27,1,0,62.1271583021427
West End,2024,10,night,18177,0.93476,19445.633103684366,0.5126281481481482,61,130.4,2024-10-01,7.02408647537231,27,27,1,0,91.85644907637557
West End,2024,11,day,19686,0.96656,20367.074987584838,0.49896615384615384,62,130.3,2024-11-01,7.25949907302856,27,26,0.962962962962963,0,57.2403009702636
West End,2024,11,night,23285,1.15122,20226.368548148923,0.517938,81,130.3,2024-11-01,7.25949907302856,27,26,0.962962962962963,0,86.08083748566678
West End,2024,12,day,20421,1.00502,20318.998626892997,0.5045303448275862,59,130.4,2024-12-01,7.52610397338867,27,27,1,0,55.4947754276828
West End,2024,12,night,29495,1.32989,22178.526043507358,0.511555,103,130.4,2024-12-01,7.52610397338867,27,27,1,0,91.72712855039732
West Point Grey,2014,1,day,5017,1.10884,4524.54817647271,0.8862433333333333,10,94.8,2014-01-01,2.15465211868286,54,54,1,0,16.20223930857513
West Point Grey,2014,1,night,5500,1.62333,3388.097306154633,0.78427499999999994,15,94.8,2014-01-01,2.15465211868286,54,54,1,0,18.372616987527984
West Point Grey,2014,2,day,2811,1.03951,2704.158690152091,0.52448,5,94.8,2014-02-01,2.23779964447021,54,53,0.981481481481482,0,8.733377477858326
West Point Grey,2014,2,night,4368,1.43815,3037.2353370649794,0.77852,13,94.8,2014-02-01,2.23779964447021,54,53,0.981481481481482,0,14.854013795461258
West Point Grey,2014,3,day,1838,0.35839,5128.491308351237,0.7564799999999999,4,94.8,2014-03-01,2.36167931556702,54,52,0.962962962962963,0,18.52644648087558
West Point Grey,2014,3,night,4405,1.984,2220.2620967741937,0.85152,12,94.8,2014-03-01,2.36167931556702,54,52,0.962962962962963,0,12.145686535444538
West Point Grey,2014,4,day,3056,0.60222,5074.557470691774,0.759552,7,101.7,2014-04-01,2.08483910560608,54,54,1,0,18.397726107246385
West Point Grey,2014,4,night,4795,1.27951,3747.528350696751,0.92968,10,101.7,2014-04-01,2.08483910560608,54,54,1,0,20.574354655409472
West Point Grey,2014,5,day,4688,1.54556,3033.204793084707,0.7681066666666666,14,101.7,2014-05-01,2.41146326065063,54,54,1,0,11.52355927011421
West Point Grey,2014,5,night,6021,1.66876,3608.0682662575805,0.9327891666666667,16,101.7,2014-05-01,2.41146326065063,54,54,1,0,20.757496499737833
West Point Grey,2014,6,day,5730,1.67726,3416.286085639674,0.817312,16,101.7,2014-06-01,NA,NA,NA,NA,0,13.10644877386858
West Point Grey,2014,6,night,5742,2.48791,2307.961300850915,0.9392581818181818,16,101.7,2014-06-01,NA,NA,NA,NA,0,13.408328632872584
West Point Grey,2014,7,day,5488,1.37198,4000.058309887899,0.8933688888888889,10,101.7,2014-07-01,2.19170832633972,54,54,1,0,16.074043374109056
West Point Grey,2014,7,night,9222,3.12346,2952.4949895308405,0.9666370588235293,35,101.7,2014-07-01,2.19170832633972,54,54,1,0,17.966492647842447
West Point Grey,2014,8,day,9712,3.9875499999999997,2435.5807450690277,1.10944,33,101.7,2014-08-01,2.20926594734192,54,54,1,0,9.964679148391735
West Point Grey,2014,8,night,6414,2.06711,3102.8827686963928,0.9440266666666667,22,101.7,2014-08-01,2.20926594734192,54,54,1,0,19.22389900331913
West Point Grey,2014,9,day,4397,1.96381,2239.014975990549,0.8145988888888889,9,101.7,2014-09-01,2.0743074417114298,54,54,1,0,8.669828642452643
West Point Grey,2014,9,night,3724,1.5485,2404.9079754601225,0.8412799999999999,13,101.7,2014-09-01,2.0743074417114298,54,54,1,0,14.101564527893276
West Point Grey,2014,10,day,7104,2.48264,2861.470048013405,0.8830769230769231,21,101.7,2014-10-01,1.68127810955048,54,54,1,0,11.14821797105163
West Point Grey,2014,10,night,8379,2.84487,2945.3015427769988,0.8792873333333333,21,101.7,2014-10-01,1.68127810955048,54,54,1,0,17.376461124521953
West Point Grey,2014,11,day,3397,1.17936,2880.375797042464,1.045832857142857,7,101.7,2014-11-01,2.02180123329163,54,54,1,0,10.11035492945213
West Point Grey,2014,11,night,5579,1.5143499999999999,3684.0888830191175,0.928704,12,101.7,2014-11-01,2.02180123329163,54,54,1,0,19.582253553159386
West Point Grey,2014,12,day,3744,1.39514,2683.601645712975,0.9506742857142857,7,101.7,2014-12-01,2.46841597557068,54,54,1,0,9.154019844370088
West Point Grey,2014,12,night,5581,1.12345,4967.73332146513,0.848691,18,101.7,2014-12-01,2.46841597557068,54,54,1,0,25.660634750167173
West Point Grey,2015,1,day,6106,1.90889,3198.7175793262054,0.8721745454545454,14,101.7,2015-01-01,1.96110761165619,54,53,0.981481481481482,0,11.861902837084637
West Point Grey,2015,1,night,6692,1.3489,4961.079398028023,0.9257066666666667,14,101.7,2015-01-01,1.96110761165619,54,53,0.981481481481482,0,27.85928485190544
West Point Grey,2015,2,day,3584,0.68573,5226.546891633734,0.7291733333333333,7,101.7,2015-02-01,2.33757734298706,54,54,1,0,17.480085339113856
West Point Grey,2015,2,night,5812,1.57854,3681.8832592142103,0.807296,15,101.7,2015-02-01,2.33757734298706,54,54,1,0,18.647217341560957
West Point Grey,2015,3,day,3674,1.2187299999999999,3014.613573145816,1.02848,7,101.7,2015-03-01,2.25048327445984,54,54,1,0,11.277498868236739
West Point Grey,2015,3,night,3786,1.31901,2870.3345691086497,0.7756157142857143,9,101.7,2015-03-01,2.25048327445984,54,54,1,0,16.26031611920437
West Point Grey,2015,4,day,3933,1.4096,2790.1532349602726,0.7773714285714286,10,107.7,2015-04-01,2.17732882499695,54,54,1,0,10.475449527168616
West Point Grey,2015,4,night,5168,0.98092,5268.52342698691,0.9067233333333333,13,107.7,2015-04-01,2.17732882499695,54,54,1,0,29.95358785985985
West Point Grey,2015,5,day,3798,1.26654,2998.720924724051,0.9698742857142857,8,107.7,2015-05-01,2.33879065513611,54,54,1,0,11.797761057176839
West Point Grey,2015,5,night,5517,1.81818,3034.3530343530347,0.882144,14,107.7,2015-05-01,2.33879065513611,54,54,1,0,18.077774915300353
West Point Grey,2015,6,day,5444,2.37219,2294.9257858771853,0.903072,19,107.7,2015-06-01,NA,NA,NA,NA,0,9.117548615008449
West Point Grey,2015,6,night,6868,2.90487,2364.3054594525747,0.8970484615384615,19,107.7,2015-06-01,NA,NA,NA,NA,0,14.224216309390767
West Point Grey,2015,7,day,6416,2.70242,2374.1683380081554,0.8969333333333334,17,107.7,2015-07-01,2.66347479820251,54,54,1,0,9.8798184067017
West Point Grey,2015,7,night,6544,3.1818299999999997,2056.678075195721,1.0349046153846153,22,107.7,2015-07-01,2.66347479820251,54,54,1,0,12.960420509621368
West Point Grey,2015,8,day,6767,2.41473,2802.383703353998,0.8840515384615384,20,107.7,2015-08-01,1.97646307945251,54,54,1,0,11.873179289064028
West Point Grey,2015,8,night,6822,3.1706399999999997,2151.6160775111653,0.9915815384615384,20,107.7,2015-08-01,1.97646307945251,54,54,1,0,13.804463377579264
West Point Grey,2015,9,day,3624,1.02345,3540.9643851678147,1.0554514285714285,10,107.7,2015-09-01,1.75916266441345,54,54,1,0,14.198867734559679
West Point Grey,2015,9,night,7939,2.92464,2714.522129219323,1.0171093333333334,32,107.7,2015-09-01,1.75916266441345,54,54,1,0,16.48317473367557
West Point Grey,2015,10,day,4843,1.51301,3200.904157936828,0.9998222222222222,13,107.7,2015-10-01,2.16971373558044,54,54,1,0,12.9142014688138
West Point Grey,2015,10,night,6568,1.76097,3729.762574035901,0.9198824999999999,16,107.7,2015-10-01,2.16971373558044,54,54,1,0,22.78722258609954
West Point Grey,2015,11,day,3897,0.7558,5156.1259592484785,0.8442328571428571,8,107.7,2015-11-01,2.08450055122375,54,54,1,0,18.7421498896892
West Point Grey,2015,11,night,8224,3.5684,2304.6743638605535,1.02222,30,107.7,2015-11-01,2.08450055122375,54,54,1,0,12.6858853064574
West Point Grey,2015,12,day,3985,1.9522199999999998,2041.265840940058,1.19384,12,107.7,2015-12-01,1.5011579990387,54,53,0.981481481481482,0,7.2106100192428215
West Point Grey,2015,12,night,5069,1.0118,5009.883376161297,0.8373333333333333,17,107.7,2015-12-01,1.5011579990387,54,53,0.981481481481482,0,26.79880180688748
West Point Grey,2016,1,day,4899,1.56121,3137.9506920913905,0.7594877777777778,17,107.7,2016-01-01,2.14780712127686,54,54,1,0,12.203989360401467
West Point Grey,2016,1,night,4626,1.25572,3683.942280126143,0.85048,14,107.7,2016-01-01,2.14780712127686,54,54,1,0,21.696208382370177
West Point Grey,2016,2,day,1632,0.89747999999999994,1818.424923118064,1.3346133333333332,3,107.6,2016-02-01,1.6933354139328,54,54,1,0,6.378246694162962
West Point Grey,2016,2,night,9339,2.52268,3702.0153170437793,0.8757270588235294,28,107.6,2016-02-01,1.6933354139328,54,54,1,0,19.66343875496383
West Point Grey,2016,3,day,5371,2.48657,2160.0035390115704,1.080736,14,107.7,2016-03-01,2.2654139995575,54,54,1,0,8.474475818081887
West Point Grey,2016,3,night,4535,0.80282,5648.837846590768,0.77486375,13,107.7,2016-03-01,2.2654139995575,54,54,1,0,33.560839150543345
West Point Grey,2016,4,day,5069,2.19366,2310.7500706581695,0.97392,12,112.2,2016-04-01,2.14817523956299,54,54,1,0,9.098605358134678
West Point Grey,2016,4,night,7770,2.22376,3494.0820951901287,0.92784199999999994,22,112.2,2016-04-01,2.14817523956299,54,54,1,0,20.83388579658257
West Point Grey,2016,5,day,5990,1.49858,3997.1172710165624,0.926370909090909,16,112.3,2016-05-01,2.04873204231262,54,54,1,0,16.49254494099188
West Point Grey,2016,5,night,5567,1.86497,2985.0346118168122,0.919827,13,112.3,2016-05-01,2.04873204231262,54,54,1,0,18.651144132597707
West Point Grey,2016,6,day,5509,2.7701599999999997,1988.6937938602825,0.9927736363636364,13,112.2,2016-06-01,NA,NA,NA,NA,0,8.2861845262594
West Point Grey,2016,6,night,9677,3.35628,2883.251695329353,0.9524088888888889,34,112.2,2016-06-01,NA,NA,NA,NA,0,18.19217223753223
West Point Grey,2016,7,day,3929,1.40923,2788.047373388304,1.0842514285714286,8,112.3,2016-07-01,2.04523086547852,54,54,1,0,12.167877876006575
West Point Grey,2016,7,night,5982,2.69012,2223.692623377396,1.0017333333333334,21,112.3,2016-07-01,2.04523086547852,54,54,1,0,14.69619039630972
West Point Grey,2016,8,day,4341,1.43227,3030.8531212690345,0.73764,16,112.3,2016-08-01,1.99153757095337,54,54,1,0,13.467331721379507
West Point Grey,2016,8,night,7157,3.0006,2385.1896287409186,0.8769230769230769,20,112.3,2016-08-01,1.99153757095337,54,54,1,0,16.04925585194788
West Point Grey,2016,9,day,4787,1.4338,3338.680429627563,0.791,9,112.2,2016-09-01,1.70768594741821,54,54,1,0,14.040554076104984
West Point Grey,2016,9,night,4089,0.84981,4811.663783669291,0.9441642857142857,10,112.2,2016-09-01,1.70768594741821,54,54,1,0,30.642203283573124
West Point Grey,2016,10,day,4923,1.58327,3109.3875333960727,0.9750755555555556,16,112.3,2016-10-01,1.71452844142914,54,54,1,0,13.156700237154753
West Point Grey,2016,10,night,8143,2.12584,3830.485831483084,0.9340586666666667,19,112.3,2016-10-01,1.71452844142914,54,54,1,0,24.54377201433128
West Point Grey,2016,11,day,5884,2.8365899999999997,2074.321632664573,0.9784145454545454,14,112.2,2016-11-01,1.52706277370453,54,54,1,0,7.9076825274132565
West Point Grey,2016,11,night,5053,1.41903,3560.883138481921,0.9761277777777778,18,112.2,2016-11-01,1.52706277370453,54,54,1,0,20.556357922157467
West Point Grey,2016,12,day,4128,1.2529599999999999,3294.5983910100886,0.9327542857142856,7,112.3,2016-12-01,2.16713118553162,54,54,1,0,12.20540407146883
West Point Grey,2016,12,night,8317,2.5679,3238.8332879006193,1.08944,21,112.3,2016-12-01,2.16713118553162,54,54,1,0,18.169944257922204
West Point Grey,2017,1,day,3947,1.38293,2854.085167000499,0.8452114285714286,7,112.3,2017-01-01,3.39512705802917,54,54,1,0,10.544509892416427
West Point Grey,2017,1,night,9120,2.63104,3466.309900267575,1.0218464705882353,28,112.3,2017-01-01,3.39512705802917,54,54,1,0,19.392874132354795
West Point Grey,2017,2,day,1352,1.4142899999999998,955.9566991211138,1.0727466666666665,6,112.1,2017-02-01,2.90908193588257,54,54,1,0,3.185282262961146
West Point Grey,2017,2,night,5571,1.4617,3811.3155914346307,0.96128,16,112.1,2017-02-01,2.90908193588257,54,54,1,0,19.230914403721727
West Point Grey,2017,3,day,7643,2.41081,3170.3037568286177,0.9554971428571428,17,112.3,2017-03-01,2.2529034614563,54,54,1,0,11.815797032304317
West Point Grey,2017,3,night,7321,2.48348,2947.879588319616,0.8464984615384615,16,112.3,2017-03-01,2.2529034614563,54,54,1,0,16.63746703159756
West Point Grey,2017,4,day,5122,1.99878,2562.563163529753,0.7860266666666667,10,115.2,2017-04-01,2.428551197052,54,54,1,0,9.585178328278353
West Point Grey,2017,4,night,4631,1.22132,3791.799037107392,1.0861366666666665,12,115.2,2017-04-01,2.428551197052,54,54,1,0,21.47762479784739
West Point Grey,2017,5,day,4642,2.11333,2196.533433018033,0.860821111111111,13,115.3,2017-05-01,2.08919072151184,54,54,1,0,8.609587988066087
West Point Grey,2017,5,night,7275,2.5368399999999998,2867.7409690796426,0.8493538461538461,24,115.3,2017-05-01,2.08919072151184,54,54,1,0,17.02157695728832
West Point Grey,2017,6,day,2799,1.26312,2215.9414782443473,0.88368,8,115.2,2017-06-01,NA,NA,NA,NA,0,8.770992376958809
West Point Grey,2017,6,night,5927,2.54359,2330.171136071458,1.0164958333333334,15,115.2,2017-06-01,NA,NA,NA,NA,0,13.966692971685362
West Point Grey,2017,7,day,5965,2.07939,2868.62974237637,0.9639272727272727,13,115.3,2017-07-01,2.35514450073242,54,54,1,0,11.893042069581847
West Point Grey,2017,7,night,10084,3.4666,2908.9020942710436,0.9601110526315789,39,115.3,2017-07-01,2.35514450073242,54,54,1,0,18.26261163004202
West Point Grey,2017,8,day,4830,1.41822,3405.677539450861,0.70956,10,115.3,2017-08-01,1.98137378692627,54,54,1,0,14.375533039181738
West Point Grey,2017,8,night,5081,1.76016,2886.6693936914826,0.8130488888888889,11,115.3,2017-08-01,1.98137378692627,54,54,1,0,18.451547713492225
West Point Grey,2017,9,day,4573,2.3899299999999997,1913.4451636658816,0.85792,10,115.2,2017-09-01,1.84497892856598,54,54,1,0,7.6441496455035765
West Point Grey,2017,9,night,5179,1.43283,3614.525100674888,1.082368,12,115.2,2017-09-01,1.84497892856598,54,54,1,0,21.866522731064965
West Point Grey,2017,10,day,5880,2.0647699999999998,2847.7748126910024,0.8362645454545454,16,115.3,2017-10-01,1.89247155189514,54,54,1,0,11.446732561547199
West Point Grey,2017,10,night,7943,2.12463,3738.5332975623996,0.9863593333333334,26,115.3,2017-10-01,1.89247155189514,54,54,1,0,22.755818740205626
West Point Grey,2017,11,day,2906,1.51115,1923.038745326407,1.3538133333333333,9,115.2,2017-11-01,1.29593431949615,54,51,0.944444444444444,0,6.964098866082273
West Point Grey,2017,11,night,5551,1.77488,3127.5353826737582,1.1013118181818182,14,115.2,2017-11-01,1.29593431949615,54,51,0.944444444444444,0,17.151197431437065
West Point Grey,2017,12,day,1580,0.40420999999999996,3908.8592563271573,0.97536,4,115.3,2017-12-01,2.26432657241821,54,54,1,0,13.756358265470771
West Point Grey,2017,12,night,5042,1.4527299999999999,3470.7068760196325,0.8580833333333333,17,115.3,2017-12-01,2.26432657241821,54,54,1,0,18.496378405840268
West Point Grey,2018,1,day,3851,1.74166,2211.1089420437975,1.0684342857142857,12,115.3,2018-01-01,2.10122752189636,54,54,1,0,8.242586387954283
West Point Grey,2018,1,night,4353,1.7851599999999999,2438.4368908109077,1.30048,12,115.3,2018-01-01,2.10122752189636,54,54,1,0,13.765126528300671
West Point Grey,2018,2,day,1274,0.28817,4421.001492174758,1.1263999999999998,3,115.1,2018-02-01,4.56519603729248,54,54,1,0,14.86360858844902
West Point Grey,2018,2,night,5011,1.7844499999999999,2808.148168903584,0.9202133333333333,16,115.1,2018-02-01,4.56519603729248,54,54,1,0,14.296803199153263
West Point Grey,2018,3,day,2639,1.10852,2380.6516797171003,1.27232,6,115.3,2018-03-01,2.23228693008423,54,54,1,0,8.952656065375447
West Point Grey,2018,3,night,7175,2.30278,3115.799164488141,0.9933292307692307,20,115.3,2018-03-01,2.23228693008423,54,54,1,0,17.74356251380331
West Point Grey,2018,4,day,4134,1.51785,2723.589287479,0.84804,9,118.7,2018-04-01,2.34353375434875,54,54,1,0,10.279242981300502
West Point Grey,2018,4,night,8667,2.79886,3096.617908719979,0.897971875,24,118.7,2018-04-01,2.34353375434875,54,54,1,0,17.697929343365175
West Point Grey,2018,5,day,2945,1.25253,2351.2410880378116,1.0075516666666666,6,118.8,2018-05-01,2.18928933143616,54,54,1,0,9.298986340591705
West Point Grey,2018,5,night,7980,1.65381,4825.221760661745,0.9597714285714285,21,118.8,2018-05-01,2.18928933143616,54,54,1,0,28.8982168795572
West Point Grey,2018,6,day,4030,1.36397,2954.6104386460115,0.95168,10,118.7,2018-06-01,NA,NA,NA,NA,0,11.800069662013303
West Point Grey,2018,6,night,6331,2.74871,2303.2622575680957,1.0804430769230768,18,118.7,2018-06-01,NA,NA,NA,NA,0,13.929741446905222
West Point Grey,2018,7,day,3817,1.66031,2298.9682649625674,0.9189028571428571,11,118.8,2018-07-01,2.25746822357178,54,54,1,0,9.617126552504049
West Point Grey,2018,7,night,5308,2.46928,2149.6144625153893,0.95504,14,118.8,2018-07-01,2.25746822357178,54,54,1,0,13.617213638720374
West Point Grey,2018,8,day,1735,0.31054,5587.0419269659305,0.6562133333333333,5,118.8,2018-08-01,1.60701167583466,54,54,1,0,23.795578030325938
West Point Grey,2018,8,night,6912,3.22279,2144.725532845764,1.0346584615384615,26,118.8,2018-08-01,1.60701167583466,54,54,1,0,13.83252206306985
West Point Grey,2018,9,day,5365,2.80868,1910.1499636840083,0.934432,11,118.7,2018-09-01,1.72335565090179,54,54,1,0,7.699712705786215
West Point Grey,2018,9,night,7230,2.33808,3092.280845822213,1.098642142857143,22,118.7,2018-09-01,1.72335565090179,54,54,1,0,18.87562357065197
West Point Grey,2018,10,day,3547,0.85816,4133.261862589727,0.9720685714285714,7,118.8,2018-10-01,1.79769814014435,54,54,1,0,16.76342319588514
West Point Grey,2018,10,night,7502,2.6305,2851.9292910093136,0.9633507142857143,23,118.8,2018-10-01,1.79769814014435,54,54,1,0,17.515553382658986
West Point Grey,2018,11,day,5511,2.4394899999999997,2259.0787418681775,1.1286572727272728,14,118.7,2018-11-01,1.76003730297089,54,54,1,0,8.254716431424482
West Point Grey,2018,11,night,7414,2.51397,2949.1203156760025,0.9216228571428571,23,118.7,2018-11-01,1.76003730297089,54,54,1,0,16.31843860764912
West Point Grey,2018,12,day,6259,1.7121,3655.7444074528357,1.1361066666666666,17,118.8,2018-12-01,1.83917129039764,54,54,1,0,12.98144881625591
West Point Grey,2018,12,night,8211,2.25499,3641.25783262897,0.9836713333333333,21,118.8,2018-12-01,1.83917129039764,54,54,1,0,19.580063410216827
West Point Grey,2019,1,day,1366,0.84122,1623.8320534461855,1.4353066666666667,3,118.8,2019-01-01,1.5391811132431,54,54,1,0,6.559192673790776
West Point Grey,2019,1,night,6216,1.62138,3833.771231913555,1.0847358333333332,16,118.8,2019-01-01,1.5391811132431,54,54,1,0,23.450429087796053
West Point Grey,2019,2,day,1921,1.01521,1892.2193437810897,0.65128,4,118.6,2019-02-01,2.66340184211731,54,54,1,0,6.893360456699539
West Point Grey,2019,2,night,4257,2.12804,2000.4323227007012,1.00404,10,118.6,2019-02-01,2.66340184211731,54,54,1,0,11.035669736413324
West Point Grey,2019,3,day,3199,1.11059,2880.4509314868674,0.8778666666666667,7,118.8,2019-03-01,2.30950212478638,54,54,1,0,11.737414363071103
West Point Grey,2019,3,night,7118,1.90795,3730.7057312822662,0.9460576923076923,18,118.8,2019-03-01,2.30950212478638,54,54,1,0,23.02068650164364
West Point Grey,2019,4,day,1058,0.19609,5395.4816665816725,0.8304,4,120.9,2019-04-01,1.97641456127167,54,54,1,0,22.065087183242603
West Point Grey,2019,4,night,6603,2.57998,2559.322165288103,0.91816,15,120.9,2019-04-01,1.97641456127167,54,54,1,0,15.849505086996698
West Point Grey,2019,5,day,5458,1.71755,3177.78230619196,0.885024,13,120.9,2019-05-01,2.00239086151123,54,54,1,0,13.618162174462302
West Point Grey,2019,5,night,7742,3.00887,2573.0589889227517,1.052736,24,120.9,2019-05-01,2.00239086151123,54,54,1,0,16.697806462690945
West Point Grey,2019,6,day,5624,1.27123,4424.061735484531,0.991424,11,120.9,2019-06-01,NA,NA,NA,NA,0,19.145267285415972
West Point Grey,2019,6,night,8741,3.37661,2588.691024429828,0.96294,23,120.9,2019-06-01,NA,NA,NA,NA,0,16.964294146408022
West Point Grey,2019,7,day,4851,2.06806,2345.6766244693094,0.8436977777777778,13,120.9,2019-07-01,2.12492394447327,54,54,1,0,10.632524852917278
West Point Grey,2019,7,night,7304,2.15855,3383.7529823260984,0.9237907692307692,26,120.9,2019-07-01,2.12492394447327,54,54,1,0,23.22641808032464
West Point Grey,2019,8,day,6376,2.48341,2567.437515351875,0.8901491666666667,17,120.9,2019-08-01,2.10864067077637,54,54,1,0,11.848684163266489
West Point Grey,2019,8,night,7279,2.3224,3134.2576644850155,0.9970971428571429,21,120.9,2019-08-01,2.10864067077637,54,54,1,0,21.903839975021874
West Point Grey,2019,9,day,4676,2.05827,2271.8107925587997,0.8700088888888888,14,120.9,2019-09-01,2.09748244285583,54,54,1,0,9.922820304131546
West Point Grey,2019,9,night,7372,2.01794,3653.230522215725,0.9087015384615384,32,120.9,2019-09-01,2.09748244285583,54,54,1,0,24.163251084910723
West Point Grey,2019,10,day,4856,1.65831,2928.2824079936804,0.8464,17,120.9,2019-10-01,1.89964580535889,54,54,1,0,12.868817988243611
West Point Grey,2019,10,night,7432,2.44468,3040.070684097714,0.8245164285714286,25,120.9,2019-10-01,1.89964580535889,54,54,1,0,20.23134250373645
West Point Grey,2019,11,day,3635,1.0568899999999999,3439.336165542299,0.8676266666666667,8,120.9,2019-11-01,1.95790576934814,54,54,1,0,13.617623677579354
West Point Grey,2019,11,night,6601,2.39528,2755.8364784075347,0.8664158333333333,21,120.9,2019-11-01,1.95790576934814,54,54,1,0,16.52324975400674
West Point Grey,2019,12,day,2624,0.99705,2631.763702923625,0.855296,7,120.9,2019-12-01,1.77172935009003,54,53,0.981481481481482,0,10.126284988745683
West Point Grey,2019,12,night,9646,3.33011,2896.6010131797448,0.9365794444444444,29,120.9,2019-12-01,1.77172935009003,54,53,0.981481481481482,0,16.877466405699618
West Point Grey,2020,1,day,3151,1.64124,1919.8898393897298,0.8309866666666667,9,120.9,2020-01-01,2.40480995178223,54,44,0.814814814814815,0,6.269763638776143
West Point Grey,2020,1,night,6826,2.35526,2898.1938299805543,1.0424615384615386,17,120.9,2020-01-01,2.40480995178223,54,44,0.814814814814815,0,14.332356667008563
West Point Grey,2020,2,day,3327,0.63304,5255.592063692658,0.8408533333333333,11,120.8,2020-02-01,2.00864887237549,54,54,1,0,15.479136819954002
West Point Grey,2020,2,night,5598,1.10988,5043.788517677587,0.832064,20,120.8,2020-02-01,2.00864887237549,54,54,1,0,22.49558443036169
West Point Grey,2020,3,day,4125,0.85931,4800.363082007657,0.99414375,9,120.9,2020-03-01,2.31992077827454,54,54,1,0,15.814360057543603
West Point Grey,2020,3,night,7172,2.7412099999999997,2616.3628470638882,1.1762742857142856,22,120.9,2020-03-01,2.31992077827454,54,54,1,0,13.052413684042998
West Point Grey,2020,4,day,2723,0.57109,4768.075084487559,0.797696,5,119.6,2020-04-01,2.25967812538147,54,54,1,0,15.764641265073179
West Point Grey,2020,4,night,6947,2.30889,3008.8050968214166,1.1659815384615384,18,119.6,2020-04-01,2.25967812538147,54,54,1,0,15.064349533139298
West Point Grey,2020,5,day,4608,1.95711,2354.4920827137976,1.0900266666666667,12,119.7,2020-05-01,2.15179038047791,54,54,1,0,8.157501715158752
West Point Grey,2020,5,night,8576,3.08877,2776.509743360626,1.0971482352941175,28,119.7,2020-05-01,2.15179038047791,54,54,1,0,14.56714564014611
West Point Grey,2020,6,day,2347,0.5132099999999999,4573.176672317375,0.9910399999999999,4,119.6,2020-06-01,NA,NA,NA,NA,0,16.00014118426407
West Point Grey,2020,6,night,7000,2.17677,3215.7738300325714,0.9610092307692307,22,119.6,2020-06-01,NA,NA,NA,NA,0,17.037530763336708
West Point Grey,2020,7,day,4608,2.17692,2116.7521084835457,1.1556266666666666,14,119.7,2020-07-01,2.06458020210266,54,54,1,0,7.757179619879096
West Point Grey,2020,7,night,9714,3.4838999999999998,2788.2545423232586,1.0055644444444445,24,119.7,2020-07-01,2.06458020210266,54,54,1,0,15.473251557657518
West Point Grey,2020,8,day,2958,1.51683,1950.1196574434841,0.9718716666666667,10,119.7,2020-08-01,2.05586791038513,54,54,1,0,7.276073551773094
West Point Grey,2020,8,night,10591,3.6862,2873.1484998101027,0.9978655,42,119.7,2020-08-01,2.05586791038513,54,54,1,0,16.2333897123157
West Point Grey,2020,9,day,4758,1.75306,2714.1113253396916,0.8859377777777777,12,119.6,2020-09-01,1.79372179508209,54,54,1,0,9.584207455070588
West Point Grey,2020,9,night,8675,3.71282,2336.4989415053788,1.068020588235294,35,119.6,2020-09-01,1.79372179508209,54,54,1,0,12.494228898147295
West Point Grey,2020,10,day,4685,2.15514,2173.872695045334,1.13408,13,119.7,2020-10-01,1.76564335823059,54,54,1,0,7.723699840051645
West Point Grey,2020,10,night,8541,2.6780399999999998,3189.27275171394,1.16144,28,119.7,2020-10-01,1.76564335823059,54,54,1,0,17.15924849579061
West Point Grey,2020,11,day,3245,0.77224,4202.061535274008,0.9939199999999999,13,119.6,2020-11-01,1.86979162693024,54,54,1,0,13.451003632920177
West Point Grey,2020,11,night,5701,1.71879,3316.868261974994,0.756256,23,119.6,2020-11-01,1.86979162693024,54,54,1,0,16.078140735444816
West Point Grey,2020,12,day,2996,0.88589,3381.9097179108016,1.10656,6,119.7,2020-12-01,1.35510492324829,54,53,0.981481481481482,0,10.52036584763219
West Point Grey,2020,12,night,6002,1.67041,3593.1298304009197,0.8820945454545455,13,119.7,2020-12-01,1.35510492324829,54,53,0.981481481481482,0,16.9261062979036
West Point Grey,2021,1,day,2476,0.44112,5612.985128763148,0.72864,6,119.7,2021-01-01,1.20909309387207,54,53,0.981481481481482,0,14.769919056679893
West Point Grey,2021,1,night,7271,2.8889199999999997,2516.857510765269,1.2201142857142857,22,119.7,2021-01-01,1.20909309387207,54,53,0.981481481481482,0,10.029012528609165
West Point Grey,2021,2,day,6760,1.92239,3516.4560781111013,0.9786666666666667,15,119.5,2021-02-01,2.31240725517273,54,54,1,0,8.34525579739573
West Point Grey,2021,2,night,5894,2.2711099999999997,2595.206749122676,0.9035227272727272,15,119.5,2021-02-01,2.31240725517273,54,54,1,0,9.326565377082936
West Point Grey,2021,3,day,2934,0.62384,4703.129007437805,0.96128,5,119.7,2021-03-01,2.32780313491821,54,54,1,0,12.48457584580936
West Point Grey,2021,3,night,5847,1.54447,3785.764695979851,1.0736172727272728,14,119.7,2021-03-01,2.32780313491821,54,54,1,0,15.217938981759316
West Point Grey,2021,4,day,3724,0.9486100000000001,3925.7439833018834,1.0117485714285714,9,120.1,2021-04-01,2.31754922866821,54,54,1,0,10.458570915817976
West Point Grey,2021,4,night,6595,2.60791,2528.844937133567,1.0098291666666666,14,120.1,2021-04-01,2.31754922866821,54,54,1,0,10.202060463417931
West Point Grey,2021,5,day,4647,1.34367,3458.438455870861,1.0116,10,120.1,2021-05-01,2.05158996582031,54,54,1,0,9.65493503850322
West Point Grey,2021,5,night,9520,2.91399,3266.998170892831,1.0097527777777777,29,120.1,2021-05-01,2.05158996582031,54,54,1,0,13.811266860835431
West Point Grey,2021,6,day,5529,2.37454,2328.450984190622,0.9750863636363636,11,120.1,2021-06-01,NA,NA,NA,NA,0,6.564207492393003
West Point Grey,2021,6,night,9511,2.82137,3371.0573232153174,0.9965333333333333,33,120.1,2021-06-01,NA,NA,NA,NA,0,14.3911884091862
West Point Grey,2021,7,day,4404,1.79094,2459.0438540654627,1.02656,9,120.1,2021-07-01,2.16267728805542,54,54,1,0,7.261218169360604
West Point Grey,2021,7,night,4541,1.00773,4506.167326565647,1.05296,11,120.1,2021-07-01,2.16267728805542,54,54,1,0,20.149572993516276
West Point Grey,2021,8,day,4291,2.2972099999999998,1867.9180397090386,1.0877511111111111,12,120.1,2021-08-01,1.77211940288544,54,54,1,0,5.615688400143095
West Point Grey,2021,8,night,5962,2.58511,2306.2848389430237,1.2192,13,120.1,2021-08-01,1.77211940288544,54,54,1,0,10.499616837063256
West Point Grey,2021,9,day,2460,0.50569,4864.640392335225,0.9699199999999999,4,120.1,2021-09-01,1.90173745155334,54,54,1,0,13.841675227173768
West Point Grey,2021,9,night,2853,1.02272,2789.6198372966205,0.974592,6,120.1,2021-09-01,1.90173745155334,54,54,1,0,12.019828113777136
West Point Grey,2021,10,day,939,0.46385,2024.3613237037837,1.26912,3,120.1,2021-10-01,1.90398108959198,54,53,0.981481481481482,0,5.795470193196935
West Point Grey,2021,10,night,3959,1.23044,3217.548194141933,0.9219657142857143,7,120.1,2021-10-01,1.90398108959198,54,53,0.981481481481482,0,13.948934243682402
West Point Grey,2021,11,day,3273,1.02476,3193.918576056833,1.23328,6,120.1,2021-11-01,1.73410475254059,54,52,0.962962962962963,0,8.238070179332428
West Point Grey,2021,11,night,4019,0.85913,4677.988197362449,0.9082514285714286,11,120.1,2021-11-01,1.73410475254059,54,52,0.962962962962963,0,18.271579415010283
West Point Grey,2021,12,day,1462,0.9248799999999999,1580.7456102413287,0.5441066666666666,4,120.1,2021-12-01,2.62326216697693,54,54,1,0,3.9622345675547725
West Point Grey,2021,12,night,4814,0.83142,5790.094055952466,0.7916,11,120.1,2021-12-01,2.62326216697693,54,54,1,0,21.977542965138053
West Point Grey,2022,1,day,1417,0.26758,5295.612527094701,0.9024,2,120.1,2022-01-01,1.4392808675766,54,53,0.981481481481482,0,14.79345315274277
West Point Grey,2022,1,night,4013,0.77925,5149.823548283606,0.9245257142857143,9,120.1,2022-01-01,1.4392808675766,54,53,0.981481481481482,0,21.78517383516902
West Point Grey,2022,2,day,1307,0.29521,4427.356796856476,0.96512,2,120,2022-02-01,2.26859021186829,54,54,1,0,11.154448813522965
West Point Grey,2022,2,night,2392,1.36489,1752.5221812746815,1.14592,6,120,2022-02-01,2.26859021186829,54,54,1,0,6.686247316312321
West Point Grey,2022,3,day,3160,0.91853,3440.279577150447,1.0427733333333333,7,120.1,2022-03-01,2.15823006629944,54,54,1,0,9.695043766859351
West Point Grey,2022,3,night,7914,2.56888,3080.720002491358,0.8159221428571428,24,120.1,2022-03-01,2.15823006629944,54,54,1,0,13.146906858160113
West Point Grey,2022,4,day,1763,0.7916399999999999,2227.0223839118794,1.0769066666666667,3,120.9,2022-04-01,2.41903471946716,54,54,1,0,6.298600889856828
West Point Grey,2022,4,night,3103,1.72702,1796.7365751409943,0.9022399999999999,7,120.9,2022-04-01,2.41903471946716,54,54,1,0,7.695188056338393
West Point Grey,2022,5,day,3002,1.30297,2303.9670905700054,0.98864,8,120.9,2022-05-01,2.23888516426086,54,54,1,0,6.828333309278688
West Point Grey,2022,5,night,2189,0.48088000000000003,4552.071202794876,0.80384,5,120.9,2022-05-01,2.23888516426086,54,54,1,0,20.429738526921916
West Point Grey,2022,6,day,4692,2.2941,2045.2465018961686,0.9967288888888889,12,120.9,2022-06-01,NA,NA,NA,NA,0,6.121107336985516
West Point Grey,2022,6,night,4380,1.87034,2341.8202038132104,0.79892,10,120.9,2022-06-01,NA,NA,NA,NA,0,10.613367591773752
West Point Grey,2022,7,day,1401,0.8956,1564.314426083073,0.5519566666666667,3,120.9,2022-07-01,2.23222708702087,54,54,1,0,4.90384120343775
West Point Grey,2022,7,night,4730,2.07801,2276.216187602562,0.7805366666666667,12,120.9,2022-07-01,2.23222708702087,54,54,1,0,10.805408164587035
West Point Grey,2022,8,day,1998,0.94455,2115.2929966650786,1.04064,5,120.9,2022-08-01,1.8360081911087,54,54,1,0,6.751260306735971
West Point Grey,2022,8,night,4042,1.7415,2320.9876543209875,0.97892,13,120.9,2022-08-01,1.8360081911087,54,54,1,0,11.217665179295622
West Point Grey,2022,9,day,4953,1.50612,3288.5825830611107,0.9634133333333333,11,120.9,2022-09-01,1.90692865848541,54,54,1,0,9.933808922267357
West Point Grey,2022,9,night,4609,1.51994,3032.356540389752,0.8106,11,120.9,2022-09-01,1.90692865848541,54,54,1,0,13.870835920888446
West Point Grey,2022,10,day,447,0.15418,2899.2087170839277,1.57184,1,120.9,2022-10-01,1.84048533439636,54,54,1,0,8.811488185158618
West Point Grey,2022,10,night,5319,1.64442,3234.575108548911,1.013888,16,120.9,2022-10-01,1.84048533439636,54,54,1,0,14.886833896074954
West Point Grey,2022,11,day,438,0.6938,631.3058518304987,0.18464,1,120.9,2022-11-01,1.66761767864227,54,54,1,0,1.7286640419057422
West Point Grey,2022,11,night,2038,1.02451,1989.2436384222701,1.1216,5,120.9,2022-11-01,1.66761767864227,54,54,1,0,8.248482972457808
West Point Grey,2022,12,day,459,0.08912,5150.359066427289,0.86835,1,120.9,2022-12-01,2.13551759719849,54,54,1,0,13.705183100067792
West Point Grey,2022,12,night,1900,0.88913,2136.9203603522546,1.216,5,120.9,2022-12-01,2.13551759719849,54,54,1,0,8.610948511187102
West Point Grey,2023,1,day,2636,0.51652,5103.384186478743,0.925056,8,120.9,2023-01-01,1.66117131710052,54,54,1,0,14.483758058824328
West Point Grey,2023,1,night,4794,1.91879,2498.449543722867,1.01499,13,120.9,2023-01-01,1.66117131710052,54,54,1,0,10.737641559150061
West Point Grey,2023,2,day,869,0.7884,1102.232369355657,0.708,2,120.7,2023-02-01,1.8690869808197,54,53,0.981481481481482,0,2.821281305152124
West Point Grey,2023,2,night,5486,1.39642,3928.6174646596296,0.959347,10,120.7,2023-02-01,1.8690869808197,54,53,0.981481481481482,0,15.227488993318028
West Point Grey,2023,3,day,1776,0.9306,1908.4461637653128,1.32128,6,120.9,2023-03-01,1.95379400253296,54,54,1,0,5.463935802738915
West Point Grey,2023,3,night,5056,1.5518,3258.1518236886195,0.74976,10,120.9,2023-03-01,1.95379400253296,54,54,1,0,14.125775950582627
West Point Grey,2023,4,day,3498,1.1129499999999999,3142.9983377510225,0.98944,7,122,2023-04-01,2.05566430091858,54,54,1,0,9.030947082411624
West Point Grey,2023,4,night,2732,1.16285,2349.40018059079,0.732992,6,122,2023-04-01,2.05566430091858,54,54,1,0,10.222602292615445
West Point Grey,2023,5,day,2914,1.11564,2611.953676813309,0.9789866666666667,9,122.1,2023-05-01,2.32881832122803,54,54,1,0,7.864544048092092
West Point Grey,2023,5,night,3919,1.89432,2068.8162506862623,0.7952,12,122.1,2023-05-01,2.32881832122803,54,54,1,0,9.43290191909677
West Point Grey,2023,6,day,2128,1.26565,1681.3495042073243,1.0036,5,122,2023-06-01,NA,NA,NA,NA,0,5.112248720670654
West Point Grey,2023,6,night,5575,1.45789,3824.0196448291713,0.9467519999999999,17,122,2023-06-01,NA,NA,NA,NA,0,17.607164042692848
West Point Grey,2023,7,day,6221,3.00702,2068.8256147282027,1.0147466666666667,14,122.1,2023-07-01,2.08739876747131,54,54,1,0,6.588793110726283
West Point Grey,2023,7,night,6049,2.6524099999999997,2280.5674839108588,0.98488,15,122.1,2023-07-01,2.08739876747131,54,54,1,0,10.998671602324393
West Point Grey,2023,8,day,605,0.09098,6649.813145746318,0.49536,1,122.1,2023-08-01,2.00897002220154,54,54,1,0,21.562216485897878
West Point Grey,2023,8,night,5066,1.83016,2768.0639944048608,1.068339,15,122.1,2023-08-01,2.00897002220154,54,54,1,0,13.59175092353585
West Point Grey,2023,9,day,3973,2.15999,1839.3603674091082,0.87508,9,122.5,2023-09-01,1.78747308254242,54,54,1,0,5.6447344044920005
West Point Grey,2023,9,night,4539,1.64216,2764.0424806352607,0.9670044444444444,12,122.5,2023-09-01,1.78747308254242,54,54,1,0,12.845077305276131
West Point Grey,2023,10,day,1401,0.59441,2356.9590013626957,1.1690666666666667,4,122.5,2023-10-01,1.69473588466644,54,54,1,0,7.277654730187248
West Point Grey,2023,10,night,3858,1.45325,2654.7393772578703,0.8814171428571429,8,122.5,2023-10-01,1.69473588466644,54,54,1,0,12.412996482266292
West Point Grey,2023,11,day,1559,0.4073,3827.6454701694083,0.85888,4,122.5,2023-11-01,1.73934900760651,54,54,1,0,10.64810013341836
West Point Grey,2023,11,night,3645,1.46501,2488.037624316558,0.9172571428571429,8,122.5,2023-11-01,1.73934900760651,54,54,1,0,10.481240492286048
West Point Grey,2023,12,day,2153,0.98432,2187.2968140442135,0.99472,4,122.5,2023-12-01,1.98760569095612,54,54,1,0,5.9132289282469355
West Point Grey,2023,12,night,2480,1.17997,2101.7483495343104,1.2032,5,122.5,2023-12-01,1.98760569095612,54,54,1,0,8.60424976385109
West Point Grey,2024,1,day,3023,2.1333599999999997,1417.0135373307835,1.337462857142857,8,122.5,2024-01-01,2.69542217254639,54,54,1,0,3.7602715719386586
West Point Grey,2024,1,night,4987,1.50532,3312.916854887997,1.247488,12,122.5,2024-01-01,2.69542217254639,54,54,1,0,13.312850947305279
West Point Grey,2024,2,day,2124,0.72803,2917.462192492068,1.2039675,4,122.4,2024-02-01,2.29976058006287,54,54,1,0,6.982334990055868
West Point Grey,2024,2,night,5630,2.00223,2811.86477078058,0.759904,13,122.4,2024-02-01,2.29976058006287,54,54,1,0,10.190727670442891
West Point Grey,2024,3,day,2764,1.21353,2277.652798035483,0.7143039999999999,5,122.5,2024-03-01,2.30487442016602,54,54,1,0,6.097269769273393
West Point Grey,2024,3,night,2097,1.07042,1959.044113525532,0.7751199999999999,4,122.5,2024-03-01,2.30487442016602,54,54,1,0,7.94158933143722
West Point Grey,2024,4,day,2172,0.49087,4424.796789373969,1.1450875,4,130.3,2024-04-01,2.15156602859497,54,54,1,0,11.887887611267436
West Point Grey,2024,4,night,5633,1.60103,3518.360055714134,0.818528,12,130.3,2024-04-01,2.15156602859497,54,54,1,0,14.314196104870318
West Point Grey,2024,5,day,1841,0.25986,7084.584006772879,0.65216,3,130.4,2024-05-01,2.2877094745636,54,54,1,0,19.945487114435576
West Point Grey,2024,5,night,5524,2.22275,2485.2097626813634,0.937171,16,130.4,2024-05-01,2.2877094745636,54,54,1,0,10.595187943820346
West Point Grey,2024,6,day,3045,1.33107,2287.633257454529,0.7906666666666666,12,130.3,2024-06-01,NA,NA,NA,NA,0,6.503731304825282
West Point Grey,2024,6,night,5034,2.0311,2478.459947811531,0.941088,13,130.3,2024-06-01,NA,NA,NA,NA,0,10.670221009683678
West Point Grey,2024,7,day,4316,2.16267,1995.6812643630328,0.85892,10,130.4,2024-07-01,1.70708346366882,54,54,1,0,5.942858371153407
West Point Grey,2024,7,night,2431,2.0534,1183.890133437226,0.949824,6,130.4,2024-07-01,1.70708346366882,54,54,1,0,5.338643519774074
West Point Grey,2024,8,day,2709,1.65893,1632.9802945271952,0.9618559999999999,7,130.4,2024-08-01,1.50390577316284,54,54,1,0,4.950933785471498
West Point Grey,2024,8,night,2863,0.65578,4365.7934063252915,1.1016533333333334,7,130.4,2024-08-01,1.50390577316284,54,54,1,0,20.04401299624551
West Point Grey,2024,9,day,2517,1.2195,2063.960639606396,0.721216,6,130.3,2024-09-01,1.2031706571579,54,54,1,0,5.922435134533238
West Point Grey,2024,9,night,2243,0.50202,4467.949484084299,0.83072,4,130.3,2024-09-01,1.2031706571579,54,54,1,0,19.41433312016826
West Point Grey,2024,10,day,2033,1.0729,1894.8643862428933,0.81704,6,130.4,2024-10-01,1.62788128852844,54,54,1,0,5.470660537617724
West Point Grey,2024,10,night,3305,0.74709,4423.831131456718,0.9866666666666666,7,130.4,2024-10-01,1.62788128852844,54,54,1,0,19.34084726182497
West Point Grey,2024,11,day,3433,1.2757,2691.0715685505997,1.0592914285714286,10,130.3,2024-11-01,1.6223006248474101,54,47,0.87037037037037,0,6.999836296930419
West Point Grey,2024,11,night,2656,1.0394299999999999,2555.246625554391,1.0694139999999999,5,130.3,2024-11-01,1.6223006248474101,54,47,0.87037037037037,0,10.064930491783127
West Point Grey,2024,12,day,2462,1.03773,2372.486099467106,1.118208,8,130.4,2024-12-01,1.78682732582092,54,54,1,0,5.997121714150843
West Point Grey,2024,12,night,2025,1.0323,1961.6390584132519,0.78888,6,130.4,2024-12-01,1.78682732582092,54,54,1,0,7.50885309608333
