neighborhood,year,month,time_category,population,area_sq_km,population_density,income,crime_count,electric_index,date,ntl_mean,n_pixels,n_non_na_pixels,prop_non_na_pixels,is_downtown
Arbutus Ridge,2014,1,day,14726,3.56967,4125.311303285738,0.8086515384615385,10,94.8,2014-01-01,3.04110836982727,37,37,1,0
Arbutus Ridge,2014,1,night,14726,3.56967,4125.311303285738,0.8086515384615385,17,94.8,2014-01-01,3.04110836982727,37,37,1,0
Arbutus Ridge,2014,2,day,14726,3.56967,4125.311303285738,0.8086515384615385,3,94.8,2014-02-01,3.06300735473633,37,37,1,0
Arbutus Ridge,2014,2,night,14726,3.56967,4125.311303285738,0.8086515384615385,19,94.8,2014-02-01,3.06300735473633,37,37,1,0
Arbutus Ridge,2014,3,day,14726,3.56967,4125.311303285738,0.8086515384615385,8,94.8,2014-03-01,3.58029270172119,37,37,1,0
Arbutus Ridge,2014,3,night,14726,3.56967,4125.311303285738,0.8086515384615385,11,94.8,2014-03-01,3.58029270172119,37,37,1,0
Arbutus Ridge,2014,4,day,14726,3.56967,4125.311303285738,0.8086515384615385,9,101.7,2014-04-01,2.95203042030334,37,37,1,0
Arbutus Ridge,2014,4,night,14726,3.56967,4125.311303285738,0.8086515384615385,22,101.7,2014-04-01,2.95203042030334,37,37,1,0
Arbutus Ridge,2014,5,day,14726,3.56967,4125.311303285738,0.8086515384615385,11,101.7,2014-05-01,3.42792177200317,37,37,1,0
Arbutus Ridge,2014,5,night,14726,3.56967,4125.311303285738,0.8086515384615385,24,101.7,2014-05-01,3.42792177200317,37,37,1,0
Arbutus Ridge,2014,6,day,14726,3.56967,4125.311303285738,0.8086515384615385,11,101.7,2014-06-01,NA,NA,NA,NA,0
Arbutus Ridge,2014,6,night,14726,3.56967,4125.311303285738,0.8086515384615385,31,101.7,2014-06-01,NA,NA,NA,NA,0
Arbutus Ridge,2014,7,day,14726,3.56967,4125.311303285738,0.8086515384615385,11,101.7,2014-07-01,3.31244444847107,37,37,1,0
Arbutus Ridge,2014,7,night,14726,3.56967,4125.311303285738,0.8086515384615385,17,101.7,2014-07-01,3.31244444847107,37,37,1,0
Arbutus Ridge,2014,8,day,14726,3.56967,4125.311303285738,0.8086515384615385,9,101.7,2014-08-01,2.99133920669556,37,37,1,0
Arbutus Ridge,2014,8,night,14726,3.56967,4125.311303285738,0.8086515384615385,13,101.7,2014-08-01,2.99133920669556,37,37,1,0
Arbutus Ridge,2014,9,day,14726,3.56967,4125.311303285738,0.8086515384615385,13,101.7,2014-09-01,2.8922016620636,37,37,1,0
Arbutus Ridge,2014,9,night,14726,3.56967,4125.311303285738,0.8086515384615385,28,101.7,2014-09-01,2.8922016620636,37,37,1,0
Arbutus Ridge,2014,10,day,14726,3.56967,4125.311303285738,0.8086515384615385,13,101.7,2014-10-01,2.65956377983093,37,37,1,0
Arbutus Ridge,2014,10,night,14726,3.56967,4125.311303285738,0.8086515384615385,24,101.7,2014-10-01,2.65956377983093,37,37,1,0
Arbutus Ridge,2014,11,day,14726,3.56967,4125.311303285738,0.8086515384615385,9,101.7,2014-11-01,3.27367687225342,37,37,1,0
Arbutus Ridge,2014,11,night,14726,3.56967,4125.311303285738,0.8086515384615385,29,101.7,2014-11-01,3.27367687225342,37,37,1,0
Arbutus Ridge,2014,12,day,14726,3.56967,4125.311303285738,0.8086515384615385,6,101.7,2014-12-01,3.78578948974609,37,37,1,0
Arbutus Ridge,2014,12,night,14726,3.56967,4125.311303285738,0.8086515384615385,20,101.7,2014-12-01,3.78578948974609,37,37,1,0
Arbutus Ridge,2015,1,day,14726,3.56967,4125.311303285738,0.8086515384615385,6,101.7,2015-01-01,3.03133344650269,37,37,1,0
Arbutus Ridge,2015,1,night,14726,3.56967,4125.311303285738,0.8086515384615385,23,101.7,2015-01-01,3.03133344650269,37,37,1,0
Arbutus Ridge,2015,2,day,14726,3.56967,4125.311303285738,0.8086515384615385,6,101.7,2015-02-01,3.17247748374939,37,37,1,0
Arbutus Ridge,2015,2,night,14726,3.56967,4125.311303285738,0.8086515384615385,15,101.7,2015-02-01,3.17247748374939,37,37,1,0
Arbutus Ridge,2015,3,day,14726,3.56967,4125.311303285738,0.8086515384615385,13,101.7,2015-03-01,3.18103075027466,37,37,1,0
Arbutus Ridge,2015,3,night,14726,3.56967,4125.311303285738,0.8086515384615385,13,101.7,2015-03-01,3.18103075027466,37,37,1,0
Arbutus Ridge,2015,4,day,14726,3.56967,4125.311303285738,0.8086515384615385,13,107.7,2015-04-01,3.07014060020447,37,37,1,0
Arbutus Ridge,2015,4,night,14726,3.56967,4125.311303285738,0.8086515384615385,13,107.7,2015-04-01,3.07014060020447,37,37,1,0
Arbutus Ridge,2015,5,day,14726,3.56967,4125.311303285738,0.8086515384615385,10,107.7,2015-05-01,3.12076640129089,37,37,1,0
Arbutus Ridge,2015,5,night,14726,3.56967,4125.311303285738,0.8086515384615385,15,107.7,2015-05-01,3.12076640129089,37,37,1,0
Arbutus Ridge,2015,6,day,14726,3.56967,4125.311303285738,0.8086515384615385,14,107.7,2015-06-01,NA,NA,NA,NA,0
Arbutus Ridge,2015,6,night,14726,3.56967,4125.311303285738,0.8086515384615385,8,107.7,2015-06-01,NA,NA,NA,NA,0
Arbutus Ridge,2015,7,day,14726,3.56967,4125.311303285738,0.8086515384615385,16,107.7,2015-07-01,3.21946811676025,37,37,1,0
Arbutus Ridge,2015,7,night,14726,3.56967,4125.311303285738,0.8086515384615385,21,107.7,2015-07-01,3.21946811676025,37,37,1,0
Arbutus Ridge,2015,8,day,14726,3.56967,4125.311303285738,0.8086515384615385,8,107.7,2015-08-01,2.77357864379883,37,37,1,0
Arbutus Ridge,2015,8,night,14726,3.56967,4125.311303285738,0.8086515384615385,16,107.7,2015-08-01,2.77357864379883,37,37,1,0
Arbutus Ridge,2015,9,day,14726,3.56967,4125.311303285738,0.8086515384615385,16,107.7,2015-09-01,2.61419320106506,37,37,1,0
Arbutus Ridge,2015,9,night,14726,3.56967,4125.311303285738,0.8086515384615385,15,107.7,2015-09-01,2.61419320106506,37,37,1,0
Arbutus Ridge,2015,10,day,14726,3.56967,4125.311303285738,0.8086515384615385,12,107.7,2015-10-01,2.88826656341553,37,37,1,0
Arbutus Ridge,2015,10,night,14726,3.56967,4125.311303285738,0.8086515384615385,30,107.7,2015-10-01,2.88826656341553,37,37,1,0
Arbutus Ridge,2015,11,day,14726,3.56967,4125.311303285738,0.8086515384615385,9,107.7,2015-11-01,3.00973391532898,37,37,1,0
Arbutus Ridge,2015,11,night,14726,3.56967,4125.311303285738,0.8086515384615385,15,107.7,2015-11-01,3.00973391532898,37,37,1,0
Arbutus Ridge,2015,12,day,14726,3.56967,4125.311303285738,0.8086515384615385,12,107.7,2015-12-01,1.81133425235748,37,37,1,0
Arbutus Ridge,2015,12,night,14726,3.56967,4125.311303285738,0.8086515384615385,22,107.7,2015-12-01,1.81133425235748,37,37,1,0
Arbutus Ridge,2016,1,day,14726,3.56967,4125.311303285738,0.8086515384615385,16,107.7,2016-01-01,3.20316457748413,37,37,1,0
Arbutus Ridge,2016,1,night,14726,3.56967,4125.311303285738,0.8086515384615385,27,107.7,2016-01-01,3.20316457748413,37,37,1,0
Arbutus Ridge,2016,2,day,14726,3.56967,4125.311303285738,0.8086515384615385,12,107.6,2016-02-01,2.91807436943054,37,37,1,0
Arbutus Ridge,2016,2,night,14726,3.56967,4125.311303285738,0.8086515384615385,22,107.6,2016-02-01,2.91807436943054,37,37,1,0
Arbutus Ridge,2016,3,day,14726,3.56967,4125.311303285738,0.8086515384615385,18,107.7,2016-03-01,3.1710729598999,37,37,1,0
Arbutus Ridge,2016,3,night,14726,3.56967,4125.311303285738,0.8086515384615385,14,107.7,2016-03-01,3.1710729598999,37,37,1,0
Arbutus Ridge,2016,4,day,14726,3.56967,4125.311303285738,0.8086515384615385,10,112.2,2016-04-01,2.99673318862915,37,37,1,0
Arbutus Ridge,2016,4,night,14726,3.56967,4125.311303285738,0.8086515384615385,14,112.2,2016-04-01,2.99673318862915,37,37,1,0
Arbutus Ridge,2016,5,day,14726,3.56967,4125.311303285738,0.8086515384615385,15,112.3,2016-05-01,2.71816492080688,37,37,1,0
Arbutus Ridge,2016,5,night,14726,3.56967,4125.311303285738,0.8086515384615385,13,112.3,2016-05-01,2.71816492080688,37,37,1,0
Arbutus Ridge,2016,6,day,14726,3.56967,4125.311303285738,0.8086515384615385,15,112.2,2016-06-01,NA,NA,NA,NA,0
Arbutus Ridge,2016,6,night,14726,3.56967,4125.311303285738,0.8086515384615385,30,112.2,2016-06-01,NA,NA,NA,NA,0
Arbutus Ridge,2016,7,day,14726,3.56967,4125.311303285738,0.8086515384615385,22,112.3,2016-07-01,2.49588489532471,37,37,1,0
Arbutus Ridge,2016,7,night,14726,3.56967,4125.311303285738,0.8086515384615385,27,112.3,2016-07-01,2.49588489532471,37,37,1,0
Arbutus Ridge,2016,8,day,14726,3.56967,4125.311303285738,0.8086515384615385,14,112.3,2016-08-01,2.78981280326843,37,37,1,0
Arbutus Ridge,2016,8,night,14726,3.56967,4125.311303285738,0.8086515384615385,20,112.3,2016-08-01,2.78981280326843,37,37,1,0
Arbutus Ridge,2016,9,day,14726,3.56967,4125.311303285738,0.8086515384615385,14,112.2,2016-09-01,2.63076114654541,37,37,1,0
Arbutus Ridge,2016,9,night,14726,3.56967,4125.311303285738,0.8086515384615385,15,112.2,2016-09-01,2.63076114654541,37,37,1,0
Arbutus Ridge,2016,10,day,14726,3.56967,4125.311303285738,0.8086515384615385,10,112.3,2016-10-01,2.29348683357239,37,37,1,0
Arbutus Ridge,2016,10,night,14726,3.56967,4125.311303285738,0.8086515384615385,13,112.3,2016-10-01,2.29348683357239,37,37,1,0
Arbutus Ridge,2016,11,day,14726,3.56967,4125.311303285738,0.8086515384615385,8,112.2,2016-11-01,2.24216556549072,37,37,1,0
Arbutus Ridge,2016,11,night,14726,3.56967,4125.311303285738,0.8086515384615385,17,112.2,2016-11-01,2.24216556549072,37,37,1,0
Arbutus Ridge,2016,12,day,14726,3.56967,4125.311303285738,0.8086515384615385,9,112.3,2016-12-01,2.91801762580872,37,37,1,0
Arbutus Ridge,2016,12,night,14726,3.56967,4125.311303285738,0.8086515384615385,22,112.3,2016-12-01,2.91801762580872,37,37,1,0
Arbutus Ridge,2017,1,day,14726,3.56967,4125.311303285738,0.8086515384615385,3,112.3,2017-01-01,3.18350076675415,37,37,1,0
Arbutus Ridge,2017,1,night,14726,3.56967,4125.311303285738,0.8086515384615385,15,112.3,2017-01-01,3.18350076675415,37,37,1,0
Arbutus Ridge,2017,2,day,14726,3.56967,4125.311303285738,0.8086515384615385,8,112.1,2017-02-01,3.20078730583191,37,37,1,0
Arbutus Ridge,2017,2,night,14726,3.56967,4125.311303285738,0.8086515384615385,25,112.1,2017-02-01,3.20078730583191,37,37,1,0
Arbutus Ridge,2017,3,day,14726,3.56967,4125.311303285738,0.8086515384615385,9,112.3,2017-03-01,3.50062990188599,37,37,1,0
Arbutus Ridge,2017,3,night,14726,3.56967,4125.311303285738,0.8086515384615385,20,112.3,2017-03-01,3.50062990188599,37,37,1,0
Arbutus Ridge,2017,4,day,14726,3.56967,4125.311303285738,0.8086515384615385,6,115.2,2017-04-01,3.16373991966248,37,37,1,0
Arbutus Ridge,2017,4,night,14726,3.56967,4125.311303285738,0.8086515384615385,20,115.2,2017-04-01,3.16373991966248,37,37,1,0
Arbutus Ridge,2017,5,day,14726,3.56967,4125.311303285738,0.8086515384615385,15,115.3,2017-05-01,3.30858993530273,37,37,1,0
Arbutus Ridge,2017,5,night,14726,3.56967,4125.311303285738,0.8086515384615385,14,115.3,2017-05-01,3.30858993530273,37,37,1,0
Arbutus Ridge,2017,6,day,14726,3.56967,4125.311303285738,0.8086515384615385,8,115.2,2017-06-01,NA,NA,NA,NA,0
Arbutus Ridge,2017,6,night,14726,3.56967,4125.311303285738,0.8086515384615385,19,115.2,2017-06-01,NA,NA,NA,NA,0
Arbutus Ridge,2017,7,day,14726,3.56967,4125.311303285738,0.8086515384615385,13,115.3,2017-07-01,3.56896877288818,37,37,1,0
Arbutus Ridge,2017,7,night,14726,3.56967,4125.311303285738,0.8086515384615385,27,115.3,2017-07-01,3.56896877288818,37,37,1,0
Arbutus Ridge,2017,8,day,14726,3.56967,4125.311303285738,0.8086515384615385,8,115.3,2017-08-01,2.81895136833191,37,37,1,0
Arbutus Ridge,2017,8,night,14726,3.56967,4125.311303285738,0.8086515384615385,21,115.3,2017-08-01,2.81895136833191,37,37,1,0
Arbutus Ridge,2017,9,day,14726,3.56967,4125.311303285738,0.8086515384615385,9,115.2,2017-09-01,2.67839026451111,37,37,1,0
Arbutus Ridge,2017,9,night,14726,3.56967,4125.311303285738,0.8086515384615385,10,115.2,2017-09-01,2.67839026451111,37,37,1,0
Arbutus Ridge,2017,10,day,14726,3.56967,4125.311303285738,0.8086515384615385,15,115.3,2017-10-01,2.86597943305969,37,37,1,0
Arbutus Ridge,2017,10,night,14726,3.56967,4125.311303285738,0.8086515384615385,7,115.3,2017-10-01,2.86597943305969,37,37,1,0
Arbutus Ridge,2017,11,day,14726,3.56967,4125.311303285738,0.8086515384615385,5,115.2,2017-11-01,2.95120811462402,37,37,1,0
Arbutus Ridge,2017,11,night,14726,3.56967,4125.311303285738,0.8086515384615385,16,115.2,2017-11-01,2.95120811462402,37,37,1,0
Arbutus Ridge,2017,12,day,14726,3.56967,4125.311303285738,0.8086515384615385,10,115.3,2017-12-01,3.31321310997009,37,37,1,0
Arbutus Ridge,2017,12,night,14726,3.56967,4125.311303285738,0.8086515384615385,20,115.3,2017-12-01,3.31321310997009,37,37,1,0
Arbutus Ridge,2018,1,day,14726,3.56967,4125.311303285738,0.8086515384615385,3,115.3,2018-01-01,3.02851557731628,37,37,1,0
Arbutus Ridge,2018,1,night,14726,3.56967,4125.311303285738,0.8086515384615385,10,115.3,2018-01-01,3.02851557731628,37,37,1,0
Arbutus Ridge,2018,2,day,14726,3.56967,4125.311303285738,0.8086515384615385,5,115.1,2018-02-01,6.01836585998535,37,37,1,0
Arbutus Ridge,2018,2,night,14726,3.56967,4125.311303285738,0.8086515384615385,19,115.1,2018-02-01,6.01836585998535,37,37,1,0
Arbutus Ridge,2018,3,day,14726,3.56967,4125.311303285738,0.8086515384615385,11,115.3,2018-03-01,3.44717860221863,37,37,1,0
Arbutus Ridge,2018,3,night,14726,3.56967,4125.311303285738,0.8086515384615385,13,115.3,2018-03-01,3.44717860221863,37,37,1,0
Arbutus Ridge,2018,4,day,14726,3.56967,4125.311303285738,0.8086515384615385,9,118.7,2018-04-01,3.46631574630737,37,37,1,0
Arbutus Ridge,2018,4,night,14726,3.56967,4125.311303285738,0.8086515384615385,14,118.7,2018-04-01,3.46631574630737,37,37,1,0
Arbutus Ridge,2018,5,day,14726,3.56967,4125.311303285738,0.8086515384615385,14,118.8,2018-05-01,3.22596716880798,37,37,1,0
Arbutus Ridge,2018,5,night,14726,3.56967,4125.311303285738,0.8086515384615385,17,118.8,2018-05-01,3.22596716880798,37,37,1,0
Arbutus Ridge,2018,6,day,14726,3.56967,4125.311303285738,0.8086515384615385,12,118.7,2018-06-01,NA,NA,NA,NA,0
Arbutus Ridge,2018,6,night,14726,3.56967,4125.311303285738,0.8086515384615385,15,118.7,2018-06-01,NA,NA,NA,NA,0
Arbutus Ridge,2018,7,day,14726,3.56967,4125.311303285738,0.8086515384615385,7,118.8,2018-07-01,3.45625638961792,37,37,1,0
Arbutus Ridge,2018,7,night,14726,3.56967,4125.311303285738,0.8086515384615385,8,118.8,2018-07-01,3.45625638961792,37,37,1,0
Arbutus Ridge,2018,8,day,14726,3.56967,4125.311303285738,0.8086515384615385,0,118.8,2018-08-01,2.51724028587341,37,37,1,0
Arbutus Ridge,2018,8,night,14726,3.56967,4125.311303285738,0.8086515384615385,9,118.8,2018-08-01,2.51724028587341,37,37,1,0
Arbutus Ridge,2018,9,day,14726,3.56967,4125.311303285738,0.8086515384615385,7,118.7,2018-09-01,2.78740930557251,37,37,1,0
Arbutus Ridge,2018,9,night,14726,3.56967,4125.311303285738,0.8086515384615385,16,118.7,2018-09-01,2.78740930557251,37,37,1,0
Arbutus Ridge,2018,10,day,14726,3.56967,4125.311303285738,0.8086515384615385,6,118.8,2018-10-01,2.89807462692261,37,37,1,0
Arbutus Ridge,2018,10,night,14726,3.56967,4125.311303285738,0.8086515384615385,14,118.8,2018-10-01,2.89807462692261,37,37,1,0
Arbutus Ridge,2018,11,day,14726,3.56967,4125.311303285738,0.8086515384615385,16,118.7,2018-11-01,2.81074905395508,37,37,1,0
Arbutus Ridge,2018,11,night,14726,3.56967,4125.311303285738,0.8086515384615385,21,118.7,2018-11-01,2.81074905395508,37,37,1,0
Arbutus Ridge,2018,12,day,14726,3.56967,4125.311303285738,0.8086515384615385,7,118.8,2018-12-01,2.80976557731628,37,37,1,0
Arbutus Ridge,2018,12,night,14726,3.56967,4125.311303285738,0.8086515384615385,16,118.8,2018-12-01,2.80976557731628,37,37,1,0
Arbutus Ridge,2019,1,day,14746,3.5715,4128.797424051519,0.9740384615384615,7,118.8,2019-01-01,2.74760007858276,37,37,1,0
Arbutus Ridge,2019,1,night,14746,3.5715,4128.797424051519,0.9740384615384615,12,118.8,2019-01-01,2.74760007858276,37,37,1,0
Arbutus Ridge,2019,2,day,14746,3.5715,4128.797424051519,0.9740384615384615,6,118.6,2019-02-01,4.29562711715698,37,37,1,0
Arbutus Ridge,2019,2,night,14746,3.5715,4128.797424051519,0.9740384615384615,13,118.6,2019-02-01,4.29562711715698,37,37,1,0
Arbutus Ridge,2019,3,day,14746,3.5715,4128.797424051519,0.9740384615384615,11,118.8,2019-03-01,3.32608199119568,37,37,1,0
Arbutus Ridge,2019,3,night,14746,3.5715,4128.797424051519,0.9740384615384615,6,118.8,2019-03-01,3.32608199119568,37,37,1,0
Arbutus Ridge,2019,4,day,14746,3.5715,4128.797424051519,0.9740384615384615,11,120.9,2019-04-01,3.24639344215393,37,37,1,0
Arbutus Ridge,2019,4,night,14746,3.5715,4128.797424051519,0.9740384615384615,16,120.9,2019-04-01,3.24639344215393,37,37,1,0
Arbutus Ridge,2019,5,day,14746,3.5715,4128.797424051519,0.9740384615384615,11,120.9,2019-05-01,3.07579374313354,37,37,1,0
Arbutus Ridge,2019,5,night,14746,3.5715,4128.797424051519,0.9740384615384615,9,120.9,2019-05-01,3.07579374313354,37,37,1,0
Arbutus Ridge,2019,6,day,14746,3.5715,4128.797424051519,0.9740384615384615,8,120.9,2019-06-01,NA,NA,NA,NA,0
Arbutus Ridge,2019,6,night,14746,3.5715,4128.797424051519,0.9740384615384615,18,120.9,2019-06-01,NA,NA,NA,NA,0
Arbutus Ridge,2019,7,day,14746,3.5715,4128.797424051519,0.9740384615384615,10,120.9,2019-07-01,3.34158802032471,37,37,1,0
Arbutus Ridge,2019,7,night,14746,3.5715,4128.797424051519,0.9740384615384615,14,120.9,2019-07-01,3.34158802032471,37,37,1,0
Arbutus Ridge,2019,8,day,14746,3.5715,4128.797424051519,0.9740384615384615,14,120.9,2019-08-01,3.13525366783142,37,37,1,0
Arbutus Ridge,2019,8,night,14746,3.5715,4128.797424051519,0.9740384615384615,23,120.9,2019-08-01,3.13525366783142,37,37,1,0
Arbutus Ridge,2019,9,day,14746,3.5715,4128.797424051519,0.9740384615384615,13,120.9,2019-09-01,3.14009237289429,37,37,1,0
Arbutus Ridge,2019,9,night,14746,3.5715,4128.797424051519,0.9740384615384615,14,120.9,2019-09-01,3.14009237289429,37,37,1,0
Arbutus Ridge,2019,10,day,14746,3.5715,4128.797424051519,0.9740384615384615,11,120.9,2019-10-01,2.9906792640686,37,37,1,0
Arbutus Ridge,2019,10,night,14746,3.5715,4128.797424051519,0.9740384615384615,12,120.9,2019-10-01,2.9906792640686,37,37,1,0
Arbutus Ridge,2019,11,day,14746,3.5715,4128.797424051519,0.9740384615384615,9,120.9,2019-11-01,3.22918081283569,37,37,1,0
Arbutus Ridge,2019,11,night,14746,3.5715,4128.797424051519,0.9740384615384615,19,120.9,2019-11-01,3.22918081283569,37,37,1,0
Arbutus Ridge,2019,12,day,14746,3.5715,4128.797424051519,0.9740384615384615,6,120.9,2019-12-01,2.67325258255005,37,37,1,0
Arbutus Ridge,2019,12,night,14746,3.5715,4128.797424051519,0.9740384615384615,11,120.9,2019-12-01,2.67325258255005,37,37,1,0
Arbutus Ridge,2020,1,day,14746,3.5715,4128.797424051519,0.9740384615384615,7,120.9,2020-01-01,5.92988300323486,37,37,1,0
Arbutus Ridge,2020,1,night,14746,3.5715,4128.797424051519,0.9740384615384615,18,120.9,2020-01-01,5.92988300323486,37,37,1,0
Arbutus Ridge,2020,2,day,14746,3.5715,4128.797424051519,0.9740384615384615,11,120.8,2020-02-01,3.09078860282898,37,37,1,0
Arbutus Ridge,2020,2,night,14746,3.5715,4128.797424051519,0.9740384615384615,8,120.8,2020-02-01,3.09078860282898,37,37,1,0
Arbutus Ridge,2020,3,day,14746,3.5715,4128.797424051519,0.9740384615384615,11,120.9,2020-03-01,3.43210434913635,37,37,1,0
Arbutus Ridge,2020,3,night,14746,3.5715,4128.797424051519,0.9740384615384615,22,120.9,2020-03-01,3.43210434913635,37,37,1,0
Arbutus Ridge,2020,4,day,14746,3.5715,4128.797424051519,0.9740384615384615,9,119.6,2020-04-01,3.40159749984741,37,37,1,0
Arbutus Ridge,2020,4,night,14746,3.5715,4128.797424051519,0.9740384615384615,16,119.6,2020-04-01,3.40159749984741,37,37,1,0
Arbutus Ridge,2020,5,day,14746,3.5715,4128.797424051519,0.9740384615384615,3,119.7,2020-05-01,3.22228956222534,37,37,1,0
Arbutus Ridge,2020,5,night,14746,3.5715,4128.797424051519,0.9740384615384615,13,119.7,2020-05-01,3.22228956222534,37,37,1,0
Arbutus Ridge,2020,6,day,14746,3.5715,4128.797424051519,0.9740384615384615,16,119.6,2020-06-01,NA,NA,NA,NA,0
Arbutus Ridge,2020,6,night,14746,3.5715,4128.797424051519,0.9740384615384615,18,119.6,2020-06-01,NA,NA,NA,NA,0
Arbutus Ridge,2020,7,day,14746,3.5715,4128.797424051519,0.9740384615384615,7,119.7,2020-07-01,2.94279026985168,37,37,1,0
Arbutus Ridge,2020,7,night,14746,3.5715,4128.797424051519,0.9740384615384615,13,119.7,2020-07-01,2.94279026985168,37,37,1,0
Arbutus Ridge,2020,8,day,14746,3.5715,4128.797424051519,0.9740384615384615,13,119.7,2020-08-01,2.88345885276794,37,37,1,0
Arbutus Ridge,2020,8,night,14746,3.5715,4128.797424051519,0.9740384615384615,12,119.7,2020-08-01,2.88345885276794,37,37,1,0
Arbutus Ridge,2020,9,day,14746,3.5715,4128.797424051519,0.9740384615384615,9,119.6,2020-09-01,2.94486618041992,37,37,1,0
Arbutus Ridge,2020,9,night,14746,3.5715,4128.797424051519,0.9740384615384615,17,119.6,2020-09-01,2.94486618041992,37,37,1,0
Arbutus Ridge,2020,10,day,14746,3.5715,4128.797424051519,0.9740384615384615,6,119.7,2020-10-01,2.65306282043457,37,37,1,0
Arbutus Ridge,2020,10,night,14746,3.5715,4128.797424051519,0.9740384615384615,13,119.7,2020-10-01,2.65306282043457,37,37,1,0
Arbutus Ridge,2020,11,day,14746,3.5715,4128.797424051519,0.9740384615384615,5,119.6,2020-11-01,2.82619690895081,37,37,1,0
Arbutus Ridge,2020,11,night,14746,3.5715,4128.797424051519,0.9740384615384615,10,119.6,2020-11-01,2.82619690895081,37,37,1,0
Arbutus Ridge,2020,12,day,14746,3.5715,4128.797424051519,0.9740384615384615,8,119.7,2020-12-01,2.35855960845947,37,37,1,0
Arbutus Ridge,2020,12,night,14746,3.5715,4128.797424051519,0.9740384615384615,12,119.7,2020-12-01,2.35855960845947,37,37,1,0
Arbutus Ridge,2021,1,day,14746,3.5715,4128.797424051519,0.9740384615384615,7,119.7,2021-01-01,2.14154410362244,37,37,1,0
Arbutus Ridge,2021,1,night,14746,3.5715,4128.797424051519,0.9740384615384615,20,119.7,2021-01-01,2.14154410362244,37,37,1,0
Arbutus Ridge,2021,2,day,14746,3.5715,4128.797424051519,0.9740384615384615,7,119.5,2021-02-01,3.2940046787262,37,37,1,0
Arbutus Ridge,2021,2,night,14746,3.5715,4128.797424051519,0.9740384615384615,9,119.5,2021-02-01,3.2940046787262,37,37,1,0
Arbutus Ridge,2021,3,day,14746,3.5715,4128.797424051519,0.9740384615384615,4,119.7,2021-03-01,3.20206737518311,37,37,1,0
Arbutus Ridge,2021,3,night,14746,3.5715,4128.797424051519,0.9740384615384615,9,119.7,2021-03-01,3.20206737518311,37,37,1,0
Arbutus Ridge,2021,4,day,14746,3.5715,4128.797424051519,0.9740384615384615,9,120.1,2021-04-01,3.29638528823853,37,37,1,0
Arbutus Ridge,2021,4,night,14746,3.5715,4128.797424051519,0.9740384615384615,6,120.1,2021-04-01,3.29638528823853,37,37,1,0
Arbutus Ridge,2021,5,day,14746,3.5715,4128.797424051519,0.9740384615384615,14,120.1,2021-05-01,3.0963122844696,37,37,1,0
Arbutus Ridge,2021,5,night,14746,3.5715,4128.797424051519,0.9740384615384615,9,120.1,2021-05-01,3.0963122844696,37,37,1,0
Arbutus Ridge,2021,6,day,14746,3.5715,4128.797424051519,0.9740384615384615,8,120.1,2021-06-01,NA,NA,NA,NA,0
Arbutus Ridge,2021,6,night,14746,3.5715,4128.797424051519,0.9740384615384615,9,120.1,2021-06-01,NA,NA,NA,NA,0
Arbutus Ridge,2021,7,day,14746,3.5715,4128.797424051519,0.9740384615384615,6,120.1,2021-07-01,3.07672929763794,37,37,1,0
Arbutus Ridge,2021,7,night,14746,3.5715,4128.797424051519,0.9740384615384615,5,120.1,2021-07-01,3.07672929763794,37,37,1,0
Arbutus Ridge,2021,8,day,14746,3.5715,4128.797424051519,0.9740384615384615,5,120.1,2021-08-01,2.50848364830017,37,37,1,0
Arbutus Ridge,2021,8,night,14746,3.5715,4128.797424051519,0.9740384615384615,11,120.1,2021-08-01,2.50848364830017,37,37,1,0
Arbutus Ridge,2021,9,day,14746,3.5715,4128.797424051519,0.9740384615384615,9,120.1,2021-09-01,2.76034426689148,37,37,1,0
Arbutus Ridge,2021,9,night,14746,3.5715,4128.797424051519,0.9740384615384615,12,120.1,2021-09-01,2.76034426689148,37,37,1,0
Arbutus Ridge,2021,10,day,14746,3.5715,4128.797424051519,0.9740384615384615,4,120.1,2021-10-01,3.05275630950928,37,37,1,0
Arbutus Ridge,2021,10,night,14746,3.5715,4128.797424051519,0.9740384615384615,11,120.1,2021-10-01,3.05275630950928,37,37,1,0
Arbutus Ridge,2021,11,day,14746,3.5715,4128.797424051519,0.9740384615384615,6,120.1,2021-11-01,2.79669070243835,37,37,1,0
Arbutus Ridge,2021,11,night,14746,3.5715,4128.797424051519,0.9740384615384615,10,120.1,2021-11-01,2.79669070243835,37,37,1,0
Arbutus Ridge,2021,12,day,14746,3.5715,4128.797424051519,0.9740384615384615,9,120.1,2021-12-01,3.25558471679688,37,37,1,0
Arbutus Ridge,2021,12,night,14746,3.5715,4128.797424051519,0.9740384615384615,12,120.1,2021-12-01,3.25558471679688,37,37,1,0
Arbutus Ridge,2022,1,day,14746,3.5715,4128.797424051519,0.9740384615384615,11,120.1,2022-01-01,2.42164826393127,37,37,1,0
Arbutus Ridge,2022,1,night,14746,3.5715,4128.797424051519,0.9740384615384615,10,120.1,2022-01-01,2.42164826393127,37,37,1,0
Arbutus Ridge,2022,2,day,14746,3.5715,4128.797424051519,0.9740384615384615,3,120,2022-02-01,3.46678972244263,37,37,1,0
Arbutus Ridge,2022,2,night,14746,3.5715,4128.797424051519,0.9740384615384615,20,120,2022-02-01,3.46678972244263,37,37,1,0
Arbutus Ridge,2022,3,day,14746,3.5715,4128.797424051519,0.9740384615384615,8,120.1,2022-03-01,3.29175114631653,37,37,1,0
Arbutus Ridge,2022,3,night,14746,3.5715,4128.797424051519,0.9740384615384615,12,120.1,2022-03-01,3.29175114631653,37,37,1,0
Arbutus Ridge,2022,4,day,14746,3.5715,4128.797424051519,0.9740384615384615,5,120.9,2022-04-01,3.50297093391418,37,37,1,0
Arbutus Ridge,2022,4,night,14746,3.5715,4128.797424051519,0.9740384615384615,15,120.9,2022-04-01,3.50297093391418,37,37,1,0
Arbutus Ridge,2022,5,day,14746,3.5715,4128.797424051519,0.9740384615384615,12,120.9,2022-05-01,3.61920309066772,37,37,1,0
Arbutus Ridge,2022,5,night,14746,3.5715,4128.797424051519,0.9740384615384615,13,120.9,2022-05-01,3.61920309066772,37,37,1,0
Arbutus Ridge,2022,6,day,14746,3.5715,4128.797424051519,0.9740384615384615,10,120.9,2022-06-01,NA,NA,NA,NA,0
Arbutus Ridge,2022,6,night,14746,3.5715,4128.797424051519,0.9740384615384615,9,120.9,2022-06-01,NA,NA,NA,NA,0
Arbutus Ridge,2022,7,day,14746,3.5715,4128.797424051519,0.9740384615384615,15,120.9,2022-07-01,3.42717123031616,37,37,1,0
Arbutus Ridge,2022,7,night,14746,3.5715,4128.797424051519,0.9740384615384615,11,120.9,2022-07-01,3.42717123031616,37,37,1,0
Arbutus Ridge,2022,8,day,14746,3.5715,4128.797424051519,0.9740384615384615,6,120.9,2022-08-01,2.88710522651672,37,37,1,0
Arbutus Ridge,2022,8,night,14746,3.5715,4128.797424051519,0.9740384615384615,16,120.9,2022-08-01,2.88710522651672,37,37,1,0
Arbutus Ridge,2022,9,day,14746,3.5715,4128.797424051519,0.9740384615384615,15,120.9,2022-09-01,2.93599843978882,37,37,1,0
Arbutus Ridge,2022,9,night,14746,3.5715,4128.797424051519,0.9740384615384615,17,120.9,2022-09-01,2.93599843978882,37,37,1,0
Arbutus Ridge,2022,10,day,14746,3.5715,4128.797424051519,0.9740384615384615,2,120.9,2022-10-01,2.88548922538757,37,37,1,0
Arbutus Ridge,2022,10,night,14746,3.5715,4128.797424051519,0.9740384615384615,10,120.9,2022-10-01,2.88548922538757,37,37,1,0
Arbutus Ridge,2022,11,day,14746,3.5715,4128.797424051519,0.9740384615384615,2,120.9,2022-11-01,2.67119884490967,37,37,1,0
Arbutus Ridge,2022,11,night,14746,3.5715,4128.797424051519,0.9740384615384615,10,120.9,2022-11-01,2.67119884490967,37,37,1,0
Arbutus Ridge,2022,12,day,14746,3.5715,4128.797424051519,0.9740384615384615,4,120.9,2022-12-01,4.97724008560181,37,37,1,0
Arbutus Ridge,2022,12,night,14746,3.5715,4128.797424051519,0.9740384615384615,11,120.9,2022-12-01,4.97724008560181,37,37,1,0
Arbutus Ridge,2023,1,day,14746,3.5715,4128.797424051519,0.9740384615384615,6,120.9,2023-01-01,2.71094584465027,37,37,1,0
Arbutus Ridge,2023,1,night,14746,3.5715,4128.797424051519,0.9740384615384615,9,120.9,2023-01-01,2.71094584465027,37,37,1,0
Arbutus Ridge,2023,2,day,14746,3.5715,4128.797424051519,0.9740384615384615,2,120.7,2023-02-01,3.78024816513062,37,37,1,0
Arbutus Ridge,2023,2,night,14746,3.5715,4128.797424051519,0.9740384615384615,11,120.7,2023-02-01,3.78024816513062,37,37,1,0
Arbutus Ridge,2023,3,day,14746,3.5715,4128.797424051519,0.9740384615384615,11,120.9,2023-03-01,2.85858464241028,37,37,1,0
Arbutus Ridge,2023,3,night,14746,3.5715,4128.797424051519,0.9740384615384615,16,120.9,2023-03-01,2.85858464241028,37,37,1,0
Arbutus Ridge,2023,4,day,14746,3.5715,4128.797424051519,0.9740384615384615,7,122,2023-04-01,3.25756216049194,37,37,1,0
Arbutus Ridge,2023,4,night,14746,3.5715,4128.797424051519,0.9740384615384615,6,122,2023-04-01,3.25756216049194,37,37,1,0
Arbutus Ridge,2023,5,day,14746,3.5715,4128.797424051519,0.9740384615384615,11,122.1,2023-05-01,3.52271699905396,37,37,1,0
Arbutus Ridge,2023,5,night,14746,3.5715,4128.797424051519,0.9740384615384615,7,122.1,2023-05-01,3.52271699905396,37,37,1,0
Arbutus Ridge,2023,6,day,14746,3.5715,4128.797424051519,0.9740384615384615,4,122,2023-06-01,NA,NA,NA,NA,0
Arbutus Ridge,2023,6,night,14746,3.5715,4128.797424051519,0.9740384615384615,9,122,2023-06-01,NA,NA,NA,NA,0
Arbutus Ridge,2023,7,day,14746,3.5715,4128.797424051519,0.9740384615384615,7,122.1,2023-07-01,3.0924711227417,37,37,1,0
Arbutus Ridge,2023,7,night,14746,3.5715,4128.797424051519,0.9740384615384615,4,122.1,2023-07-01,3.0924711227417,37,37,1,0
Arbutus Ridge,2023,8,day,14746,3.5715,4128.797424051519,0.9740384615384615,9,122.1,2023-08-01,3.1547634601593,37,37,1,0
Arbutus Ridge,2023,8,night,14746,3.5715,4128.797424051519,0.9740384615384615,11,122.1,2023-08-01,3.1547634601593,37,37,1,0
Arbutus Ridge,2023,9,day,14746,3.5715,4128.797424051519,0.9740384615384615,6,122.5,2023-09-01,2.79577660560608,37,37,1,0
Arbutus Ridge,2023,9,night,14746,3.5715,4128.797424051519,0.9740384615384615,7,122.5,2023-09-01,2.79577660560608,37,37,1,0
Arbutus Ridge,2023,10,day,14746,3.5715,4128.797424051519,0.9740384615384615,6,122.5,2023-10-01,2.52916860580444,37,37,1,0
Arbutus Ridge,2023,10,night,14746,3.5715,4128.797424051519,0.9740384615384615,10,122.5,2023-10-01,2.52916860580444,37,37,1,0
Arbutus Ridge,2023,11,day,14746,3.5715,4128.797424051519,0.9740384615384615,6,122.5,2023-11-01,2.67113471031189,37,37,1,0
Arbutus Ridge,2023,11,night,14746,3.5715,4128.797424051519,0.9740384615384615,9,122.5,2023-11-01,2.67113471031189,37,37,1,0
Arbutus Ridge,2023,12,day,14746,3.5715,4128.797424051519,0.9740384615384615,6,122.5,2023-12-01,2.99448251724243,37,37,1,0
Arbutus Ridge,2023,12,night,14746,3.5715,4128.797424051519,0.9740384615384615,8,122.5,2023-12-01,2.99448251724243,37,37,1,0
Downtown,2014,1,day,62073,3.81014,16291.527345451872,0.6876924528301886,185,94.8,2014-01-01,19.6228179931641,54,54,1,1
Downtown,2014,1,night,62073,3.81014,16291.527345451872,0.6876924528301886,341,94.8,2014-01-01,19.6228179931641,54,54,1,1
Downtown,2014,2,day,62073,3.81014,16291.527345451872,0.6876924528301886,239,94.8,2014-02-01,16.4793796539307,54,54,1,1
Downtown,2014,2,night,62073,3.81014,16291.527345451872,0.6876924528301886,374,94.8,2014-02-01,16.4793796539307,54,54,1,1
Downtown,2014,3,day,62073,3.81014,16291.527345451872,0.6876924528301886,242,94.8,2014-03-01,20.4445171356201,54,54,1,1
Downtown,2014,3,night,62073,3.81014,16291.527345451872,0.6876924528301886,396,94.8,2014-03-01,20.4445171356201,54,54,1,1
Downtown,2014,4,day,62073,3.81014,16291.527345451872,0.6876924528301886,251,101.7,2014-04-01,25.2464427947998,54,54,1,1
Downtown,2014,4,night,62073,3.81014,16291.527345451872,0.6876924528301886,295,101.7,2014-04-01,25.2464427947998,54,54,1,1
Downtown,2014,5,day,62073,3.81014,16291.527345451872,0.6876924528301886,306,101.7,2014-05-01,14.5266456604004,54,54,1,1
Downtown,2014,5,night,62073,3.81014,16291.527345451872,0.6876924528301886,364,101.7,2014-05-01,14.5266456604004,54,54,1,1
Downtown,2014,6,day,62073,3.81014,16291.527345451872,0.6876924528301886,309,101.7,2014-06-01,NA,NA,NA,NA,1
Downtown,2014,6,night,62073,3.81014,16291.527345451872,0.6876924528301886,353,101.7,2014-06-01,NA,NA,NA,NA,1
Downtown,2014,7,day,62073,3.81014,16291.527345451872,0.6876924528301886,366,101.7,2014-07-01,12.1614542007446,54,54,1,1
Downtown,2014,7,night,62073,3.81014,16291.527345451872,0.6876924528301886,405,101.7,2014-07-01,12.1614542007446,54,54,1,1
Downtown,2014,8,day,62073,3.81014,16291.527345451872,0.6876924528301886,433,101.7,2014-08-01,15.7902746200562,54,54,1,1
Downtown,2014,8,night,62073,3.81014,16291.527345451872,0.6876924528301886,494,101.7,2014-08-01,15.7902746200562,54,54,1,1
Downtown,2014,9,day,62073,3.81014,16291.527345451872,0.6876924528301886,317,101.7,2014-09-01,20.5550956726074,54,54,1,1
Downtown,2014,9,night,62073,3.81014,16291.527345451872,0.6876924528301886,410,101.7,2014-09-01,20.5550956726074,54,54,1,1
Downtown,2014,10,day,62073,3.81014,16291.527345451872,0.6876924528301886,272,101.7,2014-10-01,15.3166408538818,54,54,1,1
Downtown,2014,10,night,62073,3.81014,16291.527345451872,0.6876924528301886,402,101.7,2014-10-01,15.3166408538818,54,54,1,1
Downtown,2014,11,day,62073,3.81014,16291.527345451872,0.6876924528301886,243,101.7,2014-11-01,13.5710077285767,54,54,1,1
Downtown,2014,11,night,62073,3.81014,16291.527345451872,0.6876924528301886,485,101.7,2014-11-01,13.5710077285767,54,54,1,1
Downtown,2014,12,day,62073,3.81014,16291.527345451872,0.6876924528301886,203,101.7,2014-12-01,13.5610523223877,54,54,1,1
Downtown,2014,12,night,62073,3.81014,16291.527345451872,0.6876924528301886,421,101.7,2014-12-01,13.5610523223877,54,54,1,1
Downtown,2015,1,day,62073,3.81014,16291.527345451872,0.6876924528301886,226,101.7,2015-01-01,9.65802955627441,54,53,0.981481481481482,1
Downtown,2015,1,night,62073,3.81014,16291.527345451872,0.6876924528301886,403,101.7,2015-01-01,9.65802955627441,54,53,0.981481481481482,1
Downtown,2015,2,day,62073,3.81014,16291.527345451872,0.6876924528301886,214,101.7,2015-02-01,14.5572500228882,54,54,1,1
Downtown,2015,2,night,62073,3.81014,16291.527345451872,0.6876924528301886,385,101.7,2015-02-01,14.5572500228882,54,54,1,1
Downtown,2015,3,day,62073,3.81014,16291.527345451872,0.6876924528301886,263,101.7,2015-03-01,14.4926662445068,54,54,1,1
Downtown,2015,3,night,62073,3.81014,16291.527345451872,0.6876924528301886,351,101.7,2015-03-01,14.4926662445068,54,54,1,1
Downtown,2015,4,day,62073,3.81014,16291.527345451872,0.6876924528301886,272,107.7,2015-04-01,14.9884347915649,54,54,1,1
Downtown,2015,4,night,62073,3.81014,16291.527345451872,0.6876924528301886,334,107.7,2015-04-01,14.9884347915649,54,54,1,1
Downtown,2015,5,day,62073,3.81014,16291.527345451872,0.6876924528301886,331,107.7,2015-05-01,15.066801071167,54,53,0.981481481481482,1
Downtown,2015,5,night,62073,3.81014,16291.527345451872,0.6876924528301886,369,107.7,2015-05-01,15.066801071167,54,53,0.981481481481482,1
Downtown,2015,6,day,62073,3.81014,16291.527345451872,0.6876924528301886,361,107.7,2015-06-01,NA,NA,NA,NA,1
Downtown,2015,6,night,62073,3.81014,16291.527345451872,0.6876924528301886,382,107.7,2015-06-01,NA,NA,NA,NA,1
Downtown,2015,7,day,62073,3.81014,16291.527345451872,0.6876924528301886,444,107.7,2015-07-01,12.9559812545776,54,54,1,1
Downtown,2015,7,night,62073,3.81014,16291.527345451872,0.6876924528301886,407,107.7,2015-07-01,12.9559812545776,54,54,1,1
Downtown,2015,8,day,62073,3.81014,16291.527345451872,0.6876924528301886,375,107.7,2015-08-01,13.8689670562744,54,54,1,1
Downtown,2015,8,night,62073,3.81014,16291.527345451872,0.6876924528301886,402,107.7,2015-08-01,13.8689670562744,54,54,1,1
Downtown,2015,9,day,62073,3.81014,16291.527345451872,0.6876924528301886,396,107.7,2015-09-01,13.1631917953491,54,54,1,1
Downtown,2015,9,night,62073,3.81014,16291.527345451872,0.6876924528301886,423,107.7,2015-09-01,13.1631917953491,54,54,1,1
Downtown,2015,10,day,62073,3.81014,16291.527345451872,0.6876924528301886,369,107.7,2015-10-01,13.8234024047852,54,54,1,1
Downtown,2015,10,night,62073,3.81014,16291.527345451872,0.6876924528301886,488,107.7,2015-10-01,13.8234024047852,54,54,1,1
Downtown,2015,11,day,62073,3.81014,16291.527345451872,0.6876924528301886,356,107.7,2015-11-01,16.96413230896,54,54,1,1
Downtown,2015,11,night,62073,3.81014,16291.527345451872,0.6876924528301886,525,107.7,2015-11-01,16.96413230896,54,54,1,1
Downtown,2015,12,day,62073,3.81014,16291.527345451872,0.6876924528301886,263,107.7,2015-12-01,8.56614017486572,54,53,0.981481481481482,1
Downtown,2015,12,night,62073,3.81014,16291.527345451872,0.6876924528301886,507,107.7,2015-12-01,8.56614017486572,54,53,0.981481481481482,1
Downtown,2016,1,day,62073,3.81014,16291.527345451872,0.6876924528301886,324,107.7,2016-01-01,10.3121843338013,54,54,1,1
Downtown,2016,1,night,62073,3.81014,16291.527345451872,0.6876924528301886,614,107.7,2016-01-01,10.3121843338013,54,54,1,1
Downtown,2016,2,day,62073,3.81014,16291.527345451872,0.6876924528301886,316,107.6,2016-02-01,9.96537399291992,54,53,0.981481481481482,1
Downtown,2016,2,night,62073,3.81014,16291.527345451872,0.6876924528301886,499,107.6,2016-02-01,9.96537399291992,54,53,0.981481481481482,1
Downtown,2016,3,day,62073,3.81014,16291.527345451872,0.6876924528301886,411,107.7,2016-03-01,23.3471240997314,54,54,1,1
Downtown,2016,3,night,62073,3.81014,16291.527345451872,0.6876924528301886,523,107.7,2016-03-01,23.3471240997314,54,54,1,1
Downtown,2016,4,day,62073,3.81014,16291.527345451872,0.6876924528301886,436,112.2,2016-04-01,18.2136421203613,54,54,1,1
Downtown,2016,4,night,62073,3.81014,16291.527345451872,0.6876924528301886,470,112.2,2016-04-01,18.2136421203613,54,54,1,1
Downtown,2016,5,day,62073,3.81014,16291.527345451872,0.6876924528301886,523,112.3,2016-05-01,12.1705846786499,54,54,1,1
Downtown,2016,5,night,62073,3.81014,16291.527345451872,0.6876924528301886,491,112.3,2016-05-01,12.1705846786499,54,54,1,1
Downtown,2016,6,day,62073,3.81014,16291.527345451872,0.6876924528301886,483,112.2,2016-06-01,NA,NA,NA,NA,1
Downtown,2016,6,night,62073,3.81014,16291.527345451872,0.6876924528301886,488,112.2,2016-06-01,NA,NA,NA,NA,1
Downtown,2016,7,day,62073,3.81014,16291.527345451872,0.6876924528301886,479,112.3,2016-07-01,12.0337209701538,54,54,1,1
Downtown,2016,7,night,62073,3.81014,16291.527345451872,0.6876924528301886,466,112.3,2016-07-01,12.0337209701538,54,54,1,1
Downtown,2016,8,day,62073,3.81014,16291.527345451872,0.6876924528301886,428,112.3,2016-08-01,18.5488605499268,54,54,1,1
Downtown,2016,8,night,62073,3.81014,16291.527345451872,0.6876924528301886,436,112.3,2016-08-01,18.5488605499268,54,54,1,1
Downtown,2016,9,day,62073,3.81014,16291.527345451872,0.6876924528301886,391,112.2,2016-09-01,13.2130365371704,54,54,1,1
Downtown,2016,9,night,62073,3.81014,16291.527345451872,0.6876924528301886,440,112.2,2016-09-01,13.2130365371704,54,54,1,1
Downtown,2016,10,day,62073,3.81014,16291.527345451872,0.6876924528301886,394,112.3,2016-10-01,19.4990139007568,54,54,1,1
Downtown,2016,10,night,62073,3.81014,16291.527345451872,0.6876924528301886,529,112.3,2016-10-01,19.4990139007568,54,54,1,1
Downtown,2016,11,day,62073,3.81014,16291.527345451872,0.6876924528301886,319,112.2,2016-11-01,11.6934881210327,54,54,1,1
Downtown,2016,11,night,62073,3.81014,16291.527345451872,0.6876924528301886,503,112.2,2016-11-01,11.6934881210327,54,54,1,1
Downtown,2016,12,day,62073,3.81014,16291.527345451872,0.6876924528301886,263,112.3,2016-12-01,12.4350299835205,54,54,1,1
Downtown,2016,12,night,62073,3.81014,16291.527345451872,0.6876924528301886,468,112.3,2016-12-01,12.4350299835205,54,54,1,1
Downtown,2017,1,day,62073,3.81014,16291.527345451872,0.6876924528301886,270,112.3,2017-01-01,16.0089740753174,54,54,1,1
Downtown,2017,1,night,62073,3.81014,16291.527345451872,0.6876924528301886,476,112.3,2017-01-01,16.0089740753174,54,54,1,1
Downtown,2017,2,day,62073,3.81014,16291.527345451872,0.6876924528301886,283,112.1,2017-02-01,14.5325584411621,54,54,1,1
Downtown,2017,2,night,62073,3.81014,16291.527345451872,0.6876924528301886,440,112.1,2017-02-01,14.5325584411621,54,54,1,1
Downtown,2017,3,day,62073,3.81014,16291.527345451872,0.6876924528301886,405,112.3,2017-03-01,16.1028881072998,54,54,1,1
Downtown,2017,3,night,62073,3.81014,16291.527345451872,0.6876924528301886,466,112.3,2017-03-01,16.1028881072998,54,54,1,1
Downtown,2017,4,day,62073,3.81014,16291.527345451872,0.6876924528301886,449,115.2,2017-04-01,14.0553131103516,54,54,1,1
Downtown,2017,4,night,62073,3.81014,16291.527345451872,0.6876924528301886,411,115.2,2017-04-01,14.0553131103516,54,54,1,1
Downtown,2017,5,day,62073,3.81014,16291.527345451872,0.6876924528301886,429,115.3,2017-05-01,14.6385898590088,54,54,1,1
Downtown,2017,5,night,62073,3.81014,16291.527345451872,0.6876924528301886,439,115.3,2017-05-01,14.6385898590088,54,54,1,1
Downtown,2017,6,day,62073,3.81014,16291.527345451872,0.6876924528301886,434,115.2,2017-06-01,NA,NA,NA,NA,1
Downtown,2017,6,night,62073,3.81014,16291.527345451872,0.6876924528301886,429,115.2,2017-06-01,NA,NA,NA,NA,1
Downtown,2017,7,day,62073,3.81014,16291.527345451872,0.6876924528301886,465,115.3,2017-07-01,11.2850112915039,54,54,1,1
Downtown,2017,7,night,62073,3.81014,16291.527345451872,0.6876924528301886,439,115.3,2017-07-01,11.2850112915039,54,54,1,1
Downtown,2017,8,day,62073,3.81014,16291.527345451872,0.6876924528301886,489,115.3,2017-08-01,12.7713356018066,54,54,1,1
Downtown,2017,8,night,62073,3.81014,16291.527345451872,0.6876924528301886,530,115.3,2017-08-01,12.7713356018066,54,54,1,1
Downtown,2017,9,day,62073,3.81014,16291.527345451872,0.6876924528301886,446,115.2,2017-09-01,12.4536933898926,54,54,1,1
Downtown,2017,9,night,62073,3.81014,16291.527345451872,0.6876924528301886,551,115.2,2017-09-01,12.4536933898926,54,54,1,1
Downtown,2017,10,day,62073,3.81014,16291.527345451872,0.6876924528301886,378,115.3,2017-10-01,16.2064990997314,54,54,1,1
Downtown,2017,10,night,62073,3.81014,16291.527345451872,0.6876924528301886,512,115.3,2017-10-01,16.2064990997314,54,54,1,1
Downtown,2017,11,day,62073,3.81014,16291.527345451872,0.6876924528301886,343,115.2,2017-11-01,13.0833959579468,54,48,0.888888888888889,1
Downtown,2017,11,night,62073,3.81014,16291.527345451872,0.6876924528301886,568,115.2,2017-11-01,13.0833959579468,54,48,0.888888888888889,1
Downtown,2017,12,day,62073,3.81014,16291.527345451872,0.6876924528301886,284,115.3,2017-12-01,13.2164144515991,54,54,1,1
Downtown,2017,12,night,62073,3.81014,16291.527345451872,0.6876924528301886,586,115.3,2017-12-01,13.2164144515991,54,54,1,1
Downtown,2018,1,day,62073,3.81014,16291.527345451872,0.6876924528301886,341,115.3,2018-01-01,16.7301998138428,54,54,1,1
Downtown,2018,1,night,62073,3.81014,16291.527345451872,0.6876924528301886,618,115.3,2018-01-01,16.7301998138428,54,54,1,1
Downtown,2018,2,day,62073,3.81014,16291.527345451872,0.6876924528301886,291,115.1,2018-02-01,25.7280693054199,54,54,1,1
Downtown,2018,2,night,62073,3.81014,16291.527345451872,0.6876924528301886,519,115.1,2018-02-01,25.7280693054199,54,54,1,1
Downtown,2018,3,day,62073,3.81014,16291.527345451872,0.6876924528301886,378,115.3,2018-03-01,20.7787971496582,54,54,1,1
Downtown,2018,3,night,62073,3.81014,16291.527345451872,0.6876924528301886,478,115.3,2018-03-01,20.7787971496582,54,54,1,1
Downtown,2018,4,day,62073,3.81014,16291.527345451872,0.6876924528301886,428,118.7,2018-04-01,19.5984382629395,54,54,1,1
Downtown,2018,4,night,62073,3.81014,16291.527345451872,0.6876924528301886,525,118.7,2018-04-01,19.5984382629395,54,54,1,1
Downtown,2018,5,day,62073,3.81014,16291.527345451872,0.6876924528301886,443,118.8,2018-05-01,16.406156539917,54,54,1,1
Downtown,2018,5,night,62073,3.81014,16291.527345451872,0.6876924528301886,441,118.8,2018-05-01,16.406156539917,54,54,1,1
Downtown,2018,6,day,62073,3.81014,16291.527345451872,0.6876924528301886,473,118.7,2018-06-01,NA,NA,NA,NA,1
Downtown,2018,6,night,62073,3.81014,16291.527345451872,0.6876924528301886,474,118.7,2018-06-01,NA,NA,NA,NA,1
Downtown,2018,7,day,62073,3.81014,16291.527345451872,0.6876924528301886,447,118.8,2018-07-01,11.5207748413086,54,54,1,1
Downtown,2018,7,night,62073,3.81014,16291.527345451872,0.6876924528301886,487,118.8,2018-07-01,11.5207748413086,54,54,1,1
Downtown,2018,8,day,62073,3.81014,16291.527345451872,0.6876924528301886,470,118.8,2018-08-01,9.75477695465088,54,54,1,1
Downtown,2018,8,night,62073,3.81014,16291.527345451872,0.6876924528301886,543,118.8,2018-08-01,9.75477695465088,54,54,1,1
Downtown,2018,9,day,62073,3.81014,16291.527345451872,0.6876924528301886,439,118.7,2018-09-01,13.4371109008789,54,54,1,1
Downtown,2018,9,night,62073,3.81014,16291.527345451872,0.6876924528301886,563,118.7,2018-09-01,13.4371109008789,54,54,1,1
Downtown,2018,10,day,62073,3.81014,16291.527345451872,0.6876924528301886,383,118.8,2018-10-01,15.9178190231323,54,54,1,1
Downtown,2018,10,night,62073,3.81014,16291.527345451872,0.6876924528301886,534,118.8,2018-10-01,15.9178190231323,54,54,1,1
Downtown,2018,11,day,62073,3.81014,16291.527345451872,0.6876924528301886,356,118.7,2018-11-01,15.7588834762573,54,54,1,1
Downtown,2018,11,night,62073,3.81014,16291.527345451872,0.6876924528301886,618,118.7,2018-11-01,15.7588834762573,54,54,1,1
Downtown,2018,12,day,62073,3.81014,16291.527345451872,0.6876924528301886,314,118.8,2018-12-01,20.4011154174805,54,54,1,1
Downtown,2018,12,night,62073,3.81014,16291.527345451872,0.6876924528301886,668,118.8,2018-12-01,20.4011154174805,54,54,1,1
Downtown,2019,1,day,49553,2.8771,17223.24562927948,0.8234347826086956,173,118.8,2019-01-01,17.6537456512451,54,54,1,1
Downtown,2019,1,night,49553,2.8771,17223.24562927948,0.8234347826086956,350,118.8,2019-01-01,17.6537456512451,54,54,1,1
Downtown,2019,2,day,49553,2.8771,17223.24562927948,0.8234347826086956,149,118.6,2019-02-01,21.0916137695312,54,54,1,1
Downtown,2019,2,night,49553,2.8771,17223.24562927948,0.8234347826086956,244,118.6,2019-02-01,21.0916137695312,54,54,1,1
Downtown,2019,3,day,49553,2.8771,17223.24562927948,0.8234347826086956,195,118.8,2019-03-01,18.1898193359375,54,54,1,1
Downtown,2019,3,night,49553,2.8771,17223.24562927948,0.8234347826086956,288,118.8,2019-03-01,18.1898193359375,54,54,1,1
Downtown,2019,4,day,49553,2.8771,17223.24562927948,0.8234347826086956,220,120.9,2019-04-01,18.9313068389893,54,54,1,1
Downtown,2019,4,night,49553,2.8771,17223.24562927948,0.8234347826086956,269,120.9,2019-04-01,18.9313068389893,54,54,1,1
Downtown,2019,5,day,49553,2.8771,17223.24562927948,0.8234347826086956,230,120.9,2019-05-01,15.6312808990479,54,54,1,1
Downtown,2019,5,night,49553,2.8771,17223.24562927948,0.8234347826086956,287,120.9,2019-05-01,15.6312808990479,54,54,1,1
Downtown,2019,6,day,49553,2.8771,17223.24562927948,0.8234347826086956,213,120.9,2019-06-01,NA,NA,NA,NA,1
Downtown,2019,6,night,49553,2.8771,17223.24562927948,0.8234347826086956,273,120.9,2019-06-01,NA,NA,NA,NA,1
Downtown,2019,7,day,49553,2.8771,17223.24562927948,0.8234347826086956,275,120.9,2019-07-01,12.5451078414917,54,54,1,1
Downtown,2019,7,night,49553,2.8771,17223.24562927948,0.8234347826086956,353,120.9,2019-07-01,12.5451078414917,54,54,1,1
Downtown,2019,8,day,49553,2.8771,17223.24562927948,0.8234347826086956,300,120.9,2019-08-01,13.8164253234863,54,54,1,1
Downtown,2019,8,night,49553,2.8771,17223.24562927948,0.8234347826086956,332,120.9,2019-08-01,13.8164253234863,54,54,1,1
Downtown,2019,9,day,49553,2.8771,17223.24562927948,0.8234347826086956,282,120.9,2019-09-01,21.2926368713379,54,54,1,1
Downtown,2019,9,night,49553,2.8771,17223.24562927948,0.8234347826086956,343,120.9,2019-09-01,21.2926368713379,54,54,1,1
Downtown,2019,10,day,49553,2.8771,17223.24562927948,0.8234347826086956,257,120.9,2019-10-01,14.4413919448853,54,54,1,1
Downtown,2019,10,night,49553,2.8771,17223.24562927948,0.8234347826086956,352,120.9,2019-10-01,14.4413919448853,54,54,1,1
Downtown,2019,11,day,49553,2.8771,17223.24562927948,0.8234347826086956,211,120.9,2019-11-01,28.0256729125977,54,54,1,1
Downtown,2019,11,night,49553,2.8771,17223.24562927948,0.8234347826086956,361,120.9,2019-11-01,28.0256729125977,54,54,1,1
Downtown,2019,12,day,49553,2.8771,17223.24562927948,0.8234347826086956,160,120.9,2019-12-01,13.3208885192871,54,54,1,1
Downtown,2019,12,night,49553,2.8771,17223.24562927948,0.8234347826086956,338,120.9,2019-12-01,13.3208885192871,54,54,1,1
Downtown,2020,1,day,49553,2.8771,17223.24562927948,0.8234347826086956,186,120.9,2020-01-01,9.88970470428467,54,49,0.907407407407407,1
Downtown,2020,1,night,49553,2.8771,17223.24562927948,0.8234347826086956,322,120.9,2020-01-01,9.88970470428467,54,49,0.907407407407407,1
Downtown,2020,2,day,49553,2.8771,17223.24562927948,0.8234347826086956,203,120.8,2020-02-01,19.6616973876953,54,54,1,1
Downtown,2020,2,night,49553,2.8771,17223.24562927948,0.8234347826086956,330,120.8,2020-02-01,19.6616973876953,54,54,1,1
Downtown,2020,3,day,49553,2.8771,17223.24562927948,0.8234347826086956,178,120.9,2020-03-01,18.3232002258301,54,54,1,1
Downtown,2020,3,night,49553,2.8771,17223.24562927948,0.8234347826086956,239,120.9,2020-03-01,18.3232002258301,54,54,1,1
Downtown,2020,4,day,49553,2.8771,17223.24562927948,0.8234347826086956,138,119.6,2020-04-01,22.3436222076416,54,54,1,1
Downtown,2020,4,night,49553,2.8771,17223.24562927948,0.8234347826086956,137,119.6,2020-04-01,22.3436222076416,54,54,1,1
Downtown,2020,5,day,49553,2.8771,17223.24562927948,0.8234347826086956,83,119.7,2020-05-01,18.7050514221191,54,54,1,1
Downtown,2020,5,night,49553,2.8771,17223.24562927948,0.8234347826086956,87,119.7,2020-05-01,18.7050514221191,54,54,1,1
Downtown,2020,6,day,49553,2.8771,17223.24562927948,0.8234347826086956,115,119.6,2020-06-01,NA,NA,NA,NA,1
Downtown,2020,6,night,49553,2.8771,17223.24562927948,0.8234347826086956,101,119.6,2020-06-01,NA,NA,NA,NA,1
Downtown,2020,7,day,49553,2.8771,17223.24562927948,0.8234347826086956,99,119.7,2020-07-01,11.9917097091675,54,54,1,1
Downtown,2020,7,night,49553,2.8771,17223.24562927948,0.8234347826086956,120,119.7,2020-07-01,11.9917097091675,54,54,1,1
Downtown,2020,8,day,49553,2.8771,17223.24562927948,0.8234347826086956,133,119.7,2020-08-01,13.4322881698608,54,54,1,1
Downtown,2020,8,night,49553,2.8771,17223.24562927948,0.8234347826086956,156,119.7,2020-08-01,13.4322881698608,54,54,1,1
Downtown,2020,9,day,49553,2.8771,17223.24562927948,0.8234347826086956,136,119.6,2020-09-01,14.9773359298706,54,54,1,1
Downtown,2020,9,night,49553,2.8771,17223.24562927948,0.8234347826086956,174,119.6,2020-09-01,14.9773359298706,54,54,1,1
Downtown,2020,10,day,49553,2.8771,17223.24562927948,0.8234347826086956,133,119.7,2020-10-01,14.0405006408691,54,54,1,1
Downtown,2020,10,night,49553,2.8771,17223.24562927948,0.8234347826086956,195,119.7,2020-10-01,14.0405006408691,54,54,1,1
Downtown,2020,11,day,49553,2.8771,17223.24562927948,0.8234347826086956,99,119.6,2020-11-01,12.0226173400879,54,53,0.981481481481482,1
Downtown,2020,11,night,49553,2.8771,17223.24562927948,0.8234347826086956,136,119.6,2020-11-01,12.0226173400879,54,53,0.981481481481482,1
Downtown,2020,12,day,49553,2.8771,17223.24562927948,0.8234347826086956,91,119.7,2020-12-01,9.00077819824219,54,54,1,1
Downtown,2020,12,night,49553,2.8771,17223.24562927948,0.8234347826086956,164,119.7,2020-12-01,9.00077819824219,54,54,1,1
Downtown,2021,1,day,49553,2.8771,17223.24562927948,0.8234347826086956,99,119.7,2021-01-01,4.86155080795288,54,54,1,1
Downtown,2021,1,night,49553,2.8771,17223.24562927948,0.8234347826086956,161,119.7,2021-01-01,4.86155080795288,54,54,1,1
Downtown,2021,2,day,49553,2.8771,17223.24562927948,0.8234347826086956,69,119.5,2021-02-01,19.3024997711182,54,54,1,1
Downtown,2021,2,night,49553,2.8771,17223.24562927948,0.8234347826086956,113,119.5,2021-02-01,19.3024997711182,54,54,1,1
Downtown,2021,3,day,49553,2.8771,17223.24562927948,0.8234347826086956,81,119.7,2021-03-01,17.3061618804932,54,54,1,1
Downtown,2021,3,night,49553,2.8771,17223.24562927948,0.8234347826086956,94,119.7,2021-03-01,17.3061618804932,54,54,1,1
Downtown,2021,4,day,49553,2.8771,17223.24562927948,0.8234347826086956,86,120.1,2021-04-01,16.1429920196533,54,54,1,1
Downtown,2021,4,night,49553,2.8771,17223.24562927948,0.8234347826086956,106,120.1,2021-04-01,16.1429920196533,54,54,1,1
Downtown,2021,5,day,49553,2.8771,17223.24562927948,0.8234347826086956,103,120.1,2021-05-01,18.3077220916748,54,54,1,1
Downtown,2021,5,night,49553,2.8771,17223.24562927948,0.8234347826086956,105,120.1,2021-05-01,18.3077220916748,54,54,1,1
Downtown,2021,6,day,49553,2.8771,17223.24562927948,0.8234347826086956,107,120.1,2021-06-01,NA,NA,NA,NA,1
Downtown,2021,6,night,49553,2.8771,17223.24562927948,0.8234347826086956,119,120.1,2021-06-01,NA,NA,NA,NA,1
Downtown,2021,7,day,49553,2.8771,17223.24562927948,0.8234347826086956,121,120.1,2021-07-01,10.4345607757568,54,54,1,1
Downtown,2021,7,night,49553,2.8771,17223.24562927948,0.8234347826086956,148,120.1,2021-07-01,10.4345607757568,54,54,1,1
Downtown,2021,8,day,49553,2.8771,17223.24562927948,0.8234347826086956,113,120.1,2021-08-01,11.4694633483887,54,54,1,1
Downtown,2021,8,night,49553,2.8771,17223.24562927948,0.8234347826086956,174,120.1,2021-08-01,11.4694633483887,54,54,1,1
Downtown,2021,9,day,49553,2.8771,17223.24562927948,0.8234347826086956,107,120.1,2021-09-01,15.7185678482056,54,54,1,1
Downtown,2021,9,night,49553,2.8771,17223.24562927948,0.8234347826086956,191,120.1,2021-09-01,15.7185678482056,54,54,1,1
Downtown,2021,10,day,49553,2.8771,17223.24562927948,0.8234347826086956,112,120.1,2021-10-01,14.1773233413696,54,54,1,1
Downtown,2021,10,night,49553,2.8771,17223.24562927948,0.8234347826086956,159,120.1,2021-10-01,14.1773233413696,54,54,1,1
Downtown,2021,11,day,49553,2.8771,17223.24562927948,0.8234347826086956,85,120.1,2021-11-01,13.2205677032471,54,54,1,1
Downtown,2021,11,night,49553,2.8771,17223.24562927948,0.8234347826086956,186,120.1,2021-11-01,13.2205677032471,54,54,1,1
Downtown,2021,12,day,49553,2.8771,17223.24562927948,0.8234347826086956,89,120.1,2021-12-01,19.3684711456299,54,54,1,1
Downtown,2021,12,night,49553,2.8771,17223.24562927948,0.8234347826086956,186,120.1,2021-12-01,19.3684711456299,54,54,1,1
Downtown,2022,1,day,49553,2.8771,17223.24562927948,0.8234347826086956,89,120.1,2022-01-01,7.32633638381958,54,54,1,1
Downtown,2022,1,night,49553,2.8771,17223.24562927948,0.8234347826086956,145,120.1,2022-01-01,7.32633638381958,54,54,1,1
Downtown,2022,2,day,49553,2.8771,17223.24562927948,0.8234347826086956,84,120,2022-02-01,10.7250938415527,54,54,1,1
Downtown,2022,2,night,49553,2.8771,17223.24562927948,0.8234347826086956,160,120,2022-02-01,10.7250938415527,54,54,1,1
Downtown,2022,3,day,49553,2.8771,17223.24562927948,0.8234347826086956,119,120.1,2022-03-01,15.1650896072388,54,54,1,1
Downtown,2022,3,night,49553,2.8771,17223.24562927948,0.8234347826086956,200,120.1,2022-03-01,15.1650896072388,54,54,1,1
Downtown,2022,4,day,49553,2.8771,17223.24562927948,0.8234347826086956,114,120.9,2022-04-01,15.7417364120483,54,54,1,1
Downtown,2022,4,night,49553,2.8771,17223.24562927948,0.8234347826086956,163,120.9,2022-04-01,15.7417364120483,54,54,1,1
Downtown,2022,5,day,49553,2.8771,17223.24562927948,0.8234347826086956,116,120.9,2022-05-01,13.1101818084717,54,54,1,1
Downtown,2022,5,night,49553,2.8771,17223.24562927948,0.8234347826086956,165,120.9,2022-05-01,13.1101818084717,54,54,1,1
Downtown,2022,6,day,49553,2.8771,17223.24562927948,0.8234347826086956,142,120.9,2022-06-01,NA,NA,NA,NA,1
Downtown,2022,6,night,49553,2.8771,17223.24562927948,0.8234347826086956,142,120.9,2022-06-01,NA,NA,NA,NA,1
Downtown,2022,7,day,49553,2.8771,17223.24562927948,0.8234347826086956,121,120.9,2022-07-01,12.7459592819214,54,53,0.981481481481482,1
Downtown,2022,7,night,49553,2.8771,17223.24562927948,0.8234347826086956,157,120.9,2022-07-01,12.7459592819214,54,53,0.981481481481482,1
Downtown,2022,8,day,49553,2.8771,17223.24562927948,0.8234347826086956,133,120.9,2022-08-01,14.2366876602173,54,54,1,1
Downtown,2022,8,night,49553,2.8771,17223.24562927948,0.8234347826086956,178,120.9,2022-08-01,14.2366876602173,54,54,1,1
Downtown,2022,9,day,49553,2.8771,17223.24562927948,0.8234347826086956,137,120.9,2022-09-01,16.7317199707031,54,54,1,1
Downtown,2022,9,night,49553,2.8771,17223.24562927948,0.8234347826086956,183,120.9,2022-09-01,16.7317199707031,54,54,1,1
Downtown,2022,10,day,49553,2.8771,17223.24562927948,0.8234347826086956,118,120.9,2022-10-01,13.4395751953125,54,54,1,1
Downtown,2022,10,night,49553,2.8771,17223.24562927948,0.8234347826086956,171,120.9,2022-10-01,13.4395751953125,54,54,1,1
Downtown,2022,11,day,49553,2.8771,17223.24562927948,0.8234347826086956,76,120.9,2022-11-01,12.3604335784912,54,54,1,1
Downtown,2022,11,night,49553,2.8771,17223.24562927948,0.8234347826086956,148,120.9,2022-11-01,12.3604335784912,54,54,1,1
Downtown,2022,12,day,49553,2.8771,17223.24562927948,0.8234347826086956,77,120.9,2022-12-01,15.2495899200439,54,53,0.981481481481482,1
Downtown,2022,12,night,49553,2.8771,17223.24562927948,0.8234347826086956,186,120.9,2022-12-01,15.2495899200439,54,53,0.981481481481482,1
Downtown,2023,1,day,49553,2.8771,17223.24562927948,0.8234347826086956,89,120.9,2023-01-01,15.7430858612061,54,54,1,1
Downtown,2023,1,night,49553,2.8771,17223.24562927948,0.8234347826086956,160,120.9,2023-01-01,15.7430858612061,54,54,1,1
Downtown,2023,2,day,49553,2.8771,17223.24562927948,0.8234347826086956,74,120.7,2023-02-01,13.2412004470825,54,54,1,1
Downtown,2023,2,night,49553,2.8771,17223.24562927948,0.8234347826086956,172,120.7,2023-02-01,13.2412004470825,54,54,1,1
Downtown,2023,3,day,49553,2.8771,17223.24562927948,0.8234347826086956,106,120.9,2023-03-01,15.3426895141602,54,54,1,1
Downtown,2023,3,night,49553,2.8771,17223.24562927948,0.8234347826086956,226,120.9,2023-03-01,15.3426895141602,54,54,1,1
Downtown,2023,4,day,49553,2.8771,17223.24562927948,0.8234347826086956,108,122,2023-04-01,14.8607892990112,54,54,1,1
Downtown,2023,4,night,49553,2.8771,17223.24562927948,0.8234347826086956,138,122,2023-04-01,14.8607892990112,54,54,1,1
Downtown,2023,5,day,49553,2.8771,17223.24562927948,0.8234347826086956,165,122.1,2023-05-01,16.7046165466309,54,54,1,1
Downtown,2023,5,night,49553,2.8771,17223.24562927948,0.8234347826086956,152,122.1,2023-05-01,16.7046165466309,54,54,1,1
Downtown,2023,6,day,49553,2.8771,17223.24562927948,0.8234347826086956,169,122,2023-06-01,NA,NA,NA,NA,1
Downtown,2023,6,night,49553,2.8771,17223.24562927948,0.8234347826086956,172,122,2023-06-01,NA,NA,NA,NA,1
Downtown,2023,7,day,49553,2.8771,17223.24562927948,0.8234347826086956,182,122.1,2023-07-01,10.1641521453857,54,54,1,1
Downtown,2023,7,night,49553,2.8771,17223.24562927948,0.8234347826086956,208,122.1,2023-07-01,10.1641521453857,54,54,1,1
Downtown,2023,8,day,49553,2.8771,17223.24562927948,0.8234347826086956,199,122.1,2023-08-01,17.6688251495361,54,54,1,1
Downtown,2023,8,night,49553,2.8771,17223.24562927948,0.8234347826086956,214,122.1,2023-08-01,17.6688251495361,54,54,1,1
Downtown,2023,9,day,49553,2.8771,17223.24562927948,0.8234347826086956,154,122.5,2023-09-01,15.5084743499756,54,54,1,1
Downtown,2023,9,night,49553,2.8771,17223.24562927948,0.8234347826086956,177,122.5,2023-09-01,15.5084743499756,54,54,1,1
Downtown,2023,10,day,49553,2.8771,17223.24562927948,0.8234347826086956,120,122.5,2023-10-01,22.0563716888428,54,54,1,1
Downtown,2023,10,night,49553,2.8771,17223.24562927948,0.8234347826086956,176,122.5,2023-10-01,22.0563716888428,54,54,1,1
Downtown,2023,11,day,49553,2.8771,17223.24562927948,0.8234347826086956,94,122.5,2023-11-01,24.3761940002441,54,54,1,1
Downtown,2023,11,night,49553,2.8771,17223.24562927948,0.8234347826086956,163,122.5,2023-11-01,24.3761940002441,54,54,1,1
Downtown,2023,12,day,49553,2.8771,17223.24562927948,0.8234347826086956,106,122.5,2023-12-01,22.6721630096436,54,53,0.981481481481482,1
Downtown,2023,12,night,49553,2.8771,17223.24562927948,0.8234347826086956,182,122.5,2023-12-01,22.6721630096436,54,53,0.981481481481482,1
Dunbar-Southlands,2014,1,day,20054,7.85892,2551.7501132471125,1.1213545,5,94.8,2014-01-01,1.97176432609558,95,95,1,0
Dunbar-Southlands,2014,1,night,20054,7.85892,2551.7501132471125,1.1213545,21,94.8,2014-01-01,1.97176432609558,95,95,1,0
Dunbar-Southlands,2014,2,day,20054,7.85892,2551.7501132471125,1.1213545,8,94.8,2014-02-01,1.88383030891418,95,95,1,0
Dunbar-Southlands,2014,2,night,20054,7.85892,2551.7501132471125,1.1213545,16,94.8,2014-02-01,1.88383030891418,95,95,1,0
Dunbar-Southlands,2014,3,day,20054,7.85892,2551.7501132471125,1.1213545,9,94.8,2014-03-01,2.16434073448181,95,95,1,0
Dunbar-Southlands,2014,3,night,20054,7.85892,2551.7501132471125,1.1213545,20,94.8,2014-03-01,2.16434073448181,95,95,1,0
Dunbar-Southlands,2014,4,day,20054,7.85892,2551.7501132471125,1.1213545,9,101.7,2014-04-01,1.83732807636261,95,95,1,0
Dunbar-Southlands,2014,4,night,20054,7.85892,2551.7501132471125,1.1213545,38,101.7,2014-04-01,1.83732807636261,95,95,1,0
Dunbar-Southlands,2014,5,day,20054,7.85892,2551.7501132471125,1.1213545,18,101.7,2014-05-01,2.06969881057739,95,95,1,0
Dunbar-Southlands,2014,5,night,20054,7.85892,2551.7501132471125,1.1213545,19,101.7,2014-05-01,2.06969881057739,95,95,1,0
Dunbar-Southlands,2014,6,day,20054,7.85892,2551.7501132471125,1.1213545,17,101.7,2014-06-01,NA,NA,NA,NA,0
Dunbar-Southlands,2014,6,night,20054,7.85892,2551.7501132471125,1.1213545,23,101.7,2014-06-01,NA,NA,NA,NA,0
Dunbar-Southlands,2014,7,day,20054,7.85892,2551.7501132471125,1.1213545,20,101.7,2014-07-01,2.01139378547668,95,95,1,0
Dunbar-Southlands,2014,7,night,20054,7.85892,2551.7501132471125,1.1213545,34,101.7,2014-07-01,2.01139378547668,95,95,1,0
Dunbar-Southlands,2014,8,day,20054,7.85892,2551.7501132471125,1.1213545,15,101.7,2014-08-01,1.817342877388,95,95,1,0
Dunbar-Southlands,2014,8,night,20054,7.85892,2551.7501132471125,1.1213545,33,101.7,2014-08-01,1.817342877388,95,95,1,0
Dunbar-Southlands,2014,9,day,20054,7.85892,2551.7501132471125,1.1213545,19,101.7,2014-09-01,1.81130158901215,95,95,1,0
Dunbar-Southlands,2014,9,night,20054,7.85892,2551.7501132471125,1.1213545,18,101.7,2014-09-01,1.81130158901215,95,95,1,0
Dunbar-Southlands,2014,10,day,20054,7.85892,2551.7501132471125,1.1213545,18,101.7,2014-10-01,1.62169671058655,95,95,1,0
Dunbar-Southlands,2014,10,night,20054,7.85892,2551.7501132471125,1.1213545,26,101.7,2014-10-01,1.62169671058655,95,95,1,0
Dunbar-Southlands,2014,11,day,20054,7.85892,2551.7501132471125,1.1213545,12,101.7,2014-11-01,1.96191787719727,95,95,1,0
Dunbar-Southlands,2014,11,night,20054,7.85892,2551.7501132471125,1.1213545,20,101.7,2014-11-01,1.96191787719727,95,95,1,0
Dunbar-Southlands,2014,12,day,20054,7.85892,2551.7501132471125,1.1213545,13,101.7,2014-12-01,2.18898797035217,95,95,1,0
Dunbar-Southlands,2014,12,night,20054,7.85892,2551.7501132471125,1.1213545,25,101.7,2014-12-01,2.18898797035217,95,95,1,0
Dunbar-Southlands,2015,1,day,20054,7.85892,2551.7501132471125,1.1213545,9,101.7,2015-01-01,1.67955136299133,95,95,1,0
Dunbar-Southlands,2015,1,night,20054,7.85892,2551.7501132471125,1.1213545,39,101.7,2015-01-01,1.67955136299133,95,95,1,0
Dunbar-Southlands,2015,2,day,20054,7.85892,2551.7501132471125,1.1213545,11,101.7,2015-02-01,2.03485727310181,95,95,1,0
Dunbar-Southlands,2015,2,night,20054,7.85892,2551.7501132471125,1.1213545,23,101.7,2015-02-01,2.03485727310181,95,95,1,0
Dunbar-Southlands,2015,3,day,20054,7.85892,2551.7501132471125,1.1213545,13,101.7,2015-03-01,1.95800244808197,95,95,1,0
Dunbar-Southlands,2015,3,night,20054,7.85892,2551.7501132471125,1.1213545,18,101.7,2015-03-01,1.95800244808197,95,95,1,0
Dunbar-Southlands,2015,4,day,20054,7.85892,2551.7501132471125,1.1213545,14,107.7,2015-04-01,1.84465253353119,95,95,1,0
Dunbar-Southlands,2015,4,night,20054,7.85892,2551.7501132471125,1.1213545,26,107.7,2015-04-01,1.84465253353119,95,95,1,0
Dunbar-Southlands,2015,5,day,20054,7.85892,2551.7501132471125,1.1213545,22,107.7,2015-05-01,1.90226340293884,95,95,1,0
Dunbar-Southlands,2015,5,night,20054,7.85892,2551.7501132471125,1.1213545,17,107.7,2015-05-01,1.90226340293884,95,95,1,0
Dunbar-Southlands,2015,6,day,20054,7.85892,2551.7501132471125,1.1213545,17,107.7,2015-06-01,NA,NA,NA,NA,0
Dunbar-Southlands,2015,6,night,20054,7.85892,2551.7501132471125,1.1213545,22,107.7,2015-06-01,NA,NA,NA,NA,0
Dunbar-Southlands,2015,7,day,20054,7.85892,2551.7501132471125,1.1213545,29,107.7,2015-07-01,2.00085234642029,95,95,1,0
Dunbar-Southlands,2015,7,night,20054,7.85892,2551.7501132471125,1.1213545,44,107.7,2015-07-01,2.00085234642029,95,95,1,0
Dunbar-Southlands,2015,8,day,20054,7.85892,2551.7501132471125,1.1213545,12,107.7,2015-08-01,1.73659896850586,95,95,1,0
Dunbar-Southlands,2015,8,night,20054,7.85892,2551.7501132471125,1.1213545,49,107.7,2015-08-01,1.73659896850586,95,95,1,0
Dunbar-Southlands,2015,9,day,20054,7.85892,2551.7501132471125,1.1213545,13,107.7,2015-09-01,1.53388237953186,95,95,1,0
Dunbar-Southlands,2015,9,night,20054,7.85892,2551.7501132471125,1.1213545,26,107.7,2015-09-01,1.53388237953186,95,95,1,0
Dunbar-Southlands,2015,10,day,20054,7.85892,2551.7501132471125,1.1213545,18,107.7,2015-10-01,1.71630167961121,95,95,1,0
Dunbar-Southlands,2015,10,night,20054,7.85892,2551.7501132471125,1.1213545,32,107.7,2015-10-01,1.71630167961121,95,95,1,0
Dunbar-Southlands,2015,11,day,20054,7.85892,2551.7501132471125,1.1213545,19,107.7,2015-11-01,1.76772439479828,95,95,1,0
Dunbar-Southlands,2015,11,night,20054,7.85892,2551.7501132471125,1.1213545,58,107.7,2015-11-01,1.76772439479828,95,95,1,0
Dunbar-Southlands,2015,12,day,20054,7.85892,2551.7501132471125,1.1213545,22,107.7,2015-12-01,1.30941092967987,95,95,1,0
Dunbar-Southlands,2015,12,night,20054,7.85892,2551.7501132471125,1.1213545,38,107.7,2015-12-01,1.30941092967987,95,95,1,0
Dunbar-Southlands,2016,1,day,20054,7.85892,2551.7501132471125,1.1213545,14,107.7,2016-01-01,1.94997704029083,95,95,1,0
Dunbar-Southlands,2016,1,night,20054,7.85892,2551.7501132471125,1.1213545,26,107.7,2016-01-01,1.94997704029083,95,95,1,0
Dunbar-Southlands,2016,2,day,20054,7.85892,2551.7501132471125,1.1213545,9,107.6,2016-02-01,1.80047786235809,95,95,1,0
Dunbar-Southlands,2016,2,night,20054,7.85892,2551.7501132471125,1.1213545,34,107.6,2016-02-01,1.80047786235809,95,95,1,0
Dunbar-Southlands,2016,3,day,20054,7.85892,2551.7501132471125,1.1213545,9,107.7,2016-03-01,1.75879085063934,95,95,1,0
Dunbar-Southlands,2016,3,night,20054,7.85892,2551.7501132471125,1.1213545,26,107.7,2016-03-01,1.75879085063934,95,95,1,0
Dunbar-Southlands,2016,4,day,20054,7.85892,2551.7501132471125,1.1213545,12,112.2,2016-04-01,1.80176472663879,95,95,1,0
Dunbar-Southlands,2016,4,night,20054,7.85892,2551.7501132471125,1.1213545,17,112.2,2016-04-01,1.80176472663879,95,95,1,0
Dunbar-Southlands,2016,5,day,20054,7.85892,2551.7501132471125,1.1213545,12,112.3,2016-05-01,1.75673460960388,95,95,1,0
Dunbar-Southlands,2016,5,night,20054,7.85892,2551.7501132471125,1.1213545,28,112.3,2016-05-01,1.75673460960388,95,95,1,0
Dunbar-Southlands,2016,6,day,20054,7.85892,2551.7501132471125,1.1213545,18,112.2,2016-06-01,NA,NA,NA,NA,0
Dunbar-Southlands,2016,6,night,20054,7.85892,2551.7501132471125,1.1213545,21,112.2,2016-06-01,NA,NA,NA,NA,0
Dunbar-Southlands,2016,7,day,20054,7.85892,2551.7501132471125,1.1213545,9,112.3,2016-07-01,1.60840284824371,95,95,1,0
Dunbar-Southlands,2016,7,night,20054,7.85892,2551.7501132471125,1.1213545,28,112.3,2016-07-01,1.60840284824371,95,95,1,0
Dunbar-Southlands,2016,8,day,20054,7.85892,2551.7501132471125,1.1213545,11,112.3,2016-08-01,1.63202214241028,95,95,1,0
Dunbar-Southlands,2016,8,night,20054,7.85892,2551.7501132471125,1.1213545,20,112.3,2016-08-01,1.63202214241028,95,95,1,0
Dunbar-Southlands,2016,9,day,20054,7.85892,2551.7501132471125,1.1213545,8,112.2,2016-09-01,1.5350968837738,95,95,1,0
Dunbar-Southlands,2016,9,night,20054,7.85892,2551.7501132471125,1.1213545,19,112.2,2016-09-01,1.5350968837738,95,95,1,0
Dunbar-Southlands,2016,10,day,20054,7.85892,2551.7501132471125,1.1213545,5,112.3,2016-10-01,1.54659140110016,95,95,1,0
Dunbar-Southlands,2016,10,night,20054,7.85892,2551.7501132471125,1.1213545,19,112.3,2016-10-01,1.54659140110016,95,95,1,0
Dunbar-Southlands,2016,11,day,20054,7.85892,2551.7501132471125,1.1213545,13,112.2,2016-11-01,1.53354597091675,95,95,1,0
Dunbar-Southlands,2016,11,night,20054,7.85892,2551.7501132471125,1.1213545,26,112.2,2016-11-01,1.53354597091675,95,95,1,0
Dunbar-Southlands,2016,12,day,20054,7.85892,2551.7501132471125,1.1213545,7,112.3,2016-12-01,1.87184774875641,95,95,1,0
Dunbar-Southlands,2016,12,night,20054,7.85892,2551.7501132471125,1.1213545,22,112.3,2016-12-01,1.87184774875641,95,95,1,0
Dunbar-Southlands,2017,1,day,20054,7.85892,2551.7501132471125,1.1213545,8,112.3,2017-01-01,2.51618576049805,95,95,1,0
Dunbar-Southlands,2017,1,night,20054,7.85892,2551.7501132471125,1.1213545,24,112.3,2017-01-01,2.51618576049805,95,95,1,0
Dunbar-Southlands,2017,2,day,20054,7.85892,2551.7501132471125,1.1213545,5,112.1,2017-02-01,3.84962344169617,95,95,1,0
Dunbar-Southlands,2017,2,night,20054,7.85892,2551.7501132471125,1.1213545,17,112.1,2017-02-01,3.84962344169617,95,95,1,0
Dunbar-Southlands,2017,3,day,20054,7.85892,2551.7501132471125,1.1213545,16,112.3,2017-03-01,2.05472683906555,95,95,1,0
Dunbar-Southlands,2017,3,night,20054,7.85892,2551.7501132471125,1.1213545,18,112.3,2017-03-01,2.05472683906555,95,95,1,0
Dunbar-Southlands,2017,4,day,20054,7.85892,2551.7501132471125,1.1213545,15,115.2,2017-04-01,1.96207797527313,95,95,1,0
Dunbar-Southlands,2017,4,night,20054,7.85892,2551.7501132471125,1.1213545,18,115.2,2017-04-01,1.96207797527313,95,95,1,0
Dunbar-Southlands,2017,5,day,20054,7.85892,2551.7501132471125,1.1213545,4,115.3,2017-05-01,1.79703593254089,95,95,1,0
Dunbar-Southlands,2017,5,night,20054,7.85892,2551.7501132471125,1.1213545,17,115.3,2017-05-01,1.79703593254089,95,95,1,0
Dunbar-Southlands,2017,6,day,20054,7.85892,2551.7501132471125,1.1213545,9,115.2,2017-06-01,NA,NA,NA,NA,0
Dunbar-Southlands,2017,6,night,20054,7.85892,2551.7501132471125,1.1213545,21,115.2,2017-06-01,NA,NA,NA,NA,0
Dunbar-Southlands,2017,7,day,20054,7.85892,2551.7501132471125,1.1213545,9,115.3,2017-07-01,2.22122883796692,95,95,1,0
Dunbar-Southlands,2017,7,night,20054,7.85892,2551.7501132471125,1.1213545,26,115.3,2017-07-01,2.22122883796692,95,95,1,0
Dunbar-Southlands,2017,8,day,20054,7.85892,2551.7501132471125,1.1213545,8,115.3,2017-08-01,1.65904784202576,95,95,1,0
Dunbar-Southlands,2017,8,night,20054,7.85892,2551.7501132471125,1.1213545,27,115.3,2017-08-01,1.65904784202576,95,95,1,0
Dunbar-Southlands,2017,9,day,20054,7.85892,2551.7501132471125,1.1213545,12,115.2,2017-09-01,1.55778217315674,95,95,1,0
Dunbar-Southlands,2017,9,night,20054,7.85892,2551.7501132471125,1.1213545,20,115.2,2017-09-01,1.55778217315674,95,95,1,0
Dunbar-Southlands,2017,10,day,20054,7.85892,2551.7501132471125,1.1213545,14,115.3,2017-10-01,1.74006521701813,95,95,1,0
Dunbar-Southlands,2017,10,night,20054,7.85892,2551.7501132471125,1.1213545,35,115.3,2017-10-01,1.74006521701813,95,95,1,0
Dunbar-Southlands,2017,11,day,20054,7.85892,2551.7501132471125,1.1213545,10,115.2,2017-11-01,1.61315608024597,95,95,1,0
Dunbar-Southlands,2017,11,night,20054,7.85892,2551.7501132471125,1.1213545,33,115.2,2017-11-01,1.61315608024597,95,95,1,0
Dunbar-Southlands,2017,12,day,20054,7.85892,2551.7501132471125,1.1213545,7,115.3,2017-12-01,2.01208710670471,95,95,1,0
Dunbar-Southlands,2017,12,night,20054,7.85892,2551.7501132471125,1.1213545,33,115.3,2017-12-01,2.01208710670471,95,95,1,0
Dunbar-Southlands,2018,1,day,20054,7.85892,2551.7501132471125,1.1213545,9,115.3,2018-01-01,1.96622335910797,95,95,1,0
Dunbar-Southlands,2018,1,night,20054,7.85892,2551.7501132471125,1.1213545,35,115.3,2018-01-01,1.96622335910797,95,95,1,0
Dunbar-Southlands,2018,2,day,20054,7.85892,2551.7501132471125,1.1213545,11,115.1,2018-02-01,3.9055814743042,95,95,1,0
Dunbar-Southlands,2018,2,night,20054,7.85892,2551.7501132471125,1.1213545,23,115.1,2018-02-01,3.9055814743042,95,95,1,0
Dunbar-Southlands,2018,3,day,20054,7.85892,2551.7501132471125,1.1213545,10,115.3,2018-03-01,2.04853439331055,95,95,1,0
Dunbar-Southlands,2018,3,night,20054,7.85892,2551.7501132471125,1.1213545,21,115.3,2018-03-01,2.04853439331055,95,95,1,0
Dunbar-Southlands,2018,4,day,20054,7.85892,2551.7501132471125,1.1213545,15,118.7,2018-04-01,2.12129712104797,95,95,1,0
Dunbar-Southlands,2018,4,night,20054,7.85892,2551.7501132471125,1.1213545,23,118.7,2018-04-01,2.12129712104797,95,95,1,0
Dunbar-Southlands,2018,5,day,20054,7.85892,2551.7501132471125,1.1213545,16,118.8,2018-05-01,2.08450794219971,95,95,1,0
Dunbar-Southlands,2018,5,night,20054,7.85892,2551.7501132471125,1.1213545,12,118.8,2018-05-01,2.08450794219971,95,95,1,0
Dunbar-Southlands,2018,6,day,20054,7.85892,2551.7501132471125,1.1213545,11,118.7,2018-06-01,NA,NA,NA,NA,0
Dunbar-Southlands,2018,6,night,20054,7.85892,2551.7501132471125,1.1213545,27,118.7,2018-06-01,NA,NA,NA,NA,0
Dunbar-Southlands,2018,7,day,20054,7.85892,2551.7501132471125,1.1213545,10,118.8,2018-07-01,2.04176425933838,95,95,1,0
Dunbar-Southlands,2018,7,night,20054,7.85892,2551.7501132471125,1.1213545,22,118.8,2018-07-01,2.04176425933838,95,95,1,0
Dunbar-Southlands,2018,8,day,20054,7.85892,2551.7501132471125,1.1213545,15,118.8,2018-08-01,1.55041098594666,95,95,1,0
Dunbar-Southlands,2018,8,night,20054,7.85892,2551.7501132471125,1.1213545,30,118.8,2018-08-01,1.55041098594666,95,95,1,0
Dunbar-Southlands,2018,9,day,20054,7.85892,2551.7501132471125,1.1213545,9,118.7,2018-09-01,1.60708391666412,95,95,1,0
Dunbar-Southlands,2018,9,night,20054,7.85892,2551.7501132471125,1.1213545,24,118.7,2018-09-01,1.60708391666412,95,95,1,0
Dunbar-Southlands,2018,10,day,20054,7.85892,2551.7501132471125,1.1213545,10,118.8,2018-10-01,1.69822859764099,95,95,1,0
Dunbar-Southlands,2018,10,night,20054,7.85892,2551.7501132471125,1.1213545,16,118.8,2018-10-01,1.69822859764099,95,95,1,0
Dunbar-Southlands,2018,11,day,20054,7.85892,2551.7501132471125,1.1213545,9,118.7,2018-11-01,1.70362031459808,95,95,1,0
Dunbar-Southlands,2018,11,night,20054,7.85892,2551.7501132471125,1.1213545,34,118.7,2018-11-01,1.70362031459808,95,95,1,0
Dunbar-Southlands,2018,12,day,20054,7.85892,2551.7501132471125,1.1213545,9,118.8,2018-12-01,1.762810587883,95,95,1,0
Dunbar-Southlands,2018,12,night,20054,7.85892,2551.7501132471125,1.1213545,25,118.8,2018-12-01,1.762810587883,95,95,1,0
Dunbar-Southlands,2019,1,day,20591,7.6529,2690.6140156019287,1.27825,3,118.8,2019-01-01,1.53611934185028,95,95,1,0
Dunbar-Southlands,2019,1,night,20591,7.6529,2690.6140156019287,1.27825,20,118.8,2019-01-01,1.53611934185028,95,95,1,0
Dunbar-Southlands,2019,2,day,20591,7.6529,2690.6140156019287,1.27825,5,118.6,2019-02-01,2.72545146942139,95,95,1,0
Dunbar-Southlands,2019,2,night,20591,7.6529,2690.6140156019287,1.27825,19,118.6,2019-02-01,2.72545146942139,95,95,1,0
Dunbar-Southlands,2019,3,day,20591,7.6529,2690.6140156019287,1.27825,12,118.8,2019-03-01,2.08575510978699,95,95,1,0
Dunbar-Southlands,2019,3,night,20591,7.6529,2690.6140156019287,1.27825,19,118.8,2019-03-01,2.08575510978699,95,95,1,0
Dunbar-Southlands,2019,4,day,20591,7.6529,2690.6140156019287,1.27825,11,120.9,2019-04-01,2.01524996757507,95,95,1,0
Dunbar-Southlands,2019,4,night,20591,7.6529,2690.6140156019287,1.27825,7,120.9,2019-04-01,2.01524996757507,95,95,1,0
Dunbar-Southlands,2019,5,day,20591,7.6529,2690.6140156019287,1.27825,11,120.9,2019-05-01,1.98847150802612,95,95,1,0
Dunbar-Southlands,2019,5,night,20591,7.6529,2690.6140156019287,1.27825,12,120.9,2019-05-01,1.98847150802612,95,95,1,0
Dunbar-Southlands,2019,6,day,20591,7.6529,2690.6140156019287,1.27825,9,120.9,2019-06-01,NA,NA,NA,NA,0
Dunbar-Southlands,2019,6,night,20591,7.6529,2690.6140156019287,1.27825,18,120.9,2019-06-01,NA,NA,NA,NA,0
Dunbar-Southlands,2019,7,day,20591,7.6529,2690.6140156019287,1.27825,12,120.9,2019-07-01,2.07903957366943,95,95,1,0
Dunbar-Southlands,2019,7,night,20591,7.6529,2690.6140156019287,1.27825,29,120.9,2019-07-01,2.07903957366943,95,95,1,0
Dunbar-Southlands,2019,8,day,20591,7.6529,2690.6140156019287,1.27825,16,120.9,2019-08-01,2.01529240608215,95,95,1,0
Dunbar-Southlands,2019,8,night,20591,7.6529,2690.6140156019287,1.27825,38,120.9,2019-08-01,2.01529240608215,95,95,1,0
Dunbar-Southlands,2019,9,day,20591,7.6529,2690.6140156019287,1.27825,13,120.9,2019-09-01,1.87138557434082,95,95,1,0
Dunbar-Southlands,2019,9,night,20591,7.6529,2690.6140156019287,1.27825,29,120.9,2019-09-01,1.87138557434082,95,95,1,0
Dunbar-Southlands,2019,10,day,20591,7.6529,2690.6140156019287,1.27825,18,120.9,2019-10-01,1.77834343910217,95,95,1,0
Dunbar-Southlands,2019,10,night,20591,7.6529,2690.6140156019287,1.27825,25,120.9,2019-10-01,1.77834343910217,95,95,1,0
Dunbar-Southlands,2019,11,day,20591,7.6529,2690.6140156019287,1.27825,15,120.9,2019-11-01,1.83078277111053,95,95,1,0
Dunbar-Southlands,2019,11,night,20591,7.6529,2690.6140156019287,1.27825,19,120.9,2019-11-01,1.83078277111053,95,95,1,0
Dunbar-Southlands,2019,12,day,20591,7.6529,2690.6140156019287,1.27825,13,120.9,2019-12-01,1.52336537837982,95,95,1,0
Dunbar-Southlands,2019,12,night,20591,7.6529,2690.6140156019287,1.27825,29,120.9,2019-12-01,1.52336537837982,95,95,1,0
Dunbar-Southlands,2020,1,day,20591,7.6529,2690.6140156019287,1.27825,16,120.9,2020-01-01,2.63132977485657,95,68,0.715789473684211,0
Dunbar-Southlands,2020,1,night,20591,7.6529,2690.6140156019287,1.27825,23,120.9,2020-01-01,2.63132977485657,95,68,0.715789473684211,0
Dunbar-Southlands,2020,2,day,20591,7.6529,2690.6140156019287,1.27825,10,120.8,2020-02-01,1.96765697002411,95,95,1,0
Dunbar-Southlands,2020,2,night,20591,7.6529,2690.6140156019287,1.27825,21,120.8,2020-02-01,1.96765697002411,95,95,1,0
Dunbar-Southlands,2020,3,day,20591,7.6529,2690.6140156019287,1.27825,13,120.9,2020-03-01,2.1310088634491,95,95,1,0
Dunbar-Southlands,2020,3,night,20591,7.6529,2690.6140156019287,1.27825,21,120.9,2020-03-01,2.1310088634491,95,95,1,0
Dunbar-Southlands,2020,4,day,20591,7.6529,2690.6140156019287,1.27825,17,119.6,2020-04-01,2.19722151756287,95,95,1,0
Dunbar-Southlands,2020,4,night,20591,7.6529,2690.6140156019287,1.27825,27,119.6,2020-04-01,2.19722151756287,95,95,1,0
Dunbar-Southlands,2020,5,day,20591,7.6529,2690.6140156019287,1.27825,7,119.7,2020-05-01,1.92655217647552,95,95,1,0
Dunbar-Southlands,2020,5,night,20591,7.6529,2690.6140156019287,1.27825,17,119.7,2020-05-01,1.92655217647552,95,95,1,0
Dunbar-Southlands,2020,6,day,20591,7.6529,2690.6140156019287,1.27825,14,119.6,2020-06-01,NA,NA,NA,NA,0
Dunbar-Southlands,2020,6,night,20591,7.6529,2690.6140156019287,1.27825,27,119.6,2020-06-01,NA,NA,NA,NA,0
Dunbar-Southlands,2020,7,day,20591,7.6529,2690.6140156019287,1.27825,15,119.7,2020-07-01,1.84728360176086,95,95,1,0
Dunbar-Southlands,2020,7,night,20591,7.6529,2690.6140156019287,1.27825,34,119.7,2020-07-01,1.84728360176086,95,95,1,0
Dunbar-Southlands,2020,8,day,20591,7.6529,2690.6140156019287,1.27825,13,119.7,2020-08-01,1.7884418964386,95,95,1,0
Dunbar-Southlands,2020,8,night,20591,7.6529,2690.6140156019287,1.27825,30,119.7,2020-08-01,1.7884418964386,95,95,1,0
Dunbar-Southlands,2020,9,day,20591,7.6529,2690.6140156019287,1.27825,13,119.6,2020-09-01,1.77803587913513,95,95,1,0
Dunbar-Southlands,2020,9,night,20591,7.6529,2690.6140156019287,1.27825,29,119.6,2020-09-01,1.77803587913513,95,95,1,0
Dunbar-Southlands,2020,10,day,20591,7.6529,2690.6140156019287,1.27825,14,119.7,2020-10-01,1.52120423316956,95,95,1,0
Dunbar-Southlands,2020,10,night,20591,7.6529,2690.6140156019287,1.27825,24,119.7,2020-10-01,1.52120423316956,95,95,1,0
Dunbar-Southlands,2020,11,day,20591,7.6529,2690.6140156019287,1.27825,7,119.6,2020-11-01,1.70575618743896,95,95,1,0
Dunbar-Southlands,2020,11,night,20591,7.6529,2690.6140156019287,1.27825,15,119.6,2020-11-01,1.70575618743896,95,95,1,0
Dunbar-Southlands,2020,12,day,20591,7.6529,2690.6140156019287,1.27825,9,119.7,2020-12-01,1.55863130092621,95,95,1,0
Dunbar-Southlands,2020,12,night,20591,7.6529,2690.6140156019287,1.27825,13,119.7,2020-12-01,1.55863130092621,95,95,1,0
Dunbar-Southlands,2021,1,day,20591,7.6529,2690.6140156019287,1.27825,5,119.7,2021-01-01,1.37723886966705,95,95,1,0
Dunbar-Southlands,2021,1,night,20591,7.6529,2690.6140156019287,1.27825,24,119.7,2021-01-01,1.37723886966705,95,95,1,0
Dunbar-Southlands,2021,2,day,20591,7.6529,2690.6140156019287,1.27825,6,119.5,2021-02-01,2.06302332878113,95,95,1,0
Dunbar-Southlands,2021,2,night,20591,7.6529,2690.6140156019287,1.27825,10,119.5,2021-02-01,2.06302332878113,95,95,1,0
Dunbar-Southlands,2021,3,day,20591,7.6529,2690.6140156019287,1.27825,3,119.7,2021-03-01,2.01122736930847,95,95,1,0
Dunbar-Southlands,2021,3,night,20591,7.6529,2690.6140156019287,1.27825,10,119.7,2021-03-01,2.01122736930847,95,95,1,0
Dunbar-Southlands,2021,4,day,20591,7.6529,2690.6140156019287,1.27825,3,120.1,2021-04-01,2.09595847129822,95,95,1,0
Dunbar-Southlands,2021,4,night,20591,7.6529,2690.6140156019287,1.27825,10,120.1,2021-04-01,2.09595847129822,95,95,1,0
Dunbar-Southlands,2021,5,day,20591,7.6529,2690.6140156019287,1.27825,8,120.1,2021-05-01,2.07539391517639,95,95,1,0
Dunbar-Southlands,2021,5,night,20591,7.6529,2690.6140156019287,1.27825,13,120.1,2021-05-01,2.07539391517639,95,95,1,0
Dunbar-Southlands,2021,6,day,20591,7.6529,2690.6140156019287,1.27825,5,120.1,2021-06-01,NA,NA,NA,NA,0
Dunbar-Southlands,2021,6,night,20591,7.6529,2690.6140156019287,1.27825,16,120.1,2021-06-01,NA,NA,NA,NA,0
Dunbar-Southlands,2021,7,day,20591,7.6529,2690.6140156019287,1.27825,10,120.1,2021-07-01,1.81957721710205,95,95,1,0
Dunbar-Southlands,2021,7,night,20591,7.6529,2690.6140156019287,1.27825,15,120.1,2021-07-01,1.81957721710205,95,95,1,0
Dunbar-Southlands,2021,8,day,20591,7.6529,2690.6140156019287,1.27825,2,120.1,2021-08-01,1.56613481044769,95,95,1,0
Dunbar-Southlands,2021,8,night,20591,7.6529,2690.6140156019287,1.27825,25,120.1,2021-08-01,1.56613481044769,95,95,1,0
Dunbar-Southlands,2021,9,day,20591,7.6529,2690.6140156019287,1.27825,10,120.1,2021-09-01,1.76260590553284,95,95,1,0
Dunbar-Southlands,2021,9,night,20591,7.6529,2690.6140156019287,1.27825,14,120.1,2021-09-01,1.76260590553284,95,95,1,0
Dunbar-Southlands,2021,10,day,20591,7.6529,2690.6140156019287,1.27825,5,120.1,2021-10-01,1.87614488601685,95,95,1,0
Dunbar-Southlands,2021,10,night,20591,7.6529,2690.6140156019287,1.27825,14,120.1,2021-10-01,1.87614488601685,95,95,1,0
Dunbar-Southlands,2021,11,day,20591,7.6529,2690.6140156019287,1.27825,3,120.1,2021-11-01,1.55682337284088,95,95,1,0
Dunbar-Southlands,2021,11,night,20591,7.6529,2690.6140156019287,1.27825,9,120.1,2021-11-01,1.55682337284088,95,95,1,0
Dunbar-Southlands,2021,12,day,20591,7.6529,2690.6140156019287,1.27825,2,120.1,2021-12-01,3.75390863418579,95,95,1,0
Dunbar-Southlands,2021,12,night,20591,7.6529,2690.6140156019287,1.27825,5,120.1,2021-12-01,3.75390863418579,95,95,1,0
Dunbar-Southlands,2022,1,day,20591,7.6529,2690.6140156019287,1.27825,2,120.1,2022-01-01,1.52843022346497,95,95,1,0
Dunbar-Southlands,2022,1,night,20591,7.6529,2690.6140156019287,1.27825,11,120.1,2022-01-01,1.52843022346497,95,95,1,0
Dunbar-Southlands,2022,2,day,20591,7.6529,2690.6140156019287,1.27825,5,120,2022-02-01,2.00799870491028,95,95,1,0
Dunbar-Southlands,2022,2,night,20591,7.6529,2690.6140156019287,1.27825,9,120,2022-02-01,2.00799870491028,95,95,1,0
Dunbar-Southlands,2022,3,day,20591,7.6529,2690.6140156019287,1.27825,10,120.1,2022-03-01,2.24381947517395,95,95,1,0
Dunbar-Southlands,2022,3,night,20591,7.6529,2690.6140156019287,1.27825,6,120.1,2022-03-01,2.24381947517395,95,95,1,0
Dunbar-Southlands,2022,4,day,20591,7.6529,2690.6140156019287,1.27825,7,120.9,2022-04-01,2.04519653320312,95,95,1,0
Dunbar-Southlands,2022,4,night,20591,7.6529,2690.6140156019287,1.27825,19,120.9,2022-04-01,2.04519653320312,95,95,1,0
Dunbar-Southlands,2022,5,day,20591,7.6529,2690.6140156019287,1.27825,20,120.9,2022-05-01,2.13857269287109,95,95,1,0
Dunbar-Southlands,2022,5,night,20591,7.6529,2690.6140156019287,1.27825,14,120.9,2022-05-01,2.13857269287109,95,95,1,0
Dunbar-Southlands,2022,6,day,20591,7.6529,2690.6140156019287,1.27825,5,120.9,2022-06-01,NA,NA,NA,NA,0
Dunbar-Southlands,2022,6,night,20591,7.6529,2690.6140156019287,1.27825,11,120.9,2022-06-01,NA,NA,NA,NA,0
Dunbar-Southlands,2022,7,day,20591,7.6529,2690.6140156019287,1.27825,12,120.9,2022-07-01,1.97598206996918,95,95,1,0
Dunbar-Southlands,2022,7,night,20591,7.6529,2690.6140156019287,1.27825,20,120.9,2022-07-01,1.97598206996918,95,95,1,0
Dunbar-Southlands,2022,8,day,20591,7.6529,2690.6140156019287,1.27825,7,120.9,2022-08-01,1.75820708274841,95,95,1,0
Dunbar-Southlands,2022,8,night,20591,7.6529,2690.6140156019287,1.27825,18,120.9,2022-08-01,1.75820708274841,95,95,1,0
Dunbar-Southlands,2022,9,day,20591,7.6529,2690.6140156019287,1.27825,9,120.9,2022-09-01,1.81643068790436,95,95,1,0
Dunbar-Southlands,2022,9,night,20591,7.6529,2690.6140156019287,1.27825,11,120.9,2022-09-01,1.81643068790436,95,95,1,0
Dunbar-Southlands,2022,10,day,20591,7.6529,2690.6140156019287,1.27825,6,120.9,2022-10-01,1.76740443706512,95,95,1,0
Dunbar-Southlands,2022,10,night,20591,7.6529,2690.6140156019287,1.27825,10,120.9,2022-10-01,1.76740443706512,95,95,1,0
Dunbar-Southlands,2022,11,day,20591,7.6529,2690.6140156019287,1.27825,7,120.9,2022-11-01,1.68900334835052,95,95,1,0
Dunbar-Southlands,2022,11,night,20591,7.6529,2690.6140156019287,1.27825,21,120.9,2022-11-01,1.68900334835052,95,95,1,0
Dunbar-Southlands,2022,12,day,20591,7.6529,2690.6140156019287,1.27825,5,120.9,2022-12-01,2.51529455184937,95,95,1,0
Dunbar-Southlands,2022,12,night,20591,7.6529,2690.6140156019287,1.27825,17,120.9,2022-12-01,2.51529455184937,95,95,1,0
Dunbar-Southlands,2023,1,day,20591,7.6529,2690.6140156019287,1.27825,8,120.9,2023-01-01,1.76973485946655,95,95,1,0
Dunbar-Southlands,2023,1,night,20591,7.6529,2690.6140156019287,1.27825,10,120.9,2023-01-01,1.76973485946655,95,95,1,0
Dunbar-Southlands,2023,2,day,20591,7.6529,2690.6140156019287,1.27825,4,120.7,2023-02-01,1.79704558849335,95,95,1,0
Dunbar-Southlands,2023,2,night,20591,7.6529,2690.6140156019287,1.27825,15,120.7,2023-02-01,1.79704558849335,95,95,1,0
Dunbar-Southlands,2023,3,day,20591,7.6529,2690.6140156019287,1.27825,12,120.9,2023-03-01,1.8971791267395,95,95,1,0
Dunbar-Southlands,2023,3,night,20591,7.6529,2690.6140156019287,1.27825,13,120.9,2023-03-01,1.8971791267395,95,95,1,0
Dunbar-Southlands,2023,4,day,20591,7.6529,2690.6140156019287,1.27825,11,122,2023-04-01,2.19787216186523,95,95,1,0
Dunbar-Southlands,2023,4,night,20591,7.6529,2690.6140156019287,1.27825,13,122,2023-04-01,2.19787216186523,95,95,1,0
Dunbar-Southlands,2023,5,day,20591,7.6529,2690.6140156019287,1.27825,8,122.1,2023-05-01,2.20265746116638,95,95,1,0
Dunbar-Southlands,2023,5,night,20591,7.6529,2690.6140156019287,1.27825,18,122.1,2023-05-01,2.20265746116638,95,95,1,0
Dunbar-Southlands,2023,6,day,20591,7.6529,2690.6140156019287,1.27825,8,122,2023-06-01,NA,NA,NA,NA,0
Dunbar-Southlands,2023,6,night,20591,7.6529,2690.6140156019287,1.27825,28,122,2023-06-01,NA,NA,NA,NA,0
Dunbar-Southlands,2023,7,day,20591,7.6529,2690.6140156019287,1.27825,8,122.1,2023-07-01,1.89948856830597,95,95,1,0
Dunbar-Southlands,2023,7,night,20591,7.6529,2690.6140156019287,1.27825,13,122.1,2023-07-01,1.89948856830597,95,95,1,0
Dunbar-Southlands,2023,8,day,20591,7.6529,2690.6140156019287,1.27825,15,122.1,2023-08-01,2.05200910568237,95,95,1,0
Dunbar-Southlands,2023,8,night,20591,7.6529,2690.6140156019287,1.27825,23,122.1,2023-08-01,2.05200910568237,95,95,1,0
Dunbar-Southlands,2023,9,day,20591,7.6529,2690.6140156019287,1.27825,6,122.5,2023-09-01,1.74663424491882,95,95,1,0
Dunbar-Southlands,2023,9,night,20591,7.6529,2690.6140156019287,1.27825,15,122.5,2023-09-01,1.74663424491882,95,95,1,0
Dunbar-Southlands,2023,10,day,20591,7.6529,2690.6140156019287,1.27825,7,122.5,2023-10-01,1.6829434633255,95,95,1,0
Dunbar-Southlands,2023,10,night,20591,7.6529,2690.6140156019287,1.27825,29,122.5,2023-10-01,1.6829434633255,95,95,1,0
Dunbar-Southlands,2023,11,day,20591,7.6529,2690.6140156019287,1.27825,5,122.5,2023-11-01,1.64057195186615,95,95,1,0
Dunbar-Southlands,2023,11,night,20591,7.6529,2690.6140156019287,1.27825,16,122.5,2023-11-01,1.64057195186615,95,95,1,0
Dunbar-Southlands,2023,12,day,20591,7.6529,2690.6140156019287,1.27825,4,122.5,2023-12-01,1.90212249755859,95,95,1,0
Dunbar-Southlands,2023,12,night,20591,7.6529,2690.6140156019287,1.27825,8,122.5,2023-12-01,1.90212249755859,95,95,1,0
Fairview,2014,1,day,33197,3.28868,10094.323558388169,0.7066208510638298,47,94.8,2014-01-01,8.46074962615967,42,42,1,0
Fairview,2014,1,night,33197,3.28868,10094.323558388169,0.7066208510638298,91,94.8,2014-01-01,8.46074962615967,42,42,1,0
Fairview,2014,2,day,33197,3.28868,10094.323558388169,0.7066208510638298,45,94.8,2014-02-01,8.38756561279297,42,42,1,0
Fairview,2014,2,night,33197,3.28868,10094.323558388169,0.7066208510638298,90,94.8,2014-02-01,8.38756561279297,42,42,1,0
Fairview,2014,3,day,33197,3.28868,10094.323558388169,0.7066208510638298,56,94.8,2014-03-01,8.9065465927124,42,42,1,0
Fairview,2014,3,night,33197,3.28868,10094.323558388169,0.7066208510638298,60,94.8,2014-03-01,8.9065465927124,42,42,1,0
Fairview,2014,4,day,33197,3.28868,10094.323558388169,0.7066208510638298,68,101.7,2014-04-01,9.08585071563721,42,42,1,0
Fairview,2014,4,night,33197,3.28868,10094.323558388169,0.7066208510638298,79,101.7,2014-04-01,9.08585071563721,42,42,1,0
Fairview,2014,5,day,33197,3.28868,10094.323558388169,0.7066208510638298,106,101.7,2014-05-01,7.88823175430298,42,42,1,0
Fairview,2014,5,night,33197,3.28868,10094.323558388169,0.7066208510638298,94,101.7,2014-05-01,7.88823175430298,42,42,1,0
Fairview,2014,6,day,33197,3.28868,10094.323558388169,0.7066208510638298,96,101.7,2014-06-01,NA,NA,NA,NA,0
Fairview,2014,6,night,33197,3.28868,10094.323558388169,0.7066208510638298,73,101.7,2014-06-01,NA,NA,NA,NA,0
Fairview,2014,7,day,33197,3.28868,10094.323558388169,0.7066208510638298,100,101.7,2014-07-01,7.34695386886597,42,42,1,0
Fairview,2014,7,night,33197,3.28868,10094.323558388169,0.7066208510638298,90,101.7,2014-07-01,7.34695386886597,42,42,1,0
Fairview,2014,8,day,33197,3.28868,10094.323558388169,0.7066208510638298,95,101.7,2014-08-01,7.21594285964966,42,42,1,0
Fairview,2014,8,night,33197,3.28868,10094.323558388169,0.7066208510638298,102,101.7,2014-08-01,7.21594285964966,42,42,1,0
Fairview,2014,9,day,33197,3.28868,10094.323558388169,0.7066208510638298,93,101.7,2014-09-01,7.5859546661377,42,42,1,0
Fairview,2014,9,night,33197,3.28868,10094.323558388169,0.7066208510638298,134,101.7,2014-09-01,7.5859546661377,42,42,1,0
Fairview,2014,10,day,33197,3.28868,10094.323558388169,0.7066208510638298,54,101.7,2014-10-01,7.46295881271362,42,42,1,0
Fairview,2014,10,night,33197,3.28868,10094.323558388169,0.7066208510638298,104,101.7,2014-10-01,7.46295881271362,42,42,1,0
Fairview,2014,11,day,33197,3.28868,10094.323558388169,0.7066208510638298,53,101.7,2014-11-01,7.64383411407471,42,42,1,0
Fairview,2014,11,night,33197,3.28868,10094.323558388169,0.7066208510638298,96,101.7,2014-11-01,7.64383411407471,42,42,1,0
Fairview,2014,12,day,33197,3.28868,10094.323558388169,0.7066208510638298,45,101.7,2014-12-01,6.99507570266724,42,42,1,0
Fairview,2014,12,night,33197,3.28868,10094.323558388169,0.7066208510638298,82,101.7,2014-12-01,6.99507570266724,42,42,1,0
Fairview,2015,1,day,33197,3.28868,10094.323558388169,0.7066208510638298,49,101.7,2015-01-01,5.63560056686401,42,42,1,0
Fairview,2015,1,night,33197,3.28868,10094.323558388169,0.7066208510638298,101,101.7,2015-01-01,5.63560056686401,42,42,1,0
Fairview,2015,2,day,33197,3.28868,10094.323558388169,0.7066208510638298,47,101.7,2015-02-01,7.44997787475586,42,42,1,0
Fairview,2015,2,night,33197,3.28868,10094.323558388169,0.7066208510638298,81,101.7,2015-02-01,7.44997787475586,42,42,1,0
Fairview,2015,3,day,33197,3.28868,10094.323558388169,0.7066208510638298,75,101.7,2015-03-01,7.64265060424805,42,42,1,0
Fairview,2015,3,night,33197,3.28868,10094.323558388169,0.7066208510638298,73,101.7,2015-03-01,7.64265060424805,42,42,1,0
Fairview,2015,4,day,33197,3.28868,10094.323558388169,0.7066208510638298,60,107.7,2015-04-01,7.63524866104126,42,42,1,0
Fairview,2015,4,night,33197,3.28868,10094.323558388169,0.7066208510638298,83,107.7,2015-04-01,7.63524866104126,42,42,1,0
Fairview,2015,5,day,33197,3.28868,10094.323558388169,0.7066208510638298,94,107.7,2015-05-01,8.00677871704102,42,42,1,0
Fairview,2015,5,night,33197,3.28868,10094.323558388169,0.7066208510638298,87,107.7,2015-05-01,8.00677871704102,42,42,1,0
Fairview,2015,6,day,33197,3.28868,10094.323558388169,0.7066208510638298,100,107.7,2015-06-01,NA,NA,NA,NA,0
Fairview,2015,6,night,33197,3.28868,10094.323558388169,0.7066208510638298,78,107.7,2015-06-01,NA,NA,NA,NA,0
Fairview,2015,7,day,33197,3.28868,10094.323558388169,0.7066208510638298,86,107.7,2015-07-01,7.43045949935913,42,42,1,0
Fairview,2015,7,night,33197,3.28868,10094.323558388169,0.7066208510638298,91,107.7,2015-07-01,7.43045949935913,42,42,1,0
Fairview,2015,8,day,33197,3.28868,10094.323558388169,0.7066208510638298,94,107.7,2015-08-01,6.85904264450073,42,42,1,0
Fairview,2015,8,night,33197,3.28868,10094.323558388169,0.7066208510638298,81,107.7,2015-08-01,6.85904264450073,42,42,1,0
Fairview,2015,9,day,33197,3.28868,10094.323558388169,0.7066208510638298,75,107.7,2015-09-01,6.57599496841431,42,42,1,0
Fairview,2015,9,night,33197,3.28868,10094.323558388169,0.7066208510638298,64,107.7,2015-09-01,6.57599496841431,42,42,1,0
Fairview,2015,10,day,33197,3.28868,10094.323558388169,0.7066208510638298,54,107.7,2015-10-01,6.8288950920105,42,42,1,0
Fairview,2015,10,night,33197,3.28868,10094.323558388169,0.7066208510638298,102,107.7,2015-10-01,6.8288950920105,42,42,1,0
Fairview,2015,11,day,33197,3.28868,10094.323558388169,0.7066208510638298,48,107.7,2015-11-01,6.74735021591187,42,42,1,0
Fairview,2015,11,night,33197,3.28868,10094.323558388169,0.7066208510638298,80,107.7,2015-11-01,6.74735021591187,42,42,1,0
Fairview,2015,12,day,33197,3.28868,10094.323558388169,0.7066208510638298,59,107.7,2015-12-01,3.80851459503174,42,42,1,0
Fairview,2015,12,night,33197,3.28868,10094.323558388169,0.7066208510638298,100,107.7,2015-12-01,3.80851459503174,42,42,1,0
Fairview,2016,1,day,33197,3.28868,10094.323558388169,0.7066208510638298,43,107.7,2016-01-01,5.80230474472046,42,42,1,0
Fairview,2016,1,night,33197,3.28868,10094.323558388169,0.7066208510638298,116,107.7,2016-01-01,5.80230474472046,42,42,1,0
Fairview,2016,2,day,33197,3.28868,10094.323558388169,0.7066208510638298,51,107.6,2016-02-01,4.81331872940063,42,42,1,0
Fairview,2016,2,night,33197,3.28868,10094.323558388169,0.7066208510638298,103,107.6,2016-02-01,4.81331872940063,42,42,1,0
Fairview,2016,3,day,33197,3.28868,10094.323558388169,0.7066208510638298,63,107.7,2016-03-01,8.98031330108643,42,42,1,0
Fairview,2016,3,night,33197,3.28868,10094.323558388169,0.7066208510638298,91,107.7,2016-03-01,8.98031330108643,42,42,1,0
Fairview,2016,4,day,33197,3.28868,10094.323558388169,0.7066208510638298,69,112.2,2016-04-01,8.33763313293457,42,42,1,0
Fairview,2016,4,night,33197,3.28868,10094.323558388169,0.7066208510638298,80,112.2,2016-04-01,8.33763313293457,42,42,1,0
Fairview,2016,5,day,33197,3.28868,10094.323558388169,0.7066208510638298,93,112.3,2016-05-01,7.24175071716309,42,42,1,0
Fairview,2016,5,night,33197,3.28868,10094.323558388169,0.7066208510638298,99,112.3,2016-05-01,7.24175071716309,42,42,1,0
Fairview,2016,6,day,33197,3.28868,10094.323558388169,0.7066208510638298,62,112.2,2016-06-01,NA,NA,NA,NA,0
Fairview,2016,6,night,33197,3.28868,10094.323558388169,0.7066208510638298,81,112.2,2016-06-01,NA,NA,NA,NA,0
Fairview,2016,7,day,33197,3.28868,10094.323558388169,0.7066208510638298,67,112.3,2016-07-01,7.20133304595947,42,42,1,0
Fairview,2016,7,night,33197,3.28868,10094.323558388169,0.7066208510638298,85,112.3,2016-07-01,7.20133304595947,42,42,1,0
Fairview,2016,8,day,33197,3.28868,10094.323558388169,0.7066208510638298,56,112.3,2016-08-01,7.36082935333252,42,42,1,0
Fairview,2016,8,night,33197,3.28868,10094.323558388169,0.7066208510638298,65,112.3,2016-08-01,7.36082935333252,42,42,1,0
Fairview,2016,9,day,33197,3.28868,10094.323558388169,0.7066208510638298,66,112.2,2016-09-01,6.57471418380737,42,42,1,0
Fairview,2016,9,night,33197,3.28868,10094.323558388169,0.7066208510638298,79,112.2,2016-09-01,6.57471418380737,42,42,1,0
Fairview,2016,10,day,33197,3.28868,10094.323558388169,0.7066208510638298,42,112.3,2016-10-01,6.80043697357178,42,42,1,0
Fairview,2016,10,night,33197,3.28868,10094.323558388169,0.7066208510638298,66,112.3,2016-10-01,6.80043697357178,42,42,1,0
Fairview,2016,11,day,33197,3.28868,10094.323558388169,0.7066208510638298,47,112.2,2016-11-01,6.043288230896,42,42,1,0
Fairview,2016,11,night,33197,3.28868,10094.323558388169,0.7066208510638298,67,112.2,2016-11-01,6.043288230896,42,42,1,0
Fairview,2016,12,day,33197,3.28868,10094.323558388169,0.7066208510638298,50,112.3,2016-12-01,6.10164833068848,42,42,1,0
Fairview,2016,12,night,33197,3.28868,10094.323558388169,0.7066208510638298,84,112.3,2016-12-01,6.10164833068848,42,42,1,0
Fairview,2017,1,day,33197,3.28868,10094.323558388169,0.7066208510638298,30,112.3,2017-01-01,9.29957008361816,42,42,1,0
Fairview,2017,1,night,33197,3.28868,10094.323558388169,0.7066208510638298,54,112.3,2017-01-01,9.29957008361816,42,42,1,0
Fairview,2017,2,day,33197,3.28868,10094.323558388169,0.7066208510638298,42,112.1,2017-02-01,7.89615774154663,42,42,1,0
Fairview,2017,2,night,33197,3.28868,10094.323558388169,0.7066208510638298,62,112.1,2017-02-01,7.89615774154663,42,42,1,0
Fairview,2017,3,day,33197,3.28868,10094.323558388169,0.7066208510638298,44,112.3,2017-03-01,9.3730001449585,42,42,1,0
Fairview,2017,3,night,33197,3.28868,10094.323558388169,0.7066208510638298,71,112.3,2017-03-01,9.3730001449585,42,42,1,0
Fairview,2017,4,day,33197,3.28868,10094.323558388169,0.7066208510638298,62,115.2,2017-04-01,8.27172756195068,42,42,1,0
Fairview,2017,4,night,33197,3.28868,10094.323558388169,0.7066208510638298,69,115.2,2017-04-01,8.27172756195068,42,42,1,0
Fairview,2017,5,day,33197,3.28868,10094.323558388169,0.7066208510638298,71,115.3,2017-05-01,8.6802806854248,42,42,1,0
Fairview,2017,5,night,33197,3.28868,10094.323558388169,0.7066208510638298,62,115.3,2017-05-01,8.6802806854248,42,42,1,0
Fairview,2017,6,day,33197,3.28868,10094.323558388169,0.7066208510638298,65,115.2,2017-06-01,NA,NA,NA,NA,0
Fairview,2017,6,night,33197,3.28868,10094.323558388169,0.7066208510638298,79,115.2,2017-06-01,NA,NA,NA,NA,0
Fairview,2017,7,day,33197,3.28868,10094.323558388169,0.7066208510638298,62,115.3,2017-07-01,7.94003534317017,42,42,1,0
Fairview,2017,7,night,33197,3.28868,10094.323558388169,0.7066208510638298,79,115.3,2017-07-01,7.94003534317017,42,42,1,0
Fairview,2017,8,day,33197,3.28868,10094.323558388169,0.7066208510638298,65,115.3,2017-08-01,7.3164496421814,42,42,1,0
Fairview,2017,8,night,33197,3.28868,10094.323558388169,0.7066208510638298,87,115.3,2017-08-01,7.3164496421814,42,42,1,0
Fairview,2017,9,day,33197,3.28868,10094.323558388169,0.7066208510638298,60,115.2,2017-09-01,7.10983514785767,42,42,1,0
Fairview,2017,9,night,33197,3.28868,10094.323558388169,0.7066208510638298,70,115.2,2017-09-01,7.10983514785767,42,42,1,0
Fairview,2017,10,day,33197,3.28868,10094.323558388169,0.7066208510638298,69,115.3,2017-10-01,8.0487756729126,42,42,1,0
Fairview,2017,10,night,33197,3.28868,10094.323558388169,0.7066208510638298,65,115.3,2017-10-01,8.0487756729126,42,42,1,0
Fairview,2017,11,day,33197,3.28868,10094.323558388169,0.7066208510638298,45,115.2,2017-11-01,5.4464054107666,42,42,1,0
Fairview,2017,11,night,33197,3.28868,10094.323558388169,0.7066208510638298,85,115.2,2017-11-01,5.4464054107666,42,42,1,0
Fairview,2017,12,day,33197,3.28868,10094.323558388169,0.7066208510638298,48,115.3,2017-12-01,6.53727722167969,42,42,1,0
Fairview,2017,12,night,33197,3.28868,10094.323558388169,0.7066208510638298,75,115.3,2017-12-01,6.53727722167969,42,42,1,0
Fairview,2018,1,day,33197,3.28868,10094.323558388169,0.7066208510638298,53,115.3,2018-01-01,7.95851135253906,42,42,1,0
Fairview,2018,1,night,33197,3.28868,10094.323558388169,0.7066208510638298,92,115.3,2018-01-01,7.95851135253906,42,42,1,0
Fairview,2018,2,day,33197,3.28868,10094.323558388169,0.7066208510638298,51,115.1,2018-02-01,7.08263969421387,42,42,1,0
Fairview,2018,2,night,33197,3.28868,10094.323558388169,0.7066208510638298,78,115.1,2018-02-01,7.08263969421387,42,42,1,0
Fairview,2018,3,day,33197,3.28868,10094.323558388169,0.7066208510638298,57,115.3,2018-03-01,8.91440486907959,42,42,1,0
Fairview,2018,3,night,33197,3.28868,10094.323558388169,0.7066208510638298,87,115.3,2018-03-01,8.91440486907959,42,42,1,0
Fairview,2018,4,day,33197,3.28868,10094.323558388169,0.7066208510638298,63,118.7,2018-04-01,8.41799163818359,42,42,1,0
Fairview,2018,4,night,33197,3.28868,10094.323558388169,0.7066208510638298,62,118.7,2018-04-01,8.41799163818359,42,42,1,0
Fairview,2018,5,day,33197,3.28868,10094.323558388169,0.7066208510638298,75,118.8,2018-05-01,7.88737344741821,42,42,1,0
Fairview,2018,5,night,33197,3.28868,10094.323558388169,0.7066208510638298,65,118.8,2018-05-01,7.88737344741821,42,42,1,0
Fairview,2018,6,day,33197,3.28868,10094.323558388169,0.7066208510638298,70,118.7,2018-06-01,NA,NA,NA,NA,0
Fairview,2018,6,night,33197,3.28868,10094.323558388169,0.7066208510638298,73,118.7,2018-06-01,NA,NA,NA,NA,0
Fairview,2018,7,day,33197,3.28868,10094.323558388169,0.7066208510638298,80,118.8,2018-07-01,7.84575748443604,42,42,1,0
Fairview,2018,7,night,33197,3.28868,10094.323558388169,0.7066208510638298,76,118.8,2018-07-01,7.84575748443604,42,42,1,0
Fairview,2018,8,day,33197,3.28868,10094.323558388169,0.7066208510638298,68,118.8,2018-08-01,5.83170604705811,42,42,1,0
Fairview,2018,8,night,33197,3.28868,10094.323558388169,0.7066208510638298,81,118.8,2018-08-01,5.83170604705811,42,42,1,0
Fairview,2018,9,day,33197,3.28868,10094.323558388169,0.7066208510638298,57,118.7,2018-09-01,7.14674758911133,42,42,1,0
Fairview,2018,9,night,33197,3.28868,10094.323558388169,0.7066208510638298,77,118.7,2018-09-01,7.14674758911133,42,42,1,0
Fairview,2018,10,day,33197,3.28868,10094.323558388169,0.7066208510638298,61,118.8,2018-10-01,7.44725465774536,42,42,1,0
Fairview,2018,10,night,33197,3.28868,10094.323558388169,0.7066208510638298,64,118.8,2018-10-01,7.44725465774536,42,42,1,0
Fairview,2018,11,day,33197,3.28868,10094.323558388169,0.7066208510638298,48,118.7,2018-11-01,6.53817272186279,42,42,1,0
Fairview,2018,11,night,33197,3.28868,10094.323558388169,0.7066208510638298,68,118.7,2018-11-01,6.53817272186279,42,42,1,0
Fairview,2018,12,day,33197,3.28868,10094.323558388169,0.7066208510638298,30,118.8,2018-12-01,7.09836864471436,42,42,1,0
Fairview,2018,12,night,33197,3.28868,10094.323558388169,0.7066208510638298,51,118.8,2018-12-01,7.09836864471436,42,42,1,0
Fairview,2019,1,day,27445,2.6357,10412.793565276777,0.816125,37,118.8,2019-01-01,6.05295085906982,42,42,1,0
Fairview,2019,1,night,27445,2.6357,10412.793565276777,0.816125,72,118.8,2019-01-01,6.05295085906982,42,42,1,0
Fairview,2019,2,day,27445,2.6357,10412.793565276777,0.816125,43,118.6,2019-02-01,8.05533790588379,42,42,1,0
Fairview,2019,2,night,27445,2.6357,10412.793565276777,0.816125,45,118.6,2019-02-01,8.05533790588379,42,42,1,0
Fairview,2019,3,day,27445,2.6357,10412.793565276777,0.816125,63,118.8,2019-03-01,8.52731609344482,42,42,1,0
Fairview,2019,3,night,27445,2.6357,10412.793565276777,0.816125,67,118.8,2019-03-01,8.52731609344482,42,42,1,0
Fairview,2019,4,day,27445,2.6357,10412.793565276777,0.816125,75,120.9,2019-04-01,9.12641620635986,42,42,1,0
Fairview,2019,4,night,27445,2.6357,10412.793565276777,0.816125,66,120.9,2019-04-01,9.12641620635986,42,42,1,0
Fairview,2019,5,day,27445,2.6357,10412.793565276777,0.816125,71,120.9,2019-05-01,7.92271661758423,42,42,1,0
Fairview,2019,5,night,27445,2.6357,10412.793565276777,0.816125,65,120.9,2019-05-01,7.92271661758423,42,42,1,0
Fairview,2019,6,day,27445,2.6357,10412.793565276777,0.816125,57,120.9,2019-06-01,NA,NA,NA,NA,0
Fairview,2019,6,night,27445,2.6357,10412.793565276777,0.816125,57,120.9,2019-06-01,NA,NA,NA,NA,0
Fairview,2019,7,day,27445,2.6357,10412.793565276777,0.816125,51,120.9,2019-07-01,7.66335391998291,42,42,1,0
Fairview,2019,7,night,27445,2.6357,10412.793565276777,0.816125,59,120.9,2019-07-01,7.66335391998291,42,42,1,0
Fairview,2019,8,day,27445,2.6357,10412.793565276777,0.816125,66,120.9,2019-08-01,7.41270637512207,42,42,1,0
Fairview,2019,8,night,27445,2.6357,10412.793565276777,0.816125,77,120.9,2019-08-01,7.41270637512207,42,42,1,0
Fairview,2019,9,day,27445,2.6357,10412.793565276777,0.816125,51,120.9,2019-09-01,7.94074058532715,42,42,1,0
Fairview,2019,9,night,27445,2.6357,10412.793565276777,0.816125,91,120.9,2019-09-01,7.94074058532715,42,42,1,0
Fairview,2019,10,day,27445,2.6357,10412.793565276777,0.816125,66,120.9,2019-10-01,7.02294301986694,42,42,1,0
Fairview,2019,10,night,27445,2.6357,10412.793565276777,0.816125,78,120.9,2019-10-01,7.02294301986694,42,42,1,0
Fairview,2019,11,day,27445,2.6357,10412.793565276777,0.816125,63,120.9,2019-11-01,9.39142608642578,42,42,1,0
Fairview,2019,11,night,27445,2.6357,10412.793565276777,0.816125,83,120.9,2019-11-01,9.39142608642578,42,42,1,0
Fairview,2019,12,day,27445,2.6357,10412.793565276777,0.816125,45,120.9,2019-12-01,5.93651247024536,42,42,1,0
Fairview,2019,12,night,27445,2.6357,10412.793565276777,0.816125,81,120.9,2019-12-01,5.93651247024536,42,42,1,0
Fairview,2020,1,day,27445,2.6357,10412.793565276777,0.816125,42,120.9,2020-01-01,7.06771278381348,42,42,1,0
Fairview,2020,1,night,27445,2.6357,10412.793565276777,0.816125,64,120.9,2020-01-01,7.06771278381348,42,42,1,0
Fairview,2020,2,day,27445,2.6357,10412.793565276777,0.816125,33,120.8,2020-02-01,7.17497682571411,42,42,1,0
Fairview,2020,2,night,27445,2.6357,10412.793565276777,0.816125,65,120.8,2020-02-01,7.17497682571411,42,42,1,0
Fairview,2020,3,day,27445,2.6357,10412.793565276777,0.816125,45,120.9,2020-03-01,8.59924507141113,42,42,1,0
Fairview,2020,3,night,27445,2.6357,10412.793565276777,0.816125,89,120.9,2020-03-01,8.59924507141113,42,42,1,0
Fairview,2020,4,day,27445,2.6357,10412.793565276777,0.816125,56,119.6,2020-04-01,8.97211742401123,42,42,1,0
Fairview,2020,4,night,27445,2.6357,10412.793565276777,0.816125,71,119.6,2020-04-01,8.97211742401123,42,42,1,0
Fairview,2020,5,day,27445,2.6357,10412.793565276777,0.816125,37,119.7,2020-05-01,7.65002632141113,42,42,1,0
Fairview,2020,5,night,27445,2.6357,10412.793565276777,0.816125,38,119.7,2020-05-01,7.65002632141113,42,42,1,0
Fairview,2020,6,day,27445,2.6357,10412.793565276777,0.816125,31,119.6,2020-06-01,NA,NA,NA,NA,0
Fairview,2020,6,night,27445,2.6357,10412.793565276777,0.816125,48,119.6,2020-06-01,NA,NA,NA,NA,0
Fairview,2020,7,day,27445,2.6357,10412.793565276777,0.816125,61,119.7,2020-07-01,6.96534538269043,42,42,1,0
Fairview,2020,7,night,27445,2.6357,10412.793565276777,0.816125,46,119.7,2020-07-01,6.96534538269043,42,42,1,0
Fairview,2020,8,day,27445,2.6357,10412.793565276777,0.816125,51,119.7,2020-08-01,7.56342649459839,42,42,1,0
Fairview,2020,8,night,27445,2.6357,10412.793565276777,0.816125,66,119.7,2020-08-01,7.56342649459839,42,42,1,0
Fairview,2020,9,day,27445,2.6357,10412.793565276777,0.816125,51,119.6,2020-09-01,7.55665111541748,42,42,1,0
Fairview,2020,9,night,27445,2.6357,10412.793565276777,0.816125,53,119.6,2020-09-01,7.55665111541748,42,42,1,0
Fairview,2020,10,day,27445,2.6357,10412.793565276777,0.816125,58,119.7,2020-10-01,6.59130334854126,42,42,1,0
Fairview,2020,10,night,27445,2.6357,10412.793565276777,0.816125,53,119.7,2020-10-01,6.59130334854126,42,42,1,0
Fairview,2020,11,day,27445,2.6357,10412.793565276777,0.816125,51,119.6,2020-11-01,6.96589469909668,42,42,1,0
Fairview,2020,11,night,27445,2.6357,10412.793565276777,0.816125,64,119.6,2020-11-01,6.96589469909668,42,42,1,0
Fairview,2020,12,day,27445,2.6357,10412.793565276777,0.816125,19,119.7,2020-12-01,3.81725907325745,42,42,1,0
Fairview,2020,12,night,27445,2.6357,10412.793565276777,0.816125,44,119.7,2020-12-01,3.81725907325745,42,42,1,0
Fairview,2021,1,day,27445,2.6357,10412.793565276777,0.816125,21,119.7,2021-01-01,2.60919284820557,42,42,1,0
Fairview,2021,1,night,27445,2.6357,10412.793565276777,0.816125,46,119.7,2021-01-01,2.60919284820557,42,42,1,0
Fairview,2021,2,day,27445,2.6357,10412.793565276777,0.816125,28,119.5,2021-02-01,8.09883594512939,42,42,1,0
Fairview,2021,2,night,27445,2.6357,10412.793565276777,0.816125,29,119.5,2021-02-01,8.09883594512939,42,42,1,0
Fairview,2021,3,day,27445,2.6357,10412.793565276777,0.816125,28,119.7,2021-03-01,8.3439826965332,42,42,1,0
Fairview,2021,3,night,27445,2.6357,10412.793565276777,0.816125,36,119.7,2021-03-01,8.3439826965332,42,42,1,0
Fairview,2021,4,day,27445,2.6357,10412.793565276777,0.816125,27,120.1,2021-04-01,8.19888401031494,42,42,1,0
Fairview,2021,4,night,27445,2.6357,10412.793565276777,0.816125,30,120.1,2021-04-01,8.19888401031494,42,42,1,0
Fairview,2021,5,day,27445,2.6357,10412.793565276777,0.816125,41,120.1,2021-05-01,9.05857276916504,42,42,1,0
Fairview,2021,5,night,27445,2.6357,10412.793565276777,0.816125,47,120.1,2021-05-01,9.05857276916504,42,42,1,0
Fairview,2021,6,day,27445,2.6357,10412.793565276777,0.816125,37,120.1,2021-06-01,NA,NA,NA,NA,0
Fairview,2021,6,night,27445,2.6357,10412.793565276777,0.816125,38,120.1,2021-06-01,NA,NA,NA,NA,0
Fairview,2021,7,day,27445,2.6357,10412.793565276777,0.816125,47,120.1,2021-07-01,7.09402322769165,42,42,1,0
Fairview,2021,7,night,27445,2.6357,10412.793565276777,0.816125,46,120.1,2021-07-01,7.09402322769165,42,42,1,0
Fairview,2021,8,day,27445,2.6357,10412.793565276777,0.816125,34,120.1,2021-08-01,5.87563753128052,42,42,1,0
Fairview,2021,8,night,27445,2.6357,10412.793565276777,0.816125,31,120.1,2021-08-01,5.87563753128052,42,42,1,0
Fairview,2021,9,day,27445,2.6357,10412.793565276777,0.816125,32,120.1,2021-09-01,7.70898151397705,42,42,1,0
Fairview,2021,9,night,27445,2.6357,10412.793565276777,0.816125,22,120.1,2021-09-01,7.70898151397705,42,42,1,0
Fairview,2021,10,day,27445,2.6357,10412.793565276777,0.816125,20,120.1,2021-10-01,7.64898586273193,42,42,1,0
Fairview,2021,10,night,27445,2.6357,10412.793565276777,0.816125,30,120.1,2021-10-01,7.64898586273193,42,42,1,0
Fairview,2021,11,day,27445,2.6357,10412.793565276777,0.816125,27,120.1,2021-11-01,7.1642165184021,42,42,1,0
Fairview,2021,11,night,27445,2.6357,10412.793565276777,0.816125,25,120.1,2021-11-01,7.1642165184021,42,42,1,0
Fairview,2021,12,day,27445,2.6357,10412.793565276777,0.816125,21,120.1,2021-12-01,7.68387937545776,42,42,1,0
Fairview,2021,12,night,27445,2.6357,10412.793565276777,0.816125,36,120.1,2021-12-01,7.68387937545776,42,42,1,0
Fairview,2022,1,day,27445,2.6357,10412.793565276777,0.816125,25,120.1,2022-01-01,4.5648021697998,42,42,1,0
Fairview,2022,1,night,27445,2.6357,10412.793565276777,0.816125,38,120.1,2022-01-01,4.5648021697998,42,42,1,0
Fairview,2022,2,day,27445,2.6357,10412.793565276777,0.816125,30,120,2022-02-01,6.54375410079956,42,42,1,0
Fairview,2022,2,night,27445,2.6357,10412.793565276777,0.816125,54,120,2022-02-01,6.54375410079956,42,42,1,0
Fairview,2022,3,day,27445,2.6357,10412.793565276777,0.816125,37,120.1,2022-03-01,8.52093887329102,42,42,1,0
Fairview,2022,3,night,27445,2.6357,10412.793565276777,0.816125,29,120.1,2022-03-01,8.52093887329102,42,42,1,0
Fairview,2022,4,day,27445,2.6357,10412.793565276777,0.816125,40,120.9,2022-04-01,8.56580543518066,42,42,1,0
Fairview,2022,4,night,27445,2.6357,10412.793565276777,0.816125,36,120.9,2022-04-01,8.56580543518066,42,42,1,0
Fairview,2022,5,day,27445,2.6357,10412.793565276777,0.816125,48,120.9,2022-05-01,7.63828134536743,42,42,1,0
Fairview,2022,5,night,27445,2.6357,10412.793565276777,0.816125,31,120.9,2022-05-01,7.63828134536743,42,42,1,0
Fairview,2022,6,day,27445,2.6357,10412.793565276777,0.816125,39,120.9,2022-06-01,NA,NA,NA,NA,0
Fairview,2022,6,night,27445,2.6357,10412.793565276777,0.816125,21,120.9,2022-06-01,NA,NA,NA,NA,0
Fairview,2022,7,day,27445,2.6357,10412.793565276777,0.816125,36,120.9,2022-07-01,7.84532022476196,42,42,1,0
Fairview,2022,7,night,27445,2.6357,10412.793565276777,0.816125,27,120.9,2022-07-01,7.84532022476196,42,42,1,0
Fairview,2022,8,day,27445,2.6357,10412.793565276777,0.816125,50,120.9,2022-08-01,8.3125171661377,42,42,1,0
Fairview,2022,8,night,27445,2.6357,10412.793565276777,0.816125,48,120.9,2022-08-01,8.3125171661377,42,42,1,0
Fairview,2022,9,day,27445,2.6357,10412.793565276777,0.816125,32,120.9,2022-09-01,9.09015846252441,42,42,1,0
Fairview,2022,9,night,27445,2.6357,10412.793565276777,0.816125,34,120.9,2022-09-01,9.09015846252441,42,42,1,0
Fairview,2022,10,day,27445,2.6357,10412.793565276777,0.816125,54,120.9,2022-10-01,7.62457466125488,42,42,1,0
Fairview,2022,10,night,27445,2.6357,10412.793565276777,0.816125,48,120.9,2022-10-01,7.62457466125488,42,42,1,0
Fairview,2022,11,day,27445,2.6357,10412.793565276777,0.816125,28,120.9,2022-11-01,5.72294425964355,42,42,1,0
Fairview,2022,11,night,27445,2.6357,10412.793565276777,0.816125,33,120.9,2022-11-01,5.72294425964355,42,42,1,0
Fairview,2022,12,day,27445,2.6357,10412.793565276777,0.816125,20,120.9,2022-12-01,8.81018733978271,42,42,1,0
Fairview,2022,12,night,27445,2.6357,10412.793565276777,0.816125,27,120.9,2022-12-01,8.81018733978271,42,42,1,0
Fairview,2023,1,day,27445,2.6357,10412.793565276777,0.816125,15,120.9,2023-01-01,7.17726850509644,42,42,1,0
Fairview,2023,1,night,27445,2.6357,10412.793565276777,0.816125,40,120.9,2023-01-01,7.17726850509644,42,42,1,0
Fairview,2023,2,day,27445,2.6357,10412.793565276777,0.816125,39,120.7,2023-02-01,6.95227575302124,42,42,1,0
Fairview,2023,2,night,27445,2.6357,10412.793565276777,0.816125,35,120.7,2023-02-01,6.95227575302124,42,42,1,0
Fairview,2023,3,day,27445,2.6357,10412.793565276777,0.816125,42,120.9,2023-03-01,6.97339153289795,42,42,1,0
Fairview,2023,3,night,27445,2.6357,10412.793565276777,0.816125,58,120.9,2023-03-01,6.97339153289795,42,42,1,0
Fairview,2023,4,day,27445,2.6357,10412.793565276777,0.816125,44,122,2023-04-01,8.21234226226807,42,42,1,0
Fairview,2023,4,night,27445,2.6357,10412.793565276777,0.816125,44,122,2023-04-01,8.21234226226807,42,42,1,0
Fairview,2023,5,day,27445,2.6357,10412.793565276777,0.816125,63,122.1,2023-05-01,8.5203218460083,42,42,1,0
Fairview,2023,5,night,27445,2.6357,10412.793565276777,0.816125,37,122.1,2023-05-01,8.5203218460083,42,42,1,0
Fairview,2023,6,day,27445,2.6357,10412.793565276777,0.816125,60,122,2023-06-01,NA,NA,NA,NA,0
Fairview,2023,6,night,27445,2.6357,10412.793565276777,0.816125,41,122,2023-06-01,NA,NA,NA,NA,0
Fairview,2023,7,day,27445,2.6357,10412.793565276777,0.816125,61,122.1,2023-07-01,6.51766729354858,42,42,1,0
Fairview,2023,7,night,27445,2.6357,10412.793565276777,0.816125,38,122.1,2023-07-01,6.51766729354858,42,42,1,0
Fairview,2023,8,day,27445,2.6357,10412.793565276777,0.816125,53,122.1,2023-08-01,8.15005397796631,42,42,1,0
Fairview,2023,8,night,27445,2.6357,10412.793565276777,0.816125,38,122.1,2023-08-01,8.15005397796631,42,42,1,0
Fairview,2023,9,day,27445,2.6357,10412.793565276777,0.816125,32,122.5,2023-09-01,7.91447305679321,42,42,1,0
Fairview,2023,9,night,27445,2.6357,10412.793565276777,0.816125,42,122.5,2023-09-01,7.91447305679321,42,42,1,0
Fairview,2023,10,day,27445,2.6357,10412.793565276777,0.816125,38,122.5,2023-10-01,6.22265100479126,42,42,1,0
Fairview,2023,10,night,27445,2.6357,10412.793565276777,0.816125,46,122.5,2023-10-01,6.22265100479126,42,42,1,0
Fairview,2023,11,day,27445,2.6357,10412.793565276777,0.816125,22,122.5,2023-11-01,6.17512321472168,42,42,1,0
Fairview,2023,11,night,27445,2.6357,10412.793565276777,0.816125,35,122.5,2023-11-01,6.17512321472168,42,42,1,0
Fairview,2023,12,day,27445,2.6357,10412.793565276777,0.816125,20,122.5,2023-12-01,8.78818416595459,42,42,1,0
Fairview,2023,12,night,27445,2.6357,10412.793565276777,0.816125,29,122.5,2023-12-01,8.78818416595459,42,42,1,0
Grandview-Woodland,2014,1,day,29134,4.59246,6343.876702246726,0.6070248214285714,34,94.8,2014-01-01,6.73665189743042,50,50,1,0
Grandview-Woodland,2014,1,night,29134,4.59246,6343.876702246726,0.6070248214285714,57,94.8,2014-01-01,6.73665189743042,50,50,1,0
Grandview-Woodland,2014,2,day,29134,4.59246,6343.876702246726,0.6070248214285714,34,94.8,2014-02-01,7.09842109680176,50,50,1,0
Grandview-Woodland,2014,2,night,29134,4.59246,6343.876702246726,0.6070248214285714,70,94.8,2014-02-01,7.09842109680176,50,50,1,0
Grandview-Woodland,2014,3,day,29134,4.59246,6343.876702246726,0.6070248214285714,45,94.8,2014-03-01,7.47202444076538,50,48,0.96,0
Grandview-Woodland,2014,3,night,29134,4.59246,6343.876702246726,0.6070248214285714,66,94.8,2014-03-01,7.47202444076538,50,48,0.96,0
Grandview-Woodland,2014,4,day,29134,4.59246,6343.876702246726,0.6070248214285714,37,101.7,2014-04-01,7.58852767944336,50,50,1,0
Grandview-Woodland,2014,4,night,29134,4.59246,6343.876702246726,0.6070248214285714,81,101.7,2014-04-01,7.58852767944336,50,50,1,0
Grandview-Woodland,2014,5,day,29134,4.59246,6343.876702246726,0.6070248214285714,59,101.7,2014-05-01,8.54102325439453,50,50,1,0
Grandview-Woodland,2014,5,night,29134,4.59246,6343.876702246726,0.6070248214285714,80,101.7,2014-05-01,8.54102325439453,50,50,1,0
Grandview-Woodland,2014,6,day,29134,4.59246,6343.876702246726,0.6070248214285714,67,101.7,2014-06-01,NA,NA,NA,NA,0
Grandview-Woodland,2014,6,night,29134,4.59246,6343.876702246726,0.6070248214285714,57,101.7,2014-06-01,NA,NA,NA,NA,0
Grandview-Woodland,2014,7,day,29134,4.59246,6343.876702246726,0.6070248214285714,66,101.7,2014-07-01,7.23290967941284,50,50,1,0
Grandview-Woodland,2014,7,night,29134,4.59246,6343.876702246726,0.6070248214285714,66,101.7,2014-07-01,7.23290967941284,50,50,1,0
Grandview-Woodland,2014,8,day,29134,4.59246,6343.876702246726,0.6070248214285714,67,101.7,2014-08-01,6.96201181411743,50,50,1,0
Grandview-Woodland,2014,8,night,29134,4.59246,6343.876702246726,0.6070248214285714,81,101.7,2014-08-01,6.96201181411743,50,50,1,0
Grandview-Woodland,2014,9,day,29134,4.59246,6343.876702246726,0.6070248214285714,39,101.7,2014-09-01,6.56467819213867,50,50,1,0
Grandview-Woodland,2014,9,night,29134,4.59246,6343.876702246726,0.6070248214285714,62,101.7,2014-09-01,6.56467819213867,50,50,1,0
Grandview-Woodland,2014,10,day,29134,4.59246,6343.876702246726,0.6070248214285714,60,101.7,2014-10-01,6.11414432525635,50,50,1,0
Grandview-Woodland,2014,10,night,29134,4.59246,6343.876702246726,0.6070248214285714,104,101.7,2014-10-01,6.11414432525635,50,50,1,0
Grandview-Woodland,2014,11,day,29134,4.59246,6343.876702246726,0.6070248214285714,40,101.7,2014-11-01,6.42676210403442,50,50,1,0
Grandview-Woodland,2014,11,night,29134,4.59246,6343.876702246726,0.6070248214285714,85,101.7,2014-11-01,6.42676210403442,50,50,1,0
Grandview-Woodland,2014,12,day,29134,4.59246,6343.876702246726,0.6070248214285714,45,101.7,2014-12-01,6.55486392974854,50,50,1,0
Grandview-Woodland,2014,12,night,29134,4.59246,6343.876702246726,0.6070248214285714,83,101.7,2014-12-01,6.55486392974854,50,50,1,0
Grandview-Woodland,2015,1,day,29134,4.59246,6343.876702246726,0.6070248214285714,34,101.7,2015-01-01,6.13257360458374,50,50,1,0
Grandview-Woodland,2015,1,night,29134,4.59246,6343.876702246726,0.6070248214285714,104,101.7,2015-01-01,6.13257360458374,50,50,1,0
Grandview-Woodland,2015,2,day,29134,4.59246,6343.876702246726,0.6070248214285714,35,101.7,2015-02-01,6.36448526382446,50,50,1,0
Grandview-Woodland,2015,2,night,29134,4.59246,6343.876702246726,0.6070248214285714,78,101.7,2015-02-01,6.36448526382446,50,50,1,0
Grandview-Woodland,2015,3,day,29134,4.59246,6343.876702246726,0.6070248214285714,45,101.7,2015-03-01,7.17808389663696,50,50,1,0
Grandview-Woodland,2015,3,night,29134,4.59246,6343.876702246726,0.6070248214285714,73,101.7,2015-03-01,7.17808389663696,50,50,1,0
Grandview-Woodland,2015,4,day,29134,4.59246,6343.876702246726,0.6070248214285714,51,107.7,2015-04-01,6.16077375411987,50,50,1,0
Grandview-Woodland,2015,4,night,29134,4.59246,6343.876702246726,0.6070248214285714,59,107.7,2015-04-01,6.16077375411987,50,50,1,0
Grandview-Woodland,2015,5,day,29134,4.59246,6343.876702246726,0.6070248214285714,56,107.7,2015-05-01,7.10810518264771,50,50,1,0
Grandview-Woodland,2015,5,night,29134,4.59246,6343.876702246726,0.6070248214285714,68,107.7,2015-05-01,7.10810518264771,50,50,1,0
Grandview-Woodland,2015,6,day,29134,4.59246,6343.876702246726,0.6070248214285714,56,107.7,2015-06-01,NA,NA,NA,NA,0
Grandview-Woodland,2015,6,night,29134,4.59246,6343.876702246726,0.6070248214285714,60,107.7,2015-06-01,NA,NA,NA,NA,0
Grandview-Woodland,2015,7,day,29134,4.59246,6343.876702246726,0.6070248214285714,57,107.7,2015-07-01,7.72018575668335,50,50,1,0
Grandview-Woodland,2015,7,night,29134,4.59246,6343.876702246726,0.6070248214285714,79,107.7,2015-07-01,7.72018575668335,50,50,1,0
Grandview-Woodland,2015,8,day,29134,4.59246,6343.876702246726,0.6070248214285714,45,107.7,2015-08-01,6.07221698760986,50,50,1,0
Grandview-Woodland,2015,8,night,29134,4.59246,6343.876702246726,0.6070248214285714,62,107.7,2015-08-01,6.07221698760986,50,50,1,0
Grandview-Woodland,2015,9,day,29134,4.59246,6343.876702246726,0.6070248214285714,51,107.7,2015-09-01,5.9811806678772,50,50,1,0
Grandview-Woodland,2015,9,night,29134,4.59246,6343.876702246726,0.6070248214285714,70,107.7,2015-09-01,5.9811806678772,50,50,1,0
Grandview-Woodland,2015,10,day,29134,4.59246,6343.876702246726,0.6070248214285714,60,107.7,2015-10-01,5.89349985122681,50,50,1,0
Grandview-Woodland,2015,10,night,29134,4.59246,6343.876702246726,0.6070248214285714,86,107.7,2015-10-01,5.89349985122681,50,50,1,0
Grandview-Woodland,2015,11,day,29134,4.59246,6343.876702246726,0.6070248214285714,55,107.7,2015-11-01,6.60454368591309,50,50,1,0
Grandview-Woodland,2015,11,night,29134,4.59246,6343.876702246726,0.6070248214285714,94,107.7,2015-11-01,6.60454368591309,50,50,1,0
Grandview-Woodland,2015,12,day,29134,4.59246,6343.876702246726,0.6070248214285714,38,107.7,2015-12-01,3.80178618431091,50,50,1,0
Grandview-Woodland,2015,12,night,29134,4.59246,6343.876702246726,0.6070248214285714,113,107.7,2015-12-01,3.80178618431091,50,50,1,0
Grandview-Woodland,2016,1,day,29134,4.59246,6343.876702246726,0.6070248214285714,44,107.7,2016-01-01,6.30013799667358,50,50,1,0
Grandview-Woodland,2016,1,night,29134,4.59246,6343.876702246726,0.6070248214285714,79,107.7,2016-01-01,6.30013799667358,50,50,1,0
Grandview-Woodland,2016,2,day,29134,4.59246,6343.876702246726,0.6070248214285714,53,107.6,2016-02-01,5.0623950958252,50,50,1,0
Grandview-Woodland,2016,2,night,29134,4.59246,6343.876702246726,0.6070248214285714,86,107.6,2016-02-01,5.0623950958252,50,50,1,0
Grandview-Woodland,2016,3,day,29134,4.59246,6343.876702246726,0.6070248214285714,60,107.7,2016-03-01,6.84008932113647,50,50,1,0
Grandview-Woodland,2016,3,night,29134,4.59246,6343.876702246726,0.6070248214285714,99,107.7,2016-03-01,6.84008932113647,50,50,1,0
Grandview-Woodland,2016,4,day,29134,4.59246,6343.876702246726,0.6070248214285714,50,112.2,2016-04-01,6.6439356803894,50,50,1,0
Grandview-Woodland,2016,4,night,29134,4.59246,6343.876702246726,0.6070248214285714,80,112.2,2016-04-01,6.6439356803894,50,50,1,0
Grandview-Woodland,2016,5,day,29134,4.59246,6343.876702246726,0.6070248214285714,63,112.3,2016-05-01,7.1548752784729,50,50,1,0
Grandview-Woodland,2016,5,night,29134,4.59246,6343.876702246726,0.6070248214285714,96,112.3,2016-05-01,7.1548752784729,50,50,1,0
Grandview-Woodland,2016,6,day,29134,4.59246,6343.876702246726,0.6070248214285714,65,112.2,2016-06-01,NA,NA,NA,NA,0
Grandview-Woodland,2016,6,night,29134,4.59246,6343.876702246726,0.6070248214285714,103,112.2,2016-06-01,NA,NA,NA,NA,0
Grandview-Woodland,2016,7,day,29134,4.59246,6343.876702246726,0.6070248214285714,77,112.3,2016-07-01,6.40089702606201,50,50,1,0
Grandview-Woodland,2016,7,night,29134,4.59246,6343.876702246726,0.6070248214285714,96,112.3,2016-07-01,6.40089702606201,50,50,1,0
Grandview-Woodland,2016,8,day,29134,4.59246,6343.876702246726,0.6070248214285714,75,112.3,2016-08-01,7.25897645950317,50,50,1,0
Grandview-Woodland,2016,8,night,29134,4.59246,6343.876702246726,0.6070248214285714,105,112.3,2016-08-01,7.25897645950317,50,50,1,0
Grandview-Woodland,2016,9,day,29134,4.59246,6343.876702246726,0.6070248214285714,73,112.2,2016-09-01,5.80948972702026,50,50,1,0
Grandview-Woodland,2016,9,night,29134,4.59246,6343.876702246726,0.6070248214285714,101,112.2,2016-09-01,5.80948972702026,50,50,1,0
Grandview-Woodland,2016,10,day,29134,4.59246,6343.876702246726,0.6070248214285714,54,112.3,2016-10-01,5.75889492034912,50,50,1,0
Grandview-Woodland,2016,10,night,29134,4.59246,6343.876702246726,0.6070248214285714,110,112.3,2016-10-01,5.75889492034912,50,50,1,0
Grandview-Woodland,2016,11,day,29134,4.59246,6343.876702246726,0.6070248214285714,47,112.2,2016-11-01,4.65483522415161,50,50,1,0
Grandview-Woodland,2016,11,night,29134,4.59246,6343.876702246726,0.6070248214285714,83,112.2,2016-11-01,4.65483522415161,50,50,1,0
Grandview-Woodland,2016,12,day,29134,4.59246,6343.876702246726,0.6070248214285714,37,112.3,2016-12-01,5.52043867111206,50,50,1,0
Grandview-Woodland,2016,12,night,29134,4.59246,6343.876702246726,0.6070248214285714,78,112.3,2016-12-01,5.52043867111206,50,50,1,0
Grandview-Woodland,2017,1,day,29134,4.59246,6343.876702246726,0.6070248214285714,48,112.3,2017-01-01,6.60599756240845,50,50,1,0
Grandview-Woodland,2017,1,night,29134,4.59246,6343.876702246726,0.6070248214285714,57,112.3,2017-01-01,6.60599756240845,50,50,1,0
Grandview-Woodland,2017,2,day,29134,4.59246,6343.876702246726,0.6070248214285714,38,112.1,2017-02-01,5.7969217300415,50,50,1,0
Grandview-Woodland,2017,2,night,29134,4.59246,6343.876702246726,0.6070248214285714,75,112.1,2017-02-01,5.7969217300415,50,50,1,0
Grandview-Woodland,2017,3,day,29134,4.59246,6343.876702246726,0.6070248214285714,64,112.3,2017-03-01,6.52713108062744,50,50,1,0
Grandview-Woodland,2017,3,night,29134,4.59246,6343.876702246726,0.6070248214285714,88,112.3,2017-03-01,6.52713108062744,50,50,1,0
Grandview-Woodland,2017,4,day,29134,4.59246,6343.876702246726,0.6070248214285714,69,115.2,2017-04-01,6.46936511993408,50,50,1,0
Grandview-Woodland,2017,4,night,29134,4.59246,6343.876702246726,0.6070248214285714,70,115.2,2017-04-01,6.46936511993408,50,50,1,0
Grandview-Woodland,2017,5,day,29134,4.59246,6343.876702246726,0.6070248214285714,58,115.3,2017-05-01,5.95786666870117,50,50,1,0
Grandview-Woodland,2017,5,night,29134,4.59246,6343.876702246726,0.6070248214285714,78,115.3,2017-05-01,5.95786666870117,50,50,1,0
Grandview-Woodland,2017,6,day,29134,4.59246,6343.876702246726,0.6070248214285714,69,115.2,2017-06-01,NA,NA,NA,NA,0
Grandview-Woodland,2017,6,night,29134,4.59246,6343.876702246726,0.6070248214285714,88,115.2,2017-06-01,NA,NA,NA,NA,0
Grandview-Woodland,2017,7,day,29134,4.59246,6343.876702246726,0.6070248214285714,81,115.3,2017-07-01,7.42562103271484,50,50,1,0
Grandview-Woodland,2017,7,night,29134,4.59246,6343.876702246726,0.6070248214285714,74,115.3,2017-07-01,7.42562103271484,50,50,1,0
Grandview-Woodland,2017,8,day,29134,4.59246,6343.876702246726,0.6070248214285714,59,115.3,2017-08-01,6.22607946395874,50,50,1,0
Grandview-Woodland,2017,8,night,29134,4.59246,6343.876702246726,0.6070248214285714,79,115.3,2017-08-01,6.22607946395874,50,50,1,0
Grandview-Woodland,2017,9,day,29134,4.59246,6343.876702246726,0.6070248214285714,75,115.2,2017-09-01,5.96411895751953,50,50,1,0
Grandview-Woodland,2017,9,night,29134,4.59246,6343.876702246726,0.6070248214285714,104,115.2,2017-09-01,5.96411895751953,50,50,1,0
Grandview-Woodland,2017,10,day,29134,4.59246,6343.876702246726,0.6070248214285714,69,115.3,2017-10-01,6.72660446166992,50,50,1,0
Grandview-Woodland,2017,10,night,29134,4.59246,6343.876702246726,0.6070248214285714,122,115.3,2017-10-01,6.72660446166992,50,50,1,0
Grandview-Woodland,2017,11,day,29134,4.59246,6343.876702246726,0.6070248214285714,70,115.2,2017-11-01,5.42065954208374,50,50,1,0
Grandview-Woodland,2017,11,night,29134,4.59246,6343.876702246726,0.6070248214285714,136,115.2,2017-11-01,5.42065954208374,50,50,1,0
Grandview-Woodland,2017,12,day,29134,4.59246,6343.876702246726,0.6070248214285714,73,115.3,2017-12-01,6.6867036819458,50,50,1,0
Grandview-Woodland,2017,12,night,29134,4.59246,6343.876702246726,0.6070248214285714,107,115.3,2017-12-01,6.6867036819458,50,50,1,0
Grandview-Woodland,2018,1,day,29134,4.59246,6343.876702246726,0.6070248214285714,50,115.3,2018-01-01,5.35569095611572,50,50,1,0
Grandview-Woodland,2018,1,night,29134,4.59246,6343.876702246726,0.6070248214285714,117,115.3,2018-01-01,5.35569095611572,50,50,1,0
Grandview-Woodland,2018,2,day,29134,4.59246,6343.876702246726,0.6070248214285714,40,115.1,2018-02-01,6.94985723495483,50,50,1,0
Grandview-Woodland,2018,2,night,29134,4.59246,6343.876702246726,0.6070248214285714,80,115.1,2018-02-01,6.94985723495483,50,50,1,0
Grandview-Woodland,2018,3,day,29134,4.59246,6343.876702246726,0.6070248214285714,61,115.3,2018-03-01,6.74608421325684,50,50,1,0
Grandview-Woodland,2018,3,night,29134,4.59246,6343.876702246726,0.6070248214285714,128,115.3,2018-03-01,6.74608421325684,50,50,1,0
Grandview-Woodland,2018,4,day,29134,4.59246,6343.876702246726,0.6070248214285714,62,118.7,2018-04-01,7.52839136123657,50,50,1,0
Grandview-Woodland,2018,4,night,29134,4.59246,6343.876702246726,0.6070248214285714,81,118.7,2018-04-01,7.52839136123657,50,50,1,0
Grandview-Woodland,2018,5,day,29134,4.59246,6343.876702246726,0.6070248214285714,58,118.8,2018-05-01,7.36332893371582,50,50,1,0
Grandview-Woodland,2018,5,night,29134,4.59246,6343.876702246726,0.6070248214285714,93,118.8,2018-05-01,7.36332893371582,50,50,1,0
Grandview-Woodland,2018,6,day,29134,4.59246,6343.876702246726,0.6070248214285714,50,118.7,2018-06-01,NA,NA,NA,NA,0
Grandview-Woodland,2018,6,night,29134,4.59246,6343.876702246726,0.6070248214285714,79,118.7,2018-06-01,NA,NA,NA,NA,0
Grandview-Woodland,2018,7,day,29134,4.59246,6343.876702246726,0.6070248214285714,54,118.8,2018-07-01,7.91276407241821,50,50,1,0
Grandview-Woodland,2018,7,night,29134,4.59246,6343.876702246726,0.6070248214285714,78,118.8,2018-07-01,7.91276407241821,50,50,1,0
Grandview-Woodland,2018,8,day,29134,4.59246,6343.876702246726,0.6070248214285714,40,118.8,2018-08-01,5.65590858459473,50,50,1,0
Grandview-Woodland,2018,8,night,29134,4.59246,6343.876702246726,0.6070248214285714,68,118.8,2018-08-01,5.65590858459473,50,50,1,0
Grandview-Woodland,2018,9,day,29134,4.59246,6343.876702246726,0.6070248214285714,45,118.7,2018-09-01,6.18385457992554,50,50,1,0
Grandview-Woodland,2018,9,night,29134,4.59246,6343.876702246726,0.6070248214285714,105,118.7,2018-09-01,6.18385457992554,50,50,1,0
Grandview-Woodland,2018,10,day,29134,4.59246,6343.876702246726,0.6070248214285714,56,118.8,2018-10-01,6.23490810394287,50,50,1,0
Grandview-Woodland,2018,10,night,29134,4.59246,6343.876702246726,0.6070248214285714,74,118.8,2018-10-01,6.23490810394287,50,50,1,0
Grandview-Woodland,2018,11,day,29134,4.59246,6343.876702246726,0.6070248214285714,38,118.7,2018-11-01,6.32446813583374,50,50,1,0
Grandview-Woodland,2018,11,night,29134,4.59246,6343.876702246726,0.6070248214285714,87,118.7,2018-11-01,6.32446813583374,50,50,1,0
Grandview-Woodland,2018,12,day,29134,4.59246,6343.876702246726,0.6070248214285714,31,118.8,2018-12-01,5.45261478424072,50,50,1,0
Grandview-Woodland,2018,12,night,29134,4.59246,6343.876702246726,0.6070248214285714,78,118.8,2018-12-01,5.45261478424072,50,50,1,0
Grandview-Woodland,2019,1,day,28730,4.5925,6255.851932498639,0.7798035714285715,51,118.8,2019-01-01,5.53921508789062,50,50,1,0
Grandview-Woodland,2019,1,night,28730,4.5925,6255.851932498639,0.7798035714285715,104,118.8,2019-01-01,5.53921508789062,50,50,1,0
Grandview-Woodland,2019,2,day,28730,4.5925,6255.851932498639,0.7798035714285715,40,118.6,2019-02-01,10.049524307251,50,50,1,0
Grandview-Woodland,2019,2,night,28730,4.5925,6255.851932498639,0.7798035714285715,70,118.6,2019-02-01,10.049524307251,50,50,1,0
Grandview-Woodland,2019,3,day,28730,4.5925,6255.851932498639,0.7798035714285715,54,118.8,2019-03-01,6.98284387588501,50,50,1,0
Grandview-Woodland,2019,3,night,28730,4.5925,6255.851932498639,0.7798035714285715,62,118.8,2019-03-01,6.98284387588501,50,50,1,0
Grandview-Woodland,2019,4,day,28730,4.5925,6255.851932498639,0.7798035714285715,66,120.9,2019-04-01,8.02217864990234,50,50,1,0
Grandview-Woodland,2019,4,night,28730,4.5925,6255.851932498639,0.7798035714285715,60,120.9,2019-04-01,8.02217864990234,50,50,1,0
Grandview-Woodland,2019,5,day,28730,4.5925,6255.851932498639,0.7798035714285715,56,120.9,2019-05-01,6.79777669906616,50,50,1,0
Grandview-Woodland,2019,5,night,28730,4.5925,6255.851932498639,0.7798035714285715,75,120.9,2019-05-01,6.79777669906616,50,50,1,0
Grandview-Woodland,2019,6,day,28730,4.5925,6255.851932498639,0.7798035714285715,57,120.9,2019-06-01,NA,NA,NA,NA,0
Grandview-Woodland,2019,6,night,28730,4.5925,6255.851932498639,0.7798035714285715,103,120.9,2019-06-01,NA,NA,NA,NA,0
Grandview-Woodland,2019,7,day,28730,4.5925,6255.851932498639,0.7798035714285715,58,120.9,2019-07-01,8.35532569885254,50,50,1,0
Grandview-Woodland,2019,7,night,28730,4.5925,6255.851932498639,0.7798035714285715,91,120.9,2019-07-01,8.35532569885254,50,50,1,0
Grandview-Woodland,2019,8,day,28730,4.5925,6255.851932498639,0.7798035714285715,70,120.9,2019-08-01,7.31812429428101,50,50,1,0
Grandview-Woodland,2019,8,night,28730,4.5925,6255.851932498639,0.7798035714285715,105,120.9,2019-08-01,7.31812429428101,50,50,1,0
Grandview-Woodland,2019,9,day,28730,4.5925,6255.851932498639,0.7798035714285715,52,120.9,2019-09-01,7.13380575180054,50,50,1,0
Grandview-Woodland,2019,9,night,28730,4.5925,6255.851932498639,0.7798035714285715,102,120.9,2019-09-01,7.13380575180054,50,50,1,0
Grandview-Woodland,2019,10,day,28730,4.5925,6255.851932498639,0.7798035714285715,55,120.9,2019-10-01,7.66375112533569,50,50,1,0
Grandview-Woodland,2019,10,night,28730,4.5925,6255.851932498639,0.7798035714285715,122,120.9,2019-10-01,7.66375112533569,50,50,1,0
Grandview-Woodland,2019,11,day,28730,4.5925,6255.851932498639,0.7798035714285715,35,120.9,2019-11-01,7.50826358795166,50,50,1,0
Grandview-Woodland,2019,11,night,28730,4.5925,6255.851932498639,0.7798035714285715,91,120.9,2019-11-01,7.50826358795166,50,50,1,0
Grandview-Woodland,2019,12,day,28730,4.5925,6255.851932498639,0.7798035714285715,41,120.9,2019-12-01,4.98665046691895,50,50,1,0
Grandview-Woodland,2019,12,night,28730,4.5925,6255.851932498639,0.7798035714285715,101,120.9,2019-12-01,4.98665046691895,50,50,1,0
Grandview-Woodland,2020,1,day,28730,4.5925,6255.851932498639,0.7798035714285715,37,120.9,2020-01-01,9.66940689086914,50,50,1,0
Grandview-Woodland,2020,1,night,28730,4.5925,6255.851932498639,0.7798035714285715,87,120.9,2020-01-01,9.66940689086914,50,50,1,0
Grandview-Woodland,2020,2,day,28730,4.5925,6255.851932498639,0.7798035714285715,53,120.8,2020-02-01,6.62318181991577,50,50,1,0
Grandview-Woodland,2020,2,night,28730,4.5925,6255.851932498639,0.7798035714285715,75,120.8,2020-02-01,6.62318181991577,50,50,1,0
Grandview-Woodland,2020,3,day,28730,4.5925,6255.851932498639,0.7798035714285715,53,120.9,2020-03-01,7.42084455490112,50,50,1,0
Grandview-Woodland,2020,3,night,28730,4.5925,6255.851932498639,0.7798035714285715,81,120.9,2020-03-01,7.42084455490112,50,50,1,0
Grandview-Woodland,2020,4,day,28730,4.5925,6255.851932498639,0.7798035714285715,46,119.6,2020-04-01,8.40539169311523,50,50,1,0
Grandview-Woodland,2020,4,night,28730,4.5925,6255.851932498639,0.7798035714285715,92,119.6,2020-04-01,8.40539169311523,50,50,1,0
Grandview-Woodland,2020,5,day,28730,4.5925,6255.851932498639,0.7798035714285715,29,119.7,2020-05-01,6.73955297470093,50,50,1,0
Grandview-Woodland,2020,5,night,28730,4.5925,6255.851932498639,0.7798035714285715,58,119.7,2020-05-01,6.73955297470093,50,50,1,0
Grandview-Woodland,2020,6,day,28730,4.5925,6255.851932498639,0.7798035714285715,28,119.6,2020-06-01,NA,NA,NA,NA,0
Grandview-Woodland,2020,6,night,28730,4.5925,6255.851932498639,0.7798035714285715,49,119.6,2020-06-01,NA,NA,NA,NA,0
Grandview-Woodland,2020,7,day,28730,4.5925,6255.851932498639,0.7798035714285715,40,119.7,2020-07-01,7.65515613555908,50,50,1,0
Grandview-Woodland,2020,7,night,28730,4.5925,6255.851932498639,0.7798035714285715,57,119.7,2020-07-01,7.65515613555908,50,50,1,0
Grandview-Woodland,2020,8,day,28730,4.5925,6255.851932498639,0.7798035714285715,35,119.7,2020-08-01,7.31208229064941,50,50,1,0
Grandview-Woodland,2020,8,night,28730,4.5925,6255.851932498639,0.7798035714285715,72,119.7,2020-08-01,7.31208229064941,50,50,1,0
Grandview-Woodland,2020,9,day,28730,4.5925,6255.851932498639,0.7798035714285715,37,119.6,2020-09-01,6.85370922088623,50,50,1,0
Grandview-Woodland,2020,9,night,28730,4.5925,6255.851932498639,0.7798035714285715,79,119.6,2020-09-01,6.85370922088623,50,50,1,0
Grandview-Woodland,2020,10,day,28730,4.5925,6255.851932498639,0.7798035714285715,34,119.7,2020-10-01,6.60614204406738,50,50,1,0
Grandview-Woodland,2020,10,night,28730,4.5925,6255.851932498639,0.7798035714285715,71,119.7,2020-10-01,6.60614204406738,50,50,1,0
Grandview-Woodland,2020,11,day,28730,4.5925,6255.851932498639,0.7798035714285715,29,119.6,2020-11-01,5.60687065124512,50,50,1,0
Grandview-Woodland,2020,11,night,28730,4.5925,6255.851932498639,0.7798035714285715,65,119.6,2020-11-01,5.60687065124512,50,50,1,0
Grandview-Woodland,2020,12,day,28730,4.5925,6255.851932498639,0.7798035714285715,33,119.7,2020-12-01,4.17248487472534,50,50,1,0
Grandview-Woodland,2020,12,night,28730,4.5925,6255.851932498639,0.7798035714285715,65,119.7,2020-12-01,4.17248487472534,50,50,1,0
Grandview-Woodland,2021,1,day,28730,4.5925,6255.851932498639,0.7798035714285715,39,119.7,2021-01-01,4.61582612991333,50,50,1,0
Grandview-Woodland,2021,1,night,28730,4.5925,6255.851932498639,0.7798035714285715,56,119.7,2021-01-01,4.61582612991333,50,50,1,0
Grandview-Woodland,2021,2,day,28730,4.5925,6255.851932498639,0.7798035714285715,25,119.5,2021-02-01,7.16678190231323,50,50,1,0
Grandview-Woodland,2021,2,night,28730,4.5925,6255.851932498639,0.7798035714285715,48,119.5,2021-02-01,7.16678190231323,50,50,1,0
Grandview-Woodland,2021,3,day,28730,4.5925,6255.851932498639,0.7798035714285715,38,119.7,2021-03-01,7.27875232696533,50,50,1,0
Grandview-Woodland,2021,3,night,28730,4.5925,6255.851932498639,0.7798035714285715,37,119.7,2021-03-01,7.27875232696533,50,50,1,0
Grandview-Woodland,2021,4,day,28730,4.5925,6255.851932498639,0.7798035714285715,36,120.1,2021-04-01,7.61129856109619,50,50,1,0
Grandview-Woodland,2021,4,night,28730,4.5925,6255.851932498639,0.7798035714285715,61,120.1,2021-04-01,7.61129856109619,50,50,1,0
Grandview-Woodland,2021,5,day,28730,4.5925,6255.851932498639,0.7798035714285715,26,120.1,2021-05-01,7.98290157318115,50,50,1,0
Grandview-Woodland,2021,5,night,28730,4.5925,6255.851932498639,0.7798035714285715,56,120.1,2021-05-01,7.98290157318115,50,50,1,0
Grandview-Woodland,2021,6,day,28730,4.5925,6255.851932498639,0.7798035714285715,22,120.1,2021-06-01,NA,NA,NA,NA,0
Grandview-Woodland,2021,6,night,28730,4.5925,6255.851932498639,0.7798035714285715,56,120.1,2021-06-01,NA,NA,NA,NA,0
Grandview-Woodland,2021,7,day,28730,4.5925,6255.851932498639,0.7798035714285715,37,120.1,2021-07-01,7.93257522583008,50,50,1,0
Grandview-Woodland,2021,7,night,28730,4.5925,6255.851932498639,0.7798035714285715,60,120.1,2021-07-01,7.93257522583008,50,50,1,0
Grandview-Woodland,2021,8,day,28730,4.5925,6255.851932498639,0.7798035714285715,33,120.1,2021-08-01,6.17414903640747,50,50,1,0
Grandview-Woodland,2021,8,night,28730,4.5925,6255.851932498639,0.7798035714285715,55,120.1,2021-08-01,6.17414903640747,50,50,1,0
Grandview-Woodland,2021,9,day,28730,4.5925,6255.851932498639,0.7798035714285715,37,120.1,2021-09-01,7.09157609939575,50,50,1,0
Grandview-Woodland,2021,9,night,28730,4.5925,6255.851932498639,0.7798035714285715,70,120.1,2021-09-01,7.09157609939575,50,50,1,0
Grandview-Woodland,2021,10,day,28730,4.5925,6255.851932498639,0.7798035714285715,35,120.1,2021-10-01,6.84457302093506,50,50,1,0
Grandview-Woodland,2021,10,night,28730,4.5925,6255.851932498639,0.7798035714285715,53,120.1,2021-10-01,6.84457302093506,50,50,1,0
Grandview-Woodland,2021,11,day,28730,4.5925,6255.851932498639,0.7798035714285715,32,120.1,2021-11-01,7.65122890472412,50,50,1,0
Grandview-Woodland,2021,11,night,28730,4.5925,6255.851932498639,0.7798035714285715,49,120.1,2021-11-01,7.65122890472412,50,50,1,0
Grandview-Woodland,2021,12,day,28730,4.5925,6255.851932498639,0.7798035714285715,27,120.1,2021-12-01,7.27233457565308,50,50,1,0
Grandview-Woodland,2021,12,night,28730,4.5925,6255.851932498639,0.7798035714285715,53,120.1,2021-12-01,7.27233457565308,50,50,1,0
Grandview-Woodland,2022,1,day,28730,4.5925,6255.851932498639,0.7798035714285715,33,120.1,2022-01-01,5.30415678024292,50,50,1,0
Grandview-Woodland,2022,1,night,28730,4.5925,6255.851932498639,0.7798035714285715,68,120.1,2022-01-01,5.30415678024292,50,50,1,0
Grandview-Woodland,2022,2,day,28730,4.5925,6255.851932498639,0.7798035714285715,18,120,2022-02-01,7.42673254013062,50,50,1,0
Grandview-Woodland,2022,2,night,28730,4.5925,6255.851932498639,0.7798035714285715,44,120,2022-02-01,7.42673254013062,50,50,1,0
Grandview-Woodland,2022,3,day,28730,4.5925,6255.851932498639,0.7798035714285715,39,120.1,2022-03-01,6.94350337982178,50,50,1,0
Grandview-Woodland,2022,3,night,28730,4.5925,6255.851932498639,0.7798035714285715,63,120.1,2022-03-01,6.94350337982178,50,50,1,0
Grandview-Woodland,2022,4,day,28730,4.5925,6255.851932498639,0.7798035714285715,36,120.9,2022-04-01,7.62202882766724,50,50,1,0
Grandview-Woodland,2022,4,night,28730,4.5925,6255.851932498639,0.7798035714285715,49,120.9,2022-04-01,7.62202882766724,50,50,1,0
Grandview-Woodland,2022,5,day,28730,4.5925,6255.851932498639,0.7798035714285715,42,120.9,2022-05-01,7.13674020767212,50,50,1,0
Grandview-Woodland,2022,5,night,28730,4.5925,6255.851932498639,0.7798035714285715,60,120.9,2022-05-01,7.13674020767212,50,50,1,0
Grandview-Woodland,2022,6,day,28730,4.5925,6255.851932498639,0.7798035714285715,58,120.9,2022-06-01,NA,NA,NA,NA,0
Grandview-Woodland,2022,6,night,28730,4.5925,6255.851932498639,0.7798035714285715,41,120.9,2022-06-01,NA,NA,NA,NA,0
Grandview-Woodland,2022,7,day,28730,4.5925,6255.851932498639,0.7798035714285715,46,120.9,2022-07-01,8.45010471343994,50,50,1,0
Grandview-Woodland,2022,7,night,28730,4.5925,6255.851932498639,0.7798035714285715,53,120.9,2022-07-01,8.45010471343994,50,50,1,0
Grandview-Woodland,2022,8,day,28730,4.5925,6255.851932498639,0.7798035714285715,30,120.9,2022-08-01,7.1456151008606,50,50,1,0
Grandview-Woodland,2022,8,night,28730,4.5925,6255.851932498639,0.7798035714285715,50,120.9,2022-08-01,7.1456151008606,50,50,1,0
Grandview-Woodland,2022,9,day,28730,4.5925,6255.851932498639,0.7798035714285715,22,120.9,2022-09-01,7.88964176177979,50,50,1,0
Grandview-Woodland,2022,9,night,28730,4.5925,6255.851932498639,0.7798035714285715,48,120.9,2022-09-01,7.88964176177979,50,50,1,0
Grandview-Woodland,2022,10,day,28730,4.5925,6255.851932498639,0.7798035714285715,29,120.9,2022-10-01,7.11734390258789,50,50,1,0
Grandview-Woodland,2022,10,night,28730,4.5925,6255.851932498639,0.7798035714285715,45,120.9,2022-10-01,7.11734390258789,50,50,1,0
Grandview-Woodland,2022,11,day,28730,4.5925,6255.851932498639,0.7798035714285715,19,120.9,2022-11-01,5.98655080795288,50,50,1,0
Grandview-Woodland,2022,11,night,28730,4.5925,6255.851932498639,0.7798035714285715,49,120.9,2022-11-01,5.98655080795288,50,50,1,0
Grandview-Woodland,2022,12,day,28730,4.5925,6255.851932498639,0.7798035714285715,15,120.9,2022-12-01,8.87801837921143,50,50,1,0
Grandview-Woodland,2022,12,night,28730,4.5925,6255.851932498639,0.7798035714285715,49,120.9,2022-12-01,8.87801837921143,50,50,1,0
Grandview-Woodland,2023,1,day,28730,4.5925,6255.851932498639,0.7798035714285715,23,120.9,2023-01-01,6.9025764465332,50,50,1,0
Grandview-Woodland,2023,1,night,28730,4.5925,6255.851932498639,0.7798035714285715,80,120.9,2023-01-01,6.9025764465332,50,50,1,0
Grandview-Woodland,2023,2,day,28730,4.5925,6255.851932498639,0.7798035714285715,20,120.7,2023-02-01,6.49610996246338,50,50,1,0
Grandview-Woodland,2023,2,night,28730,4.5925,6255.851932498639,0.7798035714285715,74,120.7,2023-02-01,6.49610996246338,50,50,1,0
Grandview-Woodland,2023,3,day,28730,4.5925,6255.851932498639,0.7798035714285715,37,120.9,2023-03-01,7.62559032440186,50,50,1,0
Grandview-Woodland,2023,3,night,28730,4.5925,6255.851932498639,0.7798035714285715,59,120.9,2023-03-01,7.62559032440186,50,50,1,0
Grandview-Woodland,2023,4,day,28730,4.5925,6255.851932498639,0.7798035714285715,33,122,2023-04-01,8.20753574371338,50,50,1,0
Grandview-Woodland,2023,4,night,28730,4.5925,6255.851932498639,0.7798035714285715,62,122,2023-04-01,8.20753574371338,50,50,1,0
Grandview-Woodland,2023,5,day,28730,4.5925,6255.851932498639,0.7798035714285715,30,122.1,2023-05-01,8.37022495269775,50,50,1,0
Grandview-Woodland,2023,5,night,28730,4.5925,6255.851932498639,0.7798035714285715,37,122.1,2023-05-01,8.37022495269775,50,50,1,0
Grandview-Woodland,2023,6,day,28730,4.5925,6255.851932498639,0.7798035714285715,47,122,2023-06-01,NA,NA,NA,NA,0
Grandview-Woodland,2023,6,night,28730,4.5925,6255.851932498639,0.7798035714285715,50,122,2023-06-01,NA,NA,NA,NA,0
Grandview-Woodland,2023,7,day,28730,4.5925,6255.851932498639,0.7798035714285715,44,122.1,2023-07-01,9.13334560394287,50,50,1,0
Grandview-Woodland,2023,7,night,28730,4.5925,6255.851932498639,0.7798035714285715,56,122.1,2023-07-01,9.13334560394287,50,50,1,0
Grandview-Woodland,2023,8,day,28730,4.5925,6255.851932498639,0.7798035714285715,49,122.1,2023-08-01,9.04846286773682,50,50,1,0
Grandview-Woodland,2023,8,night,28730,4.5925,6255.851932498639,0.7798035714285715,54,122.1,2023-08-01,9.04846286773682,50,50,1,0
Grandview-Woodland,2023,9,day,28730,4.5925,6255.851932498639,0.7798035714285715,36,122.5,2023-09-01,7.32828140258789,50,50,1,0
Grandview-Woodland,2023,9,night,28730,4.5925,6255.851932498639,0.7798035714285715,39,122.5,2023-09-01,7.32828140258789,50,50,1,0
Grandview-Woodland,2023,10,day,28730,4.5925,6255.851932498639,0.7798035714285715,28,122.5,2023-10-01,7.18811321258545,50,50,1,0
Grandview-Woodland,2023,10,night,28730,4.5925,6255.851932498639,0.7798035714285715,60,122.5,2023-10-01,7.18811321258545,50,50,1,0
Grandview-Woodland,2023,11,day,28730,4.5925,6255.851932498639,0.7798035714285715,21,122.5,2023-11-01,7.76288557052612,50,50,1,0
Grandview-Woodland,2023,11,night,28730,4.5925,6255.851932498639,0.7798035714285715,39,122.5,2023-11-01,7.76288557052612,50,50,1,0
Grandview-Woodland,2023,12,day,28730,4.5925,6255.851932498639,0.7798035714285715,29,122.5,2023-12-01,7.01399517059326,50,50,1,0
Grandview-Woodland,2023,12,night,28730,4.5925,6255.851932498639,0.7798035714285715,57,122.5,2023-12-01,7.01399517059326,50,50,1,0
Hastings-Sunrise,2014,1,day,34621,8.02853,4312.246451093787,0.6993459649122807,20,94.8,2014-01-01,4.17717504501343,71,71,1,0
Hastings-Sunrise,2014,1,night,34621,8.02853,4312.246451093787,0.6993459649122807,54,94.8,2014-01-01,4.17717504501343,71,71,1,0
Hastings-Sunrise,2014,2,day,34621,8.02853,4312.246451093787,0.6993459649122807,16,94.8,2014-02-01,4.25602102279663,71,71,1,0
Hastings-Sunrise,2014,2,night,34621,8.02853,4312.246451093787,0.6993459649122807,33,94.8,2014-02-01,4.25602102279663,71,71,1,0
Hastings-Sunrise,2014,3,day,34621,8.02853,4312.246451093787,0.6993459649122807,35,94.8,2014-03-01,4.38878393173218,71,65,0.915492957746479,0
Hastings-Sunrise,2014,3,night,34621,8.02853,4312.246451093787,0.6993459649122807,45,94.8,2014-03-01,4.38878393173218,71,65,0.915492957746479,0
Hastings-Sunrise,2014,4,day,34621,8.02853,4312.246451093787,0.6993459649122807,12,101.7,2014-04-01,4.94220876693726,71,69,0.971830985915493,0
Hastings-Sunrise,2014,4,night,34621,8.02853,4312.246451093787,0.6993459649122807,38,101.7,2014-04-01,4.94220876693726,71,69,0.971830985915493,0
Hastings-Sunrise,2014,5,day,34621,8.02853,4312.246451093787,0.6993459649122807,40,101.7,2014-05-01,4.93671369552612,71,71,1,0
Hastings-Sunrise,2014,5,night,34621,8.02853,4312.246451093787,0.6993459649122807,52,101.7,2014-05-01,4.93671369552612,71,71,1,0
Hastings-Sunrise,2014,6,day,34621,8.02853,4312.246451093787,0.6993459649122807,34,101.7,2014-06-01,NA,NA,NA,NA,0
Hastings-Sunrise,2014,6,night,34621,8.02853,4312.246451093787,0.6993459649122807,53,101.7,2014-06-01,NA,NA,NA,NA,0
Hastings-Sunrise,2014,7,day,34621,8.02853,4312.246451093787,0.6993459649122807,24,101.7,2014-07-01,4.70347118377686,71,71,1,0
Hastings-Sunrise,2014,7,night,34621,8.02853,4312.246451093787,0.6993459649122807,47,101.7,2014-07-01,4.70347118377686,71,71,1,0
Hastings-Sunrise,2014,8,day,34621,8.02853,4312.246451093787,0.6993459649122807,29,101.7,2014-08-01,4.65174627304077,71,71,1,0
Hastings-Sunrise,2014,8,night,34621,8.02853,4312.246451093787,0.6993459649122807,44,101.7,2014-08-01,4.65174627304077,71,71,1,0
Hastings-Sunrise,2014,9,day,34621,8.02853,4312.246451093787,0.6993459649122807,21,101.7,2014-09-01,4.47509288787842,71,71,1,0
Hastings-Sunrise,2014,9,night,34621,8.02853,4312.246451093787,0.6993459649122807,54,101.7,2014-09-01,4.47509288787842,71,71,1,0
Hastings-Sunrise,2014,10,day,34621,8.02853,4312.246451093787,0.6993459649122807,19,101.7,2014-10-01,4.31717252731323,71,71,1,0
Hastings-Sunrise,2014,10,night,34621,8.02853,4312.246451093787,0.6993459649122807,40,101.7,2014-10-01,4.31717252731323,71,71,1,0
Hastings-Sunrise,2014,11,day,34621,8.02853,4312.246451093787,0.6993459649122807,18,101.7,2014-11-01,4.20514249801636,71,71,1,0
Hastings-Sunrise,2014,11,night,34621,8.02853,4312.246451093787,0.6993459649122807,39,101.7,2014-11-01,4.20514249801636,71,71,1,0
Hastings-Sunrise,2014,12,day,34621,8.02853,4312.246451093787,0.6993459649122807,23,101.7,2014-12-01,4.4454665184021,71,71,1,0
Hastings-Sunrise,2014,12,night,34621,8.02853,4312.246451093787,0.6993459649122807,58,101.7,2014-12-01,4.4454665184021,71,71,1,0
Hastings-Sunrise,2015,1,day,34621,8.02853,4312.246451093787,0.6993459649122807,18,101.7,2015-01-01,4.14210987091064,71,71,1,0
Hastings-Sunrise,2015,1,night,34621,8.02853,4312.246451093787,0.6993459649122807,48,101.7,2015-01-01,4.14210987091064,71,71,1,0
Hastings-Sunrise,2015,2,day,34621,8.02853,4312.246451093787,0.6993459649122807,17,101.7,2015-02-01,4.41308879852295,71,71,1,0
Hastings-Sunrise,2015,2,night,34621,8.02853,4312.246451093787,0.6993459649122807,45,101.7,2015-02-01,4.41308879852295,71,71,1,0
Hastings-Sunrise,2015,3,day,34621,8.02853,4312.246451093787,0.6993459649122807,24,101.7,2015-03-01,4.16919326782227,71,71,1,0
Hastings-Sunrise,2015,3,night,34621,8.02853,4312.246451093787,0.6993459649122807,61,101.7,2015-03-01,4.16919326782227,71,71,1,0
Hastings-Sunrise,2015,4,day,34621,8.02853,4312.246451093787,0.6993459649122807,29,107.7,2015-04-01,4.22129964828491,71,71,1,0
Hastings-Sunrise,2015,4,night,34621,8.02853,4312.246451093787,0.6993459649122807,35,107.7,2015-04-01,4.22129964828491,71,71,1,0
Hastings-Sunrise,2015,5,day,34621,8.02853,4312.246451093787,0.6993459649122807,34,107.7,2015-05-01,4.76374053955078,71,71,1,0
Hastings-Sunrise,2015,5,night,34621,8.02853,4312.246451093787,0.6993459649122807,38,107.7,2015-05-01,4.76374053955078,71,71,1,0
Hastings-Sunrise,2015,6,day,34621,8.02853,4312.246451093787,0.6993459649122807,26,107.7,2015-06-01,NA,NA,NA,NA,0
Hastings-Sunrise,2015,6,night,34621,8.02853,4312.246451093787,0.6993459649122807,46,107.7,2015-06-01,NA,NA,NA,NA,0
Hastings-Sunrise,2015,7,day,34621,8.02853,4312.246451093787,0.6993459649122807,28,107.7,2015-07-01,4.72931241989136,71,68,0.957746478873239,0
Hastings-Sunrise,2015,7,night,34621,8.02853,4312.246451093787,0.6993459649122807,51,107.7,2015-07-01,4.72931241989136,71,68,0.957746478873239,0
Hastings-Sunrise,2015,8,day,34621,8.02853,4312.246451093787,0.6993459649122807,30,107.7,2015-08-01,4.17836809158325,71,71,1,0
Hastings-Sunrise,2015,8,night,34621,8.02853,4312.246451093787,0.6993459649122807,56,107.7,2015-08-01,4.17836809158325,71,71,1,0
Hastings-Sunrise,2015,9,day,34621,8.02853,4312.246451093787,0.6993459649122807,24,107.7,2015-09-01,4.17467355728149,71,71,1,0
Hastings-Sunrise,2015,9,night,34621,8.02853,4312.246451093787,0.6993459649122807,52,107.7,2015-09-01,4.17467355728149,71,71,1,0
Hastings-Sunrise,2015,10,day,34621,8.02853,4312.246451093787,0.6993459649122807,31,107.7,2015-10-01,3.8583357334137,71,71,1,0
Hastings-Sunrise,2015,10,night,34621,8.02853,4312.246451093787,0.6993459649122807,74,107.7,2015-10-01,3.8583357334137,71,71,1,0
Hastings-Sunrise,2015,11,day,34621,8.02853,4312.246451093787,0.6993459649122807,23,107.7,2015-11-01,3.86837673187256,71,71,1,0
Hastings-Sunrise,2015,11,night,34621,8.02853,4312.246451093787,0.6993459649122807,55,107.7,2015-11-01,3.86837673187256,71,71,1,0
Hastings-Sunrise,2015,12,day,34621,8.02853,4312.246451093787,0.6993459649122807,28,107.7,2015-12-01,2.71799921989441,71,68,0.957746478873239,0
Hastings-Sunrise,2015,12,night,34621,8.02853,4312.246451093787,0.6993459649122807,70,107.7,2015-12-01,2.71799921989441,71,68,0.957746478873239,0
Hastings-Sunrise,2016,1,day,34621,8.02853,4312.246451093787,0.6993459649122807,24,107.7,2016-01-01,3.59312582015991,71,71,1,0
Hastings-Sunrise,2016,1,night,34621,8.02853,4312.246451093787,0.6993459649122807,63,107.7,2016-01-01,3.59312582015991,71,71,1,0
Hastings-Sunrise,2016,2,day,34621,8.02853,4312.246451093787,0.6993459649122807,26,107.6,2016-02-01,3.26777935028076,71,71,1,0
Hastings-Sunrise,2016,2,night,34621,8.02853,4312.246451093787,0.6993459649122807,68,107.6,2016-02-01,3.26777935028076,71,71,1,0
Hastings-Sunrise,2016,3,day,34621,8.02853,4312.246451093787,0.6993459649122807,38,107.7,2016-03-01,4.91393280029297,71,70,0.985915492957746,0
Hastings-Sunrise,2016,3,night,34621,8.02853,4312.246451093787,0.6993459649122807,51,107.7,2016-03-01,4.91393280029297,71,70,0.985915492957746,0
Hastings-Sunrise,2016,4,day,34621,8.02853,4312.246451093787,0.6993459649122807,29,112.2,2016-04-01,4.46460866928101,71,71,1,0
Hastings-Sunrise,2016,4,night,34621,8.02853,4312.246451093787,0.6993459649122807,53,112.2,2016-04-01,4.46460866928101,71,71,1,0
Hastings-Sunrise,2016,5,day,34621,8.02853,4312.246451093787,0.6993459649122807,40,112.3,2016-05-01,4.1469464302063,71,71,1,0
Hastings-Sunrise,2016,5,night,34621,8.02853,4312.246451093787,0.6993459649122807,59,112.3,2016-05-01,4.1469464302063,71,71,1,0
Hastings-Sunrise,2016,6,day,34621,8.02853,4312.246451093787,0.6993459649122807,29,112.2,2016-06-01,NA,NA,NA,NA,0
Hastings-Sunrise,2016,6,night,34621,8.02853,4312.246451093787,0.6993459649122807,51,112.2,2016-06-01,NA,NA,NA,NA,0
Hastings-Sunrise,2016,7,day,34621,8.02853,4312.246451093787,0.6993459649122807,24,112.3,2016-07-01,4.31127405166626,71,71,1,0
Hastings-Sunrise,2016,7,night,34621,8.02853,4312.246451093787,0.6993459649122807,51,112.3,2016-07-01,4.31127405166626,71,71,1,0
Hastings-Sunrise,2016,8,day,34621,8.02853,4312.246451093787,0.6993459649122807,31,112.3,2016-08-01,4.52773427963257,71,71,1,0
Hastings-Sunrise,2016,8,night,34621,8.02853,4312.246451093787,0.6993459649122807,61,112.3,2016-08-01,4.52773427963257,71,71,1,0
Hastings-Sunrise,2016,9,day,34621,8.02853,4312.246451093787,0.6993459649122807,29,112.2,2016-09-01,3.90549492835999,71,71,1,0
Hastings-Sunrise,2016,9,night,34621,8.02853,4312.246451093787,0.6993459649122807,54,112.2,2016-09-01,3.90549492835999,71,71,1,0
Hastings-Sunrise,2016,10,day,34621,8.02853,4312.246451093787,0.6993459649122807,31,112.3,2016-10-01,3.94648790359497,71,70,0.985915492957746,0
Hastings-Sunrise,2016,10,night,34621,8.02853,4312.246451093787,0.6993459649122807,73,112.3,2016-10-01,3.94648790359497,71,70,0.985915492957746,0
Hastings-Sunrise,2016,11,day,34621,8.02853,4312.246451093787,0.6993459649122807,25,112.2,2016-11-01,2.99302792549133,71,69,0.971830985915493,0
Hastings-Sunrise,2016,11,night,34621,8.02853,4312.246451093787,0.6993459649122807,59,112.2,2016-11-01,2.99302792549133,71,69,0.971830985915493,0
Hastings-Sunrise,2016,12,day,34621,8.02853,4312.246451093787,0.6993459649122807,17,112.3,2016-12-01,4.26410627365112,71,71,1,0
Hastings-Sunrise,2016,12,night,34621,8.02853,4312.246451093787,0.6993459649122807,34,112.3,2016-12-01,4.26410627365112,71,71,1,0
Hastings-Sunrise,2017,1,day,34621,8.02853,4312.246451093787,0.6993459649122807,28,112.3,2017-01-01,4.34423828125,71,71,1,0
Hastings-Sunrise,2017,1,night,34621,8.02853,4312.246451093787,0.6993459649122807,47,112.3,2017-01-01,4.34423828125,71,71,1,0
Hastings-Sunrise,2017,2,day,34621,8.02853,4312.246451093787,0.6993459649122807,19,112.1,2017-02-01,4.22081661224365,71,71,1,0
Hastings-Sunrise,2017,2,night,34621,8.02853,4312.246451093787,0.6993459649122807,44,112.1,2017-02-01,4.22081661224365,71,71,1,0
Hastings-Sunrise,2017,3,day,34621,8.02853,4312.246451093787,0.6993459649122807,42,112.3,2017-03-01,3.91829586029053,71,69,0.971830985915493,0
Hastings-Sunrise,2017,3,night,34621,8.02853,4312.246451093787,0.6993459649122807,74,112.3,2017-03-01,3.91829586029053,71,69,0.971830985915493,0
Hastings-Sunrise,2017,4,day,34621,8.02853,4312.246451093787,0.6993459649122807,22,115.2,2017-04-01,4.42477416992188,71,71,1,0
Hastings-Sunrise,2017,4,night,34621,8.02853,4312.246451093787,0.6993459649122807,53,115.2,2017-04-01,4.42477416992188,71,71,1,0
Hastings-Sunrise,2017,5,day,34621,8.02853,4312.246451093787,0.6993459649122807,32,115.3,2017-05-01,4.34612035751343,71,71,1,0
Hastings-Sunrise,2017,5,night,34621,8.02853,4312.246451093787,0.6993459649122807,47,115.3,2017-05-01,4.34612035751343,71,71,1,0
Hastings-Sunrise,2017,6,day,34621,8.02853,4312.246451093787,0.6993459649122807,30,115.2,2017-06-01,NA,NA,NA,NA,0
Hastings-Sunrise,2017,6,night,34621,8.02853,4312.246451093787,0.6993459649122807,51,115.2,2017-06-01,NA,NA,NA,NA,0
Hastings-Sunrise,2017,7,day,34621,8.02853,4312.246451093787,0.6993459649122807,40,115.3,2017-07-01,5.17212867736816,71,71,1,0
Hastings-Sunrise,2017,7,night,34621,8.02853,4312.246451093787,0.6993459649122807,67,115.3,2017-07-01,5.17212867736816,71,71,1,0
Hastings-Sunrise,2017,8,day,34621,8.02853,4312.246451093787,0.6993459649122807,48,115.3,2017-08-01,4.51338768005371,71,71,1,0
Hastings-Sunrise,2017,8,night,34621,8.02853,4312.246451093787,0.6993459649122807,74,115.3,2017-08-01,4.51338768005371,71,71,1,0
Hastings-Sunrise,2017,9,day,34621,8.02853,4312.246451093787,0.6993459649122807,32,115.2,2017-09-01,3.91736316680908,71,71,1,0
Hastings-Sunrise,2017,9,night,34621,8.02853,4312.246451093787,0.6993459649122807,49,115.2,2017-09-01,3.91736316680908,71,71,1,0
Hastings-Sunrise,2017,10,day,34621,8.02853,4312.246451093787,0.6993459649122807,27,115.3,2017-10-01,4.29703569412231,71,71,1,0
Hastings-Sunrise,2017,10,night,34621,8.02853,4312.246451093787,0.6993459649122807,83,115.3,2017-10-01,4.29703569412231,71,71,1,0
Hastings-Sunrise,2017,11,day,34621,8.02853,4312.246451093787,0.6993459649122807,27,115.2,2017-11-01,2.7855269908905,71,71,1,0
Hastings-Sunrise,2017,11,night,34621,8.02853,4312.246451093787,0.6993459649122807,70,115.2,2017-11-01,2.7855269908905,71,71,1,0
Hastings-Sunrise,2017,12,day,34621,8.02853,4312.246451093787,0.6993459649122807,27,115.3,2017-12-01,3.96858882904053,71,69,0.971830985915493,0
Hastings-Sunrise,2017,12,night,34621,8.02853,4312.246451093787,0.6993459649122807,61,115.3,2017-12-01,3.96858882904053,71,69,0.971830985915493,0
Hastings-Sunrise,2018,1,day,34621,8.02853,4312.246451093787,0.6993459649122807,23,115.3,2018-01-01,1.99029684066772,71,70,0.985915492957746,0
Hastings-Sunrise,2018,1,night,34621,8.02853,4312.246451093787,0.6993459649122807,52,115.3,2018-01-01,1.99029684066772,71,70,0.985915492957746,0
Hastings-Sunrise,2018,2,day,34621,8.02853,4312.246451093787,0.6993459649122807,24,115.1,2018-02-01,4.26212882995605,71,71,1,0
Hastings-Sunrise,2018,2,night,34621,8.02853,4312.246451093787,0.6993459649122807,50,115.1,2018-02-01,4.26212882995605,71,71,1,0
Hastings-Sunrise,2018,3,day,34621,8.02853,4312.246451093787,0.6993459649122807,27,115.3,2018-03-01,4.41533088684082,71,71,1,0
Hastings-Sunrise,2018,3,night,34621,8.02853,4312.246451093787,0.6993459649122807,64,115.3,2018-03-01,4.41533088684082,71,71,1,0
Hastings-Sunrise,2018,4,day,34621,8.02853,4312.246451093787,0.6993459649122807,31,118.7,2018-04-01,4.63295364379883,71,71,1,0
Hastings-Sunrise,2018,4,night,34621,8.02853,4312.246451093787,0.6993459649122807,65,118.7,2018-04-01,4.63295364379883,71,71,1,0
Hastings-Sunrise,2018,5,day,34621,8.02853,4312.246451093787,0.6993459649122807,41,118.8,2018-05-01,4.51371622085571,71,71,1,0
Hastings-Sunrise,2018,5,night,34621,8.02853,4312.246451093787,0.6993459649122807,75,118.8,2018-05-01,4.51371622085571,71,71,1,0
Hastings-Sunrise,2018,6,day,34621,8.02853,4312.246451093787,0.6993459649122807,31,118.7,2018-06-01,NA,NA,NA,NA,0
Hastings-Sunrise,2018,6,night,34621,8.02853,4312.246451093787,0.6993459649122807,82,118.7,2018-06-01,NA,NA,NA,NA,0
Hastings-Sunrise,2018,7,day,34621,8.02853,4312.246451093787,0.6993459649122807,34,118.8,2018-07-01,5.36143255233765,71,71,1,0
Hastings-Sunrise,2018,7,night,34621,8.02853,4312.246451093787,0.6993459649122807,63,118.8,2018-07-01,5.36143255233765,71,71,1,0
Hastings-Sunrise,2018,8,day,34621,8.02853,4312.246451093787,0.6993459649122807,37,118.8,2018-08-01,3.97062301635742,71,71,1,0
Hastings-Sunrise,2018,8,night,34621,8.02853,4312.246451093787,0.6993459649122807,77,118.8,2018-08-01,3.97062301635742,71,71,1,0
Hastings-Sunrise,2018,9,day,34621,8.02853,4312.246451093787,0.6993459649122807,32,118.7,2018-09-01,4.08326005935669,71,71,1,0
Hastings-Sunrise,2018,9,night,34621,8.02853,4312.246451093787,0.6993459649122807,70,118.7,2018-09-01,4.08326005935669,71,71,1,0
Hastings-Sunrise,2018,10,day,34621,8.02853,4312.246451093787,0.6993459649122807,25,118.8,2018-10-01,4.22883462905884,71,71,1,0
Hastings-Sunrise,2018,10,night,34621,8.02853,4312.246451093787,0.6993459649122807,50,118.8,2018-10-01,4.22883462905884,71,71,1,0
Hastings-Sunrise,2018,11,day,34621,8.02853,4312.246451093787,0.6993459649122807,23,118.7,2018-11-01,3.68910837173462,71,71,1,0
Hastings-Sunrise,2018,11,night,34621,8.02853,4312.246451093787,0.6993459649122807,68,118.7,2018-11-01,3.68910837173462,71,71,1,0
Hastings-Sunrise,2018,12,day,34621,8.02853,4312.246451093787,0.6993459649122807,28,118.8,2018-12-01,3.37618947029114,71,71,1,0
Hastings-Sunrise,2018,12,night,34621,8.02853,4312.246451093787,0.6993459649122807,76,118.8,2018-12-01,3.37618947029114,71,71,1,0
Hastings-Sunrise,2019,1,day,35461,8.0293,4416.449752780442,0.8747368421052631,43,118.8,2019-01-01,3.58305144309998,71,71,1,0
Hastings-Sunrise,2019,1,night,35461,8.0293,4416.449752780442,0.8747368421052631,90,118.8,2019-01-01,3.58305144309998,71,71,1,0
Hastings-Sunrise,2019,2,day,35461,8.0293,4416.449752780442,0.8747368421052631,20,118.6,2019-02-01,8.0496301651001,71,71,1,0
Hastings-Sunrise,2019,2,night,35461,8.0293,4416.449752780442,0.8747368421052631,43,118.6,2019-02-01,8.0496301651001,71,71,1,0
Hastings-Sunrise,2019,3,day,35461,8.0293,4416.449752780442,0.8747368421052631,23,118.8,2019-03-01,4.48155212402344,71,71,1,0
Hastings-Sunrise,2019,3,night,35461,8.0293,4416.449752780442,0.8747368421052631,68,118.8,2019-03-01,4.48155212402344,71,71,1,0
Hastings-Sunrise,2019,4,day,35461,8.0293,4416.449752780442,0.8747368421052631,31,120.9,2019-04-01,4.57544326782227,71,71,1,0
Hastings-Sunrise,2019,4,night,35461,8.0293,4416.449752780442,0.8747368421052631,59,120.9,2019-04-01,4.57544326782227,71,71,1,0
Hastings-Sunrise,2019,5,day,35461,8.0293,4416.449752780442,0.8747368421052631,32,120.9,2019-05-01,4.29134798049927,71,71,1,0
Hastings-Sunrise,2019,5,night,35461,8.0293,4416.449752780442,0.8747368421052631,81,120.9,2019-05-01,4.29134798049927,71,71,1,0
Hastings-Sunrise,2019,6,day,35461,8.0293,4416.449752780442,0.8747368421052631,34,120.9,2019-06-01,NA,NA,NA,NA,0
Hastings-Sunrise,2019,6,night,35461,8.0293,4416.449752780442,0.8747368421052631,78,120.9,2019-06-01,NA,NA,NA,NA,0
Hastings-Sunrise,2019,7,day,35461,8.0293,4416.449752780442,0.8747368421052631,49,120.9,2019-07-01,5.1847038269043,71,69,0.971830985915493,0
Hastings-Sunrise,2019,7,night,35461,8.0293,4416.449752780442,0.8747368421052631,67,120.9,2019-07-01,5.1847038269043,71,69,0.971830985915493,0
Hastings-Sunrise,2019,8,day,35461,8.0293,4416.449752780442,0.8747368421052631,39,120.9,2019-08-01,4.64327383041382,71,71,1,0
Hastings-Sunrise,2019,8,night,35461,8.0293,4416.449752780442,0.8747368421052631,81,120.9,2019-08-01,4.64327383041382,71,71,1,0
Hastings-Sunrise,2019,9,day,35461,8.0293,4416.449752780442,0.8747368421052631,36,120.9,2019-09-01,5.24860763549805,71,71,1,0
Hastings-Sunrise,2019,9,night,35461,8.0293,4416.449752780442,0.8747368421052631,80,120.9,2019-09-01,5.24860763549805,71,71,1,0
Hastings-Sunrise,2019,10,day,35461,8.0293,4416.449752780442,0.8747368421052631,27,120.9,2019-10-01,4.4711332321167,71,70,0.985915492957746,0
Hastings-Sunrise,2019,10,night,35461,8.0293,4416.449752780442,0.8747368421052631,80,120.9,2019-10-01,4.4711332321167,71,70,0.985915492957746,0
Hastings-Sunrise,2019,11,day,35461,8.0293,4416.449752780442,0.8747368421052631,31,120.9,2019-11-01,4.97583913803101,71,71,1,0
Hastings-Sunrise,2019,11,night,35461,8.0293,4416.449752780442,0.8747368421052631,66,120.9,2019-11-01,4.97583913803101,71,71,1,0
Hastings-Sunrise,2019,12,day,35461,8.0293,4416.449752780442,0.8747368421052631,11,120.9,2019-12-01,3.40648627281189,71,71,1,0
Hastings-Sunrise,2019,12,night,35461,8.0293,4416.449752780442,0.8747368421052631,63,120.9,2019-12-01,3.40648627281189,71,71,1,0
Hastings-Sunrise,2020,1,day,35461,8.0293,4416.449752780442,0.8747368421052631,22,120.9,2020-01-01,7.59386014938354,71,70,0.985915492957746,0
Hastings-Sunrise,2020,1,night,35461,8.0293,4416.449752780442,0.8747368421052631,75,120.9,2020-01-01,7.59386014938354,71,70,0.985915492957746,0
Hastings-Sunrise,2020,2,day,35461,8.0293,4416.449752780442,0.8747368421052631,21,120.8,2020-02-01,4.37401008605957,71,71,1,0
Hastings-Sunrise,2020,2,night,35461,8.0293,4416.449752780442,0.8747368421052631,59,120.8,2020-02-01,4.37401008605957,71,71,1,0
Hastings-Sunrise,2020,3,day,35461,8.0293,4416.449752780442,0.8747368421052631,24,120.9,2020-03-01,4.96931552886963,71,71,1,0
Hastings-Sunrise,2020,3,night,35461,8.0293,4416.449752780442,0.8747368421052631,62,120.9,2020-03-01,4.96931552886963,71,71,1,0
Hastings-Sunrise,2020,4,day,35461,8.0293,4416.449752780442,0.8747368421052631,33,119.6,2020-04-01,5.44083213806152,71,71,1,0
Hastings-Sunrise,2020,4,night,35461,8.0293,4416.449752780442,0.8747368421052631,51,119.6,2020-04-01,5.44083213806152,71,71,1,0
Hastings-Sunrise,2020,5,day,35461,8.0293,4416.449752780442,0.8747368421052631,28,119.7,2020-05-01,4.49814081192017,71,71,1,0
Hastings-Sunrise,2020,5,night,35461,8.0293,4416.449752780442,0.8747368421052631,44,119.7,2020-05-01,4.49814081192017,71,71,1,0
Hastings-Sunrise,2020,6,day,35461,8.0293,4416.449752780442,0.8747368421052631,26,119.6,2020-06-01,NA,NA,NA,NA,0
Hastings-Sunrise,2020,6,night,35461,8.0293,4416.449752780442,0.8747368421052631,44,119.6,2020-06-01,NA,NA,NA,NA,0
Hastings-Sunrise,2020,7,day,35461,8.0293,4416.449752780442,0.8747368421052631,21,119.7,2020-07-01,4.99849271774292,71,71,1,0
Hastings-Sunrise,2020,7,night,35461,8.0293,4416.449752780442,0.8747368421052631,27,119.7,2020-07-01,4.99849271774292,71,71,1,0
Hastings-Sunrise,2020,8,day,35461,8.0293,4416.449752780442,0.8747368421052631,26,119.7,2020-08-01,4.65580797195435,71,71,1,0
Hastings-Sunrise,2020,8,night,35461,8.0293,4416.449752780442,0.8747368421052631,66,119.7,2020-08-01,4.65580797195435,71,71,1,0
Hastings-Sunrise,2020,9,day,35461,8.0293,4416.449752780442,0.8747368421052631,24,119.6,2020-09-01,4.55379056930542,71,71,1,0
Hastings-Sunrise,2020,9,night,35461,8.0293,4416.449752780442,0.8747368421052631,61,119.6,2020-09-01,4.55379056930542,71,71,1,0
Hastings-Sunrise,2020,10,day,35461,8.0293,4416.449752780442,0.8747368421052631,22,119.7,2020-10-01,4.26070022583008,71,71,1,0
Hastings-Sunrise,2020,10,night,35461,8.0293,4416.449752780442,0.8747368421052631,48,119.7,2020-10-01,4.26070022583008,71,71,1,0
Hastings-Sunrise,2020,11,day,35461,8.0293,4416.449752780442,0.8747368421052631,19,119.6,2020-11-01,3.85459065437317,71,71,1,0
Hastings-Sunrise,2020,11,night,35461,8.0293,4416.449752780442,0.8747368421052631,32,119.6,2020-11-01,3.85459065437317,71,71,1,0
Hastings-Sunrise,2020,12,day,35461,8.0293,4416.449752780442,0.8747368421052631,15,119.7,2020-12-01,2.79814314842224,71,70,0.985915492957746,0
Hastings-Sunrise,2020,12,night,35461,8.0293,4416.449752780442,0.8747368421052631,47,119.7,2020-12-01,2.79814314842224,71,70,0.985915492957746,0
Hastings-Sunrise,2021,1,day,35461,8.0293,4416.449752780442,0.8747368421052631,17,119.7,2021-01-01,2.85064268112183,71,71,1,0
Hastings-Sunrise,2021,1,night,35461,8.0293,4416.449752780442,0.8747368421052631,51,119.7,2021-01-01,2.85064268112183,71,71,1,0
Hastings-Sunrise,2021,2,day,35461,8.0293,4416.449752780442,0.8747368421052631,21,119.5,2021-02-01,4.87782621383667,71,71,1,0
Hastings-Sunrise,2021,2,night,35461,8.0293,4416.449752780442,0.8747368421052631,57,119.5,2021-02-01,4.87782621383667,71,71,1,0
Hastings-Sunrise,2021,3,day,35461,8.0293,4416.449752780442,0.8747368421052631,19,119.7,2021-03-01,4.95615720748901,71,71,1,0
Hastings-Sunrise,2021,3,night,35461,8.0293,4416.449752780442,0.8747368421052631,40,119.7,2021-03-01,4.95615720748901,71,71,1,0
Hastings-Sunrise,2021,4,day,35461,8.0293,4416.449752780442,0.8747368421052631,24,120.1,2021-04-01,4.99115514755249,71,71,1,0
Hastings-Sunrise,2021,4,night,35461,8.0293,4416.449752780442,0.8747368421052631,57,120.1,2021-04-01,4.99115514755249,71,71,1,0
Hastings-Sunrise,2021,5,day,35461,8.0293,4416.449752780442,0.8747368421052631,26,120.1,2021-05-01,5.18515253067017,71,71,1,0
Hastings-Sunrise,2021,5,night,35461,8.0293,4416.449752780442,0.8747368421052631,47,120.1,2021-05-01,5.18515253067017,71,71,1,0
Hastings-Sunrise,2021,6,day,35461,8.0293,4416.449752780442,0.8747368421052631,28,120.1,2021-06-01,NA,NA,NA,NA,0
Hastings-Sunrise,2021,6,night,35461,8.0293,4416.449752780442,0.8747368421052631,51,120.1,2021-06-01,NA,NA,NA,NA,0
Hastings-Sunrise,2021,7,day,35461,8.0293,4416.449752780442,0.8747368421052631,14,120.1,2021-07-01,5.44219875335693,71,71,1,0
Hastings-Sunrise,2021,7,night,35461,8.0293,4416.449752780442,0.8747368421052631,57,120.1,2021-07-01,5.44219875335693,71,71,1,0
Hastings-Sunrise,2021,8,day,35461,8.0293,4416.449752780442,0.8747368421052631,14,120.1,2021-08-01,4.15185499191284,71,71,1,0
Hastings-Sunrise,2021,8,night,35461,8.0293,4416.449752780442,0.8747368421052631,40,120.1,2021-08-01,4.15185499191284,71,71,1,0
Hastings-Sunrise,2021,9,day,35461,8.0293,4416.449752780442,0.8747368421052631,13,120.1,2021-09-01,4.72173023223877,71,71,1,0
Hastings-Sunrise,2021,9,night,35461,8.0293,4416.449752780442,0.8747368421052631,46,120.1,2021-09-01,4.72173023223877,71,71,1,0
Hastings-Sunrise,2021,10,day,35461,8.0293,4416.449752780442,0.8747368421052631,24,120.1,2021-10-01,4.57892179489136,71,71,1,0
Hastings-Sunrise,2021,10,night,35461,8.0293,4416.449752780442,0.8747368421052631,40,120.1,2021-10-01,4.57892179489136,71,71,1,0
Hastings-Sunrise,2021,11,day,35461,8.0293,4416.449752780442,0.8747368421052631,11,120.1,2021-11-01,4.94979763031006,71,67,0.943661971830986,0
Hastings-Sunrise,2021,11,night,35461,8.0293,4416.449752780442,0.8747368421052631,45,120.1,2021-11-01,4.94979763031006,71,67,0.943661971830986,0
Hastings-Sunrise,2021,12,day,35461,8.0293,4416.449752780442,0.8747368421052631,17,120.1,2021-12-01,4.54929065704346,71,71,1,0
Hastings-Sunrise,2021,12,night,35461,8.0293,4416.449752780442,0.8747368421052631,30,120.1,2021-12-01,4.54929065704346,71,71,1,0
Hastings-Sunrise,2022,1,day,35461,8.0293,4416.449752780442,0.8747368421052631,12,120.1,2022-01-01,3.29851889610291,71,71,1,0
Hastings-Sunrise,2022,1,night,35461,8.0293,4416.449752780442,0.8747368421052631,29,120.1,2022-01-01,3.29851889610291,71,71,1,0
Hastings-Sunrise,2022,2,day,35461,8.0293,4416.449752780442,0.8747368421052631,21,120,2022-02-01,4.47012901306152,71,71,1,0
Hastings-Sunrise,2022,2,night,35461,8.0293,4416.449752780442,0.8747368421052631,27,120,2022-02-01,4.47012901306152,71,71,1,0
Hastings-Sunrise,2022,3,day,35461,8.0293,4416.449752780442,0.8747368421052631,17,120.1,2022-03-01,4.58948183059692,71,71,1,0
Hastings-Sunrise,2022,3,night,35461,8.0293,4416.449752780442,0.8747368421052631,26,120.1,2022-03-01,4.58948183059692,71,71,1,0
Hastings-Sunrise,2022,4,day,35461,8.0293,4416.449752780442,0.8747368421052631,14,120.9,2022-04-01,4.72422170639038,71,71,1,0
Hastings-Sunrise,2022,4,night,35461,8.0293,4416.449752780442,0.8747368421052631,54,120.9,2022-04-01,4.72422170639038,71,71,1,0
Hastings-Sunrise,2022,5,day,35461,8.0293,4416.449752780442,0.8747368421052631,25,120.9,2022-05-01,4.84250354766846,71,69,0.971830985915493,0
Hastings-Sunrise,2022,5,night,35461,8.0293,4416.449752780442,0.8747368421052631,40,120.9,2022-05-01,4.84250354766846,71,69,0.971830985915493,0
Hastings-Sunrise,2022,6,day,35461,8.0293,4416.449752780442,0.8747368421052631,18,120.9,2022-06-01,NA,NA,NA,NA,0
Hastings-Sunrise,2022,6,night,35461,8.0293,4416.449752780442,0.8747368421052631,32,120.9,2022-06-01,NA,NA,NA,NA,0
Hastings-Sunrise,2022,7,day,35461,8.0293,4416.449752780442,0.8747368421052631,23,120.9,2022-07-01,5.24275398254395,71,71,1,0
Hastings-Sunrise,2022,7,night,35461,8.0293,4416.449752780442,0.8747368421052631,41,120.9,2022-07-01,5.24275398254395,71,71,1,0
Hastings-Sunrise,2022,8,day,35461,8.0293,4416.449752780442,0.8747368421052631,10,120.9,2022-08-01,4.6391806602478,71,71,1,0
Hastings-Sunrise,2022,8,night,35461,8.0293,4416.449752780442,0.8747368421052631,37,120.9,2022-08-01,4.6391806602478,71,71,1,0
Hastings-Sunrise,2022,9,day,35461,8.0293,4416.449752780442,0.8747368421052631,13,120.9,2022-09-01,4.62274980545044,71,71,1,0
Hastings-Sunrise,2022,9,night,35461,8.0293,4416.449752780442,0.8747368421052631,47,120.9,2022-09-01,4.62274980545044,71,71,1,0
Hastings-Sunrise,2022,10,day,35461,8.0293,4416.449752780442,0.8747368421052631,21,120.9,2022-10-01,4.35875177383423,71,71,1,0
Hastings-Sunrise,2022,10,night,35461,8.0293,4416.449752780442,0.8747368421052631,37,120.9,2022-10-01,4.35875177383423,71,71,1,0
Hastings-Sunrise,2022,11,day,35461,8.0293,4416.449752780442,0.8747368421052631,16,120.9,2022-11-01,3.91057157516479,71,71,1,0
Hastings-Sunrise,2022,11,night,35461,8.0293,4416.449752780442,0.8747368421052631,38,120.9,2022-11-01,3.91057157516479,71,71,1,0
Hastings-Sunrise,2022,12,day,35461,8.0293,4416.449752780442,0.8747368421052631,10,120.9,2022-12-01,6.86498165130615,71,67,0.943661971830986,0
Hastings-Sunrise,2022,12,night,35461,8.0293,4416.449752780442,0.8747368421052631,26,120.9,2022-12-01,6.86498165130615,71,67,0.943661971830986,0
Hastings-Sunrise,2023,1,day,35461,8.0293,4416.449752780442,0.8747368421052631,7,120.9,2023-01-01,3.72499084472656,71,71,1,0
Hastings-Sunrise,2023,1,night,35461,8.0293,4416.449752780442,0.8747368421052631,35,120.9,2023-01-01,3.72499084472656,71,71,1,0
Hastings-Sunrise,2023,2,day,35461,8.0293,4416.449752780442,0.8747368421052631,13,120.7,2023-02-01,4.29071569442749,71,71,1,0
Hastings-Sunrise,2023,2,night,35461,8.0293,4416.449752780442,0.8747368421052631,31,120.7,2023-02-01,4.29071569442749,71,71,1,0
Hastings-Sunrise,2023,3,day,35461,8.0293,4416.449752780442,0.8747368421052631,23,120.9,2023-03-01,4.76012659072876,71,71,1,0
Hastings-Sunrise,2023,3,night,35461,8.0293,4416.449752780442,0.8747368421052631,45,120.9,2023-03-01,4.76012659072876,71,71,1,0
Hastings-Sunrise,2023,4,day,35461,8.0293,4416.449752780442,0.8747368421052631,13,122,2023-04-01,4.79395914077759,71,71,1,0
Hastings-Sunrise,2023,4,night,35461,8.0293,4416.449752780442,0.8747368421052631,33,122,2023-04-01,4.79395914077759,71,71,1,0
Hastings-Sunrise,2023,5,day,35461,8.0293,4416.449752780442,0.8747368421052631,13,122.1,2023-05-01,5.03349828720093,71,71,1,0
Hastings-Sunrise,2023,5,night,35461,8.0293,4416.449752780442,0.8747368421052631,33,122.1,2023-05-01,5.03349828720093,71,71,1,0
Hastings-Sunrise,2023,6,day,35461,8.0293,4416.449752780442,0.8747368421052631,25,122,2023-06-01,NA,NA,NA,NA,0
Hastings-Sunrise,2023,6,night,35461,8.0293,4416.449752780442,0.8747368421052631,37,122,2023-06-01,NA,NA,NA,NA,0
Hastings-Sunrise,2023,7,day,35461,8.0293,4416.449752780442,0.8747368421052631,12,122.1,2023-07-01,5.39587640762329,71,71,1,0
Hastings-Sunrise,2023,7,night,35461,8.0293,4416.449752780442,0.8747368421052631,48,122.1,2023-07-01,5.39587640762329,71,71,1,0
Hastings-Sunrise,2023,8,day,35461,8.0293,4416.449752780442,0.8747368421052631,17,122.1,2023-08-01,5.18730211257935,71,71,1,0
Hastings-Sunrise,2023,8,night,35461,8.0293,4416.449752780442,0.8747368421052631,24,122.1,2023-08-01,5.18730211257935,71,71,1,0
Hastings-Sunrise,2023,9,day,35461,8.0293,4416.449752780442,0.8747368421052631,21,122.5,2023-09-01,4.91644382476807,71,71,1,0
Hastings-Sunrise,2023,9,night,35461,8.0293,4416.449752780442,0.8747368421052631,29,122.5,2023-09-01,4.91644382476807,71,71,1,0
Hastings-Sunrise,2023,10,day,35461,8.0293,4416.449752780442,0.8747368421052631,15,122.5,2023-10-01,4.06862449645996,71,71,1,0
Hastings-Sunrise,2023,10,night,35461,8.0293,4416.449752780442,0.8747368421052631,41,122.5,2023-10-01,4.06862449645996,71,71,1,0
Hastings-Sunrise,2023,11,day,35461,8.0293,4416.449752780442,0.8747368421052631,13,122.5,2023-11-01,3.71686434745789,71,71,1,0
Hastings-Sunrise,2023,11,night,35461,8.0293,4416.449752780442,0.8747368421052631,29,122.5,2023-11-01,3.71686434745789,71,71,1,0
Hastings-Sunrise,2023,12,day,35461,8.0293,4416.449752780442,0.8747368421052631,15,122.5,2023-12-01,3.83958077430725,71,69,0.971830985915493,0
Hastings-Sunrise,2023,12,night,35461,8.0293,4416.449752780442,0.8747368421052631,41,122.5,2023-12-01,3.83958077430725,71,69,0.971830985915493,0
Kensington-Cedar Cottage,2014,1,day,48605,7.14457,6803.068624143931,0.7191395,43,94.8,2014-01-01,3.55196905136108,67,67,1,0
Kensington-Cedar Cottage,2014,1,night,48605,7.14457,6803.068624143931,0.7191395,96,94.8,2014-01-01,3.55196905136108,67,67,1,0
Kensington-Cedar Cottage,2014,2,day,48605,7.14457,6803.068624143931,0.7191395,34,94.8,2014-02-01,3.74642944335938,67,67,1,0
Kensington-Cedar Cottage,2014,2,night,48605,7.14457,6803.068624143931,0.7191395,58,94.8,2014-02-01,3.74642944335938,67,67,1,0
Kensington-Cedar Cottage,2014,3,day,48605,7.14457,6803.068624143931,0.7191395,43,94.8,2014-03-01,4.06303977966309,67,67,1,0
Kensington-Cedar Cottage,2014,3,night,48605,7.14457,6803.068624143931,0.7191395,72,94.8,2014-03-01,4.06303977966309,67,67,1,0
Kensington-Cedar Cottage,2014,4,day,48605,7.14457,6803.068624143931,0.7191395,58,101.7,2014-04-01,3.81362366676331,67,67,1,0
Kensington-Cedar Cottage,2014,4,night,48605,7.14457,6803.068624143931,0.7191395,66,101.7,2014-04-01,3.81362366676331,67,67,1,0
Kensington-Cedar Cottage,2014,5,day,48605,7.14457,6803.068624143931,0.7191395,68,101.7,2014-05-01,4.23532152175903,67,67,1,0
Kensington-Cedar Cottage,2014,5,night,48605,7.14457,6803.068624143931,0.7191395,64,101.7,2014-05-01,4.23532152175903,67,67,1,0
Kensington-Cedar Cottage,2014,6,day,48605,7.14457,6803.068624143931,0.7191395,71,101.7,2014-06-01,NA,NA,NA,NA,0
Kensington-Cedar Cottage,2014,6,night,48605,7.14457,6803.068624143931,0.7191395,77,101.7,2014-06-01,NA,NA,NA,NA,0
Kensington-Cedar Cottage,2014,7,day,48605,7.14457,6803.068624143931,0.7191395,66,101.7,2014-07-01,4.28029537200928,67,67,1,0
Kensington-Cedar Cottage,2014,7,night,48605,7.14457,6803.068624143931,0.7191395,84,101.7,2014-07-01,4.28029537200928,67,67,1,0
Kensington-Cedar Cottage,2014,8,day,48605,7.14457,6803.068624143931,0.7191395,59,101.7,2014-08-01,3.92420339584351,67,67,1,0
Kensington-Cedar Cottage,2014,8,night,48605,7.14457,6803.068624143931,0.7191395,80,101.7,2014-08-01,3.92420339584351,67,67,1,0
Kensington-Cedar Cottage,2014,9,day,48605,7.14457,6803.068624143931,0.7191395,57,101.7,2014-09-01,3.82880616188049,67,67,1,0
Kensington-Cedar Cottage,2014,9,night,48605,7.14457,6803.068624143931,0.7191395,69,101.7,2014-09-01,3.82880616188049,67,67,1,0
Kensington-Cedar Cottage,2014,10,day,48605,7.14457,6803.068624143931,0.7191395,60,101.7,2014-10-01,3.83537793159485,67,67,1,0
Kensington-Cedar Cottage,2014,10,night,48605,7.14457,6803.068624143931,0.7191395,91,101.7,2014-10-01,3.83537793159485,67,67,1,0
Kensington-Cedar Cottage,2014,11,day,48605,7.14457,6803.068624143931,0.7191395,52,101.7,2014-11-01,3.97369599342346,67,67,1,0
Kensington-Cedar Cottage,2014,11,night,48605,7.14457,6803.068624143931,0.7191395,81,101.7,2014-11-01,3.97369599342346,67,67,1,0
Kensington-Cedar Cottage,2014,12,day,48605,7.14457,6803.068624143931,0.7191395,31,101.7,2014-12-01,3.85094904899597,67,67,1,0
Kensington-Cedar Cottage,2014,12,night,48605,7.14457,6803.068624143931,0.7191395,62,101.7,2014-12-01,3.85094904899597,67,67,1,0
Kensington-Cedar Cottage,2015,1,day,48605,7.14457,6803.068624143931,0.7191395,37,101.7,2015-01-01,3.42254233360291,67,67,1,0
Kensington-Cedar Cottage,2015,1,night,48605,7.14457,6803.068624143931,0.7191395,67,101.7,2015-01-01,3.42254233360291,67,67,1,0
Kensington-Cedar Cottage,2015,2,day,48605,7.14457,6803.068624143931,0.7191395,28,101.7,2015-02-01,3.84321713447571,67,67,1,0
Kensington-Cedar Cottage,2015,2,night,48605,7.14457,6803.068624143931,0.7191395,55,101.7,2015-02-01,3.84321713447571,67,67,1,0
Kensington-Cedar Cottage,2015,3,day,48605,7.14457,6803.068624143931,0.7191395,42,101.7,2015-03-01,3.71993565559387,67,67,1,0
Kensington-Cedar Cottage,2015,3,night,48605,7.14457,6803.068624143931,0.7191395,70,101.7,2015-03-01,3.71993565559387,67,67,1,0
Kensington-Cedar Cottage,2015,4,day,48605,7.14457,6803.068624143931,0.7191395,34,107.7,2015-04-01,3.92471432685852,67,67,1,0
Kensington-Cedar Cottage,2015,4,night,48605,7.14457,6803.068624143931,0.7191395,62,107.7,2015-04-01,3.92471432685852,67,67,1,0
Kensington-Cedar Cottage,2015,5,day,48605,7.14457,6803.068624143931,0.7191395,54,107.7,2015-05-01,3.97049689292908,67,67,1,0
Kensington-Cedar Cottage,2015,5,night,48605,7.14457,6803.068624143931,0.7191395,65,107.7,2015-05-01,3.97049689292908,67,67,1,0
Kensington-Cedar Cottage,2015,6,day,48605,7.14457,6803.068624143931,0.7191395,70,107.7,2015-06-01,NA,NA,NA,NA,0
Kensington-Cedar Cottage,2015,6,night,48605,7.14457,6803.068624143931,0.7191395,66,107.7,2015-06-01,NA,NA,NA,NA,0
Kensington-Cedar Cottage,2015,7,day,48605,7.14457,6803.068624143931,0.7191395,70,107.7,2015-07-01,4.10838222503662,67,67,1,0
Kensington-Cedar Cottage,2015,7,night,48605,7.14457,6803.068624143931,0.7191395,85,107.7,2015-07-01,4.10838222503662,67,67,1,0
Kensington-Cedar Cottage,2015,8,day,48605,7.14457,6803.068624143931,0.7191395,51,107.7,2015-08-01,3.57523608207703,67,67,1,0
Kensington-Cedar Cottage,2015,8,night,48605,7.14457,6803.068624143931,0.7191395,70,107.7,2015-08-01,3.57523608207703,67,67,1,0
Kensington-Cedar Cottage,2015,9,day,48605,7.14457,6803.068624143931,0.7191395,42,107.7,2015-09-01,3.49707221984863,67,67,1,0
Kensington-Cedar Cottage,2015,9,night,48605,7.14457,6803.068624143931,0.7191395,50,107.7,2015-09-01,3.49707221984863,67,67,1,0
Kensington-Cedar Cottage,2015,10,day,48605,7.14457,6803.068624143931,0.7191395,49,107.7,2015-10-01,3.59193205833435,67,67,1,0
Kensington-Cedar Cottage,2015,10,night,48605,7.14457,6803.068624143931,0.7191395,76,107.7,2015-10-01,3.59193205833435,67,67,1,0
Kensington-Cedar Cottage,2015,11,day,48605,7.14457,6803.068624143931,0.7191395,41,107.7,2015-11-01,3.61993360519409,67,67,1,0
Kensington-Cedar Cottage,2015,11,night,48605,7.14457,6803.068624143931,0.7191395,83,107.7,2015-11-01,3.61993360519409,67,67,1,0
Kensington-Cedar Cottage,2015,12,day,48605,7.14457,6803.068624143931,0.7191395,37,107.7,2015-12-01,2.42326402664185,67,67,1,0
Kensington-Cedar Cottage,2015,12,night,48605,7.14457,6803.068624143931,0.7191395,58,107.7,2015-12-01,2.42326402664185,67,67,1,0
Kensington-Cedar Cottage,2016,1,day,48605,7.14457,6803.068624143931,0.7191395,44,107.7,2016-01-01,3.56892228126526,67,67,1,0
Kensington-Cedar Cottage,2016,1,night,48605,7.14457,6803.068624143931,0.7191395,98,107.7,2016-01-01,3.56892228126526,67,67,1,0
Kensington-Cedar Cottage,2016,2,day,48605,7.14457,6803.068624143931,0.7191395,31,107.6,2016-02-01,3.33092260360718,67,67,1,0
Kensington-Cedar Cottage,2016,2,night,48605,7.14457,6803.068624143931,0.7191395,59,107.6,2016-02-01,3.33092260360718,67,67,1,0
Kensington-Cedar Cottage,2016,3,day,48605,7.14457,6803.068624143931,0.7191395,59,107.7,2016-03-01,3.77748775482178,67,67,1,0
Kensington-Cedar Cottage,2016,3,night,48605,7.14457,6803.068624143931,0.7191395,89,107.7,2016-03-01,3.77748775482178,67,67,1,0
Kensington-Cedar Cottage,2016,4,day,48605,7.14457,6803.068624143931,0.7191395,47,112.2,2016-04-01,3.7348620891571,67,67,1,0
Kensington-Cedar Cottage,2016,4,night,48605,7.14457,6803.068624143931,0.7191395,70,112.2,2016-04-01,3.7348620891571,67,67,1,0
Kensington-Cedar Cottage,2016,5,day,48605,7.14457,6803.068624143931,0.7191395,48,112.3,2016-05-01,3.45910477638245,67,67,1,0
Kensington-Cedar Cottage,2016,5,night,48605,7.14457,6803.068624143931,0.7191395,72,112.3,2016-05-01,3.45910477638245,67,67,1,0
Kensington-Cedar Cottage,2016,6,day,48605,7.14457,6803.068624143931,0.7191395,58,112.2,2016-06-01,NA,NA,NA,NA,0
Kensington-Cedar Cottage,2016,6,night,48605,7.14457,6803.068624143931,0.7191395,62,112.2,2016-06-01,NA,NA,NA,NA,0
Kensington-Cedar Cottage,2016,7,day,48605,7.14457,6803.068624143931,0.7191395,52,112.3,2016-07-01,3.22626209259033,67,67,1,0
Kensington-Cedar Cottage,2016,7,night,48605,7.14457,6803.068624143931,0.7191395,63,112.3,2016-07-01,3.22626209259033,67,67,1,0
Kensington-Cedar Cottage,2016,8,day,48605,7.14457,6803.068624143931,0.7191395,45,112.3,2016-08-01,3.55290460586548,67,67,1,0
Kensington-Cedar Cottage,2016,8,night,48605,7.14457,6803.068624143931,0.7191395,81,112.3,2016-08-01,3.55290460586548,67,67,1,0
Kensington-Cedar Cottage,2016,9,day,48605,7.14457,6803.068624143931,0.7191395,46,112.2,2016-09-01,3.23062372207642,67,67,1,0
Kensington-Cedar Cottage,2016,9,night,48605,7.14457,6803.068624143931,0.7191395,68,112.2,2016-09-01,3.23062372207642,67,67,1,0
Kensington-Cedar Cottage,2016,10,day,48605,7.14457,6803.068624143931,0.7191395,47,112.3,2016-10-01,3.08111596107483,67,67,1,0
Kensington-Cedar Cottage,2016,10,night,48605,7.14457,6803.068624143931,0.7191395,86,112.3,2016-10-01,3.08111596107483,67,67,1,0
Kensington-Cedar Cottage,2016,11,day,48605,7.14457,6803.068624143931,0.7191395,44,112.2,2016-11-01,2.63043189048767,67,67,1,0
Kensington-Cedar Cottage,2016,11,night,48605,7.14457,6803.068624143931,0.7191395,69,112.2,2016-11-01,2.63043189048767,67,67,1,0
Kensington-Cedar Cottage,2016,12,day,48605,7.14457,6803.068624143931,0.7191395,40,112.3,2016-12-01,4.32215785980225,67,67,1,0
Kensington-Cedar Cottage,2016,12,night,48605,7.14457,6803.068624143931,0.7191395,56,112.3,2016-12-01,4.32215785980225,67,67,1,0
Kensington-Cedar Cottage,2017,1,day,48605,7.14457,6803.068624143931,0.7191395,25,112.3,2017-01-01,2.98797631263733,67,67,1,0
Kensington-Cedar Cottage,2017,1,night,48605,7.14457,6803.068624143931,0.7191395,44,112.3,2017-01-01,2.98797631263733,67,67,1,0
Kensington-Cedar Cottage,2017,2,day,48605,7.14457,6803.068624143931,0.7191395,24,112.1,2017-02-01,3.32984566688538,67,67,1,0
Kensington-Cedar Cottage,2017,2,night,48605,7.14457,6803.068624143931,0.7191395,51,112.1,2017-02-01,3.32984566688538,67,67,1,0
Kensington-Cedar Cottage,2017,3,day,48605,7.14457,6803.068624143931,0.7191395,35,112.3,2017-03-01,3.86680126190186,67,67,1,0
Kensington-Cedar Cottage,2017,3,night,48605,7.14457,6803.068624143931,0.7191395,56,112.3,2017-03-01,3.86680126190186,67,67,1,0
Kensington-Cedar Cottage,2017,4,day,48605,7.14457,6803.068624143931,0.7191395,30,115.2,2017-04-01,3.80263352394104,67,67,1,0
Kensington-Cedar Cottage,2017,4,night,48605,7.14457,6803.068624143931,0.7191395,54,115.2,2017-04-01,3.80263352394104,67,67,1,0
Kensington-Cedar Cottage,2017,5,day,48605,7.14457,6803.068624143931,0.7191395,46,115.3,2017-05-01,4.02750492095947,67,67,1,0
Kensington-Cedar Cottage,2017,5,night,48605,7.14457,6803.068624143931,0.7191395,57,115.3,2017-05-01,4.02750492095947,67,67,1,0
Kensington-Cedar Cottage,2017,6,day,48605,7.14457,6803.068624143931,0.7191395,46,115.2,2017-06-01,NA,NA,NA,NA,0
Kensington-Cedar Cottage,2017,6,night,48605,7.14457,6803.068624143931,0.7191395,59,115.2,2017-06-01,NA,NA,NA,NA,0
Kensington-Cedar Cottage,2017,7,day,48605,7.14457,6803.068624143931,0.7191395,43,115.3,2017-07-01,4.44033479690552,67,67,1,0
Kensington-Cedar Cottage,2017,7,night,48605,7.14457,6803.068624143931,0.7191395,72,115.3,2017-07-01,4.44033479690552,67,67,1,0
Kensington-Cedar Cottage,2017,8,day,48605,7.14457,6803.068624143931,0.7191395,40,115.3,2017-08-01,3.64518404006958,67,67,1,0
Kensington-Cedar Cottage,2017,8,night,48605,7.14457,6803.068624143931,0.7191395,61,115.3,2017-08-01,3.64518404006958,67,67,1,0
Kensington-Cedar Cottage,2017,9,day,48605,7.14457,6803.068624143931,0.7191395,52,115.2,2017-09-01,3.39308166503906,67,67,1,0
Kensington-Cedar Cottage,2017,9,night,48605,7.14457,6803.068624143931,0.7191395,55,115.2,2017-09-01,3.39308166503906,67,67,1,0
Kensington-Cedar Cottage,2017,10,day,48605,7.14457,6803.068624143931,0.7191395,48,115.3,2017-10-01,3.5767924785614,67,67,1,0
Kensington-Cedar Cottage,2017,10,night,48605,7.14457,6803.068624143931,0.7191395,72,115.3,2017-10-01,3.5767924785614,67,67,1,0
Kensington-Cedar Cottage,2017,11,day,48605,7.14457,6803.068624143931,0.7191395,36,115.2,2017-11-01,1.86035883426666,67,67,1,0
Kensington-Cedar Cottage,2017,11,night,48605,7.14457,6803.068624143931,0.7191395,81,115.2,2017-11-01,1.86035883426666,67,67,1,0
Kensington-Cedar Cottage,2017,12,day,48605,7.14457,6803.068624143931,0.7191395,35,115.3,2017-12-01,3.26205229759216,67,67,1,0
Kensington-Cedar Cottage,2017,12,night,48605,7.14457,6803.068624143931,0.7191395,62,115.3,2017-12-01,3.26205229759216,67,67,1,0
Kensington-Cedar Cottage,2018,1,day,48605,7.14457,6803.068624143931,0.7191395,34,115.3,2018-01-01,2.56218385696411,67,67,1,0
Kensington-Cedar Cottage,2018,1,night,48605,7.14457,6803.068624143931,0.7191395,93,115.3,2018-01-01,2.56218385696411,67,67,1,0
Kensington-Cedar Cottage,2018,2,day,48605,7.14457,6803.068624143931,0.7191395,31,115.1,2018-02-01,4.51876878738403,67,67,1,0
Kensington-Cedar Cottage,2018,2,night,48605,7.14457,6803.068624143931,0.7191395,70,115.1,2018-02-01,4.51876878738403,67,67,1,0
Kensington-Cedar Cottage,2018,3,day,48605,7.14457,6803.068624143931,0.7191395,32,115.3,2018-03-01,4.04809904098511,67,67,1,0
Kensington-Cedar Cottage,2018,3,night,48605,7.14457,6803.068624143931,0.7191395,58,115.3,2018-03-01,4.04809904098511,67,67,1,0
Kensington-Cedar Cottage,2018,4,day,48605,7.14457,6803.068624143931,0.7191395,39,118.7,2018-04-01,4.2297534942627,67,67,1,0
Kensington-Cedar Cottage,2018,4,night,48605,7.14457,6803.068624143931,0.7191395,55,118.7,2018-04-01,4.2297534942627,67,67,1,0
Kensington-Cedar Cottage,2018,5,day,48605,7.14457,6803.068624143931,0.7191395,49,118.8,2018-05-01,3.8651294708252,67,67,1,0
Kensington-Cedar Cottage,2018,5,night,48605,7.14457,6803.068624143931,0.7191395,60,118.8,2018-05-01,3.8651294708252,67,67,1,0
Kensington-Cedar Cottage,2018,6,day,48605,7.14457,6803.068624143931,0.7191395,37,118.7,2018-06-01,NA,NA,NA,NA,0
Kensington-Cedar Cottage,2018,6,night,48605,7.14457,6803.068624143931,0.7191395,72,118.7,2018-06-01,NA,NA,NA,NA,0
Kensington-Cedar Cottage,2018,7,day,48605,7.14457,6803.068624143931,0.7191395,42,118.8,2018-07-01,4.71059131622314,67,67,1,0
Kensington-Cedar Cottage,2018,7,night,48605,7.14457,6803.068624143931,0.7191395,53,118.8,2018-07-01,4.71059131622314,67,67,1,0
Kensington-Cedar Cottage,2018,8,day,48605,7.14457,6803.068624143931,0.7191395,34,118.8,2018-08-01,3.4764769077301,67,67,1,0
Kensington-Cedar Cottage,2018,8,night,48605,7.14457,6803.068624143931,0.7191395,76,118.8,2018-08-01,3.4764769077301,67,67,1,0
Kensington-Cedar Cottage,2018,9,day,48605,7.14457,6803.068624143931,0.7191395,45,118.7,2018-09-01,3.694504737854,67,67,1,0
Kensington-Cedar Cottage,2018,9,night,48605,7.14457,6803.068624143931,0.7191395,65,118.7,2018-09-01,3.694504737854,67,67,1,0
Kensington-Cedar Cottage,2018,10,day,48605,7.14457,6803.068624143931,0.7191395,32,118.8,2018-10-01,3.72141480445862,67,67,1,0
Kensington-Cedar Cottage,2018,10,night,48605,7.14457,6803.068624143931,0.7191395,56,118.8,2018-10-01,3.72141480445862,67,67,1,0
Kensington-Cedar Cottage,2018,11,day,48605,7.14457,6803.068624143931,0.7191395,24,118.7,2018-11-01,3.51012659072876,67,67,1,0
Kensington-Cedar Cottage,2018,11,night,48605,7.14457,6803.068624143931,0.7191395,49,118.7,2018-11-01,3.51012659072876,67,67,1,0
Kensington-Cedar Cottage,2018,12,day,48605,7.14457,6803.068624143931,0.7191395,35,118.8,2018-12-01,3.22573518753052,67,67,1,0
Kensington-Cedar Cottage,2018,12,night,48605,7.14457,6803.068624143931,0.7191395,75,118.8,2018-12-01,3.22573518753052,67,67,1,0
Kensington-Cedar Cottage,2019,1,day,46492,6.6362,7005.816581778729,0.9247631578947368,24,118.8,2019-01-01,3.31917786598206,67,67,1,0
Kensington-Cedar Cottage,2019,1,night,46492,6.6362,7005.816581778729,0.9247631578947368,69,118.8,2019-01-01,3.31917786598206,67,67,1,0
Kensington-Cedar Cottage,2019,2,day,46492,6.6362,7005.816581778729,0.9247631578947368,28,118.6,2019-02-01,6.49975109100342,67,67,1,0
Kensington-Cedar Cottage,2019,2,night,46492,6.6362,7005.816581778729,0.9247631578947368,53,118.6,2019-02-01,6.49975109100342,67,67,1,0
Kensington-Cedar Cottage,2019,3,day,46492,6.6362,7005.816581778729,0.9247631578947368,35,118.8,2019-03-01,4.15554428100586,67,67,1,0
Kensington-Cedar Cottage,2019,3,night,46492,6.6362,7005.816581778729,0.9247631578947368,40,118.8,2019-03-01,4.15554428100586,67,67,1,0
Kensington-Cedar Cottage,2019,4,day,46492,6.6362,7005.816581778729,0.9247631578947368,29,120.9,2019-04-01,4.27482604980469,67,67,1,0
Kensington-Cedar Cottage,2019,4,night,46492,6.6362,7005.816581778729,0.9247631578947368,55,120.9,2019-04-01,4.27482604980469,67,67,1,0
Kensington-Cedar Cottage,2019,5,day,46492,6.6362,7005.816581778729,0.9247631578947368,45,120.9,2019-05-01,3.94971609115601,67,67,1,0
Kensington-Cedar Cottage,2019,5,night,46492,6.6362,7005.816581778729,0.9247631578947368,91,120.9,2019-05-01,3.94971609115601,67,67,1,0
Kensington-Cedar Cottage,2019,6,day,46492,6.6362,7005.816581778729,0.9247631578947368,40,120.9,2019-06-01,NA,NA,NA,NA,0
Kensington-Cedar Cottage,2019,6,night,46492,6.6362,7005.816581778729,0.9247631578947368,72,120.9,2019-06-01,NA,NA,NA,NA,0
Kensington-Cedar Cottage,2019,7,day,46492,6.6362,7005.816581778729,0.9247631578947368,36,120.9,2019-07-01,4.77163457870483,67,67,1,0
Kensington-Cedar Cottage,2019,7,night,46492,6.6362,7005.816581778729,0.9247631578947368,67,120.9,2019-07-01,4.77163457870483,67,67,1,0
Kensington-Cedar Cottage,2019,8,day,46492,6.6362,7005.816581778729,0.9247631578947368,37,120.9,2019-08-01,4.34897327423096,67,67,1,0
Kensington-Cedar Cottage,2019,8,night,46492,6.6362,7005.816581778729,0.9247631578947368,52,120.9,2019-08-01,4.34897327423096,67,67,1,0
Kensington-Cedar Cottage,2019,9,day,46492,6.6362,7005.816581778729,0.9247631578947368,46,120.9,2019-09-01,4.52129793167114,67,67,1,0
Kensington-Cedar Cottage,2019,9,night,46492,6.6362,7005.816581778729,0.9247631578947368,87,120.9,2019-09-01,4.52129793167114,67,67,1,0
Kensington-Cedar Cottage,2019,10,day,46492,6.6362,7005.816581778729,0.9247631578947368,47,120.9,2019-10-01,4.06948280334473,67,67,1,0
Kensington-Cedar Cottage,2019,10,night,46492,6.6362,7005.816581778729,0.9247631578947368,86,120.9,2019-10-01,4.06948280334473,67,67,1,0
Kensington-Cedar Cottage,2019,11,day,46492,6.6362,7005.816581778729,0.9247631578947368,35,120.9,2019-11-01,4.19656276702881,67,67,1,0
Kensington-Cedar Cottage,2019,11,night,46492,6.6362,7005.816581778729,0.9247631578947368,94,120.9,2019-11-01,4.19656276702881,67,67,1,0
Kensington-Cedar Cottage,2019,12,day,46492,6.6362,7005.816581778729,0.9247631578947368,31,120.9,2019-12-01,3.32712197303772,67,67,1,0
Kensington-Cedar Cottage,2019,12,night,46492,6.6362,7005.816581778729,0.9247631578947368,64,120.9,2019-12-01,3.32712197303772,67,67,1,0
Kensington-Cedar Cottage,2020,1,day,46492,6.6362,7005.816581778729,0.9247631578947368,25,120.9,2020-01-01,4.22996139526367,67,67,1,0
Kensington-Cedar Cottage,2020,1,night,46492,6.6362,7005.816581778729,0.9247631578947368,71,120.9,2020-01-01,4.22996139526367,67,67,1,0
Kensington-Cedar Cottage,2020,2,day,46492,6.6362,7005.816581778729,0.9247631578947368,39,120.8,2020-02-01,3.9529230594635,67,67,1,0
Kensington-Cedar Cottage,2020,2,night,46492,6.6362,7005.816581778729,0.9247631578947368,71,120.8,2020-02-01,3.9529230594635,67,67,1,0
Kensington-Cedar Cottage,2020,3,day,46492,6.6362,7005.816581778729,0.9247631578947368,44,120.9,2020-03-01,4.19677352905273,67,67,1,0
Kensington-Cedar Cottage,2020,3,night,46492,6.6362,7005.816581778729,0.9247631578947368,58,120.9,2020-03-01,4.19677352905273,67,67,1,0
Kensington-Cedar Cottage,2020,4,day,46492,6.6362,7005.816581778729,0.9247631578947368,34,119.6,2020-04-01,4.67377185821533,67,67,1,0
Kensington-Cedar Cottage,2020,4,night,46492,6.6362,7005.816581778729,0.9247631578947368,76,119.6,2020-04-01,4.67377185821533,67,67,1,0
Kensington-Cedar Cottage,2020,5,day,46492,6.6362,7005.816581778729,0.9247631578947368,40,119.7,2020-05-01,4.06260871887207,67,67,1,0
Kensington-Cedar Cottage,2020,5,night,46492,6.6362,7005.816581778729,0.9247631578947368,48,119.7,2020-05-01,4.06260871887207,67,67,1,0
Kensington-Cedar Cottage,2020,6,day,46492,6.6362,7005.816581778729,0.9247631578947368,34,119.6,2020-06-01,NA,NA,NA,NA,0
Kensington-Cedar Cottage,2020,6,night,46492,6.6362,7005.816581778729,0.9247631578947368,38,119.6,2020-06-01,NA,NA,NA,NA,0
Kensington-Cedar Cottage,2020,7,day,46492,6.6362,7005.816581778729,0.9247631578947368,45,119.7,2020-07-01,4.11171674728394,67,67,1,0
Kensington-Cedar Cottage,2020,7,night,46492,6.6362,7005.816581778729,0.9247631578947368,45,119.7,2020-07-01,4.11171674728394,67,67,1,0
Kensington-Cedar Cottage,2020,8,day,46492,6.6362,7005.816581778729,0.9247631578947368,32,119.7,2020-08-01,3.96588230133057,67,67,1,0
Kensington-Cedar Cottage,2020,8,night,46492,6.6362,7005.816581778729,0.9247631578947368,55,119.7,2020-08-01,3.96588230133057,67,67,1,0
Kensington-Cedar Cottage,2020,9,day,46492,6.6362,7005.816581778729,0.9247631578947368,34,119.6,2020-09-01,4.16931247711182,67,67,1,0
Kensington-Cedar Cottage,2020,9,night,46492,6.6362,7005.816581778729,0.9247631578947368,48,119.6,2020-09-01,4.16931247711182,67,67,1,0
Kensington-Cedar Cottage,2020,10,day,46492,6.6362,7005.816581778729,0.9247631578947368,46,119.7,2020-10-01,3.63222217559814,67,67,1,0
Kensington-Cedar Cottage,2020,10,night,46492,6.6362,7005.816581778729,0.9247631578947368,57,119.7,2020-10-01,3.63222217559814,67,67,1,0
Kensington-Cedar Cottage,2020,11,day,46492,6.6362,7005.816581778729,0.9247631578947368,26,119.6,2020-11-01,3.53344464302063,67,67,1,0
Kensington-Cedar Cottage,2020,11,night,46492,6.6362,7005.816581778729,0.9247631578947368,52,119.6,2020-11-01,3.53344464302063,67,67,1,0
Kensington-Cedar Cottage,2020,12,day,46492,6.6362,7005.816581778729,0.9247631578947368,28,119.7,2020-12-01,2.64362335205078,67,67,1,0
Kensington-Cedar Cottage,2020,12,night,46492,6.6362,7005.816581778729,0.9247631578947368,56,119.7,2020-12-01,2.64362335205078,67,67,1,0
Kensington-Cedar Cottage,2021,1,day,46492,6.6362,7005.816581778729,0.9247631578947368,25,119.7,2021-01-01,2.54633665084839,67,67,1,0
Kensington-Cedar Cottage,2021,1,night,46492,6.6362,7005.816581778729,0.9247631578947368,56,119.7,2021-01-01,2.54633665084839,67,67,1,0
Kensington-Cedar Cottage,2021,2,day,46492,6.6362,7005.816581778729,0.9247631578947368,13,119.5,2021-02-01,4.44838523864746,67,67,1,0
Kensington-Cedar Cottage,2021,2,night,46492,6.6362,7005.816581778729,0.9247631578947368,54,119.5,2021-02-01,4.44838523864746,67,67,1,0
Kensington-Cedar Cottage,2021,3,day,46492,6.6362,7005.816581778729,0.9247631578947368,20,119.7,2021-03-01,4.36586904525757,67,67,1,0
Kensington-Cedar Cottage,2021,3,night,46492,6.6362,7005.816581778729,0.9247631578947368,48,119.7,2021-03-01,4.36586904525757,67,67,1,0
Kensington-Cedar Cottage,2021,4,day,46492,6.6362,7005.816581778729,0.9247631578947368,19,120.1,2021-04-01,4.75443506240845,67,67,1,0
Kensington-Cedar Cottage,2021,4,night,46492,6.6362,7005.816581778729,0.9247631578947368,39,120.1,2021-04-01,4.75443506240845,67,67,1,0
Kensington-Cedar Cottage,2021,5,day,46492,6.6362,7005.816581778729,0.9247631578947368,27,120.1,2021-05-01,4.39737176895142,67,67,1,0
Kensington-Cedar Cottage,2021,5,night,46492,6.6362,7005.816581778729,0.9247631578947368,62,120.1,2021-05-01,4.39737176895142,67,67,1,0
Kensington-Cedar Cottage,2021,6,day,46492,6.6362,7005.816581778729,0.9247631578947368,39,120.1,2021-06-01,NA,NA,NA,NA,0
Kensington-Cedar Cottage,2021,6,night,46492,6.6362,7005.816581778729,0.9247631578947368,44,120.1,2021-06-01,NA,NA,NA,NA,0
Kensington-Cedar Cottage,2021,7,day,46492,6.6362,7005.816581778729,0.9247631578947368,41,120.1,2021-07-01,4.40120935440063,67,67,1,0
Kensington-Cedar Cottage,2021,7,night,46492,6.6362,7005.816581778729,0.9247631578947368,61,120.1,2021-07-01,4.40120935440063,67,67,1,0
Kensington-Cedar Cottage,2021,8,day,46492,6.6362,7005.816581778729,0.9247631578947368,35,120.1,2021-08-01,3.85417485237122,67,67,1,0
Kensington-Cedar Cottage,2021,8,night,46492,6.6362,7005.816581778729,0.9247631578947368,47,120.1,2021-08-01,3.85417485237122,67,67,1,0
Kensington-Cedar Cottage,2021,9,day,46492,6.6362,7005.816581778729,0.9247631578947368,25,120.1,2021-09-01,4.23125505447388,67,67,1,0
Kensington-Cedar Cottage,2021,9,night,46492,6.6362,7005.816581778729,0.9247631578947368,41,120.1,2021-09-01,4.23125505447388,67,67,1,0
Kensington-Cedar Cottage,2021,10,day,46492,6.6362,7005.816581778729,0.9247631578947368,21,120.1,2021-10-01,4.07597732543945,67,67,1,0
Kensington-Cedar Cottage,2021,10,night,46492,6.6362,7005.816581778729,0.9247631578947368,55,120.1,2021-10-01,4.07597732543945,67,67,1,0
Kensington-Cedar Cottage,2021,11,day,46492,6.6362,7005.816581778729,0.9247631578947368,16,120.1,2021-11-01,4.23331737518311,67,67,1,0
Kensington-Cedar Cottage,2021,11,night,46492,6.6362,7005.816581778729,0.9247631578947368,37,120.1,2021-11-01,4.23331737518311,67,67,1,0
Kensington-Cedar Cottage,2021,12,day,46492,6.6362,7005.816581778729,0.9247631578947368,27,120.1,2021-12-01,3.87263250350952,67,67,1,0
Kensington-Cedar Cottage,2021,12,night,46492,6.6362,7005.816581778729,0.9247631578947368,44,120.1,2021-12-01,3.87263250350952,67,67,1,0
Kensington-Cedar Cottage,2022,1,day,46492,6.6362,7005.816581778729,0.9247631578947368,17,120.1,2022-01-01,3.17455697059631,67,67,1,0
Kensington-Cedar Cottage,2022,1,night,46492,6.6362,7005.816581778729,0.9247631578947368,59,120.1,2022-01-01,3.17455697059631,67,67,1,0
Kensington-Cedar Cottage,2022,2,day,46492,6.6362,7005.816581778729,0.9247631578947368,37,120,2022-02-01,4.30140066146851,67,67,1,0
Kensington-Cedar Cottage,2022,2,night,46492,6.6362,7005.816581778729,0.9247631578947368,50,120,2022-02-01,4.30140066146851,67,67,1,0
Kensington-Cedar Cottage,2022,3,day,46492,6.6362,7005.816581778729,0.9247631578947368,38,120.1,2022-03-01,4.08435869216919,67,67,1,0
Kensington-Cedar Cottage,2022,3,night,46492,6.6362,7005.816581778729,0.9247631578947368,49,120.1,2022-03-01,4.08435869216919,67,67,1,0
Kensington-Cedar Cottage,2022,4,day,46492,6.6362,7005.816581778729,0.9247631578947368,34,120.9,2022-04-01,4.63041162490845,67,67,1,0
Kensington-Cedar Cottage,2022,4,night,46492,6.6362,7005.816581778729,0.9247631578947368,42,120.9,2022-04-01,4.63041162490845,67,67,1,0
Kensington-Cedar Cottage,2022,5,day,46492,6.6362,7005.816581778729,0.9247631578947368,34,120.9,2022-05-01,4.69008541107178,67,67,1,0
Kensington-Cedar Cottage,2022,5,night,46492,6.6362,7005.816581778729,0.9247631578947368,37,120.9,2022-05-01,4.69008541107178,67,67,1,0
Kensington-Cedar Cottage,2022,6,day,46492,6.6362,7005.816581778729,0.9247631578947368,41,120.9,2022-06-01,NA,NA,NA,NA,0
Kensington-Cedar Cottage,2022,6,night,46492,6.6362,7005.816581778729,0.9247631578947368,48,120.9,2022-06-01,NA,NA,NA,NA,0
Kensington-Cedar Cottage,2022,7,day,46492,6.6362,7005.816581778729,0.9247631578947368,29,120.9,2022-07-01,4.43001413345337,67,67,1,0
Kensington-Cedar Cottage,2022,7,night,46492,6.6362,7005.816581778729,0.9247631578947368,41,120.9,2022-07-01,4.43001413345337,67,67,1,0
Kensington-Cedar Cottage,2022,8,day,46492,6.6362,7005.816581778729,0.9247631578947368,18,120.9,2022-08-01,3.95563840866089,67,67,1,0
Kensington-Cedar Cottage,2022,8,night,46492,6.6362,7005.816581778729,0.9247631578947368,34,120.9,2022-08-01,3.95563840866089,67,67,1,0
Kensington-Cedar Cottage,2022,9,day,46492,6.6362,7005.816581778729,0.9247631578947368,25,120.9,2022-09-01,4.16205263137817,67,67,1,0
Kensington-Cedar Cottage,2022,9,night,46492,6.6362,7005.816581778729,0.9247631578947368,39,120.9,2022-09-01,4.16205263137817,67,67,1,0
Kensington-Cedar Cottage,2022,10,day,46492,6.6362,7005.816581778729,0.9247631578947368,26,120.9,2022-10-01,4.01956462860107,67,67,1,0
Kensington-Cedar Cottage,2022,10,night,46492,6.6362,7005.816581778729,0.9247631578947368,54,120.9,2022-10-01,4.01956462860107,67,67,1,0
Kensington-Cedar Cottage,2022,11,day,46492,6.6362,7005.816581778729,0.9247631578947368,27,120.9,2022-11-01,3.90995621681213,67,67,1,0
Kensington-Cedar Cottage,2022,11,night,46492,6.6362,7005.816581778729,0.9247631578947368,40,120.9,2022-11-01,3.90995621681213,67,67,1,0
Kensington-Cedar Cottage,2022,12,day,46492,6.6362,7005.816581778729,0.9247631578947368,19,120.9,2022-12-01,4.46118545532227,67,67,1,0
Kensington-Cedar Cottage,2022,12,night,46492,6.6362,7005.816581778729,0.9247631578947368,37,120.9,2022-12-01,4.46118545532227,67,67,1,0
Kensington-Cedar Cottage,2023,1,day,46492,6.6362,7005.816581778729,0.9247631578947368,16,120.9,2023-01-01,3.13632154464722,67,67,1,0
Kensington-Cedar Cottage,2023,1,night,46492,6.6362,7005.816581778729,0.9247631578947368,64,120.9,2023-01-01,3.13632154464722,67,67,1,0
Kensington-Cedar Cottage,2023,2,day,46492,6.6362,7005.816581778729,0.9247631578947368,17,120.7,2023-02-01,4.92344093322754,67,67,1,0
Kensington-Cedar Cottage,2023,2,night,46492,6.6362,7005.816581778729,0.9247631578947368,38,120.7,2023-02-01,4.92344093322754,67,67,1,0
Kensington-Cedar Cottage,2023,3,day,46492,6.6362,7005.816581778729,0.9247631578947368,28,120.9,2023-03-01,4.19829177856445,67,67,1,0
Kensington-Cedar Cottage,2023,3,night,46492,6.6362,7005.816581778729,0.9247631578947368,54,120.9,2023-03-01,4.19829177856445,67,67,1,0
Kensington-Cedar Cottage,2023,4,day,46492,6.6362,7005.816581778729,0.9247631578947368,22,122,2023-04-01,4.11953735351562,67,67,1,0
Kensington-Cedar Cottage,2023,4,night,46492,6.6362,7005.816581778729,0.9247631578947368,51,122,2023-04-01,4.11953735351562,67,67,1,0
Kensington-Cedar Cottage,2023,5,day,46492,6.6362,7005.816581778729,0.9247631578947368,28,122.1,2023-05-01,4.206383228302,67,67,1,0
Kensington-Cedar Cottage,2023,5,night,46492,6.6362,7005.816581778729,0.9247631578947368,49,122.1,2023-05-01,4.206383228302,67,67,1,0
Kensington-Cedar Cottage,2023,6,day,46492,6.6362,7005.816581778729,0.9247631578947368,42,122,2023-06-01,NA,NA,NA,NA,0
Kensington-Cedar Cottage,2023,6,night,46492,6.6362,7005.816581778729,0.9247631578947368,47,122,2023-06-01,NA,NA,NA,NA,0
Kensington-Cedar Cottage,2023,7,day,46492,6.6362,7005.816581778729,0.9247631578947368,27,122.1,2023-07-01,4.20462512969971,67,67,1,0
Kensington-Cedar Cottage,2023,7,night,46492,6.6362,7005.816581778729,0.9247631578947368,40,122.1,2023-07-01,4.20462512969971,67,67,1,0
Kensington-Cedar Cottage,2023,8,day,46492,6.6362,7005.816581778729,0.9247631578947368,39,122.1,2023-08-01,4.28359889984131,67,67,1,0
Kensington-Cedar Cottage,2023,8,night,46492,6.6362,7005.816581778729,0.9247631578947368,64,122.1,2023-08-01,4.28359889984131,67,67,1,0
Kensington-Cedar Cottage,2023,9,day,46492,6.6362,7005.816581778729,0.9247631578947368,53,122.5,2023-09-01,4.0271167755127,67,67,1,0
Kensington-Cedar Cottage,2023,9,night,46492,6.6362,7005.816581778729,0.9247631578947368,71,122.5,2023-09-01,4.0271167755127,67,67,1,0
Kensington-Cedar Cottage,2023,10,day,46492,6.6362,7005.816581778729,0.9247631578947368,24,122.5,2023-10-01,4.18594121932983,67,67,1,0
Kensington-Cedar Cottage,2023,10,night,46492,6.6362,7005.816581778729,0.9247631578947368,57,122.5,2023-10-01,4.18594121932983,67,67,1,0
Kensington-Cedar Cottage,2023,11,day,46492,6.6362,7005.816581778729,0.9247631578947368,18,122.5,2023-11-01,3.76355838775635,67,67,1,0
Kensington-Cedar Cottage,2023,11,night,46492,6.6362,7005.816581778729,0.9247631578947368,48,122.5,2023-11-01,3.76355838775635,67,67,1,0
Kensington-Cedar Cottage,2023,12,day,46492,6.6362,7005.816581778729,0.9247631578947368,36,122.5,2023-12-01,3.79576778411865,67,67,1,0
Kensington-Cedar Cottage,2023,12,night,46492,6.6362,7005.816581778729,0.9247631578947368,82,122.5,2023-12-01,3.79576778411865,67,67,1,0
Kerrisdale,2014,1,day,13177,5.2238,2522.4932041808647,0.9444620833333334,9,94.8,2014-01-01,2.34579396247864,65,65,1,0
Kerrisdale,2014,1,night,13177,5.2238,2522.4932041808647,0.9444620833333334,27,94.8,2014-01-01,2.34579396247864,65,65,1,0
Kerrisdale,2014,2,day,13177,5.2238,2522.4932041808647,0.9444620833333334,7,94.8,2014-02-01,2.35742998123169,65,65,1,0
Kerrisdale,2014,2,night,13177,5.2238,2522.4932041808647,0.9444620833333334,15,94.8,2014-02-01,2.35742998123169,65,65,1,0
Kerrisdale,2014,3,day,13177,5.2238,2522.4932041808647,0.9444620833333334,13,94.8,2014-03-01,2.44753861427307,65,65,1,0
Kerrisdale,2014,3,night,13177,5.2238,2522.4932041808647,0.9444620833333334,13,94.8,2014-03-01,2.44753861427307,65,65,1,0
Kerrisdale,2014,4,day,13177,5.2238,2522.4932041808647,0.9444620833333334,13,101.7,2014-04-01,2.24823927879333,65,65,1,0
Kerrisdale,2014,4,night,13177,5.2238,2522.4932041808647,0.9444620833333334,28,101.7,2014-04-01,2.24823927879333,65,65,1,0
Kerrisdale,2014,5,day,13177,5.2238,2522.4932041808647,0.9444620833333334,9,101.7,2014-05-01,2.46620345115662,65,65,1,0
Kerrisdale,2014,5,night,13177,5.2238,2522.4932041808647,0.9444620833333334,7,101.7,2014-05-01,2.46620345115662,65,65,1,0
Kerrisdale,2014,6,day,13177,5.2238,2522.4932041808647,0.9444620833333334,10,101.7,2014-06-01,NA,NA,NA,NA,0
Kerrisdale,2014,6,night,13177,5.2238,2522.4932041808647,0.9444620833333334,14,101.7,2014-06-01,NA,NA,NA,NA,0
Kerrisdale,2014,7,day,13177,5.2238,2522.4932041808647,0.9444620833333334,15,101.7,2014-07-01,2.4343056678772,65,65,1,0
Kerrisdale,2014,7,night,13177,5.2238,2522.4932041808647,0.9444620833333334,18,101.7,2014-07-01,2.4343056678772,65,65,1,0
Kerrisdale,2014,8,day,13177,5.2238,2522.4932041808647,0.9444620833333334,12,101.7,2014-08-01,2.15351104736328,65,65,1,0
Kerrisdale,2014,8,night,13177,5.2238,2522.4932041808647,0.9444620833333334,11,101.7,2014-08-01,2.15351104736328,65,65,1,0
Kerrisdale,2014,9,day,13177,5.2238,2522.4932041808647,0.9444620833333334,16,101.7,2014-09-01,2.08893203735352,65,65,1,0
Kerrisdale,2014,9,night,13177,5.2238,2522.4932041808647,0.9444620833333334,23,101.7,2014-09-01,2.08893203735352,65,65,1,0
Kerrisdale,2014,10,day,13177,5.2238,2522.4932041808647,0.9444620833333334,15,101.7,2014-10-01,1.84670078754425,65,65,1,0
Kerrisdale,2014,10,night,13177,5.2238,2522.4932041808647,0.9444620833333334,27,101.7,2014-10-01,1.84670078754425,65,65,1,0
Kerrisdale,2014,11,day,13177,5.2238,2522.4932041808647,0.9444620833333334,11,101.7,2014-11-01,2.24859356880188,65,65,1,0
Kerrisdale,2014,11,night,13177,5.2238,2522.4932041808647,0.9444620833333334,18,101.7,2014-11-01,2.24859356880188,65,65,1,0
Kerrisdale,2014,12,day,13177,5.2238,2522.4932041808647,0.9444620833333334,10,101.7,2014-12-01,2.61346936225891,65,65,1,0
Kerrisdale,2014,12,night,13177,5.2238,2522.4932041808647,0.9444620833333334,19,101.7,2014-12-01,2.61346936225891,65,65,1,0
Kerrisdale,2015,1,day,13177,5.2238,2522.4932041808647,0.9444620833333334,13,101.7,2015-01-01,2.0095853805542,65,65,1,0
Kerrisdale,2015,1,night,13177,5.2238,2522.4932041808647,0.9444620833333334,26,101.7,2015-01-01,2.0095853805542,65,65,1,0
Kerrisdale,2015,2,day,13177,5.2238,2522.4932041808647,0.9444620833333334,7,101.7,2015-02-01,2.45812058448792,65,65,1,0
Kerrisdale,2015,2,night,13177,5.2238,2522.4932041808647,0.9444620833333334,20,101.7,2015-02-01,2.45812058448792,65,65,1,0
Kerrisdale,2015,3,day,13177,5.2238,2522.4932041808647,0.9444620833333334,1,101.7,2015-03-01,2.37108397483826,65,65,1,0
Kerrisdale,2015,3,night,13177,5.2238,2522.4932041808647,0.9444620833333334,21,101.7,2015-03-01,2.37108397483826,65,65,1,0
Kerrisdale,2015,4,day,13177,5.2238,2522.4932041808647,0.9444620833333334,17,107.7,2015-04-01,2.30332064628601,65,65,1,0
Kerrisdale,2015,4,night,13177,5.2238,2522.4932041808647,0.9444620833333334,21,107.7,2015-04-01,2.30332064628601,65,65,1,0
Kerrisdale,2015,5,day,13177,5.2238,2522.4932041808647,0.9444620833333334,6,107.7,2015-05-01,2.34142827987671,65,65,1,0
Kerrisdale,2015,5,night,13177,5.2238,2522.4932041808647,0.9444620833333334,13,107.7,2015-05-01,2.34142827987671,65,65,1,0
Kerrisdale,2015,6,day,13177,5.2238,2522.4932041808647,0.9444620833333334,14,107.7,2015-06-01,NA,NA,NA,NA,0
Kerrisdale,2015,6,night,13177,5.2238,2522.4932041808647,0.9444620833333334,12,107.7,2015-06-01,NA,NA,NA,NA,0
Kerrisdale,2015,7,day,13177,5.2238,2522.4932041808647,0.9444620833333334,10,107.7,2015-07-01,2.58508348464966,65,65,1,0
Kerrisdale,2015,7,night,13177,5.2238,2522.4932041808647,0.9444620833333334,13,107.7,2015-07-01,2.58508348464966,65,65,1,0
Kerrisdale,2015,8,day,13177,5.2238,2522.4932041808647,0.9444620833333334,11,107.7,2015-08-01,2.02899169921875,65,65,1,0
Kerrisdale,2015,8,night,13177,5.2238,2522.4932041808647,0.9444620833333334,8,107.7,2015-08-01,2.02899169921875,65,65,1,0
Kerrisdale,2015,9,day,13177,5.2238,2522.4932041808647,0.9444620833333334,19,107.7,2015-09-01,1.94005000591278,65,65,1,0
Kerrisdale,2015,9,night,13177,5.2238,2522.4932041808647,0.9444620833333334,18,107.7,2015-09-01,1.94005000591278,65,65,1,0
Kerrisdale,2015,10,day,13177,5.2238,2522.4932041808647,0.9444620833333334,11,107.7,2015-10-01,1.91983914375305,65,65,1,0
Kerrisdale,2015,10,night,13177,5.2238,2522.4932041808647,0.9444620833333334,21,107.7,2015-10-01,1.91983914375305,65,65,1,0
Kerrisdale,2015,11,day,13177,5.2238,2522.4932041808647,0.9444620833333334,5,107.7,2015-11-01,2.05072331428528,65,65,1,0
Kerrisdale,2015,11,night,13177,5.2238,2522.4932041808647,0.9444620833333334,42,107.7,2015-11-01,2.05072331428528,65,65,1,0
Kerrisdale,2015,12,day,13177,5.2238,2522.4932041808647,0.9444620833333334,15,107.7,2015-12-01,1.62665247917175,65,65,1,0
Kerrisdale,2015,12,night,13177,5.2238,2522.4932041808647,0.9444620833333334,25,107.7,2015-12-01,1.62665247917175,65,65,1,0
Kerrisdale,2016,1,day,13177,5.2238,2522.4932041808647,0.9444620833333334,10,107.7,2016-01-01,2.27570509910583,65,65,1,0
Kerrisdale,2016,1,night,13177,5.2238,2522.4932041808647,0.9444620833333334,24,107.7,2016-01-01,2.27570509910583,65,65,1,0
Kerrisdale,2016,2,day,13177,5.2238,2522.4932041808647,0.9444620833333334,12,107.6,2016-02-01,2.227703332901,65,65,1,0
Kerrisdale,2016,2,night,13177,5.2238,2522.4932041808647,0.9444620833333334,27,107.6,2016-02-01,2.227703332901,65,65,1,0
Kerrisdale,2016,3,day,13177,5.2238,2522.4932041808647,0.9444620833333334,15,107.7,2016-03-01,2.2958025932312,65,65,1,0
Kerrisdale,2016,3,night,13177,5.2238,2522.4932041808647,0.9444620833333334,20,107.7,2016-03-01,2.2958025932312,65,65,1,0
Kerrisdale,2016,4,day,13177,5.2238,2522.4932041808647,0.9444620833333334,12,112.2,2016-04-01,2.25225591659546,65,65,1,0
Kerrisdale,2016,4,night,13177,5.2238,2522.4932041808647,0.9444620833333334,21,112.2,2016-04-01,2.25225591659546,65,65,1,0
Kerrisdale,2016,5,day,13177,5.2238,2522.4932041808647,0.9444620833333334,17,112.3,2016-05-01,1.93268799781799,65,65,1,0
Kerrisdale,2016,5,night,13177,5.2238,2522.4932041808647,0.9444620833333334,13,112.3,2016-05-01,1.93268799781799,65,65,1,0
Kerrisdale,2016,6,day,13177,5.2238,2522.4932041808647,0.9444620833333334,20,112.2,2016-06-01,NA,NA,NA,NA,0
Kerrisdale,2016,6,night,13177,5.2238,2522.4932041808647,0.9444620833333334,11,112.2,2016-06-01,NA,NA,NA,NA,0
Kerrisdale,2016,7,day,13177,5.2238,2522.4932041808647,0.9444620833333334,9,112.3,2016-07-01,1.91860270500183,65,65,1,0
Kerrisdale,2016,7,night,13177,5.2238,2522.4932041808647,0.9444620833333334,18,112.3,2016-07-01,1.91860270500183,65,65,1,0
Kerrisdale,2016,8,day,13177,5.2238,2522.4932041808647,0.9444620833333334,15,112.3,2016-08-01,1.91399657726288,65,65,1,0
Kerrisdale,2016,8,night,13177,5.2238,2522.4932041808647,0.9444620833333334,23,112.3,2016-08-01,1.91399657726288,65,65,1,0
Kerrisdale,2016,9,day,13177,5.2238,2522.4932041808647,0.9444620833333334,13,112.2,2016-09-01,1.89861643314362,65,65,1,0
Kerrisdale,2016,9,night,13177,5.2238,2522.4932041808647,0.9444620833333334,11,112.2,2016-09-01,1.89861643314362,65,65,1,0
Kerrisdale,2016,10,day,13177,5.2238,2522.4932041808647,0.9444620833333334,12,112.3,2016-10-01,1.79683148860931,65,65,1,0
Kerrisdale,2016,10,night,13177,5.2238,2522.4932041808647,0.9444620833333334,18,112.3,2016-10-01,1.79683148860931,65,65,1,0
Kerrisdale,2016,11,day,13177,5.2238,2522.4932041808647,0.9444620833333334,9,112.2,2016-11-01,1.86504685878754,65,65,1,0
Kerrisdale,2016,11,night,13177,5.2238,2522.4932041808647,0.9444620833333334,18,112.2,2016-11-01,1.86504685878754,65,65,1,0
Kerrisdale,2016,12,day,13177,5.2238,2522.4932041808647,0.9444620833333334,15,112.3,2016-12-01,2.0099892616272,65,65,1,0
Kerrisdale,2016,12,night,13177,5.2238,2522.4932041808647,0.9444620833333334,26,112.3,2016-12-01,2.0099892616272,65,65,1,0
Kerrisdale,2017,1,day,13177,5.2238,2522.4932041808647,0.9444620833333334,7,112.3,2017-01-01,2.77393245697021,65,65,1,0
Kerrisdale,2017,1,night,13177,5.2238,2522.4932041808647,0.9444620833333334,15,112.3,2017-01-01,2.77393245697021,65,65,1,0
Kerrisdale,2017,2,day,13177,5.2238,2522.4932041808647,0.9444620833333334,6,112.1,2017-02-01,3.26847505569458,65,65,1,0
Kerrisdale,2017,2,night,13177,5.2238,2522.4932041808647,0.9444620833333334,12,112.1,2017-02-01,3.26847505569458,65,65,1,0
Kerrisdale,2017,3,day,13177,5.2238,2522.4932041808647,0.9444620833333334,6,112.3,2017-03-01,2.48342370986938,65,65,1,0
Kerrisdale,2017,3,night,13177,5.2238,2522.4932041808647,0.9444620833333334,21,112.3,2017-03-01,2.48342370986938,65,65,1,0
Kerrisdale,2017,4,day,13177,5.2238,2522.4932041808647,0.9444620833333334,7,115.2,2017-04-01,2.31279063224792,65,65,1,0
Kerrisdale,2017,4,night,13177,5.2238,2522.4932041808647,0.9444620833333334,16,115.2,2017-04-01,2.31279063224792,65,65,1,0
Kerrisdale,2017,5,day,13177,5.2238,2522.4932041808647,0.9444620833333334,11,115.3,2017-05-01,2.33847451210022,65,65,1,0
Kerrisdale,2017,5,night,13177,5.2238,2522.4932041808647,0.9444620833333334,14,115.3,2017-05-01,2.33847451210022,65,65,1,0
Kerrisdale,2017,6,day,13177,5.2238,2522.4932041808647,0.9444620833333334,14,115.2,2017-06-01,NA,NA,NA,NA,0
Kerrisdale,2017,6,night,13177,5.2238,2522.4932041808647,0.9444620833333334,23,115.2,2017-06-01,NA,NA,NA,NA,0
Kerrisdale,2017,7,day,13177,5.2238,2522.4932041808647,0.9444620833333334,10,115.3,2017-07-01,2.74068546295166,65,65,1,0
Kerrisdale,2017,7,night,13177,5.2238,2522.4932041808647,0.9444620833333334,20,115.3,2017-07-01,2.74068546295166,65,65,1,0
Kerrisdale,2017,8,day,13177,5.2238,2522.4932041808647,0.9444620833333334,8,115.3,2017-08-01,2.0165069103241,65,65,1,0
Kerrisdale,2017,8,night,13177,5.2238,2522.4932041808647,0.9444620833333334,25,115.3,2017-08-01,2.0165069103241,65,65,1,0
Kerrisdale,2017,9,day,13177,5.2238,2522.4932041808647,0.9444620833333334,8,115.2,2017-09-01,1.89881420135498,65,65,1,0
Kerrisdale,2017,9,night,13177,5.2238,2522.4932041808647,0.9444620833333334,15,115.2,2017-09-01,1.89881420135498,65,65,1,0
Kerrisdale,2017,10,day,13177,5.2238,2522.4932041808647,0.9444620833333334,3,115.3,2017-10-01,2.00323796272278,65,65,1,0
Kerrisdale,2017,10,night,13177,5.2238,2522.4932041808647,0.9444620833333334,16,115.3,2017-10-01,2.00323796272278,65,65,1,0
Kerrisdale,2017,11,day,13177,5.2238,2522.4932041808647,0.9444620833333334,14,115.2,2017-11-01,2.08244371414185,65,65,1,0
Kerrisdale,2017,11,night,13177,5.2238,2522.4932041808647,0.9444620833333334,24,115.2,2017-11-01,2.08244371414185,65,65,1,0
Kerrisdale,2017,12,day,13177,5.2238,2522.4932041808647,0.9444620833333334,7,115.3,2017-12-01,2.28553509712219,65,65,1,0
Kerrisdale,2017,12,night,13177,5.2238,2522.4932041808647,0.9444620833333334,19,115.3,2017-12-01,2.28553509712219,65,65,1,0
Kerrisdale,2018,1,day,13177,5.2238,2522.4932041808647,0.9444620833333334,7,115.3,2018-01-01,2.28847789764404,65,65,1,0
Kerrisdale,2018,1,night,13177,5.2238,2522.4932041808647,0.9444620833333334,25,115.3,2018-01-01,2.28847789764404,65,65,1,0
Kerrisdale,2018,2,day,13177,5.2238,2522.4932041808647,0.9444620833333334,8,115.1,2018-02-01,4.53887319564819,65,65,1,0
Kerrisdale,2018,2,night,13177,5.2238,2522.4932041808647,0.9444620833333334,20,115.1,2018-02-01,4.53887319564819,65,65,1,0
Kerrisdale,2018,3,day,13177,5.2238,2522.4932041808647,0.9444620833333334,6,115.3,2018-03-01,2.60483956336975,65,65,1,0
Kerrisdale,2018,3,night,13177,5.2238,2522.4932041808647,0.9444620833333334,20,115.3,2018-03-01,2.60483956336975,65,65,1,0
Kerrisdale,2018,4,day,13177,5.2238,2522.4932041808647,0.9444620833333334,10,118.7,2018-04-01,2.55247926712036,65,65,1,0
Kerrisdale,2018,4,night,13177,5.2238,2522.4932041808647,0.9444620833333334,15,118.7,2018-04-01,2.55247926712036,65,65,1,0
Kerrisdale,2018,5,day,13177,5.2238,2522.4932041808647,0.9444620833333334,11,118.8,2018-05-01,2.45681762695312,65,65,1,0
Kerrisdale,2018,5,night,13177,5.2238,2522.4932041808647,0.9444620833333334,22,118.8,2018-05-01,2.45681762695312,65,65,1,0
Kerrisdale,2018,6,day,13177,5.2238,2522.4932041808647,0.9444620833333334,12,118.7,2018-06-01,NA,NA,NA,NA,0
Kerrisdale,2018,6,night,13177,5.2238,2522.4932041808647,0.9444620833333334,15,118.7,2018-06-01,NA,NA,NA,NA,0
Kerrisdale,2018,7,day,13177,5.2238,2522.4932041808647,0.9444620833333334,12,118.8,2018-07-01,2.52679204940796,65,65,1,0
Kerrisdale,2018,7,night,13177,5.2238,2522.4932041808647,0.9444620833333334,13,118.8,2018-07-01,2.52679204940796,65,65,1,0
Kerrisdale,2018,8,day,13177,5.2238,2522.4932041808647,0.9444620833333334,10,118.8,2018-08-01,2.03518414497375,65,65,1,0
Kerrisdale,2018,8,night,13177,5.2238,2522.4932041808647,0.9444620833333334,11,118.8,2018-08-01,2.03518414497375,65,65,1,0
Kerrisdale,2018,9,day,13177,5.2238,2522.4932041808647,0.9444620833333334,16,118.7,2018-09-01,1.89575922489166,65,65,1,0
Kerrisdale,2018,9,night,13177,5.2238,2522.4932041808647,0.9444620833333334,21,118.7,2018-09-01,1.89575922489166,65,65,1,0
Kerrisdale,2018,10,day,13177,5.2238,2522.4932041808647,0.9444620833333334,11,118.8,2018-10-01,2.02774381637573,65,65,1,0
Kerrisdale,2018,10,night,13177,5.2238,2522.4932041808647,0.9444620833333334,26,118.8,2018-10-01,2.02774381637573,65,65,1,0
Kerrisdale,2018,11,day,13177,5.2238,2522.4932041808647,0.9444620833333334,11,118.7,2018-11-01,2.20925569534302,65,65,1,0
Kerrisdale,2018,11,night,13177,5.2238,2522.4932041808647,0.9444620833333334,22,118.7,2018-11-01,2.20925569534302,65,65,1,0
Kerrisdale,2018,12,day,13177,5.2238,2522.4932041808647,0.9444620833333334,10,118.8,2018-12-01,2.19536232948303,65,65,1,0
Kerrisdale,2018,12,night,13177,5.2238,2522.4932041808647,0.9444620833333334,21,118.8,2018-12-01,2.19536232948303,65,65,1,0
Kerrisdale,2019,1,day,14105,5.133,2747.9057081628675,1.0830833333333334,16,118.8,2019-01-01,1.94606721401215,65,65,1,0
Kerrisdale,2019,1,night,14105,5.133,2747.9057081628675,1.0830833333333334,22,118.8,2019-01-01,1.94606721401215,65,65,1,0
Kerrisdale,2019,2,day,14105,5.133,2747.9057081628675,1.0830833333333334,11,118.6,2019-02-01,3.24078750610352,65,65,1,0
Kerrisdale,2019,2,night,14105,5.133,2747.9057081628675,1.0830833333333334,14,118.6,2019-02-01,3.24078750610352,65,65,1,0
Kerrisdale,2019,3,day,14105,5.133,2747.9057081628675,1.0830833333333334,16,118.8,2019-03-01,2.53562259674072,65,65,1,0
Kerrisdale,2019,3,night,14105,5.133,2747.9057081628675,1.0830833333333334,13,118.8,2019-03-01,2.53562259674072,65,65,1,0
Kerrisdale,2019,4,day,14105,5.133,2747.9057081628675,1.0830833333333334,13,120.9,2019-04-01,2.43268251419067,65,65,1,0
Kerrisdale,2019,4,night,14105,5.133,2747.9057081628675,1.0830833333333334,11,120.9,2019-04-01,2.43268251419067,65,65,1,0
Kerrisdale,2019,5,day,14105,5.133,2747.9057081628675,1.0830833333333334,10,120.9,2019-05-01,2.16966652870178,65,65,1,0
Kerrisdale,2019,5,night,14105,5.133,2747.9057081628675,1.0830833333333334,17,120.9,2019-05-01,2.16966652870178,65,65,1,0
Kerrisdale,2019,6,day,14105,5.133,2747.9057081628675,1.0830833333333334,8,120.9,2019-06-01,NA,NA,NA,NA,0
Kerrisdale,2019,6,night,14105,5.133,2747.9057081628675,1.0830833333333334,10,120.9,2019-06-01,NA,NA,NA,NA,0
Kerrisdale,2019,7,day,14105,5.133,2747.9057081628675,1.0830833333333334,16,120.9,2019-07-01,2.47341752052307,65,65,1,0
Kerrisdale,2019,7,night,14105,5.133,2747.9057081628675,1.0830833333333334,31,120.9,2019-07-01,2.47341752052307,65,65,1,0
Kerrisdale,2019,8,day,14105,5.133,2747.9057081628675,1.0830833333333334,7,120.9,2019-08-01,2.30278062820435,65,65,1,0
Kerrisdale,2019,8,night,14105,5.133,2747.9057081628675,1.0830833333333334,24,120.9,2019-08-01,2.30278062820435,65,65,1,0
Kerrisdale,2019,9,day,14105,5.133,2747.9057081628675,1.0830833333333334,23,120.9,2019-09-01,2.13469767570496,65,65,1,0
Kerrisdale,2019,9,night,14105,5.133,2747.9057081628675,1.0830833333333334,25,120.9,2019-09-01,2.13469767570496,65,65,1,0
Kerrisdale,2019,10,day,14105,5.133,2747.9057081628675,1.0830833333333334,19,120.9,2019-10-01,2.22658777236938,65,65,1,0
Kerrisdale,2019,10,night,14105,5.133,2747.9057081628675,1.0830833333333334,23,120.9,2019-10-01,2.22658777236938,65,65,1,0
Kerrisdale,2019,11,day,14105,5.133,2747.9057081628675,1.0830833333333334,12,120.9,2019-11-01,2.46815800666809,65,65,1,0
Kerrisdale,2019,11,night,14105,5.133,2747.9057081628675,1.0830833333333334,18,120.9,2019-11-01,2.46815800666809,65,65,1,0
Kerrisdale,2019,12,day,14105,5.133,2747.9057081628675,1.0830833333333334,9,120.9,2019-12-01,1.86766827106476,65,65,1,0
Kerrisdale,2019,12,night,14105,5.133,2747.9057081628675,1.0830833333333334,18,120.9,2019-12-01,1.86766827106476,65,65,1,0
Kerrisdale,2020,1,day,14105,5.133,2747.9057081628675,1.0830833333333334,17,120.9,2020-01-01,5.75643396377563,65,46,0.707692307692308,0
Kerrisdale,2020,1,night,14105,5.133,2747.9057081628675,1.0830833333333334,15,120.9,2020-01-01,5.75643396377563,65,46,0.707692307692308,0
Kerrisdale,2020,2,day,14105,5.133,2747.9057081628675,1.0830833333333334,9,120.8,2020-02-01,2.32205700874329,65,65,1,0
Kerrisdale,2020,2,night,14105,5.133,2747.9057081628675,1.0830833333333334,23,120.8,2020-02-01,2.32205700874329,65,65,1,0
Kerrisdale,2020,3,day,14105,5.133,2747.9057081628675,1.0830833333333334,6,120.9,2020-03-01,2.54953575134277,65,65,1,0
Kerrisdale,2020,3,night,14105,5.133,2747.9057081628675,1.0830833333333334,25,120.9,2020-03-01,2.54953575134277,65,65,1,0
Kerrisdale,2020,4,day,14105,5.133,2747.9057081628675,1.0830833333333334,11,119.6,2020-04-01,2.57321929931641,65,65,1,0
Kerrisdale,2020,4,night,14105,5.133,2747.9057081628675,1.0830833333333334,17,119.6,2020-04-01,2.57321929931641,65,65,1,0
Kerrisdale,2020,5,day,14105,5.133,2747.9057081628675,1.0830833333333334,10,119.7,2020-05-01,2.24668335914612,65,65,1,0
Kerrisdale,2020,5,night,14105,5.133,2747.9057081628675,1.0830833333333334,14,119.7,2020-05-01,2.24668335914612,65,65,1,0
Kerrisdale,2020,6,day,14105,5.133,2747.9057081628675,1.0830833333333334,7,119.6,2020-06-01,NA,NA,NA,NA,0
Kerrisdale,2020,6,night,14105,5.133,2747.9057081628675,1.0830833333333334,14,119.6,2020-06-01,NA,NA,NA,NA,0
Kerrisdale,2020,7,day,14105,5.133,2747.9057081628675,1.0830833333333334,9,119.7,2020-07-01,2.24870681762695,65,65,1,0
Kerrisdale,2020,7,night,14105,5.133,2747.9057081628675,1.0830833333333334,6,119.7,2020-07-01,2.24870681762695,65,65,1,0
Kerrisdale,2020,8,day,14105,5.133,2747.9057081628675,1.0830833333333334,13,119.7,2020-08-01,2.0761384963989298,65,65,1,0
Kerrisdale,2020,8,night,14105,5.133,2747.9057081628675,1.0830833333333334,19,119.7,2020-08-01,2.0761384963989298,65,65,1,0
Kerrisdale,2020,9,day,14105,5.133,2747.9057081628675,1.0830833333333334,13,119.6,2020-09-01,2.09406971931458,65,65,1,0
Kerrisdale,2020,9,night,14105,5.133,2747.9057081628675,1.0830833333333334,30,119.6,2020-09-01,2.09406971931458,65,65,1,0
Kerrisdale,2020,10,day,14105,5.133,2747.9057081628675,1.0830833333333334,7,119.7,2020-10-01,1.89956772327423,65,65,1,0
Kerrisdale,2020,10,night,14105,5.133,2747.9057081628675,1.0830833333333334,23,119.7,2020-10-01,1.89956772327423,65,65,1,0
Kerrisdale,2020,11,day,14105,5.133,2747.9057081628675,1.0830833333333334,7,119.6,2020-11-01,2.08807253837585,65,65,1,0
Kerrisdale,2020,11,night,14105,5.133,2747.9057081628675,1.0830833333333334,21,119.6,2020-11-01,2.08807253837585,65,65,1,0
Kerrisdale,2020,12,day,14105,5.133,2747.9057081628675,1.0830833333333334,6,119.7,2020-12-01,1.91871297359467,65,65,1,0
Kerrisdale,2020,12,night,14105,5.133,2747.9057081628675,1.0830833333333334,17,119.7,2020-12-01,1.91871297359467,65,65,1,0
Kerrisdale,2021,1,day,14105,5.133,2747.9057081628675,1.0830833333333334,4,119.7,2021-01-01,1.79676449298859,65,65,1,0
Kerrisdale,2021,1,night,14105,5.133,2747.9057081628675,1.0830833333333334,23,119.7,2021-01-01,1.79676449298859,65,65,1,0
Kerrisdale,2021,2,day,14105,5.133,2747.9057081628675,1.0830833333333334,7,119.5,2021-02-01,2.47868013381958,65,65,1,0
Kerrisdale,2021,2,night,14105,5.133,2747.9057081628675,1.0830833333333334,16,119.5,2021-02-01,2.47868013381958,65,65,1,0
Kerrisdale,2021,3,day,14105,5.133,2747.9057081628675,1.0830833333333334,13,119.7,2021-03-01,2.52417063713074,65,65,1,0
Kerrisdale,2021,3,night,14105,5.133,2747.9057081628675,1.0830833333333334,18,119.7,2021-03-01,2.52417063713074,65,65,1,0
Kerrisdale,2021,4,day,14105,5.133,2747.9057081628675,1.0830833333333334,17,120.1,2021-04-01,2.63929295539856,65,65,1,0
Kerrisdale,2021,4,night,14105,5.133,2747.9057081628675,1.0830833333333334,14,120.1,2021-04-01,2.63929295539856,65,65,1,0
Kerrisdale,2021,5,day,14105,5.133,2747.9057081628675,1.0830833333333334,18,120.1,2021-05-01,2.38782477378845,65,65,1,0
Kerrisdale,2021,5,night,14105,5.133,2747.9057081628675,1.0830833333333334,12,120.1,2021-05-01,2.38782477378845,65,65,1,0
Kerrisdale,2021,6,day,14105,5.133,2747.9057081628675,1.0830833333333334,16,120.1,2021-06-01,NA,NA,NA,NA,0
Kerrisdale,2021,6,night,14105,5.133,2747.9057081628675,1.0830833333333334,16,120.1,2021-06-01,NA,NA,NA,NA,0
Kerrisdale,2021,7,day,14105,5.133,2747.9057081628675,1.0830833333333334,14,120.1,2021-07-01,2.38416290283203,65,65,1,0
Kerrisdale,2021,7,night,14105,5.133,2747.9057081628675,1.0830833333333334,15,120.1,2021-07-01,2.38416290283203,65,65,1,0
Kerrisdale,2021,8,day,14105,5.133,2747.9057081628675,1.0830833333333334,7,120.1,2021-08-01,1.93088138103485,65,65,1,0
Kerrisdale,2021,8,night,14105,5.133,2747.9057081628675,1.0830833333333334,18,120.1,2021-08-01,1.93088138103485,65,65,1,0
Kerrisdale,2021,9,day,14105,5.133,2747.9057081628675,1.0830833333333334,6,120.1,2021-09-01,2.17268705368042,65,65,1,0
Kerrisdale,2021,9,night,14105,5.133,2747.9057081628675,1.0830833333333334,18,120.1,2021-09-01,2.17268705368042,65,65,1,0
Kerrisdale,2021,10,day,14105,5.133,2747.9057081628675,1.0830833333333334,7,120.1,2021-10-01,2.17758703231812,65,65,1,0
Kerrisdale,2021,10,night,14105,5.133,2747.9057081628675,1.0830833333333334,14,120.1,2021-10-01,2.17758703231812,65,65,1,0
Kerrisdale,2021,11,day,14105,5.133,2747.9057081628675,1.0830833333333334,5,120.1,2021-11-01,2.16062545776367,65,65,1,0
Kerrisdale,2021,11,night,14105,5.133,2747.9057081628675,1.0830833333333334,10,120.1,2021-11-01,2.16062545776367,65,65,1,0
Kerrisdale,2021,12,day,14105,5.133,2747.9057081628675,1.0830833333333334,8,120.1,2021-12-01,3.69022130966187,65,65,1,0
Kerrisdale,2021,12,night,14105,5.133,2747.9057081628675,1.0830833333333334,15,120.1,2021-12-01,3.69022130966187,65,65,1,0
Kerrisdale,2022,1,day,14105,5.133,2747.9057081628675,1.0830833333333334,11,120.1,2022-01-01,1.88036417961121,65,65,1,0
Kerrisdale,2022,1,night,14105,5.133,2747.9057081628675,1.0830833333333334,11,120.1,2022-01-01,1.88036417961121,65,65,1,0
Kerrisdale,2022,2,day,14105,5.133,2747.9057081628675,1.0830833333333334,11,120,2022-02-01,2.68033456802368,65,65,1,0
Kerrisdale,2022,2,night,14105,5.133,2747.9057081628675,1.0830833333333334,10,120,2022-02-01,2.68033456802368,65,65,1,0
Kerrisdale,2022,3,day,14105,5.133,2747.9057081628675,1.0830833333333334,8,120.1,2022-03-01,2.57669830322266,65,65,1,0
Kerrisdale,2022,3,night,14105,5.133,2747.9057081628675,1.0830833333333334,20,120.1,2022-03-01,2.57669830322266,65,65,1,0
Kerrisdale,2022,4,day,14105,5.133,2747.9057081628675,1.0830833333333334,14,120.9,2022-04-01,2.5583827495575,65,65,1,0
Kerrisdale,2022,4,night,14105,5.133,2747.9057081628675,1.0830833333333334,15,120.9,2022-04-01,2.5583827495575,65,65,1,0
Kerrisdale,2022,5,day,14105,5.133,2747.9057081628675,1.0830833333333334,5,120.9,2022-05-01,2.4884309768676798,65,65,1,0
Kerrisdale,2022,5,night,14105,5.133,2747.9057081628675,1.0830833333333334,10,120.9,2022-05-01,2.4884309768676798,65,65,1,0
Kerrisdale,2022,6,day,14105,5.133,2747.9057081628675,1.0830833333333334,11,120.9,2022-06-01,NA,NA,NA,NA,0
Kerrisdale,2022,6,night,14105,5.133,2747.9057081628675,1.0830833333333334,11,120.9,2022-06-01,NA,NA,NA,NA,0
Kerrisdale,2022,7,day,14105,5.133,2747.9057081628675,1.0830833333333334,4,120.9,2022-07-01,2.38101077079773,65,65,1,0
Kerrisdale,2022,7,night,14105,5.133,2747.9057081628675,1.0830833333333334,9,120.9,2022-07-01,2.38101077079773,65,65,1,0
Kerrisdale,2022,8,day,14105,5.133,2747.9057081628675,1.0830833333333334,10,120.9,2022-08-01,2.10879421234131,65,65,1,0
Kerrisdale,2022,8,night,14105,5.133,2747.9057081628675,1.0830833333333334,14,120.9,2022-08-01,2.10879421234131,65,65,1,0
Kerrisdale,2022,9,day,14105,5.133,2747.9057081628675,1.0830833333333334,4,120.9,2022-09-01,2.12956309318542,65,65,1,0
Kerrisdale,2022,9,night,14105,5.133,2747.9057081628675,1.0830833333333334,14,120.9,2022-09-01,2.12956309318542,65,65,1,0
Kerrisdale,2022,10,day,14105,5.133,2747.9057081628675,1.0830833333333334,7,120.9,2022-10-01,2.08140707015991,65,65,1,0
Kerrisdale,2022,10,night,14105,5.133,2747.9057081628675,1.0830833333333334,9,120.9,2022-10-01,2.08140707015991,65,65,1,0
Kerrisdale,2022,11,day,14105,5.133,2747.9057081628675,1.0830833333333334,2,120.9,2022-11-01,2.07861161231995,65,65,1,0
Kerrisdale,2022,11,night,14105,5.133,2747.9057081628675,1.0830833333333334,3,120.9,2022-11-01,2.07861161231995,65,65,1,0
Kerrisdale,2022,12,day,14105,5.133,2747.9057081628675,1.0830833333333334,6,120.9,2022-12-01,2.95759057998657,65,65,1,0
Kerrisdale,2022,12,night,14105,5.133,2747.9057081628675,1.0830833333333334,8,120.9,2022-12-01,2.95759057998657,65,65,1,0
Kerrisdale,2023,1,day,14105,5.133,2747.9057081628675,1.0830833333333334,4,120.9,2023-01-01,2.25927519798279,65,65,1,0
Kerrisdale,2023,1,night,14105,5.133,2747.9057081628675,1.0830833333333334,6,120.9,2023-01-01,2.25927519798279,65,65,1,0
Kerrisdale,2023,2,day,14105,5.133,2747.9057081628675,1.0830833333333334,11,120.7,2023-02-01,2.22768425941467,65,65,1,0
Kerrisdale,2023,2,night,14105,5.133,2747.9057081628675,1.0830833333333334,7,120.7,2023-02-01,2.22768425941467,65,65,1,0
Kerrisdale,2023,3,day,14105,5.133,2747.9057081628675,1.0830833333333334,9,120.9,2023-03-01,2.4436366558075,65,65,1,0
Kerrisdale,2023,3,night,14105,5.133,2747.9057081628675,1.0830833333333334,9,120.9,2023-03-01,2.4436366558075,65,65,1,0
Kerrisdale,2023,4,day,14105,5.133,2747.9057081628675,1.0830833333333334,6,122,2023-04-01,2.41329503059387,65,65,1,0
Kerrisdale,2023,4,night,14105,5.133,2747.9057081628675,1.0830833333333334,15,122,2023-04-01,2.41329503059387,65,65,1,0
Kerrisdale,2023,5,day,14105,5.133,2747.9057081628675,1.0830833333333334,8,122.1,2023-05-01,2.56243014335632,65,65,1,0
Kerrisdale,2023,5,night,14105,5.133,2747.9057081628675,1.0830833333333334,7,122.1,2023-05-01,2.56243014335632,65,65,1,0
Kerrisdale,2023,6,day,14105,5.133,2747.9057081628675,1.0830833333333334,13,122,2023-06-01,NA,NA,NA,NA,0
Kerrisdale,2023,6,night,14105,5.133,2747.9057081628675,1.0830833333333334,14,122,2023-06-01,NA,NA,NA,NA,0
Kerrisdale,2023,7,day,14105,5.133,2747.9057081628675,1.0830833333333334,10,122.1,2023-07-01,2.42391347885132,65,65,1,0
Kerrisdale,2023,7,night,14105,5.133,2747.9057081628675,1.0830833333333334,8,122.1,2023-07-01,2.42391347885132,65,65,1,0
Kerrisdale,2023,8,day,14105,5.133,2747.9057081628675,1.0830833333333334,19,122.1,2023-08-01,2.21426367759705,65,65,1,0
Kerrisdale,2023,8,night,14105,5.133,2747.9057081628675,1.0830833333333334,18,122.1,2023-08-01,2.21426367759705,65,65,1,0
Kerrisdale,2023,9,day,14105,5.133,2747.9057081628675,1.0830833333333334,13,122.5,2023-09-01,2.26703000068665,65,65,1,0
Kerrisdale,2023,9,night,14105,5.133,2747.9057081628675,1.0830833333333334,16,122.5,2023-09-01,2.26703000068665,65,65,1,0
Kerrisdale,2023,10,day,14105,5.133,2747.9057081628675,1.0830833333333334,8,122.5,2023-10-01,2.10632181167603,65,65,1,0
Kerrisdale,2023,10,night,14105,5.133,2747.9057081628675,1.0830833333333334,25,122.5,2023-10-01,2.10632181167603,65,65,1,0
Kerrisdale,2023,11,day,14105,5.133,2747.9057081628675,1.0830833333333334,8,122.5,2023-11-01,2.16320371627808,65,65,1,0
Kerrisdale,2023,11,night,14105,5.133,2747.9057081628675,1.0830833333333334,11,122.5,2023-11-01,2.16320371627808,65,65,1,0
Kerrisdale,2023,12,day,14105,5.133,2747.9057081628675,1.0830833333333334,5,122.5,2023-12-01,2.53392624855042,65,65,1,0
Kerrisdale,2023,12,night,14105,5.133,2747.9057081628675,1.0830833333333334,11,122.5,2023-12-01,2.53392624855042,65,65,1,0
Killarney,2014,1,day,28355,6.80142,4168.98235956609,0.7255466666666667,21,94.8,2014-01-01,2.59009051322937,61,61,1,0
Killarney,2014,1,night,28355,6.80142,4168.98235956609,0.7255466666666667,39,94.8,2014-01-01,2.59009051322937,61,61,1,0
Killarney,2014,2,day,28355,6.80142,4168.98235956609,0.7255466666666667,21,94.8,2014-02-01,2.58375382423401,61,61,1,0
Killarney,2014,2,night,28355,6.80142,4168.98235956609,0.7255466666666667,28,94.8,2014-02-01,2.58375382423401,61,61,1,0
Killarney,2014,3,day,28355,6.80142,4168.98235956609,0.7255466666666667,25,94.8,2014-03-01,2.87563419342041,61,61,1,0
Killarney,2014,3,night,28355,6.80142,4168.98235956609,0.7255466666666667,26,94.8,2014-03-01,2.87563419342041,61,61,1,0
Killarney,2014,4,day,28355,6.80142,4168.98235956609,0.7255466666666667,15,101.7,2014-04-01,2.89578366279602,61,61,1,0
Killarney,2014,4,night,28355,6.80142,4168.98235956609,0.7255466666666667,20,101.7,2014-04-01,2.89578366279602,61,61,1,0
Killarney,2014,5,day,28355,6.80142,4168.98235956609,0.7255466666666667,18,101.7,2014-05-01,3.36396741867065,61,61,1,0
Killarney,2014,5,night,28355,6.80142,4168.98235956609,0.7255466666666667,19,101.7,2014-05-01,3.36396741867065,61,61,1,0
Killarney,2014,6,day,28355,6.80142,4168.98235956609,0.7255466666666667,13,101.7,2014-06-01,NA,NA,NA,NA,0
Killarney,2014,6,night,28355,6.80142,4168.98235956609,0.7255466666666667,22,101.7,2014-06-01,NA,NA,NA,NA,0
Killarney,2014,7,day,28355,6.80142,4168.98235956609,0.7255466666666667,29,101.7,2014-07-01,3.37206840515137,61,61,1,0
Killarney,2014,7,night,28355,6.80142,4168.98235956609,0.7255466666666667,25,101.7,2014-07-01,3.37206840515137,61,61,1,0
Killarney,2014,8,day,28355,6.80142,4168.98235956609,0.7255466666666667,28,101.7,2014-08-01,2.77344083786011,61,61,1,0
Killarney,2014,8,night,28355,6.80142,4168.98235956609,0.7255466666666667,31,101.7,2014-08-01,2.77344083786011,61,61,1,0
Killarney,2014,9,day,28355,6.80142,4168.98235956609,0.7255466666666667,24,101.7,2014-09-01,2.61314630508423,61,61,1,0
Killarney,2014,9,night,28355,6.80142,4168.98235956609,0.7255466666666667,33,101.7,2014-09-01,2.61314630508423,61,61,1,0
Killarney,2014,10,day,28355,6.80142,4168.98235956609,0.7255466666666667,24,101.7,2014-10-01,2.32565450668335,61,61,1,0
Killarney,2014,10,night,28355,6.80142,4168.98235956609,0.7255466666666667,33,101.7,2014-10-01,2.32565450668335,61,61,1,0
Killarney,2014,11,day,28355,6.80142,4168.98235956609,0.7255466666666667,21,101.7,2014-11-01,2.83119535446167,61,61,1,0
Killarney,2014,11,night,28355,6.80142,4168.98235956609,0.7255466666666667,31,101.7,2014-11-01,2.83119535446167,61,61,1,0
Killarney,2014,12,day,28355,6.80142,4168.98235956609,0.7255466666666667,20,101.7,2014-12-01,2.7702648639679,61,61,1,0
Killarney,2014,12,night,28355,6.80142,4168.98235956609,0.7255466666666667,64,101.7,2014-12-01,2.7702648639679,61,61,1,0
Killarney,2015,1,day,28355,6.80142,4168.98235956609,0.7255466666666667,20,101.7,2015-01-01,2.4072117805481,61,61,1,0
Killarney,2015,1,night,28355,6.80142,4168.98235956609,0.7255466666666667,20,101.7,2015-01-01,2.4072117805481,61,61,1,0
Killarney,2015,2,day,28355,6.80142,4168.98235956609,0.7255466666666667,15,101.7,2015-02-01,2.67140579223633,61,61,1,0
Killarney,2015,2,night,28355,6.80142,4168.98235956609,0.7255466666666667,27,101.7,2015-02-01,2.67140579223633,61,61,1,0
Killarney,2015,3,day,28355,6.80142,4168.98235956609,0.7255466666666667,27,101.7,2015-03-01,2.76484346389771,61,61,1,0
Killarney,2015,3,night,28355,6.80142,4168.98235956609,0.7255466666666667,33,101.7,2015-03-01,2.76484346389771,61,61,1,0
Killarney,2015,4,day,28355,6.80142,4168.98235956609,0.7255466666666667,23,107.7,2015-04-01,2.61813521385193,61,61,1,0
Killarney,2015,4,night,28355,6.80142,4168.98235956609,0.7255466666666667,33,107.7,2015-04-01,2.61813521385193,61,61,1,0
Killarney,2015,5,day,28355,6.80142,4168.98235956609,0.7255466666666667,30,107.7,2015-05-01,2.82280778884888,61,61,1,0
Killarney,2015,5,night,28355,6.80142,4168.98235956609,0.7255466666666667,40,107.7,2015-05-01,2.82280778884888,61,61,1,0
Killarney,2015,6,day,28355,6.80142,4168.98235956609,0.7255466666666667,23,107.7,2015-06-01,NA,NA,NA,NA,0
Killarney,2015,6,night,28355,6.80142,4168.98235956609,0.7255466666666667,25,107.7,2015-06-01,NA,NA,NA,NA,0
Killarney,2015,7,day,28355,6.80142,4168.98235956609,0.7255466666666667,15,107.7,2015-07-01,3.2237024307251,61,61,1,0
Killarney,2015,7,night,28355,6.80142,4168.98235956609,0.7255466666666667,26,107.7,2015-07-01,3.2237024307251,61,61,1,0
Killarney,2015,8,day,28355,6.80142,4168.98235956609,0.7255466666666667,18,107.7,2015-08-01,2.64112162590027,61,61,1,0
Killarney,2015,8,night,28355,6.80142,4168.98235956609,0.7255466666666667,21,107.7,2015-08-01,2.64112162590027,61,61,1,0
Killarney,2015,9,day,28355,6.80142,4168.98235956609,0.7255466666666667,17,107.7,2015-09-01,2.32499718666077,61,61,1,0
Killarney,2015,9,night,28355,6.80142,4168.98235956609,0.7255466666666667,20,107.7,2015-09-01,2.32499718666077,61,61,1,0
Killarney,2015,10,day,28355,6.80142,4168.98235956609,0.7255466666666667,21,107.7,2015-10-01,2.50406360626221,61,61,1,0
Killarney,2015,10,night,28355,6.80142,4168.98235956609,0.7255466666666667,33,107.7,2015-10-01,2.50406360626221,61,61,1,0
Killarney,2015,11,day,28355,6.80142,4168.98235956609,0.7255466666666667,25,107.7,2015-11-01,2.52426671981812,61,61,1,0
Killarney,2015,11,night,28355,6.80142,4168.98235956609,0.7255466666666667,40,107.7,2015-11-01,2.52426671981812,61,61,1,0
Killarney,2015,12,day,28355,6.80142,4168.98235956609,0.7255466666666667,22,107.7,2015-12-01,1.877077460289,61,61,1,0
Killarney,2015,12,night,28355,6.80142,4168.98235956609,0.7255466666666667,48,107.7,2015-12-01,1.877077460289,61,61,1,0
Killarney,2016,1,day,28355,6.80142,4168.98235956609,0.7255466666666667,15,107.7,2016-01-01,2.52226328849792,61,61,1,0
Killarney,2016,1,night,28355,6.80142,4168.98235956609,0.7255466666666667,40,107.7,2016-01-01,2.52226328849792,61,61,1,0
Killarney,2016,2,day,28355,6.80142,4168.98235956609,0.7255466666666667,18,107.6,2016-02-01,2.16958212852478,61,61,1,0
Killarney,2016,2,night,28355,6.80142,4168.98235956609,0.7255466666666667,38,107.6,2016-02-01,2.16958212852478,61,61,1,0
Killarney,2016,3,day,28355,6.80142,4168.98235956609,0.7255466666666667,15,107.7,2016-03-01,2.71847772598267,61,61,1,0
Killarney,2016,3,night,28355,6.80142,4168.98235956609,0.7255466666666667,23,107.7,2016-03-01,2.71847772598267,61,61,1,0
Killarney,2016,4,day,28355,6.80142,4168.98235956609,0.7255466666666667,26,112.2,2016-04-01,2.69180870056152,61,61,1,0
Killarney,2016,4,night,28355,6.80142,4168.98235956609,0.7255466666666667,24,112.2,2016-04-01,2.69180870056152,61,61,1,0
Killarney,2016,5,day,28355,6.80142,4168.98235956609,0.7255466666666667,34,112.3,2016-05-01,2.56918406486511,61,61,1,0
Killarney,2016,5,night,28355,6.80142,4168.98235956609,0.7255466666666667,39,112.3,2016-05-01,2.56918406486511,61,61,1,0
Killarney,2016,6,day,28355,6.80142,4168.98235956609,0.7255466666666667,19,112.2,2016-06-01,NA,NA,NA,NA,0
Killarney,2016,6,night,28355,6.80142,4168.98235956609,0.7255466666666667,23,112.2,2016-06-01,NA,NA,NA,NA,0
Killarney,2016,7,day,28355,6.80142,4168.98235956609,0.7255466666666667,17,112.3,2016-07-01,2.69922876358032,61,61,1,0
Killarney,2016,7,night,28355,6.80142,4168.98235956609,0.7255466666666667,23,112.3,2016-07-01,2.69922876358032,61,61,1,0
Killarney,2016,8,day,28355,6.80142,4168.98235956609,0.7255466666666667,17,112.3,2016-08-01,2.53698778152466,61,61,1,0
Killarney,2016,8,night,28355,6.80142,4168.98235956609,0.7255466666666667,25,112.3,2016-08-01,2.53698778152466,61,61,1,0
Killarney,2016,9,day,28355,6.80142,4168.98235956609,0.7255466666666667,20,112.2,2016-09-01,2.36282157897949,61,61,1,0
Killarney,2016,9,night,28355,6.80142,4168.98235956609,0.7255466666666667,29,112.2,2016-09-01,2.36282157897949,61,61,1,0
Killarney,2016,10,day,28355,6.80142,4168.98235956609,0.7255466666666667,24,112.3,2016-10-01,2.21357154846191,61,61,1,0
Killarney,2016,10,night,28355,6.80142,4168.98235956609,0.7255466666666667,28,112.3,2016-10-01,2.21357154846191,61,61,1,0
Killarney,2016,11,day,28355,6.80142,4168.98235956609,0.7255466666666667,20,112.2,2016-11-01,2.02074408531189,61,61,1,0
Killarney,2016,11,night,28355,6.80142,4168.98235956609,0.7255466666666667,29,112.2,2016-11-01,2.02074408531189,61,61,1,0
Killarney,2016,12,day,28355,6.80142,4168.98235956609,0.7255466666666667,8,112.3,2016-12-01,2.23387336730957,61,61,1,0
Killarney,2016,12,night,28355,6.80142,4168.98235956609,0.7255466666666667,24,112.3,2016-12-01,2.23387336730957,61,61,1,0
Killarney,2017,1,day,28355,6.80142,4168.98235956609,0.7255466666666667,25,112.3,2017-01-01,2.62711882591248,61,61,1,0
Killarney,2017,1,night,28355,6.80142,4168.98235956609,0.7255466666666667,22,112.3,2017-01-01,2.62711882591248,61,61,1,0
Killarney,2017,2,day,28355,6.80142,4168.98235956609,0.7255466666666667,18,112.1,2017-02-01,1.87737929821014,61,61,1,0
Killarney,2017,2,night,28355,6.80142,4168.98235956609,0.7255466666666667,35,112.1,2017-02-01,1.87737929821014,61,61,1,0
Killarney,2017,3,day,28355,6.80142,4168.98235956609,0.7255466666666667,18,112.3,2017-03-01,2.52026915550232,61,61,1,0
Killarney,2017,3,night,28355,6.80142,4168.98235956609,0.7255466666666667,33,112.3,2017-03-01,2.52026915550232,61,61,1,0
Killarney,2017,4,day,28355,6.80142,4168.98235956609,0.7255466666666667,38,115.2,2017-04-01,2.57184052467346,61,61,1,0
Killarney,2017,4,night,28355,6.80142,4168.98235956609,0.7255466666666667,23,115.2,2017-04-01,2.57184052467346,61,61,1,0
Killarney,2017,5,day,28355,6.80142,4168.98235956609,0.7255466666666667,28,115.3,2017-05-01,2.68829536437988,61,61,1,0
Killarney,2017,5,night,28355,6.80142,4168.98235956609,0.7255466666666667,32,115.3,2017-05-01,2.68829536437988,61,61,1,0
Killarney,2017,6,day,28355,6.80142,4168.98235956609,0.7255466666666667,34,115.2,2017-06-01,NA,NA,NA,NA,0
Killarney,2017,6,night,28355,6.80142,4168.98235956609,0.7255466666666667,36,115.2,2017-06-01,NA,NA,NA,NA,0
Killarney,2017,7,day,28355,6.80142,4168.98235956609,0.7255466666666667,18,115.3,2017-07-01,3.44816160202026,61,61,1,0
Killarney,2017,7,night,28355,6.80142,4168.98235956609,0.7255466666666667,26,115.3,2017-07-01,3.44816160202026,61,61,1,0
Killarney,2017,8,day,28355,6.80142,4168.98235956609,0.7255466666666667,18,115.3,2017-08-01,2.58867430686951,61,61,1,0
Killarney,2017,8,night,28355,6.80142,4168.98235956609,0.7255466666666667,30,115.3,2017-08-01,2.58867430686951,61,61,1,0
Killarney,2017,9,day,28355,6.80142,4168.98235956609,0.7255466666666667,14,115.2,2017-09-01,2.63894629478455,61,61,1,0
Killarney,2017,9,night,28355,6.80142,4168.98235956609,0.7255466666666667,41,115.2,2017-09-01,2.63894629478455,61,61,1,0
Killarney,2017,10,day,28355,6.80142,4168.98235956609,0.7255466666666667,15,115.3,2017-10-01,2.5560097694397,61,61,1,0
Killarney,2017,10,night,28355,6.80142,4168.98235956609,0.7255466666666667,36,115.3,2017-10-01,2.5560097694397,61,61,1,0
Killarney,2017,11,day,28355,6.80142,4168.98235956609,0.7255466666666667,14,115.2,2017-11-01,1.72056996822357,61,61,1,0
Killarney,2017,11,night,28355,6.80142,4168.98235956609,0.7255466666666667,36,115.2,2017-11-01,1.72056996822357,61,61,1,0
Killarney,2017,12,day,28355,6.80142,4168.98235956609,0.7255466666666667,9,115.3,2017-12-01,2.3788013458252,61,61,1,0
Killarney,2017,12,night,28355,6.80142,4168.98235956609,0.7255466666666667,38,115.3,2017-12-01,2.3788013458252,61,61,1,0
Killarney,2018,1,day,28355,6.80142,4168.98235956609,0.7255466666666667,30,115.3,2018-01-01,1.7160782814025899,61,61,1,0
Killarney,2018,1,night,28355,6.80142,4168.98235956609,0.7255466666666667,45,115.3,2018-01-01,1.7160782814025899,61,61,1,0
Killarney,2018,2,day,28355,6.80142,4168.98235956609,0.7255466666666667,15,115.1,2018-02-01,4.69326210021973,61,61,1,0
Killarney,2018,2,night,28355,6.80142,4168.98235956609,0.7255466666666667,21,115.1,2018-02-01,4.69326210021973,61,61,1,0
Killarney,2018,3,day,28355,6.80142,4168.98235956609,0.7255466666666667,17,115.3,2018-03-01,3.11089253425598,61,61,1,0
Killarney,2018,3,night,28355,6.80142,4168.98235956609,0.7255466666666667,22,115.3,2018-03-01,3.11089253425598,61,61,1,0
Killarney,2018,4,day,28355,6.80142,4168.98235956609,0.7255466666666667,20,118.7,2018-04-01,3.01780605316162,61,61,1,0
Killarney,2018,4,night,28355,6.80142,4168.98235956609,0.7255466666666667,28,118.7,2018-04-01,3.01780605316162,61,61,1,0
Killarney,2018,5,day,28355,6.80142,4168.98235956609,0.7255466666666667,20,118.8,2018-05-01,2.88150858879089,61,61,1,0
Killarney,2018,5,night,28355,6.80142,4168.98235956609,0.7255466666666667,36,118.8,2018-05-01,2.88150858879089,61,61,1,0
Killarney,2018,6,day,28355,6.80142,4168.98235956609,0.7255466666666667,19,118.7,2018-06-01,NA,NA,NA,NA,0
Killarney,2018,6,night,28355,6.80142,4168.98235956609,0.7255466666666667,27,118.7,2018-06-01,NA,NA,NA,NA,0
Killarney,2018,7,day,28355,6.80142,4168.98235956609,0.7255466666666667,18,118.8,2018-07-01,3.5615568161010702,61,61,1,0
Killarney,2018,7,night,28355,6.80142,4168.98235956609,0.7255466666666667,21,118.8,2018-07-01,3.5615568161010702,61,61,1,0
Killarney,2018,8,day,28355,6.80142,4168.98235956609,0.7255466666666667,16,118.8,2018-08-01,2.57524180412292,61,61,1,0
Killarney,2018,8,night,28355,6.80142,4168.98235956609,0.7255466666666667,39,118.8,2018-08-01,2.57524180412292,61,61,1,0
Killarney,2018,9,day,28355,6.80142,4168.98235956609,0.7255466666666667,22,118.7,2018-09-01,2.66487407684326,61,61,1,0
Killarney,2018,9,night,28355,6.80142,4168.98235956609,0.7255466666666667,27,118.7,2018-09-01,2.66487407684326,61,61,1,0
Killarney,2018,10,day,28355,6.80142,4168.98235956609,0.7255466666666667,18,118.8,2018-10-01,2.66633248329163,61,61,1,0
Killarney,2018,10,night,28355,6.80142,4168.98235956609,0.7255466666666667,39,118.8,2018-10-01,2.66633248329163,61,61,1,0
Killarney,2018,11,day,28355,6.80142,4168.98235956609,0.7255466666666667,17,118.7,2018-11-01,2.56225037574768,61,61,1,0
Killarney,2018,11,night,28355,6.80142,4168.98235956609,0.7255466666666667,43,118.7,2018-11-01,2.56225037574768,61,61,1,0
Killarney,2018,12,day,28355,6.80142,4168.98235956609,0.7255466666666667,13,118.8,2018-12-01,2.38944721221924,61,61,1,0
Killarney,2018,12,night,28355,6.80142,4168.98235956609,0.7255466666666667,44,118.8,2018-12-01,2.38944721221924,61,61,1,0
Killarney,2019,1,day,31478,6.4167,4905.636853834526,0.8988684210526315,12,118.8,2019-01-01,2.5141282081604,61,61,1,0
Killarney,2019,1,night,31478,6.4167,4905.636853834526,0.8988684210526315,37,118.8,2019-01-01,2.5141282081604,61,61,1,0
Killarney,2019,2,day,31478,6.4167,4905.636853834526,0.8988684210526315,15,118.6,2019-02-01,4.69221687316895,61,61,1,0
Killarney,2019,2,night,31478,6.4167,4905.636853834526,0.8988684210526315,24,118.6,2019-02-01,4.69221687316895,61,61,1,0
Killarney,2019,3,day,31478,6.4167,4905.636853834526,0.8988684210526315,18,118.8,2019-03-01,3.10436725616455,61,61,1,0
Killarney,2019,3,night,31478,6.4167,4905.636853834526,0.8988684210526315,26,118.8,2019-03-01,3.10436725616455,61,61,1,0
Killarney,2019,4,day,31478,6.4167,4905.636853834526,0.8988684210526315,34,120.9,2019-04-01,3.22910237312317,61,61,1,0
Killarney,2019,4,night,31478,6.4167,4905.636853834526,0.8988684210526315,26,120.9,2019-04-01,3.22910237312317,61,61,1,0
Killarney,2019,5,day,31478,6.4167,4905.636853834526,0.8988684210526315,23,120.9,2019-05-01,2.99162459373474,61,61,1,0
Killarney,2019,5,night,31478,6.4167,4905.636853834526,0.8988684210526315,22,120.9,2019-05-01,2.99162459373474,61,61,1,0
Killarney,2019,6,day,31478,6.4167,4905.636853834526,0.8988684210526315,17,120.9,2019-06-01,NA,NA,NA,NA,0
Killarney,2019,6,night,31478,6.4167,4905.636853834526,0.8988684210526315,29,120.9,2019-06-01,NA,NA,NA,NA,0
Killarney,2019,7,day,31478,6.4167,4905.636853834526,0.8988684210526315,24,120.9,2019-07-01,3.34308338165283,61,61,1,0
Killarney,2019,7,night,31478,6.4167,4905.636853834526,0.8988684210526315,31,120.9,2019-07-01,3.34308338165283,61,61,1,0
Killarney,2019,8,day,31478,6.4167,4905.636853834526,0.8988684210526315,24,120.9,2019-08-01,3.03291392326355,61,61,1,0
Killarney,2019,8,night,31478,6.4167,4905.636853834526,0.8988684210526315,40,120.9,2019-08-01,3.03291392326355,61,61,1,0
Killarney,2019,9,day,31478,6.4167,4905.636853834526,0.8988684210526315,24,120.9,2019-09-01,3.16714000701904,61,61,1,0
Killarney,2019,9,night,31478,6.4167,4905.636853834526,0.8988684210526315,58,120.9,2019-09-01,3.16714000701904,61,61,1,0
Killarney,2019,10,day,31478,6.4167,4905.636853834526,0.8988684210526315,13,120.9,2019-10-01,2.82746863365173,61,61,1,0
Killarney,2019,10,night,31478,6.4167,4905.636853834526,0.8988684210526315,33,120.9,2019-10-01,2.82746863365173,61,61,1,0
Killarney,2019,11,day,31478,6.4167,4905.636853834526,0.8988684210526315,22,120.9,2019-11-01,2.84716629981995,61,61,1,0
Killarney,2019,11,night,31478,6.4167,4905.636853834526,0.8988684210526315,35,120.9,2019-11-01,2.84716629981995,61,61,1,0
Killarney,2019,12,day,31478,6.4167,4905.636853834526,0.8988684210526315,16,120.9,2019-12-01,2.34814643859863,61,61,1,0
Killarney,2019,12,night,31478,6.4167,4905.636853834526,0.8988684210526315,18,120.9,2019-12-01,2.34814643859863,61,61,1,0
Killarney,2020,1,day,31478,6.4167,4905.636853834526,0.8988684210526315,13,120.9,2020-01-01,3.56793117523193,61,61,1,0
Killarney,2020,1,night,31478,6.4167,4905.636853834526,0.8988684210526315,32,120.9,2020-01-01,3.56793117523193,61,61,1,0
Killarney,2020,2,day,31478,6.4167,4905.636853834526,0.8988684210526315,9,120.8,2020-02-01,2.62588667869568,61,61,1,0
Killarney,2020,2,night,31478,6.4167,4905.636853834526,0.8988684210526315,35,120.8,2020-02-01,2.62588667869568,61,61,1,0
Killarney,2020,3,day,31478,6.4167,4905.636853834526,0.8988684210526315,17,120.9,2020-03-01,2.93448114395142,61,61,1,0
Killarney,2020,3,night,31478,6.4167,4905.636853834526,0.8988684210526315,23,120.9,2020-03-01,2.93448114395142,61,61,1,0
Killarney,2020,4,day,31478,6.4167,4905.636853834526,0.8988684210526315,18,119.6,2020-04-01,2.98165249824524,61,61,1,0
Killarney,2020,4,night,31478,6.4167,4905.636853834526,0.8988684210526315,22,119.6,2020-04-01,2.98165249824524,61,61,1,0
Killarney,2020,5,day,31478,6.4167,4905.636853834526,0.8988684210526315,13,119.7,2020-05-01,2.86939597129822,61,61,1,0
Killarney,2020,5,night,31478,6.4167,4905.636853834526,0.8988684210526315,20,119.7,2020-05-01,2.86939597129822,61,61,1,0
Killarney,2020,6,day,31478,6.4167,4905.636853834526,0.8988684210526315,18,119.6,2020-06-01,NA,NA,NA,NA,0
Killarney,2020,6,night,31478,6.4167,4905.636853834526,0.8988684210526315,16,119.6,2020-06-01,NA,NA,NA,NA,0
Killarney,2020,7,day,31478,6.4167,4905.636853834526,0.8988684210526315,19,119.7,2020-07-01,3.13389325141907,61,61,1,0
Killarney,2020,7,night,31478,6.4167,4905.636853834526,0.8988684210526315,26,119.7,2020-07-01,3.13389325141907,61,61,1,0
Killarney,2020,8,day,31478,6.4167,4905.636853834526,0.8988684210526315,22,119.7,2020-08-01,2.91000151634216,61,61,1,0
Killarney,2020,8,night,31478,6.4167,4905.636853834526,0.8988684210526315,30,119.7,2020-08-01,2.91000151634216,61,61,1,0
Killarney,2020,9,day,31478,6.4167,4905.636853834526,0.8988684210526315,18,119.6,2020-09-01,2.89291381835938,61,61,1,0
Killarney,2020,9,night,31478,6.4167,4905.636853834526,0.8988684210526315,32,119.6,2020-09-01,2.89291381835938,61,61,1,0
Killarney,2020,10,day,31478,6.4167,4905.636853834526,0.8988684210526315,19,119.7,2020-10-01,2.44038701057434,61,61,1,0
Killarney,2020,10,night,31478,6.4167,4905.636853834526,0.8988684210526315,25,119.7,2020-10-01,2.44038701057434,61,61,1,0
Killarney,2020,11,day,31478,6.4167,4905.636853834526,0.8988684210526315,12,119.6,2020-11-01,2.68378305435181,61,61,1,0
Killarney,2020,11,night,31478,6.4167,4905.636853834526,0.8988684210526315,26,119.6,2020-11-01,2.68378305435181,61,61,1,0
Killarney,2020,12,day,31478,6.4167,4905.636853834526,0.8988684210526315,19,119.7,2020-12-01,2.05172801017761,61,61,1,0
Killarney,2020,12,night,31478,6.4167,4905.636853834526,0.8988684210526315,18,119.7,2020-12-01,2.05172801017761,61,61,1,0
Killarney,2021,1,day,31478,6.4167,4905.636853834526,0.8988684210526315,22,119.7,2021-01-01,2.54541349411011,61,61,1,0
Killarney,2021,1,night,31478,6.4167,4905.636853834526,0.8988684210526315,22,119.7,2021-01-01,2.54541349411011,61,61,1,0
Killarney,2021,2,day,31478,6.4167,4905.636853834526,0.8988684210526315,8,119.5,2021-02-01,2.99214196205139,61,61,1,0
Killarney,2021,2,night,31478,6.4167,4905.636853834526,0.8988684210526315,27,119.5,2021-02-01,2.99214196205139,61,61,1,0
Killarney,2021,3,day,31478,6.4167,4905.636853834526,0.8988684210526315,17,119.7,2021-03-01,3.05397319793701,61,61,1,0
Killarney,2021,3,night,31478,6.4167,4905.636853834526,0.8988684210526315,18,119.7,2021-03-01,3.05397319793701,61,61,1,0
Killarney,2021,4,day,31478,6.4167,4905.636853834526,0.8988684210526315,9,120.1,2021-04-01,3.18132257461548,61,61,1,0
Killarney,2021,4,night,31478,6.4167,4905.636853834526,0.8988684210526315,17,120.1,2021-04-01,3.18132257461548,61,61,1,0
Killarney,2021,5,day,31478,6.4167,4905.636853834526,0.8988684210526315,25,120.1,2021-05-01,3.2027952671051,61,61,1,0
Killarney,2021,5,night,31478,6.4167,4905.636853834526,0.8988684210526315,31,120.1,2021-05-01,3.2027952671051,61,61,1,0
Killarney,2021,6,day,31478,6.4167,4905.636853834526,0.8988684210526315,16,120.1,2021-06-01,NA,NA,NA,NA,0
Killarney,2021,6,night,31478,6.4167,4905.636853834526,0.8988684210526315,12,120.1,2021-06-01,NA,NA,NA,NA,0
Killarney,2021,7,day,31478,6.4167,4905.636853834526,0.8988684210526315,12,120.1,2021-07-01,3.41034936904907,61,61,1,0
Killarney,2021,7,night,31478,6.4167,4905.636853834526,0.8988684210526315,28,120.1,2021-07-01,3.41034936904907,61,61,1,0
Killarney,2021,8,day,31478,6.4167,4905.636853834526,0.8988684210526315,15,120.1,2021-08-01,2.85683274269104,61,61,1,0
Killarney,2021,8,night,31478,6.4167,4905.636853834526,0.8988684210526315,28,120.1,2021-08-01,2.85683274269104,61,61,1,0
Killarney,2021,9,day,31478,6.4167,4905.636853834526,0.8988684210526315,7,120.1,2021-09-01,2.94017148017883,61,61,1,0
Killarney,2021,9,night,31478,6.4167,4905.636853834526,0.8988684210526315,22,120.1,2021-09-01,2.94017148017883,61,61,1,0
Killarney,2021,10,day,31478,6.4167,4905.636853834526,0.8988684210526315,20,120.1,2021-10-01,2.92120718955994,61,61,1,0
Killarney,2021,10,night,31478,6.4167,4905.636853834526,0.8988684210526315,19,120.1,2021-10-01,2.92120718955994,61,61,1,0
Killarney,2021,11,day,31478,6.4167,4905.636853834526,0.8988684210526315,10,120.1,2021-11-01,2.6565260887146,61,61,1,0
Killarney,2021,11,night,31478,6.4167,4905.636853834526,0.8988684210526315,21,120.1,2021-11-01,2.6565260887146,61,61,1,0
Killarney,2021,12,day,31478,6.4167,4905.636853834526,0.8988684210526315,15,120.1,2021-12-01,2.45156025886536,61,61,1,0
Killarney,2021,12,night,31478,6.4167,4905.636853834526,0.8988684210526315,29,120.1,2021-12-01,2.45156025886536,61,61,1,0
Killarney,2022,1,day,31478,6.4167,4905.636853834526,0.8988684210526315,11,120.1,2022-01-01,2.46774649620056,61,61,1,0
Killarney,2022,1,night,31478,6.4167,4905.636853834526,0.8988684210526315,25,120.1,2022-01-01,2.46774649620056,61,61,1,0
Killarney,2022,2,day,31478,6.4167,4905.636853834526,0.8988684210526315,15,120,2022-02-01,3.24027180671692,61,61,1,0
Killarney,2022,2,night,31478,6.4167,4905.636853834526,0.8988684210526315,30,120,2022-02-01,3.24027180671692,61,61,1,0
Killarney,2022,3,day,31478,6.4167,4905.636853834526,0.8988684210526315,15,120.1,2022-03-01,3.05277228355408,61,61,1,0
Killarney,2022,3,night,31478,6.4167,4905.636853834526,0.8988684210526315,27,120.1,2022-03-01,3.05277228355408,61,61,1,0
Killarney,2022,4,day,31478,6.4167,4905.636853834526,0.8988684210526315,15,120.9,2022-04-01,3.27320122718811,61,61,1,0
Killarney,2022,4,night,31478,6.4167,4905.636853834526,0.8988684210526315,26,120.9,2022-04-01,3.27320122718811,61,61,1,0
Killarney,2022,5,day,31478,6.4167,4905.636853834526,0.8988684210526315,14,120.9,2022-05-01,3.3460865020752,61,61,1,0
Killarney,2022,5,night,31478,6.4167,4905.636853834526,0.8988684210526315,21,120.9,2022-05-01,3.3460865020752,61,61,1,0
Killarney,2022,6,day,31478,6.4167,4905.636853834526,0.8988684210526315,13,120.9,2022-06-01,NA,NA,NA,NA,0
Killarney,2022,6,night,31478,6.4167,4905.636853834526,0.8988684210526315,37,120.9,2022-06-01,NA,NA,NA,NA,0
Killarney,2022,7,day,31478,6.4167,4905.636853834526,0.8988684210526315,10,120.9,2022-07-01,3.25498270988464,61,61,1,0
Killarney,2022,7,night,31478,6.4167,4905.636853834526,0.8988684210526315,20,120.9,2022-07-01,3.25498270988464,61,61,1,0
Killarney,2022,8,day,31478,6.4167,4905.636853834526,0.8988684210526315,21,120.9,2022-08-01,2.92029070854187,61,61,1,0
Killarney,2022,8,night,31478,6.4167,4905.636853834526,0.8988684210526315,25,120.9,2022-08-01,2.92029070854187,61,61,1,0
Killarney,2022,9,day,31478,6.4167,4905.636853834526,0.8988684210526315,21,120.9,2022-09-01,2.91105914115906,61,61,1,0
Killarney,2022,9,night,31478,6.4167,4905.636853834526,0.8988684210526315,31,120.9,2022-09-01,2.91105914115906,61,61,1,0
Killarney,2022,10,day,31478,6.4167,4905.636853834526,0.8988684210526315,11,120.9,2022-10-01,2.88063621520996,61,61,1,0
Killarney,2022,10,night,31478,6.4167,4905.636853834526,0.8988684210526315,17,120.9,2022-10-01,2.88063621520996,61,61,1,0
Killarney,2022,11,day,31478,6.4167,4905.636853834526,0.8988684210526315,11,120.9,2022-11-01,2.62431073188782,61,61,1,0
Killarney,2022,11,night,31478,6.4167,4905.636853834526,0.8988684210526315,31,120.9,2022-11-01,2.62431073188782,61,61,1,0
Killarney,2022,12,day,31478,6.4167,4905.636853834526,0.8988684210526315,8,120.9,2022-12-01,3.76118493080139,61,61,1,0
Killarney,2022,12,night,31478,6.4167,4905.636853834526,0.8988684210526315,24,120.9,2022-12-01,3.76118493080139,61,61,1,0
Killarney,2023,1,day,31478,6.4167,4905.636853834526,0.8988684210526315,21,120.9,2023-01-01,2.49675321578979,61,61,1,0
Killarney,2023,1,night,31478,6.4167,4905.636853834526,0.8988684210526315,38,120.9,2023-01-01,2.49675321578979,61,61,1,0
Killarney,2023,2,day,31478,6.4167,4905.636853834526,0.8988684210526315,21,120.7,2023-02-01,4.10788011550903,61,61,1,0
Killarney,2023,2,night,31478,6.4167,4905.636853834526,0.8988684210526315,16,120.7,2023-02-01,4.10788011550903,61,61,1,0
Killarney,2023,3,day,31478,6.4167,4905.636853834526,0.8988684210526315,15,120.9,2023-03-01,3.1491425037384,61,61,1,0
Killarney,2023,3,night,31478,6.4167,4905.636853834526,0.8988684210526315,23,120.9,2023-03-01,3.1491425037384,61,61,1,0
Killarney,2023,4,day,31478,6.4167,4905.636853834526,0.8988684210526315,21,122,2023-04-01,3.0111722946167,61,61,1,0
Killarney,2023,4,night,31478,6.4167,4905.636853834526,0.8988684210526315,23,122,2023-04-01,3.0111722946167,61,61,1,0
Killarney,2023,5,day,31478,6.4167,4905.636853834526,0.8988684210526315,15,122.1,2023-05-01,3.22684121131897,61,61,1,0
Killarney,2023,5,night,31478,6.4167,4905.636853834526,0.8988684210526315,23,122.1,2023-05-01,3.22684121131897,61,61,1,0
Killarney,2023,6,day,31478,6.4167,4905.636853834526,0.8988684210526315,17,122,2023-06-01,NA,NA,NA,NA,0
Killarney,2023,6,night,31478,6.4167,4905.636853834526,0.8988684210526315,20,122,2023-06-01,NA,NA,NA,NA,0
Killarney,2023,7,day,31478,6.4167,4905.636853834526,0.8988684210526315,19,122.1,2023-07-01,3.35669994354248,61,61,1,0
Killarney,2023,7,night,31478,6.4167,4905.636853834526,0.8988684210526315,23,122.1,2023-07-01,3.35669994354248,61,61,1,0
Killarney,2023,8,day,31478,6.4167,4905.636853834526,0.8988684210526315,17,122.1,2023-08-01,3.00701904296875,61,61,1,0
Killarney,2023,8,night,31478,6.4167,4905.636853834526,0.8988684210526315,28,122.1,2023-08-01,3.00701904296875,61,61,1,0
Killarney,2023,9,day,31478,6.4167,4905.636853834526,0.8988684210526315,12,122.5,2023-09-01,2.91816163063049,61,61,1,0
Killarney,2023,9,night,31478,6.4167,4905.636853834526,0.8988684210526315,28,122.5,2023-09-01,2.91816163063049,61,61,1,0
Killarney,2023,10,day,31478,6.4167,4905.636853834526,0.8988684210526315,20,122.5,2023-10-01,2.82700634002686,61,61,1,0
Killarney,2023,10,night,31478,6.4167,4905.636853834526,0.8988684210526315,28,122.5,2023-10-01,2.82700634002686,61,61,1,0
Killarney,2023,11,day,31478,6.4167,4905.636853834526,0.8988684210526315,11,122.5,2023-11-01,2.48096823692322,61,61,1,0
Killarney,2023,11,night,31478,6.4167,4905.636853834526,0.8988684210526315,33,122.5,2023-11-01,2.48096823692322,61,61,1,0
Killarney,2023,12,day,31478,6.4167,4905.636853834526,0.8988684210526315,20,122.5,2023-12-01,2.52561330795288,61,61,1,0
Killarney,2023,12,night,31478,6.4167,4905.636853834526,0.8988684210526315,37,122.5,2023-12-01,2.52561330795288,61,61,1,0
Kitsilano,2014,1,day,41274,5.32674,7748.454026290001,0.7799601408450705,29,94.8,2014-01-01,3.73938298225403,67,67,1,0
Kitsilano,2014,1,night,41274,5.32674,7748.454026290001,0.7799601408450705,84,94.8,2014-01-01,3.73938298225403,67,67,1,0
Kitsilano,2014,2,day,41274,5.32674,7748.454026290001,0.7799601408450705,22,94.8,2014-02-01,4.10222625732422,67,65,0.970149253731343,0
Kitsilano,2014,2,night,41274,5.32674,7748.454026290001,0.7799601408450705,42,94.8,2014-02-01,4.10222625732422,67,65,0.970149253731343,0
Kitsilano,2014,3,day,41274,5.32674,7748.454026290001,0.7799601408450705,28,94.8,2014-03-01,4.23202991485596,67,67,1,0
Kitsilano,2014,3,night,41274,5.32674,7748.454026290001,0.7799601408450705,50,94.8,2014-03-01,4.23202991485596,67,67,1,0
Kitsilano,2014,4,day,41274,5.32674,7748.454026290001,0.7799601408450705,41,101.7,2014-04-01,4.01141357421875,67,67,1,0
Kitsilano,2014,4,night,41274,5.32674,7748.454026290001,0.7799601408450705,62,101.7,2014-04-01,4.01141357421875,67,67,1,0
Kitsilano,2014,5,day,41274,5.32674,7748.454026290001,0.7799601408450705,42,101.7,2014-05-01,4.37032985687256,67,67,1,0
Kitsilano,2014,5,night,41274,5.32674,7748.454026290001,0.7799601408450705,76,101.7,2014-05-01,4.37032985687256,67,67,1,0
Kitsilano,2014,6,day,41274,5.32674,7748.454026290001,0.7799601408450705,61,101.7,2014-06-01,NA,NA,NA,NA,0
Kitsilano,2014,6,night,41274,5.32674,7748.454026290001,0.7799601408450705,63,101.7,2014-06-01,NA,NA,NA,NA,0
Kitsilano,2014,7,day,41274,5.32674,7748.454026290001,0.7799601408450705,35,101.7,2014-07-01,4.0821704864502,67,67,1,0
Kitsilano,2014,7,night,41274,5.32674,7748.454026290001,0.7799601408450705,56,101.7,2014-07-01,4.0821704864502,67,67,1,0
Kitsilano,2014,8,day,41274,5.32674,7748.454026290001,0.7799601408450705,44,101.7,2014-08-01,4.08437395095825,67,67,1,0
Kitsilano,2014,8,night,41274,5.32674,7748.454026290001,0.7799601408450705,67,101.7,2014-08-01,4.08437395095825,67,67,1,0
Kitsilano,2014,9,day,41274,5.32674,7748.454026290001,0.7799601408450705,57,101.7,2014-09-01,3.76640462875366,67,67,1,0
Kitsilano,2014,9,night,41274,5.32674,7748.454026290001,0.7799601408450705,96,101.7,2014-09-01,3.76640462875366,67,67,1,0
Kitsilano,2014,10,day,41274,5.32674,7748.454026290001,0.7799601408450705,41,101.7,2014-10-01,3.64052081108093,67,67,1,0
Kitsilano,2014,10,night,41274,5.32674,7748.454026290001,0.7799601408450705,78,101.7,2014-10-01,3.64052081108093,67,67,1,0
Kitsilano,2014,11,day,41274,5.32674,7748.454026290001,0.7799601408450705,36,101.7,2014-11-01,3.88731026649475,67,67,1,0
Kitsilano,2014,11,night,41274,5.32674,7748.454026290001,0.7799601408450705,66,101.7,2014-11-01,3.88731026649475,67,67,1,0
Kitsilano,2014,12,day,41274,5.32674,7748.454026290001,0.7799601408450705,24,101.7,2014-12-01,4.0621862411499,67,67,1,0
Kitsilano,2014,12,night,41274,5.32674,7748.454026290001,0.7799601408450705,82,101.7,2014-12-01,4.0621862411499,67,67,1,0
Kitsilano,2015,1,day,41274,5.32674,7748.454026290001,0.7799601408450705,22,101.7,2015-01-01,3.5835108757019,67,66,0.985074626865672,0
Kitsilano,2015,1,night,41274,5.32674,7748.454026290001,0.7799601408450705,101,101.7,2015-01-01,3.5835108757019,67,66,0.985074626865672,0
Kitsilano,2015,2,day,41274,5.32674,7748.454026290001,0.7799601408450705,32,101.7,2015-02-01,4.00759601593018,67,67,1,0
Kitsilano,2015,2,night,41274,5.32674,7748.454026290001,0.7799601408450705,87,101.7,2015-02-01,4.00759601593018,67,67,1,0
Kitsilano,2015,3,day,41274,5.32674,7748.454026290001,0.7799601408450705,35,101.7,2015-03-01,3.98603940010071,67,67,1,0
Kitsilano,2015,3,night,41274,5.32674,7748.454026290001,0.7799601408450705,68,101.7,2015-03-01,3.98603940010071,67,67,1,0
Kitsilano,2015,4,day,41274,5.32674,7748.454026290001,0.7799601408450705,38,107.7,2015-04-01,4.10927438735962,67,67,1,0
Kitsilano,2015,4,night,41274,5.32674,7748.454026290001,0.7799601408450705,80,107.7,2015-04-01,4.10927438735962,67,67,1,0
Kitsilano,2015,5,day,41274,5.32674,7748.454026290001,0.7799601408450705,43,107.7,2015-05-01,4.02381086349487,67,66,0.985074626865672,0
Kitsilano,2015,5,night,41274,5.32674,7748.454026290001,0.7799601408450705,84,107.7,2015-05-01,4.02381086349487,67,66,0.985074626865672,0
Kitsilano,2015,6,day,41274,5.32674,7748.454026290001,0.7799601408450705,63,107.7,2015-06-01,NA,NA,NA,NA,0
Kitsilano,2015,6,night,41274,5.32674,7748.454026290001,0.7799601408450705,69,107.7,2015-06-01,NA,NA,NA,NA,0
Kitsilano,2015,7,day,41274,5.32674,7748.454026290001,0.7799601408450705,47,107.7,2015-07-01,4.30879020690918,67,66,0.985074626865672,0
Kitsilano,2015,7,night,41274,5.32674,7748.454026290001,0.7799601408450705,92,107.7,2015-07-01,4.30879020690918,67,66,0.985074626865672,0
Kitsilano,2015,8,day,41274,5.32674,7748.454026290001,0.7799601408450705,53,107.7,2015-08-01,3.62001490592957,67,67,1,0
Kitsilano,2015,8,night,41274,5.32674,7748.454026290001,0.7799601408450705,95,107.7,2015-08-01,3.62001490592957,67,67,1,0
Kitsilano,2015,9,day,41274,5.32674,7748.454026290001,0.7799601408450705,59,107.7,2015-09-01,3.29983496665955,67,67,1,0
Kitsilano,2015,9,night,41274,5.32674,7748.454026290001,0.7799601408450705,80,107.7,2015-09-01,3.29983496665955,67,67,1,0
Kitsilano,2015,10,day,41274,5.32674,7748.454026290001,0.7799601408450705,50,107.7,2015-10-01,3.77891755104065,67,67,1,0
Kitsilano,2015,10,night,41274,5.32674,7748.454026290001,0.7799601408450705,85,107.7,2015-10-01,3.77891755104065,67,67,1,0
Kitsilano,2015,11,day,41274,5.32674,7748.454026290001,0.7799601408450705,62,107.7,2015-11-01,3.51265788078308,67,67,1,0
Kitsilano,2015,11,night,41274,5.32674,7748.454026290001,0.7799601408450705,95,107.7,2015-11-01,3.51265788078308,67,67,1,0
Kitsilano,2015,12,day,41274,5.32674,7748.454026290001,0.7799601408450705,63,107.7,2015-12-01,2.07181644439697,67,65,0.970149253731343,0
Kitsilano,2015,12,night,41274,5.32674,7748.454026290001,0.7799601408450705,99,107.7,2015-12-01,2.07181644439697,67,65,0.970149253731343,0
Kitsilano,2016,1,day,41274,5.32674,7748.454026290001,0.7799601408450705,47,107.7,2016-01-01,3.46231985092163,67,67,1,0
Kitsilano,2016,1,night,41274,5.32674,7748.454026290001,0.7799601408450705,119,107.7,2016-01-01,3.46231985092163,67,67,1,0
Kitsilano,2016,2,day,41274,5.32674,7748.454026290001,0.7799601408450705,33,107.6,2016-02-01,2.9197986125946,67,64,0.955223880597015,0
Kitsilano,2016,2,night,41274,5.32674,7748.454026290001,0.7799601408450705,66,107.6,2016-02-01,2.9197986125946,67,64,0.955223880597015,0
Kitsilano,2016,3,day,41274,5.32674,7748.454026290001,0.7799601408450705,48,107.7,2016-03-01,4.45363473892212,67,66,0.985074626865672,0
Kitsilano,2016,3,night,41274,5.32674,7748.454026290001,0.7799601408450705,80,107.7,2016-03-01,4.45363473892212,67,66,0.985074626865672,0
Kitsilano,2016,4,day,41274,5.32674,7748.454026290001,0.7799601408450705,59,112.2,2016-04-01,3.99651527404785,67,67,1,0
Kitsilano,2016,4,night,41274,5.32674,7748.454026290001,0.7799601408450705,83,112.2,2016-04-01,3.99651527404785,67,67,1,0
Kitsilano,2016,5,day,41274,5.32674,7748.454026290001,0.7799601408450705,54,112.3,2016-05-01,3.77083539962769,67,67,1,0
Kitsilano,2016,5,night,41274,5.32674,7748.454026290001,0.7799601408450705,96,112.3,2016-05-01,3.77083539962769,67,67,1,0
Kitsilano,2016,6,day,41274,5.32674,7748.454026290001,0.7799601408450705,65,112.2,2016-06-01,NA,NA,NA,NA,0
Kitsilano,2016,6,night,41274,5.32674,7748.454026290001,0.7799601408450705,102,112.2,2016-06-01,NA,NA,NA,NA,0
Kitsilano,2016,7,day,41274,5.32674,7748.454026290001,0.7799601408450705,59,112.3,2016-07-01,3.58094477653503,67,67,1,0
Kitsilano,2016,7,night,41274,5.32674,7748.454026290001,0.7799601408450705,116,112.3,2016-07-01,3.58094477653503,67,67,1,0
Kitsilano,2016,8,day,41274,5.32674,7748.454026290001,0.7799601408450705,74,112.3,2016-08-01,3.87442517280579,67,67,1,0
Kitsilano,2016,8,night,41274,5.32674,7748.454026290001,0.7799601408450705,107,112.3,2016-08-01,3.87442517280579,67,67,1,0
Kitsilano,2016,9,day,41274,5.32674,7748.454026290001,0.7799601408450705,53,112.2,2016-09-01,3.40547966957092,67,67,1,0
Kitsilano,2016,9,night,41274,5.32674,7748.454026290001,0.7799601408450705,83,112.2,2016-09-01,3.40547966957092,67,67,1,0
Kitsilano,2016,10,day,41274,5.32674,7748.454026290001,0.7799601408450705,45,112.3,2016-10-01,3.22948932647705,67,67,1,0
Kitsilano,2016,10,night,41274,5.32674,7748.454026290001,0.7799601408450705,76,112.3,2016-10-01,3.22948932647705,67,67,1,0
Kitsilano,2016,11,day,41274,5.32674,7748.454026290001,0.7799601408450705,34,112.2,2016-11-01,2.72850131988525,67,67,1,0
Kitsilano,2016,11,night,41274,5.32674,7748.454026290001,0.7799601408450705,77,112.2,2016-11-01,2.72850131988525,67,67,1,0
Kitsilano,2016,12,day,41274,5.32674,7748.454026290001,0.7799601408450705,28,112.3,2016-12-01,3.14311766624451,67,67,1,0
Kitsilano,2016,12,night,41274,5.32674,7748.454026290001,0.7799601408450705,54,112.3,2016-12-01,3.14311766624451,67,67,1,0
Kitsilano,2017,1,day,41274,5.32674,7748.454026290001,0.7799601408450705,25,112.3,2017-01-01,5.52893781661987,67,67,1,0
Kitsilano,2017,1,night,41274,5.32674,7748.454026290001,0.7799601408450705,58,112.3,2017-01-01,5.52893781661987,67,67,1,0
Kitsilano,2017,2,day,41274,5.32674,7748.454026290001,0.7799601408450705,32,112.1,2017-02-01,5.01916646957397,67,67,1,0
Kitsilano,2017,2,night,41274,5.32674,7748.454026290001,0.7799601408450705,73,112.1,2017-02-01,5.01916646957397,67,67,1,0
Kitsilano,2017,3,day,41274,5.32674,7748.454026290001,0.7799601408450705,29,112.3,2017-03-01,4.41803789138794,67,67,1,0
Kitsilano,2017,3,night,41274,5.32674,7748.454026290001,0.7799601408450705,78,112.3,2017-03-01,4.41803789138794,67,67,1,0
Kitsilano,2017,4,day,41274,5.32674,7748.454026290001,0.7799601408450705,26,115.2,2017-04-01,4.0467700958252,67,67,1,0
Kitsilano,2017,4,night,41274,5.32674,7748.454026290001,0.7799601408450705,63,115.2,2017-04-01,4.0467700958252,67,67,1,0
Kitsilano,2017,5,day,41274,5.32674,7748.454026290001,0.7799601408450705,56,115.3,2017-05-01,4.43225336074829,67,67,1,0
Kitsilano,2017,5,night,41274,5.32674,7748.454026290001,0.7799601408450705,86,115.3,2017-05-01,4.43225336074829,67,67,1,0
Kitsilano,2017,6,day,41274,5.32674,7748.454026290001,0.7799601408450705,50,115.2,2017-06-01,NA,NA,NA,NA,0
Kitsilano,2017,6,night,41274,5.32674,7748.454026290001,0.7799601408450705,75,115.2,2017-06-01,NA,NA,NA,NA,0
Kitsilano,2017,7,day,41274,5.32674,7748.454026290001,0.7799601408450705,73,115.3,2017-07-01,4.31099605560303,67,67,1,0
Kitsilano,2017,7,night,41274,5.32674,7748.454026290001,0.7799601408450705,122,115.3,2017-07-01,4.31099605560303,67,67,1,0
Kitsilano,2017,8,day,41274,5.32674,7748.454026290001,0.7799601408450705,53,115.3,2017-08-01,3.64875531196594,67,67,1,0
Kitsilano,2017,8,night,41274,5.32674,7748.454026290001,0.7799601408450705,83,115.3,2017-08-01,3.64875531196594,67,67,1,0
Kitsilano,2017,9,day,41274,5.32674,7748.454026290001,0.7799601408450705,40,115.2,2017-09-01,3.56752038002014,67,67,1,0
Kitsilano,2017,9,night,41274,5.32674,7748.454026290001,0.7799601408450705,73,115.2,2017-09-01,3.56752038002014,67,67,1,0
Kitsilano,2017,10,day,41274,5.32674,7748.454026290001,0.7799601408450705,33,115.3,2017-10-01,3.8020396232605,67,67,1,0
Kitsilano,2017,10,night,41274,5.32674,7748.454026290001,0.7799601408450705,86,115.3,2017-10-01,3.8020396232605,67,67,1,0
Kitsilano,2017,11,day,41274,5.32674,7748.454026290001,0.7799601408450705,32,115.2,2017-11-01,2.58068561553955,67,66,0.985074626865672,0
Kitsilano,2017,11,night,41274,5.32674,7748.454026290001,0.7799601408450705,78,115.2,2017-11-01,2.58068561553955,67,66,0.985074626865672,0
Kitsilano,2017,12,day,41274,5.32674,7748.454026290001,0.7799601408450705,32,115.3,2017-12-01,3.76274275779724,67,67,1,0
Kitsilano,2017,12,night,41274,5.32674,7748.454026290001,0.7799601408450705,97,115.3,2017-12-01,3.76274275779724,67,67,1,0
Kitsilano,2018,1,day,41274,5.32674,7748.454026290001,0.7799601408450705,26,115.3,2018-01-01,3.75172090530396,67,67,1,0
Kitsilano,2018,1,night,41274,5.32674,7748.454026290001,0.7799601408450705,107,115.3,2018-01-01,3.75172090530396,67,67,1,0
Kitsilano,2018,2,day,41274,5.32674,7748.454026290001,0.7799601408450705,33,115.1,2018-02-01,5.55166673660278,67,67,1,0
Kitsilano,2018,2,night,41274,5.32674,7748.454026290001,0.7799601408450705,72,115.1,2018-02-01,5.55166673660278,67,67,1,0
Kitsilano,2018,3,day,41274,5.32674,7748.454026290001,0.7799601408450705,35,115.3,2018-03-01,4.39134359359741,67,67,1,0
Kitsilano,2018,3,night,41274,5.32674,7748.454026290001,0.7799601408450705,78,115.3,2018-03-01,4.39134359359741,67,67,1,0
Kitsilano,2018,4,day,41274,5.32674,7748.454026290001,0.7799601408450705,60,118.7,2018-04-01,4.58026075363159,67,67,1,0
Kitsilano,2018,4,night,41274,5.32674,7748.454026290001,0.7799601408450705,98,118.7,2018-04-01,4.58026075363159,67,67,1,0
Kitsilano,2018,5,day,41274,5.32674,7748.454026290001,0.7799601408450705,48,118.8,2018-05-01,4.17148113250732,67,67,1,0
Kitsilano,2018,5,night,41274,5.32674,7748.454026290001,0.7799601408450705,87,118.8,2018-05-01,4.17148113250732,67,67,1,0
Kitsilano,2018,6,day,41274,5.32674,7748.454026290001,0.7799601408450705,44,118.7,2018-06-01,NA,NA,NA,NA,0
Kitsilano,2018,6,night,41274,5.32674,7748.454026290001,0.7799601408450705,102,118.7,2018-06-01,NA,NA,NA,NA,0
Kitsilano,2018,7,day,41274,5.32674,7748.454026290001,0.7799601408450705,53,118.8,2018-07-01,4.25294399261475,67,67,1,0
Kitsilano,2018,7,night,41274,5.32674,7748.454026290001,0.7799601408450705,90,118.8,2018-07-01,4.25294399261475,67,67,1,0
Kitsilano,2018,8,day,41274,5.32674,7748.454026290001,0.7799601408450705,66,118.8,2018-08-01,3.14390969276428,67,67,1,0
Kitsilano,2018,8,night,41274,5.32674,7748.454026290001,0.7799601408450705,103,118.8,2018-08-01,3.14390969276428,67,67,1,0
Kitsilano,2018,9,day,41274,5.32674,7748.454026290001,0.7799601408450705,66,118.7,2018-09-01,3.45406270027161,67,67,1,0
Kitsilano,2018,9,night,41274,5.32674,7748.454026290001,0.7799601408450705,92,118.7,2018-09-01,3.45406270027161,67,67,1,0
Kitsilano,2018,10,day,41274,5.32674,7748.454026290001,0.7799601408450705,51,118.8,2018-10-01,3.70029187202454,67,67,1,0
Kitsilano,2018,10,night,41274,5.32674,7748.454026290001,0.7799601408450705,91,118.8,2018-10-01,3.70029187202454,67,67,1,0
Kitsilano,2018,11,day,41274,5.32674,7748.454026290001,0.7799601408450705,32,118.7,2018-11-01,3.14321041107178,67,67,1,0
Kitsilano,2018,11,night,41274,5.32674,7748.454026290001,0.7799601408450705,76,118.7,2018-11-01,3.14321041107178,67,67,1,0
Kitsilano,2018,12,day,41274,5.32674,7748.454026290001,0.7799601408450705,37,118.8,2018-12-01,3.4378707408905,67,67,1,0
Kitsilano,2018,12,night,41274,5.32674,7748.454026290001,0.7799601408450705,63,118.8,2018-12-01,3.4378707408905,67,67,1,0
Kitsilano,2019,1,day,42649,5.3275,8005.44345377757,0.9306901408450704,33,118.8,2019-01-01,3.01508331298828,67,67,1,0
Kitsilano,2019,1,night,42649,5.3275,8005.44345377757,0.9306901408450704,82,118.8,2019-01-01,3.01508331298828,67,67,1,0
Kitsilano,2019,2,day,42649,5.3275,8005.44345377757,0.9306901408450704,33,118.6,2019-02-01,4.19011402130127,67,67,1,0
Kitsilano,2019,2,night,42649,5.3275,8005.44345377757,0.9306901408450704,58,118.6,2019-02-01,4.19011402130127,67,67,1,0
Kitsilano,2019,3,day,42649,5.3275,8005.44345377757,0.9306901408450704,47,118.8,2019-03-01,4.50383710861206,67,67,1,0
Kitsilano,2019,3,night,42649,5.3275,8005.44345377757,0.9306901408450704,73,118.8,2019-03-01,4.50383710861206,67,67,1,0
Kitsilano,2019,4,day,42649,5.3275,8005.44345377757,0.9306901408450704,48,120.9,2019-04-01,4.24285411834717,67,67,1,0
Kitsilano,2019,4,night,42649,5.3275,8005.44345377757,0.9306901408450704,60,120.9,2019-04-01,4.24285411834717,67,67,1,0
Kitsilano,2019,5,day,42649,5.3275,8005.44345377757,0.9306901408450704,53,120.9,2019-05-01,4.33718061447144,67,67,1,0
Kitsilano,2019,5,night,42649,5.3275,8005.44345377757,0.9306901408450704,75,120.9,2019-05-01,4.33718061447144,67,67,1,0
Kitsilano,2019,6,day,42649,5.3275,8005.44345377757,0.9306901408450704,50,120.9,2019-06-01,NA,NA,NA,NA,0
Kitsilano,2019,6,night,42649,5.3275,8005.44345377757,0.9306901408450704,63,120.9,2019-06-01,NA,NA,NA,NA,0
Kitsilano,2019,7,day,42649,5.3275,8005.44345377757,0.9306901408450704,57,120.9,2019-07-01,4.41887855529785,67,66,0.985074626865672,0
Kitsilano,2019,7,night,42649,5.3275,8005.44345377757,0.9306901408450704,70,120.9,2019-07-01,4.41887855529785,67,66,0.985074626865672,0
Kitsilano,2019,8,day,42649,5.3275,8005.44345377757,0.9306901408450704,57,120.9,2019-08-01,3.96951937675476,67,67,1,0
Kitsilano,2019,8,night,42649,5.3275,8005.44345377757,0.9306901408450704,85,120.9,2019-08-01,3.96951937675476,67,67,1,0
Kitsilano,2019,9,day,42649,5.3275,8005.44345377757,0.9306901408450704,55,120.9,2019-09-01,3.86104774475098,67,67,1,0
Kitsilano,2019,9,night,42649,5.3275,8005.44345377757,0.9306901408450704,86,120.9,2019-09-01,3.86104774475098,67,67,1,0
Kitsilano,2019,10,day,42649,5.3275,8005.44345377757,0.9306901408450704,61,120.9,2019-10-01,3.75865840911865,67,67,1,0
Kitsilano,2019,10,night,42649,5.3275,8005.44345377757,0.9306901408450704,111,120.9,2019-10-01,3.75865840911865,67,67,1,0
Kitsilano,2019,11,day,42649,5.3275,8005.44345377757,0.9306901408450704,42,120.9,2019-11-01,3.97760152816772,67,67,1,0
Kitsilano,2019,11,night,42649,5.3275,8005.44345377757,0.9306901408450704,93,120.9,2019-11-01,3.97760152816772,67,67,1,0
Kitsilano,2019,12,day,42649,5.3275,8005.44345377757,0.9306901408450704,36,120.9,2019-12-01,3.19042706489563,67,67,1,0
Kitsilano,2019,12,night,42649,5.3275,8005.44345377757,0.9306901408450704,77,120.9,2019-12-01,3.19042706489563,67,67,1,0
Kitsilano,2020,1,day,42649,5.3275,8005.44345377757,0.9306901408450704,46,120.9,2020-01-01,4.81007623672485,67,58,0.865671641791045,0
Kitsilano,2020,1,night,42649,5.3275,8005.44345377757,0.9306901408450704,91,120.9,2020-01-01,4.81007623672485,67,58,0.865671641791045,0
Kitsilano,2020,2,day,42649,5.3275,8005.44345377757,0.9306901408450704,24,120.8,2020-02-01,3.94909620285034,67,67,1,0
Kitsilano,2020,2,night,42649,5.3275,8005.44345377757,0.9306901408450704,92,120.8,2020-02-01,3.94909620285034,67,67,1,0
Kitsilano,2020,3,day,42649,5.3275,8005.44345377757,0.9306901408450704,52,120.9,2020-03-01,4.27539920806885,67,67,1,0
Kitsilano,2020,3,night,42649,5.3275,8005.44345377757,0.9306901408450704,86,120.9,2020-03-01,4.27539920806885,67,67,1,0
Kitsilano,2020,4,day,42649,5.3275,8005.44345377757,0.9306901408450704,51,119.6,2020-04-01,4.34336757659912,67,67,1,0
Kitsilano,2020,4,night,42649,5.3275,8005.44345377757,0.9306901408450704,95,119.6,2020-04-01,4.34336757659912,67,67,1,0
Kitsilano,2020,5,day,42649,5.3275,8005.44345377757,0.9306901408450704,38,119.7,2020-05-01,4.33499526977539,67,67,1,0
Kitsilano,2020,5,night,42649,5.3275,8005.44345377757,0.9306901408450704,58,119.7,2020-05-01,4.33499526977539,67,67,1,0
Kitsilano,2020,6,day,42649,5.3275,8005.44345377757,0.9306901408450704,45,119.6,2020-06-01,NA,NA,NA,NA,0
Kitsilano,2020,6,night,42649,5.3275,8005.44345377757,0.9306901408450704,60,119.6,2020-06-01,NA,NA,NA,NA,0
Kitsilano,2020,7,day,42649,5.3275,8005.44345377757,0.9306901408450704,60,119.7,2020-07-01,3.88371014595032,67,67,1,0
Kitsilano,2020,7,night,42649,5.3275,8005.44345377757,0.9306901408450704,90,119.7,2020-07-01,3.88371014595032,67,67,1,0
Kitsilano,2020,8,day,42649,5.3275,8005.44345377757,0.9306901408450704,46,119.7,2020-08-01,3.92517709732056,67,67,1,0
Kitsilano,2020,8,night,42649,5.3275,8005.44345377757,0.9306901408450704,65,119.7,2020-08-01,3.92517709732056,67,67,1,0
Kitsilano,2020,9,day,42649,5.3275,8005.44345377757,0.9306901408450704,36,119.6,2020-09-01,3.79224419593811,67,67,1,0
Kitsilano,2020,9,night,42649,5.3275,8005.44345377757,0.9306901408450704,85,119.6,2020-09-01,3.79224419593811,67,67,1,0
Kitsilano,2020,10,day,42649,5.3275,8005.44345377757,0.9306901408450704,47,119.7,2020-10-01,3.43640160560608,67,67,1,0
Kitsilano,2020,10,night,42649,5.3275,8005.44345377757,0.9306901408450704,71,119.7,2020-10-01,3.43640160560608,67,67,1,0
Kitsilano,2020,11,day,42649,5.3275,8005.44345377757,0.9306901408450704,31,119.6,2020-11-01,3.70050477981567,67,66,0.985074626865672,0
Kitsilano,2020,11,night,42649,5.3275,8005.44345377757,0.9306901408450704,60,119.6,2020-11-01,3.70050477981567,67,66,0.985074626865672,0
Kitsilano,2020,12,day,42649,5.3275,8005.44345377757,0.9306901408450704,22,119.7,2020-12-01,2.55365133285522,67,67,1,0
Kitsilano,2020,12,night,42649,5.3275,8005.44345377757,0.9306901408450704,54,119.7,2020-12-01,2.55365133285522,67,67,1,0
Kitsilano,2021,1,day,42649,5.3275,8005.44345377757,0.9306901408450704,27,119.7,2021-01-01,1.78763008117676,67,67,1,0
Kitsilano,2021,1,night,42649,5.3275,8005.44345377757,0.9306901408450704,62,119.7,2021-01-01,1.78763008117676,67,67,1,0
Kitsilano,2021,2,day,42649,5.3275,8005.44345377757,0.9306901408450704,21,119.5,2021-02-01,4.02755737304688,67,67,1,0
Kitsilano,2021,2,night,42649,5.3275,8005.44345377757,0.9306901408450704,52,119.5,2021-02-01,4.02755737304688,67,67,1,0
Kitsilano,2021,3,day,42649,5.3275,8005.44345377757,0.9306901408450704,34,119.7,2021-03-01,4.33530569076538,67,67,1,0
Kitsilano,2021,3,night,42649,5.3275,8005.44345377757,0.9306901408450704,35,119.7,2021-03-01,4.33530569076538,67,67,1,0
Kitsilano,2021,4,day,42649,5.3275,8005.44345377757,0.9306901408450704,42,120.1,2021-04-01,4.26436138153076,67,67,1,0
Kitsilano,2021,4,night,42649,5.3275,8005.44345377757,0.9306901408450704,75,120.1,2021-04-01,4.26436138153076,67,67,1,0
Kitsilano,2021,5,day,42649,5.3275,8005.44345377757,0.9306901408450704,34,120.1,2021-05-01,4.08036613464355,67,67,1,0
Kitsilano,2021,5,night,42649,5.3275,8005.44345377757,0.9306901408450704,59,120.1,2021-05-01,4.08036613464355,67,67,1,0
Kitsilano,2021,6,day,42649,5.3275,8005.44345377757,0.9306901408450704,46,120.1,2021-06-01,NA,NA,NA,NA,0
Kitsilano,2021,6,night,42649,5.3275,8005.44345377757,0.9306901408450704,72,120.1,2021-06-01,NA,NA,NA,NA,0
Kitsilano,2021,7,day,42649,5.3275,8005.44345377757,0.9306901408450704,43,120.1,2021-07-01,4.03545236587524,67,67,1,0
Kitsilano,2021,7,night,42649,5.3275,8005.44345377757,0.9306901408450704,71,120.1,2021-07-01,4.03545236587524,67,67,1,0
Kitsilano,2021,8,day,42649,5.3275,8005.44345377757,0.9306901408450704,33,120.1,2021-08-01,3.12198710441589,67,67,1,0
Kitsilano,2021,8,night,42649,5.3275,8005.44345377757,0.9306901408450704,52,120.1,2021-08-01,3.12198710441589,67,67,1,0
Kitsilano,2021,9,day,42649,5.3275,8005.44345377757,0.9306901408450704,16,120.1,2021-09-01,3.68705010414124,67,67,1,0
Kitsilano,2021,9,night,42649,5.3275,8005.44345377757,0.9306901408450704,45,120.1,2021-09-01,3.68705010414124,67,67,1,0
Kitsilano,2021,10,day,42649,5.3275,8005.44345377757,0.9306901408450704,34,120.1,2021-10-01,3.8581919670105,67,67,1,0
Kitsilano,2021,10,night,42649,5.3275,8005.44345377757,0.9306901408450704,39,120.1,2021-10-01,3.8581919670105,67,67,1,0
Kitsilano,2021,11,day,42649,5.3275,8005.44345377757,0.9306901408450704,21,120.1,2021-11-01,3.62825727462769,67,65,0.970149253731343,0
Kitsilano,2021,11,night,42649,5.3275,8005.44345377757,0.9306901408450704,45,120.1,2021-11-01,3.62825727462769,67,65,0.970149253731343,0
Kitsilano,2021,12,day,42649,5.3275,8005.44345377757,0.9306901408450704,21,120.1,2021-12-01,6.22323894500732,67,67,1,0
Kitsilano,2021,12,night,42649,5.3275,8005.44345377757,0.9306901408450704,43,120.1,2021-12-01,6.22323894500732,67,67,1,0
Kitsilano,2022,1,day,42649,5.3275,8005.44345377757,0.9306901408450704,20,120.1,2022-01-01,2.69466996192932,67,67,1,0
Kitsilano,2022,1,night,42649,5.3275,8005.44345377757,0.9306901408450704,36,120.1,2022-01-01,2.69466996192932,67,67,1,0
Kitsilano,2022,2,day,42649,5.3275,8005.44345377757,0.9306901408450704,19,120,2022-02-01,3.7879946231842,67,67,1,0
Kitsilano,2022,2,night,42649,5.3275,8005.44345377757,0.9306901408450704,49,120,2022-02-01,3.7879946231842,67,67,1,0
Kitsilano,2022,3,day,42649,5.3275,8005.44345377757,0.9306901408450704,30,120.1,2022-03-01,4.19010639190674,67,67,1,0
Kitsilano,2022,3,night,42649,5.3275,8005.44345377757,0.9306901408450704,38,120.1,2022-03-01,4.19010639190674,67,67,1,0
Kitsilano,2022,4,day,42649,5.3275,8005.44345377757,0.9306901408450704,35,120.9,2022-04-01,4.44375228881836,67,67,1,0
Kitsilano,2022,4,night,42649,5.3275,8005.44345377757,0.9306901408450704,45,120.9,2022-04-01,4.44375228881836,67,67,1,0
Kitsilano,2022,5,day,42649,5.3275,8005.44345377757,0.9306901408450704,31,120.9,2022-05-01,4.39607286453247,67,67,1,0
Kitsilano,2022,5,night,42649,5.3275,8005.44345377757,0.9306901408450704,43,120.9,2022-05-01,4.39607286453247,67,67,1,0
Kitsilano,2022,6,day,42649,5.3275,8005.44345377757,0.9306901408450704,24,120.9,2022-06-01,NA,NA,NA,NA,0
Kitsilano,2022,6,night,42649,5.3275,8005.44345377757,0.9306901408450704,42,120.9,2022-06-01,NA,NA,NA,NA,0
Kitsilano,2022,7,day,42649,5.3275,8005.44345377757,0.9306901408450704,36,120.9,2022-07-01,4.24203062057495,67,66,0.985074626865672,0
Kitsilano,2022,7,night,42649,5.3275,8005.44345377757,0.9306901408450704,58,120.9,2022-07-01,4.24203062057495,67,66,0.985074626865672,0
Kitsilano,2022,8,day,42649,5.3275,8005.44345377757,0.9306901408450704,40,120.9,2022-08-01,3.66674709320068,67,67,1,0
Kitsilano,2022,8,night,42649,5.3275,8005.44345377757,0.9306901408450704,56,120.9,2022-08-01,3.66674709320068,67,67,1,0
Kitsilano,2022,9,day,42649,5.3275,8005.44345377757,0.9306901408450704,48,120.9,2022-09-01,4.27131795883179,67,67,1,0
Kitsilano,2022,9,night,42649,5.3275,8005.44345377757,0.9306901408450704,52,120.9,2022-09-01,4.27131795883179,67,67,1,0
Kitsilano,2022,10,day,42649,5.3275,8005.44345377757,0.9306901408450704,37,120.9,2022-10-01,3.68416285514832,67,67,1,0
Kitsilano,2022,10,night,42649,5.3275,8005.44345377757,0.9306901408450704,50,120.9,2022-10-01,3.68416285514832,67,67,1,0
Kitsilano,2022,11,day,42649,5.3275,8005.44345377757,0.9306901408450704,15,120.9,2022-11-01,2.98807525634766,67,67,1,0
Kitsilano,2022,11,night,42649,5.3275,8005.44345377757,0.9306901408450704,48,120.9,2022-11-01,2.98807525634766,67,67,1,0
Kitsilano,2022,12,day,42649,5.3275,8005.44345377757,0.9306901408450704,18,120.9,2022-12-01,5.76857328414917,67,66,0.985074626865672,0
Kitsilano,2022,12,night,42649,5.3275,8005.44345377757,0.9306901408450704,30,120.9,2022-12-01,5.76857328414917,67,66,0.985074626865672,0
Kitsilano,2023,1,day,42649,5.3275,8005.44345377757,0.9306901408450704,22,120.9,2023-01-01,3.39727520942688,67,67,1,0
Kitsilano,2023,1,night,42649,5.3275,8005.44345377757,0.9306901408450704,50,120.9,2023-01-01,3.39727520942688,67,67,1,0
Kitsilano,2023,2,day,42649,5.3275,8005.44345377757,0.9306901408450704,24,120.7,2023-02-01,4.74612617492676,67,67,1,0
Kitsilano,2023,2,night,42649,5.3275,8005.44345377757,0.9306901408450704,50,120.7,2023-02-01,4.74612617492676,67,67,1,0
Kitsilano,2023,3,day,42649,5.3275,8005.44345377757,0.9306901408450704,23,120.9,2023-03-01,3.62596702575684,67,67,1,0
Kitsilano,2023,3,night,42649,5.3275,8005.44345377757,0.9306901408450704,41,120.9,2023-03-01,3.62596702575684,67,67,1,0
Kitsilano,2023,4,day,42649,5.3275,8005.44345377757,0.9306901408450704,26,122,2023-04-01,3.97890973091125,67,67,1,0
Kitsilano,2023,4,night,42649,5.3275,8005.44345377757,0.9306901408450704,39,122,2023-04-01,3.97890973091125,67,67,1,0
Kitsilano,2023,5,day,42649,5.3275,8005.44345377757,0.9306901408450704,35,122.1,2023-05-01,4.01960325241089,67,67,1,0
Kitsilano,2023,5,night,42649,5.3275,8005.44345377757,0.9306901408450704,35,122.1,2023-05-01,4.01960325241089,67,67,1,0
Kitsilano,2023,6,day,42649,5.3275,8005.44345377757,0.9306901408450704,32,122,2023-06-01,NA,NA,NA,NA,0
Kitsilano,2023,6,night,42649,5.3275,8005.44345377757,0.9306901408450704,42,122,2023-06-01,NA,NA,NA,NA,0
Kitsilano,2023,7,day,42649,5.3275,8005.44345377757,0.9306901408450704,39,122.1,2023-07-01,3.91639280319214,67,67,1,0
Kitsilano,2023,7,night,42649,5.3275,8005.44345377757,0.9306901408450704,63,122.1,2023-07-01,3.91639280319214,67,67,1,0
Kitsilano,2023,8,day,42649,5.3275,8005.44345377757,0.9306901408450704,30,122.1,2023-08-01,3.92419815063477,67,67,1,0
Kitsilano,2023,8,night,42649,5.3275,8005.44345377757,0.9306901408450704,44,122.1,2023-08-01,3.92419815063477,67,67,1,0
Kitsilano,2023,9,day,42649,5.3275,8005.44345377757,0.9306901408450704,33,122.5,2023-09-01,3.60033106803894,67,67,1,0
Kitsilano,2023,9,night,42649,5.3275,8005.44345377757,0.9306901408450704,48,122.5,2023-09-01,3.60033106803894,67,67,1,0
Kitsilano,2023,10,day,42649,5.3275,8005.44345377757,0.9306901408450704,21,122.5,2023-10-01,3.25756049156189,67,67,1,0
Kitsilano,2023,10,night,42649,5.3275,8005.44345377757,0.9306901408450704,51,122.5,2023-10-01,3.25756049156189,67,67,1,0
Kitsilano,2023,11,day,42649,5.3275,8005.44345377757,0.9306901408450704,23,122.5,2023-11-01,3.26031517982483,67,67,1,0
Kitsilano,2023,11,night,42649,5.3275,8005.44345377757,0.9306901408450704,46,122.5,2023-11-01,3.26031517982483,67,67,1,0
Kitsilano,2023,12,day,42649,5.3275,8005.44345377757,0.9306901408450704,25,122.5,2023-12-01,3.71395897865295,67,66,0.985074626865672,0
Kitsilano,2023,12,night,42649,5.3275,8005.44345377757,0.9306901408450704,45,122.5,2023-12-01,3.71395897865295,67,66,0.985074626865672,0
Marpole,2014,1,day,24845,6.4518699999999995,3850.8215447614416,0.635113023255814,19,94.8,2014-01-01,5.28990840911865,54,54,1,0
Marpole,2014,1,night,24845,6.4518699999999995,3850.8215447614416,0.635113023255814,36,94.8,2014-01-01,5.28990840911865,54,54,1,0
Marpole,2014,2,day,24845,6.4518699999999995,3850.8215447614416,0.635113023255814,16,94.8,2014-02-01,5.10974597930908,54,54,1,0
Marpole,2014,2,night,24845,6.4518699999999995,3850.8215447614416,0.635113023255814,28,94.8,2014-02-01,5.10974597930908,54,54,1,0
Marpole,2014,3,day,24845,6.4518699999999995,3850.8215447614416,0.635113023255814,11,94.8,2014-03-01,5.11706018447876,54,54,1,0
Marpole,2014,3,night,24845,6.4518699999999995,3850.8215447614416,0.635113023255814,25,94.8,2014-03-01,5.11706018447876,54,54,1,0
Marpole,2014,4,day,24845,6.4518699999999995,3850.8215447614416,0.635113023255814,18,101.7,2014-04-01,5.42403411865234,54,54,1,0
Marpole,2014,4,night,24845,6.4518699999999995,3850.8215447614416,0.635113023255814,34,101.7,2014-04-01,5.42403411865234,54,54,1,0
Marpole,2014,5,day,24845,6.4518699999999995,3850.8215447614416,0.635113023255814,22,101.7,2014-05-01,6.06790065765381,54,54,1,0
Marpole,2014,5,night,24845,6.4518699999999995,3850.8215447614416,0.635113023255814,26,101.7,2014-05-01,6.06790065765381,54,54,1,0
Marpole,2014,6,day,24845,6.4518699999999995,3850.8215447614416,0.635113023255814,26,101.7,2014-06-01,NA,NA,NA,NA,0
Marpole,2014,6,night,24845,6.4518699999999995,3850.8215447614416,0.635113023255814,23,101.7,2014-06-01,NA,NA,NA,NA,0
Marpole,2014,7,day,24845,6.4518699999999995,3850.8215447614416,0.635113023255814,23,101.7,2014-07-01,6.2405252456665,54,54,1,0
Marpole,2014,7,night,24845,6.4518699999999995,3850.8215447614416,0.635113023255814,48,101.7,2014-07-01,6.2405252456665,54,54,1,0
Marpole,2014,8,day,24845,6.4518699999999995,3850.8215447614416,0.635113023255814,16,101.7,2014-08-01,4.91332197189331,54,54,1,0
Marpole,2014,8,night,24845,6.4518699999999995,3850.8215447614416,0.635113023255814,57,101.7,2014-08-01,4.91332197189331,54,54,1,0
Marpole,2014,9,day,24845,6.4518699999999995,3850.8215447614416,0.635113023255814,18,101.7,2014-09-01,4.69372797012329,54,54,1,0
Marpole,2014,9,night,24845,6.4518699999999995,3850.8215447614416,0.635113023255814,35,101.7,2014-09-01,4.69372797012329,54,54,1,0
Marpole,2014,10,day,24845,6.4518699999999995,3850.8215447614416,0.635113023255814,29,101.7,2014-10-01,4.63412380218506,54,54,1,0
Marpole,2014,10,night,24845,6.4518699999999995,3850.8215447614416,0.635113023255814,60,101.7,2014-10-01,4.63412380218506,54,54,1,0
Marpole,2014,11,day,24845,6.4518699999999995,3850.8215447614416,0.635113023255814,23,101.7,2014-11-01,5.03089332580566,54,54,1,0
Marpole,2014,11,night,24845,6.4518699999999995,3850.8215447614416,0.635113023255814,45,101.7,2014-11-01,5.03089332580566,54,54,1,0
Marpole,2014,12,day,24845,6.4518699999999995,3850.8215447614416,0.635113023255814,20,101.7,2014-12-01,4.88635063171387,54,54,1,0
Marpole,2014,12,night,24845,6.4518699999999995,3850.8215447614416,0.635113023255814,51,101.7,2014-12-01,4.88635063171387,54,54,1,0
Marpole,2015,1,day,24845,6.4518699999999995,3850.8215447614416,0.635113023255814,33,101.7,2015-01-01,4.56209325790405,54,54,1,0
Marpole,2015,1,night,24845,6.4518699999999995,3850.8215447614416,0.635113023255814,30,101.7,2015-01-01,4.56209325790405,54,54,1,0
Marpole,2015,2,day,24845,6.4518699999999995,3850.8215447614416,0.635113023255814,17,101.7,2015-02-01,4.93027877807617,54,54,1,0
Marpole,2015,2,night,24845,6.4518699999999995,3850.8215447614416,0.635113023255814,44,101.7,2015-02-01,4.93027877807617,54,54,1,0
Marpole,2015,3,day,24845,6.4518699999999995,3850.8215447614416,0.635113023255814,19,101.7,2015-03-01,4.89615631103516,54,54,1,0
Marpole,2015,3,night,24845,6.4518699999999995,3850.8215447614416,0.635113023255814,42,101.7,2015-03-01,4.89615631103516,54,54,1,0
Marpole,2015,4,day,24845,6.4518699999999995,3850.8215447614416,0.635113023255814,21,107.7,2015-04-01,4.69105625152588,54,54,1,0
Marpole,2015,4,night,24845,6.4518699999999995,3850.8215447614416,0.635113023255814,29,107.7,2015-04-01,4.69105625152588,54,54,1,0
Marpole,2015,5,day,24845,6.4518699999999995,3850.8215447614416,0.635113023255814,20,107.7,2015-05-01,5.32255172729492,54,54,1,0
Marpole,2015,5,night,24845,6.4518699999999995,3850.8215447614416,0.635113023255814,37,107.7,2015-05-01,5.32255172729492,54,54,1,0
Marpole,2015,6,day,24845,6.4518699999999995,3850.8215447614416,0.635113023255814,31,107.7,2015-06-01,NA,NA,NA,NA,0
Marpole,2015,6,night,24845,6.4518699999999995,3850.8215447614416,0.635113023255814,25,107.7,2015-06-01,NA,NA,NA,NA,0
Marpole,2015,7,day,24845,6.4518699999999995,3850.8215447614416,0.635113023255814,25,107.7,2015-07-01,6.78270244598389,54,54,1,0
Marpole,2015,7,night,24845,6.4518699999999995,3850.8215447614416,0.635113023255814,42,107.7,2015-07-01,6.78270244598389,54,54,1,0
Marpole,2015,8,day,24845,6.4518699999999995,3850.8215447614416,0.635113023255814,24,107.7,2015-08-01,5.10639524459839,54,54,1,0
Marpole,2015,8,night,24845,6.4518699999999995,3850.8215447614416,0.635113023255814,29,107.7,2015-08-01,5.10639524459839,54,54,1,0
Marpole,2015,9,day,24845,6.4518699999999995,3850.8215447614416,0.635113023255814,31,107.7,2015-09-01,4.73398447036743,54,54,1,0
Marpole,2015,9,night,24845,6.4518699999999995,3850.8215447614416,0.635113023255814,30,107.7,2015-09-01,4.73398447036743,54,54,1,0
Marpole,2015,10,day,24845,6.4518699999999995,3850.8215447614416,0.635113023255814,24,107.7,2015-10-01,4.99397468566895,54,54,1,0
Marpole,2015,10,night,24845,6.4518699999999995,3850.8215447614416,0.635113023255814,40,107.7,2015-10-01,4.99397468566895,54,54,1,0
Marpole,2015,11,day,24845,6.4518699999999995,3850.8215447614416,0.635113023255814,19,107.7,2015-11-01,5.07041025161743,54,54,1,0
Marpole,2015,11,night,24845,6.4518699999999995,3850.8215447614416,0.635113023255814,36,107.7,2015-11-01,5.07041025161743,54,54,1,0
Marpole,2015,12,day,24845,6.4518699999999995,3850.8215447614416,0.635113023255814,24,107.7,2015-12-01,3.3523383140564,54,54,1,0
Marpole,2015,12,night,24845,6.4518699999999995,3850.8215447614416,0.635113023255814,42,107.7,2015-12-01,3.3523383140564,54,54,1,0
Marpole,2016,1,day,24845,6.4518699999999995,3850.8215447614416,0.635113023255814,20,107.7,2016-01-01,4.7465672492981,54,54,1,0
Marpole,2016,1,night,24845,6.4518699999999995,3850.8215447614416,0.635113023255814,48,107.7,2016-01-01,4.7465672492981,54,54,1,0
Marpole,2016,2,day,24845,6.4518699999999995,3850.8215447614416,0.635113023255814,28,107.6,2016-02-01,4.6067099571228,54,54,1,0
Marpole,2016,2,night,24845,6.4518699999999995,3850.8215447614416,0.635113023255814,41,107.6,2016-02-01,4.6067099571228,54,54,1,0
Marpole,2016,3,day,24845,6.4518699999999995,3850.8215447614416,0.635113023255814,21,107.7,2016-03-01,5.06396150588989,54,54,1,0
Marpole,2016,3,night,24845,6.4518699999999995,3850.8215447614416,0.635113023255814,37,107.7,2016-03-01,5.06396150588989,54,54,1,0
Marpole,2016,4,day,24845,6.4518699999999995,3850.8215447614416,0.635113023255814,28,112.2,2016-04-01,5.23821449279785,54,54,1,0
Marpole,2016,4,night,24845,6.4518699999999995,3850.8215447614416,0.635113023255814,35,112.2,2016-04-01,5.23821449279785,54,54,1,0
Marpole,2016,5,day,24845,6.4518699999999995,3850.8215447614416,0.635113023255814,31,112.3,2016-05-01,5.12708282470703,54,54,1,0
Marpole,2016,5,night,24845,6.4518699999999995,3850.8215447614416,0.635113023255814,29,112.3,2016-05-01,5.12708282470703,54,54,1,0
Marpole,2016,6,day,24845,6.4518699999999995,3850.8215447614416,0.635113023255814,27,112.2,2016-06-01,NA,NA,NA,NA,0
Marpole,2016,6,night,24845,6.4518699999999995,3850.8215447614416,0.635113023255814,41,112.2,2016-06-01,NA,NA,NA,NA,0
Marpole,2016,7,day,24845,6.4518699999999995,3850.8215447614416,0.635113023255814,32,112.3,2016-07-01,5.32110595703125,54,54,1,0
Marpole,2016,7,night,24845,6.4518699999999995,3850.8215447614416,0.635113023255814,41,112.3,2016-07-01,5.32110595703125,54,54,1,0
Marpole,2016,8,day,24845,6.4518699999999995,3850.8215447614416,0.635113023255814,21,112.3,2016-08-01,5.40865182876587,54,54,1,0
Marpole,2016,8,night,24845,6.4518699999999995,3850.8215447614416,0.635113023255814,48,112.3,2016-08-01,5.40865182876587,54,54,1,0
Marpole,2016,9,day,24845,6.4518699999999995,3850.8215447614416,0.635113023255814,33,112.2,2016-09-01,5.26241111755371,54,54,1,0
Marpole,2016,9,night,24845,6.4518699999999995,3850.8215447614416,0.635113023255814,46,112.2,2016-09-01,5.26241111755371,54,54,1,0
Marpole,2016,10,day,24845,6.4518699999999995,3850.8215447614416,0.635113023255814,33,112.3,2016-10-01,4.24680042266846,54,54,1,0
Marpole,2016,10,night,24845,6.4518699999999995,3850.8215447614416,0.635113023255814,34,112.3,2016-10-01,4.24680042266846,54,54,1,0
Marpole,2016,11,day,24845,6.4518699999999995,3850.8215447614416,0.635113023255814,27,112.2,2016-11-01,3.9292299747467,54,54,1,0
Marpole,2016,11,night,24845,6.4518699999999995,3850.8215447614416,0.635113023255814,41,112.2,2016-11-01,3.9292299747467,54,54,1,0
Marpole,2016,12,day,24845,6.4518699999999995,3850.8215447614416,0.635113023255814,21,112.3,2016-12-01,4.27626276016235,54,54,1,0
Marpole,2016,12,night,24845,6.4518699999999995,3850.8215447614416,0.635113023255814,44,112.3,2016-12-01,4.27626276016235,54,54,1,0
Marpole,2017,1,day,24845,6.4518699999999995,3850.8215447614416,0.635113023255814,20,112.3,2017-01-01,4.19483184814453,54,54,1,0
Marpole,2017,1,night,24845,6.4518699999999995,3850.8215447614416,0.635113023255814,44,112.3,2017-01-01,4.19483184814453,54,54,1,0
Marpole,2017,2,day,24845,6.4518699999999995,3850.8215447614416,0.635113023255814,14,112.1,2017-02-01,4.51342582702637,54,54,1,0
Marpole,2017,2,night,24845,6.4518699999999995,3850.8215447614416,0.635113023255814,30,112.1,2017-02-01,4.51342582702637,54,54,1,0
Marpole,2017,3,day,24845,6.4518699999999995,3850.8215447614416,0.635113023255814,34,112.3,2017-03-01,5.03522872924805,54,54,1,0
Marpole,2017,3,night,24845,6.4518699999999995,3850.8215447614416,0.635113023255814,58,112.3,2017-03-01,5.03522872924805,54,54,1,0
Marpole,2017,4,day,24845,6.4518699999999995,3850.8215447614416,0.635113023255814,31,115.2,2017-04-01,5.09811115264893,54,54,1,0
Marpole,2017,4,night,24845,6.4518699999999995,3850.8215447614416,0.635113023255814,26,115.2,2017-04-01,5.09811115264893,54,54,1,0
Marpole,2017,5,day,24845,6.4518699999999995,3850.8215447614416,0.635113023255814,30,115.3,2017-05-01,5.68753576278687,54,54,1,0
Marpole,2017,5,night,24845,6.4518699999999995,3850.8215447614416,0.635113023255814,37,115.3,2017-05-01,5.68753576278687,54,54,1,0
Marpole,2017,6,day,24845,6.4518699999999995,3850.8215447614416,0.635113023255814,18,115.2,2017-06-01,NA,NA,NA,NA,0
Marpole,2017,6,night,24845,6.4518699999999995,3850.8215447614416,0.635113023255814,36,115.2,2017-06-01,NA,NA,NA,NA,0
Marpole,2017,7,day,24845,6.4518699999999995,3850.8215447614416,0.635113023255814,20,115.3,2017-07-01,5.7979884147644,54,54,1,0
Marpole,2017,7,night,24845,6.4518699999999995,3850.8215447614416,0.635113023255814,36,115.3,2017-07-01,5.7979884147644,54,54,1,0
Marpole,2017,8,day,24845,6.4518699999999995,3850.8215447614416,0.635113023255814,27,115.3,2017-08-01,4.78929090499878,54,54,1,0
Marpole,2017,8,night,24845,6.4518699999999995,3850.8215447614416,0.635113023255814,44,115.3,2017-08-01,4.78929090499878,54,54,1,0
Marpole,2017,9,day,24845,6.4518699999999995,3850.8215447614416,0.635113023255814,20,115.2,2017-09-01,4.33675765991211,54,54,1,0
Marpole,2017,9,night,24845,6.4518699999999995,3850.8215447614416,0.635113023255814,41,115.2,2017-09-01,4.33675765991211,54,54,1,0
Marpole,2017,10,day,24845,6.4518699999999995,3850.8215447614416,0.635113023255814,23,115.3,2017-10-01,4.99417924880981,54,54,1,0
Marpole,2017,10,night,24845,6.4518699999999995,3850.8215447614416,0.635113023255814,53,115.3,2017-10-01,4.99417924880981,54,54,1,0
Marpole,2017,11,day,24845,6.4518699999999995,3850.8215447614416,0.635113023255814,24,115.2,2017-11-01,4.90853786468506,54,54,1,0
Marpole,2017,11,night,24845,6.4518699999999995,3850.8215447614416,0.635113023255814,55,115.2,2017-11-01,4.90853786468506,54,54,1,0
Marpole,2017,12,day,24845,6.4518699999999995,3850.8215447614416,0.635113023255814,31,115.3,2017-12-01,4.63793754577637,54,54,1,0
Marpole,2017,12,night,24845,6.4518699999999995,3850.8215447614416,0.635113023255814,46,115.3,2017-12-01,4.63793754577637,54,54,1,0
Marpole,2018,1,day,24845,6.4518699999999995,3850.8215447614416,0.635113023255814,28,115.3,2018-01-01,5.17340612411499,54,54,1,0
Marpole,2018,1,night,24845,6.4518699999999995,3850.8215447614416,0.635113023255814,57,115.3,2018-01-01,5.17340612411499,54,54,1,0
Marpole,2018,2,day,24845,6.4518699999999995,3850.8215447614416,0.635113023255814,12,115.1,2018-02-01,7.947265625,54,54,1,0
Marpole,2018,2,night,24845,6.4518699999999995,3850.8215447614416,0.635113023255814,37,115.1,2018-02-01,7.947265625,54,54,1,0
Marpole,2018,3,day,24845,6.4518699999999995,3850.8215447614416,0.635113023255814,18,115.3,2018-03-01,5.37785625457764,54,54,1,0
Marpole,2018,3,night,24845,6.4518699999999995,3850.8215447614416,0.635113023255814,29,115.3,2018-03-01,5.37785625457764,54,54,1,0
Marpole,2018,4,day,24845,6.4518699999999995,3850.8215447614416,0.635113023255814,23,118.7,2018-04-01,5.98304176330566,54,54,1,0
Marpole,2018,4,night,24845,6.4518699999999995,3850.8215447614416,0.635113023255814,47,118.7,2018-04-01,5.98304176330566,54,54,1,0
Marpole,2018,5,day,24845,6.4518699999999995,3850.8215447614416,0.635113023255814,28,118.8,2018-05-01,5.84279012680054,54,54,1,0
Marpole,2018,5,night,24845,6.4518699999999995,3850.8215447614416,0.635113023255814,30,118.8,2018-05-01,5.84279012680054,54,54,1,0
Marpole,2018,6,day,24845,6.4518699999999995,3850.8215447614416,0.635113023255814,21,118.7,2018-06-01,NA,NA,NA,NA,0
Marpole,2018,6,night,24845,6.4518699999999995,3850.8215447614416,0.635113023255814,25,118.7,2018-06-01,NA,NA,NA,NA,0
Marpole,2018,7,day,24845,6.4518699999999995,3850.8215447614416,0.635113023255814,16,118.8,2018-07-01,6.51582098007202,54,54,1,0
Marpole,2018,7,night,24845,6.4518699999999995,3850.8215447614416,0.635113023255814,28,118.8,2018-07-01,6.51582098007202,54,54,1,0
Marpole,2018,8,day,24845,6.4518699999999995,3850.8215447614416,0.635113023255814,29,118.8,2018-08-01,4.44449043273926,54,54,1,0
Marpole,2018,8,night,24845,6.4518699999999995,3850.8215447614416,0.635113023255814,50,118.8,2018-08-01,4.44449043273926,54,54,1,0
Marpole,2018,9,day,24845,6.4518699999999995,3850.8215447614416,0.635113023255814,24,118.7,2018-09-01,5.37170171737671,54,54,1,0
Marpole,2018,9,night,24845,6.4518699999999995,3850.8215447614416,0.635113023255814,37,118.7,2018-09-01,5.37170171737671,54,54,1,0
Marpole,2018,10,day,24845,6.4518699999999995,3850.8215447614416,0.635113023255814,18,118.8,2018-10-01,4.88805294036865,54,54,1,0
Marpole,2018,10,night,24845,6.4518699999999995,3850.8215447614416,0.635113023255814,50,118.8,2018-10-01,4.88805294036865,54,54,1,0
Marpole,2018,11,day,24845,6.4518699999999995,3850.8215447614416,0.635113023255814,22,118.7,2018-11-01,4.13953924179077,54,54,1,0
Marpole,2018,11,night,24845,6.4518699999999995,3850.8215447614416,0.635113023255814,46,118.7,2018-11-01,4.13953924179077,54,54,1,0
Marpole,2018,12,day,24845,6.4518699999999995,3850.8215447614416,0.635113023255814,33,118.8,2018-12-01,4.43392276763916,54,54,1,0
Marpole,2018,12,night,24845,6.4518699999999995,3850.8215447614416,0.635113023255814,56,118.8,2018-12-01,4.43392276763916,54,54,1,0
Marpole,2019,1,day,28182,6.0756,4638.55421686747,0.7702325581395348,18,118.8,2019-01-01,4.16354990005493,54,54,1,0
Marpole,2019,1,night,28182,6.0756,4638.55421686747,0.7702325581395348,45,118.8,2019-01-01,4.16354990005493,54,54,1,0
Marpole,2019,2,day,28182,6.0756,4638.55421686747,0.7702325581395348,21,118.6,2019-02-01,5.66362333297729,54,54,1,0
Marpole,2019,2,night,28182,6.0756,4638.55421686747,0.7702325581395348,63,118.6,2019-02-01,5.66362333297729,54,54,1,0
Marpole,2019,3,day,28182,6.0756,4638.55421686747,0.7702325581395348,24,118.8,2019-03-01,5.51181602478027,54,54,1,0
Marpole,2019,3,night,28182,6.0756,4638.55421686747,0.7702325581395348,51,118.8,2019-03-01,5.51181602478027,54,54,1,0
Marpole,2019,4,day,28182,6.0756,4638.55421686747,0.7702325581395348,32,120.9,2019-04-01,5.99206495285034,54,54,1,0
Marpole,2019,4,night,28182,6.0756,4638.55421686747,0.7702325581395348,39,120.9,2019-04-01,5.99206495285034,54,54,1,0
Marpole,2019,5,day,28182,6.0756,4638.55421686747,0.7702325581395348,41,120.9,2019-05-01,5.65214061737061,54,54,1,0
Marpole,2019,5,night,28182,6.0756,4638.55421686747,0.7702325581395348,41,120.9,2019-05-01,5.65214061737061,54,54,1,0
Marpole,2019,6,day,28182,6.0756,4638.55421686747,0.7702325581395348,26,120.9,2019-06-01,NA,NA,NA,NA,0
Marpole,2019,6,night,28182,6.0756,4638.55421686747,0.7702325581395348,32,120.9,2019-06-01,NA,NA,NA,NA,0
Marpole,2019,7,day,28182,6.0756,4638.55421686747,0.7702325581395348,31,120.9,2019-07-01,6.05272054672241,54,54,1,0
Marpole,2019,7,night,28182,6.0756,4638.55421686747,0.7702325581395348,37,120.9,2019-07-01,6.05272054672241,54,54,1,0
Marpole,2019,8,day,28182,6.0756,4638.55421686747,0.7702325581395348,44,120.9,2019-08-01,5.4419732093811,54,54,1,0
Marpole,2019,8,night,28182,6.0756,4638.55421686747,0.7702325581395348,47,120.9,2019-08-01,5.4419732093811,54,54,1,0
Marpole,2019,9,day,28182,6.0756,4638.55421686747,0.7702325581395348,30,120.9,2019-09-01,4.8223180770874,54,54,1,0
Marpole,2019,9,night,28182,6.0756,4638.55421686747,0.7702325581395348,44,120.9,2019-09-01,4.8223180770874,54,54,1,0
Marpole,2019,10,day,28182,6.0756,4638.55421686747,0.7702325581395348,36,120.9,2019-10-01,5.52907419204712,54,54,1,0
Marpole,2019,10,night,28182,6.0756,4638.55421686747,0.7702325581395348,55,120.9,2019-10-01,5.52907419204712,54,54,1,0
Marpole,2019,11,day,28182,6.0756,4638.55421686747,0.7702325581395348,23,120.9,2019-11-01,5.35759496688843,54,54,1,0
Marpole,2019,11,night,28182,6.0756,4638.55421686747,0.7702325581395348,57,120.9,2019-11-01,5.35759496688843,54,54,1,0
Marpole,2019,12,day,28182,6.0756,4638.55421686747,0.7702325581395348,26,120.9,2019-12-01,3.1275999546051,54,54,1,0
Marpole,2019,12,night,28182,6.0756,4638.55421686747,0.7702325581395348,53,120.9,2019-12-01,3.1275999546051,54,54,1,0
Marpole,2020,1,day,28182,6.0756,4638.55421686747,0.7702325581395348,20,120.9,2020-01-01,9.18471336364746,54,54,1,0
Marpole,2020,1,night,28182,6.0756,4638.55421686747,0.7702325581395348,56,120.9,2020-01-01,9.18471336364746,54,54,1,0
Marpole,2020,2,day,28182,6.0756,4638.55421686747,0.7702325581395348,26,120.8,2020-02-01,5.11725664138794,54,54,1,0
Marpole,2020,2,night,28182,6.0756,4638.55421686747,0.7702325581395348,50,120.8,2020-02-01,5.11725664138794,54,54,1,0
Marpole,2020,3,day,28182,6.0756,4638.55421686747,0.7702325581395348,25,120.9,2020-03-01,5.67804479598999,54,54,1,0
Marpole,2020,3,night,28182,6.0756,4638.55421686747,0.7702325581395348,49,120.9,2020-03-01,5.67804479598999,54,54,1,0
Marpole,2020,4,day,28182,6.0756,4638.55421686747,0.7702325581395348,21,119.6,2020-04-01,5.85697555541992,54,54,1,0
Marpole,2020,4,night,28182,6.0756,4638.55421686747,0.7702325581395348,42,119.6,2020-04-01,5.85697555541992,54,54,1,0
Marpole,2020,5,day,28182,6.0756,4638.55421686747,0.7702325581395348,13,119.7,2020-05-01,5.88850736618042,54,54,1,0
Marpole,2020,5,night,28182,6.0756,4638.55421686747,0.7702325581395348,13,119.7,2020-05-01,5.88850736618042,54,54,1,0
Marpole,2020,6,day,28182,6.0756,4638.55421686747,0.7702325581395348,25,119.6,2020-06-01,NA,NA,NA,NA,0
Marpole,2020,6,night,28182,6.0756,4638.55421686747,0.7702325581395348,27,119.6,2020-06-01,NA,NA,NA,NA,0
Marpole,2020,7,day,28182,6.0756,4638.55421686747,0.7702325581395348,12,119.7,2020-07-01,6.00946140289307,54,54,1,0
Marpole,2020,7,night,28182,6.0756,4638.55421686747,0.7702325581395348,28,119.7,2020-07-01,6.00946140289307,54,54,1,0
Marpole,2020,8,day,28182,6.0756,4638.55421686747,0.7702325581395348,20,119.7,2020-08-01,5.59679365158081,54,54,1,0
Marpole,2020,8,night,28182,6.0756,4638.55421686747,0.7702325581395348,29,119.7,2020-08-01,5.59679365158081,54,54,1,0
Marpole,2020,9,day,28182,6.0756,4638.55421686747,0.7702325581395348,26,119.6,2020-09-01,5.40452289581299,54,54,1,0
Marpole,2020,9,night,28182,6.0756,4638.55421686747,0.7702325581395348,40,119.6,2020-09-01,5.40452289581299,54,54,1,0
Marpole,2020,10,day,28182,6.0756,4638.55421686747,0.7702325581395348,30,119.7,2020-10-01,4.89368438720703,54,54,1,0
Marpole,2020,10,night,28182,6.0756,4638.55421686747,0.7702325581395348,59,119.7,2020-10-01,4.89368438720703,54,54,1,0
Marpole,2020,11,day,28182,6.0756,4638.55421686747,0.7702325581395348,18,119.6,2020-11-01,4.96985340118408,54,54,1,0
Marpole,2020,11,night,28182,6.0756,4638.55421686747,0.7702325581395348,35,119.6,2020-11-01,4.96985340118408,54,54,1,0
Marpole,2020,12,day,28182,6.0756,4638.55421686747,0.7702325581395348,25,119.7,2020-12-01,3.515056848526,54,54,1,0
Marpole,2020,12,night,28182,6.0756,4638.55421686747,0.7702325581395348,41,119.7,2020-12-01,3.515056848526,54,54,1,0
Marpole,2021,1,day,28182,6.0756,4638.55421686747,0.7702325581395348,28,119.7,2021-01-01,3.10891628265381,54,54,1,0
Marpole,2021,1,night,28182,6.0756,4638.55421686747,0.7702325581395348,51,119.7,2021-01-01,3.10891628265381,54,54,1,0
Marpole,2021,2,day,28182,6.0756,4638.55421686747,0.7702325581395348,13,119.5,2021-02-01,5.71401166915894,54,54,1,0
Marpole,2021,2,night,28182,6.0756,4638.55421686747,0.7702325581395348,36,119.5,2021-02-01,5.71401166915894,54,54,1,0
Marpole,2021,3,day,28182,6.0756,4638.55421686747,0.7702325581395348,21,119.7,2021-03-01,5.36578369140625,54,54,1,0
Marpole,2021,3,night,28182,6.0756,4638.55421686747,0.7702325581395348,47,119.7,2021-03-01,5.36578369140625,54,54,1,0
Marpole,2021,4,day,28182,6.0756,4638.55421686747,0.7702325581395348,18,120.1,2021-04-01,5.90405321121216,54,54,1,0
Marpole,2021,4,night,28182,6.0756,4638.55421686747,0.7702325581395348,24,120.1,2021-04-01,5.90405321121216,54,54,1,0
Marpole,2021,5,day,28182,6.0756,4638.55421686747,0.7702325581395348,27,120.1,2021-05-01,6.53406572341919,54,54,1,0
Marpole,2021,5,night,28182,6.0756,4638.55421686747,0.7702325581395348,30,120.1,2021-05-01,6.53406572341919,54,54,1,0
Marpole,2021,6,day,28182,6.0756,4638.55421686747,0.7702325581395348,25,120.1,2021-06-01,NA,NA,NA,NA,0
Marpole,2021,6,night,28182,6.0756,4638.55421686747,0.7702325581395348,35,120.1,2021-06-01,NA,NA,NA,NA,0
Marpole,2021,7,day,28182,6.0756,4638.55421686747,0.7702325581395348,27,120.1,2021-07-01,6.55806732177734,54,54,1,0
Marpole,2021,7,night,28182,6.0756,4638.55421686747,0.7702325581395348,35,120.1,2021-07-01,6.55806732177734,54,54,1,0
Marpole,2021,8,day,28182,6.0756,4638.55421686747,0.7702325581395348,18,120.1,2021-08-01,5.06815528869629,54,54,1,0
Marpole,2021,8,night,28182,6.0756,4638.55421686747,0.7702325581395348,48,120.1,2021-08-01,5.06815528869629,54,54,1,0
Marpole,2021,9,day,28182,6.0756,4638.55421686747,0.7702325581395348,21,120.1,2021-09-01,5.28755331039429,54,54,1,0
Marpole,2021,9,night,28182,6.0756,4638.55421686747,0.7702325581395348,37,120.1,2021-09-01,5.28755331039429,54,54,1,0
Marpole,2021,10,day,28182,6.0756,4638.55421686747,0.7702325581395348,17,120.1,2021-10-01,5.56471347808838,54,54,1,0
Marpole,2021,10,night,28182,6.0756,4638.55421686747,0.7702325581395348,25,120.1,2021-10-01,5.56471347808838,54,54,1,0
Marpole,2021,11,day,28182,6.0756,4638.55421686747,0.7702325581395348,21,120.1,2021-11-01,6.03710889816284,54,54,1,0
Marpole,2021,11,night,28182,6.0756,4638.55421686747,0.7702325581395348,35,120.1,2021-11-01,6.03710889816284,54,54,1,0
Marpole,2021,12,day,28182,6.0756,4638.55421686747,0.7702325581395348,23,120.1,2021-12-01,7.16605377197266,54,54,1,0
Marpole,2021,12,night,28182,6.0756,4638.55421686747,0.7702325581395348,36,120.1,2021-12-01,7.16605377197266,54,54,1,0
Marpole,2022,1,day,28182,6.0756,4638.55421686747,0.7702325581395348,22,120.1,2022-01-01,3.91813039779663,54,54,1,0
Marpole,2022,1,night,28182,6.0756,4638.55421686747,0.7702325581395348,55,120.1,2022-01-01,3.91813039779663,54,54,1,0
Marpole,2022,2,day,28182,6.0756,4638.55421686747,0.7702325581395348,25,120,2022-02-01,5.691565990448,54,54,1,0
Marpole,2022,2,night,28182,6.0756,4638.55421686747,0.7702325581395348,31,120,2022-02-01,5.691565990448,54,54,1,0
Marpole,2022,3,day,28182,6.0756,4638.55421686747,0.7702325581395348,20,120.1,2022-03-01,5.8511118888855,54,54,1,0
Marpole,2022,3,night,28182,6.0756,4638.55421686747,0.7702325581395348,38,120.1,2022-03-01,5.8511118888855,54,54,1,0
Marpole,2022,4,day,28182,6.0756,4638.55421686747,0.7702325581395348,21,120.9,2022-04-01,6.22709083557129,54,54,1,0
Marpole,2022,4,night,28182,6.0756,4638.55421686747,0.7702325581395348,22,120.9,2022-04-01,6.22709083557129,54,54,1,0
Marpole,2022,5,day,28182,6.0756,4638.55421686747,0.7702325581395348,27,120.9,2022-05-01,6.03190660476685,54,54,1,0
Marpole,2022,5,night,28182,6.0756,4638.55421686747,0.7702325581395348,33,120.9,2022-05-01,6.03190660476685,54,54,1,0
Marpole,2022,6,day,28182,6.0756,4638.55421686747,0.7702325581395348,16,120.9,2022-06-01,NA,NA,NA,NA,0
Marpole,2022,6,night,28182,6.0756,4638.55421686747,0.7702325581395348,38,120.9,2022-06-01,NA,NA,NA,NA,0
Marpole,2022,7,day,28182,6.0756,4638.55421686747,0.7702325581395348,28,120.9,2022-07-01,6.32489156723022,54,54,1,0
Marpole,2022,7,night,28182,6.0756,4638.55421686747,0.7702325581395348,39,120.9,2022-07-01,6.32489156723022,54,54,1,0
Marpole,2022,8,day,28182,6.0756,4638.55421686747,0.7702325581395348,25,120.9,2022-08-01,5.48487424850464,54,54,1,0
Marpole,2022,8,night,28182,6.0756,4638.55421686747,0.7702325581395348,25,120.9,2022-08-01,5.48487424850464,54,54,1,0
Marpole,2022,9,day,28182,6.0756,4638.55421686747,0.7702325581395348,23,120.9,2022-09-01,5.67449045181274,54,54,1,0
Marpole,2022,9,night,28182,6.0756,4638.55421686747,0.7702325581395348,41,120.9,2022-09-01,5.67449045181274,54,54,1,0
Marpole,2022,10,day,28182,6.0756,4638.55421686747,0.7702325581395348,22,120.9,2022-10-01,5.65092372894287,54,54,1,0
Marpole,2022,10,night,28182,6.0756,4638.55421686747,0.7702325581395348,38,120.9,2022-10-01,5.65092372894287,54,54,1,0
Marpole,2022,11,day,28182,6.0756,4638.55421686747,0.7702325581395348,18,120.9,2022-11-01,4.37104940414429,54,54,1,0
Marpole,2022,11,night,28182,6.0756,4638.55421686747,0.7702325581395348,25,120.9,2022-11-01,4.37104940414429,54,54,1,0
Marpole,2022,12,day,28182,6.0756,4638.55421686747,0.7702325581395348,16,120.9,2022-12-01,6.81305980682373,54,54,1,0
Marpole,2022,12,night,28182,6.0756,4638.55421686747,0.7702325581395348,39,120.9,2022-12-01,6.81305980682373,54,54,1,0
Marpole,2023,1,day,28182,6.0756,4638.55421686747,0.7702325581395348,11,120.9,2023-01-01,4.7548713684082,54,54,1,0
Marpole,2023,1,night,28182,6.0756,4638.55421686747,0.7702325581395348,34,120.9,2023-01-01,4.7548713684082,54,54,1,0
Marpole,2023,2,day,28182,6.0756,4638.55421686747,0.7702325581395348,15,120.7,2023-02-01,3.50976634025574,54,54,1,0
Marpole,2023,2,night,28182,6.0756,4638.55421686747,0.7702325581395348,34,120.7,2023-02-01,3.50976634025574,54,54,1,0
Marpole,2023,3,day,28182,6.0756,4638.55421686747,0.7702325581395348,24,120.9,2023-03-01,4.85772609710693,54,54,1,0
Marpole,2023,3,night,28182,6.0756,4638.55421686747,0.7702325581395348,37,120.9,2023-03-01,4.85772609710693,54,54,1,0
Marpole,2023,4,day,28182,6.0756,4638.55421686747,0.7702325581395348,24,122,2023-04-01,5.63840532302856,54,54,1,0
Marpole,2023,4,night,28182,6.0756,4638.55421686747,0.7702325581395348,35,122,2023-04-01,5.63840532302856,54,54,1,0
Marpole,2023,5,day,28182,6.0756,4638.55421686747,0.7702325581395348,28,122.1,2023-05-01,5.96097421646118,54,54,1,0
Marpole,2023,5,night,28182,6.0756,4638.55421686747,0.7702325581395348,44,122.1,2023-05-01,5.96097421646118,54,54,1,0
Marpole,2023,6,day,28182,6.0756,4638.55421686747,0.7702325581395348,16,122,2023-06-01,NA,NA,NA,NA,0
Marpole,2023,6,night,28182,6.0756,4638.55421686747,0.7702325581395348,34,122,2023-06-01,NA,NA,NA,NA,0
Marpole,2023,7,day,28182,6.0756,4638.55421686747,0.7702325581395348,18,122.1,2023-07-01,6.21589422225952,54,54,1,0
Marpole,2023,7,night,28182,6.0756,4638.55421686747,0.7702325581395348,32,122.1,2023-07-01,6.21589422225952,54,54,1,0
Marpole,2023,8,day,28182,6.0756,4638.55421686747,0.7702325581395348,18,122.1,2023-08-01,5.79841995239258,54,54,1,0
Marpole,2023,8,night,28182,6.0756,4638.55421686747,0.7702325581395348,31,122.1,2023-08-01,5.79841995239258,54,54,1,0
Marpole,2023,9,day,28182,6.0756,4638.55421686747,0.7702325581395348,17,122.5,2023-09-01,5.73813343048096,54,54,1,0
Marpole,2023,9,night,28182,6.0756,4638.55421686747,0.7702325581395348,25,122.5,2023-09-01,5.73813343048096,54,54,1,0
Marpole,2023,10,day,28182,6.0756,4638.55421686747,0.7702325581395348,28,122.5,2023-10-01,5.20723867416382,54,54,1,0
Marpole,2023,10,night,28182,6.0756,4638.55421686747,0.7702325581395348,48,122.5,2023-10-01,5.20723867416382,54,54,1,0
Marpole,2023,11,day,28182,6.0756,4638.55421686747,0.7702325581395348,16,122.5,2023-11-01,5.04020023345947,54,54,1,0
Marpole,2023,11,night,28182,6.0756,4638.55421686747,0.7702325581395348,45,122.5,2023-11-01,5.04020023345947,54,54,1,0
Marpole,2023,12,day,28182,6.0756,4638.55421686747,0.7702325581395348,14,122.5,2023-12-01,5.57946252822876,54,54,1,0
Marpole,2023,12,night,28182,6.0756,4638.55421686747,0.7702325581395348,37,122.5,2023-12-01,5.57946252822876,54,54,1,0
Mount Pleasant,2014,1,day,34265,3.76822,9093.152735243697,0.641334347826087,53,94.8,2014-01-01,6.67449712753296,42,42,1,0
Mount Pleasant,2014,1,night,34265,3.76822,9093.152735243697,0.641334347826087,112,94.8,2014-01-01,6.67449712753296,42,42,1,0
Mount Pleasant,2014,2,day,34265,3.76822,9093.152735243697,0.641334347826087,59,94.8,2014-02-01,6.74973249435425,42,42,1,0
Mount Pleasant,2014,2,night,34265,3.76822,9093.152735243697,0.641334347826087,89,94.8,2014-02-01,6.74973249435425,42,42,1,0
Mount Pleasant,2014,3,day,34265,3.76822,9093.152735243697,0.641334347826087,87,94.8,2014-03-01,7.11836624145508,42,42,1,0
Mount Pleasant,2014,3,night,34265,3.76822,9093.152735243697,0.641334347826087,114,94.8,2014-03-01,7.11836624145508,42,42,1,0
Mount Pleasant,2014,4,day,34265,3.76822,9093.152735243697,0.641334347826087,102,101.7,2014-04-01,7.16108274459839,42,42,1,0
Mount Pleasant,2014,4,night,34265,3.76822,9093.152735243697,0.641334347826087,96,101.7,2014-04-01,7.16108274459839,42,42,1,0
Mount Pleasant,2014,5,day,34265,3.76822,9093.152735243697,0.641334347826087,119,101.7,2014-05-01,7.36248636245728,42,42,1,0
Mount Pleasant,2014,5,night,34265,3.76822,9093.152735243697,0.641334347826087,113,101.7,2014-05-01,7.36248636245728,42,42,1,0
Mount Pleasant,2014,6,day,34265,3.76822,9093.152735243697,0.641334347826087,130,101.7,2014-06-01,NA,NA,NA,NA,0
Mount Pleasant,2014,6,night,34265,3.76822,9093.152735243697,0.641334347826087,126,101.7,2014-06-01,NA,NA,NA,NA,0
Mount Pleasant,2014,7,day,34265,3.76822,9093.152735243697,0.641334347826087,132,101.7,2014-07-01,7.47676753997803,42,42,1,0
Mount Pleasant,2014,7,night,34265,3.76822,9093.152735243697,0.641334347826087,148,101.7,2014-07-01,7.47676753997803,42,42,1,0
Mount Pleasant,2014,8,day,34265,3.76822,9093.152735243697,0.641334347826087,114,101.7,2014-08-01,7.23996305465698,42,42,1,0
Mount Pleasant,2014,8,night,34265,3.76822,9093.152735243697,0.641334347826087,165,101.7,2014-08-01,7.23996305465698,42,42,1,0
Mount Pleasant,2014,9,day,34265,3.76822,9093.152735243697,0.641334347826087,104,101.7,2014-09-01,6.73717069625854,42,42,1,0
Mount Pleasant,2014,9,night,34265,3.76822,9093.152735243697,0.641334347826087,144,101.7,2014-09-01,6.73717069625854,42,42,1,0
Mount Pleasant,2014,10,day,34265,3.76822,9093.152735243697,0.641334347826087,113,101.7,2014-10-01,7.50572109222412,42,42,1,0
Mount Pleasant,2014,10,night,34265,3.76822,9093.152735243697,0.641334347826087,168,101.7,2014-10-01,7.50572109222412,42,42,1,0
Mount Pleasant,2014,11,day,34265,3.76822,9093.152735243697,0.641334347826087,78,101.7,2014-11-01,6.82424688339233,42,42,1,0
Mount Pleasant,2014,11,night,34265,3.76822,9093.152735243697,0.641334347826087,110,101.7,2014-11-01,6.82424688339233,42,42,1,0
Mount Pleasant,2014,12,day,34265,3.76822,9093.152735243697,0.641334347826087,72,101.7,2014-12-01,6.64515256881714,42,42,1,0
Mount Pleasant,2014,12,night,34265,3.76822,9093.152735243697,0.641334347826087,102,101.7,2014-12-01,6.64515256881714,42,42,1,0
Mount Pleasant,2015,1,day,34265,3.76822,9093.152735243697,0.641334347826087,67,101.7,2015-01-01,5.95022773742676,42,42,1,0
Mount Pleasant,2015,1,night,34265,3.76822,9093.152735243697,0.641334347826087,101,101.7,2015-01-01,5.95022773742676,42,42,1,0
Mount Pleasant,2015,2,day,34265,3.76822,9093.152735243697,0.641334347826087,61,101.7,2015-02-01,7.31838369369507,42,42,1,0
Mount Pleasant,2015,2,night,34265,3.76822,9093.152735243697,0.641334347826087,90,101.7,2015-02-01,7.31838369369507,42,42,1,0
Mount Pleasant,2015,3,day,34265,3.76822,9093.152735243697,0.641334347826087,85,101.7,2015-03-01,6.88055419921875,42,42,1,0
Mount Pleasant,2015,3,night,34265,3.76822,9093.152735243697,0.641334347826087,85,101.7,2015-03-01,6.88055419921875,42,42,1,0
Mount Pleasant,2015,4,day,34265,3.76822,9093.152735243697,0.641334347826087,102,107.7,2015-04-01,7.19817781448364,42,42,1,0
Mount Pleasant,2015,4,night,34265,3.76822,9093.152735243697,0.641334347826087,95,107.7,2015-04-01,7.19817781448364,42,42,1,0
Mount Pleasant,2015,5,day,34265,3.76822,9093.152735243697,0.641334347826087,103,107.7,2015-05-01,7.67136287689209,42,42,1,0
Mount Pleasant,2015,5,night,34265,3.76822,9093.152735243697,0.641334347826087,106,107.7,2015-05-01,7.67136287689209,42,42,1,0
Mount Pleasant,2015,6,day,34265,3.76822,9093.152735243697,0.641334347826087,90,107.7,2015-06-01,NA,NA,NA,NA,0
Mount Pleasant,2015,6,night,34265,3.76822,9093.152735243697,0.641334347826087,102,107.7,2015-06-01,NA,NA,NA,NA,0
Mount Pleasant,2015,7,day,34265,3.76822,9093.152735243697,0.641334347826087,124,107.7,2015-07-01,7.58309555053711,42,42,1,0
Mount Pleasant,2015,7,night,34265,3.76822,9093.152735243697,0.641334347826087,124,107.7,2015-07-01,7.58309555053711,42,42,1,0
Mount Pleasant,2015,8,day,34265,3.76822,9093.152735243697,0.641334347826087,113,107.7,2015-08-01,6.24501609802246,42,42,1,0
Mount Pleasant,2015,8,night,34265,3.76822,9093.152735243697,0.641334347826087,147,107.7,2015-08-01,6.24501609802246,42,42,1,0
Mount Pleasant,2015,9,day,34265,3.76822,9093.152735243697,0.641334347826087,100,107.7,2015-09-01,6.46385526657104,42,42,1,0
Mount Pleasant,2015,9,night,34265,3.76822,9093.152735243697,0.641334347826087,159,107.7,2015-09-01,6.46385526657104,42,42,1,0
Mount Pleasant,2015,10,day,34265,3.76822,9093.152735243697,0.641334347826087,88,107.7,2015-10-01,6.51596307754517,42,42,1,0
Mount Pleasant,2015,10,night,34265,3.76822,9093.152735243697,0.641334347826087,161,107.7,2015-10-01,6.51596307754517,42,42,1,0
Mount Pleasant,2015,11,day,34265,3.76822,9093.152735243697,0.641334347826087,75,107.7,2015-11-01,6.68795013427734,42,42,1,0
Mount Pleasant,2015,11,night,34265,3.76822,9093.152735243697,0.641334347826087,171,107.7,2015-11-01,6.68795013427734,42,42,1,0
Mount Pleasant,2015,12,day,34265,3.76822,9093.152735243697,0.641334347826087,93,107.7,2015-12-01,3.99353289604187,42,42,1,0
Mount Pleasant,2015,12,night,34265,3.76822,9093.152735243697,0.641334347826087,122,107.7,2015-12-01,3.99353289604187,42,42,1,0
Mount Pleasant,2016,1,day,34265,3.76822,9093.152735243697,0.641334347826087,82,107.7,2016-01-01,5.96560001373291,42,42,1,0
Mount Pleasant,2016,1,night,34265,3.76822,9093.152735243697,0.641334347826087,146,107.7,2016-01-01,5.96560001373291,42,42,1,0
Mount Pleasant,2016,2,day,34265,3.76822,9093.152735243697,0.641334347826087,65,107.6,2016-02-01,5.37008047103882,42,42,1,0
Mount Pleasant,2016,2,night,34265,3.76822,9093.152735243697,0.641334347826087,102,107.6,2016-02-01,5.37008047103882,42,42,1,0
Mount Pleasant,2016,3,day,34265,3.76822,9093.152735243697,0.641334347826087,94,107.7,2016-03-01,7.12408351898193,42,42,1,0
Mount Pleasant,2016,3,night,34265,3.76822,9093.152735243697,0.641334347826087,125,107.7,2016-03-01,7.12408351898193,42,42,1,0
Mount Pleasant,2016,4,day,34265,3.76822,9093.152735243697,0.641334347826087,105,112.2,2016-04-01,7.09751558303833,42,42,1,0
Mount Pleasant,2016,4,night,34265,3.76822,9093.152735243697,0.641334347826087,154,112.2,2016-04-01,7.09751558303833,42,42,1,0
Mount Pleasant,2016,5,day,34265,3.76822,9093.152735243697,0.641334347826087,145,112.3,2016-05-01,7.09708976745605,42,42,1,0
Mount Pleasant,2016,5,night,34265,3.76822,9093.152735243697,0.641334347826087,167,112.3,2016-05-01,7.09708976745605,42,42,1,0
Mount Pleasant,2016,6,day,34265,3.76822,9093.152735243697,0.641334347826087,125,112.2,2016-06-01,NA,NA,NA,NA,0
Mount Pleasant,2016,6,night,34265,3.76822,9093.152735243697,0.641334347826087,155,112.2,2016-06-01,NA,NA,NA,NA,0
Mount Pleasant,2016,7,day,34265,3.76822,9093.152735243697,0.641334347826087,132,112.3,2016-07-01,6.56256866455078,42,42,1,0
Mount Pleasant,2016,7,night,34265,3.76822,9093.152735243697,0.641334347826087,165,112.3,2016-07-01,6.56256866455078,42,42,1,0
Mount Pleasant,2016,8,day,34265,3.76822,9093.152735243697,0.641334347826087,111,112.3,2016-08-01,7.42732667922974,42,42,1,0
Mount Pleasant,2016,8,night,34265,3.76822,9093.152735243697,0.641334347826087,158,112.3,2016-08-01,7.42732667922974,42,42,1,0
Mount Pleasant,2016,9,day,34265,3.76822,9093.152735243697,0.641334347826087,92,112.2,2016-09-01,6.08115291595459,42,42,1,0
Mount Pleasant,2016,9,night,34265,3.76822,9093.152735243697,0.641334347826087,140,112.2,2016-09-01,6.08115291595459,42,42,1,0
Mount Pleasant,2016,10,day,34265,3.76822,9093.152735243697,0.641334347826087,92,112.3,2016-10-01,6.01117849349976,42,42,1,0
Mount Pleasant,2016,10,night,34265,3.76822,9093.152735243697,0.641334347826087,132,112.3,2016-10-01,6.01117849349976,42,42,1,0
Mount Pleasant,2016,11,day,34265,3.76822,9093.152735243697,0.641334347826087,84,112.2,2016-11-01,5.07875156402588,42,42,1,0
Mount Pleasant,2016,11,night,34265,3.76822,9093.152735243697,0.641334347826087,121,112.2,2016-11-01,5.07875156402588,42,42,1,0
Mount Pleasant,2016,12,day,34265,3.76822,9093.152735243697,0.641334347826087,70,112.3,2016-12-01,6.21920680999756,42,42,1,0
Mount Pleasant,2016,12,night,34265,3.76822,9093.152735243697,0.641334347826087,126,112.3,2016-12-01,6.21920680999756,42,42,1,0
Mount Pleasant,2017,1,day,34265,3.76822,9093.152735243697,0.641334347826087,75,112.3,2017-01-01,8.08865165710449,42,42,1,0
Mount Pleasant,2017,1,night,34265,3.76822,9093.152735243697,0.641334347826087,92,112.3,2017-01-01,8.08865165710449,42,42,1,0
Mount Pleasant,2017,2,day,34265,3.76822,9093.152735243697,0.641334347826087,66,112.1,2017-02-01,6.92785263061523,42,42,1,0
Mount Pleasant,2017,2,night,34265,3.76822,9093.152735243697,0.641334347826087,111,112.1,2017-02-01,6.92785263061523,42,42,1,0
Mount Pleasant,2017,3,day,34265,3.76822,9093.152735243697,0.641334347826087,115,112.3,2017-03-01,7.52474975585938,42,42,1,0
Mount Pleasant,2017,3,night,34265,3.76822,9093.152735243697,0.641334347826087,108,112.3,2017-03-01,7.52474975585938,42,42,1,0
Mount Pleasant,2017,4,day,34265,3.76822,9093.152735243697,0.641334347826087,80,115.2,2017-04-01,6.92967319488525,42,42,1,0
Mount Pleasant,2017,4,night,34265,3.76822,9093.152735243697,0.641334347826087,113,115.2,2017-04-01,6.92967319488525,42,42,1,0
Mount Pleasant,2017,5,day,34265,3.76822,9093.152735243697,0.641334347826087,103,115.3,2017-05-01,7.01275014877319,42,42,1,0
Mount Pleasant,2017,5,night,34265,3.76822,9093.152735243697,0.641334347826087,124,115.3,2017-05-01,7.01275014877319,42,42,1,0
Mount Pleasant,2017,6,day,34265,3.76822,9093.152735243697,0.641334347826087,87,115.2,2017-06-01,NA,NA,NA,NA,0
Mount Pleasant,2017,6,night,34265,3.76822,9093.152735243697,0.641334347826087,117,115.2,2017-06-01,NA,NA,NA,NA,0
Mount Pleasant,2017,7,day,34265,3.76822,9093.152735243697,0.641334347826087,109,115.3,2017-07-01,7.61825132369995,42,42,1,0
Mount Pleasant,2017,7,night,34265,3.76822,9093.152735243697,0.641334347826087,124,115.3,2017-07-01,7.61825132369995,42,42,1,0
Mount Pleasant,2017,8,day,34265,3.76822,9093.152735243697,0.641334347826087,124,115.3,2017-08-01,6.71653032302856,42,42,1,0
Mount Pleasant,2017,8,night,34265,3.76822,9093.152735243697,0.641334347826087,127,115.3,2017-08-01,6.71653032302856,42,42,1,0
Mount Pleasant,2017,9,day,34265,3.76822,9093.152735243697,0.641334347826087,108,115.2,2017-09-01,6.21861362457275,42,42,1,0
Mount Pleasant,2017,9,night,34265,3.76822,9093.152735243697,0.641334347826087,134,115.2,2017-09-01,6.21861362457275,42,42,1,0
Mount Pleasant,2017,10,day,34265,3.76822,9093.152735243697,0.641334347826087,97,115.3,2017-10-01,7.45518922805786,42,42,1,0
Mount Pleasant,2017,10,night,34265,3.76822,9093.152735243697,0.641334347826087,136,115.3,2017-10-01,7.45518922805786,42,42,1,0
Mount Pleasant,2017,11,day,34265,3.76822,9093.152735243697,0.641334347826087,80,115.2,2017-11-01,5.39999485015869,42,42,1,0
Mount Pleasant,2017,11,night,34265,3.76822,9093.152735243697,0.641334347826087,128,115.2,2017-11-01,5.39999485015869,42,42,1,0
Mount Pleasant,2017,12,day,34265,3.76822,9093.152735243697,0.641334347826087,98,115.3,2017-12-01,6.40345811843872,42,42,1,0
Mount Pleasant,2017,12,night,34265,3.76822,9093.152735243697,0.641334347826087,166,115.3,2017-12-01,6.40345811843872,42,42,1,0
Mount Pleasant,2018,1,day,34265,3.76822,9093.152735243697,0.641334347826087,88,115.3,2018-01-01,7.21715211868286,42,42,1,0
Mount Pleasant,2018,1,night,34265,3.76822,9093.152735243697,0.641334347826087,154,115.3,2018-01-01,7.21715211868286,42,42,1,0
Mount Pleasant,2018,2,day,34265,3.76822,9093.152735243697,0.641334347826087,69,115.1,2018-02-01,6.55000972747803,42,42,1,0
Mount Pleasant,2018,2,night,34265,3.76822,9093.152735243697,0.641334347826087,143,115.1,2018-02-01,6.55000972747803,42,42,1,0
Mount Pleasant,2018,3,day,34265,3.76822,9093.152735243697,0.641334347826087,106,115.3,2018-03-01,7.87906742095947,42,42,1,0
Mount Pleasant,2018,3,night,34265,3.76822,9093.152735243697,0.641334347826087,141,115.3,2018-03-01,7.87906742095947,42,42,1,0
Mount Pleasant,2018,4,day,34265,3.76822,9093.152735243697,0.641334347826087,94,118.7,2018-04-01,8.01650810241699,42,42,1,0
Mount Pleasant,2018,4,night,34265,3.76822,9093.152735243697,0.641334347826087,124,118.7,2018-04-01,8.01650810241699,42,42,1,0
Mount Pleasant,2018,5,day,34265,3.76822,9093.152735243697,0.641334347826087,103,118.8,2018-05-01,7.61718797683716,42,42,1,0
Mount Pleasant,2018,5,night,34265,3.76822,9093.152735243697,0.641334347826087,119,118.8,2018-05-01,7.61718797683716,42,42,1,0
Mount Pleasant,2018,6,day,34265,3.76822,9093.152735243697,0.641334347826087,108,118.7,2018-06-01,NA,NA,NA,NA,0
Mount Pleasant,2018,6,night,34265,3.76822,9093.152735243697,0.641334347826087,137,118.7,2018-06-01,NA,NA,NA,NA,0
Mount Pleasant,2018,7,day,34265,3.76822,9093.152735243697,0.641334347826087,90,118.8,2018-07-01,7.40296268463135,42,42,1,0
Mount Pleasant,2018,7,night,34265,3.76822,9093.152735243697,0.641334347826087,121,118.8,2018-07-01,7.40296268463135,42,42,1,0
Mount Pleasant,2018,8,day,34265,3.76822,9093.152735243697,0.641334347826087,100,118.8,2018-08-01,5.85375118255615,42,42,1,0
Mount Pleasant,2018,8,night,34265,3.76822,9093.152735243697,0.641334347826087,120,118.8,2018-08-01,5.85375118255615,42,42,1,0
Mount Pleasant,2018,9,day,34265,3.76822,9093.152735243697,0.641334347826087,92,118.7,2018-09-01,6.79243946075439,42,42,1,0
Mount Pleasant,2018,9,night,34265,3.76822,9093.152735243697,0.641334347826087,148,118.7,2018-09-01,6.79243946075439,42,42,1,0
Mount Pleasant,2018,10,day,34265,3.76822,9093.152735243697,0.641334347826087,94,118.8,2018-10-01,6.98956108093262,42,42,1,0
Mount Pleasant,2018,10,night,34265,3.76822,9093.152735243697,0.641334347826087,94,118.8,2018-10-01,6.98956108093262,42,42,1,0
Mount Pleasant,2018,11,day,34265,3.76822,9093.152735243697,0.641334347826087,66,118.7,2018-11-01,5.62407255172729,42,42,1,0
Mount Pleasant,2018,11,night,34265,3.76822,9093.152735243697,0.641334347826087,117,118.7,2018-11-01,5.62407255172729,42,42,1,0
Mount Pleasant,2018,12,day,34265,3.76822,9093.152735243697,0.641334347826087,79,118.8,2018-12-01,6.03438186645508,42,42,1,0
Mount Pleasant,2018,12,night,34265,3.76822,9093.152735243697,0.641334347826087,152,118.8,2018-12-01,6.03438186645508,42,42,1,0
Mount Pleasant,2019,1,day,27212,2.6661,10206.668917144892,0.8305454545454546,32,118.8,2019-01-01,5.57968282699585,42,42,1,0
Mount Pleasant,2019,1,night,27212,2.6661,10206.668917144892,0.8305454545454546,75,118.8,2019-01-01,5.57968282699585,42,42,1,0
Mount Pleasant,2019,2,day,27212,2.6661,10206.668917144892,0.8305454545454546,37,118.6,2019-02-01,6.90229082107544,42,42,1,0
Mount Pleasant,2019,2,night,27212,2.6661,10206.668917144892,0.8305454545454546,70,118.6,2019-02-01,6.90229082107544,42,42,1,0
Mount Pleasant,2019,3,day,27212,2.6661,10206.668917144892,0.8305454545454546,45,118.8,2019-03-01,8.00613498687744,42,42,1,0
Mount Pleasant,2019,3,night,27212,2.6661,10206.668917144892,0.8305454545454546,63,118.8,2019-03-01,8.00613498687744,42,42,1,0
Mount Pleasant,2019,4,day,27212,2.6661,10206.668917144892,0.8305454545454546,34,120.9,2019-04-01,7.98082160949707,42,42,1,0
Mount Pleasant,2019,4,night,27212,2.6661,10206.668917144892,0.8305454545454546,61,120.9,2019-04-01,7.98082160949707,42,42,1,0
Mount Pleasant,2019,5,day,27212,2.6661,10206.668917144892,0.8305454545454546,56,120.9,2019-05-01,7.92737531661987,42,42,1,0
Mount Pleasant,2019,5,night,27212,2.6661,10206.668917144892,0.8305454545454546,80,120.9,2019-05-01,7.92737531661987,42,42,1,0
Mount Pleasant,2019,6,day,27212,2.6661,10206.668917144892,0.8305454545454546,50,120.9,2019-06-01,NA,NA,NA,NA,0
Mount Pleasant,2019,6,night,27212,2.6661,10206.668917144892,0.8305454545454546,61,120.9,2019-06-01,NA,NA,NA,NA,0
Mount Pleasant,2019,7,day,27212,2.6661,10206.668917144892,0.8305454545454546,55,120.9,2019-07-01,7.7184419631958,42,42,1,0
Mount Pleasant,2019,7,night,27212,2.6661,10206.668917144892,0.8305454545454546,75,120.9,2019-07-01,7.7184419631958,42,42,1,0
Mount Pleasant,2019,8,day,27212,2.6661,10206.668917144892,0.8305454545454546,54,120.9,2019-08-01,7.62031936645508,42,42,1,0
Mount Pleasant,2019,8,night,27212,2.6661,10206.668917144892,0.8305454545454546,103,120.9,2019-08-01,7.62031936645508,42,42,1,0
Mount Pleasant,2019,9,day,27212,2.6661,10206.668917144892,0.8305454545454546,38,120.9,2019-09-01,7.77437925338745,42,42,1,0
Mount Pleasant,2019,9,night,27212,2.6661,10206.668917144892,0.8305454545454546,72,120.9,2019-09-01,7.77437925338745,42,42,1,0
Mount Pleasant,2019,10,day,27212,2.6661,10206.668917144892,0.8305454545454546,51,120.9,2019-10-01,7.40742826461792,42,42,1,0
Mount Pleasant,2019,10,night,27212,2.6661,10206.668917144892,0.8305454545454546,63,120.9,2019-10-01,7.40742826461792,42,42,1,0
Mount Pleasant,2019,11,day,27212,2.6661,10206.668917144892,0.8305454545454546,50,120.9,2019-11-01,7.66283750534058,42,42,1,0
Mount Pleasant,2019,11,night,27212,2.6661,10206.668917144892,0.8305454545454546,78,120.9,2019-11-01,7.66283750534058,42,42,1,0
Mount Pleasant,2019,12,day,27212,2.6661,10206.668917144892,0.8305454545454546,32,120.9,2019-12-01,5.83111333847046,42,42,1,0
Mount Pleasant,2019,12,night,27212,2.6661,10206.668917144892,0.8305454545454546,91,120.9,2019-12-01,5.83111333847046,42,42,1,0
Mount Pleasant,2020,1,day,27212,2.6661,10206.668917144892,0.8305454545454546,31,120.9,2020-01-01,7.70687055587769,42,42,1,0
Mount Pleasant,2020,1,night,27212,2.6661,10206.668917144892,0.8305454545454546,67,120.9,2020-01-01,7.70687055587769,42,42,1,0
Mount Pleasant,2020,2,day,27212,2.6661,10206.668917144892,0.8305454545454546,32,120.8,2020-02-01,6.87079429626465,42,42,1,0
Mount Pleasant,2020,2,night,27212,2.6661,10206.668917144892,0.8305454545454546,83,120.8,2020-02-01,6.87079429626465,42,42,1,0
Mount Pleasant,2020,3,day,27212,2.6661,10206.668917144892,0.8305454545454546,51,120.9,2020-03-01,7.55795288085938,42,42,1,0
Mount Pleasant,2020,3,night,27212,2.6661,10206.668917144892,0.8305454545454546,77,120.9,2020-03-01,7.55795288085938,42,42,1,0
Mount Pleasant,2020,4,day,27212,2.6661,10206.668917144892,0.8305454545454546,35,119.6,2020-04-01,8.00375366210938,42,42,1,0
Mount Pleasant,2020,4,night,27212,2.6661,10206.668917144892,0.8305454545454546,64,119.6,2020-04-01,8.00375366210938,42,42,1,0
Mount Pleasant,2020,5,day,27212,2.6661,10206.668917144892,0.8305454545454546,32,119.7,2020-05-01,7.95389318466187,42,42,1,0
Mount Pleasant,2020,5,night,27212,2.6661,10206.668917144892,0.8305454545454546,39,119.7,2020-05-01,7.95389318466187,42,42,1,0
Mount Pleasant,2020,6,day,27212,2.6661,10206.668917144892,0.8305454545454546,32,119.6,2020-06-01,NA,NA,NA,NA,0
Mount Pleasant,2020,6,night,27212,2.6661,10206.668917144892,0.8305454545454546,33,119.6,2020-06-01,NA,NA,NA,NA,0
Mount Pleasant,2020,7,day,27212,2.6661,10206.668917144892,0.8305454545454546,37,119.7,2020-07-01,7.16051197052002,42,42,1,0
Mount Pleasant,2020,7,night,27212,2.6661,10206.668917144892,0.8305454545454546,36,119.7,2020-07-01,7.16051197052002,42,42,1,0
Mount Pleasant,2020,8,day,27212,2.6661,10206.668917144892,0.8305454545454546,29,119.7,2020-08-01,7.17072677612305,42,42,1,0
Mount Pleasant,2020,8,night,27212,2.6661,10206.668917144892,0.8305454545454546,56,119.7,2020-08-01,7.17072677612305,42,42,1,0
Mount Pleasant,2020,9,day,27212,2.6661,10206.668917144892,0.8305454545454546,32,119.6,2020-09-01,7.11685848236084,42,42,1,0
Mount Pleasant,2020,9,night,27212,2.6661,10206.668917144892,0.8305454545454546,47,119.6,2020-09-01,7.11685848236084,42,42,1,0
Mount Pleasant,2020,10,day,27212,2.6661,10206.668917144892,0.8305454545454546,45,119.7,2020-10-01,6.35484838485718,42,42,1,0
Mount Pleasant,2020,10,night,27212,2.6661,10206.668917144892,0.8305454545454546,52,119.7,2020-10-01,6.35484838485718,42,42,1,0
Mount Pleasant,2020,11,day,27212,2.6661,10206.668917144892,0.8305454545454546,27,119.6,2020-11-01,6.08814811706543,42,42,1,0
Mount Pleasant,2020,11,night,27212,2.6661,10206.668917144892,0.8305454545454546,47,119.6,2020-11-01,6.08814811706543,42,42,1,0
Mount Pleasant,2020,12,day,27212,2.6661,10206.668917144892,0.8305454545454546,30,119.7,2020-12-01,3.8727695941925,42,42,1,0
Mount Pleasant,2020,12,night,27212,2.6661,10206.668917144892,0.8305454545454546,62,119.7,2020-12-01,3.8727695941925,42,42,1,0
Mount Pleasant,2021,1,day,27212,2.6661,10206.668917144892,0.8305454545454546,25,119.7,2021-01-01,2.92707920074463,42,42,1,0
Mount Pleasant,2021,1,night,27212,2.6661,10206.668917144892,0.8305454545454546,53,119.7,2021-01-01,2.92707920074463,42,42,1,0
Mount Pleasant,2021,2,day,27212,2.6661,10206.668917144892,0.8305454545454546,27,119.5,2021-02-01,6.99826192855835,42,42,1,0
Mount Pleasant,2021,2,night,27212,2.6661,10206.668917144892,0.8305454545454546,38,119.5,2021-02-01,6.99826192855835,42,42,1,0
Mount Pleasant,2021,3,day,27212,2.6661,10206.668917144892,0.8305454545454546,20,119.7,2021-03-01,8.03683090209961,42,42,1,0
Mount Pleasant,2021,3,night,27212,2.6661,10206.668917144892,0.8305454545454546,45,119.7,2021-03-01,8.03683090209961,42,42,1,0
Mount Pleasant,2021,4,day,27212,2.6661,10206.668917144892,0.8305454545454546,19,120.1,2021-04-01,8.01952171325684,42,42,1,0
Mount Pleasant,2021,4,night,27212,2.6661,10206.668917144892,0.8305454545454546,27,120.1,2021-04-01,8.01952171325684,42,42,1,0
Mount Pleasant,2021,5,day,27212,2.6661,10206.668917144892,0.8305454545454546,29,120.1,2021-05-01,8.29362010955811,42,42,1,0
Mount Pleasant,2021,5,night,27212,2.6661,10206.668917144892,0.8305454545454546,44,120.1,2021-05-01,8.29362010955811,42,42,1,0
Mount Pleasant,2021,6,day,27212,2.6661,10206.668917144892,0.8305454545454546,27,120.1,2021-06-01,NA,NA,NA,NA,0
Mount Pleasant,2021,6,night,27212,2.6661,10206.668917144892,0.8305454545454546,40,120.1,2021-06-01,NA,NA,NA,NA,0
Mount Pleasant,2021,7,day,27212,2.6661,10206.668917144892,0.8305454545454546,31,120.1,2021-07-01,7.8152928352356,42,42,1,0
Mount Pleasant,2021,7,night,27212,2.6661,10206.668917144892,0.8305454545454546,53,120.1,2021-07-01,7.8152928352356,42,42,1,0
Mount Pleasant,2021,8,day,27212,2.6661,10206.668917144892,0.8305454545454546,32,120.1,2021-08-01,6.25781202316284,42,42,1,0
Mount Pleasant,2021,8,night,27212,2.6661,10206.668917144892,0.8305454545454546,46,120.1,2021-08-01,6.25781202316284,42,42,1,0
Mount Pleasant,2021,9,day,27212,2.6661,10206.668917144892,0.8305454545454546,21,120.1,2021-09-01,6.86230802536011,42,42,1,0
Mount Pleasant,2021,9,night,27212,2.6661,10206.668917144892,0.8305454545454546,59,120.1,2021-09-01,6.86230802536011,42,42,1,0
Mount Pleasant,2021,10,day,27212,2.6661,10206.668917144892,0.8305454545454546,30,120.1,2021-10-01,7.38690137863159,42,42,1,0
Mount Pleasant,2021,10,night,27212,2.6661,10206.668917144892,0.8305454545454546,44,120.1,2021-10-01,7.38690137863159,42,42,1,0
Mount Pleasant,2021,11,day,27212,2.6661,10206.668917144892,0.8305454545454546,22,120.1,2021-11-01,7.31682729721069,42,42,1,0
Mount Pleasant,2021,11,night,27212,2.6661,10206.668917144892,0.8305454545454546,30,120.1,2021-11-01,7.31682729721069,42,42,1,0
Mount Pleasant,2021,12,day,27212,2.6661,10206.668917144892,0.8305454545454546,20,120.1,2021-12-01,6.97287797927856,42,42,1,0
Mount Pleasant,2021,12,night,27212,2.6661,10206.668917144892,0.8305454545454546,41,120.1,2021-12-01,6.97287797927856,42,42,1,0
Mount Pleasant,2022,1,day,27212,2.6661,10206.668917144892,0.8305454545454546,13,120.1,2022-01-01,4.79213571548462,42,42,1,0
Mount Pleasant,2022,1,night,27212,2.6661,10206.668917144892,0.8305454545454546,56,120.1,2022-01-01,4.79213571548462,42,42,1,0
Mount Pleasant,2022,2,day,27212,2.6661,10206.668917144892,0.8305454545454546,24,120,2022-02-01,7.54030513763428,42,42,1,0
Mount Pleasant,2022,2,night,27212,2.6661,10206.668917144892,0.8305454545454546,29,120,2022-02-01,7.54030513763428,42,42,1,0
Mount Pleasant,2022,3,day,27212,2.6661,10206.668917144892,0.8305454545454546,23,120.1,2022-03-01,8.38537883758545,42,42,1,0
Mount Pleasant,2022,3,night,27212,2.6661,10206.668917144892,0.8305454545454546,59,120.1,2022-03-01,8.38537883758545,42,42,1,0
Mount Pleasant,2022,4,day,27212,2.6661,10206.668917144892,0.8305454545454546,30,120.9,2022-04-01,8.42276287078857,42,42,1,0
Mount Pleasant,2022,4,night,27212,2.6661,10206.668917144892,0.8305454545454546,47,120.9,2022-04-01,8.42276287078857,42,42,1,0
Mount Pleasant,2022,5,day,27212,2.6661,10206.668917144892,0.8305454545454546,25,120.9,2022-05-01,7.36001062393188,42,42,1,0
Mount Pleasant,2022,5,night,27212,2.6661,10206.668917144892,0.8305454545454546,38,120.9,2022-05-01,7.36001062393188,42,42,1,0
Mount Pleasant,2022,6,day,27212,2.6661,10206.668917144892,0.8305454545454546,18,120.9,2022-06-01,NA,NA,NA,NA,0
Mount Pleasant,2022,6,night,27212,2.6661,10206.668917144892,0.8305454545454546,37,120.9,2022-06-01,NA,NA,NA,NA,0
Mount Pleasant,2022,7,day,27212,2.6661,10206.668917144892,0.8305454545454546,30,120.9,2022-07-01,7.48407220840454,42,42,1,0
Mount Pleasant,2022,7,night,27212,2.6661,10206.668917144892,0.8305454545454546,42,120.9,2022-07-01,7.48407220840454,42,42,1,0
Mount Pleasant,2022,8,day,27212,2.6661,10206.668917144892,0.8305454545454546,23,120.9,2022-08-01,7.20215845108032,42,42,1,0
Mount Pleasant,2022,8,night,27212,2.6661,10206.668917144892,0.8305454545454546,41,120.9,2022-08-01,7.20215845108032,42,42,1,0
Mount Pleasant,2022,9,day,27212,2.6661,10206.668917144892,0.8305454545454546,29,120.9,2022-09-01,7.68486261367798,42,42,1,0
Mount Pleasant,2022,9,night,27212,2.6661,10206.668917144892,0.8305454545454546,38,120.9,2022-09-01,7.68486261367798,42,42,1,0
Mount Pleasant,2022,10,day,27212,2.6661,10206.668917144892,0.8305454545454546,23,120.9,2022-10-01,7.51801538467407,42,42,1,0
Mount Pleasant,2022,10,night,27212,2.6661,10206.668917144892,0.8305454545454546,45,120.9,2022-10-01,7.51801538467407,42,42,1,0
Mount Pleasant,2022,11,day,27212,2.6661,10206.668917144892,0.8305454545454546,15,120.9,2022-11-01,5.96076726913452,42,42,1,0
Mount Pleasant,2022,11,night,27212,2.6661,10206.668917144892,0.8305454545454546,41,120.9,2022-11-01,5.96076726913452,42,42,1,0
Mount Pleasant,2022,12,day,27212,2.6661,10206.668917144892,0.8305454545454546,16,120.9,2022-12-01,7.99096918106079,42,42,1,0
Mount Pleasant,2022,12,night,27212,2.6661,10206.668917144892,0.8305454545454546,48,120.9,2022-12-01,7.99096918106079,42,42,1,0
Mount Pleasant,2023,1,day,27212,2.6661,10206.668917144892,0.8305454545454546,12,120.9,2023-01-01,6.65741014480591,42,42,1,0
Mount Pleasant,2023,1,night,27212,2.6661,10206.668917144892,0.8305454545454546,48,120.9,2023-01-01,6.65741014480591,42,42,1,0
Mount Pleasant,2023,2,day,27212,2.6661,10206.668917144892,0.8305454545454546,23,120.7,2023-02-01,8.04907989501953,42,42,1,0
Mount Pleasant,2023,2,night,27212,2.6661,10206.668917144892,0.8305454545454546,32,120.7,2023-02-01,8.04907989501953,42,42,1,0
Mount Pleasant,2023,3,day,27212,2.6661,10206.668917144892,0.8305454545454546,23,120.9,2023-03-01,7.86573314666748,42,42,1,0
Mount Pleasant,2023,3,night,27212,2.6661,10206.668917144892,0.8305454545454546,27,120.9,2023-03-01,7.86573314666748,42,42,1,0
Mount Pleasant,2023,4,day,27212,2.6661,10206.668917144892,0.8305454545454546,30,122,2023-04-01,8.05958652496338,42,42,1,0
Mount Pleasant,2023,4,night,27212,2.6661,10206.668917144892,0.8305454545454546,30,122,2023-04-01,8.05958652496338,42,42,1,0
Mount Pleasant,2023,5,day,27212,2.6661,10206.668917144892,0.8305454545454546,18,122.1,2023-05-01,7.93969535827637,42,42,1,0
Mount Pleasant,2023,5,night,27212,2.6661,10206.668917144892,0.8305454545454546,30,122.1,2023-05-01,7.93969535827637,42,42,1,0
Mount Pleasant,2023,6,day,27212,2.6661,10206.668917144892,0.8305454545454546,35,122,2023-06-01,NA,NA,NA,NA,0
Mount Pleasant,2023,6,night,27212,2.6661,10206.668917144892,0.8305454545454546,29,122,2023-06-01,NA,NA,NA,NA,0
Mount Pleasant,2023,7,day,27212,2.6661,10206.668917144892,0.8305454545454546,23,122.1,2023-07-01,8.08076667785645,42,42,1,0
Mount Pleasant,2023,7,night,27212,2.6661,10206.668917144892,0.8305454545454546,31,122.1,2023-07-01,8.08076667785645,42,42,1,0
Mount Pleasant,2023,8,day,27212,2.6661,10206.668917144892,0.8305454545454546,26,122.1,2023-08-01,8.00947093963623,42,42,1,0
Mount Pleasant,2023,8,night,27212,2.6661,10206.668917144892,0.8305454545454546,39,122.1,2023-08-01,8.00947093963623,42,42,1,0
Mount Pleasant,2023,9,day,27212,2.6661,10206.668917144892,0.8305454545454546,30,122.5,2023-09-01,7.67426776885986,42,42,1,0
Mount Pleasant,2023,9,night,27212,2.6661,10206.668917144892,0.8305454545454546,52,122.5,2023-09-01,7.67426776885986,42,42,1,0
Mount Pleasant,2023,10,day,27212,2.6661,10206.668917144892,0.8305454545454546,27,122.5,2023-10-01,6.91392803192139,42,42,1,0
Mount Pleasant,2023,10,night,27212,2.6661,10206.668917144892,0.8305454545454546,58,122.5,2023-10-01,6.91392803192139,42,42,1,0
Mount Pleasant,2023,11,day,27212,2.6661,10206.668917144892,0.8305454545454546,29,122.5,2023-11-01,6.41638994216919,42,42,1,0
Mount Pleasant,2023,11,night,27212,2.6661,10206.668917144892,0.8305454545454546,31,122.5,2023-11-01,6.41638994216919,42,42,1,0
Mount Pleasant,2023,12,day,27212,2.6661,10206.668917144892,0.8305454545454546,16,122.5,2023-12-01,7.51196622848511,42,42,1,0
Mount Pleasant,2023,12,night,27212,2.6661,10206.668917144892,0.8305454545454546,28,122.5,2023-12-01,7.51196622848511,42,42,1,0
Oakridge,2014,1,day,13279,4.16309,3189.6980367947845,0.7855026086956521,30,94.8,2014-01-01,3.67129135131836,44,44,1,0
Oakridge,2014,1,night,13279,4.16309,3189.6980367947845,0.7855026086956521,26,94.8,2014-01-01,3.67129135131836,44,44,1,0
Oakridge,2014,2,day,13279,4.16309,3189.6980367947845,0.7855026086956521,14,94.8,2014-02-01,3.48235273361206,44,44,1,0
Oakridge,2014,2,night,13279,4.16309,3189.6980367947845,0.7855026086956521,9,94.8,2014-02-01,3.48235273361206,44,44,1,0
Oakridge,2014,3,day,13279,4.16309,3189.6980367947845,0.7855026086956521,29,94.8,2014-03-01,4.02191209793091,44,44,1,0
Oakridge,2014,3,night,13279,4.16309,3189.6980367947845,0.7855026086956521,21,94.8,2014-03-01,4.02191209793091,44,44,1,0
Oakridge,2014,4,day,13279,4.16309,3189.6980367947845,0.7855026086956521,25,101.7,2014-04-01,4.77250146865845,44,44,1,0
Oakridge,2014,4,night,13279,4.16309,3189.6980367947845,0.7855026086956521,21,101.7,2014-04-01,4.77250146865845,44,44,1,0
Oakridge,2014,5,day,13279,4.16309,3189.6980367947845,0.7855026086956521,28,101.7,2014-05-01,4.12805366516113,44,44,1,0
Oakridge,2014,5,night,13279,4.16309,3189.6980367947845,0.7855026086956521,28,101.7,2014-05-01,4.12805366516113,44,44,1,0
Oakridge,2014,6,day,13279,4.16309,3189.6980367947845,0.7855026086956521,21,101.7,2014-06-01,NA,NA,NA,NA,0
Oakridge,2014,6,night,13279,4.16309,3189.6980367947845,0.7855026086956521,22,101.7,2014-06-01,NA,NA,NA,NA,0
Oakridge,2014,7,day,13279,4.16309,3189.6980367947845,0.7855026086956521,28,101.7,2014-07-01,4.29518842697144,44,44,1,0
Oakridge,2014,7,night,13279,4.16309,3189.6980367947845,0.7855026086956521,22,101.7,2014-07-01,4.29518842697144,44,44,1,0
Oakridge,2014,8,day,13279,4.16309,3189.6980367947845,0.7855026086956521,15,101.7,2014-08-01,3.99882650375366,44,44,1,0
Oakridge,2014,8,night,13279,4.16309,3189.6980367947845,0.7855026086956521,18,101.7,2014-08-01,3.99882650375366,44,44,1,0
Oakridge,2014,9,day,13279,4.16309,3189.6980367947845,0.7855026086956521,21,101.7,2014-09-01,3.94121885299683,44,44,1,0
Oakridge,2014,9,night,13279,4.16309,3189.6980367947845,0.7855026086956521,24,101.7,2014-09-01,3.94121885299683,44,44,1,0
Oakridge,2014,10,day,13279,4.16309,3189.6980367947845,0.7855026086956521,20,101.7,2014-10-01,3.4541540145874,44,44,1,0
Oakridge,2014,10,night,13279,4.16309,3189.6980367947845,0.7855026086956521,37,101.7,2014-10-01,3.4541540145874,44,44,1,0
Oakridge,2014,11,day,13279,4.16309,3189.6980367947845,0.7855026086956521,23,101.7,2014-11-01,3.98516511917114,44,44,1,0
Oakridge,2014,11,night,13279,4.16309,3189.6980367947845,0.7855026086956521,25,101.7,2014-11-01,3.98516511917114,44,44,1,0
Oakridge,2014,12,day,13279,4.16309,3189.6980367947845,0.7855026086956521,18,101.7,2014-12-01,4.00259971618652,44,44,1,0
Oakridge,2014,12,night,13279,4.16309,3189.6980367947845,0.7855026086956521,30,101.7,2014-12-01,4.00259971618652,44,44,1,0
Oakridge,2015,1,day,13279,4.16309,3189.6980367947845,0.7855026086956521,21,101.7,2015-01-01,3.7472870349884,44,44,1,0
Oakridge,2015,1,night,13279,4.16309,3189.6980367947845,0.7855026086956521,31,101.7,2015-01-01,3.7472870349884,44,44,1,0
Oakridge,2015,2,day,13279,4.16309,3189.6980367947845,0.7855026086956521,16,101.7,2015-02-01,3.82409262657166,44,44,1,0
Oakridge,2015,2,night,13279,4.16309,3189.6980367947845,0.7855026086956521,23,101.7,2015-02-01,3.82409262657166,44,44,1,0
Oakridge,2015,3,day,13279,4.16309,3189.6980367947845,0.7855026086956521,18,101.7,2015-03-01,4.25256395339966,44,44,1,0
Oakridge,2015,3,night,13279,4.16309,3189.6980367947845,0.7855026086956521,24,101.7,2015-03-01,4.25256395339966,44,44,1,0
Oakridge,2015,4,day,13279,4.16309,3189.6980367947845,0.7855026086956521,31,107.7,2015-04-01,3.58251690864563,44,44,1,0
Oakridge,2015,4,night,13279,4.16309,3189.6980367947845,0.7855026086956521,16,107.7,2015-04-01,3.58251690864563,44,44,1,0
Oakridge,2015,5,day,13279,4.16309,3189.6980367947845,0.7855026086956521,21,107.7,2015-05-01,3.81772184371948,44,44,1,0
Oakridge,2015,5,night,13279,4.16309,3189.6980367947845,0.7855026086956521,19,107.7,2015-05-01,3.81772184371948,44,44,1,0
Oakridge,2015,6,day,13279,4.16309,3189.6980367947845,0.7855026086956521,10,107.7,2015-06-01,NA,NA,NA,NA,0
Oakridge,2015,6,night,13279,4.16309,3189.6980367947845,0.7855026086956521,16,107.7,2015-06-01,NA,NA,NA,NA,0
Oakridge,2015,7,day,13279,4.16309,3189.6980367947845,0.7855026086956521,22,107.7,2015-07-01,4.0151801109314,44,44,1,0
Oakridge,2015,7,night,13279,4.16309,3189.6980367947845,0.7855026086956521,20,107.7,2015-07-01,4.0151801109314,44,44,1,0
Oakridge,2015,8,day,13279,4.16309,3189.6980367947845,0.7855026086956521,16,107.7,2015-08-01,3.56077194213867,44,44,1,0
Oakridge,2015,8,night,13279,4.16309,3189.6980367947845,0.7855026086956521,22,107.7,2015-08-01,3.56077194213867,44,44,1,0
Oakridge,2015,9,day,13279,4.16309,3189.6980367947845,0.7855026086956521,17,107.7,2015-09-01,3.3980758190155,44,44,1,0
Oakridge,2015,9,night,13279,4.16309,3189.6980367947845,0.7855026086956521,21,107.7,2015-09-01,3.3980758190155,44,44,1,0
Oakridge,2015,10,day,13279,4.16309,3189.6980367947845,0.7855026086956521,22,107.7,2015-10-01,3.72135949134827,44,44,1,0
Oakridge,2015,10,night,13279,4.16309,3189.6980367947845,0.7855026086956521,41,107.7,2015-10-01,3.72135949134827,44,44,1,0
Oakridge,2015,11,day,13279,4.16309,3189.6980367947845,0.7855026086956521,17,107.7,2015-11-01,3.67546606063843,44,44,1,0
Oakridge,2015,11,night,13279,4.16309,3189.6980367947845,0.7855026086956521,37,107.7,2015-11-01,3.67546606063843,44,44,1,0
Oakridge,2015,12,day,13279,4.16309,3189.6980367947845,0.7855026086956521,22,107.7,2015-12-01,1.9389511346817,44,44,1,0
Oakridge,2015,12,night,13279,4.16309,3189.6980367947845,0.7855026086956521,47,107.7,2015-12-01,1.9389511346817,44,44,1,0
Oakridge,2016,1,day,13279,4.16309,3189.6980367947845,0.7855026086956521,13,107.7,2016-01-01,3.73104095458984,44,44,1,0
Oakridge,2016,1,night,13279,4.16309,3189.6980367947845,0.7855026086956521,28,107.7,2016-01-01,3.73104095458984,44,44,1,0
Oakridge,2016,2,day,13279,4.16309,3189.6980367947845,0.7855026086956521,31,107.6,2016-02-01,3.40059280395508,44,44,1,0
Oakridge,2016,2,night,13279,4.16309,3189.6980367947845,0.7855026086956521,34,107.6,2016-02-01,3.40059280395508,44,44,1,0
Oakridge,2016,3,day,13279,4.16309,3189.6980367947845,0.7855026086956521,20,107.7,2016-03-01,4.0019793510437,44,44,1,0
Oakridge,2016,3,night,13279,4.16309,3189.6980367947845,0.7855026086956521,32,107.7,2016-03-01,4.0019793510437,44,44,1,0
Oakridge,2016,4,day,13279,4.16309,3189.6980367947845,0.7855026086956521,29,112.2,2016-04-01,3.82671022415161,44,44,1,0
Oakridge,2016,4,night,13279,4.16309,3189.6980367947845,0.7855026086956521,26,112.2,2016-04-01,3.82671022415161,44,44,1,0
Oakridge,2016,5,day,13279,4.16309,3189.6980367947845,0.7855026086956521,19,112.3,2016-05-01,3.02102589607239,44,44,1,0
Oakridge,2016,5,night,13279,4.16309,3189.6980367947845,0.7855026086956521,21,112.3,2016-05-01,3.02102589607239,44,44,1,0
Oakridge,2016,6,day,13279,4.16309,3189.6980367947845,0.7855026086956521,31,112.2,2016-06-01,NA,NA,NA,NA,0
Oakridge,2016,6,night,13279,4.16309,3189.6980367947845,0.7855026086956521,33,112.2,2016-06-01,NA,NA,NA,NA,0
Oakridge,2016,7,day,13279,4.16309,3189.6980367947845,0.7855026086956521,20,112.3,2016-07-01,3.64700818061829,44,44,1,0
Oakridge,2016,7,night,13279,4.16309,3189.6980367947845,0.7855026086956521,21,112.3,2016-07-01,3.64700818061829,44,44,1,0
Oakridge,2016,8,day,13279,4.16309,3189.6980367947845,0.7855026086956521,24,112.3,2016-08-01,3.49985241889954,44,44,1,0
Oakridge,2016,8,night,13279,4.16309,3189.6980367947845,0.7855026086956521,17,112.3,2016-08-01,3.49985241889954,44,44,1,0
Oakridge,2016,9,day,13279,4.16309,3189.6980367947845,0.7855026086956521,18,112.2,2016-09-01,3.35680985450745,44,44,1,0
Oakridge,2016,9,night,13279,4.16309,3189.6980367947845,0.7855026086956521,18,112.2,2016-09-01,3.35680985450745,44,44,1,0
Oakridge,2016,10,day,13279,4.16309,3189.6980367947845,0.7855026086956521,18,112.3,2016-10-01,3.2766125202179,44,44,1,0
Oakridge,2016,10,night,13279,4.16309,3189.6980367947845,0.7855026086956521,25,112.3,2016-10-01,3.2766125202179,44,44,1,0
Oakridge,2016,11,day,13279,4.16309,3189.6980367947845,0.7855026086956521,16,112.2,2016-11-01,3.00135350227356,44,44,1,0
Oakridge,2016,11,night,13279,4.16309,3189.6980367947845,0.7855026086956521,26,112.2,2016-11-01,3.00135350227356,44,44,1,0
Oakridge,2016,12,day,13279,4.16309,3189.6980367947845,0.7855026086956521,14,112.3,2016-12-01,2.66236901283264,44,44,1,0
Oakridge,2016,12,night,13279,4.16309,3189.6980367947845,0.7855026086956521,26,112.3,2016-12-01,2.66236901283264,44,44,1,0
Oakridge,2017,1,day,13279,4.16309,3189.6980367947845,0.7855026086956521,19,112.3,2017-01-01,3.67442965507507,44,44,1,0
Oakridge,2017,1,night,13279,4.16309,3189.6980367947845,0.7855026086956521,17,112.3,2017-01-01,3.67442965507507,44,44,1,0
Oakridge,2017,2,day,13279,4.16309,3189.6980367947845,0.7855026086956521,15,112.1,2017-02-01,3.06684947013855,44,44,1,0
Oakridge,2017,2,night,13279,4.16309,3189.6980367947845,0.7855026086956521,40,112.1,2017-02-01,3.06684947013855,44,44,1,0
Oakridge,2017,3,day,13279,4.16309,3189.6980367947845,0.7855026086956521,16,112.3,2017-03-01,3.85583519935608,44,44,1,0
Oakridge,2017,3,night,13279,4.16309,3189.6980367947845,0.7855026086956521,28,112.3,2017-03-01,3.85583519935608,44,44,1,0
Oakridge,2017,4,day,13279,4.16309,3189.6980367947845,0.7855026086956521,23,115.2,2017-04-01,3.67417693138123,44,44,1,0
Oakridge,2017,4,night,13279,4.16309,3189.6980367947845,0.7855026086956521,18,115.2,2017-04-01,3.67417693138123,44,44,1,0
Oakridge,2017,5,day,13279,4.16309,3189.6980367947845,0.7855026086956521,11,115.3,2017-05-01,3.62089657783508,44,44,1,0
Oakridge,2017,5,night,13279,4.16309,3189.6980367947845,0.7855026086956521,22,115.3,2017-05-01,3.62089657783508,44,44,1,0
Oakridge,2017,6,day,13279,4.16309,3189.6980367947845,0.7855026086956521,20,115.2,2017-06-01,NA,NA,NA,NA,0
Oakridge,2017,6,night,13279,4.16309,3189.6980367947845,0.7855026086956521,21,115.2,2017-06-01,NA,NA,NA,NA,0
Oakridge,2017,7,day,13279,4.16309,3189.6980367947845,0.7855026086956521,20,115.3,2017-07-01,4.42456293106079,44,44,1,0
Oakridge,2017,7,night,13279,4.16309,3189.6980367947845,0.7855026086956521,37,115.3,2017-07-01,4.42456293106079,44,44,1,0
Oakridge,2017,8,day,13279,4.16309,3189.6980367947845,0.7855026086956521,28,115.3,2017-08-01,3.56634259223938,44,44,1,0
Oakridge,2017,8,night,13279,4.16309,3189.6980367947845,0.7855026086956521,29,115.3,2017-08-01,3.56634259223938,44,44,1,0
Oakridge,2017,9,day,13279,4.16309,3189.6980367947845,0.7855026086956521,26,115.2,2017-09-01,3.26277542114258,44,44,1,0
Oakridge,2017,9,night,13279,4.16309,3189.6980367947845,0.7855026086956521,23,115.2,2017-09-01,3.26277542114258,44,44,1,0
Oakridge,2017,10,day,13279,4.16309,3189.6980367947845,0.7855026086956521,18,115.3,2017-10-01,3.53178024291992,44,44,1,0
Oakridge,2017,10,night,13279,4.16309,3189.6980367947845,0.7855026086956521,17,115.3,2017-10-01,3.53178024291992,44,44,1,0
Oakridge,2017,11,day,13279,4.16309,3189.6980367947845,0.7855026086956521,16,115.2,2017-11-01,3.68192839622498,44,44,1,0
Oakridge,2017,11,night,13279,4.16309,3189.6980367947845,0.7855026086956521,29,115.2,2017-11-01,3.68192839622498,44,44,1,0
Oakridge,2017,12,day,13279,4.16309,3189.6980367947845,0.7855026086956521,20,115.3,2017-12-01,3.09516263008118,44,44,1,0
Oakridge,2017,12,night,13279,4.16309,3189.6980367947845,0.7855026086956521,22,115.3,2017-12-01,3.09516263008118,44,44,1,0
Oakridge,2018,1,day,13279,4.16309,3189.6980367947845,0.7855026086956521,28,115.3,2018-01-01,3.513263463974,44,44,1,0
Oakridge,2018,1,night,13279,4.16309,3189.6980367947845,0.7855026086956521,39,115.3,2018-01-01,3.513263463974,44,44,1,0
Oakridge,2018,2,day,13279,4.16309,3189.6980367947845,0.7855026086956521,11,115.1,2018-02-01,6.70766305923462,44,44,1,0
Oakridge,2018,2,night,13279,4.16309,3189.6980367947845,0.7855026086956521,14,115.1,2018-02-01,6.70766305923462,44,44,1,0
Oakridge,2018,3,day,13279,4.16309,3189.6980367947845,0.7855026086956521,21,115.3,2018-03-01,3.9736111164093,44,44,1,0
Oakridge,2018,3,night,13279,4.16309,3189.6980367947845,0.7855026086956521,21,115.3,2018-03-01,3.9736111164093,44,44,1,0
Oakridge,2018,4,day,13279,4.16309,3189.6980367947845,0.7855026086956521,22,118.7,2018-04-01,3.93647384643555,44,44,1,0
Oakridge,2018,4,night,13279,4.16309,3189.6980367947845,0.7855026086956521,28,118.7,2018-04-01,3.93647384643555,44,44,1,0
Oakridge,2018,5,day,13279,4.16309,3189.6980367947845,0.7855026086956521,19,118.8,2018-05-01,3.43156576156616,44,44,1,0
Oakridge,2018,5,night,13279,4.16309,3189.6980367947845,0.7855026086956521,18,118.8,2018-05-01,3.43156576156616,44,44,1,0
Oakridge,2018,6,day,13279,4.16309,3189.6980367947845,0.7855026086956521,30,118.7,2018-06-01,NA,NA,NA,NA,0
Oakridge,2018,6,night,13279,4.16309,3189.6980367947845,0.7855026086956521,16,118.7,2018-06-01,NA,NA,NA,NA,0
Oakridge,2018,7,day,13279,4.16309,3189.6980367947845,0.7855026086956521,17,118.8,2018-07-01,4.42302751541138,44,44,1,0
Oakridge,2018,7,night,13279,4.16309,3189.6980367947845,0.7855026086956521,22,118.8,2018-07-01,4.42302751541138,44,44,1,0
Oakridge,2018,8,day,13279,4.16309,3189.6980367947845,0.7855026086956521,12,118.8,2018-08-01,3.27350234985352,44,44,1,0
Oakridge,2018,8,night,13279,4.16309,3189.6980367947845,0.7855026086956521,17,118.8,2018-08-01,3.27350234985352,44,44,1,0
Oakridge,2018,9,day,13279,4.16309,3189.6980367947845,0.7855026086956521,17,118.7,2018-09-01,3.67048335075378,44,44,1,0
Oakridge,2018,9,night,13279,4.16309,3189.6980367947845,0.7855026086956521,15,118.7,2018-09-01,3.67048335075378,44,44,1,0
Oakridge,2018,10,day,13279,4.16309,3189.6980367947845,0.7855026086956521,13,118.8,2018-10-01,3.78487491607666,44,44,1,0
Oakridge,2018,10,night,13279,4.16309,3189.6980367947845,0.7855026086956521,27,118.8,2018-10-01,3.78487491607666,44,44,1,0
Oakridge,2018,11,day,13279,4.16309,3189.6980367947845,0.7855026086956521,22,118.7,2018-11-01,3.57471299171448,44,44,1,0
Oakridge,2018,11,night,13279,4.16309,3189.6980367947845,0.7855026086956521,21,118.7,2018-11-01,3.57471299171448,44,44,1,0
Oakridge,2018,12,day,13279,4.16309,3189.6980367947845,0.7855026086956521,17,118.8,2018-12-01,3.56235480308533,44,44,1,0
Oakridge,2018,12,night,13279,4.16309,3189.6980367947845,0.7855026086956521,36,118.8,2018-12-01,3.56235480308533,44,44,1,0
Oakridge,2019,1,day,14071,4.163,3380.014412683161,0.969304347826087,12,118.8,2019-01-01,3.36587905883789,44,44,1,0
Oakridge,2019,1,night,14071,4.163,3380.014412683161,0.969304347826087,25,118.8,2019-01-01,3.36587905883789,44,44,1,0
Oakridge,2019,2,day,14071,4.163,3380.014412683161,0.969304347826087,11,118.6,2019-02-01,4.62932157516479,44,44,1,0
Oakridge,2019,2,night,14071,4.163,3380.014412683161,0.969304347826087,21,118.6,2019-02-01,4.62932157516479,44,44,1,0
Oakridge,2019,3,day,14071,4.163,3380.014412683161,0.969304347826087,21,118.8,2019-03-01,3.92342329025269,44,44,1,0
Oakridge,2019,3,night,14071,4.163,3380.014412683161,0.969304347826087,23,118.8,2019-03-01,3.92342329025269,44,44,1,0
Oakridge,2019,4,day,14071,4.163,3380.014412683161,0.969304347826087,21,120.9,2019-04-01,4.06164836883545,44,44,1,0
Oakridge,2019,4,night,14071,4.163,3380.014412683161,0.969304347826087,31,120.9,2019-04-01,4.06164836883545,44,44,1,0
Oakridge,2019,5,day,14071,4.163,3380.014412683161,0.969304347826087,31,120.9,2019-05-01,4.02977752685547,44,44,1,0
Oakridge,2019,5,night,14071,4.163,3380.014412683161,0.969304347826087,28,120.9,2019-05-01,4.02977752685547,44,44,1,0
Oakridge,2019,6,day,14071,4.163,3380.014412683161,0.969304347826087,31,120.9,2019-06-01,NA,NA,NA,NA,0
Oakridge,2019,6,night,14071,4.163,3380.014412683161,0.969304347826087,22,120.9,2019-06-01,NA,NA,NA,NA,0
Oakridge,2019,7,day,14071,4.163,3380.014412683161,0.969304347826087,20,120.9,2019-07-01,4.07089519500732,44,44,1,0
Oakridge,2019,7,night,14071,4.163,3380.014412683161,0.969304347826087,30,120.9,2019-07-01,4.07089519500732,44,44,1,0
Oakridge,2019,8,day,14071,4.163,3380.014412683161,0.969304347826087,25,120.9,2019-08-01,3.84874820709229,44,44,1,0
Oakridge,2019,8,night,14071,4.163,3380.014412683161,0.969304347826087,34,120.9,2019-08-01,3.84874820709229,44,44,1,0
Oakridge,2019,9,day,14071,4.163,3380.014412683161,0.969304347826087,22,120.9,2019-09-01,4.31773853302002,44,44,1,0
Oakridge,2019,9,night,14071,4.163,3380.014412683161,0.969304347826087,30,120.9,2019-09-01,4.31773853302002,44,44,1,0
Oakridge,2019,10,day,14071,4.163,3380.014412683161,0.969304347826087,19,120.9,2019-10-01,3.99297547340393,44,44,1,0
Oakridge,2019,10,night,14071,4.163,3380.014412683161,0.969304347826087,34,120.9,2019-10-01,3.99297547340393,44,44,1,0
Oakridge,2019,11,day,14071,4.163,3380.014412683161,0.969304347826087,21,120.9,2019-11-01,4.10666799545288,44,44,1,0
Oakridge,2019,11,night,14071,4.163,3380.014412683161,0.969304347826087,32,120.9,2019-11-01,4.10666799545288,44,44,1,0
Oakridge,2019,12,day,14071,4.163,3380.014412683161,0.969304347826087,15,120.9,2019-12-01,3.0251293182373,44,44,1,0
Oakridge,2019,12,night,14071,4.163,3380.014412683161,0.969304347826087,34,120.9,2019-12-01,3.0251293182373,44,44,1,0
Oakridge,2020,1,day,14071,4.163,3380.014412683161,0.969304347826087,16,120.9,2020-01-01,4.25888109207153,44,44,1,0
Oakridge,2020,1,night,14071,4.163,3380.014412683161,0.969304347826087,33,120.9,2020-01-01,4.25888109207153,44,44,1,0
Oakridge,2020,2,day,14071,4.163,3380.014412683161,0.969304347826087,11,120.8,2020-02-01,3.77052736282349,44,44,1,0
Oakridge,2020,2,night,14071,4.163,3380.014412683161,0.969304347826087,32,120.8,2020-02-01,3.77052736282349,44,44,1,0
Oakridge,2020,3,day,14071,4.163,3380.014412683161,0.969304347826087,12,120.9,2020-03-01,4.02438831329346,44,44,1,0
Oakridge,2020,3,night,14071,4.163,3380.014412683161,0.969304347826087,22,120.9,2020-03-01,4.02438831329346,44,44,1,0
Oakridge,2020,4,day,14071,4.163,3380.014412683161,0.969304347826087,8,119.6,2020-04-01,4.01208162307739,44,44,1,0
Oakridge,2020,4,night,14071,4.163,3380.014412683161,0.969304347826087,21,119.6,2020-04-01,4.01208162307739,44,44,1,0
Oakridge,2020,5,day,14071,4.163,3380.014412683161,0.969304347826087,8,119.7,2020-05-01,3.84088158607483,44,44,1,0
Oakridge,2020,5,night,14071,4.163,3380.014412683161,0.969304347826087,10,119.7,2020-05-01,3.84088158607483,44,44,1,0
Oakridge,2020,6,day,14071,4.163,3380.014412683161,0.969304347826087,8,119.6,2020-06-01,NA,NA,NA,NA,0
Oakridge,2020,6,night,14071,4.163,3380.014412683161,0.969304347826087,7,119.6,2020-06-01,NA,NA,NA,NA,0
Oakridge,2020,7,day,14071,4.163,3380.014412683161,0.969304347826087,12,119.7,2020-07-01,3.95246887207031,44,44,1,0
Oakridge,2020,7,night,14071,4.163,3380.014412683161,0.969304347826087,7,119.7,2020-07-01,3.95246887207031,44,44,1,0
Oakridge,2020,8,day,14071,4.163,3380.014412683161,0.969304347826087,5,119.7,2020-08-01,3.71992826461792,44,44,1,0
Oakridge,2020,8,night,14071,4.163,3380.014412683161,0.969304347826087,15,119.7,2020-08-01,3.71992826461792,44,44,1,0
Oakridge,2020,9,day,14071,4.163,3380.014412683161,0.969304347826087,11,119.6,2020-09-01,3.49504232406616,44,44,1,0
Oakridge,2020,9,night,14071,4.163,3380.014412683161,0.969304347826087,18,119.6,2020-09-01,3.49504232406616,44,44,1,0
Oakridge,2020,10,day,14071,4.163,3380.014412683161,0.969304347826087,8,119.7,2020-10-01,3.2909209728241,44,44,1,0
Oakridge,2020,10,night,14071,4.163,3380.014412683161,0.969304347826087,17,119.7,2020-10-01,3.2909209728241,44,44,1,0
Oakridge,2020,11,day,14071,4.163,3380.014412683161,0.969304347826087,10,119.6,2020-11-01,3.45065808296204,44,44,1,0
Oakridge,2020,11,night,14071,4.163,3380.014412683161,0.969304347826087,19,119.6,2020-11-01,3.45065808296204,44,44,1,0
Oakridge,2020,12,day,14071,4.163,3380.014412683161,0.969304347826087,7,119.7,2020-12-01,2.90368342399597,44,44,1,0
Oakridge,2020,12,night,14071,4.163,3380.014412683161,0.969304347826087,19,119.7,2020-12-01,2.90368342399597,44,44,1,0
Oakridge,2021,1,day,14071,4.163,3380.014412683161,0.969304347826087,5,119.7,2021-01-01,3.02794241905212,44,44,1,0
Oakridge,2021,1,night,14071,4.163,3380.014412683161,0.969304347826087,27,119.7,2021-01-01,3.02794241905212,44,44,1,0
Oakridge,2021,2,day,14071,4.163,3380.014412683161,0.969304347826087,5,119.5,2021-02-01,3.75587725639343,44,44,1,0
Oakridge,2021,2,night,14071,4.163,3380.014412683161,0.969304347826087,12,119.5,2021-02-01,3.75587725639343,44,44,1,0
Oakridge,2021,3,day,14071,4.163,3380.014412683161,0.969304347826087,4,119.7,2021-03-01,4.0498194694519,44,44,1,0
Oakridge,2021,3,night,14071,4.163,3380.014412683161,0.969304347826087,12,119.7,2021-03-01,4.0498194694519,44,44,1,0
Oakridge,2021,4,day,14071,4.163,3380.014412683161,0.969304347826087,10,120.1,2021-04-01,4.05356645584106,44,44,1,0
Oakridge,2021,4,night,14071,4.163,3380.014412683161,0.969304347826087,13,120.1,2021-04-01,4.05356645584106,44,44,1,0
Oakridge,2021,5,day,14071,4.163,3380.014412683161,0.969304347826087,16,120.1,2021-05-01,3.75780844688416,44,44,1,0
Oakridge,2021,5,night,14071,4.163,3380.014412683161,0.969304347826087,11,120.1,2021-05-01,3.75780844688416,44,44,1,0
Oakridge,2021,6,day,14071,4.163,3380.014412683161,0.969304347826087,7,120.1,2021-06-01,NA,NA,NA,NA,0
Oakridge,2021,6,night,14071,4.163,3380.014412683161,0.969304347826087,13,120.1,2021-06-01,NA,NA,NA,NA,0
Oakridge,2021,7,day,14071,4.163,3380.014412683161,0.969304347826087,14,120.1,2021-07-01,4.08767747879028,44,44,1,0
Oakridge,2021,7,night,14071,4.163,3380.014412683161,0.969304347826087,11,120.1,2021-07-01,4.08767747879028,44,44,1,0
Oakridge,2021,8,day,14071,4.163,3380.014412683161,0.969304347826087,10,120.1,2021-08-01,3.35977864265442,44,44,1,0
Oakridge,2021,8,night,14071,4.163,3380.014412683161,0.969304347826087,20,120.1,2021-08-01,3.35977864265442,44,44,1,0
Oakridge,2021,9,day,14071,4.163,3380.014412683161,0.969304347826087,11,120.1,2021-09-01,3.59100914001465,44,44,1,0
Oakridge,2021,9,night,14071,4.163,3380.014412683161,0.969304347826087,14,120.1,2021-09-01,3.59100914001465,44,44,1,0
Oakridge,2021,10,day,14071,4.163,3380.014412683161,0.969304347826087,11,120.1,2021-10-01,3.65327548980713,44,44,1,0
Oakridge,2021,10,night,14071,4.163,3380.014412683161,0.969304347826087,25,120.1,2021-10-01,3.65327548980713,44,44,1,0
Oakridge,2021,11,day,14071,4.163,3380.014412683161,0.969304347826087,7,120.1,2021-11-01,3.79754424095154,44,44,1,0
Oakridge,2021,11,night,14071,4.163,3380.014412683161,0.969304347826087,12,120.1,2021-11-01,3.79754424095154,44,44,1,0
Oakridge,2021,12,day,14071,4.163,3380.014412683161,0.969304347826087,7,120.1,2021-12-01,3.87217473983765,44,44,1,0
Oakridge,2021,12,night,14071,4.163,3380.014412683161,0.969304347826087,10,120.1,2021-12-01,3.87217473983765,44,44,1,0
Oakridge,2022,1,day,14071,4.163,3380.014412683161,0.969304347826087,9,120.1,2022-01-01,3.04250764846802,44,44,1,0
Oakridge,2022,1,night,14071,4.163,3380.014412683161,0.969304347826087,14,120.1,2022-01-01,3.04250764846802,44,44,1,0
Oakridge,2022,2,day,14071,4.163,3380.014412683161,0.969304347826087,8,120,2022-02-01,3.95403695106506,44,44,1,0
Oakridge,2022,2,night,14071,4.163,3380.014412683161,0.969304347826087,11,120,2022-02-01,3.95403695106506,44,44,1,0
Oakridge,2022,3,day,14071,4.163,3380.014412683161,0.969304347826087,10,120.1,2022-03-01,4.1331992149353,44,44,1,0
Oakridge,2022,3,night,14071,4.163,3380.014412683161,0.969304347826087,14,120.1,2022-03-01,4.1331992149353,44,44,1,0
Oakridge,2022,4,day,14071,4.163,3380.014412683161,0.969304347826087,11,120.9,2022-04-01,4.15544319152832,44,44,1,0
Oakridge,2022,4,night,14071,4.163,3380.014412683161,0.969304347826087,26,120.9,2022-04-01,4.15544319152832,44,44,1,0
Oakridge,2022,5,day,14071,4.163,3380.014412683161,0.969304347826087,11,120.9,2022-05-01,4.10676670074463,44,44,1,0
Oakridge,2022,5,night,14071,4.163,3380.014412683161,0.969304347826087,14,120.9,2022-05-01,4.10676670074463,44,44,1,0
Oakridge,2022,6,day,14071,4.163,3380.014412683161,0.969304347826087,9,120.9,2022-06-01,NA,NA,NA,NA,0
Oakridge,2022,6,night,14071,4.163,3380.014412683161,0.969304347826087,15,120.9,2022-06-01,NA,NA,NA,NA,0
Oakridge,2022,7,day,14071,4.163,3380.014412683161,0.969304347826087,11,120.9,2022-07-01,4.12719297409058,44,44,1,0
Oakridge,2022,7,night,14071,4.163,3380.014412683161,0.969304347826087,10,120.9,2022-07-01,4.12719297409058,44,44,1,0
Oakridge,2022,8,day,14071,4.163,3380.014412683161,0.969304347826087,7,120.9,2022-08-01,3.8404746055603,44,44,1,0
Oakridge,2022,8,night,14071,4.163,3380.014412683161,0.969304347826087,15,120.9,2022-08-01,3.8404746055603,44,44,1,0
Oakridge,2022,9,day,14071,4.163,3380.014412683161,0.969304347826087,11,120.9,2022-09-01,3.7968156337738,44,44,1,0
Oakridge,2022,9,night,14071,4.163,3380.014412683161,0.969304347826087,15,120.9,2022-09-01,3.7968156337738,44,44,1,0
Oakridge,2022,10,day,14071,4.163,3380.014412683161,0.969304347826087,6,120.9,2022-10-01,4.03317356109619,44,44,1,0
Oakridge,2022,10,night,14071,4.163,3380.014412683161,0.969304347826087,12,120.9,2022-10-01,4.03317356109619,44,44,1,0
Oakridge,2022,11,day,14071,4.163,3380.014412683161,0.969304347826087,7,120.9,2022-11-01,3.41739439964294,44,44,1,0
Oakridge,2022,11,night,14071,4.163,3380.014412683161,0.969304347826087,7,120.9,2022-11-01,3.41739439964294,44,44,1,0
Oakridge,2022,12,day,14071,4.163,3380.014412683161,0.969304347826087,3,120.9,2022-12-01,4.42079925537109,44,44,1,0
Oakridge,2022,12,night,14071,4.163,3380.014412683161,0.969304347826087,15,120.9,2022-12-01,4.42079925537109,44,44,1,0
Oakridge,2023,1,day,14071,4.163,3380.014412683161,0.969304347826087,5,120.9,2023-01-01,3.10922360420227,44,44,1,0
Oakridge,2023,1,night,14071,4.163,3380.014412683161,0.969304347826087,9,120.9,2023-01-01,3.10922360420227,44,44,1,0
Oakridge,2023,2,day,14071,4.163,3380.014412683161,0.969304347826087,7,120.7,2023-02-01,4.47546672821045,44,44,1,0
Oakridge,2023,2,night,14071,4.163,3380.014412683161,0.969304347826087,13,120.7,2023-02-01,4.47546672821045,44,44,1,0
Oakridge,2023,3,day,14071,4.163,3380.014412683161,0.969304347826087,6,120.9,2023-03-01,3.95175576210022,44,44,1,0
Oakridge,2023,3,night,14071,4.163,3380.014412683161,0.969304347826087,14,120.9,2023-03-01,3.95175576210022,44,44,1,0
Oakridge,2023,4,day,14071,4.163,3380.014412683161,0.969304347826087,9,122,2023-04-01,3.92326855659485,44,44,1,0
Oakridge,2023,4,night,14071,4.163,3380.014412683161,0.969304347826087,13,122,2023-04-01,3.92326855659485,44,44,1,0
Oakridge,2023,5,day,14071,4.163,3380.014412683161,0.969304347826087,8,122.1,2023-05-01,4.13824892044067,44,44,1,0
Oakridge,2023,5,night,14071,4.163,3380.014412683161,0.969304347826087,14,122.1,2023-05-01,4.13824892044067,44,44,1,0
Oakridge,2023,6,day,14071,4.163,3380.014412683161,0.969304347826087,13,122,2023-06-01,NA,NA,NA,NA,0
Oakridge,2023,6,night,14071,4.163,3380.014412683161,0.969304347826087,15,122,2023-06-01,NA,NA,NA,NA,0
Oakridge,2023,7,day,14071,4.163,3380.014412683161,0.969304347826087,6,122.1,2023-07-01,4.21251916885376,44,44,1,0
Oakridge,2023,7,night,14071,4.163,3380.014412683161,0.969304347826087,15,122.1,2023-07-01,4.21251916885376,44,44,1,0
Oakridge,2023,8,day,14071,4.163,3380.014412683161,0.969304347826087,3,122.1,2023-08-01,4.48368740081787,44,44,1,0
Oakridge,2023,8,night,14071,4.163,3380.014412683161,0.969304347826087,8,122.1,2023-08-01,4.48368740081787,44,44,1,0
Oakridge,2023,9,day,14071,4.163,3380.014412683161,0.969304347826087,7,122.5,2023-09-01,3.96757316589355,44,44,1,0
Oakridge,2023,9,night,14071,4.163,3380.014412683161,0.969304347826087,9,122.5,2023-09-01,3.96757316589355,44,44,1,0
Oakridge,2023,10,day,14071,4.163,3380.014412683161,0.969304347826087,8,122.5,2023-10-01,3.92370796203613,44,44,1,0
Oakridge,2023,10,night,14071,4.163,3380.014412683161,0.969304347826087,17,122.5,2023-10-01,3.92370796203613,44,44,1,0
Oakridge,2023,11,day,14071,4.163,3380.014412683161,0.969304347826087,8,122.5,2023-11-01,3.77880382537842,44,44,1,0
Oakridge,2023,11,night,14071,4.163,3380.014412683161,0.969304347826087,14,122.5,2023-11-01,3.77880382537842,44,44,1,0
Oakridge,2023,12,day,14071,4.163,3380.014412683161,0.969304347826087,4,122.5,2023-12-01,3.56821942329407,44,44,1,0
Oakridge,2023,12,night,14071,4.163,3380.014412683161,0.969304347826087,19,122.5,2023-12-01,3.56821942329407,44,44,1,0
Renfrew-Collingwood,2014,1,day,52222,8.10461,6443.493271113602,0.6655737037037037,42,94.8,2014-01-01,3.94043755531311,69,69,1,0
Renfrew-Collingwood,2014,1,night,52222,8.10461,6443.493271113602,0.6655737037037037,87,94.8,2014-01-01,3.94043755531311,69,69,1,0
Renfrew-Collingwood,2014,2,day,52222,8.10461,6443.493271113602,0.6655737037037037,27,94.8,2014-02-01,4.32097339630127,69,69,1,0
Renfrew-Collingwood,2014,2,night,52222,8.10461,6443.493271113602,0.6655737037037037,53,94.8,2014-02-01,4.32097339630127,69,69,1,0
Renfrew-Collingwood,2014,3,day,52222,8.10461,6443.493271113602,0.6655737037037037,54,94.8,2014-03-01,4.46913290023804,69,69,1,0
Renfrew-Collingwood,2014,3,night,52222,8.10461,6443.493271113602,0.6655737037037037,67,94.8,2014-03-01,4.46913290023804,69,69,1,0
Renfrew-Collingwood,2014,4,day,52222,8.10461,6443.493271113602,0.6655737037037037,37,101.7,2014-04-01,4.41275405883789,69,69,1,0
Renfrew-Collingwood,2014,4,night,52222,8.10461,6443.493271113602,0.6655737037037037,50,101.7,2014-04-01,4.41275405883789,69,69,1,0
Renfrew-Collingwood,2014,5,day,52222,8.10461,6443.493271113602,0.6655737037037037,51,101.7,2014-05-01,4.92056369781494,69,69,1,0
Renfrew-Collingwood,2014,5,night,52222,8.10461,6443.493271113602,0.6655737037037037,77,101.7,2014-05-01,4.92056369781494,69,69,1,0
Renfrew-Collingwood,2014,6,day,52222,8.10461,6443.493271113602,0.6655737037037037,60,101.7,2014-06-01,NA,NA,NA,NA,0
Renfrew-Collingwood,2014,6,night,52222,8.10461,6443.493271113602,0.6655737037037037,63,101.7,2014-06-01,NA,NA,NA,NA,0
Renfrew-Collingwood,2014,7,day,52222,8.10461,6443.493271113602,0.6655737037037037,63,101.7,2014-07-01,5.24145984649658,69,69,1,0
Renfrew-Collingwood,2014,7,night,52222,8.10461,6443.493271113602,0.6655737037037037,83,101.7,2014-07-01,5.24145984649658,69,69,1,0
Renfrew-Collingwood,2014,8,day,52222,8.10461,6443.493271113602,0.6655737037037037,47,101.7,2014-08-01,4.49894380569458,69,69,1,0
Renfrew-Collingwood,2014,8,night,52222,8.10461,6443.493271113602,0.6655737037037037,61,101.7,2014-08-01,4.49894380569458,69,69,1,0
Renfrew-Collingwood,2014,9,day,52222,8.10461,6443.493271113602,0.6655737037037037,59,101.7,2014-09-01,4.40761947631836,69,69,1,0
Renfrew-Collingwood,2014,9,night,52222,8.10461,6443.493271113602,0.6655737037037037,80,101.7,2014-09-01,4.40761947631836,69,69,1,0
Renfrew-Collingwood,2014,10,day,52222,8.10461,6443.493271113602,0.6655737037037037,66,101.7,2014-10-01,4.24210548400879,69,69,1,0
Renfrew-Collingwood,2014,10,night,52222,8.10461,6443.493271113602,0.6655737037037037,85,101.7,2014-10-01,4.24210548400879,69,69,1,0
Renfrew-Collingwood,2014,11,day,52222,8.10461,6443.493271113602,0.6655737037037037,40,101.7,2014-11-01,4.39846849441528,69,69,1,0
Renfrew-Collingwood,2014,11,night,52222,8.10461,6443.493271113602,0.6655737037037037,81,101.7,2014-11-01,4.39846849441528,69,69,1,0
Renfrew-Collingwood,2014,12,day,52222,8.10461,6443.493271113602,0.6655737037037037,32,101.7,2014-12-01,4.56752967834473,69,69,1,0
Renfrew-Collingwood,2014,12,night,52222,8.10461,6443.493271113602,0.6655737037037037,99,101.7,2014-12-01,4.56752967834473,69,69,1,0
Renfrew-Collingwood,2015,1,day,52222,8.10461,6443.493271113602,0.6655737037037037,58,101.7,2015-01-01,4.10516786575317,69,69,1,0
Renfrew-Collingwood,2015,1,night,52222,8.10461,6443.493271113602,0.6655737037037037,103,101.7,2015-01-01,4.10516786575317,69,69,1,0
Renfrew-Collingwood,2015,2,day,52222,8.10461,6443.493271113602,0.6655737037037037,43,101.7,2015-02-01,4.33606624603271,69,69,1,0
Renfrew-Collingwood,2015,2,night,52222,8.10461,6443.493271113602,0.6655737037037037,57,101.7,2015-02-01,4.33606624603271,69,69,1,0
Renfrew-Collingwood,2015,3,day,52222,8.10461,6443.493271113602,0.6655737037037037,26,101.7,2015-03-01,4.45230293273926,69,69,1,0
Renfrew-Collingwood,2015,3,night,52222,8.10461,6443.493271113602,0.6655737037037037,71,101.7,2015-03-01,4.45230293273926,69,69,1,0
Renfrew-Collingwood,2015,4,day,52222,8.10461,6443.493271113602,0.6655737037037037,47,107.7,2015-04-01,4.27724409103394,69,69,1,0
Renfrew-Collingwood,2015,4,night,52222,8.10461,6443.493271113602,0.6655737037037037,56,107.7,2015-04-01,4.27724409103394,69,69,1,0
Renfrew-Collingwood,2015,5,day,52222,8.10461,6443.493271113602,0.6655737037037037,57,107.7,2015-05-01,4.62570571899414,69,69,1,0
Renfrew-Collingwood,2015,5,night,52222,8.10461,6443.493271113602,0.6655737037037037,69,107.7,2015-05-01,4.62570571899414,69,69,1,0
Renfrew-Collingwood,2015,6,day,52222,8.10461,6443.493271113602,0.6655737037037037,42,107.7,2015-06-01,NA,NA,NA,NA,0
Renfrew-Collingwood,2015,6,night,52222,8.10461,6443.493271113602,0.6655737037037037,62,107.7,2015-06-01,NA,NA,NA,NA,0
Renfrew-Collingwood,2015,7,day,52222,8.10461,6443.493271113602,0.6655737037037037,56,107.7,2015-07-01,4.72246980667114,69,69,1,0
Renfrew-Collingwood,2015,7,night,52222,8.10461,6443.493271113602,0.6655737037037037,59,107.7,2015-07-01,4.72246980667114,69,69,1,0
Renfrew-Collingwood,2015,8,day,52222,8.10461,6443.493271113602,0.6655737037037037,51,107.7,2015-08-01,4.08664131164551,69,69,1,0
Renfrew-Collingwood,2015,8,night,52222,8.10461,6443.493271113602,0.6655737037037037,43,107.7,2015-08-01,4.08664131164551,69,69,1,0
Renfrew-Collingwood,2015,9,day,52222,8.10461,6443.493271113602,0.6655737037037037,40,107.7,2015-09-01,4.02280807495117,69,69,1,0
Renfrew-Collingwood,2015,9,night,52222,8.10461,6443.493271113602,0.6655737037037037,63,107.7,2015-09-01,4.02280807495117,69,69,1,0
Renfrew-Collingwood,2015,10,day,52222,8.10461,6443.493271113602,0.6655737037037037,60,107.7,2015-10-01,4.10260200500488,69,69,1,0
Renfrew-Collingwood,2015,10,night,52222,8.10461,6443.493271113602,0.6655737037037037,90,107.7,2015-10-01,4.10260200500488,69,69,1,0
Renfrew-Collingwood,2015,11,day,52222,8.10461,6443.493271113602,0.6655737037037037,52,107.7,2015-11-01,4.09937000274658,69,69,1,0
Renfrew-Collingwood,2015,11,night,52222,8.10461,6443.493271113602,0.6655737037037037,83,107.7,2015-11-01,4.09937000274658,69,69,1,0
Renfrew-Collingwood,2015,12,day,52222,8.10461,6443.493271113602,0.6655737037037037,35,107.7,2015-12-01,2.30280780792236,69,69,1,0
Renfrew-Collingwood,2015,12,night,52222,8.10461,6443.493271113602,0.6655737037037037,95,107.7,2015-12-01,2.30280780792236,69,69,1,0
Renfrew-Collingwood,2016,1,day,52222,8.10461,6443.493271113602,0.6655737037037037,35,107.7,2016-01-01,3.69125699996948,69,69,1,0
Renfrew-Collingwood,2016,1,night,52222,8.10461,6443.493271113602,0.6655737037037037,120,107.7,2016-01-01,3.69125699996948,69,69,1,0
Renfrew-Collingwood,2016,2,day,52222,8.10461,6443.493271113602,0.6655737037037037,31,107.6,2016-02-01,3.47480630874634,69,69,1,0
Renfrew-Collingwood,2016,2,night,52222,8.10461,6443.493271113602,0.6655737037037037,86,107.6,2016-02-01,3.47480630874634,69,69,1,0
Renfrew-Collingwood,2016,3,day,52222,8.10461,6443.493271113602,0.6655737037037037,47,107.7,2016-03-01,4.30096483230591,69,69,1,0
Renfrew-Collingwood,2016,3,night,52222,8.10461,6443.493271113602,0.6655737037037037,81,107.7,2016-03-01,4.30096483230591,69,69,1,0
Renfrew-Collingwood,2016,4,day,52222,8.10461,6443.493271113602,0.6655737037037037,47,112.2,2016-04-01,4.3366436958313,69,69,1,0
Renfrew-Collingwood,2016,4,night,52222,8.10461,6443.493271113602,0.6655737037037037,55,112.2,2016-04-01,4.3366436958313,69,69,1,0
Renfrew-Collingwood,2016,5,day,52222,8.10461,6443.493271113602,0.6655737037037037,67,112.3,2016-05-01,4.17152738571167,69,69,1,0
Renfrew-Collingwood,2016,5,night,52222,8.10461,6443.493271113602,0.6655737037037037,84,112.3,2016-05-01,4.17152738571167,69,69,1,0
Renfrew-Collingwood,2016,6,day,52222,8.10461,6443.493271113602,0.6655737037037037,63,112.2,2016-06-01,NA,NA,NA,NA,0
Renfrew-Collingwood,2016,6,night,52222,8.10461,6443.493271113602,0.6655737037037037,57,112.2,2016-06-01,NA,NA,NA,NA,0
Renfrew-Collingwood,2016,7,day,52222,8.10461,6443.493271113602,0.6655737037037037,56,112.3,2016-07-01,4.04288673400879,69,69,1,0
Renfrew-Collingwood,2016,7,night,52222,8.10461,6443.493271113602,0.6655737037037037,76,112.3,2016-07-01,4.04288673400879,69,69,1,0
Renfrew-Collingwood,2016,8,day,52222,8.10461,6443.493271113602,0.6655737037037037,59,112.3,2016-08-01,4.16996669769287,69,69,1,0
Renfrew-Collingwood,2016,8,night,52222,8.10461,6443.493271113602,0.6655737037037037,67,112.3,2016-08-01,4.16996669769287,69,69,1,0
Renfrew-Collingwood,2016,9,day,52222,8.10461,6443.493271113602,0.6655737037037037,54,112.2,2016-09-01,3.92823266983032,69,69,1,0
Renfrew-Collingwood,2016,9,night,52222,8.10461,6443.493271113602,0.6655737037037037,65,112.2,2016-09-01,3.92823266983032,69,69,1,0
Renfrew-Collingwood,2016,10,day,52222,8.10461,6443.493271113602,0.6655737037037037,57,112.3,2016-10-01,3.6142852306366,69,69,1,0
Renfrew-Collingwood,2016,10,night,52222,8.10461,6443.493271113602,0.6655737037037037,88,112.3,2016-10-01,3.6142852306366,69,69,1,0
Renfrew-Collingwood,2016,11,day,52222,8.10461,6443.493271113602,0.6655737037037037,50,112.2,2016-11-01,2.73140931129456,69,69,1,0
Renfrew-Collingwood,2016,11,night,52222,8.10461,6443.493271113602,0.6655737037037037,72,112.2,2016-11-01,2.73140931129456,69,69,1,0
Renfrew-Collingwood,2016,12,day,52222,8.10461,6443.493271113602,0.6655737037037037,40,112.3,2016-12-01,2.92199635505676,69,69,1,0
Renfrew-Collingwood,2016,12,night,52222,8.10461,6443.493271113602,0.6655737037037037,53,112.3,2016-12-01,2.92199635505676,69,69,1,0
Renfrew-Collingwood,2017,1,day,52222,8.10461,6443.493271113602,0.6655737037037037,38,112.3,2017-01-01,3.70702719688416,69,69,1,0
Renfrew-Collingwood,2017,1,night,52222,8.10461,6443.493271113602,0.6655737037037037,60,112.3,2017-01-01,3.70702719688416,69,69,1,0
Renfrew-Collingwood,2017,2,day,52222,8.10461,6443.493271113602,0.6655737037037037,31,112.1,2017-02-01,3.39990854263306,69,69,1,0
Renfrew-Collingwood,2017,2,night,52222,8.10461,6443.493271113602,0.6655737037037037,70,112.1,2017-02-01,3.39990854263306,69,69,1,0
Renfrew-Collingwood,2017,3,day,52222,8.10461,6443.493271113602,0.6655737037037037,39,112.3,2017-03-01,4.28610277175903,69,69,1,0
Renfrew-Collingwood,2017,3,night,52222,8.10461,6443.493271113602,0.6655737037037037,70,112.3,2017-03-01,4.28610277175903,69,69,1,0
Renfrew-Collingwood,2017,4,day,52222,8.10461,6443.493271113602,0.6655737037037037,43,115.2,2017-04-01,4.31511402130127,69,69,1,0
Renfrew-Collingwood,2017,4,night,52222,8.10461,6443.493271113602,0.6655737037037037,52,115.2,2017-04-01,4.31511402130127,69,69,1,0
Renfrew-Collingwood,2017,5,day,52222,8.10461,6443.493271113602,0.6655737037037037,60,115.3,2017-05-01,4.55192518234253,69,69,1,0
Renfrew-Collingwood,2017,5,night,52222,8.10461,6443.493271113602,0.6655737037037037,89,115.3,2017-05-01,4.55192518234253,69,69,1,0
Renfrew-Collingwood,2017,6,day,52222,8.10461,6443.493271113602,0.6655737037037037,72,115.2,2017-06-01,NA,NA,NA,NA,0
Renfrew-Collingwood,2017,6,night,52222,8.10461,6443.493271113602,0.6655737037037037,86,115.2,2017-06-01,NA,NA,NA,NA,0
Renfrew-Collingwood,2017,7,day,52222,8.10461,6443.493271113602,0.6655737037037037,71,115.3,2017-07-01,5.32838296890259,69,69,1,0
Renfrew-Collingwood,2017,7,night,52222,8.10461,6443.493271113602,0.6655737037037037,77,115.3,2017-07-01,5.32838296890259,69,69,1,0
Renfrew-Collingwood,2017,8,day,52222,8.10461,6443.493271113602,0.6655737037037037,56,115.3,2017-08-01,4.18515729904175,69,69,1,0
Renfrew-Collingwood,2017,8,night,52222,8.10461,6443.493271113602,0.6655737037037037,78,115.3,2017-08-01,4.18515729904175,69,69,1,0
Renfrew-Collingwood,2017,9,day,52222,8.10461,6443.493271113602,0.6655737037037037,57,115.2,2017-09-01,3.96268486976624,69,69,1,0
Renfrew-Collingwood,2017,9,night,52222,8.10461,6443.493271113602,0.6655737037037037,112,115.2,2017-09-01,3.96268486976624,69,69,1,0
Renfrew-Collingwood,2017,10,day,52222,8.10461,6443.493271113602,0.6655737037037037,64,115.3,2017-10-01,4.27709913253784,69,69,1,0
Renfrew-Collingwood,2017,10,night,52222,8.10461,6443.493271113602,0.6655737037037037,102,115.3,2017-10-01,4.27709913253784,69,69,1,0
Renfrew-Collingwood,2017,11,day,52222,8.10461,6443.493271113602,0.6655737037037037,51,115.2,2017-11-01,2.78468775749207,69,69,1,0
Renfrew-Collingwood,2017,11,night,52222,8.10461,6443.493271113602,0.6655737037037037,131,115.2,2017-11-01,2.78468775749207,69,69,1,0
Renfrew-Collingwood,2017,12,day,52222,8.10461,6443.493271113602,0.6655737037037037,41,115.3,2017-12-01,3.57492589950562,69,69,1,0
Renfrew-Collingwood,2017,12,night,52222,8.10461,6443.493271113602,0.6655737037037037,116,115.3,2017-12-01,3.57492589950562,69,69,1,0
Renfrew-Collingwood,2018,1,day,52222,8.10461,6443.493271113602,0.6655737037037037,26,115.3,2018-01-01,1.82899641990662,69,69,1,0
Renfrew-Collingwood,2018,1,night,52222,8.10461,6443.493271113602,0.6655737037037037,133,115.3,2018-01-01,1.82899641990662,69,69,1,0
Renfrew-Collingwood,2018,2,day,52222,8.10461,6443.493271113602,0.6655737037037037,34,115.1,2018-02-01,4.76645040512085,69,69,1,0
Renfrew-Collingwood,2018,2,night,52222,8.10461,6443.493271113602,0.6655737037037037,78,115.1,2018-02-01,4.76645040512085,69,69,1,0
Renfrew-Collingwood,2018,3,day,52222,8.10461,6443.493271113602,0.6655737037037037,59,115.3,2018-03-01,4.64659833908081,69,69,1,0
Renfrew-Collingwood,2018,3,night,52222,8.10461,6443.493271113602,0.6655737037037037,72,115.3,2018-03-01,4.64659833908081,69,69,1,0
Renfrew-Collingwood,2018,4,day,52222,8.10461,6443.493271113602,0.6655737037037037,47,118.7,2018-04-01,4.84182929992676,69,69,1,0
Renfrew-Collingwood,2018,4,night,52222,8.10461,6443.493271113602,0.6655737037037037,64,118.7,2018-04-01,4.84182929992676,69,69,1,0
Renfrew-Collingwood,2018,5,day,52222,8.10461,6443.493271113602,0.6655737037037037,60,118.8,2018-05-01,4.64887762069702,69,69,1,0
Renfrew-Collingwood,2018,5,night,52222,8.10461,6443.493271113602,0.6655737037037037,61,118.8,2018-05-01,4.64887762069702,69,69,1,0
Renfrew-Collingwood,2018,6,day,52222,8.10461,6443.493271113602,0.6655737037037037,48,118.7,2018-06-01,NA,NA,NA,NA,0
Renfrew-Collingwood,2018,6,night,52222,8.10461,6443.493271113602,0.6655737037037037,72,118.7,2018-06-01,NA,NA,NA,NA,0
Renfrew-Collingwood,2018,7,day,52222,8.10461,6443.493271113602,0.6655737037037037,52,118.8,2018-07-01,5.60427379608154,69,69,1,0
Renfrew-Collingwood,2018,7,night,52222,8.10461,6443.493271113602,0.6655737037037037,62,118.8,2018-07-01,5.60427379608154,69,69,1,0
Renfrew-Collingwood,2018,8,day,52222,8.10461,6443.493271113602,0.6655737037037037,55,118.8,2018-08-01,3.95273327827454,69,69,1,0
Renfrew-Collingwood,2018,8,night,52222,8.10461,6443.493271113602,0.6655737037037037,79,118.8,2018-08-01,3.95273327827454,69,69,1,0
Renfrew-Collingwood,2018,9,day,52222,8.10461,6443.493271113602,0.6655737037037037,49,118.7,2018-09-01,4.4117259979248,69,69,1,0
Renfrew-Collingwood,2018,9,night,52222,8.10461,6443.493271113602,0.6655737037037037,74,118.7,2018-09-01,4.4117259979248,69,69,1,0
Renfrew-Collingwood,2018,10,day,52222,8.10461,6443.493271113602,0.6655737037037037,52,118.8,2018-10-01,4.43211030960083,69,69,1,0
Renfrew-Collingwood,2018,10,night,52222,8.10461,6443.493271113602,0.6655737037037037,94,118.8,2018-10-01,4.43211030960083,69,69,1,0
Renfrew-Collingwood,2018,11,day,52222,8.10461,6443.493271113602,0.6655737037037037,42,118.7,2018-11-01,3.87193465232849,69,69,1,0
Renfrew-Collingwood,2018,11,night,52222,8.10461,6443.493271113602,0.6655737037037037,90,118.7,2018-11-01,3.87193465232849,69,69,1,0
Renfrew-Collingwood,2018,12,day,52222,8.10461,6443.493271113602,0.6655737037037037,48,118.8,2018-12-01,3.57223534584045,69,69,1,0
Renfrew-Collingwood,2018,12,night,52222,8.10461,6443.493271113602,0.6655737037037037,83,118.8,2018-12-01,3.57223534584045,69,69,1,0
Renfrew-Collingwood,2019,1,day,46690,7.677,6081.802787547219,0.8508947368421053,44,118.8,2019-01-01,3.73093748092651,69,69,1,0
Renfrew-Collingwood,2019,1,night,46690,7.677,6081.802787547219,0.8508947368421053,89,118.8,2019-01-01,3.73093748092651,69,69,1,0
Renfrew-Collingwood,2019,2,day,46690,7.677,6081.802787547219,0.8508947368421053,43,118.6,2019-02-01,9.03878688812256,69,69,1,0
Renfrew-Collingwood,2019,2,night,46690,7.677,6081.802787547219,0.8508947368421053,56,118.6,2019-02-01,9.03878688812256,69,69,1,0
Renfrew-Collingwood,2019,3,day,46690,7.677,6081.802787547219,0.8508947368421053,47,118.8,2019-03-01,4.90844202041626,69,69,1,0
Renfrew-Collingwood,2019,3,night,46690,7.677,6081.802787547219,0.8508947368421053,79,118.8,2019-03-01,4.90844202041626,69,69,1,0
Renfrew-Collingwood,2019,4,day,46690,7.677,6081.802787547219,0.8508947368421053,46,120.9,2019-04-01,5.12381553649902,69,69,1,0
Renfrew-Collingwood,2019,4,night,46690,7.677,6081.802787547219,0.8508947368421053,69,120.9,2019-04-01,5.12381553649902,69,69,1,0
Renfrew-Collingwood,2019,5,day,46690,7.677,6081.802787547219,0.8508947368421053,49,120.9,2019-05-01,4.6854419708252,69,69,1,0
Renfrew-Collingwood,2019,5,night,46690,7.677,6081.802787547219,0.8508947368421053,82,120.9,2019-05-01,4.6854419708252,69,69,1,0
Renfrew-Collingwood,2019,6,day,46690,7.677,6081.802787547219,0.8508947368421053,37,120.9,2019-06-01,NA,NA,NA,NA,0
Renfrew-Collingwood,2019,6,night,46690,7.677,6081.802787547219,0.8508947368421053,67,120.9,2019-06-01,NA,NA,NA,NA,0
Renfrew-Collingwood,2019,7,day,46690,7.677,6081.802787547219,0.8508947368421053,48,120.9,2019-07-01,5.57597827911377,69,69,1,0
Renfrew-Collingwood,2019,7,night,46690,7.677,6081.802787547219,0.8508947368421053,66,120.9,2019-07-01,5.57597827911377,69,69,1,0
Renfrew-Collingwood,2019,8,day,46690,7.677,6081.802787547219,0.8508947368421053,52,120.9,2019-08-01,4.90439462661743,69,69,1,0
Renfrew-Collingwood,2019,8,night,46690,7.677,6081.802787547219,0.8508947368421053,77,120.9,2019-08-01,4.90439462661743,69,69,1,0
Renfrew-Collingwood,2019,9,day,46690,7.677,6081.802787547219,0.8508947368421053,56,120.9,2019-09-01,4.90304470062256,69,69,1,0
Renfrew-Collingwood,2019,9,night,46690,7.677,6081.802787547219,0.8508947368421053,101,120.9,2019-09-01,4.90304470062256,69,69,1,0
Renfrew-Collingwood,2019,10,day,46690,7.677,6081.802787547219,0.8508947368421053,68,120.9,2019-10-01,4.73930692672729,69,69,1,0
Renfrew-Collingwood,2019,10,night,46690,7.677,6081.802787547219,0.8508947368421053,112,120.9,2019-10-01,4.73930692672729,69,69,1,0
Renfrew-Collingwood,2019,11,day,46690,7.677,6081.802787547219,0.8508947368421053,48,120.9,2019-11-01,4.74775314331055,69,69,1,0
Renfrew-Collingwood,2019,11,night,46690,7.677,6081.802787547219,0.8508947368421053,92,120.9,2019-11-01,4.74775314331055,69,69,1,0
Renfrew-Collingwood,2019,12,day,46690,7.677,6081.802787547219,0.8508947368421053,47,120.9,2019-12-01,3.292316198349,69,69,1,0
Renfrew-Collingwood,2019,12,night,46690,7.677,6081.802787547219,0.8508947368421053,80,120.9,2019-12-01,3.292316198349,69,69,1,0
Renfrew-Collingwood,2020,1,day,46690,7.677,6081.802787547219,0.8508947368421053,37,120.9,2020-01-01,5.58684206008911,69,69,1,0
Renfrew-Collingwood,2020,1,night,46690,7.677,6081.802787547219,0.8508947368421053,74,120.9,2020-01-01,5.58684206008911,69,69,1,0
Renfrew-Collingwood,2020,2,day,46690,7.677,6081.802787547219,0.8508947368421053,32,120.8,2020-02-01,4.34605026245117,69,69,1,0
Renfrew-Collingwood,2020,2,night,46690,7.677,6081.802787547219,0.8508947368421053,74,120.8,2020-02-01,4.34605026245117,69,69,1,0
Renfrew-Collingwood,2020,3,day,46690,7.677,6081.802787547219,0.8508947368421053,48,120.9,2020-03-01,4.90090084075928,69,69,1,0
Renfrew-Collingwood,2020,3,night,46690,7.677,6081.802787547219,0.8508947368421053,112,120.9,2020-03-01,4.90090084075928,69,69,1,0
Renfrew-Collingwood,2020,4,day,46690,7.677,6081.802787547219,0.8508947368421053,47,119.6,2020-04-01,4.95853137969971,69,69,1,0
Renfrew-Collingwood,2020,4,night,46690,7.677,6081.802787547219,0.8508947368421053,94,119.6,2020-04-01,4.95853137969971,69,69,1,0
Renfrew-Collingwood,2020,5,day,46690,7.677,6081.802787547219,0.8508947368421053,33,119.7,2020-05-01,4.98269844055176,69,69,1,0
Renfrew-Collingwood,2020,5,night,46690,7.677,6081.802787547219,0.8508947368421053,57,119.7,2020-05-01,4.98269844055176,69,69,1,0
Renfrew-Collingwood,2020,6,day,46690,7.677,6081.802787547219,0.8508947368421053,43,119.6,2020-06-01,NA,NA,NA,NA,0
Renfrew-Collingwood,2020,6,night,46690,7.677,6081.802787547219,0.8508947368421053,52,119.6,2020-06-01,NA,NA,NA,NA,0
Renfrew-Collingwood,2020,7,day,46690,7.677,6081.802787547219,0.8508947368421053,65,119.7,2020-07-01,5.10371208190918,69,69,1,0
Renfrew-Collingwood,2020,7,night,46690,7.677,6081.802787547219,0.8508947368421053,82,119.7,2020-07-01,5.10371208190918,69,69,1,0
Renfrew-Collingwood,2020,8,day,46690,7.677,6081.802787547219,0.8508947368421053,71,119.7,2020-08-01,4.84912109375,69,69,1,0
Renfrew-Collingwood,2020,8,night,46690,7.677,6081.802787547219,0.8508947368421053,74,119.7,2020-08-01,4.84912109375,69,69,1,0
Renfrew-Collingwood,2020,9,day,46690,7.677,6081.802787547219,0.8508947368421053,39,119.6,2020-09-01,4.89558124542236,69,69,1,0
Renfrew-Collingwood,2020,9,night,46690,7.677,6081.802787547219,0.8508947368421053,65,119.6,2020-09-01,4.89558124542236,69,69,1,0
Renfrew-Collingwood,2020,10,day,46690,7.677,6081.802787547219,0.8508947368421053,67,119.7,2020-10-01,4.1321268081665,69,69,1,0
Renfrew-Collingwood,2020,10,night,46690,7.677,6081.802787547219,0.8508947368421053,97,119.7,2020-10-01,4.1321268081665,69,69,1,0
Renfrew-Collingwood,2020,11,day,46690,7.677,6081.802787547219,0.8508947368421053,61,119.6,2020-11-01,4.03311443328857,69,69,1,0
Renfrew-Collingwood,2020,11,night,46690,7.677,6081.802787547219,0.8508947368421053,77,119.6,2020-11-01,4.03311443328857,69,69,1,0
Renfrew-Collingwood,2020,12,day,46690,7.677,6081.802787547219,0.8508947368421053,59,119.7,2020-12-01,2.74136328697205,69,69,1,0
Renfrew-Collingwood,2020,12,night,46690,7.677,6081.802787547219,0.8508947368421053,74,119.7,2020-12-01,2.74136328697205,69,69,1,0
Renfrew-Collingwood,2021,1,day,46690,7.677,6081.802787547219,0.8508947368421053,52,119.7,2021-01-01,3.08247637748718,69,69,1,0
Renfrew-Collingwood,2021,1,night,46690,7.677,6081.802787547219,0.8508947368421053,82,119.7,2021-01-01,3.08247637748718,69,69,1,0
Renfrew-Collingwood,2021,2,day,46690,7.677,6081.802787547219,0.8508947368421053,52,119.5,2021-02-01,4.81726169586182,69,69,1,0
Renfrew-Collingwood,2021,2,night,46690,7.677,6081.802787547219,0.8508947368421053,73,119.5,2021-02-01,4.81726169586182,69,69,1,0
Renfrew-Collingwood,2021,3,day,46690,7.677,6081.802787547219,0.8508947368421053,50,119.7,2021-03-01,4.9164400100708,69,69,1,0
Renfrew-Collingwood,2021,3,night,46690,7.677,6081.802787547219,0.8508947368421053,67,119.7,2021-03-01,4.9164400100708,69,69,1,0
Renfrew-Collingwood,2021,4,day,46690,7.677,6081.802787547219,0.8508947368421053,41,120.1,2021-04-01,5.10192537307739,69,69,1,0
Renfrew-Collingwood,2021,4,night,46690,7.677,6081.802787547219,0.8508947368421053,58,120.1,2021-04-01,5.10192537307739,69,69,1,0
Renfrew-Collingwood,2021,5,day,46690,7.677,6081.802787547219,0.8508947368421053,65,120.1,2021-05-01,5.04737520217896,69,69,1,0
Renfrew-Collingwood,2021,5,night,46690,7.677,6081.802787547219,0.8508947368421053,76,120.1,2021-05-01,5.04737520217896,69,69,1,0
Renfrew-Collingwood,2021,6,day,46690,7.677,6081.802787547219,0.8508947368421053,54,120.1,2021-06-01,NA,NA,NA,NA,0
Renfrew-Collingwood,2021,6,night,46690,7.677,6081.802787547219,0.8508947368421053,65,120.1,2021-06-01,NA,NA,NA,NA,0
Renfrew-Collingwood,2021,7,day,46690,7.677,6081.802787547219,0.8508947368421053,59,120.1,2021-07-01,5.35770559310913,69,69,1,0
Renfrew-Collingwood,2021,7,night,46690,7.677,6081.802787547219,0.8508947368421053,67,120.1,2021-07-01,5.35770559310913,69,69,1,0
Renfrew-Collingwood,2021,8,day,46690,7.677,6081.802787547219,0.8508947368421053,42,120.1,2021-08-01,4.72224807739258,69,69,1,0
Renfrew-Collingwood,2021,8,night,46690,7.677,6081.802787547219,0.8508947368421053,66,120.1,2021-08-01,4.72224807739258,69,69,1,0
Renfrew-Collingwood,2021,9,day,46690,7.677,6081.802787547219,0.8508947368421053,65,120.1,2021-09-01,4.84487724304199,69,69,1,0
Renfrew-Collingwood,2021,9,night,46690,7.677,6081.802787547219,0.8508947368421053,65,120.1,2021-09-01,4.84487724304199,69,69,1,0
Renfrew-Collingwood,2021,10,day,46690,7.677,6081.802787547219,0.8508947368421053,55,120.1,2021-10-01,4.93187093734741,69,69,1,0
Renfrew-Collingwood,2021,10,night,46690,7.677,6081.802787547219,0.8508947368421053,49,120.1,2021-10-01,4.93187093734741,69,69,1,0
Renfrew-Collingwood,2021,11,day,46690,7.677,6081.802787547219,0.8508947368421053,60,120.1,2021-11-01,4.96941566467285,69,69,1,0
Renfrew-Collingwood,2021,11,night,46690,7.677,6081.802787547219,0.8508947368421053,74,120.1,2021-11-01,4.96941566467285,69,69,1,0
Renfrew-Collingwood,2021,12,day,46690,7.677,6081.802787547219,0.8508947368421053,43,120.1,2021-12-01,4.27692604064941,69,69,1,0
Renfrew-Collingwood,2021,12,night,46690,7.677,6081.802787547219,0.8508947368421053,60,120.1,2021-12-01,4.27692604064941,69,69,1,0
Renfrew-Collingwood,2022,1,day,46690,7.677,6081.802787547219,0.8508947368421053,48,120.1,2022-01-01,3.51113748550415,69,69,1,0
Renfrew-Collingwood,2022,1,night,46690,7.677,6081.802787547219,0.8508947368421053,108,120.1,2022-01-01,3.51113748550415,69,69,1,0
Renfrew-Collingwood,2022,2,day,46690,7.677,6081.802787547219,0.8508947368421053,62,120,2022-02-01,4.43006277084351,69,69,1,0
Renfrew-Collingwood,2022,2,night,46690,7.677,6081.802787547219,0.8508947368421053,66,120,2022-02-01,4.43006277084351,69,69,1,0
Renfrew-Collingwood,2022,3,day,46690,7.677,6081.802787547219,0.8508947368421053,66,120.1,2022-03-01,4.85535573959351,69,69,1,0
Renfrew-Collingwood,2022,3,night,46690,7.677,6081.802787547219,0.8508947368421053,72,120.1,2022-03-01,4.85535573959351,69,69,1,0
Renfrew-Collingwood,2022,4,day,46690,7.677,6081.802787547219,0.8508947368421053,90,120.9,2022-04-01,5.16719579696655,69,69,1,0
Renfrew-Collingwood,2022,4,night,46690,7.677,6081.802787547219,0.8508947368421053,77,120.9,2022-04-01,5.16719579696655,69,69,1,0
Renfrew-Collingwood,2022,5,day,46690,7.677,6081.802787547219,0.8508947368421053,84,120.9,2022-05-01,5.54202747344971,69,69,1,0
Renfrew-Collingwood,2022,5,night,46690,7.677,6081.802787547219,0.8508947368421053,70,120.9,2022-05-01,5.54202747344971,69,69,1,0
Renfrew-Collingwood,2022,6,day,46690,7.677,6081.802787547219,0.8508947368421053,57,120.9,2022-06-01,NA,NA,NA,NA,0
Renfrew-Collingwood,2022,6,night,46690,7.677,6081.802787547219,0.8508947368421053,82,120.9,2022-06-01,NA,NA,NA,NA,0
Renfrew-Collingwood,2022,7,day,46690,7.677,6081.802787547219,0.8508947368421053,76,120.9,2022-07-01,5.54818105697632,69,69,1,0
Renfrew-Collingwood,2022,7,night,46690,7.677,6081.802787547219,0.8508947368421053,86,120.9,2022-07-01,5.54818105697632,69,69,1,0
Renfrew-Collingwood,2022,8,day,46690,7.677,6081.802787547219,0.8508947368421053,93,120.9,2022-08-01,4.82334661483765,69,69,1,0
Renfrew-Collingwood,2022,8,night,46690,7.677,6081.802787547219,0.8508947368421053,89,120.9,2022-08-01,4.82334661483765,69,69,1,0
Renfrew-Collingwood,2022,9,day,46690,7.677,6081.802787547219,0.8508947368421053,76,120.9,2022-09-01,4.90021705627441,69,69,1,0
Renfrew-Collingwood,2022,9,night,46690,7.677,6081.802787547219,0.8508947368421053,66,120.9,2022-09-01,4.90021705627441,69,69,1,0
Renfrew-Collingwood,2022,10,day,46690,7.677,6081.802787547219,0.8508947368421053,77,120.9,2022-10-01,4.73318958282471,69,69,1,0
Renfrew-Collingwood,2022,10,night,46690,7.677,6081.802787547219,0.8508947368421053,85,120.9,2022-10-01,4.73318958282471,69,69,1,0
Renfrew-Collingwood,2022,11,day,46690,7.677,6081.802787547219,0.8508947368421053,72,120.9,2022-11-01,4.2592625617981,69,69,1,0
Renfrew-Collingwood,2022,11,night,46690,7.677,6081.802787547219,0.8508947368421053,94,120.9,2022-11-01,4.2592625617981,69,69,1,0
Renfrew-Collingwood,2022,12,day,46690,7.677,6081.802787547219,0.8508947368421053,51,120.9,2022-12-01,4.96130990982056,69,69,1,0
Renfrew-Collingwood,2022,12,night,46690,7.677,6081.802787547219,0.8508947368421053,54,120.9,2022-12-01,4.96130990982056,69,69,1,0
Renfrew-Collingwood,2023,1,day,46690,7.677,6081.802787547219,0.8508947368421053,51,120.9,2023-01-01,3.6753237247467,69,69,1,0
Renfrew-Collingwood,2023,1,night,46690,7.677,6081.802787547219,0.8508947368421053,78,120.9,2023-01-01,3.6753237247467,69,69,1,0
Renfrew-Collingwood,2023,2,day,46690,7.677,6081.802787547219,0.8508947368421053,60,120.7,2023-02-01,6.12592458724976,69,69,1,0
Renfrew-Collingwood,2023,2,night,46690,7.677,6081.802787547219,0.8508947368421053,105,120.7,2023-02-01,6.12592458724976,69,69,1,0
Renfrew-Collingwood,2023,3,day,46690,7.677,6081.802787547219,0.8508947368421053,79,120.9,2023-03-01,5.02702379226685,69,69,1,0
Renfrew-Collingwood,2023,3,night,46690,7.677,6081.802787547219,0.8508947368421053,84,120.9,2023-03-01,5.02702379226685,69,69,1,0
Renfrew-Collingwood,2023,4,day,46690,7.677,6081.802787547219,0.8508947368421053,60,122,2023-04-01,5.02745246887207,69,69,1,0
Renfrew-Collingwood,2023,4,night,46690,7.677,6081.802787547219,0.8508947368421053,99,122,2023-04-01,5.02745246887207,69,69,1,0
Renfrew-Collingwood,2023,5,day,46690,7.677,6081.802787547219,0.8508947368421053,97,122.1,2023-05-01,5.09065675735474,69,69,1,0
Renfrew-Collingwood,2023,5,night,46690,7.677,6081.802787547219,0.8508947368421053,77,122.1,2023-05-01,5.09065675735474,69,69,1,0
Renfrew-Collingwood,2023,6,day,46690,7.677,6081.802787547219,0.8508947368421053,114,122,2023-06-01,NA,NA,NA,NA,0
Renfrew-Collingwood,2023,6,night,46690,7.677,6081.802787547219,0.8508947368421053,80,122,2023-06-01,NA,NA,NA,NA,0
Renfrew-Collingwood,2023,7,day,46690,7.677,6081.802787547219,0.8508947368421053,96,122.1,2023-07-01,5.22677612304688,69,69,1,0
Renfrew-Collingwood,2023,7,night,46690,7.677,6081.802787547219,0.8508947368421053,91,122.1,2023-07-01,5.22677612304688,69,69,1,0
Renfrew-Collingwood,2023,8,day,46690,7.677,6081.802787547219,0.8508947368421053,86,122.1,2023-08-01,5.11065196990967,69,69,1,0
Renfrew-Collingwood,2023,8,night,46690,7.677,6081.802787547219,0.8508947368421053,84,122.1,2023-08-01,5.11065196990967,69,69,1,0
Renfrew-Collingwood,2023,9,day,46690,7.677,6081.802787547219,0.8508947368421053,88,122.5,2023-09-01,4.85911226272583,69,69,1,0
Renfrew-Collingwood,2023,9,night,46690,7.677,6081.802787547219,0.8508947368421053,101,122.5,2023-09-01,4.85911226272583,69,69,1,0
Renfrew-Collingwood,2023,10,day,46690,7.677,6081.802787547219,0.8508947368421053,72,122.5,2023-10-01,4.35684680938721,69,69,1,0
Renfrew-Collingwood,2023,10,night,46690,7.677,6081.802787547219,0.8508947368421053,96,122.5,2023-10-01,4.35684680938721,69,69,1,0
Renfrew-Collingwood,2023,11,day,46690,7.677,6081.802787547219,0.8508947368421053,65,122.5,2023-11-01,4.31327295303345,69,69,1,0
Renfrew-Collingwood,2023,11,night,46690,7.677,6081.802787547219,0.8508947368421053,88,122.5,2023-11-01,4.31327295303345,69,69,1,0
Renfrew-Collingwood,2023,12,day,46690,7.677,6081.802787547219,0.8508947368421053,40,122.5,2023-12-01,4.04583740234375,69,69,1,0
Renfrew-Collingwood,2023,12,night,46690,7.677,6081.802787547219,0.8508947368421053,82,122.5,2023-12-01,4.04583740234375,69,69,1,0
Riley Park,2014,1,day,22555,4.89498,4607.781849976915,0.8538666666666667,17,94.8,2014-01-01,3.45118379592896,50,50,1,0
Riley Park,2014,1,night,22555,4.89498,4607.781849976915,0.8538666666666667,38,94.8,2014-01-01,3.45118379592896,50,50,1,0
Riley Park,2014,2,day,22555,4.89498,4607.781849976915,0.8538666666666667,21,94.8,2014-02-01,3.50601863861084,50,50,1,0
Riley Park,2014,2,night,22555,4.89498,4607.781849976915,0.8538666666666667,25,94.8,2014-02-01,3.50601863861084,50,50,1,0
Riley Park,2014,3,day,22555,4.89498,4607.781849976915,0.8538666666666667,29,94.8,2014-03-01,4.04055643081665,50,50,1,0
Riley Park,2014,3,night,22555,4.89498,4607.781849976915,0.8538666666666667,27,94.8,2014-03-01,4.04055643081665,50,50,1,0
Riley Park,2014,4,day,22555,4.89498,4607.781849976915,0.8538666666666667,24,101.7,2014-04-01,4.03689002990723,50,50,1,0
Riley Park,2014,4,night,22555,4.89498,4607.781849976915,0.8538666666666667,33,101.7,2014-04-01,4.03689002990723,50,50,1,0
Riley Park,2014,5,day,22555,4.89498,4607.781849976915,0.8538666666666667,37,101.7,2014-05-01,4.14429616928101,50,50,1,0
Riley Park,2014,5,night,22555,4.89498,4607.781849976915,0.8538666666666667,54,101.7,2014-05-01,4.14429616928101,50,50,1,0
Riley Park,2014,6,day,22555,4.89498,4607.781849976915,0.8538666666666667,34,101.7,2014-06-01,NA,NA,NA,NA,0
Riley Park,2014,6,night,22555,4.89498,4607.781849976915,0.8538666666666667,46,101.7,2014-06-01,NA,NA,NA,NA,0
Riley Park,2014,7,day,22555,4.89498,4607.781849976915,0.8538666666666667,33,101.7,2014-07-01,4.1144962310791,50,50,1,0
Riley Park,2014,7,night,22555,4.89498,4607.781849976915,0.8538666666666667,70,101.7,2014-07-01,4.1144962310791,50,50,1,0
Riley Park,2014,8,day,22555,4.89498,4607.781849976915,0.8538666666666667,25,101.7,2014-08-01,4.02658700942993,50,50,1,0
Riley Park,2014,8,night,22555,4.89498,4607.781849976915,0.8538666666666667,39,101.7,2014-08-01,4.02658700942993,50,50,1,0
Riley Park,2014,9,day,22555,4.89498,4607.781849976915,0.8538666666666667,25,101.7,2014-09-01,3.65402555465698,50,50,1,0
Riley Park,2014,9,night,22555,4.89498,4607.781849976915,0.8538666666666667,30,101.7,2014-09-01,3.65402555465698,50,50,1,0
Riley Park,2014,10,day,22555,4.89498,4607.781849976915,0.8538666666666667,27,101.7,2014-10-01,3.33601045608521,50,50,1,0
Riley Park,2014,10,night,22555,4.89498,4607.781849976915,0.8538666666666667,39,101.7,2014-10-01,3.33601045608521,50,50,1,0
Riley Park,2014,11,day,22555,4.89498,4607.781849976915,0.8538666666666667,20,101.7,2014-11-01,3.94493341445923,50,50,1,0
Riley Park,2014,11,night,22555,4.89498,4607.781849976915,0.8538666666666667,34,101.7,2014-11-01,3.94493341445923,50,50,1,0
Riley Park,2014,12,day,22555,4.89498,4607.781849976915,0.8538666666666667,18,101.7,2014-12-01,3.83558988571167,50,50,1,0
Riley Park,2014,12,night,22555,4.89498,4607.781849976915,0.8538666666666667,31,101.7,2014-12-01,3.83558988571167,50,50,1,0
Riley Park,2015,1,day,22555,4.89498,4607.781849976915,0.8538666666666667,19,101.7,2015-01-01,3.28908514976501,50,50,1,0
Riley Park,2015,1,night,22555,4.89498,4607.781849976915,0.8538666666666667,49,101.7,2015-01-01,3.28908514976501,50,50,1,0
Riley Park,2015,2,day,22555,4.89498,4607.781849976915,0.8538666666666667,24,101.7,2015-02-01,3.760089635849,50,50,1,0
Riley Park,2015,2,night,22555,4.89498,4607.781849976915,0.8538666666666667,24,101.7,2015-02-01,3.760089635849,50,50,1,0
Riley Park,2015,3,day,22555,4.89498,4607.781849976915,0.8538666666666667,29,101.7,2015-03-01,3.79757857322693,50,50,1,0
Riley Park,2015,3,night,22555,4.89498,4607.781849976915,0.8538666666666667,27,101.7,2015-03-01,3.79757857322693,50,50,1,0
Riley Park,2015,4,day,22555,4.89498,4607.781849976915,0.8538666666666667,29,107.7,2015-04-01,3.9105122089386,50,50,1,0
Riley Park,2015,4,night,22555,4.89498,4607.781849976915,0.8538666666666667,21,107.7,2015-04-01,3.9105122089386,50,50,1,0
Riley Park,2015,5,day,22555,4.89498,4607.781849976915,0.8538666666666667,30,107.7,2015-05-01,3.99170088768005,50,50,1,0
Riley Park,2015,5,night,22555,4.89498,4607.781849976915,0.8538666666666667,46,107.7,2015-05-01,3.99170088768005,50,50,1,0
Riley Park,2015,6,day,22555,4.89498,4607.781849976915,0.8538666666666667,31,107.7,2015-06-01,NA,NA,NA,NA,0
Riley Park,2015,6,night,22555,4.89498,4607.781849976915,0.8538666666666667,33,107.7,2015-06-01,NA,NA,NA,NA,0
Riley Park,2015,7,day,22555,4.89498,4607.781849976915,0.8538666666666667,23,107.7,2015-07-01,4.01769065856934,50,50,1,0
Riley Park,2015,7,night,22555,4.89498,4607.781849976915,0.8538666666666667,38,107.7,2015-07-01,4.01769065856934,50,50,1,0
Riley Park,2015,8,day,22555,4.89498,4607.781849976915,0.8538666666666667,33,107.7,2015-08-01,3.46022844314575,50,50,1,0
Riley Park,2015,8,night,22555,4.89498,4607.781849976915,0.8538666666666667,38,107.7,2015-08-01,3.46022844314575,50,50,1,0
Riley Park,2015,9,day,22555,4.89498,4607.781849976915,0.8538666666666667,25,107.7,2015-09-01,3.2057192325592,50,50,1,0
Riley Park,2015,9,night,22555,4.89498,4607.781849976915,0.8538666666666667,30,107.7,2015-09-01,3.2057192325592,50,50,1,0
Riley Park,2015,10,day,22555,4.89498,4607.781849976915,0.8538666666666667,23,107.7,2015-10-01,3.58244585990906,50,50,1,0
Riley Park,2015,10,night,22555,4.89498,4607.781849976915,0.8538666666666667,54,107.7,2015-10-01,3.58244585990906,50,50,1,0
Riley Park,2015,11,day,22555,4.89498,4607.781849976915,0.8538666666666667,21,107.7,2015-11-01,3.55632615089417,50,50,1,0
Riley Park,2015,11,night,22555,4.89498,4607.781849976915,0.8538666666666667,48,107.7,2015-11-01,3.55632615089417,50,50,1,0
Riley Park,2015,12,day,22555,4.89498,4607.781849976915,0.8538666666666667,28,107.7,2015-12-01,2.53921246528625,50,50,1,0
Riley Park,2015,12,night,22555,4.89498,4607.781849976915,0.8538666666666667,61,107.7,2015-12-01,2.53921246528625,50,50,1,0
Riley Park,2016,1,day,22555,4.89498,4607.781849976915,0.8538666666666667,10,107.7,2016-01-01,3.71866798400879,50,50,1,0
Riley Park,2016,1,night,22555,4.89498,4607.781849976915,0.8538666666666667,66,107.7,2016-01-01,3.71866798400879,50,50,1,0
Riley Park,2016,2,day,22555,4.89498,4607.781849976915,0.8538666666666667,22,107.6,2016-02-01,3.39807224273682,50,50,1,0
Riley Park,2016,2,night,22555,4.89498,4607.781849976915,0.8538666666666667,60,107.6,2016-02-01,3.39807224273682,50,50,1,0
Riley Park,2016,3,day,22555,4.89498,4607.781849976915,0.8538666666666667,34,107.7,2016-03-01,3.77180004119873,50,50,1,0
Riley Park,2016,3,night,22555,4.89498,4607.781849976915,0.8538666666666667,74,107.7,2016-03-01,3.77180004119873,50,50,1,0
Riley Park,2016,4,day,22555,4.89498,4607.781849976915,0.8538666666666667,21,112.2,2016-04-01,3.8427722454071,50,50,1,0
Riley Park,2016,4,night,22555,4.89498,4607.781849976915,0.8538666666666667,49,112.2,2016-04-01,3.8427722454071,50,50,1,0
Riley Park,2016,5,day,22555,4.89498,4607.781849976915,0.8538666666666667,19,112.3,2016-05-01,3.49593305587769,50,50,1,0
Riley Park,2016,5,night,22555,4.89498,4607.781849976915,0.8538666666666667,46,112.3,2016-05-01,3.49593305587769,50,50,1,0
Riley Park,2016,6,day,22555,4.89498,4607.781849976915,0.8538666666666667,21,112.2,2016-06-01,NA,NA,NA,NA,0
Riley Park,2016,6,night,22555,4.89498,4607.781849976915,0.8538666666666667,36,112.2,2016-06-01,NA,NA,NA,NA,0
Riley Park,2016,7,day,22555,4.89498,4607.781849976915,0.8538666666666667,43,112.3,2016-07-01,3.29878187179565,50,50,1,0
Riley Park,2016,7,night,22555,4.89498,4607.781849976915,0.8538666666666667,39,112.3,2016-07-01,3.29878187179565,50,50,1,0
Riley Park,2016,8,day,22555,4.89498,4607.781849976915,0.8538666666666667,36,112.3,2016-08-01,3.55393624305725,50,50,1,0
Riley Park,2016,8,night,22555,4.89498,4607.781849976915,0.8538666666666667,49,112.3,2016-08-01,3.55393624305725,50,50,1,0
Riley Park,2016,9,day,22555,4.89498,4607.781849976915,0.8538666666666667,30,112.2,2016-09-01,3.14975237846375,50,50,1,0
Riley Park,2016,9,night,22555,4.89498,4607.781849976915,0.8538666666666667,72,112.2,2016-09-01,3.14975237846375,50,50,1,0
Riley Park,2016,10,day,22555,4.89498,4607.781849976915,0.8538666666666667,22,112.3,2016-10-01,3.14642930030823,50,50,1,0
Riley Park,2016,10,night,22555,4.89498,4607.781849976915,0.8538666666666667,52,112.3,2016-10-01,3.14642930030823,50,50,1,0
Riley Park,2016,11,day,22555,4.89498,4607.781849976915,0.8538666666666667,22,112.2,2016-11-01,2.936527967453,50,50,1,0
Riley Park,2016,11,night,22555,4.89498,4607.781849976915,0.8538666666666667,36,112.2,2016-11-01,2.936527967453,50,50,1,0
Riley Park,2016,12,day,22555,4.89498,4607.781849976915,0.8538666666666667,13,112.3,2016-12-01,4.30719184875488,50,50,1,0
Riley Park,2016,12,night,22555,4.89498,4607.781849976915,0.8538666666666667,33,112.3,2016-12-01,4.30719184875488,50,50,1,0
Riley Park,2017,1,day,22555,4.89498,4607.781849976915,0.8538666666666667,13,112.3,2017-01-01,3.79425406455994,50,50,1,0
Riley Park,2017,1,night,22555,4.89498,4607.781849976915,0.8538666666666667,41,112.3,2017-01-01,3.79425406455994,50,50,1,0
Riley Park,2017,2,day,22555,4.89498,4607.781849976915,0.8538666666666667,11,112.1,2017-02-01,3.74345278739929,50,50,1,0
Riley Park,2017,2,night,22555,4.89498,4607.781849976915,0.8538666666666667,22,112.1,2017-02-01,3.74345278739929,50,50,1,0
Riley Park,2017,3,day,22555,4.89498,4607.781849976915,0.8538666666666667,21,112.3,2017-03-01,4.03877305984497,50,50,1,0
Riley Park,2017,3,night,22555,4.89498,4607.781849976915,0.8538666666666667,43,112.3,2017-03-01,4.03877305984497,50,50,1,0
Riley Park,2017,4,day,22555,4.89498,4607.781849976915,0.8538666666666667,31,115.2,2017-04-01,3.90477108955383,50,50,1,0
Riley Park,2017,4,night,22555,4.89498,4607.781849976915,0.8538666666666667,36,115.2,2017-04-01,3.90477108955383,50,50,1,0
Riley Park,2017,5,day,22555,4.89498,4607.781849976915,0.8538666666666667,22,115.3,2017-05-01,3.94809722900391,50,50,1,0
Riley Park,2017,5,night,22555,4.89498,4607.781849976915,0.8538666666666667,44,115.3,2017-05-01,3.94809722900391,50,50,1,0
Riley Park,2017,6,day,22555,4.89498,4607.781849976915,0.8538666666666667,31,115.2,2017-06-01,NA,NA,NA,NA,0
Riley Park,2017,6,night,22555,4.89498,4607.781849976915,0.8538666666666667,47,115.2,2017-06-01,NA,NA,NA,NA,0
Riley Park,2017,7,day,22555,4.89498,4607.781849976915,0.8538666666666667,29,115.3,2017-07-01,4.73539209365845,50,50,1,0
Riley Park,2017,7,night,22555,4.89498,4607.781849976915,0.8538666666666667,48,115.3,2017-07-01,4.73539209365845,50,50,1,0
Riley Park,2017,8,day,22555,4.89498,4607.781849976915,0.8538666666666667,30,115.3,2017-08-01,3.91441249847412,50,50,1,0
Riley Park,2017,8,night,22555,4.89498,4607.781849976915,0.8538666666666667,39,115.3,2017-08-01,3.91441249847412,50,50,1,0
Riley Park,2017,9,day,22555,4.89498,4607.781849976915,0.8538666666666667,32,115.2,2017-09-01,3.34099769592285,50,50,1,0
Riley Park,2017,9,night,22555,4.89498,4607.781849976915,0.8538666666666667,46,115.2,2017-09-01,3.34099769592285,50,50,1,0
Riley Park,2017,10,day,22555,4.89498,4607.781849976915,0.8538666666666667,19,115.3,2017-10-01,3.63469433784485,50,50,1,0
Riley Park,2017,10,night,22555,4.89498,4607.781849976915,0.8538666666666667,50,115.3,2017-10-01,3.63469433784485,50,50,1,0
Riley Park,2017,11,day,22555,4.89498,4607.781849976915,0.8538666666666667,25,115.2,2017-11-01,3.49206137657166,50,50,1,0
Riley Park,2017,11,night,22555,4.89498,4607.781849976915,0.8538666666666667,53,115.2,2017-11-01,3.49206137657166,50,50,1,0
Riley Park,2017,12,day,22555,4.89498,4607.781849976915,0.8538666666666667,10,115.3,2017-12-01,3.38090491294861,50,50,1,0
Riley Park,2017,12,night,22555,4.89498,4607.781849976915,0.8538666666666667,62,115.3,2017-12-01,3.38090491294861,50,50,1,0
Riley Park,2018,1,day,22555,4.89498,4607.781849976915,0.8538666666666667,19,115.3,2018-01-01,4.36808013916016,50,50,1,0
Riley Park,2018,1,night,22555,4.89498,4607.781849976915,0.8538666666666667,54,115.3,2018-01-01,4.36808013916016,50,50,1,0
Riley Park,2018,2,day,22555,4.89498,4607.781849976915,0.8538666666666667,15,115.1,2018-02-01,4.57218027114868,50,50,1,0
Riley Park,2018,2,night,22555,4.89498,4607.781849976915,0.8538666666666667,48,115.1,2018-02-01,4.57218027114868,50,50,1,0
Riley Park,2018,3,day,22555,4.89498,4607.781849976915,0.8538666666666667,21,115.3,2018-03-01,4.37003660202026,50,50,1,0
Riley Park,2018,3,night,22555,4.89498,4607.781849976915,0.8538666666666667,35,115.3,2018-03-01,4.37003660202026,50,50,1,0
Riley Park,2018,4,day,22555,4.89498,4607.781849976915,0.8538666666666667,28,118.7,2018-04-01,4.31327247619629,50,50,1,0
Riley Park,2018,4,night,22555,4.89498,4607.781849976915,0.8538666666666667,45,118.7,2018-04-01,4.31327247619629,50,50,1,0
Riley Park,2018,5,day,22555,4.89498,4607.781849976915,0.8538666666666667,38,118.8,2018-05-01,3.79316210746765,50,50,1,0
Riley Park,2018,5,night,22555,4.89498,4607.781849976915,0.8538666666666667,52,118.8,2018-05-01,3.79316210746765,50,50,1,0
Riley Park,2018,6,day,22555,4.89498,4607.781849976915,0.8538666666666667,26,118.7,2018-06-01,NA,NA,NA,NA,0
Riley Park,2018,6,night,22555,4.89498,4607.781849976915,0.8538666666666667,53,118.7,2018-06-01,NA,NA,NA,NA,0
Riley Park,2018,7,day,22555,4.89498,4607.781849976915,0.8538666666666667,22,118.8,2018-07-01,4.53029537200928,50,50,1,0
Riley Park,2018,7,night,22555,4.89498,4607.781849976915,0.8538666666666667,42,118.8,2018-07-01,4.53029537200928,50,50,1,0
Riley Park,2018,8,day,22555,4.89498,4607.781849976915,0.8538666666666667,15,118.8,2018-08-01,3.59616661071777,50,50,1,0
Riley Park,2018,8,night,22555,4.89498,4607.781849976915,0.8538666666666667,37,118.8,2018-08-01,3.59616661071777,50,50,1,0
Riley Park,2018,9,day,22555,4.89498,4607.781849976915,0.8538666666666667,18,118.7,2018-09-01,3.68260550498962,50,50,1,0
Riley Park,2018,9,night,22555,4.89498,4607.781849976915,0.8538666666666667,38,118.7,2018-09-01,3.68260550498962,50,50,1,0
Riley Park,2018,10,day,22555,4.89498,4607.781849976915,0.8538666666666667,26,118.8,2018-10-01,3.62512612342834,50,50,1,0
Riley Park,2018,10,night,22555,4.89498,4607.781849976915,0.8538666666666667,39,118.8,2018-10-01,3.62512612342834,50,50,1,0
Riley Park,2018,11,day,22555,4.89498,4607.781849976915,0.8538666666666667,26,118.7,2018-11-01,3.40409827232361,50,50,1,0
Riley Park,2018,11,night,22555,4.89498,4607.781849976915,0.8538666666666667,40,118.7,2018-11-01,3.40409827232361,50,50,1,0
Riley Park,2018,12,day,22555,4.89498,4607.781849976915,0.8538666666666667,21,118.8,2018-12-01,3.279212474823,50,50,1,0
Riley Park,2018,12,night,22555,4.89498,4607.781849976915,0.8538666666666667,54,118.8,2018-12-01,3.279212474823,50,50,1,0
Riley Park,2019,1,day,23682,4.8873999999999995,4845.521135982322,1.0597142857142858,18,118.8,2019-01-01,3.40752720832825,50,50,1,0
Riley Park,2019,1,night,23682,4.8873999999999995,4845.521135982322,1.0597142857142858,34,118.8,2019-01-01,3.40752720832825,50,50,1,0
Riley Park,2019,2,day,23682,4.8873999999999995,4845.521135982322,1.0597142857142858,18,118.6,2019-02-01,4.36523818969727,50,50,1,0
Riley Park,2019,2,night,23682,4.8873999999999995,4845.521135982322,1.0597142857142858,56,118.6,2019-02-01,4.36523818969727,50,50,1,0
Riley Park,2019,3,day,23682,4.8873999999999995,4845.521135982322,1.0597142857142858,34,118.8,2019-03-01,4.20036840438843,50,50,1,0
Riley Park,2019,3,night,23682,4.8873999999999995,4845.521135982322,1.0597142857142858,38,118.8,2019-03-01,4.20036840438843,50,50,1,0
Riley Park,2019,4,day,23682,4.8873999999999995,4845.521135982322,1.0597142857142858,31,120.9,2019-04-01,4.46495294570923,50,50,1,0
Riley Park,2019,4,night,23682,4.8873999999999995,4845.521135982322,1.0597142857142858,53,120.9,2019-04-01,4.46495294570923,50,50,1,0
Riley Park,2019,5,day,23682,4.8873999999999995,4845.521135982322,1.0597142857142858,33,120.9,2019-05-01,4.1143651008606,50,50,1,0
Riley Park,2019,5,night,23682,4.8873999999999995,4845.521135982322,1.0597142857142858,66,120.9,2019-05-01,4.1143651008606,50,50,1,0
Riley Park,2019,6,day,23682,4.8873999999999995,4845.521135982322,1.0597142857142858,29,120.9,2019-06-01,NA,NA,NA,NA,0
Riley Park,2019,6,night,23682,4.8873999999999995,4845.521135982322,1.0597142857142858,53,120.9,2019-06-01,NA,NA,NA,NA,0
Riley Park,2019,7,day,23682,4.8873999999999995,4845.521135982322,1.0597142857142858,37,120.9,2019-07-01,4.22332763671875,50,50,1,0
Riley Park,2019,7,night,23682,4.8873999999999995,4845.521135982322,1.0597142857142858,67,120.9,2019-07-01,4.22332763671875,50,50,1,0
Riley Park,2019,8,day,23682,4.8873999999999995,4845.521135982322,1.0597142857142858,31,120.9,2019-08-01,4.26027059555054,50,50,1,0
Riley Park,2019,8,night,23682,4.8873999999999995,4845.521135982322,1.0597142857142858,45,120.9,2019-08-01,4.26027059555054,50,50,1,0
Riley Park,2019,9,day,23682,4.8873999999999995,4845.521135982322,1.0597142857142858,36,120.9,2019-09-01,4.00489568710327,50,50,1,0
Riley Park,2019,9,night,23682,4.8873999999999995,4845.521135982322,1.0597142857142858,55,120.9,2019-09-01,4.00489568710327,50,50,1,0
Riley Park,2019,10,day,23682,4.8873999999999995,4845.521135982322,1.0597142857142858,31,120.9,2019-10-01,3.8183925151825,50,50,1,0
Riley Park,2019,10,night,23682,4.8873999999999995,4845.521135982322,1.0597142857142858,61,120.9,2019-10-01,3.8183925151825,50,50,1,0
Riley Park,2019,11,day,23682,4.8873999999999995,4845.521135982322,1.0597142857142858,31,120.9,2019-11-01,3.84829258918762,50,50,1,0
Riley Park,2019,11,night,23682,4.8873999999999995,4845.521135982322,1.0597142857142858,61,120.9,2019-11-01,3.84829258918762,50,50,1,0
Riley Park,2019,12,day,23682,4.8873999999999995,4845.521135982322,1.0597142857142858,28,120.9,2019-12-01,3.59973573684692,50,50,1,0
Riley Park,2019,12,night,23682,4.8873999999999995,4845.521135982322,1.0597142857142858,70,120.9,2019-12-01,3.59973573684692,50,50,1,0
Riley Park,2020,1,day,23682,4.8873999999999995,4845.521135982322,1.0597142857142858,32,120.9,2020-01-01,3.90968894958496,50,50,1,0
Riley Park,2020,1,night,23682,4.8873999999999995,4845.521135982322,1.0597142857142858,51,120.9,2020-01-01,3.90968894958496,50,50,1,0
Riley Park,2020,2,day,23682,4.8873999999999995,4845.521135982322,1.0597142857142858,23,120.8,2020-02-01,3.7934293746948202,50,50,1,0
Riley Park,2020,2,night,23682,4.8873999999999995,4845.521135982322,1.0597142857142858,61,120.8,2020-02-01,3.7934293746948202,50,50,1,0
Riley Park,2020,3,day,23682,4.8873999999999995,4845.521135982322,1.0597142857142858,19,120.9,2020-03-01,4.13490295410156,50,50,1,0
Riley Park,2020,3,night,23682,4.8873999999999995,4845.521135982322,1.0597142857142858,48,120.9,2020-03-01,4.13490295410156,50,50,1,0
Riley Park,2020,4,day,23682,4.8873999999999995,4845.521135982322,1.0597142857142858,19,119.6,2020-04-01,4.24436044692993,50,50,1,0
Riley Park,2020,4,night,23682,4.8873999999999995,4845.521135982322,1.0597142857142858,58,119.6,2020-04-01,4.24436044692993,50,50,1,0
Riley Park,2020,5,day,23682,4.8873999999999995,4845.521135982322,1.0597142857142858,11,119.7,2020-05-01,4.26828908920288,50,50,1,0
Riley Park,2020,5,night,23682,4.8873999999999995,4845.521135982322,1.0597142857142858,20,119.7,2020-05-01,4.26828908920288,50,50,1,0
Riley Park,2020,6,day,23682,4.8873999999999995,4845.521135982322,1.0597142857142858,15,119.6,2020-06-01,NA,NA,NA,NA,0
Riley Park,2020,6,night,23682,4.8873999999999995,4845.521135982322,1.0597142857142858,28,119.6,2020-06-01,NA,NA,NA,NA,0
Riley Park,2020,7,day,23682,4.8873999999999995,4845.521135982322,1.0597142857142858,14,119.7,2020-07-01,3.94578886032104,50,50,1,0
Riley Park,2020,7,night,23682,4.8873999999999995,4845.521135982322,1.0597142857142858,29,119.7,2020-07-01,3.94578886032104,50,50,1,0
Riley Park,2020,8,day,23682,4.8873999999999995,4845.521135982322,1.0597142857142858,17,119.7,2020-08-01,3.85116171836853,50,50,1,0
Riley Park,2020,8,night,23682,4.8873999999999995,4845.521135982322,1.0597142857142858,35,119.7,2020-08-01,3.85116171836853,50,50,1,0
Riley Park,2020,9,day,23682,4.8873999999999995,4845.521135982322,1.0597142857142858,21,119.6,2020-09-01,3.82295918464661,50,50,1,0
Riley Park,2020,9,night,23682,4.8873999999999995,4845.521135982322,1.0597142857142858,29,119.6,2020-09-01,3.82295918464661,50,50,1,0
Riley Park,2020,10,day,23682,4.8873999999999995,4845.521135982322,1.0597142857142858,15,119.7,2020-10-01,3.08902215957642,50,50,1,0
Riley Park,2020,10,night,23682,4.8873999999999995,4845.521135982322,1.0597142857142858,35,119.7,2020-10-01,3.08902215957642,50,50,1,0
Riley Park,2020,11,day,23682,4.8873999999999995,4845.521135982322,1.0597142857142858,13,119.6,2020-11-01,3.50546312332153,50,50,1,0
Riley Park,2020,11,night,23682,4.8873999999999995,4845.521135982322,1.0597142857142858,38,119.6,2020-11-01,3.50546312332153,50,50,1,0
Riley Park,2020,12,day,23682,4.8873999999999995,4845.521135982322,1.0597142857142858,17,119.7,2020-12-01,2.73652982711792,50,50,1,0
Riley Park,2020,12,night,23682,4.8873999999999995,4845.521135982322,1.0597142857142858,48,119.7,2020-12-01,2.73652982711792,50,50,1,0
Riley Park,2021,1,day,23682,4.8873999999999995,4845.521135982322,1.0597142857142858,19,119.7,2021-01-01,2.37464189529419,50,50,1,0
Riley Park,2021,1,night,23682,4.8873999999999995,4845.521135982322,1.0597142857142858,45,119.7,2021-01-01,2.37464189529419,50,50,1,0
Riley Park,2021,2,day,23682,4.8873999999999995,4845.521135982322,1.0597142857142858,8,119.5,2021-02-01,3.99401664733887,50,50,1,0
Riley Park,2021,2,night,23682,4.8873999999999995,4845.521135982322,1.0597142857142858,39,119.5,2021-02-01,3.99401664733887,50,50,1,0
Riley Park,2021,3,day,23682,4.8873999999999995,4845.521135982322,1.0597142857142858,13,119.7,2021-03-01,4.17022228240967,50,50,1,0
Riley Park,2021,3,night,23682,4.8873999999999995,4845.521135982322,1.0597142857142858,26,119.7,2021-03-01,4.17022228240967,50,50,1,0
Riley Park,2021,4,day,23682,4.8873999999999995,4845.521135982322,1.0597142857142858,12,120.1,2021-04-01,4.30237722396851,50,50,1,0
Riley Park,2021,4,night,23682,4.8873999999999995,4845.521135982322,1.0597142857142858,33,120.1,2021-04-01,4.30237722396851,50,50,1,0
Riley Park,2021,5,day,23682,4.8873999999999995,4845.521135982322,1.0597142857142858,11,120.1,2021-05-01,4.2169508934021,50,50,1,0
Riley Park,2021,5,night,23682,4.8873999999999995,4845.521135982322,1.0597142857142858,30,120.1,2021-05-01,4.2169508934021,50,50,1,0
Riley Park,2021,6,day,23682,4.8873999999999995,4845.521135982322,1.0597142857142858,20,120.1,2021-06-01,NA,NA,NA,NA,0
Riley Park,2021,6,night,23682,4.8873999999999995,4845.521135982322,1.0597142857142858,24,120.1,2021-06-01,NA,NA,NA,NA,0
Riley Park,2021,7,day,23682,4.8873999999999995,4845.521135982322,1.0597142857142858,28,120.1,2021-07-01,4.08366823196411,50,50,1,0
Riley Park,2021,7,night,23682,4.8873999999999995,4845.521135982322,1.0597142857142858,37,120.1,2021-07-01,4.08366823196411,50,50,1,0
Riley Park,2021,8,day,23682,4.8873999999999995,4845.521135982322,1.0597142857142858,11,120.1,2021-08-01,3.38601660728455,50,50,1,0
Riley Park,2021,8,night,23682,4.8873999999999995,4845.521135982322,1.0597142857142858,30,120.1,2021-08-01,3.38601660728455,50,50,1,0
Riley Park,2021,9,day,23682,4.8873999999999995,4845.521135982322,1.0597142857142858,9,120.1,2021-09-01,3.84422087669373,50,50,1,0
Riley Park,2021,9,night,23682,4.8873999999999995,4845.521135982322,1.0597142857142858,38,120.1,2021-09-01,3.84422087669373,50,50,1,0
Riley Park,2021,10,day,23682,4.8873999999999995,4845.521135982322,1.0597142857142858,9,120.1,2021-10-01,3.89868569374084,50,50,1,0
Riley Park,2021,10,night,23682,4.8873999999999995,4845.521135982322,1.0597142857142858,32,120.1,2021-10-01,3.89868569374084,50,50,1,0
Riley Park,2021,11,day,23682,4.8873999999999995,4845.521135982322,1.0597142857142858,14,120.1,2021-11-01,3.91976428031921,50,50,1,0
Riley Park,2021,11,night,23682,4.8873999999999995,4845.521135982322,1.0597142857142858,27,120.1,2021-11-01,3.91976428031921,50,50,1,0
Riley Park,2021,12,day,23682,4.8873999999999995,4845.521135982322,1.0597142857142858,11,120.1,2021-12-01,3.6279125213623,50,50,1,0
Riley Park,2021,12,night,23682,4.8873999999999995,4845.521135982322,1.0597142857142858,14,120.1,2021-12-01,3.6279125213623,50,50,1,0
Riley Park,2022,1,day,23682,4.8873999999999995,4845.521135982322,1.0597142857142858,13,120.1,2022-01-01,2.86886096000671,50,50,1,0
Riley Park,2022,1,night,23682,4.8873999999999995,4845.521135982322,1.0597142857142858,20,120.1,2022-01-01,2.86886096000671,50,50,1,0
Riley Park,2022,2,day,23682,4.8873999999999995,4845.521135982322,1.0597142857142858,10,120,2022-02-01,4.35498285293579,50,50,1,0
Riley Park,2022,2,night,23682,4.8873999999999995,4845.521135982322,1.0597142857142858,15,120,2022-02-01,4.35498285293579,50,50,1,0
Riley Park,2022,3,day,23682,4.8873999999999995,4845.521135982322,1.0597142857142858,17,120.1,2022-03-01,4.2810492515564,50,50,1,0
Riley Park,2022,3,night,23682,4.8873999999999995,4845.521135982322,1.0597142857142858,44,120.1,2022-03-01,4.2810492515564,50,50,1,0
Riley Park,2022,4,day,23682,4.8873999999999995,4845.521135982322,1.0597142857142858,18,120.9,2022-04-01,4.24501276016235,50,50,1,0
Riley Park,2022,4,night,23682,4.8873999999999995,4845.521135982322,1.0597142857142858,41,120.9,2022-04-01,4.24501276016235,50,50,1,0
Riley Park,2022,5,day,23682,4.8873999999999995,4845.521135982322,1.0597142857142858,16,120.9,2022-05-01,4.31103277206421,50,50,1,0
Riley Park,2022,5,night,23682,4.8873999999999995,4845.521135982322,1.0597142857142858,15,120.9,2022-05-01,4.31103277206421,50,50,1,0
Riley Park,2022,6,day,23682,4.8873999999999995,4845.521135982322,1.0597142857142858,19,120.9,2022-06-01,NA,NA,NA,NA,0
Riley Park,2022,6,night,23682,4.8873999999999995,4845.521135982322,1.0597142857142858,21,120.9,2022-06-01,NA,NA,NA,NA,0
Riley Park,2022,7,day,23682,4.8873999999999995,4845.521135982322,1.0597142857142858,23,120.9,2022-07-01,4.13076829910278,50,50,1,0
Riley Park,2022,7,night,23682,4.8873999999999995,4845.521135982322,1.0597142857142858,27,120.9,2022-07-01,4.13076829910278,50,50,1,0
Riley Park,2022,8,day,23682,4.8873999999999995,4845.521135982322,1.0597142857142858,20,120.9,2022-08-01,3.89096641540527,50,50,1,0
Riley Park,2022,8,night,23682,4.8873999999999995,4845.521135982322,1.0597142857142858,27,120.9,2022-08-01,3.89096641540527,50,50,1,0
Riley Park,2022,9,day,23682,4.8873999999999995,4845.521135982322,1.0597142857142858,12,120.9,2022-09-01,4.08819389343262,50,50,1,0
Riley Park,2022,9,night,23682,4.8873999999999995,4845.521135982322,1.0597142857142858,29,120.9,2022-09-01,4.08819389343262,50,50,1,0
Riley Park,2022,10,day,23682,4.8873999999999995,4845.521135982322,1.0597142857142858,12,120.9,2022-10-01,3.78833365440369,50,50,1,0
Riley Park,2022,10,night,23682,4.8873999999999995,4845.521135982322,1.0597142857142858,19,120.9,2022-10-01,3.78833365440369,50,50,1,0
Riley Park,2022,11,day,23682,4.8873999999999995,4845.521135982322,1.0597142857142858,16,120.9,2022-11-01,3.72385358810425,50,50,1,0
Riley Park,2022,11,night,23682,4.8873999999999995,4845.521135982322,1.0597142857142858,28,120.9,2022-11-01,3.72385358810425,50,50,1,0
Riley Park,2022,12,day,23682,4.8873999999999995,4845.521135982322,1.0597142857142858,13,120.9,2022-12-01,4.02694654464722,50,50,1,0
Riley Park,2022,12,night,23682,4.8873999999999995,4845.521135982322,1.0597142857142858,22,120.9,2022-12-01,4.02694654464722,50,50,1,0
Riley Park,2023,1,day,23682,4.8873999999999995,4845.521135982322,1.0597142857142858,19,120.9,2023-01-01,3.61057281494141,50,50,1,0
Riley Park,2023,1,night,23682,4.8873999999999995,4845.521135982322,1.0597142857142858,27,120.9,2023-01-01,3.61057281494141,50,50,1,0
Riley Park,2023,2,day,23682,4.8873999999999995,4845.521135982322,1.0597142857142858,17,120.7,2023-02-01,4.5243558883667,50,50,1,0
Riley Park,2023,2,night,23682,4.8873999999999995,4845.521135982322,1.0597142857142858,20,120.7,2023-02-01,4.5243558883667,50,50,1,0
Riley Park,2023,3,day,23682,4.8873999999999995,4845.521135982322,1.0597142857142858,13,120.9,2023-03-01,4.05423307418823,50,50,1,0
Riley Park,2023,3,night,23682,4.8873999999999995,4845.521135982322,1.0597142857142858,22,120.9,2023-03-01,4.05423307418823,50,50,1,0
Riley Park,2023,4,day,23682,4.8873999999999995,4845.521135982322,1.0597142857142858,8,122,2023-04-01,4.12258434295654,50,50,1,0
Riley Park,2023,4,night,23682,4.8873999999999995,4845.521135982322,1.0597142857142858,31,122,2023-04-01,4.12258434295654,50,50,1,0
Riley Park,2023,5,day,23682,4.8873999999999995,4845.521135982322,1.0597142857142858,17,122.1,2023-05-01,4.43968629837036,50,50,1,0
Riley Park,2023,5,night,23682,4.8873999999999995,4845.521135982322,1.0597142857142858,29,122.1,2023-05-01,4.43968629837036,50,50,1,0
Riley Park,2023,6,day,23682,4.8873999999999995,4845.521135982322,1.0597142857142858,16,122,2023-06-01,NA,NA,NA,NA,0
Riley Park,2023,6,night,23682,4.8873999999999995,4845.521135982322,1.0597142857142858,30,122,2023-06-01,NA,NA,NA,NA,0
Riley Park,2023,7,day,23682,4.8873999999999995,4845.521135982322,1.0597142857142858,13,122.1,2023-07-01,4.19654703140259,50,50,1,0
Riley Park,2023,7,night,23682,4.8873999999999995,4845.521135982322,1.0597142857142858,24,122.1,2023-07-01,4.19654703140259,50,50,1,0
Riley Park,2023,8,day,23682,4.8873999999999995,4845.521135982322,1.0597142857142858,10,122.1,2023-08-01,4.07294511795044,50,50,1,0
Riley Park,2023,8,night,23682,4.8873999999999995,4845.521135982322,1.0597142857142858,29,122.1,2023-08-01,4.07294511795044,50,50,1,0
Riley Park,2023,9,day,23682,4.8873999999999995,4845.521135982322,1.0597142857142858,14,122.5,2023-09-01,3.82365155220032,50,50,1,0
Riley Park,2023,9,night,23682,4.8873999999999995,4845.521135982322,1.0597142857142858,39,122.5,2023-09-01,3.82365155220032,50,50,1,0
Riley Park,2023,10,day,23682,4.8873999999999995,4845.521135982322,1.0597142857142858,12,122.5,2023-10-01,3.97035574913025,50,50,1,0
Riley Park,2023,10,night,23682,4.8873999999999995,4845.521135982322,1.0597142857142858,16,122.5,2023-10-01,3.97035574913025,50,50,1,0
Riley Park,2023,11,day,23682,4.8873999999999995,4845.521135982322,1.0597142857142858,5,122.5,2023-11-01,3.50093674659729,50,50,1,0
Riley Park,2023,11,night,23682,4.8873999999999995,4845.521135982322,1.0597142857142858,20,122.5,2023-11-01,3.50093674659729,50,50,1,0
Riley Park,2023,12,day,23682,4.8873999999999995,4845.521135982322,1.0597142857142858,10,122.5,2023-12-01,3.90480446815491,50,50,1,0
Riley Park,2023,12,night,23682,4.8873999999999995,4845.521135982322,1.0597142857142858,15,122.5,2023-12-01,3.90480446815491,50,50,1,0
Shaughnessy,2014,1,day,8613,4.5203299999999995,1905.391862983455,1.2637866666666666,6,94.8,2014-01-01,3.63424777984619,43,43,1,0
Shaughnessy,2014,1,night,8613,4.5203299999999995,1905.391862983455,1.2637866666666666,16,94.8,2014-01-01,3.63424777984619,43,43,1,0
Shaughnessy,2014,2,day,8613,4.5203299999999995,1905.391862983455,1.2637866666666666,4,94.8,2014-02-01,3.42551064491272,43,43,1,0
Shaughnessy,2014,2,night,8613,4.5203299999999995,1905.391862983455,1.2637866666666666,11,94.8,2014-02-01,3.42551064491272,43,43,1,0
Shaughnessy,2014,3,day,8613,4.5203299999999995,1905.391862983455,1.2637866666666666,8,94.8,2014-03-01,3.77262330055237,43,43,1,0
Shaughnessy,2014,3,night,8613,4.5203299999999995,1905.391862983455,1.2637866666666666,16,94.8,2014-03-01,3.77262330055237,43,43,1,0
Shaughnessy,2014,4,day,8613,4.5203299999999995,1905.391862983455,1.2637866666666666,12,101.7,2014-04-01,3.80860471725464,43,43,1,0
Shaughnessy,2014,4,night,8613,4.5203299999999995,1905.391862983455,1.2637866666666666,14,101.7,2014-04-01,3.80860471725464,43,43,1,0
Shaughnessy,2014,5,day,8613,4.5203299999999995,1905.391862983455,1.2637866666666666,7,101.7,2014-05-01,3.84541320800781,43,43,1,0
Shaughnessy,2014,5,night,8613,4.5203299999999995,1905.391862983455,1.2637866666666666,12,101.7,2014-05-01,3.84541320800781,43,43,1,0
Shaughnessy,2014,6,day,8613,4.5203299999999995,1905.391862983455,1.2637866666666666,12,101.7,2014-06-01,NA,NA,NA,NA,0
Shaughnessy,2014,6,night,8613,4.5203299999999995,1905.391862983455,1.2637866666666666,17,101.7,2014-06-01,NA,NA,NA,NA,0
Shaughnessy,2014,7,day,8613,4.5203299999999995,1905.391862983455,1.2637866666666666,15,101.7,2014-07-01,3.73233556747437,43,43,1,0
Shaughnessy,2014,7,night,8613,4.5203299999999995,1905.391862983455,1.2637866666666666,28,101.7,2014-07-01,3.73233556747437,43,43,1,0
Shaughnessy,2014,8,day,8613,4.5203299999999995,1905.391862983455,1.2637866666666666,9,101.7,2014-08-01,3.23837351799011,43,43,1,0
Shaughnessy,2014,8,night,8613,4.5203299999999995,1905.391862983455,1.2637866666666666,19,101.7,2014-08-01,3.23837351799011,43,43,1,0
Shaughnessy,2014,9,day,8613,4.5203299999999995,1905.391862983455,1.2637866666666666,8,101.7,2014-09-01,3.11044883728027,43,43,1,0
Shaughnessy,2014,9,night,8613,4.5203299999999995,1905.391862983455,1.2637866666666666,30,101.7,2014-09-01,3.11044883728027,43,43,1,0
Shaughnessy,2014,10,day,8613,4.5203299999999995,1905.391862983455,1.2637866666666666,7,101.7,2014-10-01,3.25829887390137,43,43,1,0
Shaughnessy,2014,10,night,8613,4.5203299999999995,1905.391862983455,1.2637866666666666,21,101.7,2014-10-01,3.25829887390137,43,43,1,0
Shaughnessy,2014,11,day,8613,4.5203299999999995,1905.391862983455,1.2637866666666666,7,101.7,2014-11-01,3.59797310829163,43,43,1,0
Shaughnessy,2014,11,night,8613,4.5203299999999995,1905.391862983455,1.2637866666666666,20,101.7,2014-11-01,3.59797310829163,43,43,1,0
Shaughnessy,2014,12,day,8613,4.5203299999999995,1905.391862983455,1.2637866666666666,6,101.7,2014-12-01,3.95959401130676,43,43,1,0
Shaughnessy,2014,12,night,8613,4.5203299999999995,1905.391862983455,1.2637866666666666,32,101.7,2014-12-01,3.95959401130676,43,43,1,0
Shaughnessy,2015,1,day,8613,4.5203299999999995,1905.391862983455,1.2637866666666666,9,101.7,2015-01-01,3.41092991828918,43,43,1,0
Shaughnessy,2015,1,night,8613,4.5203299999999995,1905.391862983455,1.2637866666666666,22,101.7,2015-01-01,3.41092991828918,43,43,1,0
Shaughnessy,2015,2,day,8613,4.5203299999999995,1905.391862983455,1.2637866666666666,10,101.7,2015-02-01,4.07190704345703,43,43,1,0
Shaughnessy,2015,2,night,8613,4.5203299999999995,1905.391862983455,1.2637866666666666,17,101.7,2015-02-01,4.07190704345703,43,43,1,0
Shaughnessy,2015,3,day,8613,4.5203299999999995,1905.391862983455,1.2637866666666666,3,101.7,2015-03-01,3.90442872047424,43,43,1,0
Shaughnessy,2015,3,night,8613,4.5203299999999995,1905.391862983455,1.2637866666666666,16,101.7,2015-03-01,3.90442872047424,43,43,1,0
Shaughnessy,2015,4,day,8613,4.5203299999999995,1905.391862983455,1.2637866666666666,12,107.7,2015-04-01,3.52343034744263,43,43,1,0
Shaughnessy,2015,4,night,8613,4.5203299999999995,1905.391862983455,1.2637866666666666,15,107.7,2015-04-01,3.52343034744263,43,43,1,0
Shaughnessy,2015,5,day,8613,4.5203299999999995,1905.391862983455,1.2637866666666666,10,107.7,2015-05-01,3.8586702346801798,43,43,1,0
Shaughnessy,2015,5,night,8613,4.5203299999999995,1905.391862983455,1.2637866666666666,9,107.7,2015-05-01,3.8586702346801798,43,43,1,0
Shaughnessy,2015,6,day,8613,4.5203299999999995,1905.391862983455,1.2637866666666666,6,107.7,2015-06-01,NA,NA,NA,NA,0
Shaughnessy,2015,6,night,8613,4.5203299999999995,1905.391862983455,1.2637866666666666,15,107.7,2015-06-01,NA,NA,NA,NA,0
Shaughnessy,2015,7,day,8613,4.5203299999999995,1905.391862983455,1.2637866666666666,13,107.7,2015-07-01,3.5517749786377,43,43,1,0
Shaughnessy,2015,7,night,8613,4.5203299999999995,1905.391862983455,1.2637866666666666,20,107.7,2015-07-01,3.5517749786377,43,43,1,0
Shaughnessy,2015,8,day,8613,4.5203299999999995,1905.391862983455,1.2637866666666666,19,107.7,2015-08-01,3.21564674377441,43,43,1,0
Shaughnessy,2015,8,night,8613,4.5203299999999995,1905.391862983455,1.2637866666666666,18,107.7,2015-08-01,3.21564674377441,43,43,1,0
Shaughnessy,2015,9,day,8613,4.5203299999999995,1905.391862983455,1.2637866666666666,10,107.7,2015-09-01,2.97589015960693,43,43,1,0
Shaughnessy,2015,9,night,8613,4.5203299999999995,1905.391862983455,1.2637866666666666,12,107.7,2015-09-01,2.97589015960693,43,43,1,0
Shaughnessy,2015,10,day,8613,4.5203299999999995,1905.391862983455,1.2637866666666666,14,107.7,2015-10-01,3.24976754188538,43,43,1,0
Shaughnessy,2015,10,night,8613,4.5203299999999995,1905.391862983455,1.2637866666666666,23,107.7,2015-10-01,3.24976754188538,43,43,1,0
Shaughnessy,2015,11,day,8613,4.5203299999999995,1905.391862983455,1.2637866666666666,14,107.7,2015-11-01,3.47710418701172,43,43,1,0
Shaughnessy,2015,11,night,8613,4.5203299999999995,1905.391862983455,1.2637866666666666,27,107.7,2015-11-01,3.47710418701172,43,43,1,0
Shaughnessy,2015,12,day,8613,4.5203299999999995,1905.391862983455,1.2637866666666666,16,107.7,2015-12-01,2.18651556968689,43,43,1,0
Shaughnessy,2015,12,night,8613,4.5203299999999995,1905.391862983455,1.2637866666666666,29,107.7,2015-12-01,2.18651556968689,43,43,1,0
Shaughnessy,2016,1,day,8613,4.5203299999999995,1905.391862983455,1.2637866666666666,16,107.7,2016-01-01,3.66858005523682,43,43,1,0
Shaughnessy,2016,1,night,8613,4.5203299999999995,1905.391862983455,1.2637866666666666,40,107.7,2016-01-01,3.66858005523682,43,43,1,0
Shaughnessy,2016,2,day,8613,4.5203299999999995,1905.391862983455,1.2637866666666666,4,107.6,2016-02-01,3.57022738456726,43,43,1,0
Shaughnessy,2016,2,night,8613,4.5203299999999995,1905.391862983455,1.2637866666666666,20,107.6,2016-02-01,3.57022738456726,43,43,1,0
Shaughnessy,2016,3,day,8613,4.5203299999999995,1905.391862983455,1.2637866666666666,12,107.7,2016-03-01,3.60400056838989,43,43,1,0
Shaughnessy,2016,3,night,8613,4.5203299999999995,1905.391862983455,1.2637866666666666,27,107.7,2016-03-01,3.60400056838989,43,43,1,0
Shaughnessy,2016,4,day,8613,4.5203299999999995,1905.391862983455,1.2637866666666666,9,112.2,2016-04-01,3.67462682723999,43,43,1,0
Shaughnessy,2016,4,night,8613,4.5203299999999995,1905.391862983455,1.2637866666666666,11,112.2,2016-04-01,3.67462682723999,43,43,1,0
Shaughnessy,2016,5,day,8613,4.5203299999999995,1905.391862983455,1.2637866666666666,10,112.3,2016-05-01,3.45556950569153,43,43,1,0
Shaughnessy,2016,5,night,8613,4.5203299999999995,1905.391862983455,1.2637866666666666,15,112.3,2016-05-01,3.45556950569153,43,43,1,0
Shaughnessy,2016,6,day,8613,4.5203299999999995,1905.391862983455,1.2637866666666666,11,112.2,2016-06-01,NA,NA,NA,NA,0
Shaughnessy,2016,6,night,8613,4.5203299999999995,1905.391862983455,1.2637866666666666,27,112.2,2016-06-01,NA,NA,NA,NA,0
Shaughnessy,2016,7,day,8613,4.5203299999999995,1905.391862983455,1.2637866666666666,8,112.3,2016-07-01,3.23298335075378,43,43,1,0
Shaughnessy,2016,7,night,8613,4.5203299999999995,1905.391862983455,1.2637866666666666,24,112.3,2016-07-01,3.23298335075378,43,43,1,0
Shaughnessy,2016,8,day,8613,4.5203299999999995,1905.391862983455,1.2637866666666666,8,112.3,2016-08-01,3.13723373413086,43,43,1,0
Shaughnessy,2016,8,night,8613,4.5203299999999995,1905.391862983455,1.2637866666666666,21,112.3,2016-08-01,3.13723373413086,43,43,1,0
Shaughnessy,2016,9,day,8613,4.5203299999999995,1905.391862983455,1.2637866666666666,7,112.2,2016-09-01,3.08821320533752,43,43,1,0
Shaughnessy,2016,9,night,8613,4.5203299999999995,1905.391862983455,1.2637866666666666,10,112.2,2016-09-01,3.08821320533752,43,43,1,0
Shaughnessy,2016,10,day,8613,4.5203299999999995,1905.391862983455,1.2637866666666666,12,112.3,2016-10-01,3.19400095939636,43,43,1,0
Shaughnessy,2016,10,night,8613,4.5203299999999995,1905.391862983455,1.2637866666666666,10,112.3,2016-10-01,3.19400095939636,43,43,1,0
Shaughnessy,2016,11,day,8613,4.5203299999999995,1905.391862983455,1.2637866666666666,14,112.2,2016-11-01,3.12746572494507,43,43,1,0
Shaughnessy,2016,11,night,8613,4.5203299999999995,1905.391862983455,1.2637866666666666,17,112.2,2016-11-01,3.12746572494507,43,43,1,0
Shaughnessy,2016,12,day,8613,4.5203299999999995,1905.391862983455,1.2637866666666666,9,112.3,2016-12-01,3.70973253250122,43,43,1,0
Shaughnessy,2016,12,night,8613,4.5203299999999995,1905.391862983455,1.2637866666666666,19,112.3,2016-12-01,3.70973253250122,43,43,1,0
Shaughnessy,2017,1,day,8613,4.5203299999999995,1905.391862983455,1.2637866666666666,8,112.3,2017-01-01,4.72452878952026,43,43,1,0
Shaughnessy,2017,1,night,8613,4.5203299999999995,1905.391862983455,1.2637866666666666,13,112.3,2017-01-01,4.72452878952026,43,43,1,0
Shaughnessy,2017,2,day,8613,4.5203299999999995,1905.391862983455,1.2637866666666666,4,112.1,2017-02-01,3.32382822036743,43,43,1,0
Shaughnessy,2017,2,night,8613,4.5203299999999995,1905.391862983455,1.2637866666666666,14,112.1,2017-02-01,3.32382822036743,43,43,1,0
Shaughnessy,2017,3,day,8613,4.5203299999999995,1905.391862983455,1.2637866666666666,13,112.3,2017-03-01,3.69183278083801,43,43,1,0
Shaughnessy,2017,3,night,8613,4.5203299999999995,1905.391862983455,1.2637866666666666,13,112.3,2017-03-01,3.69183278083801,43,43,1,0
Shaughnessy,2017,4,day,8613,4.5203299999999995,1905.391862983455,1.2637866666666666,13,115.2,2017-04-01,3.80027985572815,43,43,1,0
Shaughnessy,2017,4,night,8613,4.5203299999999995,1905.391862983455,1.2637866666666666,14,115.2,2017-04-01,3.80027985572815,43,43,1,0
Shaughnessy,2017,5,day,8613,4.5203299999999995,1905.391862983455,1.2637866666666666,21,115.3,2017-05-01,3.20730996131897,43,43,1,0
Shaughnessy,2017,5,night,8613,4.5203299999999995,1905.391862983455,1.2637866666666666,19,115.3,2017-05-01,3.20730996131897,43,43,1,0
Shaughnessy,2017,6,day,8613,4.5203299999999995,1905.391862983455,1.2637866666666666,24,115.2,2017-06-01,NA,NA,NA,NA,0
Shaughnessy,2017,6,night,8613,4.5203299999999995,1905.391862983455,1.2637866666666666,34,115.2,2017-06-01,NA,NA,NA,NA,0
Shaughnessy,2017,7,day,8613,4.5203299999999995,1905.391862983455,1.2637866666666666,15,115.3,2017-07-01,3.79703187942505,43,43,1,0
Shaughnessy,2017,7,night,8613,4.5203299999999995,1905.391862983455,1.2637866666666666,26,115.3,2017-07-01,3.79703187942505,43,43,1,0
Shaughnessy,2017,8,day,8613,4.5203299999999995,1905.391862983455,1.2637866666666666,14,115.3,2017-08-01,3.35294365882874,43,43,1,0
Shaughnessy,2017,8,night,8613,4.5203299999999995,1905.391862983455,1.2637866666666666,35,115.3,2017-08-01,3.35294365882874,43,43,1,0
Shaughnessy,2017,9,day,8613,4.5203299999999995,1905.391862983455,1.2637866666666666,7,115.2,2017-09-01,2.87153291702271,43,43,1,0
Shaughnessy,2017,9,night,8613,4.5203299999999995,1905.391862983455,1.2637866666666666,18,115.2,2017-09-01,2.87153291702271,43,43,1,0
Shaughnessy,2017,10,day,8613,4.5203299999999995,1905.391862983455,1.2637866666666666,10,115.3,2017-10-01,3.28928208351135,43,43,1,0
Shaughnessy,2017,10,night,8613,4.5203299999999995,1905.391862983455,1.2637866666666666,17,115.3,2017-10-01,3.28928208351135,43,43,1,0
Shaughnessy,2017,11,day,8613,4.5203299999999995,1905.391862983455,1.2637866666666666,12,115.2,2017-11-01,3.25067567825317,43,43,1,0
Shaughnessy,2017,11,night,8613,4.5203299999999995,1905.391862983455,1.2637866666666666,15,115.2,2017-11-01,3.25067567825317,43,43,1,0
Shaughnessy,2017,12,day,8613,4.5203299999999995,1905.391862983455,1.2637866666666666,6,115.3,2017-12-01,3.52532815933228,43,43,1,0
Shaughnessy,2017,12,night,8613,4.5203299999999995,1905.391862983455,1.2637866666666666,21,115.3,2017-12-01,3.52532815933228,43,43,1,0
Shaughnessy,2018,1,day,8613,4.5203299999999995,1905.391862983455,1.2637866666666666,7,115.3,2018-01-01,3.69268655776978,43,43,1,0
Shaughnessy,2018,1,night,8613,4.5203299999999995,1905.391862983455,1.2637866666666666,26,115.3,2018-01-01,3.69268655776978,43,43,1,0
Shaughnessy,2018,2,day,8613,4.5203299999999995,1905.391862983455,1.2637866666666666,7,115.1,2018-02-01,5.03542280197144,43,43,1,0
Shaughnessy,2018,2,night,8613,4.5203299999999995,1905.391862983455,1.2637866666666666,23,115.1,2018-02-01,5.03542280197144,43,43,1,0
Shaughnessy,2018,3,day,8613,4.5203299999999995,1905.391862983455,1.2637866666666666,12,115.3,2018-03-01,4.18226051330566,43,43,1,0
Shaughnessy,2018,3,night,8613,4.5203299999999995,1905.391862983455,1.2637866666666666,17,115.3,2018-03-01,4.18226051330566,43,43,1,0
Shaughnessy,2018,4,day,8613,4.5203299999999995,1905.391862983455,1.2637866666666666,11,118.7,2018-04-01,3.81576585769653,43,43,1,0
Shaughnessy,2018,4,night,8613,4.5203299999999995,1905.391862983455,1.2637866666666666,19,118.7,2018-04-01,3.81576585769653,43,43,1,0
Shaughnessy,2018,5,day,8613,4.5203299999999995,1905.391862983455,1.2637866666666666,19,118.8,2018-05-01,3.47181248664856,43,43,1,0
Shaughnessy,2018,5,night,8613,4.5203299999999995,1905.391862983455,1.2637866666666666,20,118.8,2018-05-01,3.47181248664856,43,43,1,0
Shaughnessy,2018,6,day,8613,4.5203299999999995,1905.391862983455,1.2637866666666666,14,118.7,2018-06-01,NA,NA,NA,NA,0
Shaughnessy,2018,6,night,8613,4.5203299999999995,1905.391862983455,1.2637866666666666,32,118.7,2018-06-01,NA,NA,NA,NA,0
Shaughnessy,2018,7,day,8613,4.5203299999999995,1905.391862983455,1.2637866666666666,14,118.8,2018-07-01,3.85360717773438,43,43,1,0
Shaughnessy,2018,7,night,8613,4.5203299999999995,1905.391862983455,1.2637866666666666,13,118.8,2018-07-01,3.85360717773438,43,43,1,0
Shaughnessy,2018,8,day,8613,4.5203299999999995,1905.391862983455,1.2637866666666666,8,118.8,2018-08-01,3.01728177070618,43,43,1,0
Shaughnessy,2018,8,night,8613,4.5203299999999995,1905.391862983455,1.2637866666666666,21,118.8,2018-08-01,3.01728177070618,43,43,1,0
Shaughnessy,2018,9,day,8613,4.5203299999999995,1905.391862983455,1.2637866666666666,8,118.7,2018-09-01,3.13856792449951,43,43,1,0
Shaughnessy,2018,9,night,8613,4.5203299999999995,1905.391862983455,1.2637866666666666,21,118.7,2018-09-01,3.13856792449951,43,43,1,0
Shaughnessy,2018,10,day,8613,4.5203299999999995,1905.391862983455,1.2637866666666666,15,118.8,2018-10-01,3.39765620231628,43,43,1,0
Shaughnessy,2018,10,night,8613,4.5203299999999995,1905.391862983455,1.2637866666666666,16,118.8,2018-10-01,3.39765620231628,43,43,1,0
Shaughnessy,2018,11,day,8613,4.5203299999999995,1905.391862983455,1.2637866666666666,3,118.7,2018-11-01,3.22345852851868,43,43,1,0
Shaughnessy,2018,11,night,8613,4.5203299999999995,1905.391862983455,1.2637866666666666,27,118.7,2018-11-01,3.22345852851868,43,43,1,0
Shaughnessy,2018,12,day,8613,4.5203299999999995,1905.391862983455,1.2637866666666666,8,118.8,2018-12-01,3.30693411827087,43,43,1,0
Shaughnessy,2018,12,night,8613,4.5203299999999995,1905.391862983455,1.2637866666666666,26,118.8,2018-12-01,3.30693411827087,43,43,1,0
Shaughnessy,2019,1,day,8371,4.5159,1853.672579109369,1.4091666666666667,6,118.8,2019-01-01,3.44711351394653,43,43,1,0
Shaughnessy,2019,1,night,8371,4.5159,1853.672579109369,1.4091666666666667,23,118.8,2019-01-01,3.44711351394653,43,43,1,0
Shaughnessy,2019,2,day,8371,4.5159,1853.672579109369,1.4091666666666667,5,118.6,2019-02-01,4.85897541046143,43,43,1,0
Shaughnessy,2019,2,night,8371,4.5159,1853.672579109369,1.4091666666666667,14,118.6,2019-02-01,4.85897541046143,43,43,1,0
Shaughnessy,2019,3,day,8371,4.5159,1853.672579109369,1.4091666666666667,7,118.8,2019-03-01,3.85610103607178,43,43,1,0
Shaughnessy,2019,3,night,8371,4.5159,1853.672579109369,1.4091666666666667,17,118.8,2019-03-01,3.85610103607178,43,43,1,0
Shaughnessy,2019,4,day,8371,4.5159,1853.672579109369,1.4091666666666667,9,120.9,2019-04-01,3.899662733078,43,43,1,0
Shaughnessy,2019,4,night,8371,4.5159,1853.672579109369,1.4091666666666667,8,120.9,2019-04-01,3.899662733078,43,43,1,0
Shaughnessy,2019,5,day,8371,4.5159,1853.672579109369,1.4091666666666667,13,120.9,2019-05-01,3.41533946990967,43,43,1,0
Shaughnessy,2019,5,night,8371,4.5159,1853.672579109369,1.4091666666666667,17,120.9,2019-05-01,3.41533946990967,43,43,1,0
Shaughnessy,2019,6,day,8371,4.5159,1853.672579109369,1.4091666666666667,9,120.9,2019-06-01,NA,NA,NA,NA,0
Shaughnessy,2019,6,night,8371,4.5159,1853.672579109369,1.4091666666666667,8,120.9,2019-06-01,NA,NA,NA,NA,0
Shaughnessy,2019,7,day,8371,4.5159,1853.672579109369,1.4091666666666667,14,120.9,2019-07-01,3.56099152565002,43,43,1,0
Shaughnessy,2019,7,night,8371,4.5159,1853.672579109369,1.4091666666666667,17,120.9,2019-07-01,3.56099152565002,43,43,1,0
Shaughnessy,2019,8,day,8371,4.5159,1853.672579109369,1.4091666666666667,12,120.9,2019-08-01,3.42149996757507,43,43,1,0
Shaughnessy,2019,8,night,8371,4.5159,1853.672579109369,1.4091666666666667,15,120.9,2019-08-01,3.42149996757507,43,43,1,0
Shaughnessy,2019,9,day,8371,4.5159,1853.672579109369,1.4091666666666667,14,120.9,2019-09-01,3.52553963661194,43,43,1,0
Shaughnessy,2019,9,night,8371,4.5159,1853.672579109369,1.4091666666666667,17,120.9,2019-09-01,3.52553963661194,43,43,1,0
Shaughnessy,2019,10,day,8371,4.5159,1853.672579109369,1.4091666666666667,13,120.9,2019-10-01,3.15474152565002,43,43,1,0
Shaughnessy,2019,10,night,8371,4.5159,1853.672579109369,1.4091666666666667,22,120.9,2019-10-01,3.15474152565002,43,43,1,0
Shaughnessy,2019,11,day,8371,4.5159,1853.672579109369,1.4091666666666667,11,120.9,2019-11-01,3.48382616043091,43,43,1,0
Shaughnessy,2019,11,night,8371,4.5159,1853.672579109369,1.4091666666666667,23,120.9,2019-11-01,3.48382616043091,43,43,1,0
Shaughnessy,2019,12,day,8371,4.5159,1853.672579109369,1.4091666666666667,8,120.9,2019-12-01,3.29301738739014,43,43,1,0
Shaughnessy,2019,12,night,8371,4.5159,1853.672579109369,1.4091666666666667,19,120.9,2019-12-01,3.29301738739014,43,43,1,0
Shaughnessy,2020,1,day,8371,4.5159,1853.672579109369,1.4091666666666667,12,120.9,2020-01-01,3.59561586380005,43,43,1,0
Shaughnessy,2020,1,night,8371,4.5159,1853.672579109369,1.4091666666666667,24,120.9,2020-01-01,3.59561586380005,43,43,1,0
Shaughnessy,2020,2,day,8371,4.5159,1853.672579109369,1.4091666666666667,6,120.8,2020-02-01,3.58714246749878,43,43,1,0
Shaughnessy,2020,2,night,8371,4.5159,1853.672579109369,1.4091666666666667,13,120.8,2020-02-01,3.58714246749878,43,43,1,0
Shaughnessy,2020,3,day,8371,4.5159,1853.672579109369,1.4091666666666667,8,120.9,2020-03-01,4.09920644760132,43,43,1,0
Shaughnessy,2020,3,night,8371,4.5159,1853.672579109369,1.4091666666666667,18,120.9,2020-03-01,4.09920644760132,43,43,1,0
Shaughnessy,2020,4,day,8371,4.5159,1853.672579109369,1.4091666666666667,8,119.6,2020-04-01,4.29150772094727,43,43,1,0
Shaughnessy,2020,4,night,8371,4.5159,1853.672579109369,1.4091666666666667,24,119.6,2020-04-01,4.29150772094727,43,43,1,0
Shaughnessy,2020,5,day,8371,4.5159,1853.672579109369,1.4091666666666667,5,119.7,2020-05-01,3.41366147994995,43,43,1,0
Shaughnessy,2020,5,night,8371,4.5159,1853.672579109369,1.4091666666666667,18,119.7,2020-05-01,3.41366147994995,43,43,1,0
Shaughnessy,2020,6,day,8371,4.5159,1853.672579109369,1.4091666666666667,8,119.6,2020-06-01,NA,NA,NA,NA,0
Shaughnessy,2020,6,night,8371,4.5159,1853.672579109369,1.4091666666666667,16,119.6,2020-06-01,NA,NA,NA,NA,0
Shaughnessy,2020,7,day,8371,4.5159,1853.672579109369,1.4091666666666667,8,119.7,2020-07-01,3.4811532497406,43,43,1,0
Shaughnessy,2020,7,night,8371,4.5159,1853.672579109369,1.4091666666666667,32,119.7,2020-07-01,3.4811532497406,43,43,1,0
Shaughnessy,2020,8,day,8371,4.5159,1853.672579109369,1.4091666666666667,8,119.7,2020-08-01,3.29498672485352,43,43,1,0
Shaughnessy,2020,8,night,8371,4.5159,1853.672579109369,1.4091666666666667,20,119.7,2020-08-01,3.29498672485352,43,43,1,0
Shaughnessy,2020,9,day,8371,4.5159,1853.672579109369,1.4091666666666667,11,119.6,2020-09-01,3.37111353874207,43,43,1,0
Shaughnessy,2020,9,night,8371,4.5159,1853.672579109369,1.4091666666666667,23,119.6,2020-09-01,3.37111353874207,43,43,1,0
Shaughnessy,2020,10,day,8371,4.5159,1853.672579109369,1.4091666666666667,10,119.7,2020-10-01,3.2490828037262,43,43,1,0
Shaughnessy,2020,10,night,8371,4.5159,1853.672579109369,1.4091666666666667,18,119.7,2020-10-01,3.2490828037262,43,43,1,0
Shaughnessy,2020,11,day,8371,4.5159,1853.672579109369,1.4091666666666667,3,119.6,2020-11-01,3.3983473777771,43,43,1,0
Shaughnessy,2020,11,night,8371,4.5159,1853.672579109369,1.4091666666666667,29,119.6,2020-11-01,3.3983473777771,43,43,1,0
Shaughnessy,2020,12,day,8371,4.5159,1853.672579109369,1.4091666666666667,7,119.7,2020-12-01,2.84300112724304,43,43,1,0
Shaughnessy,2020,12,night,8371,4.5159,1853.672579109369,1.4091666666666667,19,119.7,2020-12-01,2.84300112724304,43,43,1,0
Shaughnessy,2021,1,day,8371,4.5159,1853.672579109369,1.4091666666666667,4,119.7,2021-01-01,2.67067718505859,43,43,1,0
Shaughnessy,2021,1,night,8371,4.5159,1853.672579109369,1.4091666666666667,13,119.7,2021-01-01,2.67067718505859,43,43,1,0
Shaughnessy,2021,2,day,8371,4.5159,1853.672579109369,1.4091666666666667,6,119.5,2021-02-01,4.18776750564575,43,43,1,0
Shaughnessy,2021,2,night,8371,4.5159,1853.672579109369,1.4091666666666667,15,119.5,2021-02-01,4.18776750564575,43,43,1,0
Shaughnessy,2021,3,day,8371,4.5159,1853.672579109369,1.4091666666666667,3,119.7,2021-03-01,4.2625904083252,43,43,1,0
Shaughnessy,2021,3,night,8371,4.5159,1853.672579109369,1.4091666666666667,7,119.7,2021-03-01,4.2625904083252,43,43,1,0
Shaughnessy,2021,4,day,8371,4.5159,1853.672579109369,1.4091666666666667,10,120.1,2021-04-01,4.07363271713257,43,43,1,0
Shaughnessy,2021,4,night,8371,4.5159,1853.672579109369,1.4091666666666667,18,120.1,2021-04-01,4.07363271713257,43,43,1,0
Shaughnessy,2021,5,day,8371,4.5159,1853.672579109369,1.4091666666666667,7,120.1,2021-05-01,3.96606206893921,43,43,1,0
Shaughnessy,2021,5,night,8371,4.5159,1853.672579109369,1.4091666666666667,7,120.1,2021-05-01,3.96606206893921,43,43,1,0
Shaughnessy,2021,6,day,8371,4.5159,1853.672579109369,1.4091666666666667,3,120.1,2021-06-01,NA,NA,NA,NA,0
Shaughnessy,2021,6,night,8371,4.5159,1853.672579109369,1.4091666666666667,15,120.1,2021-06-01,NA,NA,NA,NA,0
Shaughnessy,2021,7,day,8371,4.5159,1853.672579109369,1.4091666666666667,13,120.1,2021-07-01,3.310622215271,43,43,1,0
Shaughnessy,2021,7,night,8371,4.5159,1853.672579109369,1.4091666666666667,10,120.1,2021-07-01,3.310622215271,43,43,1,0
Shaughnessy,2021,8,day,8371,4.5159,1853.672579109369,1.4091666666666667,4,120.1,2021-08-01,3.07806062698364,43,43,1,0
Shaughnessy,2021,8,night,8371,4.5159,1853.672579109369,1.4091666666666667,16,120.1,2021-08-01,3.07806062698364,43,43,1,0
Shaughnessy,2021,9,day,8371,4.5159,1853.672579109369,1.4091666666666667,7,120.1,2021-09-01,3.29311680793762,43,43,1,0
Shaughnessy,2021,9,night,8371,4.5159,1853.672579109369,1.4091666666666667,15,120.1,2021-09-01,3.29311680793762,43,43,1,0
Shaughnessy,2021,10,day,8371,4.5159,1853.672579109369,1.4091666666666667,5,120.1,2021-10-01,3.38012671470642,43,43,1,0
Shaughnessy,2021,10,night,8371,4.5159,1853.672579109369,1.4091666666666667,16,120.1,2021-10-01,3.38012671470642,43,43,1,0
Shaughnessy,2021,11,day,8371,4.5159,1853.672579109369,1.4091666666666667,5,120.1,2021-11-01,3.42579245567322,43,43,1,0
Shaughnessy,2021,11,night,8371,4.5159,1853.672579109369,1.4091666666666667,9,120.1,2021-11-01,3.42579245567322,43,43,1,0
Shaughnessy,2021,12,day,8371,4.5159,1853.672579109369,1.4091666666666667,2,120.1,2021-12-01,4.00764513015747,43,43,1,0
Shaughnessy,2021,12,night,8371,4.5159,1853.672579109369,1.4091666666666667,17,120.1,2021-12-01,4.00764513015747,43,43,1,0
Shaughnessy,2022,1,day,8371,4.5159,1853.672579109369,1.4091666666666667,5,120.1,2022-01-01,2.8539152145385702,43,43,1,0
Shaughnessy,2022,1,night,8371,4.5159,1853.672579109369,1.4091666666666667,14,120.1,2022-01-01,2.8539152145385702,43,43,1,0
Shaughnessy,2022,2,day,8371,4.5159,1853.672579109369,1.4091666666666667,9,120,2022-02-01,4.34290790557861,43,43,1,0
Shaughnessy,2022,2,night,8371,4.5159,1853.672579109369,1.4091666666666667,17,120,2022-02-01,4.34290790557861,43,43,1,0
Shaughnessy,2022,3,day,8371,4.5159,1853.672579109369,1.4091666666666667,6,120.1,2022-03-01,3.91948652267456,43,43,1,0
Shaughnessy,2022,3,night,8371,4.5159,1853.672579109369,1.4091666666666667,17,120.1,2022-03-01,3.91948652267456,43,43,1,0
Shaughnessy,2022,4,day,8371,4.5159,1853.672579109369,1.4091666666666667,10,120.9,2022-04-01,3.91529870033264,43,43,1,0
Shaughnessy,2022,4,night,8371,4.5159,1853.672579109369,1.4091666666666667,21,120.9,2022-04-01,3.91529870033264,43,43,1,0
Shaughnessy,2022,5,day,8371,4.5159,1853.672579109369,1.4091666666666667,10,120.9,2022-05-01,4.10137414932251,43,43,1,0
Shaughnessy,2022,5,night,8371,4.5159,1853.672579109369,1.4091666666666667,4,120.9,2022-05-01,4.10137414932251,43,43,1,0
Shaughnessy,2022,6,day,8371,4.5159,1853.672579109369,1.4091666666666667,7,120.9,2022-06-01,NA,NA,NA,NA,0
Shaughnessy,2022,6,night,8371,4.5159,1853.672579109369,1.4091666666666667,10,120.9,2022-06-01,NA,NA,NA,NA,0
Shaughnessy,2022,7,day,8371,4.5159,1853.672579109369,1.4091666666666667,5,120.9,2022-07-01,3.92507982254028,43,43,1,0
Shaughnessy,2022,7,night,8371,4.5159,1853.672579109369,1.4091666666666667,15,120.9,2022-07-01,3.92507982254028,43,43,1,0
Shaughnessy,2022,8,day,8371,4.5159,1853.672579109369,1.4091666666666667,4,120.9,2022-08-01,3.38258528709412,43,43,1,0
Shaughnessy,2022,8,night,8371,4.5159,1853.672579109369,1.4091666666666667,9,120.9,2022-08-01,3.38258528709412,43,43,1,0
Shaughnessy,2022,9,day,8371,4.5159,1853.672579109369,1.4091666666666667,4,120.9,2022-09-01,3.36835789680481,43,43,1,0
Shaughnessy,2022,9,night,8371,4.5159,1853.672579109369,1.4091666666666667,10,120.9,2022-09-01,3.36835789680481,43,43,1,0
Shaughnessy,2022,10,day,8371,4.5159,1853.672579109369,1.4091666666666667,6,120.9,2022-10-01,3.3812427520752,43,43,1,0
Shaughnessy,2022,10,night,8371,4.5159,1853.672579109369,1.4091666666666667,9,120.9,2022-10-01,3.3812427520752,43,43,1,0
Shaughnessy,2022,11,day,8371,4.5159,1853.672579109369,1.4091666666666667,4,120.9,2022-11-01,3.32446646690369,43,43,1,0
Shaughnessy,2022,11,night,8371,4.5159,1853.672579109369,1.4091666666666667,7,120.9,2022-11-01,3.32446646690369,43,43,1,0
Shaughnessy,2022,12,day,8371,4.5159,1853.672579109369,1.4091666666666667,4,120.9,2022-12-01,4.95242118835449,43,43,1,0
Shaughnessy,2022,12,night,8371,4.5159,1853.672579109369,1.4091666666666667,9,120.9,2022-12-01,4.95242118835449,43,43,1,0
Shaughnessy,2023,1,day,8371,4.5159,1853.672579109369,1.4091666666666667,3,120.9,2023-01-01,3.53069615364075,43,43,1,0
Shaughnessy,2023,1,night,8371,4.5159,1853.672579109369,1.4091666666666667,9,120.9,2023-01-01,3.53069615364075,43,43,1,0
Shaughnessy,2023,2,day,8371,4.5159,1853.672579109369,1.4091666666666667,9,120.7,2023-02-01,3.38445472717285,43,43,1,0
Shaughnessy,2023,2,night,8371,4.5159,1853.672579109369,1.4091666666666667,10,120.7,2023-02-01,3.38445472717285,43,43,1,0
Shaughnessy,2023,3,day,8371,4.5159,1853.672579109369,1.4091666666666667,8,120.9,2023-03-01,3.70222663879395,43,43,1,0
Shaughnessy,2023,3,night,8371,4.5159,1853.672579109369,1.4091666666666667,4,120.9,2023-03-01,3.70222663879395,43,43,1,0
Shaughnessy,2023,4,day,8371,4.5159,1853.672579109369,1.4091666666666667,2,122,2023-04-01,3.85637712478638,43,43,1,0
Shaughnessy,2023,4,night,8371,4.5159,1853.672579109369,1.4091666666666667,8,122,2023-04-01,3.85637712478638,43,43,1,0
Shaughnessy,2023,5,day,8371,4.5159,1853.672579109369,1.4091666666666667,5,122.1,2023-05-01,3.93849086761475,43,43,1,0
Shaughnessy,2023,5,night,8371,4.5159,1853.672579109369,1.4091666666666667,12,122.1,2023-05-01,3.93849086761475,43,43,1,0
Shaughnessy,2023,6,day,8371,4.5159,1853.672579109369,1.4091666666666667,4,122,2023-06-01,NA,NA,NA,NA,0
Shaughnessy,2023,6,night,8371,4.5159,1853.672579109369,1.4091666666666667,6,122,2023-06-01,NA,NA,NA,NA,0
Shaughnessy,2023,7,day,8371,4.5159,1853.672579109369,1.4091666666666667,8,122.1,2023-07-01,3.39326786994934,43,43,1,0
Shaughnessy,2023,7,night,8371,4.5159,1853.672579109369,1.4091666666666667,7,122.1,2023-07-01,3.39326786994934,43,43,1,0
Shaughnessy,2023,8,day,8371,4.5159,1853.672579109369,1.4091666666666667,2,122.1,2023-08-01,3.68092918395996,43,43,1,0
Shaughnessy,2023,8,night,8371,4.5159,1853.672579109369,1.4091666666666667,8,122.1,2023-08-01,3.68092918395996,43,43,1,0
Shaughnessy,2023,9,day,8371,4.5159,1853.672579109369,1.4091666666666667,4,122.5,2023-09-01,3.64103746414185,43,43,1,0
Shaughnessy,2023,9,night,8371,4.5159,1853.672579109369,1.4091666666666667,10,122.5,2023-09-01,3.64103746414185,43,43,1,0
Shaughnessy,2023,10,day,8371,4.5159,1853.672579109369,1.4091666666666667,7,122.5,2023-10-01,3.20421290397644,43,43,1,0
Shaughnessy,2023,10,night,8371,4.5159,1853.672579109369,1.4091666666666667,8,122.5,2023-10-01,3.20421290397644,43,43,1,0
Shaughnessy,2023,11,day,8371,4.5159,1853.672579109369,1.4091666666666667,5,122.5,2023-11-01,3.21343278884888,43,43,1,0
Shaughnessy,2023,11,night,8371,4.5159,1853.672579109369,1.4091666666666667,4,122.5,2023-11-01,3.21343278884888,43,43,1,0
Shaughnessy,2023,12,day,8371,4.5159,1853.672579109369,1.4091666666666667,3,122.5,2023-12-01,4.11371803283691,43,43,1,0
Shaughnessy,2023,12,night,8371,4.5159,1853.672579109369,1.4091666666666667,13,122.5,2023-12-01,4.11371803283691,43,43,1,0
South Cambie,2014,1,day,7973,2.19248,3636.5211997372835,0.9304615384615385,8,94.8,2014-01-01,4.11663627624512,24,24,1,0
South Cambie,2014,1,night,7973,2.19248,3636.5211997372835,0.9304615384615385,36,94.8,2014-01-01,4.11663627624512,24,24,1,0
South Cambie,2014,2,day,7973,2.19248,3636.5211997372835,0.9304615384615385,13,94.8,2014-02-01,4.5260272026062,24,24,1,0
South Cambie,2014,2,night,7973,2.19248,3636.5211997372835,0.9304615384615385,21,94.8,2014-02-01,4.5260272026062,24,24,1,0
South Cambie,2014,3,day,7973,2.19248,3636.5211997372835,0.9304615384615385,12,94.8,2014-03-01,4.7509331703186,24,24,1,0
South Cambie,2014,3,night,7973,2.19248,3636.5211997372835,0.9304615384615385,24,94.8,2014-03-01,4.7509331703186,24,24,1,0
South Cambie,2014,4,day,7973,2.19248,3636.5211997372835,0.9304615384615385,12,101.7,2014-04-01,4.76316070556641,24,24,1,0
South Cambie,2014,4,night,7973,2.19248,3636.5211997372835,0.9304615384615385,18,101.7,2014-04-01,4.76316070556641,24,24,1,0
South Cambie,2014,5,day,7973,2.19248,3636.5211997372835,0.9304615384615385,12,101.7,2014-05-01,5.51204299926758,24,24,1,0
South Cambie,2014,5,night,7973,2.19248,3636.5211997372835,0.9304615384615385,26,101.7,2014-05-01,5.51204299926758,24,24,1,0
South Cambie,2014,6,day,7973,2.19248,3636.5211997372835,0.9304615384615385,12,101.7,2014-06-01,NA,NA,NA,NA,0
South Cambie,2014,6,night,7973,2.19248,3636.5211997372835,0.9304615384615385,22,101.7,2014-06-01,NA,NA,NA,NA,0
South Cambie,2014,7,day,7973,2.19248,3636.5211997372835,0.9304615384615385,17,101.7,2014-07-01,5.21875286102295,24,24,1,0
South Cambie,2014,7,night,7973,2.19248,3636.5211997372835,0.9304615384615385,28,101.7,2014-07-01,5.21875286102295,24,24,1,0
South Cambie,2014,8,day,7973,2.19248,3636.5211997372835,0.9304615384615385,13,101.7,2014-08-01,4.74752902984619,24,24,1,0
South Cambie,2014,8,night,7973,2.19248,3636.5211997372835,0.9304615384615385,28,101.7,2014-08-01,4.74752902984619,24,24,1,0
South Cambie,2014,9,day,7973,2.19248,3636.5211997372835,0.9304615384615385,15,101.7,2014-09-01,4.58300161361694,24,24,1,0
South Cambie,2014,9,night,7973,2.19248,3636.5211997372835,0.9304615384615385,31,101.7,2014-09-01,4.58300161361694,24,24,1,0
South Cambie,2014,10,day,7973,2.19248,3636.5211997372835,0.9304615384615385,14,101.7,2014-10-01,4.34315919876099,24,24,1,0
South Cambie,2014,10,night,7973,2.19248,3636.5211997372835,0.9304615384615385,28,101.7,2014-10-01,4.34315919876099,24,24,1,0
South Cambie,2014,11,day,7973,2.19248,3636.5211997372835,0.9304615384615385,17,101.7,2014-11-01,4.72432231903076,24,24,1,0
South Cambie,2014,11,night,7973,2.19248,3636.5211997372835,0.9304615384615385,16,101.7,2014-11-01,4.72432231903076,24,24,1,0
South Cambie,2014,12,day,7973,2.19248,3636.5211997372835,0.9304615384615385,7,101.7,2014-12-01,5.39936447143555,24,24,1,0
South Cambie,2014,12,night,7973,2.19248,3636.5211997372835,0.9304615384615385,19,101.7,2014-12-01,5.39936447143555,24,24,1,0
South Cambie,2015,1,day,7973,2.19248,3636.5211997372835,0.9304615384615385,11,101.7,2015-01-01,4.8017692565918,24,24,1,0
South Cambie,2015,1,night,7973,2.19248,3636.5211997372835,0.9304615384615385,20,101.7,2015-01-01,4.8017692565918,24,24,1,0
South Cambie,2015,2,day,7973,2.19248,3636.5211997372835,0.9304615384615385,10,101.7,2015-02-01,4.86136436462402,24,24,1,0
South Cambie,2015,2,night,7973,2.19248,3636.5211997372835,0.9304615384615385,20,101.7,2015-02-01,4.86136436462402,24,24,1,0
South Cambie,2015,3,day,7973,2.19248,3636.5211997372835,0.9304615384615385,6,101.7,2015-03-01,4.93609666824341,24,24,1,0
South Cambie,2015,3,night,7973,2.19248,3636.5211997372835,0.9304615384615385,18,101.7,2015-03-01,4.93609666824341,24,24,1,0
South Cambie,2015,4,day,7973,2.19248,3636.5211997372835,0.9304615384615385,12,107.7,2015-04-01,4.62872982025146,24,24,1,0
South Cambie,2015,4,night,7973,2.19248,3636.5211997372835,0.9304615384615385,18,107.7,2015-04-01,4.62872982025146,24,24,1,0
South Cambie,2015,5,day,7973,2.19248,3636.5211997372835,0.9304615384615385,19,107.7,2015-05-01,4.8281455039978,24,24,1,0
South Cambie,2015,5,night,7973,2.19248,3636.5211997372835,0.9304615384615385,16,107.7,2015-05-01,4.8281455039978,24,24,1,0
South Cambie,2015,6,day,7973,2.19248,3636.5211997372835,0.9304615384615385,11,107.7,2015-06-01,NA,NA,NA,NA,0
South Cambie,2015,6,night,7973,2.19248,3636.5211997372835,0.9304615384615385,20,107.7,2015-06-01,NA,NA,NA,NA,0
South Cambie,2015,7,day,7973,2.19248,3636.5211997372835,0.9304615384615385,21,107.7,2015-07-01,5.46455335617065,24,24,1,0
South Cambie,2015,7,night,7973,2.19248,3636.5211997372835,0.9304615384615385,22,107.7,2015-07-01,5.46455335617065,24,24,1,0
South Cambie,2015,8,day,7973,2.19248,3636.5211997372835,0.9304615384615385,19,107.7,2015-08-01,4.29261207580566,24,24,1,0
South Cambie,2015,8,night,7973,2.19248,3636.5211997372835,0.9304615384615385,19,107.7,2015-08-01,4.29261207580566,24,24,1,0
South Cambie,2015,9,day,7973,2.19248,3636.5211997372835,0.9304615384615385,16,107.7,2015-09-01,4.19779539108276,24,24,1,0
South Cambie,2015,9,night,7973,2.19248,3636.5211997372835,0.9304615384615385,16,107.7,2015-09-01,4.19779539108276,24,24,1,0
South Cambie,2015,10,day,7973,2.19248,3636.5211997372835,0.9304615384615385,18,107.7,2015-10-01,4.35978841781616,24,24,1,0
South Cambie,2015,10,night,7973,2.19248,3636.5211997372835,0.9304615384615385,21,107.7,2015-10-01,4.35978841781616,24,24,1,0
South Cambie,2015,11,day,7973,2.19248,3636.5211997372835,0.9304615384615385,8,107.7,2015-11-01,4.49944734573364,24,24,1,0
South Cambie,2015,11,night,7973,2.19248,3636.5211997372835,0.9304615384615385,29,107.7,2015-11-01,4.49944734573364,24,24,1,0
South Cambie,2015,12,day,7973,2.19248,3636.5211997372835,0.9304615384615385,13,107.7,2015-12-01,2.53801083564758,24,24,1,0
South Cambie,2015,12,night,7973,2.19248,3636.5211997372835,0.9304615384615385,33,107.7,2015-12-01,2.53801083564758,24,24,1,0
South Cambie,2016,1,day,7973,2.19248,3636.5211997372835,0.9304615384615385,12,107.7,2016-01-01,4.44373846054077,24,24,1,0
South Cambie,2016,1,night,7973,2.19248,3636.5211997372835,0.9304615384615385,25,107.7,2016-01-01,4.44373846054077,24,24,1,0
South Cambie,2016,2,day,7973,2.19248,3636.5211997372835,0.9304615384615385,4,107.6,2016-02-01,4.00139951705933,24,24,1,0
South Cambie,2016,2,night,7973,2.19248,3636.5211997372835,0.9304615384615385,29,107.6,2016-02-01,4.00139951705933,24,24,1,0
South Cambie,2016,3,day,7973,2.19248,3636.5211997372835,0.9304615384615385,10,107.7,2016-03-01,5.22022867202759,24,24,1,0
South Cambie,2016,3,night,7973,2.19248,3636.5211997372835,0.9304615384615385,21,107.7,2016-03-01,5.22022867202759,24,24,1,0
South Cambie,2016,4,day,7973,2.19248,3636.5211997372835,0.9304615384615385,16,112.2,2016-04-01,5.12768650054932,24,24,1,0
South Cambie,2016,4,night,7973,2.19248,3636.5211997372835,0.9304615384615385,9,112.2,2016-04-01,5.12768650054932,24,24,1,0
South Cambie,2016,5,day,7973,2.19248,3636.5211997372835,0.9304615384615385,15,112.3,2016-05-01,4.36236763000488,24,24,1,0
South Cambie,2016,5,night,7973,2.19248,3636.5211997372835,0.9304615384615385,16,112.3,2016-05-01,4.36236763000488,24,24,1,0
South Cambie,2016,6,day,7973,2.19248,3636.5211997372835,0.9304615384615385,21,112.2,2016-06-01,NA,NA,NA,NA,0
South Cambie,2016,6,night,7973,2.19248,3636.5211997372835,0.9304615384615385,14,112.2,2016-06-01,NA,NA,NA,NA,0
South Cambie,2016,7,day,7973,2.19248,3636.5211997372835,0.9304615384615385,20,112.3,2016-07-01,4.40520095825195,24,24,1,0
South Cambie,2016,7,night,7973,2.19248,3636.5211997372835,0.9304615384615385,17,112.3,2016-07-01,4.40520095825195,24,24,1,0
South Cambie,2016,8,day,7973,2.19248,3636.5211997372835,0.9304615384615385,19,112.3,2016-08-01,4.55262184143066,24,24,1,0
South Cambie,2016,8,night,7973,2.19248,3636.5211997372835,0.9304615384615385,21,112.3,2016-08-01,4.55262184143066,24,24,1,0
South Cambie,2016,9,day,7973,2.19248,3636.5211997372835,0.9304615384615385,15,112.2,2016-09-01,3.92144989967346,24,24,1,0
South Cambie,2016,9,night,7973,2.19248,3636.5211997372835,0.9304615384615385,22,112.2,2016-09-01,3.92144989967346,24,24,1,0
South Cambie,2016,10,day,7973,2.19248,3636.5211997372835,0.9304615384615385,10,112.3,2016-10-01,7.9333667755127,24,24,1,0
South Cambie,2016,10,night,7973,2.19248,3636.5211997372835,0.9304615384615385,21,112.3,2016-10-01,7.9333667755127,24,24,1,0
South Cambie,2016,11,day,7973,2.19248,3636.5211997372835,0.9304615384615385,10,112.2,2016-11-01,3.87492966651917,24,24,1,0
South Cambie,2016,11,night,7973,2.19248,3636.5211997372835,0.9304615384615385,14,112.2,2016-11-01,3.87492966651917,24,24,1,0
South Cambie,2016,12,day,7973,2.19248,3636.5211997372835,0.9304615384615385,3,112.3,2016-12-01,5.08883666992188,24,24,1,0
South Cambie,2016,12,night,7973,2.19248,3636.5211997372835,0.9304615384615385,10,112.3,2016-12-01,5.08883666992188,24,24,1,0
South Cambie,2017,1,day,7973,2.19248,3636.5211997372835,0.9304615384615385,6,112.3,2017-01-01,4.80474948883057,24,24,1,0
South Cambie,2017,1,night,7973,2.19248,3636.5211997372835,0.9304615384615385,8,112.3,2017-01-01,4.80474948883057,24,24,1,0
South Cambie,2017,2,day,7973,2.19248,3636.5211997372835,0.9304615384615385,8,112.1,2017-02-01,4.22222852706909,24,24,1,0
South Cambie,2017,2,night,7973,2.19248,3636.5211997372835,0.9304615384615385,16,112.1,2017-02-01,4.22222852706909,24,24,1,0
South Cambie,2017,3,day,7973,2.19248,3636.5211997372835,0.9304615384615385,13,112.3,2017-03-01,5.04697608947754,24,24,1,0
South Cambie,2017,3,night,7973,2.19248,3636.5211997372835,0.9304615384615385,16,112.3,2017-03-01,5.04697608947754,24,24,1,0
South Cambie,2017,4,day,7973,2.19248,3636.5211997372835,0.9304615384615385,11,115.2,2017-04-01,4.51016044616699,24,24,1,0
South Cambie,2017,4,night,7973,2.19248,3636.5211997372835,0.9304615384615385,14,115.2,2017-04-01,4.51016044616699,24,24,1,0
South Cambie,2017,5,day,7973,2.19248,3636.5211997372835,0.9304615384615385,18,115.3,2017-05-01,4.36092662811279,24,24,1,0
South Cambie,2017,5,night,7973,2.19248,3636.5211997372835,0.9304615384615385,15,115.3,2017-05-01,4.36092662811279,24,24,1,0
South Cambie,2017,6,day,7973,2.19248,3636.5211997372835,0.9304615384615385,18,115.2,2017-06-01,NA,NA,NA,NA,0
South Cambie,2017,6,night,7973,2.19248,3636.5211997372835,0.9304615384615385,19,115.2,2017-06-01,NA,NA,NA,NA,0
South Cambie,2017,7,day,7973,2.19248,3636.5211997372835,0.9304615384615385,13,115.3,2017-07-01,5.21174144744873,24,24,1,0
South Cambie,2017,7,night,7973,2.19248,3636.5211997372835,0.9304615384615385,24,115.3,2017-07-01,5.21174144744873,24,24,1,0
South Cambie,2017,8,day,7973,2.19248,3636.5211997372835,0.9304615384615385,7,115.3,2017-08-01,4.65417718887329,24,24,1,0
South Cambie,2017,8,night,7973,2.19248,3636.5211997372835,0.9304615384615385,14,115.3,2017-08-01,4.65417718887329,24,24,1,0
South Cambie,2017,9,day,7973,2.19248,3636.5211997372835,0.9304615384615385,11,115.2,2017-09-01,4.11327981948853,24,24,1,0
South Cambie,2017,9,night,7973,2.19248,3636.5211997372835,0.9304615384615385,20,115.2,2017-09-01,4.11327981948853,24,24,1,0
South Cambie,2017,10,day,7973,2.19248,3636.5211997372835,0.9304615384615385,14,115.3,2017-10-01,4.47019004821777,24,24,1,0
South Cambie,2017,10,night,7973,2.19248,3636.5211997372835,0.9304615384615385,20,115.3,2017-10-01,4.47019004821777,24,24,1,0
South Cambie,2017,11,day,7973,2.19248,3636.5211997372835,0.9304615384615385,7,115.2,2017-11-01,3.50296902656555,24,24,1,0
South Cambie,2017,11,night,7973,2.19248,3636.5211997372835,0.9304615384615385,12,115.2,2017-11-01,3.50296902656555,24,24,1,0
South Cambie,2017,12,day,7973,2.19248,3636.5211997372835,0.9304615384615385,6,115.3,2017-12-01,4.54029560089111,24,24,1,0
South Cambie,2017,12,night,7973,2.19248,3636.5211997372835,0.9304615384615385,20,115.3,2017-12-01,4.54029560089111,24,24,1,0
South Cambie,2018,1,day,7973,2.19248,3636.5211997372835,0.9304615384615385,2,115.3,2018-01-01,4.8265814781189,24,24,1,0
South Cambie,2018,1,night,7973,2.19248,3636.5211997372835,0.9304615384615385,18,115.3,2018-01-01,4.8265814781189,24,24,1,0
South Cambie,2018,2,day,7973,2.19248,3636.5211997372835,0.9304615384615385,11,115.1,2018-02-01,5.7467303276062,24,24,1,0
South Cambie,2018,2,night,7973,2.19248,3636.5211997372835,0.9304615384615385,19,115.1,2018-02-01,5.7467303276062,24,24,1,0
South Cambie,2018,3,day,7973,2.19248,3636.5211997372835,0.9304615384615385,7,115.3,2018-03-01,5.58312845230103,24,24,1,0
South Cambie,2018,3,night,7973,2.19248,3636.5211997372835,0.9304615384615385,15,115.3,2018-03-01,5.58312845230103,24,24,1,0
South Cambie,2018,4,day,7973,2.19248,3636.5211997372835,0.9304615384615385,18,118.7,2018-04-01,5.39987421035767,24,24,1,0
South Cambie,2018,4,night,7973,2.19248,3636.5211997372835,0.9304615384615385,9,118.7,2018-04-01,5.39987421035767,24,24,1,0
South Cambie,2018,5,day,7973,2.19248,3636.5211997372835,0.9304615384615385,12,118.8,2018-05-01,4.76093816757202,24,24,1,0
South Cambie,2018,5,night,7973,2.19248,3636.5211997372835,0.9304615384615385,16,118.8,2018-05-01,4.76093816757202,24,24,1,0
South Cambie,2018,6,day,7973,2.19248,3636.5211997372835,0.9304615384615385,14,118.7,2018-06-01,NA,NA,NA,NA,0
South Cambie,2018,6,night,7973,2.19248,3636.5211997372835,0.9304615384615385,12,118.7,2018-06-01,NA,NA,NA,NA,0
South Cambie,2018,7,day,7973,2.19248,3636.5211997372835,0.9304615384615385,9,118.8,2018-07-01,5.54497623443604,24,24,1,0
South Cambie,2018,7,night,7973,2.19248,3636.5211997372835,0.9304615384615385,17,118.8,2018-07-01,5.54497623443604,24,24,1,0
South Cambie,2018,8,day,7973,2.19248,3636.5211997372835,0.9304615384615385,5,118.8,2018-08-01,4.04056262969971,24,24,1,0
South Cambie,2018,8,night,7973,2.19248,3636.5211997372835,0.9304615384615385,14,118.8,2018-08-01,4.04056262969971,24,24,1,0
South Cambie,2018,9,day,7973,2.19248,3636.5211997372835,0.9304615384615385,17,118.7,2018-09-01,4.62604427337646,24,24,1,0
South Cambie,2018,9,night,7973,2.19248,3636.5211997372835,0.9304615384615385,14,118.7,2018-09-01,4.62604427337646,24,24,1,0
South Cambie,2018,10,day,7973,2.19248,3636.5211997372835,0.9304615384615385,9,118.8,2018-10-01,4.9197998046875,24,24,1,0
South Cambie,2018,10,night,7973,2.19248,3636.5211997372835,0.9304615384615385,15,118.8,2018-10-01,4.9197998046875,24,24,1,0
South Cambie,2018,11,day,7973,2.19248,3636.5211997372835,0.9304615384615385,6,118.7,2018-11-01,4.3611888885498,24,24,1,0
South Cambie,2018,11,night,7973,2.19248,3636.5211997372835,0.9304615384615385,21,118.7,2018-11-01,4.3611888885498,24,24,1,0
South Cambie,2018,12,day,7973,2.19248,3636.5211997372835,0.9304615384615385,8,118.8,2018-12-01,4.45708513259888,24,24,1,0
South Cambie,2018,12,night,7973,2.19248,3636.5211997372835,0.9304615384615385,13,118.8,2018-12-01,4.45708513259888,24,24,1,0
South Cambie,2019,1,day,9846,2.1925,4490.763968072976,1.0323076923076924,11,118.8,2019-01-01,4.99596929550171,24,24,1,0
South Cambie,2019,1,night,9846,2.1925,4490.763968072976,1.0323076923076924,19,118.8,2019-01-01,4.99596929550171,24,24,1,0
South Cambie,2019,2,day,9846,2.1925,4490.763968072976,1.0323076923076924,12,118.6,2019-02-01,6.21974515914917,24,24,1,0
South Cambie,2019,2,night,9846,2.1925,4490.763968072976,1.0323076923076924,19,118.6,2019-02-01,6.21974515914917,24,24,1,0
South Cambie,2019,3,day,9846,2.1925,4490.763968072976,1.0323076923076924,14,118.8,2019-03-01,5.27872323989868,24,24,1,0
South Cambie,2019,3,night,9846,2.1925,4490.763968072976,1.0323076923076924,20,118.8,2019-03-01,5.27872323989868,24,24,1,0
South Cambie,2019,4,day,9846,2.1925,4490.763968072976,1.0323076923076924,10,120.9,2019-04-01,5.59355020523071,24,24,1,0
South Cambie,2019,4,night,9846,2.1925,4490.763968072976,1.0323076923076924,13,120.9,2019-04-01,5.59355020523071,24,24,1,0
South Cambie,2019,5,day,9846,2.1925,4490.763968072976,1.0323076923076924,15,120.9,2019-05-01,5.39700317382812,24,24,1,0
South Cambie,2019,5,night,9846,2.1925,4490.763968072976,1.0323076923076924,13,120.9,2019-05-01,5.39700317382812,24,24,1,0
South Cambie,2019,6,day,9846,2.1925,4490.763968072976,1.0323076923076924,8,120.9,2019-06-01,NA,NA,NA,NA,0
South Cambie,2019,6,night,9846,2.1925,4490.763968072976,1.0323076923076924,21,120.9,2019-06-01,NA,NA,NA,NA,0
South Cambie,2019,7,day,9846,2.1925,4490.763968072976,1.0323076923076924,17,120.9,2019-07-01,5.28134536743164,24,24,1,0
South Cambie,2019,7,night,9846,2.1925,4490.763968072976,1.0323076923076924,20,120.9,2019-07-01,5.28134536743164,24,24,1,0
South Cambie,2019,8,day,9846,2.1925,4490.763968072976,1.0323076923076924,13,120.9,2019-08-01,5.48470306396484,24,24,1,0
South Cambie,2019,8,night,9846,2.1925,4490.763968072976,1.0323076923076924,34,120.9,2019-08-01,5.48470306396484,24,24,1,0
South Cambie,2019,9,day,9846,2.1925,4490.763968072976,1.0323076923076924,16,120.9,2019-09-01,5.1943154335022,24,24,1,0
South Cambie,2019,9,night,9846,2.1925,4490.763968072976,1.0323076923076924,19,120.9,2019-09-01,5.1943154335022,24,24,1,0
South Cambie,2019,10,day,9846,2.1925,4490.763968072976,1.0323076923076924,26,120.9,2019-10-01,5.00881814956665,24,24,1,0
South Cambie,2019,10,night,9846,2.1925,4490.763968072976,1.0323076923076924,33,120.9,2019-10-01,5.00881814956665,24,24,1,0
South Cambie,2019,11,day,9846,2.1925,4490.763968072976,1.0323076923076924,12,120.9,2019-11-01,5.36460590362549,24,24,1,0
South Cambie,2019,11,night,9846,2.1925,4490.763968072976,1.0323076923076924,23,120.9,2019-11-01,5.36460590362549,24,24,1,0
South Cambie,2019,12,day,9846,2.1925,4490.763968072976,1.0323076923076924,10,120.9,2019-12-01,4.10970830917358,24,24,1,0
South Cambie,2019,12,night,9846,2.1925,4490.763968072976,1.0323076923076924,23,120.9,2019-12-01,4.10970830917358,24,24,1,0
South Cambie,2020,1,day,9846,2.1925,4490.763968072976,1.0323076923076924,7,120.9,2020-01-01,5.30065584182739,24,24,1,0
South Cambie,2020,1,night,9846,2.1925,4490.763968072976,1.0323076923076924,16,120.9,2020-01-01,5.30065584182739,24,24,1,0
South Cambie,2020,2,day,9846,2.1925,4490.763968072976,1.0323076923076924,13,120.8,2020-02-01,4.98201513290405,24,24,1,0
South Cambie,2020,2,night,9846,2.1925,4490.763968072976,1.0323076923076924,12,120.8,2020-02-01,4.98201513290405,24,24,1,0
South Cambie,2020,3,day,9846,2.1925,4490.763968072976,1.0323076923076924,19,120.9,2020-03-01,5.39455604553223,24,24,1,0
South Cambie,2020,3,night,9846,2.1925,4490.763968072976,1.0323076923076924,36,120.9,2020-03-01,5.39455604553223,24,24,1,0
South Cambie,2020,4,day,9846,2.1925,4490.763968072976,1.0323076923076924,12,119.6,2020-04-01,5.52596235275269,24,24,1,0
South Cambie,2020,4,night,9846,2.1925,4490.763968072976,1.0323076923076924,21,119.6,2020-04-01,5.52596235275269,24,24,1,0
South Cambie,2020,5,day,9846,2.1925,4490.763968072976,1.0323076923076924,9,119.7,2020-05-01,5.47266292572021,24,24,1,0
South Cambie,2020,5,night,9846,2.1925,4490.763968072976,1.0323076923076924,20,119.7,2020-05-01,5.47266292572021,24,24,1,0
South Cambie,2020,6,day,9846,2.1925,4490.763968072976,1.0323076923076924,13,119.6,2020-06-01,NA,NA,NA,NA,0
South Cambie,2020,6,night,9846,2.1925,4490.763968072976,1.0323076923076924,8,119.6,2020-06-01,NA,NA,NA,NA,0
South Cambie,2020,7,day,9846,2.1925,4490.763968072976,1.0323076923076924,13,119.7,2020-07-01,5.07911062240601,24,24,1,0
South Cambie,2020,7,night,9846,2.1925,4490.763968072976,1.0323076923076924,15,119.7,2020-07-01,5.07911062240601,24,24,1,0
South Cambie,2020,8,day,9846,2.1925,4490.763968072976,1.0323076923076924,16,119.7,2020-08-01,5.12454986572266,24,24,1,0
South Cambie,2020,8,night,9846,2.1925,4490.763968072976,1.0323076923076924,22,119.7,2020-08-01,5.12454986572266,24,24,1,0
South Cambie,2020,9,day,9846,2.1925,4490.763968072976,1.0323076923076924,9,119.6,2020-09-01,5.0055890083313,24,24,1,0
South Cambie,2020,9,night,9846,2.1925,4490.763968072976,1.0323076923076924,18,119.6,2020-09-01,5.0055890083313,24,24,1,0
South Cambie,2020,10,day,9846,2.1925,4490.763968072976,1.0323076923076924,12,119.7,2020-10-01,4.66514110565186,24,24,1,0
South Cambie,2020,10,night,9846,2.1925,4490.763968072976,1.0323076923076924,19,119.7,2020-10-01,4.66514110565186,24,24,1,0
South Cambie,2020,11,day,9846,2.1925,4490.763968072976,1.0323076923076924,10,119.6,2020-11-01,4.59730672836304,24,24,1,0
South Cambie,2020,11,night,9846,2.1925,4490.763968072976,1.0323076923076924,33,119.6,2020-11-01,4.59730672836304,24,24,1,0
South Cambie,2020,12,day,9846,2.1925,4490.763968072976,1.0323076923076924,10,119.7,2020-12-01,3.29809498786926,24,24,1,0
South Cambie,2020,12,night,9846,2.1925,4490.763968072976,1.0323076923076924,28,119.7,2020-12-01,3.29809498786926,24,24,1,0
South Cambie,2021,1,day,9846,2.1925,4490.763968072976,1.0323076923076924,8,119.7,2021-01-01,3.08482623100281,24,24,1,0
South Cambie,2021,1,night,9846,2.1925,4490.763968072976,1.0323076923076924,9,119.7,2021-01-01,3.08482623100281,24,24,1,0
South Cambie,2021,2,day,9846,2.1925,4490.763968072976,1.0323076923076924,6,119.5,2021-02-01,4.89962434768677,24,24,1,0
South Cambie,2021,2,night,9846,2.1925,4490.763968072976,1.0323076923076924,19,119.5,2021-02-01,4.89962434768677,24,24,1,0
South Cambie,2021,3,day,9846,2.1925,4490.763968072976,1.0323076923076924,12,119.7,2021-03-01,5.57115125656128,24,24,1,0
South Cambie,2021,3,night,9846,2.1925,4490.763968072976,1.0323076923076924,17,119.7,2021-03-01,5.57115125656128,24,24,1,0
South Cambie,2021,4,day,9846,2.1925,4490.763968072976,1.0323076923076924,8,120.1,2021-04-01,5.66896295547485,24,24,1,0
South Cambie,2021,4,night,9846,2.1925,4490.763968072976,1.0323076923076924,18,120.1,2021-04-01,5.66896295547485,24,24,1,0
South Cambie,2021,5,day,9846,2.1925,4490.763968072976,1.0323076923076924,13,120.1,2021-05-01,5.52806806564331,24,24,1,0
South Cambie,2021,5,night,9846,2.1925,4490.763968072976,1.0323076923076924,22,120.1,2021-05-01,5.52806806564331,24,24,1,0
South Cambie,2021,6,day,9846,2.1925,4490.763968072976,1.0323076923076924,10,120.1,2021-06-01,NA,NA,NA,NA,0
South Cambie,2021,6,night,9846,2.1925,4490.763968072976,1.0323076923076924,11,120.1,2021-06-01,NA,NA,NA,NA,0
South Cambie,2021,7,day,9846,2.1925,4490.763968072976,1.0323076923076924,8,120.1,2021-07-01,5.04955530166626,24,24,1,0
South Cambie,2021,7,night,9846,2.1925,4490.763968072976,1.0323076923076924,8,120.1,2021-07-01,5.04955530166626,24,24,1,0
South Cambie,2021,8,day,9846,2.1925,4490.763968072976,1.0323076923076924,21,120.1,2021-08-01,4.47958898544312,24,24,1,0
South Cambie,2021,8,night,9846,2.1925,4490.763968072976,1.0323076923076924,18,120.1,2021-08-01,4.47958898544312,24,24,1,0
South Cambie,2021,9,day,9846,2.1925,4490.763968072976,1.0323076923076924,12,120.1,2021-09-01,4.90773868560791,24,24,1,0
South Cambie,2021,9,night,9846,2.1925,4490.763968072976,1.0323076923076924,14,120.1,2021-09-01,4.90773868560791,24,24,1,0
South Cambie,2021,10,day,9846,2.1925,4490.763968072976,1.0323076923076924,7,120.1,2021-10-01,4.90022659301758,24,24,1,0
South Cambie,2021,10,night,9846,2.1925,4490.763968072976,1.0323076923076924,14,120.1,2021-10-01,4.90022659301758,24,24,1,0
South Cambie,2021,11,day,9846,2.1925,4490.763968072976,1.0323076923076924,12,120.1,2021-11-01,4.94974613189697,24,24,1,0
South Cambie,2021,11,night,9846,2.1925,4490.763968072976,1.0323076923076924,10,120.1,2021-11-01,4.94974613189697,24,24,1,0
South Cambie,2021,12,day,9846,2.1925,4490.763968072976,1.0323076923076924,7,120.1,2021-12-01,4.49080801010132,24,24,1,0
South Cambie,2021,12,night,9846,2.1925,4490.763968072976,1.0323076923076924,11,120.1,2021-12-01,4.49080801010132,24,24,1,0
South Cambie,2022,1,day,9846,2.1925,4490.763968072976,1.0323076923076924,11,120.1,2022-01-01,3.52821898460388,24,24,1,0
South Cambie,2022,1,night,9846,2.1925,4490.763968072976,1.0323076923076924,5,120.1,2022-01-01,3.52821898460388,24,24,1,0
South Cambie,2022,2,day,9846,2.1925,4490.763968072976,1.0323076923076924,11,120,2022-02-01,5.73887395858765,24,24,1,0
South Cambie,2022,2,night,9846,2.1925,4490.763968072976,1.0323076923076924,15,120,2022-02-01,5.73887395858765,24,24,1,0
South Cambie,2022,3,day,9846,2.1925,4490.763968072976,1.0323076923076924,19,120.1,2022-03-01,5.3946270942688,24,24,1,0
South Cambie,2022,3,night,9846,2.1925,4490.763968072976,1.0323076923076924,17,120.1,2022-03-01,5.3946270942688,24,24,1,0
South Cambie,2022,4,day,9846,2.1925,4490.763968072976,1.0323076923076924,16,120.9,2022-04-01,5.63227224349976,24,24,1,0
South Cambie,2022,4,night,9846,2.1925,4490.763968072976,1.0323076923076924,26,120.9,2022-04-01,5.63227224349976,24,24,1,0
South Cambie,2022,5,day,9846,2.1925,4490.763968072976,1.0323076923076924,22,120.9,2022-05-01,5.42489814758301,24,24,1,0
South Cambie,2022,5,night,9846,2.1925,4490.763968072976,1.0323076923076924,13,120.9,2022-05-01,5.42489814758301,24,24,1,0
South Cambie,2022,6,day,9846,2.1925,4490.763968072976,1.0323076923076924,10,120.9,2022-06-01,NA,NA,NA,NA,0
South Cambie,2022,6,night,9846,2.1925,4490.763968072976,1.0323076923076924,17,120.9,2022-06-01,NA,NA,NA,NA,0
South Cambie,2022,7,day,9846,2.1925,4490.763968072976,1.0323076923076924,6,120.9,2022-07-01,5.27623891830444,24,24,1,0
South Cambie,2022,7,night,9846,2.1925,4490.763968072976,1.0323076923076924,17,120.9,2022-07-01,5.27623891830444,24,24,1,0
South Cambie,2022,8,day,9846,2.1925,4490.763968072976,1.0323076923076924,10,120.9,2022-08-01,5.13024473190308,24,24,1,0
South Cambie,2022,8,night,9846,2.1925,4490.763968072976,1.0323076923076924,13,120.9,2022-08-01,5.13024473190308,24,24,1,0
South Cambie,2022,9,day,9846,2.1925,4490.763968072976,1.0323076923076924,15,120.9,2022-09-01,4.82846927642822,24,24,1,0
South Cambie,2022,9,night,9846,2.1925,4490.763968072976,1.0323076923076924,14,120.9,2022-09-01,4.82846927642822,24,24,1,0
South Cambie,2022,10,day,9846,2.1925,4490.763968072976,1.0323076923076924,6,120.9,2022-10-01,4.94746780395508,24,24,1,0
South Cambie,2022,10,night,9846,2.1925,4490.763968072976,1.0323076923076924,12,120.9,2022-10-01,4.94746780395508,24,24,1,0
South Cambie,2022,11,day,9846,2.1925,4490.763968072976,1.0323076923076924,4,120.9,2022-11-01,4.28615474700928,24,24,1,0
South Cambie,2022,11,night,9846,2.1925,4490.763968072976,1.0323076923076924,12,120.9,2022-11-01,4.28615474700928,24,24,1,0
South Cambie,2022,12,day,9846,2.1925,4490.763968072976,1.0323076923076924,1,120.9,2022-12-01,5.00623989105225,24,24,1,0
South Cambie,2022,12,night,9846,2.1925,4490.763968072976,1.0323076923076924,13,120.9,2022-12-01,5.00623989105225,24,24,1,0
South Cambie,2023,1,day,9846,2.1925,4490.763968072976,1.0323076923076924,6,120.9,2023-01-01,4.47627687454224,24,24,1,0
South Cambie,2023,1,night,9846,2.1925,4490.763968072976,1.0323076923076924,14,120.9,2023-01-01,4.47627687454224,24,24,1,0
South Cambie,2023,2,day,9846,2.1925,4490.763968072976,1.0323076923076924,4,120.7,2023-02-01,4.55095291137695,24,24,1,0
South Cambie,2023,2,night,9846,2.1925,4490.763968072976,1.0323076923076924,9,120.7,2023-02-01,4.55095291137695,24,24,1,0
South Cambie,2023,3,day,9846,2.1925,4490.763968072976,1.0323076923076924,8,120.9,2023-03-01,4.6769757270813,24,24,1,0
South Cambie,2023,3,night,9846,2.1925,4490.763968072976,1.0323076923076924,17,120.9,2023-03-01,4.6769757270813,24,24,1,0
South Cambie,2023,4,day,9846,2.1925,4490.763968072976,1.0323076923076924,13,122,2023-04-01,5.20044565200806,24,24,1,0
South Cambie,2023,4,night,9846,2.1925,4490.763968072976,1.0323076923076924,20,122,2023-04-01,5.20044565200806,24,24,1,0
South Cambie,2023,5,day,9846,2.1925,4490.763968072976,1.0323076923076924,11,122.1,2023-05-01,5.54614353179932,24,24,1,0
South Cambie,2023,5,night,9846,2.1925,4490.763968072976,1.0323076923076924,13,122.1,2023-05-01,5.54614353179932,24,24,1,0
South Cambie,2023,6,day,9846,2.1925,4490.763968072976,1.0323076923076924,7,122,2023-06-01,NA,NA,NA,NA,0
South Cambie,2023,6,night,9846,2.1925,4490.763968072976,1.0323076923076924,8,122,2023-06-01,NA,NA,NA,NA,0
South Cambie,2023,7,day,9846,2.1925,4490.763968072976,1.0323076923076924,4,122.1,2023-07-01,4.95907402038574,24,24,1,0
South Cambie,2023,7,night,9846,2.1925,4490.763968072976,1.0323076923076924,11,122.1,2023-07-01,4.95907402038574,24,24,1,0
South Cambie,2023,8,day,9846,2.1925,4490.763968072976,1.0323076923076924,15,122.1,2023-08-01,5.46650171279907,24,24,1,0
South Cambie,2023,8,night,9846,2.1925,4490.763968072976,1.0323076923076924,15,122.1,2023-08-01,5.46650171279907,24,24,1,0
South Cambie,2023,9,day,9846,2.1925,4490.763968072976,1.0323076923076924,6,122.5,2023-09-01,5.03825950622559,24,24,1,0
South Cambie,2023,9,night,9846,2.1925,4490.763968072976,1.0323076923076924,11,122.5,2023-09-01,5.03825950622559,24,24,1,0
South Cambie,2023,10,day,9846,2.1925,4490.763968072976,1.0323076923076924,9,122.5,2023-10-01,5.19298267364502,24,24,1,0
South Cambie,2023,10,night,9846,2.1925,4490.763968072976,1.0323076923076924,10,122.5,2023-10-01,5.19298267364502,24,24,1,0
South Cambie,2023,11,day,9846,2.1925,4490.763968072976,1.0323076923076924,7,122.5,2023-11-01,5.03456783294678,24,24,1,0
South Cambie,2023,11,night,9846,2.1925,4490.763968072976,1.0323076923076924,12,122.5,2023-11-01,5.03456783294678,24,24,1,0
South Cambie,2023,12,day,9846,2.1925,4490.763968072976,1.0323076923076924,9,122.5,2023-12-01,4.84282636642456,24,24,1,0
South Cambie,2023,12,night,9846,2.1925,4490.763968072976,1.0323076923076924,8,122.5,2023-12-01,4.84282636642456,24,24,1,0
Strathcona,2014,1,day,13103,3.89655,3362.718302087744,0.33866,47,94.8,2014-01-01,9.05922508239746,42,42,1,0
Strathcona,2014,1,night,13103,3.89655,3362.718302087744,0.33866,69,94.8,2014-01-01,9.05922508239746,42,42,1,0
Strathcona,2014,2,day,13103,3.89655,3362.718302087744,0.33866,29,94.8,2014-02-01,10.5145406723022,42,42,1,0
Strathcona,2014,2,night,13103,3.89655,3362.718302087744,0.33866,61,94.8,2014-02-01,10.5145406723022,42,42,1,0
Strathcona,2014,3,day,13103,3.89655,3362.718302087744,0.33866,37,94.8,2014-03-01,11.1647891998291,42,42,1,0
Strathcona,2014,3,night,13103,3.89655,3362.718302087744,0.33866,59,94.8,2014-03-01,11.1647891998291,42,42,1,0
Strathcona,2014,4,day,13103,3.89655,3362.718302087744,0.33866,45,101.7,2014-04-01,11.1419591903687,42,42,1,0
Strathcona,2014,4,night,13103,3.89655,3362.718302087744,0.33866,71,101.7,2014-04-01,11.1419591903687,42,42,1,0
Strathcona,2014,5,day,13103,3.89655,3362.718302087744,0.33866,66,101.7,2014-05-01,12.1717042922974,42,42,1,0
Strathcona,2014,5,night,13103,3.89655,3362.718302087744,0.33866,80,101.7,2014-05-01,12.1717042922974,42,42,1,0
Strathcona,2014,6,day,13103,3.89655,3362.718302087744,0.33866,71,101.7,2014-06-01,NA,NA,NA,NA,0
Strathcona,2014,6,night,13103,3.89655,3362.718302087744,0.33866,71,101.7,2014-06-01,NA,NA,NA,NA,0
Strathcona,2014,7,day,13103,3.89655,3362.718302087744,0.33866,74,101.7,2014-07-01,12.4953346252441,42,42,1,0
Strathcona,2014,7,night,13103,3.89655,3362.718302087744,0.33866,82,101.7,2014-07-01,12.4953346252441,42,42,1,0
Strathcona,2014,8,day,13103,3.89655,3362.718302087744,0.33866,58,101.7,2014-08-01,11.0141019821167,42,42,1,0
Strathcona,2014,8,night,13103,3.89655,3362.718302087744,0.33866,95,101.7,2014-08-01,11.0141019821167,42,42,1,0
Strathcona,2014,9,day,13103,3.89655,3362.718302087744,0.33866,65,101.7,2014-09-01,10.0575408935547,42,42,1,0
Strathcona,2014,9,night,13103,3.89655,3362.718302087744,0.33866,101,101.7,2014-09-01,10.0575408935547,42,42,1,0
Strathcona,2014,10,day,13103,3.89655,3362.718302087744,0.33866,44,101.7,2014-10-01,10.2881364822388,42,42,1,0
Strathcona,2014,10,night,13103,3.89655,3362.718302087744,0.33866,82,101.7,2014-10-01,10.2881364822388,42,42,1,0
Strathcona,2014,11,day,13103,3.89655,3362.718302087744,0.33866,47,101.7,2014-11-01,10.3366861343384,42,42,1,0
Strathcona,2014,11,night,13103,3.89655,3362.718302087744,0.33866,100,101.7,2014-11-01,10.3366861343384,42,42,1,0
Strathcona,2014,12,day,13103,3.89655,3362.718302087744,0.33866,29,101.7,2014-12-01,9.98378372192383,42,42,1,0
Strathcona,2014,12,night,13103,3.89655,3362.718302087744,0.33866,78,101.7,2014-12-01,9.98378372192383,42,42,1,0
Strathcona,2015,1,day,13103,3.89655,3362.718302087744,0.33866,51,101.7,2015-01-01,10.1635580062866,42,42,1,0
Strathcona,2015,1,night,13103,3.89655,3362.718302087744,0.33866,82,101.7,2015-01-01,10.1635580062866,42,42,1,0
Strathcona,2015,2,day,13103,3.89655,3362.718302087744,0.33866,33,101.7,2015-02-01,10.1219549179077,42,42,1,0
Strathcona,2015,2,night,13103,3.89655,3362.718302087744,0.33866,80,101.7,2015-02-01,10.1219549179077,42,42,1,0
Strathcona,2015,3,day,13103,3.89655,3362.718302087744,0.33866,57,101.7,2015-03-01,11.7447185516357,42,42,1,0
Strathcona,2015,3,night,13103,3.89655,3362.718302087744,0.33866,60,101.7,2015-03-01,11.7447185516357,42,42,1,0
Strathcona,2015,4,day,13103,3.89655,3362.718302087744,0.33866,47,107.7,2015-04-01,10.940221786499,42,42,1,0
Strathcona,2015,4,night,13103,3.89655,3362.718302087744,0.33866,59,107.7,2015-04-01,10.940221786499,42,42,1,0
Strathcona,2015,5,day,13103,3.89655,3362.718302087744,0.33866,52,107.7,2015-05-01,11.9203224182129,42,41,0.976190476190476,0
Strathcona,2015,5,night,13103,3.89655,3362.718302087744,0.33866,64,107.7,2015-05-01,11.9203224182129,42,41,0.976190476190476,0
Strathcona,2015,6,day,13103,3.89655,3362.718302087744,0.33866,61,107.7,2015-06-01,NA,NA,NA,NA,0
Strathcona,2015,6,night,13103,3.89655,3362.718302087744,0.33866,83,107.7,2015-06-01,NA,NA,NA,NA,0
Strathcona,2015,7,day,13103,3.89655,3362.718302087744,0.33866,77,107.7,2015-07-01,14.0759830474854,42,41,0.976190476190476,0
Strathcona,2015,7,night,13103,3.89655,3362.718302087744,0.33866,99,107.7,2015-07-01,14.0759830474854,42,41,0.976190476190476,0
Strathcona,2015,8,day,13103,3.89655,3362.718302087744,0.33866,73,107.7,2015-08-01,9.69785594940186,42,42,1,0
Strathcona,2015,8,night,13103,3.89655,3362.718302087744,0.33866,87,107.7,2015-08-01,9.69785594940186,42,42,1,0
Strathcona,2015,9,day,13103,3.89655,3362.718302087744,0.33866,64,107.7,2015-09-01,10.0737066268921,42,42,1,0
Strathcona,2015,9,night,13103,3.89655,3362.718302087744,0.33866,63,107.7,2015-09-01,10.0737066268921,42,42,1,0
Strathcona,2015,10,day,13103,3.89655,3362.718302087744,0.33866,48,107.7,2015-10-01,9.80152225494385,42,42,1,0
Strathcona,2015,10,night,13103,3.89655,3362.718302087744,0.33866,89,107.7,2015-10-01,9.80152225494385,42,42,1,0
Strathcona,2015,11,day,13103,3.89655,3362.718302087744,0.33866,45,107.7,2015-11-01,10.3551864624023,42,42,1,0
Strathcona,2015,11,night,13103,3.89655,3362.718302087744,0.33866,101,107.7,2015-11-01,10.3551864624023,42,42,1,0
Strathcona,2015,12,day,13103,3.89655,3362.718302087744,0.33866,47,107.7,2015-12-01,5.46669149398804,42,41,0.976190476190476,0
Strathcona,2015,12,night,13103,3.89655,3362.718302087744,0.33866,85,107.7,2015-12-01,5.46669149398804,42,41,0.976190476190476,0
Strathcona,2016,1,day,13103,3.89655,3362.718302087744,0.33866,49,107.7,2016-01-01,9.95890998840332,42,42,1,0
Strathcona,2016,1,night,13103,3.89655,3362.718302087744,0.33866,114,107.7,2016-01-01,9.95890998840332,42,42,1,0
Strathcona,2016,2,day,13103,3.89655,3362.718302087744,0.33866,58,107.6,2016-02-01,7.12898826599121,42,42,1,0
Strathcona,2016,2,night,13103,3.89655,3362.718302087744,0.33866,86,107.6,2016-02-01,7.12898826599121,42,42,1,0
Strathcona,2016,3,day,13103,3.89655,3362.718302087744,0.33866,57,107.7,2016-03-01,11.8284435272217,42,41,0.976190476190476,0
Strathcona,2016,3,night,13103,3.89655,3362.718302087744,0.33866,108,107.7,2016-03-01,11.8284435272217,42,41,0.976190476190476,0
Strathcona,2016,4,day,13103,3.89655,3362.718302087744,0.33866,72,112.2,2016-04-01,9.60864162445068,42,42,1,0
Strathcona,2016,4,night,13103,3.89655,3362.718302087744,0.33866,83,112.2,2016-04-01,9.60864162445068,42,42,1,0
Strathcona,2016,5,day,13103,3.89655,3362.718302087744,0.33866,60,112.3,2016-05-01,11.2504301071167,42,42,1,0
Strathcona,2016,5,night,13103,3.89655,3362.718302087744,0.33866,86,112.3,2016-05-01,11.2504301071167,42,42,1,0
Strathcona,2016,6,day,13103,3.89655,3362.718302087744,0.33866,86,112.2,2016-06-01,NA,NA,NA,NA,0
Strathcona,2016,6,night,13103,3.89655,3362.718302087744,0.33866,121,112.2,2016-06-01,NA,NA,NA,NA,0
Strathcona,2016,7,day,13103,3.89655,3362.718302087744,0.33866,67,112.3,2016-07-01,10.3810176849365,42,42,1,0
Strathcona,2016,7,night,13103,3.89655,3362.718302087744,0.33866,117,112.3,2016-07-01,10.3810176849365,42,42,1,0
Strathcona,2016,8,day,13103,3.89655,3362.718302087744,0.33866,92,112.3,2016-08-01,10.9964513778687,42,42,1,0
Strathcona,2016,8,night,13103,3.89655,3362.718302087744,0.33866,106,112.3,2016-08-01,10.9964513778687,42,42,1,0
Strathcona,2016,9,day,13103,3.89655,3362.718302087744,0.33866,67,112.2,2016-09-01,9.8509464263916,42,42,1,0
Strathcona,2016,9,night,13103,3.89655,3362.718302087744,0.33866,98,112.2,2016-09-01,9.8509464263916,42,42,1,0
Strathcona,2016,10,day,13103,3.89655,3362.718302087744,0.33866,78,112.3,2016-10-01,9.15744781494141,42,42,1,0
Strathcona,2016,10,night,13103,3.89655,3362.718302087744,0.33866,102,112.3,2016-10-01,9.15744781494141,42,42,1,0
Strathcona,2016,11,day,13103,3.89655,3362.718302087744,0.33866,45,112.2,2016-11-01,7.81539154052734,42,42,1,0
Strathcona,2016,11,night,13103,3.89655,3362.718302087744,0.33866,97,112.2,2016-11-01,7.81539154052734,42,42,1,0
Strathcona,2016,12,day,13103,3.89655,3362.718302087744,0.33866,50,112.3,2016-12-01,8.34447193145752,42,42,1,0
Strathcona,2016,12,night,13103,3.89655,3362.718302087744,0.33866,73,112.3,2016-12-01,8.34447193145752,42,42,1,0
Strathcona,2017,1,day,13103,3.89655,3362.718302087744,0.33866,33,112.3,2017-01-01,11.0920686721802,42,42,1,0
Strathcona,2017,1,night,13103,3.89655,3362.718302087744,0.33866,57,112.3,2017-01-01,11.0920686721802,42,42,1,0
Strathcona,2017,2,day,13103,3.89655,3362.718302087744,0.33866,50,112.1,2017-02-01,10.6585569381714,42,42,1,0
Strathcona,2017,2,night,13103,3.89655,3362.718302087744,0.33866,60,112.1,2017-02-01,10.6585569381714,42,42,1,0
Strathcona,2017,3,day,13103,3.89655,3362.718302087744,0.33866,69,112.3,2017-03-01,10.2561302185059,42,42,1,0
Strathcona,2017,3,night,13103,3.89655,3362.718302087744,0.33866,93,112.3,2017-03-01,10.2561302185059,42,42,1,0
Strathcona,2017,4,day,13103,3.89655,3362.718302087744,0.33866,73,115.2,2017-04-01,9.7594747543335,42,42,1,0
Strathcona,2017,4,night,13103,3.89655,3362.718302087744,0.33866,69,115.2,2017-04-01,9.7594747543335,42,42,1,0
Strathcona,2017,5,day,13103,3.89655,3362.718302087744,0.33866,57,115.3,2017-05-01,10.3599081039429,42,42,1,0
Strathcona,2017,5,night,13103,3.89655,3362.718302087744,0.33866,91,115.3,2017-05-01,10.3599081039429,42,42,1,0
Strathcona,2017,6,day,13103,3.89655,3362.718302087744,0.33866,75,115.2,2017-06-01,NA,NA,NA,NA,0
Strathcona,2017,6,night,13103,3.89655,3362.718302087744,0.33866,86,115.2,2017-06-01,NA,NA,NA,NA,0
Strathcona,2017,7,day,13103,3.89655,3362.718302087744,0.33866,78,115.3,2017-07-01,12.1949806213379,42,42,1,0
Strathcona,2017,7,night,13103,3.89655,3362.718302087744,0.33866,86,115.3,2017-07-01,12.1949806213379,42,42,1,0
Strathcona,2017,8,day,13103,3.89655,3362.718302087744,0.33866,81,115.3,2017-08-01,9.93735122680664,42,42,1,0
Strathcona,2017,8,night,13103,3.89655,3362.718302087744,0.33866,93,115.3,2017-08-01,9.93735122680664,42,42,1,0
Strathcona,2017,9,day,13103,3.89655,3362.718302087744,0.33866,75,115.2,2017-09-01,10.222146987915,42,42,1,0
Strathcona,2017,9,night,13103,3.89655,3362.718302087744,0.33866,85,115.2,2017-09-01,10.222146987915,42,42,1,0
Strathcona,2017,10,day,13103,3.89655,3362.718302087744,0.33866,94,115.3,2017-10-01,10.2524137496948,42,42,1,0
Strathcona,2017,10,night,13103,3.89655,3362.718302087744,0.33866,123,115.3,2017-10-01,10.2524137496948,42,42,1,0
Strathcona,2017,11,day,13103,3.89655,3362.718302087744,0.33866,77,115.2,2017-11-01,9.01826953887939,42,40,0.952380952380952,0
Strathcona,2017,11,night,13103,3.89655,3362.718302087744,0.33866,130,115.2,2017-11-01,9.01826953887939,42,40,0.952380952380952,0
Strathcona,2017,12,day,13103,3.89655,3362.718302087744,0.33866,50,115.3,2017-12-01,10.6968326568604,42,42,1,0
Strathcona,2017,12,night,13103,3.89655,3362.718302087744,0.33866,104,115.3,2017-12-01,10.6968326568604,42,42,1,0
Strathcona,2018,1,day,13103,3.89655,3362.718302087744,0.33866,58,115.3,2018-01-01,11.1539525985718,42,42,1,0
Strathcona,2018,1,night,13103,3.89655,3362.718302087744,0.33866,120,115.3,2018-01-01,11.1539525985718,42,42,1,0
Strathcona,2018,2,day,13103,3.89655,3362.718302087744,0.33866,55,115.1,2018-02-01,9.38246250152588,42,42,1,0
Strathcona,2018,2,night,13103,3.89655,3362.718302087744,0.33866,106,115.1,2018-02-01,9.38246250152588,42,42,1,0
Strathcona,2018,3,day,13103,3.89655,3362.718302087744,0.33866,62,115.3,2018-03-01,11.2033224105835,42,42,1,0
Strathcona,2018,3,night,13103,3.89655,3362.718302087744,0.33866,87,115.3,2018-03-01,11.2033224105835,42,42,1,0
Strathcona,2018,4,day,13103,3.89655,3362.718302087744,0.33866,76,118.7,2018-04-01,11.3977785110474,42,42,1,0
Strathcona,2018,4,night,13103,3.89655,3362.718302087744,0.33866,100,118.7,2018-04-01,11.3977785110474,42,42,1,0
Strathcona,2018,5,day,13103,3.89655,3362.718302087744,0.33866,80,118.8,2018-05-01,12.0918874740601,42,42,1,0
Strathcona,2018,5,night,13103,3.89655,3362.718302087744,0.33866,71,118.8,2018-05-01,12.0918874740601,42,42,1,0
Strathcona,2018,6,day,13103,3.89655,3362.718302087744,0.33866,83,118.7,2018-06-01,NA,NA,NA,NA,0
Strathcona,2018,6,night,13103,3.89655,3362.718302087744,0.33866,71,118.7,2018-06-01,NA,NA,NA,NA,0
Strathcona,2018,7,day,13103,3.89655,3362.718302087744,0.33866,75,118.8,2018-07-01,12.5416707992554,42,42,1,0
Strathcona,2018,7,night,13103,3.89655,3362.718302087744,0.33866,95,118.8,2018-07-01,12.5416707992554,42,42,1,0
Strathcona,2018,8,day,13103,3.89655,3362.718302087744,0.33866,76,118.8,2018-08-01,8.40714263916016,42,42,1,0
Strathcona,2018,8,night,13103,3.89655,3362.718302087744,0.33866,102,118.8,2018-08-01,8.40714263916016,42,42,1,0
Strathcona,2018,9,day,13103,3.89655,3362.718302087744,0.33866,75,118.7,2018-09-01,9.77409648895264,42,42,1,0
Strathcona,2018,9,night,13103,3.89655,3362.718302087744,0.33866,93,118.7,2018-09-01,9.77409648895264,42,42,1,0
Strathcona,2018,10,day,13103,3.89655,3362.718302087744,0.33866,75,118.8,2018-10-01,10.4158868789673,42,42,1,0
Strathcona,2018,10,night,13103,3.89655,3362.718302087744,0.33866,112,118.8,2018-10-01,10.4158868789673,42,42,1,0
Strathcona,2018,11,day,13103,3.89655,3362.718302087744,0.33866,77,118.7,2018-11-01,8.44489860534668,42,42,1,0
Strathcona,2018,11,night,13103,3.89655,3362.718302087744,0.33866,114,118.7,2018-11-01,8.44489860534668,42,42,1,0
Strathcona,2018,12,day,13103,3.89655,3362.718302087744,0.33866,55,118.8,2018-12-01,8.58375549316406,42,42,1,0
Strathcona,2018,12,night,13103,3.89655,3362.718302087744,0.33866,90,118.8,2018-12-01,8.58375549316406,42,42,1,0
Strathcona,2019,1,day,13049,3.6341,3590.710217110151,0.52145,47,118.8,2019-01-01,8.00230121612549,42,42,1,0
Strathcona,2019,1,night,13049,3.6341,3590.710217110151,0.52145,86,118.8,2019-01-01,8.00230121612549,42,42,1,0
Strathcona,2019,2,day,13049,3.6341,3590.710217110151,0.52145,39,118.6,2019-02-01,9.82839584350586,42,42,1,0
Strathcona,2019,2,night,13049,3.6341,3590.710217110151,0.52145,61,118.6,2019-02-01,9.82839584350586,42,42,1,0
Strathcona,2019,3,day,13049,3.6341,3590.710217110151,0.52145,58,118.8,2019-03-01,11.2182359695435,42,42,1,0
Strathcona,2019,3,night,13049,3.6341,3590.710217110151,0.52145,68,118.8,2019-03-01,11.2182359695435,42,42,1,0
Strathcona,2019,4,day,13049,3.6341,3590.710217110151,0.52145,68,120.9,2019-04-01,11.6263189315796,42,42,1,0
Strathcona,2019,4,night,13049,3.6341,3590.710217110151,0.52145,103,120.9,2019-04-01,11.6263189315796,42,42,1,0
Strathcona,2019,5,day,13049,3.6341,3590.710217110151,0.52145,79,120.9,2019-05-01,10.4051151275635,42,42,1,0
Strathcona,2019,5,night,13049,3.6341,3590.710217110151,0.52145,72,120.9,2019-05-01,10.4051151275635,42,42,1,0
Strathcona,2019,6,day,13049,3.6341,3590.710217110151,0.52145,107,120.9,2019-06-01,NA,NA,NA,NA,0
Strathcona,2019,6,night,13049,3.6341,3590.710217110151,0.52145,107,120.9,2019-06-01,NA,NA,NA,NA,0
Strathcona,2019,7,day,13049,3.6341,3590.710217110151,0.52145,117,120.9,2019-07-01,12.6768159866333,42,42,1,0
Strathcona,2019,7,night,13049,3.6341,3590.710217110151,0.52145,107,120.9,2019-07-01,12.6768159866333,42,42,1,0
Strathcona,2019,8,day,13049,3.6341,3590.710217110151,0.52145,92,120.9,2019-08-01,11.3180055618286,42,42,1,0
Strathcona,2019,8,night,13049,3.6341,3590.710217110151,0.52145,95,120.9,2019-08-01,11.3180055618286,42,42,1,0
Strathcona,2019,9,day,13049,3.6341,3590.710217110151,0.52145,93,120.9,2019-09-01,10.2377967834473,42,42,1,0
Strathcona,2019,9,night,13049,3.6341,3590.710217110151,0.52145,98,120.9,2019-09-01,10.2377967834473,42,42,1,0
Strathcona,2019,10,day,13049,3.6341,3590.710217110151,0.52145,88,120.9,2019-10-01,11.0358772277832,42,42,1,0
Strathcona,2019,10,night,13049,3.6341,3590.710217110151,0.52145,104,120.9,2019-10-01,11.0358772277832,42,42,1,0
Strathcona,2019,11,day,13049,3.6341,3590.710217110151,0.52145,68,120.9,2019-11-01,9.97849655151367,42,42,1,0
Strathcona,2019,11,night,13049,3.6341,3590.710217110151,0.52145,100,120.9,2019-11-01,9.97849655151367,42,42,1,0
Strathcona,2019,12,day,13049,3.6341,3590.710217110151,0.52145,42,120.9,2019-12-01,6.99360418319702,42,42,1,0
Strathcona,2019,12,night,13049,3.6341,3590.710217110151,0.52145,91,120.9,2019-12-01,6.99360418319702,42,42,1,0
Strathcona,2020,1,day,13049,3.6341,3590.710217110151,0.52145,45,120.9,2020-01-01,10.0839414596558,42,41,0.976190476190476,0
Strathcona,2020,1,night,13049,3.6341,3590.710217110151,0.52145,88,120.9,2020-01-01,10.0839414596558,42,41,0.976190476190476,0
Strathcona,2020,2,day,13049,3.6341,3590.710217110151,0.52145,52,120.8,2020-02-01,9.73895263671875,42,42,1,0
Strathcona,2020,2,night,13049,3.6341,3590.710217110151,0.52145,88,120.8,2020-02-01,9.73895263671875,42,42,1,0
Strathcona,2020,3,day,13049,3.6341,3590.710217110151,0.52145,72,120.9,2020-03-01,11.6367673873901,42,42,1,0
Strathcona,2020,3,night,13049,3.6341,3590.710217110151,0.52145,92,120.9,2020-03-01,11.6367673873901,42,42,1,0
Strathcona,2020,4,day,13049,3.6341,3590.710217110151,0.52145,53,119.6,2020-04-01,11.0613441467285,42,42,1,0
Strathcona,2020,4,night,13049,3.6341,3590.710217110151,0.52145,79,119.6,2020-04-01,11.0613441467285,42,42,1,0
Strathcona,2020,5,day,13049,3.6341,3590.710217110151,0.52145,43,119.7,2020-05-01,10.6776523590088,42,42,1,0
Strathcona,2020,5,night,13049,3.6341,3590.710217110151,0.52145,36,119.7,2020-05-01,10.6776523590088,42,42,1,0
Strathcona,2020,6,day,13049,3.6341,3590.710217110151,0.52145,33,119.6,2020-06-01,NA,NA,NA,NA,0
Strathcona,2020,6,night,13049,3.6341,3590.710217110151,0.52145,60,119.6,2020-06-01,NA,NA,NA,NA,0
Strathcona,2020,7,day,13049,3.6341,3590.710217110151,0.52145,53,119.7,2020-07-01,11.7561054229736,42,42,1,0
Strathcona,2020,7,night,13049,3.6341,3590.710217110151,0.52145,62,119.7,2020-07-01,11.7561054229736,42,42,1,0
Strathcona,2020,8,day,13049,3.6341,3590.710217110151,0.52145,43,119.7,2020-08-01,11.0840444564819,42,42,1,0
Strathcona,2020,8,night,13049,3.6341,3590.710217110151,0.52145,74,119.7,2020-08-01,11.0840444564819,42,42,1,0
Strathcona,2020,9,day,13049,3.6341,3590.710217110151,0.52145,52,119.6,2020-09-01,10.791392326355,42,42,1,0
Strathcona,2020,9,night,13049,3.6341,3590.710217110151,0.52145,62,119.6,2020-09-01,10.791392326355,42,42,1,0
Strathcona,2020,10,day,13049,3.6341,3590.710217110151,0.52145,47,119.7,2020-10-01,9.5922737121582,42,42,1,0
Strathcona,2020,10,night,13049,3.6341,3590.710217110151,0.52145,84,119.7,2020-10-01,9.5922737121582,42,42,1,0
Strathcona,2020,11,day,13049,3.6341,3590.710217110151,0.52145,42,119.6,2020-11-01,9.09413146972656,42,41,0.976190476190476,0
Strathcona,2020,11,night,13049,3.6341,3590.710217110151,0.52145,68,119.6,2020-11-01,9.09413146972656,42,41,0.976190476190476,0
Strathcona,2020,12,day,13049,3.6341,3590.710217110151,0.52145,46,119.7,2020-12-01,6.53810501098633,42,42,1,0
Strathcona,2020,12,night,13049,3.6341,3590.710217110151,0.52145,79,119.7,2020-12-01,6.53810501098633,42,42,1,0
Strathcona,2021,1,day,13049,3.6341,3590.710217110151,0.52145,42,119.7,2021-01-01,4.99536895751953,42,42,1,0
Strathcona,2021,1,night,13049,3.6341,3590.710217110151,0.52145,72,119.7,2021-01-01,4.99536895751953,42,42,1,0
Strathcona,2021,2,day,13049,3.6341,3590.710217110151,0.52145,30,119.5,2021-02-01,9.91270542144775,42,42,1,0
Strathcona,2021,2,night,13049,3.6341,3590.710217110151,0.52145,42,119.5,2021-02-01,9.91270542144775,42,42,1,0
Strathcona,2021,3,day,13049,3.6341,3590.710217110151,0.52145,27,119.7,2021-03-01,10.9058723449707,42,42,1,0
Strathcona,2021,3,night,13049,3.6341,3590.710217110151,0.52145,46,119.7,2021-03-01,10.9058723449707,42,42,1,0
Strathcona,2021,4,day,13049,3.6341,3590.710217110151,0.52145,45,120.1,2021-04-01,11.4325752258301,42,42,1,0
Strathcona,2021,4,night,13049,3.6341,3590.710217110151,0.52145,56,120.1,2021-04-01,11.4325752258301,42,42,1,0
Strathcona,2021,5,day,13049,3.6341,3590.710217110151,0.52145,34,120.1,2021-05-01,10.6441211700439,42,42,1,0
Strathcona,2021,5,night,13049,3.6341,3590.710217110151,0.52145,32,120.1,2021-05-01,10.6441211700439,42,42,1,0
Strathcona,2021,6,day,13049,3.6341,3590.710217110151,0.52145,38,120.1,2021-06-01,NA,NA,NA,NA,0
Strathcona,2021,6,night,13049,3.6341,3590.710217110151,0.52145,36,120.1,2021-06-01,NA,NA,NA,NA,0
Strathcona,2021,7,day,13049,3.6341,3590.710217110151,0.52145,47,120.1,2021-07-01,12.8380374908447,42,42,1,0
Strathcona,2021,7,night,13049,3.6341,3590.710217110151,0.52145,38,120.1,2021-07-01,12.8380374908447,42,42,1,0
Strathcona,2021,8,day,13049,3.6341,3590.710217110151,0.52145,45,120.1,2021-08-01,9.78502464294434,42,42,1,0
Strathcona,2021,8,night,13049,3.6341,3590.710217110151,0.52145,53,120.1,2021-08-01,9.78502464294434,42,42,1,0
Strathcona,2021,9,day,13049,3.6341,3590.710217110151,0.52145,41,120.1,2021-09-01,10.6094655990601,42,42,1,0
Strathcona,2021,9,night,13049,3.6341,3590.710217110151,0.52145,60,120.1,2021-09-01,10.6094655990601,42,42,1,0
Strathcona,2021,10,day,13049,3.6341,3590.710217110151,0.52145,34,120.1,2021-10-01,11.6677274703979,42,42,1,0
Strathcona,2021,10,night,13049,3.6341,3590.710217110151,0.52145,48,120.1,2021-10-01,11.6677274703979,42,42,1,0
Strathcona,2021,11,day,13049,3.6341,3590.710217110151,0.52145,51,120.1,2021-11-01,11.2325162887573,42,42,1,0
Strathcona,2021,11,night,13049,3.6341,3590.710217110151,0.52145,69,120.1,2021-11-01,11.2325162887573,42,42,1,0
Strathcona,2021,12,day,13049,3.6341,3590.710217110151,0.52145,30,120.1,2021-12-01,11.9589939117432,42,42,1,0
Strathcona,2021,12,night,13049,3.6341,3590.710217110151,0.52145,52,120.1,2021-12-01,11.9589939117432,42,42,1,0
Strathcona,2022,1,day,13049,3.6341,3590.710217110151,0.52145,47,120.1,2022-01-01,7.15204811096191,42,42,1,0
Strathcona,2022,1,night,13049,3.6341,3590.710217110151,0.52145,50,120.1,2022-01-01,7.15204811096191,42,42,1,0
Strathcona,2022,2,day,13049,3.6341,3590.710217110151,0.52145,34,120,2022-02-01,10.2295789718628,42,42,1,0
Strathcona,2022,2,night,13049,3.6341,3590.710217110151,0.52145,56,120,2022-02-01,10.2295789718628,42,42,1,0
Strathcona,2022,3,day,13049,3.6341,3590.710217110151,0.52145,54,120.1,2022-03-01,10.9749250411987,42,42,1,0
Strathcona,2022,3,night,13049,3.6341,3590.710217110151,0.52145,65,120.1,2022-03-01,10.9749250411987,42,42,1,0
Strathcona,2022,4,day,13049,3.6341,3590.710217110151,0.52145,38,120.9,2022-04-01,12.2314472198486,42,42,1,0
Strathcona,2022,4,night,13049,3.6341,3590.710217110151,0.52145,50,120.9,2022-04-01,12.2314472198486,42,42,1,0
Strathcona,2022,5,day,13049,3.6341,3590.710217110151,0.52145,38,120.9,2022-05-01,11.527229309082,42,42,1,0
Strathcona,2022,5,night,13049,3.6341,3590.710217110151,0.52145,50,120.9,2022-05-01,11.527229309082,42,42,1,0
Strathcona,2022,6,day,13049,3.6341,3590.710217110151,0.52145,48,120.9,2022-06-01,NA,NA,NA,NA,0
Strathcona,2022,6,night,13049,3.6341,3590.710217110151,0.52145,46,120.9,2022-06-01,NA,NA,NA,NA,0
Strathcona,2022,7,day,13049,3.6341,3590.710217110151,0.52145,54,120.9,2022-07-01,13.1466875076294,42,39,0.928571428571429,0
Strathcona,2022,7,night,13049,3.6341,3590.710217110151,0.52145,64,120.9,2022-07-01,13.1466875076294,42,39,0.928571428571429,0
Strathcona,2022,8,day,13049,3.6341,3590.710217110151,0.52145,60,120.9,2022-08-01,12.6691789627075,42,42,1,0
Strathcona,2022,8,night,13049,3.6341,3590.710217110151,0.52145,59,120.9,2022-08-01,12.6691789627075,42,42,1,0
Strathcona,2022,9,day,13049,3.6341,3590.710217110151,0.52145,33,120.9,2022-09-01,12.1931772232056,42,42,1,0
Strathcona,2022,9,night,13049,3.6341,3590.710217110151,0.52145,59,120.9,2022-09-01,12.1931772232056,42,42,1,0
Strathcona,2022,10,day,13049,3.6341,3590.710217110151,0.52145,50,120.9,2022-10-01,11.0437612533569,42,42,1,0
Strathcona,2022,10,night,13049,3.6341,3590.710217110151,0.52145,79,120.9,2022-10-01,11.0437612533569,42,42,1,0
Strathcona,2022,11,day,13049,3.6341,3590.710217110151,0.52145,40,120.9,2022-11-01,8.18298625946045,42,42,1,0
Strathcona,2022,11,night,13049,3.6341,3590.710217110151,0.52145,37,120.9,2022-11-01,8.18298625946045,42,42,1,0
Strathcona,2022,12,day,13049,3.6341,3590.710217110151,0.52145,32,120.9,2022-12-01,13.8257694244385,42,41,0.976190476190476,0
Strathcona,2022,12,night,13049,3.6341,3590.710217110151,0.52145,56,120.9,2022-12-01,13.8257694244385,42,41,0.976190476190476,0
Strathcona,2023,1,day,13049,3.6341,3590.710217110151,0.52145,36,120.9,2023-01-01,9.07847118377686,42,41,0.976190476190476,0
Strathcona,2023,1,night,13049,3.6341,3590.710217110151,0.52145,64,120.9,2023-01-01,9.07847118377686,42,41,0.976190476190476,0
Strathcona,2023,2,day,13049,3.6341,3590.710217110151,0.52145,31,120.7,2023-02-01,10.6132783889771,42,42,1,0
Strathcona,2023,2,night,13049,3.6341,3590.710217110151,0.52145,66,120.7,2023-02-01,10.6132783889771,42,42,1,0
Strathcona,2023,3,day,13049,3.6341,3590.710217110151,0.52145,43,120.9,2023-03-01,12.3299236297607,42,42,1,0
Strathcona,2023,3,night,13049,3.6341,3590.710217110151,0.52145,87,120.9,2023-03-01,12.3299236297607,42,42,1,0
Strathcona,2023,4,day,13049,3.6341,3590.710217110151,0.52145,50,122,2023-04-01,13.4423666000366,42,42,1,0
Strathcona,2023,4,night,13049,3.6341,3590.710217110151,0.52145,40,122,2023-04-01,13.4423666000366,42,42,1,0
Strathcona,2023,5,day,13049,3.6341,3590.710217110151,0.52145,59,122.1,2023-05-01,14.8298597335815,42,42,1,0
Strathcona,2023,5,night,13049,3.6341,3590.710217110151,0.52145,58,122.1,2023-05-01,14.8298597335815,42,42,1,0
Strathcona,2023,6,day,13049,3.6341,3590.710217110151,0.52145,67,122,2023-06-01,NA,NA,NA,NA,0
Strathcona,2023,6,night,13049,3.6341,3590.710217110151,0.52145,68,122,2023-06-01,NA,NA,NA,NA,0
Strathcona,2023,7,day,13049,3.6341,3590.710217110151,0.52145,77,122.1,2023-07-01,15.265887260437,42,42,1,0
Strathcona,2023,7,night,13049,3.6341,3590.710217110151,0.52145,59,122.1,2023-07-01,15.265887260437,42,42,1,0
Strathcona,2023,8,day,13049,3.6341,3590.710217110151,0.52145,65,122.1,2023-08-01,14.7348690032959,42,42,1,0
Strathcona,2023,8,night,13049,3.6341,3590.710217110151,0.52145,69,122.1,2023-08-01,14.7348690032959,42,42,1,0
Strathcona,2023,9,day,13049,3.6341,3590.710217110151,0.52145,66,122.5,2023-09-01,12.2079916000366,42,42,1,0
Strathcona,2023,9,night,13049,3.6341,3590.710217110151,0.52145,68,122.5,2023-09-01,12.2079916000366,42,42,1,0
Strathcona,2023,10,day,13049,3.6341,3590.710217110151,0.52145,51,122.5,2023-10-01,10.7323427200317,42,42,1,0
Strathcona,2023,10,night,13049,3.6341,3590.710217110151,0.52145,71,122.5,2023-10-01,10.7323427200317,42,42,1,0
Strathcona,2023,11,day,13049,3.6341,3590.710217110151,0.52145,37,122.5,2023-11-01,11.8871726989746,42,42,1,0
Strathcona,2023,11,night,13049,3.6341,3590.710217110151,0.52145,63,122.5,2023-11-01,11.8871726989746,42,42,1,0
Strathcona,2023,12,day,13049,3.6341,3590.710217110151,0.52145,36,122.5,2023-12-01,12.4963216781616,42,41,0.976190476190476,0
Strathcona,2023,12,night,13049,3.6341,3590.710217110151,0.52145,63,122.5,2023-12-01,12.4963216781616,42,41,0.976190476190476,0
Sunset,2014,1,day,36442,6.29451,5789.489571070663,0.688351129032258,14,94.8,2014-01-01,4.46384763717651,61,61,1,0
Sunset,2014,1,night,36442,6.29451,5789.489571070663,0.688351129032258,39,94.8,2014-01-01,4.46384763717651,61,61,1,0
Sunset,2014,2,day,36442,6.29451,5789.489571070663,0.688351129032258,16,94.8,2014-02-01,4.31037569046021,61,61,1,0
Sunset,2014,2,night,36442,6.29451,5789.489571070663,0.688351129032258,33,94.8,2014-02-01,4.31037569046021,61,61,1,0
Sunset,2014,3,day,36442,6.29451,5789.489571070663,0.688351129032258,25,94.8,2014-03-01,4.89537763595581,61,61,1,0
Sunset,2014,3,night,36442,6.29451,5789.489571070663,0.688351129032258,44,94.8,2014-03-01,4.89537763595581,61,61,1,0
Sunset,2014,4,day,36442,6.29451,5789.489571070663,0.688351129032258,23,101.7,2014-04-01,4.600914478302,61,61,1,0
Sunset,2014,4,night,36442,6.29451,5789.489571070663,0.688351129032258,34,101.7,2014-04-01,4.600914478302,61,61,1,0
Sunset,2014,5,day,36442,6.29451,5789.489571070663,0.688351129032258,34,101.7,2014-05-01,5.17187881469727,61,61,1,0
Sunset,2014,5,night,36442,6.29451,5789.489571070663,0.688351129032258,47,101.7,2014-05-01,5.17187881469727,61,61,1,0
Sunset,2014,6,day,36442,6.29451,5789.489571070663,0.688351129032258,25,101.7,2014-06-01,NA,NA,NA,NA,0
Sunset,2014,6,night,36442,6.29451,5789.489571070663,0.688351129032258,44,101.7,2014-06-01,NA,NA,NA,NA,0
Sunset,2014,7,day,36442,6.29451,5789.489571070663,0.688351129032258,22,101.7,2014-07-01,5.61494588851929,61,61,1,0
Sunset,2014,7,night,36442,6.29451,5789.489571070663,0.688351129032258,31,101.7,2014-07-01,5.61494588851929,61,61,1,0
Sunset,2014,8,day,36442,6.29451,5789.489571070663,0.688351129032258,38,101.7,2014-08-01,4.80569791793823,61,61,1,0
Sunset,2014,8,night,36442,6.29451,5789.489571070663,0.688351129032258,54,101.7,2014-08-01,4.80569791793823,61,61,1,0
Sunset,2014,9,day,36442,6.29451,5789.489571070663,0.688351129032258,24,101.7,2014-09-01,4.76197004318237,61,61,1,0
Sunset,2014,9,night,36442,6.29451,5789.489571070663,0.688351129032258,27,101.7,2014-09-01,4.76197004318237,61,61,1,0
Sunset,2014,10,day,36442,6.29451,5789.489571070663,0.688351129032258,26,101.7,2014-10-01,4.0985746383667,61,61,1,0
Sunset,2014,10,night,36442,6.29451,5789.489571070663,0.688351129032258,28,101.7,2014-10-01,4.0985746383667,61,61,1,0
Sunset,2014,11,day,36442,6.29451,5789.489571070663,0.688351129032258,27,101.7,2014-11-01,4.64866018295288,61,61,1,0
Sunset,2014,11,night,36442,6.29451,5789.489571070663,0.688351129032258,33,101.7,2014-11-01,4.64866018295288,61,61,1,0
Sunset,2014,12,day,36442,6.29451,5789.489571070663,0.688351129032258,14,101.7,2014-12-01,4.45298004150391,61,61,1,0
Sunset,2014,12,night,36442,6.29451,5789.489571070663,0.688351129032258,39,101.7,2014-12-01,4.45298004150391,61,61,1,0
Sunset,2015,1,day,36442,6.29451,5789.489571070663,0.688351129032258,27,101.7,2015-01-01,4.06344747543335,61,61,1,0
Sunset,2015,1,night,36442,6.29451,5789.489571070663,0.688351129032258,27,101.7,2015-01-01,4.06344747543335,61,61,1,0
Sunset,2015,2,day,36442,6.29451,5789.489571070663,0.688351129032258,20,101.7,2015-02-01,4.48776578903198,61,61,1,0
Sunset,2015,2,night,36442,6.29451,5789.489571070663,0.688351129032258,29,101.7,2015-02-01,4.48776578903198,61,61,1,0
Sunset,2015,3,day,36442,6.29451,5789.489571070663,0.688351129032258,18,101.7,2015-03-01,4.49346399307251,61,61,1,0
Sunset,2015,3,night,36442,6.29451,5789.489571070663,0.688351129032258,42,101.7,2015-03-01,4.49346399307251,61,61,1,0
Sunset,2015,4,day,36442,6.29451,5789.489571070663,0.688351129032258,21,107.7,2015-04-01,4.36748933792114,61,61,1,0
Sunset,2015,4,night,36442,6.29451,5789.489571070663,0.688351129032258,46,107.7,2015-04-01,4.36748933792114,61,61,1,0
Sunset,2015,5,day,36442,6.29451,5789.489571070663,0.688351129032258,26,107.7,2015-05-01,4.55049276351929,61,61,1,0
Sunset,2015,5,night,36442,6.29451,5789.489571070663,0.688351129032258,29,107.7,2015-05-01,4.55049276351929,61,61,1,0
Sunset,2015,6,day,36442,6.29451,5789.489571070663,0.688351129032258,25,107.7,2015-06-01,NA,NA,NA,NA,0
Sunset,2015,6,night,36442,6.29451,5789.489571070663,0.688351129032258,33,107.7,2015-06-01,NA,NA,NA,NA,0
Sunset,2015,7,day,36442,6.29451,5789.489571070663,0.688351129032258,27,107.7,2015-07-01,5.30480337142944,61,61,1,0
Sunset,2015,7,night,36442,6.29451,5789.489571070663,0.688351129032258,31,107.7,2015-07-01,5.30480337142944,61,61,1,0
Sunset,2015,8,day,36442,6.29451,5789.489571070663,0.688351129032258,19,107.7,2015-08-01,4.51451063156128,61,61,1,0
Sunset,2015,8,night,36442,6.29451,5789.489571070663,0.688351129032258,37,107.7,2015-08-01,4.51451063156128,61,61,1,0
Sunset,2015,9,day,36442,6.29451,5789.489571070663,0.688351129032258,25,107.7,2015-09-01,3.90227103233337,61,61,1,0
Sunset,2015,9,night,36442,6.29451,5789.489571070663,0.688351129032258,37,107.7,2015-09-01,3.90227103233337,61,61,1,0
Sunset,2015,10,day,36442,6.29451,5789.489571070663,0.688351129032258,31,107.7,2015-10-01,4.21787261962891,61,61,1,0
Sunset,2015,10,night,36442,6.29451,5789.489571070663,0.688351129032258,44,107.7,2015-10-01,4.21787261962891,61,61,1,0
Sunset,2015,11,day,36442,6.29451,5789.489571070663,0.688351129032258,21,107.7,2015-11-01,4.14544773101807,61,61,1,0
Sunset,2015,11,night,36442,6.29451,5789.489571070663,0.688351129032258,53,107.7,2015-11-01,4.14544773101807,61,61,1,0
Sunset,2015,12,day,36442,6.29451,5789.489571070663,0.688351129032258,21,107.7,2015-12-01,2.16988945007324,61,61,1,0
Sunset,2015,12,night,36442,6.29451,5789.489571070663,0.688351129032258,52,107.7,2015-12-01,2.16988945007324,61,61,1,0
Sunset,2016,1,day,36442,6.29451,5789.489571070663,0.688351129032258,23,107.7,2016-01-01,3.86656403541565,61,61,1,0
Sunset,2016,1,night,36442,6.29451,5789.489571070663,0.688351129032258,48,107.7,2016-01-01,3.86656403541565,61,61,1,0
Sunset,2016,2,day,36442,6.29451,5789.489571070663,0.688351129032258,15,107.6,2016-02-01,3.56405591964722,61,61,1,0
Sunset,2016,2,night,36442,6.29451,5789.489571070663,0.688351129032258,45,107.6,2016-02-01,3.56405591964722,61,61,1,0
Sunset,2016,3,day,36442,6.29451,5789.489571070663,0.688351129032258,22,107.7,2016-03-01,4.39966058731079,61,61,1,0
Sunset,2016,3,night,36442,6.29451,5789.489571070663,0.688351129032258,47,107.7,2016-03-01,4.39966058731079,61,61,1,0
Sunset,2016,4,day,36442,6.29451,5789.489571070663,0.688351129032258,25,112.2,2016-04-01,4.34011268615723,61,61,1,0
Sunset,2016,4,night,36442,6.29451,5789.489571070663,0.688351129032258,52,112.2,2016-04-01,4.34011268615723,61,61,1,0
Sunset,2016,5,day,36442,6.29451,5789.489571070663,0.688351129032258,29,112.3,2016-05-01,4.33573198318481,61,61,1,0
Sunset,2016,5,night,36442,6.29451,5789.489571070663,0.688351129032258,48,112.3,2016-05-01,4.33573198318481,61,61,1,0
Sunset,2016,6,day,36442,6.29451,5789.489571070663,0.688351129032258,20,112.2,2016-06-01,NA,NA,NA,NA,0
Sunset,2016,6,night,36442,6.29451,5789.489571070663,0.688351129032258,45,112.2,2016-06-01,NA,NA,NA,NA,0
Sunset,2016,7,day,36442,6.29451,5789.489571070663,0.688351129032258,31,112.3,2016-07-01,4.56402826309204,61,61,1,0
Sunset,2016,7,night,36442,6.29451,5789.489571070663,0.688351129032258,47,112.3,2016-07-01,4.56402826309204,61,61,1,0
Sunset,2016,8,day,36442,6.29451,5789.489571070663,0.688351129032258,29,112.3,2016-08-01,4.35711193084717,61,61,1,0
Sunset,2016,8,night,36442,6.29451,5789.489571070663,0.688351129032258,38,112.3,2016-08-01,4.35711193084717,61,61,1,0
Sunset,2016,9,day,36442,6.29451,5789.489571070663,0.688351129032258,20,112.2,2016-09-01,4.17829608917236,61,61,1,0
Sunset,2016,9,night,36442,6.29451,5789.489571070663,0.688351129032258,29,112.2,2016-09-01,4.17829608917236,61,61,1,0
Sunset,2016,10,day,36442,6.29451,5789.489571070663,0.688351129032258,31,112.3,2016-10-01,3.59232997894287,61,61,1,0
Sunset,2016,10,night,36442,6.29451,5789.489571070663,0.688351129032258,51,112.3,2016-10-01,3.59232997894287,61,61,1,0
Sunset,2016,11,day,36442,6.29451,5789.489571070663,0.688351129032258,24,112.2,2016-11-01,3.46676015853882,61,61,1,0
Sunset,2016,11,night,36442,6.29451,5789.489571070663,0.688351129032258,29,112.2,2016-11-01,3.46676015853882,61,61,1,0
Sunset,2016,12,day,36442,6.29451,5789.489571070663,0.688351129032258,16,112.3,2016-12-01,3.43026256561279,61,61,1,0
Sunset,2016,12,night,36442,6.29451,5789.489571070663,0.688351129032258,56,112.3,2016-12-01,3.43026256561279,61,61,1,0
Sunset,2017,1,day,36442,6.29451,5789.489571070663,0.688351129032258,8,112.3,2017-01-01,3.43264698982239,61,61,1,0
Sunset,2017,1,night,36442,6.29451,5789.489571070663,0.688351129032258,33,112.3,2017-01-01,3.43264698982239,61,61,1,0
Sunset,2017,2,day,36442,6.29451,5789.489571070663,0.688351129032258,19,112.1,2017-02-01,3.61021685600281,61,61,1,0
Sunset,2017,2,night,36442,6.29451,5789.489571070663,0.688351129032258,26,112.1,2017-02-01,3.61021685600281,61,61,1,0
Sunset,2017,3,day,36442,6.29451,5789.489571070663,0.688351129032258,24,112.3,2017-03-01,4.66725587844849,61,61,1,0
Sunset,2017,3,night,36442,6.29451,5789.489571070663,0.688351129032258,35,112.3,2017-03-01,4.66725587844849,61,61,1,0
Sunset,2017,4,day,36442,6.29451,5789.489571070663,0.688351129032258,22,115.2,2017-04-01,4.22115468978882,61,61,1,0
Sunset,2017,4,night,36442,6.29451,5789.489571070663,0.688351129032258,42,115.2,2017-04-01,4.22115468978882,61,61,1,0
Sunset,2017,5,day,36442,6.29451,5789.489571070663,0.688351129032258,23,115.3,2017-05-01,4.7639102935791,61,61,1,0
Sunset,2017,5,night,36442,6.29451,5789.489571070663,0.688351129032258,34,115.3,2017-05-01,4.7639102935791,61,61,1,0
Sunset,2017,6,day,36442,6.29451,5789.489571070663,0.688351129032258,23,115.2,2017-06-01,NA,NA,NA,NA,0
Sunset,2017,6,night,36442,6.29451,5789.489571070663,0.688351129032258,19,115.2,2017-06-01,NA,NA,NA,NA,0
Sunset,2017,7,day,36442,6.29451,5789.489571070663,0.688351129032258,25,115.3,2017-07-01,5.5142993927002,61,61,1,0
Sunset,2017,7,night,36442,6.29451,5789.489571070663,0.688351129032258,38,115.3,2017-07-01,5.5142993927002,61,61,1,0
Sunset,2017,8,day,36442,6.29451,5789.489571070663,0.688351129032258,26,115.3,2017-08-01,4.45009756088257,61,61,1,0
Sunset,2017,8,night,36442,6.29451,5789.489571070663,0.688351129032258,28,115.3,2017-08-01,4.45009756088257,61,61,1,0
Sunset,2017,9,day,36442,6.29451,5789.489571070663,0.688351129032258,25,115.2,2017-09-01,4.08741044998169,61,61,1,0
Sunset,2017,9,night,36442,6.29451,5789.489571070663,0.688351129032258,42,115.2,2017-09-01,4.08741044998169,61,61,1,0
Sunset,2017,10,day,36442,6.29451,5789.489571070663,0.688351129032258,23,115.3,2017-10-01,4.65707111358643,61,61,1,0
Sunset,2017,10,night,36442,6.29451,5789.489571070663,0.688351129032258,36,115.3,2017-10-01,4.65707111358643,61,61,1,0
Sunset,2017,11,day,36442,6.29451,5789.489571070663,0.688351129032258,26,115.2,2017-11-01,4.3003044128418,61,61,1,0
Sunset,2017,11,night,36442,6.29451,5789.489571070663,0.688351129032258,40,115.2,2017-11-01,4.3003044128418,61,61,1,0
Sunset,2017,12,day,36442,6.29451,5789.489571070663,0.688351129032258,20,115.3,2017-12-01,4.3131422996521,61,61,1,0
Sunset,2017,12,night,36442,6.29451,5789.489571070663,0.688351129032258,45,115.3,2017-12-01,4.3131422996521,61,61,1,0
Sunset,2018,1,day,36442,6.29451,5789.489571070663,0.688351129032258,20,115.3,2018-01-01,4.48988771438599,61,61,1,0
Sunset,2018,1,night,36442,6.29451,5789.489571070663,0.688351129032258,47,115.3,2018-01-01,4.48988771438599,61,61,1,0
Sunset,2018,2,day,36442,6.29451,5789.489571070663,0.688351129032258,23,115.1,2018-02-01,7.35962247848511,61,61,1,0
Sunset,2018,2,night,36442,6.29451,5789.489571070663,0.688351129032258,34,115.1,2018-02-01,7.35962247848511,61,61,1,0
Sunset,2018,3,day,36442,6.29451,5789.489571070663,0.688351129032258,16,115.3,2018-03-01,5.29026699066162,61,61,1,0
Sunset,2018,3,night,36442,6.29451,5789.489571070663,0.688351129032258,41,115.3,2018-03-01,5.29026699066162,61,61,1,0
Sunset,2018,4,day,36442,6.29451,5789.489571070663,0.688351129032258,25,118.7,2018-04-01,5.2153263092041,61,61,1,0
Sunset,2018,4,night,36442,6.29451,5789.489571070663,0.688351129032258,51,118.7,2018-04-01,5.2153263092041,61,61,1,0
Sunset,2018,5,day,36442,6.29451,5789.489571070663,0.688351129032258,33,118.8,2018-05-01,5.22219753265381,61,61,1,0
Sunset,2018,5,night,36442,6.29451,5789.489571070663,0.688351129032258,60,118.8,2018-05-01,5.22219753265381,61,61,1,0
Sunset,2018,6,day,36442,6.29451,5789.489571070663,0.688351129032258,35,118.7,2018-06-01,NA,NA,NA,NA,0
Sunset,2018,6,night,36442,6.29451,5789.489571070663,0.688351129032258,37,118.7,2018-06-01,NA,NA,NA,NA,0
Sunset,2018,7,day,36442,6.29451,5789.489571070663,0.688351129032258,24,118.8,2018-07-01,6.26120328903198,61,61,1,0
Sunset,2018,7,night,36442,6.29451,5789.489571070663,0.688351129032258,65,118.8,2018-07-01,6.26120328903198,61,61,1,0
Sunset,2018,8,day,36442,6.29451,5789.489571070663,0.688351129032258,17,118.8,2018-08-01,4.25757837295532,61,61,1,0
Sunset,2018,8,night,36442,6.29451,5789.489571070663,0.688351129032258,45,118.8,2018-08-01,4.25757837295532,61,61,1,0
Sunset,2018,9,day,36442,6.29451,5789.489571070663,0.688351129032258,18,118.7,2018-09-01,4.71453714370728,61,61,1,0
Sunset,2018,9,night,36442,6.29451,5789.489571070663,0.688351129032258,31,118.7,2018-09-01,4.71453714370728,61,61,1,0
Sunset,2018,10,day,36442,6.29451,5789.489571070663,0.688351129032258,19,118.8,2018-10-01,4.61734199523926,61,61,1,0
Sunset,2018,10,night,36442,6.29451,5789.489571070663,0.688351129032258,28,118.8,2018-10-01,4.61734199523926,61,61,1,0
Sunset,2018,11,day,36442,6.29451,5789.489571070663,0.688351129032258,27,118.7,2018-11-01,4.378342628479,61,61,1,0
Sunset,2018,11,night,36442,6.29451,5789.489571070663,0.688351129032258,44,118.7,2018-11-01,4.378342628479,61,61,1,0
Sunset,2018,12,day,36442,6.29451,5789.489571070663,0.688351129032258,18,118.8,2018-12-01,3.91511702537537,61,61,1,0
Sunset,2018,12,night,36442,6.29451,5789.489571070663,0.688351129032258,57,118.8,2018-12-01,3.91511702537537,61,61,1,0
Sunset,2019,1,day,34806,5.7982,6002.897450933048,0.9001724137931034,25,118.8,2019-01-01,3.73168396949768,61,61,1,0
Sunset,2019,1,night,34806,5.7982,6002.897450933048,0.9001724137931034,59,118.8,2019-01-01,3.73168396949768,61,61,1,0
Sunset,2019,2,day,34806,5.7982,6002.897450933048,0.9001724137931034,15,118.6,2019-02-01,5.49765729904175,61,61,1,0
Sunset,2019,2,night,34806,5.7982,6002.897450933048,0.9001724137931034,35,118.6,2019-02-01,5.49765729904175,61,61,1,0
Sunset,2019,3,day,34806,5.7982,6002.897450933048,0.9001724137931034,26,118.8,2019-03-01,4.88936948776245,61,61,1,0
Sunset,2019,3,night,34806,5.7982,6002.897450933048,0.9001724137931034,37,118.8,2019-03-01,4.88936948776245,61,61,1,0
Sunset,2019,4,day,34806,5.7982,6002.897450933048,0.9001724137931034,31,120.9,2019-04-01,5.41976642608643,61,61,1,0
Sunset,2019,4,night,34806,5.7982,6002.897450933048,0.9001724137931034,63,120.9,2019-04-01,5.41976642608643,61,61,1,0
Sunset,2019,5,day,34806,5.7982,6002.897450933048,0.9001724137931034,31,120.9,2019-05-01,5.15063381195068,61,61,1,0
Sunset,2019,5,night,34806,5.7982,6002.897450933048,0.9001724137931034,41,120.9,2019-05-01,5.15063381195068,61,61,1,0
Sunset,2019,6,day,34806,5.7982,6002.897450933048,0.9001724137931034,35,120.9,2019-06-01,NA,NA,NA,NA,0
Sunset,2019,6,night,34806,5.7982,6002.897450933048,0.9001724137931034,50,120.9,2019-06-01,NA,NA,NA,NA,0
Sunset,2019,7,day,34806,5.7982,6002.897450933048,0.9001724137931034,27,120.9,2019-07-01,5.51945877075195,61,61,1,0
Sunset,2019,7,night,34806,5.7982,6002.897450933048,0.9001724137931034,42,120.9,2019-07-01,5.51945877075195,61,61,1,0
Sunset,2019,8,day,34806,5.7982,6002.897450933048,0.9001724137931034,35,120.9,2019-08-01,5.02575778961182,61,61,1,0
Sunset,2019,8,night,34806,5.7982,6002.897450933048,0.9001724137931034,50,120.9,2019-08-01,5.02575778961182,61,61,1,0
Sunset,2019,9,day,34806,5.7982,6002.897450933048,0.9001724137931034,31,120.9,2019-09-01,4.81433629989624,61,61,1,0
Sunset,2019,9,night,34806,5.7982,6002.897450933048,0.9001724137931034,47,120.9,2019-09-01,4.81433629989624,61,61,1,0
Sunset,2019,10,day,34806,5.7982,6002.897450933048,0.9001724137931034,21,120.9,2019-10-01,4.87879800796509,61,61,1,0
Sunset,2019,10,night,34806,5.7982,6002.897450933048,0.9001724137931034,44,120.9,2019-10-01,4.87879800796509,61,61,1,0
Sunset,2019,11,day,34806,5.7982,6002.897450933048,0.9001724137931034,15,120.9,2019-11-01,4.66175937652588,61,61,1,0
Sunset,2019,11,night,34806,5.7982,6002.897450933048,0.9001724137931034,38,120.9,2019-11-01,4.66175937652588,61,61,1,0
Sunset,2019,12,day,34806,5.7982,6002.897450933048,0.9001724137931034,19,120.9,2019-12-01,3.36869835853577,61,61,1,0
Sunset,2019,12,night,34806,5.7982,6002.897450933048,0.9001724137931034,53,120.9,2019-12-01,3.36869835853577,61,61,1,0
Sunset,2020,1,day,34806,5.7982,6002.897450933048,0.9001724137931034,23,120.9,2020-01-01,5.82456398010254,61,61,1,0
Sunset,2020,1,night,34806,5.7982,6002.897450933048,0.9001724137931034,61,120.9,2020-01-01,5.82456398010254,61,61,1,0
Sunset,2020,2,day,34806,5.7982,6002.897450933048,0.9001724137931034,19,120.8,2020-02-01,4.68970632553101,61,61,1,0
Sunset,2020,2,night,34806,5.7982,6002.897450933048,0.9001724137931034,43,120.8,2020-02-01,4.68970632553101,61,61,1,0
Sunset,2020,3,day,34806,5.7982,6002.897450933048,0.9001724137931034,14,120.9,2020-03-01,5.20038938522339,61,61,1,0
Sunset,2020,3,night,34806,5.7982,6002.897450933048,0.9001724137931034,47,120.9,2020-03-01,5.20038938522339,61,61,1,0
Sunset,2020,4,day,34806,5.7982,6002.897450933048,0.9001724137931034,24,119.6,2020-04-01,5.1070032119751,61,61,1,0
Sunset,2020,4,night,34806,5.7982,6002.897450933048,0.9001724137931034,34,119.6,2020-04-01,5.1070032119751,61,61,1,0
Sunset,2020,5,day,34806,5.7982,6002.897450933048,0.9001724137931034,10,119.7,2020-05-01,5.08056259155273,61,61,1,0
Sunset,2020,5,night,34806,5.7982,6002.897450933048,0.9001724137931034,19,119.7,2020-05-01,5.08056259155273,61,61,1,0
Sunset,2020,6,day,34806,5.7982,6002.897450933048,0.9001724137931034,21,119.6,2020-06-01,NA,NA,NA,NA,0
Sunset,2020,6,night,34806,5.7982,6002.897450933048,0.9001724137931034,17,119.6,2020-06-01,NA,NA,NA,NA,0
Sunset,2020,7,day,34806,5.7982,6002.897450933048,0.9001724137931034,24,119.7,2020-07-01,5.62325525283813,61,61,1,0
Sunset,2020,7,night,34806,5.7982,6002.897450933048,0.9001724137931034,29,119.7,2020-07-01,5.62325525283813,61,61,1,0
Sunset,2020,8,day,34806,5.7982,6002.897450933048,0.9001724137931034,23,119.7,2020-08-01,4.82314968109131,61,61,1,0
Sunset,2020,8,night,34806,5.7982,6002.897450933048,0.9001724137931034,43,119.7,2020-08-01,4.82314968109131,61,61,1,0
Sunset,2020,9,day,34806,5.7982,6002.897450933048,0.9001724137931034,34,119.6,2020-09-01,4.84700059890747,61,61,1,0
Sunset,2020,9,night,34806,5.7982,6002.897450933048,0.9001724137931034,38,119.6,2020-09-01,4.84700059890747,61,61,1,0
Sunset,2020,10,day,34806,5.7982,6002.897450933048,0.9001724137931034,27,119.7,2020-10-01,4.21436834335327,61,61,1,0
Sunset,2020,10,night,34806,5.7982,6002.897450933048,0.9001724137931034,44,119.7,2020-10-01,4.21436834335327,61,61,1,0
Sunset,2020,11,day,34806,5.7982,6002.897450933048,0.9001724137931034,21,119.6,2020-11-01,4.45276880264282,61,61,1,0
Sunset,2020,11,night,34806,5.7982,6002.897450933048,0.9001724137931034,29,119.6,2020-11-01,4.45276880264282,61,61,1,0
Sunset,2020,12,day,34806,5.7982,6002.897450933048,0.9001724137931034,28,119.7,2020-12-01,3.53864622116089,61,61,1,0
Sunset,2020,12,night,34806,5.7982,6002.897450933048,0.9001724137931034,27,119.7,2020-12-01,3.53864622116089,61,61,1,0
Sunset,2021,1,day,34806,5.7982,6002.897450933048,0.9001724137931034,20,119.7,2021-01-01,3.76331973075867,61,61,1,0
Sunset,2021,1,night,34806,5.7982,6002.897450933048,0.9001724137931034,36,119.7,2021-01-01,3.76331973075867,61,61,1,0
Sunset,2021,2,day,34806,5.7982,6002.897450933048,0.9001724137931034,18,119.5,2021-02-01,4.86845302581787,61,61,1,0
Sunset,2021,2,night,34806,5.7982,6002.897450933048,0.9001724137931034,32,119.5,2021-02-01,4.86845302581787,61,61,1,0
Sunset,2021,3,day,34806,5.7982,6002.897450933048,0.9001724137931034,20,119.7,2021-03-01,4.79434394836426,61,61,1,0
Sunset,2021,3,night,34806,5.7982,6002.897450933048,0.9001724137931034,25,119.7,2021-03-01,4.79434394836426,61,61,1,0
Sunset,2021,4,day,34806,5.7982,6002.897450933048,0.9001724137931034,19,120.1,2021-04-01,5.41539096832275,61,61,1,0
Sunset,2021,4,night,34806,5.7982,6002.897450933048,0.9001724137931034,13,120.1,2021-04-01,5.41539096832275,61,61,1,0
Sunset,2021,5,day,34806,5.7982,6002.897450933048,0.9001724137931034,29,120.1,2021-05-01,5.35045337677002,61,61,1,0
Sunset,2021,5,night,34806,5.7982,6002.897450933048,0.9001724137931034,39,120.1,2021-05-01,5.35045337677002,61,61,1,0
Sunset,2021,6,day,34806,5.7982,6002.897450933048,0.9001724137931034,17,120.1,2021-06-01,NA,NA,NA,NA,0
Sunset,2021,6,night,34806,5.7982,6002.897450933048,0.9001724137931034,27,120.1,2021-06-01,NA,NA,NA,NA,0
Sunset,2021,7,day,34806,5.7982,6002.897450933048,0.9001724137931034,13,120.1,2021-07-01,6.03699254989624,61,61,1,0
Sunset,2021,7,night,34806,5.7982,6002.897450933048,0.9001724137931034,27,120.1,2021-07-01,6.03699254989624,61,61,1,0
Sunset,2021,8,day,34806,5.7982,6002.897450933048,0.9001724137931034,21,120.1,2021-08-01,5.09599113464355,61,61,1,0
Sunset,2021,8,night,34806,5.7982,6002.897450933048,0.9001724137931034,45,120.1,2021-08-01,5.09599113464355,61,61,1,0
Sunset,2021,9,day,34806,5.7982,6002.897450933048,0.9001724137931034,17,120.1,2021-09-01,4.90795516967773,61,61,1,0
Sunset,2021,9,night,34806,5.7982,6002.897450933048,0.9001724137931034,38,120.1,2021-09-01,4.90795516967773,61,61,1,0
Sunset,2021,10,day,34806,5.7982,6002.897450933048,0.9001724137931034,15,120.1,2021-10-01,4.98667526245117,61,61,1,0
Sunset,2021,10,night,34806,5.7982,6002.897450933048,0.9001724137931034,28,120.1,2021-10-01,4.98667526245117,61,61,1,0
Sunset,2021,11,day,34806,5.7982,6002.897450933048,0.9001724137931034,19,120.1,2021-11-01,5.33553695678711,61,61,1,0
Sunset,2021,11,night,34806,5.7982,6002.897450933048,0.9001724137931034,31,120.1,2021-11-01,5.33553695678711,61,61,1,0
Sunset,2021,12,day,34806,5.7982,6002.897450933048,0.9001724137931034,16,120.1,2021-12-01,4.76731777191162,61,61,1,0
Sunset,2021,12,night,34806,5.7982,6002.897450933048,0.9001724137931034,36,120.1,2021-12-01,4.76731777191162,61,61,1,0
Sunset,2022,1,day,34806,5.7982,6002.897450933048,0.9001724137931034,22,120.1,2022-01-01,4.01614046096802,61,61,1,0
Sunset,2022,1,night,34806,5.7982,6002.897450933048,0.9001724137931034,53,120.1,2022-01-01,4.01614046096802,61,61,1,0
Sunset,2022,2,day,34806,5.7982,6002.897450933048,0.9001724137931034,30,120,2022-02-01,5.11359453201294,61,61,1,0
Sunset,2022,2,night,34806,5.7982,6002.897450933048,0.9001724137931034,59,120,2022-02-01,5.11359453201294,61,61,1,0
Sunset,2022,3,day,34806,5.7982,6002.897450933048,0.9001724137931034,22,120.1,2022-03-01,5.16248464584351,61,61,1,0
Sunset,2022,3,night,34806,5.7982,6002.897450933048,0.9001724137931034,72,120.1,2022-03-01,5.16248464584351,61,61,1,0
Sunset,2022,4,day,34806,5.7982,6002.897450933048,0.9001724137931034,31,120.9,2022-04-01,5.29793548583984,61,61,1,0
Sunset,2022,4,night,34806,5.7982,6002.897450933048,0.9001724137931034,58,120.9,2022-04-01,5.29793548583984,61,61,1,0
Sunset,2022,5,day,34806,5.7982,6002.897450933048,0.9001724137931034,40,120.9,2022-05-01,5.12707614898682,61,61,1,0
Sunset,2022,5,night,34806,5.7982,6002.897450933048,0.9001724137931034,71,120.9,2022-05-01,5.12707614898682,61,61,1,0
Sunset,2022,6,day,34806,5.7982,6002.897450933048,0.9001724137931034,45,120.9,2022-06-01,NA,NA,NA,NA,0
Sunset,2022,6,night,34806,5.7982,6002.897450933048,0.9001724137931034,59,120.9,2022-06-01,NA,NA,NA,NA,0
Sunset,2022,7,day,34806,5.7982,6002.897450933048,0.9001724137931034,42,120.9,2022-07-01,6.36442995071411,61,61,1,0
Sunset,2022,7,night,34806,5.7982,6002.897450933048,0.9001724137931034,59,120.9,2022-07-01,6.36442995071411,61,61,1,0
Sunset,2022,8,day,34806,5.7982,6002.897450933048,0.9001724137931034,60,120.9,2022-08-01,4.81990575790405,61,61,1,0
Sunset,2022,8,night,34806,5.7982,6002.897450933048,0.9001724137931034,52,120.9,2022-08-01,4.81990575790405,61,61,1,0
Sunset,2022,9,day,34806,5.7982,6002.897450933048,0.9001724137931034,47,120.9,2022-09-01,4.87607526779175,61,61,1,0
Sunset,2022,9,night,34806,5.7982,6002.897450933048,0.9001724137931034,55,120.9,2022-09-01,4.87607526779175,61,61,1,0
Sunset,2022,10,day,34806,5.7982,6002.897450933048,0.9001724137931034,50,120.9,2022-10-01,4.8737587928772,61,61,1,0
Sunset,2022,10,night,34806,5.7982,6002.897450933048,0.9001724137931034,69,120.9,2022-10-01,4.8737587928772,61,61,1,0
Sunset,2022,11,day,34806,5.7982,6002.897450933048,0.9001724137931034,46,120.9,2022-11-01,4.26828193664551,61,61,1,0
Sunset,2022,11,night,34806,5.7982,6002.897450933048,0.9001724137931034,61,120.9,2022-11-01,4.26828193664551,61,61,1,0
Sunset,2022,12,day,34806,5.7982,6002.897450933048,0.9001724137931034,34,120.9,2022-12-01,4.67009496688843,61,61,1,0
Sunset,2022,12,night,34806,5.7982,6002.897450933048,0.9001724137931034,79,120.9,2022-12-01,4.67009496688843,61,61,1,0
Sunset,2023,1,day,34806,5.7982,6002.897450933048,0.9001724137931034,32,120.9,2023-01-01,3.89568614959717,61,61,1,0
Sunset,2023,1,night,34806,5.7982,6002.897450933048,0.9001724137931034,82,120.9,2023-01-01,3.89568614959717,61,61,1,0
Sunset,2023,2,day,34806,5.7982,6002.897450933048,0.9001724137931034,42,120.7,2023-02-01,3.80802941322327,61,61,1,0
Sunset,2023,2,night,34806,5.7982,6002.897450933048,0.9001724137931034,87,120.7,2023-02-01,3.80802941322327,61,61,1,0
Sunset,2023,3,day,34806,5.7982,6002.897450933048,0.9001724137931034,38,120.9,2023-03-01,4.85686731338501,61,61,1,0
Sunset,2023,3,night,34806,5.7982,6002.897450933048,0.9001724137931034,63,120.9,2023-03-01,4.85686731338501,61,61,1,0
Sunset,2023,4,day,34806,5.7982,6002.897450933048,0.9001724137931034,47,122,2023-04-01,5.07121562957764,61,61,1,0
Sunset,2023,4,night,34806,5.7982,6002.897450933048,0.9001724137931034,62,122,2023-04-01,5.07121562957764,61,61,1,0
Sunset,2023,5,day,34806,5.7982,6002.897450933048,0.9001724137931034,37,122.1,2023-05-01,5.50599527359009,61,61,1,0
Sunset,2023,5,night,34806,5.7982,6002.897450933048,0.9001724137931034,64,122.1,2023-05-01,5.50599527359009,61,61,1,0
Sunset,2023,6,day,34806,5.7982,6002.897450933048,0.9001724137931034,50,122,2023-06-01,NA,NA,NA,NA,0
Sunset,2023,6,night,34806,5.7982,6002.897450933048,0.9001724137931034,60,122,2023-06-01,NA,NA,NA,NA,0
Sunset,2023,7,day,34806,5.7982,6002.897450933048,0.9001724137931034,46,122.1,2023-07-01,6.26836204528809,61,61,1,0
Sunset,2023,7,night,34806,5.7982,6002.897450933048,0.9001724137931034,47,122.1,2023-07-01,6.26836204528809,61,61,1,0
Sunset,2023,8,day,34806,5.7982,6002.897450933048,0.9001724137931034,31,122.1,2023-08-01,5.51054430007935,61,61,1,0
Sunset,2023,8,night,34806,5.7982,6002.897450933048,0.9001724137931034,44,122.1,2023-08-01,5.51054430007935,61,61,1,0
Sunset,2023,9,day,34806,5.7982,6002.897450933048,0.9001724137931034,31,122.5,2023-09-01,4.95151662826538,61,61,1,0
Sunset,2023,9,night,34806,5.7982,6002.897450933048,0.9001724137931034,33,122.5,2023-09-01,4.95151662826538,61,61,1,0
Sunset,2023,10,day,34806,5.7982,6002.897450933048,0.9001724137931034,21,122.5,2023-10-01,4.74646043777466,61,61,1,0
Sunset,2023,10,night,34806,5.7982,6002.897450933048,0.9001724137931034,55,122.5,2023-10-01,4.74646043777466,61,61,1,0
Sunset,2023,11,day,34806,5.7982,6002.897450933048,0.9001724137931034,21,122.5,2023-11-01,4.53985166549683,61,61,1,0
Sunset,2023,11,night,34806,5.7982,6002.897450933048,0.9001724137931034,38,122.5,2023-11-01,4.53985166549683,61,61,1,0
Sunset,2023,12,day,34806,5.7982,6002.897450933048,0.9001724137931034,22,122.5,2023-12-01,4.3814754486084,61,61,1,0
Sunset,2023,12,night,34806,5.7982,6002.897450933048,0.9001724137931034,48,122.5,2023-12-01,4.3814754486084,61,61,1,0
Victoria-Fraserview,2014,1,day,31709,5.39805,5874.158260853457,0.7159166037735849,13,94.8,2014-01-01,3.38277125358582,48,48,1,0
Victoria-Fraserview,2014,1,night,31709,5.39805,5874.158260853457,0.7159166037735849,32,94.8,2014-01-01,3.38277125358582,48,48,1,0
Victoria-Fraserview,2014,2,day,31709,5.39805,5874.158260853457,0.7159166037735849,16,94.8,2014-02-01,3.19869232177734,48,48,1,0
Victoria-Fraserview,2014,2,night,31709,5.39805,5874.158260853457,0.7159166037735849,24,94.8,2014-02-01,3.19869232177734,48,48,1,0
Victoria-Fraserview,2014,3,day,31709,5.39805,5874.158260853457,0.7159166037735849,18,94.8,2014-03-01,3.69052648544312,48,48,1,0
Victoria-Fraserview,2014,3,night,31709,5.39805,5874.158260853457,0.7159166037735849,31,94.8,2014-03-01,3.69052648544312,48,48,1,0
Victoria-Fraserview,2014,4,day,31709,5.39805,5874.158260853457,0.7159166037735849,14,101.7,2014-04-01,3.74461340904236,48,48,1,0
Victoria-Fraserview,2014,4,night,31709,5.39805,5874.158260853457,0.7159166037735849,23,101.7,2014-04-01,3.74461340904236,48,48,1,0
Victoria-Fraserview,2014,5,day,31709,5.39805,5874.158260853457,0.7159166037735849,16,101.7,2014-05-01,3.88635897636414,48,48,1,0
Victoria-Fraserview,2014,5,night,31709,5.39805,5874.158260853457,0.7159166037735849,32,101.7,2014-05-01,3.88635897636414,48,48,1,0
Victoria-Fraserview,2014,6,day,31709,5.39805,5874.158260853457,0.7159166037735849,17,101.7,2014-06-01,NA,NA,NA,NA,0
Victoria-Fraserview,2014,6,night,31709,5.39805,5874.158260853457,0.7159166037735849,23,101.7,2014-06-01,NA,NA,NA,NA,0
Victoria-Fraserview,2014,7,day,31709,5.39805,5874.158260853457,0.7159166037735849,15,101.7,2014-07-01,4.1171875,48,48,1,0
Victoria-Fraserview,2014,7,night,31709,5.39805,5874.158260853457,0.7159166037735849,23,101.7,2014-07-01,4.1171875,48,48,1,0
Victoria-Fraserview,2014,8,day,31709,5.39805,5874.158260853457,0.7159166037735849,22,101.7,2014-08-01,3.52851510047913,48,48,1,0
Victoria-Fraserview,2014,8,night,31709,5.39805,5874.158260853457,0.7159166037735849,24,101.7,2014-08-01,3.52851510047913,48,48,1,0
Victoria-Fraserview,2014,9,day,31709,5.39805,5874.158260853457,0.7159166037735849,17,101.7,2014-09-01,3.52656364440918,48,48,1,0
Victoria-Fraserview,2014,9,night,31709,5.39805,5874.158260853457,0.7159166037735849,23,101.7,2014-09-01,3.52656364440918,48,48,1,0
Victoria-Fraserview,2014,10,day,31709,5.39805,5874.158260853457,0.7159166037735849,24,101.7,2014-10-01,3.20233106613159,48,48,1,0
Victoria-Fraserview,2014,10,night,31709,5.39805,5874.158260853457,0.7159166037735849,26,101.7,2014-10-01,3.20233106613159,48,48,1,0
Victoria-Fraserview,2014,11,day,31709,5.39805,5874.158260853457,0.7159166037735849,9,101.7,2014-11-01,3.54072022438049,48,48,1,0
Victoria-Fraserview,2014,11,night,31709,5.39805,5874.158260853457,0.7159166037735849,22,101.7,2014-11-01,3.54072022438049,48,48,1,0
Victoria-Fraserview,2014,12,day,31709,5.39805,5874.158260853457,0.7159166037735849,9,101.7,2014-12-01,3.44504928588867,48,48,1,0
Victoria-Fraserview,2014,12,night,31709,5.39805,5874.158260853457,0.7159166037735849,32,101.7,2014-12-01,3.44504928588867,48,48,1,0
Victoria-Fraserview,2015,1,day,31709,5.39805,5874.158260853457,0.7159166037735849,15,101.7,2015-01-01,3.03235006332397,48,48,1,0
Victoria-Fraserview,2015,1,night,31709,5.39805,5874.158260853457,0.7159166037735849,32,101.7,2015-01-01,3.03235006332397,48,48,1,0
Victoria-Fraserview,2015,2,day,31709,5.39805,5874.158260853457,0.7159166037735849,11,101.7,2015-02-01,3.36407780647278,48,48,1,0
Victoria-Fraserview,2015,2,night,31709,5.39805,5874.158260853457,0.7159166037735849,23,101.7,2015-02-01,3.36407780647278,48,48,1,0
Victoria-Fraserview,2015,3,day,31709,5.39805,5874.158260853457,0.7159166037735849,18,101.7,2015-03-01,3.48243832588196,48,48,1,0
Victoria-Fraserview,2015,3,night,31709,5.39805,5874.158260853457,0.7159166037735849,27,101.7,2015-03-01,3.48243832588196,48,48,1,0
Victoria-Fraserview,2015,4,day,31709,5.39805,5874.158260853457,0.7159166037735849,9,107.7,2015-04-01,3.2196931838989298,48,48,1,0
Victoria-Fraserview,2015,4,night,31709,5.39805,5874.158260853457,0.7159166037735849,28,107.7,2015-04-01,3.2196931838989298,48,48,1,0
Victoria-Fraserview,2015,5,day,31709,5.39805,5874.158260853457,0.7159166037735849,14,107.7,2015-05-01,3.41221857070923,48,48,1,0
Victoria-Fraserview,2015,5,night,31709,5.39805,5874.158260853457,0.7159166037735849,17,107.7,2015-05-01,3.41221857070923,48,48,1,0
Victoria-Fraserview,2015,6,day,31709,5.39805,5874.158260853457,0.7159166037735849,20,107.7,2015-06-01,NA,NA,NA,NA,0
Victoria-Fraserview,2015,6,night,31709,5.39805,5874.158260853457,0.7159166037735849,20,107.7,2015-06-01,NA,NA,NA,NA,0
Victoria-Fraserview,2015,7,day,31709,5.39805,5874.158260853457,0.7159166037735849,12,107.7,2015-07-01,3.81485390663147,48,48,1,0
Victoria-Fraserview,2015,7,night,31709,5.39805,5874.158260853457,0.7159166037735849,28,107.7,2015-07-01,3.81485390663147,48,48,1,0
Victoria-Fraserview,2015,8,day,31709,5.39805,5874.158260853457,0.7159166037735849,11,107.7,2015-08-01,3.27972555160522,48,48,1,0
Victoria-Fraserview,2015,8,night,31709,5.39805,5874.158260853457,0.7159166037735849,29,107.7,2015-08-01,3.27972555160522,48,48,1,0
Victoria-Fraserview,2015,9,day,31709,5.39805,5874.158260853457,0.7159166037735849,16,107.7,2015-09-01,3.06961297988892,48,48,1,0
Victoria-Fraserview,2015,9,night,31709,5.39805,5874.158260853457,0.7159166037735849,24,107.7,2015-09-01,3.06961297988892,48,48,1,0
Victoria-Fraserview,2015,10,day,31709,5.39805,5874.158260853457,0.7159166037735849,20,107.7,2015-10-01,3.28895282745361,48,48,1,0
Victoria-Fraserview,2015,10,night,31709,5.39805,5874.158260853457,0.7159166037735849,29,107.7,2015-10-01,3.28895282745361,48,48,1,0
Victoria-Fraserview,2015,11,day,31709,5.39805,5874.158260853457,0.7159166037735849,17,107.7,2015-11-01,3.17027640342712,48,48,1,0
Victoria-Fraserview,2015,11,night,31709,5.39805,5874.158260853457,0.7159166037735849,39,107.7,2015-11-01,3.17027640342712,48,48,1,0
Victoria-Fraserview,2015,12,day,31709,5.39805,5874.158260853457,0.7159166037735849,21,107.7,2015-12-01,1.93987429141998,48,48,1,0
Victoria-Fraserview,2015,12,night,31709,5.39805,5874.158260853457,0.7159166037735849,45,107.7,2015-12-01,1.93987429141998,48,48,1,0
Victoria-Fraserview,2016,1,day,31709,5.39805,5874.158260853457,0.7159166037735849,18,107.7,2016-01-01,3.1322908401489298,48,48,1,0
Victoria-Fraserview,2016,1,night,31709,5.39805,5874.158260853457,0.7159166037735849,32,107.7,2016-01-01,3.1322908401489298,48,48,1,0
Victoria-Fraserview,2016,2,day,31709,5.39805,5874.158260853457,0.7159166037735849,14,107.6,2016-02-01,2.80086874961853,48,48,1,0
Victoria-Fraserview,2016,2,night,31709,5.39805,5874.158260853457,0.7159166037735849,19,107.6,2016-02-01,2.80086874961853,48,48,1,0
Victoria-Fraserview,2016,3,day,31709,5.39805,5874.158260853457,0.7159166037735849,14,107.7,2016-03-01,3.33333587646484,48,48,1,0
Victoria-Fraserview,2016,3,night,31709,5.39805,5874.158260853457,0.7159166037735849,25,107.7,2016-03-01,3.33333587646484,48,48,1,0
Victoria-Fraserview,2016,4,day,31709,5.39805,5874.158260853457,0.7159166037735849,22,112.2,2016-04-01,3.26642847061157,48,48,1,0
Victoria-Fraserview,2016,4,night,31709,5.39805,5874.158260853457,0.7159166037735849,19,112.2,2016-04-01,3.26642847061157,48,48,1,0
Victoria-Fraserview,2016,5,day,31709,5.39805,5874.158260853457,0.7159166037735849,14,112.3,2016-05-01,3.18568062782288,48,48,1,0
Victoria-Fraserview,2016,5,night,31709,5.39805,5874.158260853457,0.7159166037735849,19,112.3,2016-05-01,3.18568062782288,48,48,1,0
Victoria-Fraserview,2016,6,day,31709,5.39805,5874.158260853457,0.7159166037735849,14,112.2,2016-06-01,NA,NA,NA,NA,0
Victoria-Fraserview,2016,6,night,31709,5.39805,5874.158260853457,0.7159166037735849,26,112.2,2016-06-01,NA,NA,NA,NA,0
Victoria-Fraserview,2016,7,day,31709,5.39805,5874.158260853457,0.7159166037735849,15,112.3,2016-07-01,3.11411380767822,48,48,1,0
Victoria-Fraserview,2016,7,night,31709,5.39805,5874.158260853457,0.7159166037735849,31,112.3,2016-07-01,3.11411380767822,48,48,1,0
Victoria-Fraserview,2016,8,day,31709,5.39805,5874.158260853457,0.7159166037735849,18,112.3,2016-08-01,3.08336853981018,48,48,1,0
Victoria-Fraserview,2016,8,night,31709,5.39805,5874.158260853457,0.7159166037735849,38,112.3,2016-08-01,3.08336853981018,48,48,1,0
Victoria-Fraserview,2016,9,day,31709,5.39805,5874.158260853457,0.7159166037735849,22,112.2,2016-09-01,2.99408674240112,48,48,1,0
Victoria-Fraserview,2016,9,night,31709,5.39805,5874.158260853457,0.7159166037735849,30,112.2,2016-09-01,2.99408674240112,48,48,1,0
Victoria-Fraserview,2016,10,day,31709,5.39805,5874.158260853457,0.7159166037735849,26,112.3,2016-10-01,2.78388476371765,48,48,1,0
Victoria-Fraserview,2016,10,night,31709,5.39805,5874.158260853457,0.7159166037735849,40,112.3,2016-10-01,2.78388476371765,48,48,1,0
Victoria-Fraserview,2016,11,day,31709,5.39805,5874.158260853457,0.7159166037735849,20,112.2,2016-11-01,2.40066194534302,48,48,1,0
Victoria-Fraserview,2016,11,night,31709,5.39805,5874.158260853457,0.7159166037735849,37,112.2,2016-11-01,2.40066194534302,48,48,1,0
Victoria-Fraserview,2016,12,day,31709,5.39805,5874.158260853457,0.7159166037735849,10,112.3,2016-12-01,2.580561876297,48,48,1,0
Victoria-Fraserview,2016,12,night,31709,5.39805,5874.158260853457,0.7159166037735849,31,112.3,2016-12-01,2.580561876297,48,48,1,0
Victoria-Fraserview,2017,1,day,31709,5.39805,5874.158260853457,0.7159166037735849,13,112.3,2017-01-01,2.53395056724548,48,48,1,0
Victoria-Fraserview,2017,1,night,31709,5.39805,5874.158260853457,0.7159166037735849,27,112.3,2017-01-01,2.53395056724548,48,48,1,0
Victoria-Fraserview,2017,2,day,31709,5.39805,5874.158260853457,0.7159166037735849,10,112.1,2017-02-01,2.32145571708679,48,48,1,0
Victoria-Fraserview,2017,2,night,31709,5.39805,5874.158260853457,0.7159166037735849,26,112.1,2017-02-01,2.32145571708679,48,48,1,0
Victoria-Fraserview,2017,3,day,31709,5.39805,5874.158260853457,0.7159166037735849,21,112.3,2017-03-01,3.37160682678223,48,48,1,0
Victoria-Fraserview,2017,3,night,31709,5.39805,5874.158260853457,0.7159166037735849,26,112.3,2017-03-01,3.37160682678223,48,48,1,0
Victoria-Fraserview,2017,4,day,31709,5.39805,5874.158260853457,0.7159166037735849,18,115.2,2017-04-01,3.09429430961609,48,48,1,0
Victoria-Fraserview,2017,4,night,31709,5.39805,5874.158260853457,0.7159166037735849,25,115.2,2017-04-01,3.09429430961609,48,48,1,0
Victoria-Fraserview,2017,5,day,31709,5.39805,5874.158260853457,0.7159166037735849,25,115.3,2017-05-01,3.35777235031128,48,48,1,0
Victoria-Fraserview,2017,5,night,31709,5.39805,5874.158260853457,0.7159166037735849,34,115.3,2017-05-01,3.35777235031128,48,48,1,0
Victoria-Fraserview,2017,6,day,31709,5.39805,5874.158260853457,0.7159166037735849,20,115.2,2017-06-01,NA,NA,NA,NA,0
Victoria-Fraserview,2017,6,night,31709,5.39805,5874.158260853457,0.7159166037735849,23,115.2,2017-06-01,NA,NA,NA,NA,0
Victoria-Fraserview,2017,7,day,31709,5.39805,5874.158260853457,0.7159166037735849,22,115.3,2017-07-01,4.10837364196777,48,48,1,0
Victoria-Fraserview,2017,7,night,31709,5.39805,5874.158260853457,0.7159166037735849,40,115.3,2017-07-01,4.10837364196777,48,48,1,0
Victoria-Fraserview,2017,8,day,31709,5.39805,5874.158260853457,0.7159166037735849,16,115.3,2017-08-01,3.24103140830994,48,48,1,0
Victoria-Fraserview,2017,8,night,31709,5.39805,5874.158260853457,0.7159166037735849,21,115.3,2017-08-01,3.24103140830994,48,48,1,0
Victoria-Fraserview,2017,9,day,31709,5.39805,5874.158260853457,0.7159166037735849,24,115.2,2017-09-01,3.11466383934021,48,48,1,0
Victoria-Fraserview,2017,9,night,31709,5.39805,5874.158260853457,0.7159166037735849,31,115.2,2017-09-01,3.11466383934021,48,48,1,0
Victoria-Fraserview,2017,10,day,31709,5.39805,5874.158260853457,0.7159166037735849,20,115.3,2017-10-01,3.14731621742249,48,48,1,0
Victoria-Fraserview,2017,10,night,31709,5.39805,5874.158260853457,0.7159166037735849,36,115.3,2017-10-01,3.14731621742249,48,48,1,0
Victoria-Fraserview,2017,11,day,31709,5.39805,5874.158260853457,0.7159166037735849,14,115.2,2017-11-01,2.53460836410522,48,48,1,0
Victoria-Fraserview,2017,11,night,31709,5.39805,5874.158260853457,0.7159166037735849,37,115.2,2017-11-01,2.53460836410522,48,48,1,0
Victoria-Fraserview,2017,12,day,31709,5.39805,5874.158260853457,0.7159166037735849,20,115.3,2017-12-01,2.8066520690918,48,48,1,0
Victoria-Fraserview,2017,12,night,31709,5.39805,5874.158260853457,0.7159166037735849,36,115.3,2017-12-01,2.8066520690918,48,48,1,0
Victoria-Fraserview,2018,1,day,31709,5.39805,5874.158260853457,0.7159166037735849,12,115.3,2018-01-01,2.17773342132568,48,48,1,0
Victoria-Fraserview,2018,1,night,31709,5.39805,5874.158260853457,0.7159166037735849,25,115.3,2018-01-01,2.17773342132568,48,48,1,0
Victoria-Fraserview,2018,2,day,31709,5.39805,5874.158260853457,0.7159166037735849,11,115.1,2018-02-01,5.28637456893921,48,48,1,0
Victoria-Fraserview,2018,2,night,31709,5.39805,5874.158260853457,0.7159166037735849,23,115.1,2018-02-01,5.28637456893921,48,48,1,0
Victoria-Fraserview,2018,3,day,31709,5.39805,5874.158260853457,0.7159166037735849,17,115.3,2018-03-01,3.44051742553711,48,48,1,0
Victoria-Fraserview,2018,3,night,31709,5.39805,5874.158260853457,0.7159166037735849,35,115.3,2018-03-01,3.44051742553711,48,48,1,0
Victoria-Fraserview,2018,4,day,31709,5.39805,5874.158260853457,0.7159166037735849,24,118.7,2018-04-01,3.49924492835999,48,48,1,0
Victoria-Fraserview,2018,4,night,31709,5.39805,5874.158260853457,0.7159166037735849,34,118.7,2018-04-01,3.49924492835999,48,48,1,0
Victoria-Fraserview,2018,5,day,31709,5.39805,5874.158260853457,0.7159166037735849,14,118.8,2018-05-01,3.28930497169495,48,48,1,0
Victoria-Fraserview,2018,5,night,31709,5.39805,5874.158260853457,0.7159166037735849,30,118.8,2018-05-01,3.28930497169495,48,48,1,0
Victoria-Fraserview,2018,6,day,31709,5.39805,5874.158260853457,0.7159166037735849,19,118.7,2018-06-01,NA,NA,NA,NA,0
Victoria-Fraserview,2018,6,night,31709,5.39805,5874.158260853457,0.7159166037735849,29,118.7,2018-06-01,NA,NA,NA,NA,0
Victoria-Fraserview,2018,7,day,31709,5.39805,5874.158260853457,0.7159166037735849,16,118.8,2018-07-01,4.30106973648071,48,48,1,0
Victoria-Fraserview,2018,7,night,31709,5.39805,5874.158260853457,0.7159166037735849,23,118.8,2018-07-01,4.30106973648071,48,48,1,0
Victoria-Fraserview,2018,8,day,31709,5.39805,5874.158260853457,0.7159166037735849,16,118.8,2018-08-01,3.06765198707581,48,48,1,0
Victoria-Fraserview,2018,8,night,31709,5.39805,5874.158260853457,0.7159166037735849,31,118.8,2018-08-01,3.06765198707581,48,48,1,0
Victoria-Fraserview,2018,9,day,31709,5.39805,5874.158260853457,0.7159166037735849,18,118.7,2018-09-01,3.15220904350281,48,48,1,0
Victoria-Fraserview,2018,9,night,31709,5.39805,5874.158260853457,0.7159166037735849,27,118.7,2018-09-01,3.15220904350281,48,48,1,0
Victoria-Fraserview,2018,10,day,31709,5.39805,5874.158260853457,0.7159166037735849,6,118.8,2018-10-01,3.18717074394226,48,48,1,0
Victoria-Fraserview,2018,10,night,31709,5.39805,5874.158260853457,0.7159166037735849,25,118.8,2018-10-01,3.18717074394226,48,48,1,0
Victoria-Fraserview,2018,11,day,31709,5.39805,5874.158260853457,0.7159166037735849,13,118.7,2018-11-01,3.19140672683716,48,48,1,0
Victoria-Fraserview,2018,11,night,31709,5.39805,5874.158260853457,0.7159166037735849,26,118.7,2018-11-01,3.19140672683716,48,48,1,0
Victoria-Fraserview,2018,12,day,31709,5.39805,5874.158260853457,0.7159166037735849,22,118.8,2018-12-01,2.8795690536499,48,48,1,0
Victoria-Fraserview,2018,12,night,31709,5.39805,5874.158260853457,0.7159166037735849,36,118.8,2018-12-01,2.8795690536499,48,48,1,0
Victoria-Fraserview,2019,1,day,30616,5.226,5858.4003061615,0.8766346153846154,8,118.8,2019-01-01,2.9247887134552,48,48,1,0
Victoria-Fraserview,2019,1,night,30616,5.226,5858.4003061615,0.8766346153846154,33,118.8,2019-01-01,2.9247887134552,48,48,1,0
Victoria-Fraserview,2019,2,day,30616,5.226,5858.4003061615,0.8766346153846154,7,118.6,2019-02-01,4.31809520721436,48,48,1,0
Victoria-Fraserview,2019,2,night,30616,5.226,5858.4003061615,0.8766346153846154,31,118.6,2019-02-01,4.31809520721436,48,48,1,0
Victoria-Fraserview,2019,3,day,30616,5.226,5858.4003061615,0.8766346153846154,15,118.8,2019-03-01,3.45605754852295,48,48,1,0
Victoria-Fraserview,2019,3,night,30616,5.226,5858.4003061615,0.8766346153846154,29,118.8,2019-03-01,3.45605754852295,48,48,1,0
Victoria-Fraserview,2019,4,day,30616,5.226,5858.4003061615,0.8766346153846154,16,120.9,2019-04-01,3.69835591316223,48,48,1,0
Victoria-Fraserview,2019,4,night,30616,5.226,5858.4003061615,0.8766346153846154,39,120.9,2019-04-01,3.69835591316223,48,48,1,0
Victoria-Fraserview,2019,5,day,30616,5.226,5858.4003061615,0.8766346153846154,16,120.9,2019-05-01,3.482741355896,48,48,1,0
Victoria-Fraserview,2019,5,night,30616,5.226,5858.4003061615,0.8766346153846154,28,120.9,2019-05-01,3.482741355896,48,48,1,0
Victoria-Fraserview,2019,6,day,30616,5.226,5858.4003061615,0.8766346153846154,18,120.9,2019-06-01,NA,NA,NA,NA,0
Victoria-Fraserview,2019,6,night,30616,5.226,5858.4003061615,0.8766346153846154,42,120.9,2019-06-01,NA,NA,NA,NA,0
Victoria-Fraserview,2019,7,day,30616,5.226,5858.4003061615,0.8766346153846154,17,120.9,2019-07-01,3.99728417396545,48,48,1,0
Victoria-Fraserview,2019,7,night,30616,5.226,5858.4003061615,0.8766346153846154,30,120.9,2019-07-01,3.99728417396545,48,48,1,0
Victoria-Fraserview,2019,8,day,30616,5.226,5858.4003061615,0.8766346153846154,16,120.9,2019-08-01,3.71680307388306,48,48,1,0
Victoria-Fraserview,2019,8,night,30616,5.226,5858.4003061615,0.8766346153846154,18,120.9,2019-08-01,3.71680307388306,48,48,1,0
Victoria-Fraserview,2019,9,day,30616,5.226,5858.4003061615,0.8766346153846154,20,120.9,2019-09-01,3.71166586875916,48,48,1,0
Victoria-Fraserview,2019,9,night,30616,5.226,5858.4003061615,0.8766346153846154,30,120.9,2019-09-01,3.71166586875916,48,48,1,0
Victoria-Fraserview,2019,10,day,30616,5.226,5858.4003061615,0.8766346153846154,13,120.9,2019-10-01,3.5048551559448202,48,48,1,0
Victoria-Fraserview,2019,10,night,30616,5.226,5858.4003061615,0.8766346153846154,27,120.9,2019-10-01,3.5048551559448202,48,48,1,0
Victoria-Fraserview,2019,11,day,30616,5.226,5858.4003061615,0.8766346153846154,17,120.9,2019-11-01,3.62090849876404,48,48,1,0
Victoria-Fraserview,2019,11,night,30616,5.226,5858.4003061615,0.8766346153846154,26,120.9,2019-11-01,3.62090849876404,48,48,1,0
Victoria-Fraserview,2019,12,day,30616,5.226,5858.4003061615,0.8766346153846154,17,120.9,2019-12-01,2.54967141151428,48,48,1,0
Victoria-Fraserview,2019,12,night,30616,5.226,5858.4003061615,0.8766346153846154,37,120.9,2019-12-01,2.54967141151428,48,48,1,0
Victoria-Fraserview,2020,1,day,30616,5.226,5858.4003061615,0.8766346153846154,12,120.9,2020-01-01,4.16188383102417,48,48,1,0
Victoria-Fraserview,2020,1,night,30616,5.226,5858.4003061615,0.8766346153846154,37,120.9,2020-01-01,4.16188383102417,48,48,1,0
Victoria-Fraserview,2020,2,day,30616,5.226,5858.4003061615,0.8766346153846154,15,120.8,2020-02-01,3.33181023597717,48,48,1,0
Victoria-Fraserview,2020,2,night,30616,5.226,5858.4003061615,0.8766346153846154,26,120.8,2020-02-01,3.33181023597717,48,48,1,0
Victoria-Fraserview,2020,3,day,30616,5.226,5858.4003061615,0.8766346153846154,22,120.9,2020-03-01,3.5586268901825,48,48,1,0
Victoria-Fraserview,2020,3,night,30616,5.226,5858.4003061615,0.8766346153846154,29,120.9,2020-03-01,3.5586268901825,48,48,1,0
Victoria-Fraserview,2020,4,day,30616,5.226,5858.4003061615,0.8766346153846154,15,119.6,2020-04-01,3.52872633934021,48,48,1,0
Victoria-Fraserview,2020,4,night,30616,5.226,5858.4003061615,0.8766346153846154,21,119.6,2020-04-01,3.52872633934021,48,48,1,0
Victoria-Fraserview,2020,5,day,30616,5.226,5858.4003061615,0.8766346153846154,15,119.7,2020-05-01,3.4395968914032,48,48,1,0
Victoria-Fraserview,2020,5,night,30616,5.226,5858.4003061615,0.8766346153846154,19,119.7,2020-05-01,3.4395968914032,48,48,1,0
Victoria-Fraserview,2020,6,day,30616,5.226,5858.4003061615,0.8766346153846154,16,119.6,2020-06-01,NA,NA,NA,NA,0
Victoria-Fraserview,2020,6,night,30616,5.226,5858.4003061615,0.8766346153846154,19,119.6,2020-06-01,NA,NA,NA,NA,0
Victoria-Fraserview,2020,7,day,30616,5.226,5858.4003061615,0.8766346153846154,10,119.7,2020-07-01,3.71369290351868,48,48,1,0
Victoria-Fraserview,2020,7,night,30616,5.226,5858.4003061615,0.8766346153846154,16,119.7,2020-07-01,3.71369290351868,48,48,1,0
Victoria-Fraserview,2020,8,day,30616,5.226,5858.4003061615,0.8766346153846154,6,119.7,2020-08-01,3.42848801612854,48,48,1,0
Victoria-Fraserview,2020,8,night,30616,5.226,5858.4003061615,0.8766346153846154,20,119.7,2020-08-01,3.42848801612854,48,48,1,0
Victoria-Fraserview,2020,9,day,30616,5.226,5858.4003061615,0.8766346153846154,8,119.6,2020-09-01,3.39308643341064,48,48,1,0
Victoria-Fraserview,2020,9,night,30616,5.226,5858.4003061615,0.8766346153846154,19,119.6,2020-09-01,3.39308643341064,48,48,1,0
Victoria-Fraserview,2020,10,day,30616,5.226,5858.4003061615,0.8766346153846154,13,119.7,2020-10-01,2.95729875564575,48,48,1,0
Victoria-Fraserview,2020,10,night,30616,5.226,5858.4003061615,0.8766346153846154,24,119.7,2020-10-01,2.95729875564575,48,48,1,0
Victoria-Fraserview,2020,11,day,30616,5.226,5858.4003061615,0.8766346153846154,14,119.6,2020-11-01,2.95162463188171,48,48,1,0
Victoria-Fraserview,2020,11,night,30616,5.226,5858.4003061615,0.8766346153846154,18,119.6,2020-11-01,2.95162463188171,48,48,1,0
Victoria-Fraserview,2020,12,day,30616,5.226,5858.4003061615,0.8766346153846154,9,119.7,2020-12-01,2.54789352416992,48,48,1,0
Victoria-Fraserview,2020,12,night,30616,5.226,5858.4003061615,0.8766346153846154,23,119.7,2020-12-01,2.54789352416992,48,48,1,0
Victoria-Fraserview,2021,1,day,30616,5.226,5858.4003061615,0.8766346153846154,6,119.7,2021-01-01,2.74248123168945,48,48,1,0
Victoria-Fraserview,2021,1,night,30616,5.226,5858.4003061615,0.8766346153846154,19,119.7,2021-01-01,2.74248123168945,48,48,1,0
Victoria-Fraserview,2021,2,day,30616,5.226,5858.4003061615,0.8766346153846154,9,119.5,2021-02-01,3.46524047851562,48,48,1,0
Victoria-Fraserview,2021,2,night,30616,5.226,5858.4003061615,0.8766346153846154,23,119.5,2021-02-01,3.46524047851562,48,48,1,0
Victoria-Fraserview,2021,3,day,30616,5.226,5858.4003061615,0.8766346153846154,16,119.7,2021-03-01,3.56185507774353,48,48,1,0
Victoria-Fraserview,2021,3,night,30616,5.226,5858.4003061615,0.8766346153846154,17,119.7,2021-03-01,3.56185507774353,48,48,1,0
Victoria-Fraserview,2021,4,day,30616,5.226,5858.4003061615,0.8766346153846154,13,120.1,2021-04-01,3.79739141464233,48,48,1,0
Victoria-Fraserview,2021,4,night,30616,5.226,5858.4003061615,0.8766346153846154,19,120.1,2021-04-01,3.79739141464233,48,48,1,0
Victoria-Fraserview,2021,5,day,30616,5.226,5858.4003061615,0.8766346153846154,15,120.1,2021-05-01,3.81913185119629,48,48,1,0
Victoria-Fraserview,2021,5,night,30616,5.226,5858.4003061615,0.8766346153846154,25,120.1,2021-05-01,3.81913185119629,48,48,1,0
Victoria-Fraserview,2021,6,day,30616,5.226,5858.4003061615,0.8766346153846154,10,120.1,2021-06-01,NA,NA,NA,NA,0
Victoria-Fraserview,2021,6,night,30616,5.226,5858.4003061615,0.8766346153846154,22,120.1,2021-06-01,NA,NA,NA,NA,0
Victoria-Fraserview,2021,7,day,30616,5.226,5858.4003061615,0.8766346153846154,13,120.1,2021-07-01,3.96669816970825,48,48,1,0
Victoria-Fraserview,2021,7,night,30616,5.226,5858.4003061615,0.8766346153846154,25,120.1,2021-07-01,3.96669816970825,48,48,1,0
Victoria-Fraserview,2021,8,day,30616,5.226,5858.4003061615,0.8766346153846154,10,120.1,2021-08-01,3.47911500930786,48,48,1,0
Victoria-Fraserview,2021,8,night,30616,5.226,5858.4003061615,0.8766346153846154,28,120.1,2021-08-01,3.47911500930786,48,48,1,0
Victoria-Fraserview,2021,9,day,30616,5.226,5858.4003061615,0.8766346153846154,9,120.1,2021-09-01,3.39433312416077,48,48,1,0
Victoria-Fraserview,2021,9,night,30616,5.226,5858.4003061615,0.8766346153846154,19,120.1,2021-09-01,3.39433312416077,48,48,1,0
Victoria-Fraserview,2021,10,day,30616,5.226,5858.4003061615,0.8766346153846154,9,120.1,2021-10-01,3.36756730079651,48,48,1,0
Victoria-Fraserview,2021,10,night,30616,5.226,5858.4003061615,0.8766346153846154,30,120.1,2021-10-01,3.36756730079651,48,48,1,0
Victoria-Fraserview,2021,11,day,30616,5.226,5858.4003061615,0.8766346153846154,13,120.1,2021-11-01,3.5277376174926798,48,48,1,0
Victoria-Fraserview,2021,11,night,30616,5.226,5858.4003061615,0.8766346153846154,19,120.1,2021-11-01,3.5277376174926798,48,48,1,0
Victoria-Fraserview,2021,12,day,30616,5.226,5858.4003061615,0.8766346153846154,10,120.1,2021-12-01,3.2427990436554,48,48,1,0
Victoria-Fraserview,2021,12,night,30616,5.226,5858.4003061615,0.8766346153846154,25,120.1,2021-12-01,3.2427990436554,48,48,1,0
Victoria-Fraserview,2022,1,day,30616,5.226,5858.4003061615,0.8766346153846154,6,120.1,2022-01-01,3.05219173431396,48,48,1,0
Victoria-Fraserview,2022,1,night,30616,5.226,5858.4003061615,0.8766346153846154,22,120.1,2022-01-01,3.05219173431396,48,48,1,0
Victoria-Fraserview,2022,2,day,30616,5.226,5858.4003061615,0.8766346153846154,12,120,2022-02-01,3.85541319847107,48,48,1,0
Victoria-Fraserview,2022,2,night,30616,5.226,5858.4003061615,0.8766346153846154,24,120,2022-02-01,3.85541319847107,48,48,1,0
Victoria-Fraserview,2022,3,day,30616,5.226,5858.4003061615,0.8766346153846154,9,120.1,2022-03-01,3.626704454422,48,48,1,0
Victoria-Fraserview,2022,3,night,30616,5.226,5858.4003061615,0.8766346153846154,30,120.1,2022-03-01,3.626704454422,48,48,1,0
Victoria-Fraserview,2022,4,day,30616,5.226,5858.4003061615,0.8766346153846154,12,120.9,2022-04-01,3.81459403038025,48,48,1,0
Victoria-Fraserview,2022,4,night,30616,5.226,5858.4003061615,0.8766346153846154,21,120.9,2022-04-01,3.81459403038025,48,48,1,0
Victoria-Fraserview,2022,5,day,30616,5.226,5858.4003061615,0.8766346153846154,14,120.9,2022-05-01,4.05295562744141,48,48,1,0
Victoria-Fraserview,2022,5,night,30616,5.226,5858.4003061615,0.8766346153846154,23,120.9,2022-05-01,4.05295562744141,48,48,1,0
Victoria-Fraserview,2022,6,day,30616,5.226,5858.4003061615,0.8766346153846154,10,120.9,2022-06-01,NA,NA,NA,NA,0
Victoria-Fraserview,2022,6,night,30616,5.226,5858.4003061615,0.8766346153846154,26,120.9,2022-06-01,NA,NA,NA,NA,0
Victoria-Fraserview,2022,7,day,30616,5.226,5858.4003061615,0.8766346153846154,10,120.9,2022-07-01,4.19613218307495,48,48,1,0
Victoria-Fraserview,2022,7,night,30616,5.226,5858.4003061615,0.8766346153846154,18,120.9,2022-07-01,4.19613218307495,48,48,1,0
Victoria-Fraserview,2022,8,day,30616,5.226,5858.4003061615,0.8766346153846154,9,120.9,2022-08-01,3.5058388710022,48,48,1,0
Victoria-Fraserview,2022,8,night,30616,5.226,5858.4003061615,0.8766346153846154,25,120.9,2022-08-01,3.5058388710022,48,48,1,0
Victoria-Fraserview,2022,9,day,30616,5.226,5858.4003061615,0.8766346153846154,16,120.9,2022-09-01,3.5191867351532,48,48,1,0
Victoria-Fraserview,2022,9,night,30616,5.226,5858.4003061615,0.8766346153846154,31,120.9,2022-09-01,3.5191867351532,48,48,1,0
Victoria-Fraserview,2022,10,day,30616,5.226,5858.4003061615,0.8766346153846154,17,120.9,2022-10-01,3.55711722373962,48,48,1,0
Victoria-Fraserview,2022,10,night,30616,5.226,5858.4003061615,0.8766346153846154,23,120.9,2022-10-01,3.55711722373962,48,48,1,0
Victoria-Fraserview,2022,11,day,30616,5.226,5858.4003061615,0.8766346153846154,14,120.9,2022-11-01,3.30097985267639,48,48,1,0
Victoria-Fraserview,2022,11,night,30616,5.226,5858.4003061615,0.8766346153846154,21,120.9,2022-11-01,3.30097985267639,48,48,1,0
Victoria-Fraserview,2022,12,day,30616,5.226,5858.4003061615,0.8766346153846154,10,120.9,2022-12-01,3.00567674636841,48,48,1,0
Victoria-Fraserview,2022,12,night,30616,5.226,5858.4003061615,0.8766346153846154,25,120.9,2022-12-01,3.00567674636841,48,48,1,0
Victoria-Fraserview,2023,1,day,30616,5.226,5858.4003061615,0.8766346153846154,9,120.9,2023-01-01,2.85722708702087,48,48,1,0
Victoria-Fraserview,2023,1,night,30616,5.226,5858.4003061615,0.8766346153846154,29,120.9,2023-01-01,2.85722708702087,48,48,1,0
Victoria-Fraserview,2023,2,day,30616,5.226,5858.4003061615,0.8766346153846154,11,120.7,2023-02-01,4.62930870056152,48,48,1,0
Victoria-Fraserview,2023,2,night,30616,5.226,5858.4003061615,0.8766346153846154,25,120.7,2023-02-01,4.62930870056152,48,48,1,0
Victoria-Fraserview,2023,3,day,30616,5.226,5858.4003061615,0.8766346153846154,6,120.9,2023-03-01,3.72108888626099,48,48,1,0
Victoria-Fraserview,2023,3,night,30616,5.226,5858.4003061615,0.8766346153846154,21,120.9,2023-03-01,3.72108888626099,48,48,1,0
Victoria-Fraserview,2023,4,day,30616,5.226,5858.4003061615,0.8766346153846154,6,122,2023-04-01,3.56922101974487,48,48,1,0
Victoria-Fraserview,2023,4,night,30616,5.226,5858.4003061615,0.8766346153846154,29,122,2023-04-01,3.56922101974487,48,48,1,0
Victoria-Fraserview,2023,5,day,30616,5.226,5858.4003061615,0.8766346153846154,5,122.1,2023-05-01,3.88412070274353,48,48,1,0
Victoria-Fraserview,2023,5,night,30616,5.226,5858.4003061615,0.8766346153846154,24,122.1,2023-05-01,3.88412070274353,48,48,1,0
Victoria-Fraserview,2023,6,day,30616,5.226,5858.4003061615,0.8766346153846154,12,122,2023-06-01,NA,NA,NA,NA,0
Victoria-Fraserview,2023,6,night,30616,5.226,5858.4003061615,0.8766346153846154,22,122,2023-06-01,NA,NA,NA,NA,0
Victoria-Fraserview,2023,7,day,30616,5.226,5858.4003061615,0.8766346153846154,4,122.1,2023-07-01,4.1268367767334,48,48,1,0
Victoria-Fraserview,2023,7,night,30616,5.226,5858.4003061615,0.8766346153846154,16,122.1,2023-07-01,4.1268367767334,48,48,1,0
Victoria-Fraserview,2023,8,day,30616,5.226,5858.4003061615,0.8766346153846154,16,122.1,2023-08-01,3.84213256835938,48,48,1,0
Victoria-Fraserview,2023,8,night,30616,5.226,5858.4003061615,0.8766346153846154,17,122.1,2023-08-01,3.84213256835938,48,48,1,0
Victoria-Fraserview,2023,9,day,30616,5.226,5858.4003061615,0.8766346153846154,12,122.5,2023-09-01,3.46562767028809,48,48,1,0
Victoria-Fraserview,2023,9,night,30616,5.226,5858.4003061615,0.8766346153846154,21,122.5,2023-09-01,3.46562767028809,48,48,1,0
Victoria-Fraserview,2023,10,day,30616,5.226,5858.4003061615,0.8766346153846154,9,122.5,2023-10-01,3.47422862052917,48,48,1,0
Victoria-Fraserview,2023,10,night,30616,5.226,5858.4003061615,0.8766346153846154,28,122.5,2023-10-01,3.47422862052917,48,48,1,0
Victoria-Fraserview,2023,11,day,30616,5.226,5858.4003061615,0.8766346153846154,7,122.5,2023-11-01,3.16802263259888,48,48,1,0
Victoria-Fraserview,2023,11,night,30616,5.226,5858.4003061615,0.8766346153846154,16,122.5,2023-11-01,3.16802263259888,48,48,1,0
Victoria-Fraserview,2023,12,day,30616,5.226,5858.4003061615,0.8766346153846154,5,122.5,2023-12-01,3.02312707901001,48,48,1,0
Victoria-Fraserview,2023,12,night,30616,5.226,5858.4003061615,0.8766346153846154,23,122.5,2023-12-01,3.02312707901001,48,48,1,0
West End,2014,1,day,45912,1.96573,23356.20863496004,0.5203934328358208,66,94.8,2014-01-01,8.4838981628418,27,27,1,0
West End,2014,1,night,45912,1.96573,23356.20863496004,0.5203934328358208,123,94.8,2014-01-01,8.4838981628418,27,27,1,0
West End,2014,2,day,45912,1.96573,23356.20863496004,0.5203934328358208,57,94.8,2014-02-01,8.18729877471924,27,27,1,0
West End,2014,2,night,45912,1.96573,23356.20863496004,0.5203934328358208,85,94.8,2014-02-01,8.18729877471924,27,27,1,0
West End,2014,3,day,45912,1.96573,23356.20863496004,0.5203934328358208,74,94.8,2014-03-01,9.29252338409424,27,27,1,0
West End,2014,3,night,45912,1.96573,23356.20863496004,0.5203934328358208,97,94.8,2014-03-01,9.29252338409424,27,27,1,0
West End,2014,4,day,45912,1.96573,23356.20863496004,0.5203934328358208,75,101.7,2014-04-01,8.41458892822266,27,27,1,0
West End,2014,4,night,45912,1.96573,23356.20863496004,0.5203934328358208,103,101.7,2014-04-01,8.41458892822266,27,27,1,0
West End,2014,5,day,45912,1.96573,23356.20863496004,0.5203934328358208,89,101.7,2014-05-01,8.794997215271,27,27,1,0
West End,2014,5,night,45912,1.96573,23356.20863496004,0.5203934328358208,113,101.7,2014-05-01,8.794997215271,27,27,1,0
West End,2014,6,day,45912,1.96573,23356.20863496004,0.5203934328358208,81,101.7,2014-06-01,NA,NA,NA,NA,0
West End,2014,6,night,45912,1.96573,23356.20863496004,0.5203934328358208,126,101.7,2014-06-01,NA,NA,NA,NA,0
West End,2014,7,day,45912,1.96573,23356.20863496004,0.5203934328358208,99,101.7,2014-07-01,7.86683464050293,27,27,1,0
West End,2014,7,night,45912,1.96573,23356.20863496004,0.5203934328358208,150,101.7,2014-07-01,7.86683464050293,27,27,1,0
West End,2014,8,day,45912,1.96573,23356.20863496004,0.5203934328358208,104,101.7,2014-08-01,8.33795642852783,27,27,1,0
West End,2014,8,night,45912,1.96573,23356.20863496004,0.5203934328358208,167,101.7,2014-08-01,8.33795642852783,27,27,1,0
West End,2014,9,day,45912,1.96573,23356.20863496004,0.5203934328358208,102,101.7,2014-09-01,7.87995338439941,27,27,1,0
West End,2014,9,night,45912,1.96573,23356.20863496004,0.5203934328358208,193,101.7,2014-09-01,7.87995338439941,27,27,1,0
West End,2014,10,day,45912,1.96573,23356.20863496004,0.5203934328358208,82,101.7,2014-10-01,7.80571794509888,27,27,1,0
West End,2014,10,night,45912,1.96573,23356.20863496004,0.5203934328358208,149,101.7,2014-10-01,7.80571794509888,27,27,1,0
West End,2014,11,day,45912,1.96573,23356.20863496004,0.5203934328358208,57,101.7,2014-11-01,6.97874021530151,27,27,1,0
West End,2014,11,night,45912,1.96573,23356.20863496004,0.5203934328358208,112,101.7,2014-11-01,6.97874021530151,27,27,1,0
West End,2014,12,day,45912,1.96573,23356.20863496004,0.5203934328358208,73,101.7,2014-12-01,7.54083108901978,27,27,1,0
West End,2014,12,night,45912,1.96573,23356.20863496004,0.5203934328358208,126,101.7,2014-12-01,7.54083108901978,27,27,1,0
West End,2015,1,day,45912,1.96573,23356.20863496004,0.5203934328358208,68,101.7,2015-01-01,5.5699577331543,27,27,1,0
West End,2015,1,night,45912,1.96573,23356.20863496004,0.5203934328358208,139,101.7,2015-01-01,5.5699577331543,27,27,1,0
West End,2015,2,day,45912,1.96573,23356.20863496004,0.5203934328358208,51,101.7,2015-02-01,8.40930366516113,27,27,1,0
West End,2015,2,night,45912,1.96573,23356.20863496004,0.5203934328358208,136,101.7,2015-02-01,8.40930366516113,27,27,1,0
West End,2015,3,day,45912,1.96573,23356.20863496004,0.5203934328358208,68,101.7,2015-03-01,7.7405743598938,27,27,1,0
West End,2015,3,night,45912,1.96573,23356.20863496004,0.5203934328358208,102,101.7,2015-03-01,7.7405743598938,27,27,1,0
West End,2015,4,day,45912,1.96573,23356.20863496004,0.5203934328358208,76,107.7,2015-04-01,7.85615396499634,27,27,1,0
West End,2015,4,night,45912,1.96573,23356.20863496004,0.5203934328358208,124,107.7,2015-04-01,7.85615396499634,27,27,1,0
West End,2015,5,day,45912,1.96573,23356.20863496004,0.5203934328358208,78,107.7,2015-05-01,9.30295467376709,27,27,1,0
West End,2015,5,night,45912,1.96573,23356.20863496004,0.5203934328358208,122,107.7,2015-05-01,9.30295467376709,27,27,1,0
West End,2015,6,day,45912,1.96573,23356.20863496004,0.5203934328358208,96,107.7,2015-06-01,NA,NA,NA,NA,0
West End,2015,6,night,45912,1.96573,23356.20863496004,0.5203934328358208,146,107.7,2015-06-01,NA,NA,NA,NA,0
West End,2015,7,day,45912,1.96573,23356.20863496004,0.5203934328358208,111,107.7,2015-07-01,7.48618125915527,27,27,1,0
West End,2015,7,night,45912,1.96573,23356.20863496004,0.5203934328358208,155,107.7,2015-07-01,7.48618125915527,27,27,1,0
West End,2015,8,day,45912,1.96573,23356.20863496004,0.5203934328358208,106,107.7,2015-08-01,7.58693361282349,27,27,1,0
West End,2015,8,night,45912,1.96573,23356.20863496004,0.5203934328358208,139,107.7,2015-08-01,7.58693361282349,27,27,1,0
West End,2015,9,day,45912,1.96573,23356.20863496004,0.5203934328358208,109,107.7,2015-09-01,7.14363813400269,27,27,1,0
West End,2015,9,night,45912,1.96573,23356.20863496004,0.5203934328358208,116,107.7,2015-09-01,7.14363813400269,27,27,1,0
West End,2015,10,day,45912,1.96573,23356.20863496004,0.5203934328358208,114,107.7,2015-10-01,7.47801542282104,27,27,1,0
West End,2015,10,night,45912,1.96573,23356.20863496004,0.5203934328358208,132,107.7,2015-10-01,7.47801542282104,27,27,1,0
West End,2015,11,day,45912,1.96573,23356.20863496004,0.5203934328358208,76,107.7,2015-11-01,7.94660234451294,27,27,1,0
West End,2015,11,night,45912,1.96573,23356.20863496004,0.5203934328358208,138,107.7,2015-11-01,7.94660234451294,27,27,1,0
West End,2015,12,day,45912,1.96573,23356.20863496004,0.5203934328358208,74,107.7,2015-12-01,3.31236791610718,27,27,1,0
West End,2015,12,night,45912,1.96573,23356.20863496004,0.5203934328358208,172,107.7,2015-12-01,3.31236791610718,27,27,1,0
West End,2016,1,day,45912,1.96573,23356.20863496004,0.5203934328358208,85,107.7,2016-01-01,5.65457630157471,27,27,1,0
West End,2016,1,night,45912,1.96573,23356.20863496004,0.5203934328358208,207,107.7,2016-01-01,5.65457630157471,27,27,1,0
West End,2016,2,day,45912,1.96573,23356.20863496004,0.5203934328358208,67,107.6,2016-02-01,4.87254333496094,27,27,1,0
West End,2016,2,night,45912,1.96573,23356.20863496004,0.5203934328358208,116,107.6,2016-02-01,4.87254333496094,27,27,1,0
West End,2016,3,day,45912,1.96573,23356.20863496004,0.5203934328358208,84,107.7,2016-03-01,10.8856191635132,27,27,1,0
West End,2016,3,night,45912,1.96573,23356.20863496004,0.5203934328358208,156,107.7,2016-03-01,10.8856191635132,27,27,1,0
West End,2016,4,day,45912,1.96573,23356.20863496004,0.5203934328358208,108,112.2,2016-04-01,8.72953796386719,27,27,1,0
West End,2016,4,night,45912,1.96573,23356.20863496004,0.5203934328358208,150,112.2,2016-04-01,8.72953796386719,27,27,1,0
West End,2016,5,day,45912,1.96573,23356.20863496004,0.5203934328358208,115,112.3,2016-05-01,7.02340698242188,27,27,1,0
West End,2016,5,night,45912,1.96573,23356.20863496004,0.5203934328358208,162,112.3,2016-05-01,7.02340698242188,27,27,1,0
West End,2016,6,day,45912,1.96573,23356.20863496004,0.5203934328358208,129,112.2,2016-06-01,NA,NA,NA,NA,0
West End,2016,6,night,45912,1.96573,23356.20863496004,0.5203934328358208,154,112.2,2016-06-01,NA,NA,NA,NA,0
West End,2016,7,day,45912,1.96573,23356.20863496004,0.5203934328358208,127,112.3,2016-07-01,7.45554637908936,27,27,1,0
West End,2016,7,night,45912,1.96573,23356.20863496004,0.5203934328358208,194,112.3,2016-07-01,7.45554637908936,27,27,1,0
West End,2016,8,day,45912,1.96573,23356.20863496004,0.5203934328358208,125,112.3,2016-08-01,9.07706642150879,27,27,1,0
West End,2016,8,night,45912,1.96573,23356.20863496004,0.5203934328358208,159,112.3,2016-08-01,9.07706642150879,27,27,1,0
West End,2016,9,day,45912,1.96573,23356.20863496004,0.5203934328358208,104,112.2,2016-09-01,7.60796546936035,27,27,1,0
West End,2016,9,night,45912,1.96573,23356.20863496004,0.5203934328358208,153,112.2,2016-09-01,7.60796546936035,27,27,1,0
West End,2016,10,day,45912,1.96573,23356.20863496004,0.5203934328358208,87,112.3,2016-10-01,7.33815336227417,27,27,1,0
West End,2016,10,night,45912,1.96573,23356.20863496004,0.5203934328358208,149,112.3,2016-10-01,7.33815336227417,27,27,1,0
West End,2016,11,day,45912,1.96573,23356.20863496004,0.5203934328358208,77,112.2,2016-11-01,5.88413381576538,27,27,1,0
West End,2016,11,night,45912,1.96573,23356.20863496004,0.5203934328358208,129,112.2,2016-11-01,5.88413381576538,27,27,1,0
West End,2016,12,day,45912,1.96573,23356.20863496004,0.5203934328358208,65,112.3,2016-12-01,6.32997035980225,27,27,1,0
West End,2016,12,night,45912,1.96573,23356.20863496004,0.5203934328358208,129,112.3,2016-12-01,6.32997035980225,27,27,1,0
West End,2017,1,day,45912,1.96573,23356.20863496004,0.5203934328358208,66,112.3,2017-01-01,8.59675121307373,27,27,1,0
West End,2017,1,night,45912,1.96573,23356.20863496004,0.5203934328358208,134,112.3,2017-01-01,8.59675121307373,27,27,1,0
West End,2017,2,day,45912,1.96573,23356.20863496004,0.5203934328358208,65,112.1,2017-02-01,8.68576335906982,27,27,1,0
West End,2017,2,night,45912,1.96573,23356.20863496004,0.5203934328358208,110,112.1,2017-02-01,8.68576335906982,27,27,1,0
West End,2017,3,day,45912,1.96573,23356.20863496004,0.5203934328358208,83,112.3,2017-03-01,8.49311065673828,27,27,1,0
West End,2017,3,night,45912,1.96573,23356.20863496004,0.5203934328358208,136,112.3,2017-03-01,8.49311065673828,27,27,1,0
West End,2017,4,day,45912,1.96573,23356.20863496004,0.5203934328358208,108,115.2,2017-04-01,8.52898979187012,27,27,1,0
West End,2017,4,night,45912,1.96573,23356.20863496004,0.5203934328358208,151,115.2,2017-04-01,8.52898979187012,27,27,1,0
West End,2017,5,day,45912,1.96573,23356.20863496004,0.5203934328358208,100,115.3,2017-05-01,8.41002368927002,27,27,1,0
West End,2017,5,night,45912,1.96573,23356.20863496004,0.5203934328358208,146,115.3,2017-05-01,8.41002368927002,27,27,1,0
West End,2017,6,day,45912,1.96573,23356.20863496004,0.5203934328358208,109,115.2,2017-06-01,NA,NA,NA,NA,0
West End,2017,6,night,45912,1.96573,23356.20863496004,0.5203934328358208,147,115.2,2017-06-01,NA,NA,NA,NA,0
West End,2017,7,day,45912,1.96573,23356.20863496004,0.5203934328358208,110,115.3,2017-07-01,7.24000358581543,27,27,1,0
West End,2017,7,night,45912,1.96573,23356.20863496004,0.5203934328358208,154,115.3,2017-07-01,7.24000358581543,27,27,1,0
West End,2017,8,day,45912,1.96573,23356.20863496004,0.5203934328358208,114,115.3,2017-08-01,7.22889232635498,27,27,1,0
West End,2017,8,night,45912,1.96573,23356.20863496004,0.5203934328358208,159,115.3,2017-08-01,7.22889232635498,27,27,1,0
West End,2017,9,day,45912,1.96573,23356.20863496004,0.5203934328358208,108,115.2,2017-09-01,6.50832557678223,27,27,1,0
West End,2017,9,night,45912,1.96573,23356.20863496004,0.5203934328358208,155,115.2,2017-09-01,6.50832557678223,27,27,1,0
West End,2017,10,day,45912,1.96573,23356.20863496004,0.5203934328358208,110,115.3,2017-10-01,8.43832588195801,27,27,1,0
West End,2017,10,night,45912,1.96573,23356.20863496004,0.5203934328358208,140,115.3,2017-10-01,8.43832588195801,27,27,1,0
West End,2017,11,day,45912,1.96573,23356.20863496004,0.5203934328358208,78,115.2,2017-11-01,5.7600679397583,27,26,0.962962962962963,0
West End,2017,11,night,45912,1.96573,23356.20863496004,0.5203934328358208,163,115.2,2017-11-01,5.7600679397583,27,26,0.962962962962963,0
West End,2017,12,day,45912,1.96573,23356.20863496004,0.5203934328358208,65,115.3,2017-12-01,7.11536931991577,27,27,1,0
West End,2017,12,night,45912,1.96573,23356.20863496004,0.5203934328358208,147,115.3,2017-12-01,7.11536931991577,27,27,1,0
West End,2018,1,day,45912,1.96573,23356.20863496004,0.5203934328358208,54,115.3,2018-01-01,8.47254180908203,27,27,1,0
West End,2018,1,night,45912,1.96573,23356.20863496004,0.5203934328358208,199,115.3,2018-01-01,8.47254180908203,27,27,1,0
West End,2018,2,day,45912,1.96573,23356.20863496004,0.5203934328358208,62,115.1,2018-02-01,8.85257339477539,27,27,1,0
West End,2018,2,night,45912,1.96573,23356.20863496004,0.5203934328358208,125,115.1,2018-02-01,8.85257339477539,27,27,1,0
West End,2018,3,day,45912,1.96573,23356.20863496004,0.5203934328358208,106,115.3,2018-03-01,9.11036777496338,27,27,1,0
West End,2018,3,night,45912,1.96573,23356.20863496004,0.5203934328358208,136,115.3,2018-03-01,9.11036777496338,27,27,1,0
West End,2018,4,day,45912,1.96573,23356.20863496004,0.5203934328358208,95,118.7,2018-04-01,10.0162372589111,27,27,1,0
West End,2018,4,night,45912,1.96573,23356.20863496004,0.5203934328358208,114,118.7,2018-04-01,10.0162372589111,27,27,1,0
West End,2018,5,day,45912,1.96573,23356.20863496004,0.5203934328358208,98,118.8,2018-05-01,9.78537273406982,27,27,1,0
West End,2018,5,night,45912,1.96573,23356.20863496004,0.5203934328358208,106,118.8,2018-05-01,9.78537273406982,27,27,1,0
West End,2018,6,day,45912,1.96573,23356.20863496004,0.5203934328358208,113,118.7,2018-06-01,NA,NA,NA,NA,0
West End,2018,6,night,45912,1.96573,23356.20863496004,0.5203934328358208,103,118.7,2018-06-01,NA,NA,NA,NA,0
West End,2018,7,day,45912,1.96573,23356.20863496004,0.5203934328358208,84,118.8,2018-07-01,7.20925140380859,27,27,1,0
West End,2018,7,night,45912,1.96573,23356.20863496004,0.5203934328358208,136,118.8,2018-07-01,7.20925140380859,27,27,1,0
West End,2018,8,day,45912,1.96573,23356.20863496004,0.5203934328358208,103,118.8,2018-08-01,5.8917989730835,27,27,1,0
West End,2018,8,night,45912,1.96573,23356.20863496004,0.5203934328358208,146,118.8,2018-08-01,5.8917989730835,27,27,1,0
West End,2018,9,day,45912,1.96573,23356.20863496004,0.5203934328358208,96,118.7,2018-09-01,7.0978889465332,27,27,1,0
West End,2018,9,night,45912,1.96573,23356.20863496004,0.5203934328358208,180,118.7,2018-09-01,7.0978889465332,27,27,1,0
West End,2018,10,day,45912,1.96573,23356.20863496004,0.5203934328358208,89,118.8,2018-10-01,7.45059251785278,27,27,1,0
West End,2018,10,night,45912,1.96573,23356.20863496004,0.5203934328358208,165,118.8,2018-10-01,7.45059251785278,27,27,1,0
West End,2018,11,day,45912,1.96573,23356.20863496004,0.5203934328358208,87,118.7,2018-11-01,6.81865930557251,27,27,1,0
West End,2018,11,night,45912,1.96573,23356.20863496004,0.5203934328358208,156,118.7,2018-11-01,6.81865930557251,27,27,1,0
West End,2018,12,day,45912,1.96573,23356.20863496004,0.5203934328358208,91,118.8,2018-12-01,7.49299621582031,27,27,1,0
West End,2018,12,night,45912,1.96573,23356.20863496004,0.5203934328358208,214,118.8,2018-12-01,7.49299621582031,27,27,1,0
West End,2019,1,day,46513,1.9656,23663.512413512413,0.6518656716417911,95,118.8,2019-01-01,8.39366436004639,27,27,1,0
West End,2019,1,night,46513,1.9656,23663.512413512413,0.6518656716417911,198,118.8,2019-01-01,8.39366436004639,27,27,1,0
West End,2019,2,day,46513,1.9656,23663.512413512413,0.6518656716417911,67,118.6,2019-02-01,7.24826860427856,27,27,1,0
West End,2019,2,night,46513,1.9656,23663.512413512413,0.6518656716417911,142,118.6,2019-02-01,7.24826860427856,27,27,1,0
West End,2019,3,day,46513,1.9656,23663.512413512413,0.6518656716417911,88,118.8,2019-03-01,9.78276252746582,27,27,1,0
West End,2019,3,night,46513,1.9656,23663.512413512413,0.6518656716417911,146,118.8,2019-03-01,9.78276252746582,27,27,1,0
West End,2019,4,day,46513,1.9656,23663.512413512413,0.6518656716417911,91,120.9,2019-04-01,8.17864894866943,27,27,1,0
West End,2019,4,night,46513,1.9656,23663.512413512413,0.6518656716417911,143,120.9,2019-04-01,8.17864894866943,27,27,1,0
West End,2019,5,day,46513,1.9656,23663.512413512413,0.6518656716417911,102,120.9,2019-05-01,7.77012491226196,27,27,1,0
West End,2019,5,night,46513,1.9656,23663.512413512413,0.6518656716417911,162,120.9,2019-05-01,7.77012491226196,27,27,1,0
West End,2019,6,day,46513,1.9656,23663.512413512413,0.6518656716417911,94,120.9,2019-06-01,NA,NA,NA,NA,0
West End,2019,6,night,46513,1.9656,23663.512413512413,0.6518656716417911,130,120.9,2019-06-01,NA,NA,NA,NA,0
West End,2019,7,day,46513,1.9656,23663.512413512413,0.6518656716417911,129,120.9,2019-07-01,7.28593063354492,27,27,1,0
West End,2019,7,night,46513,1.9656,23663.512413512413,0.6518656716417911,149,120.9,2019-07-01,7.28593063354492,27,27,1,0
West End,2019,8,day,46513,1.9656,23663.512413512413,0.6518656716417911,130,120.9,2019-08-01,7.26583099365234,27,27,1,0
West End,2019,8,night,46513,1.9656,23663.512413512413,0.6518656716417911,198,120.9,2019-08-01,7.26583099365234,27,27,1,0
West End,2019,9,day,46513,1.9656,23663.512413512413,0.6518656716417911,114,120.9,2019-09-01,7.83410453796387,27,27,1,0
West End,2019,9,night,46513,1.9656,23663.512413512413,0.6518656716417911,199,120.9,2019-09-01,7.83410453796387,27,27,1,0
West End,2019,10,day,46513,1.9656,23663.512413512413,0.6518656716417911,105,120.9,2019-10-01,7.52036190032959,27,27,1,0
West End,2019,10,night,46513,1.9656,23663.512413512413,0.6518656716417911,184,120.9,2019-10-01,7.52036190032959,27,27,1,0
West End,2019,11,day,46513,1.9656,23663.512413512413,0.6518656716417911,83,120.9,2019-11-01,8.85274219512939,27,27,1,0
West End,2019,11,night,46513,1.9656,23663.512413512413,0.6518656716417911,169,120.9,2019-11-01,8.85274219512939,27,27,1,0
West End,2019,12,day,46513,1.9656,23663.512413512413,0.6518656716417911,77,120.9,2019-12-01,6.36587524414062,27,27,1,0
West End,2019,12,night,46513,1.9656,23663.512413512413,0.6518656716417911,150,120.9,2019-12-01,6.36587524414062,27,27,1,0
West End,2020,1,day,46513,1.9656,23663.512413512413,0.6518656716417911,80,120.9,2020-01-01,6.02719736099243,27,25,0.925925925925926,0
West End,2020,1,night,46513,1.9656,23663.512413512413,0.6518656716417911,170,120.9,2020-01-01,6.02719736099243,27,25,0.925925925925926,0
West End,2020,2,day,46513,1.9656,23663.512413512413,0.6518656716417911,103,120.8,2020-02-01,8.58397102355957,27,27,1,0
West End,2020,2,night,46513,1.9656,23663.512413512413,0.6518656716417911,135,120.8,2020-02-01,8.58397102355957,27,27,1,0
West End,2020,3,day,46513,1.9656,23663.512413512413,0.6518656716417911,74,120.9,2020-03-01,8.96625328063965,27,27,1,0
West End,2020,3,night,46513,1.9656,23663.512413512413,0.6518656716417911,139,120.9,2020-03-01,8.96625328063965,27,27,1,0
West End,2020,4,day,46513,1.9656,23663.512413512413,0.6518656716417911,53,119.6,2020-04-01,9.75257015228271,27,27,1,0
West End,2020,4,night,46513,1.9656,23663.512413512413,0.6518656716417911,95,119.6,2020-04-01,9.75257015228271,27,27,1,0
West End,2020,5,day,46513,1.9656,23663.512413512413,0.6518656716417911,56,119.7,2020-05-01,8.03902530670166,27,27,1,0
West End,2020,5,night,46513,1.9656,23663.512413512413,0.6518656716417911,56,119.7,2020-05-01,8.03902530670166,27,27,1,0
West End,2020,6,day,46513,1.9656,23663.512413512413,0.6518656716417911,61,119.6,2020-06-01,NA,NA,NA,NA,0
West End,2020,6,night,46513,1.9656,23663.512413512413,0.6518656716417911,77,119.6,2020-06-01,NA,NA,NA,NA,0
West End,2020,7,day,46513,1.9656,23663.512413512413,0.6518656716417911,58,119.7,2020-07-01,7.57646989822388,27,27,1,0
West End,2020,7,night,46513,1.9656,23663.512413512413,0.6518656716417911,93,119.7,2020-07-01,7.57646989822388,27,27,1,0
West End,2020,8,day,46513,1.9656,23663.512413512413,0.6518656716417911,52,119.7,2020-08-01,7.76449680328369,27,27,1,0
West End,2020,8,night,46513,1.9656,23663.512413512413,0.6518656716417911,98,119.7,2020-08-01,7.76449680328369,27,27,1,0
West End,2020,9,day,46513,1.9656,23663.512413512413,0.6518656716417911,73,119.6,2020-09-01,6.91862297058105,27,27,1,0
West End,2020,9,night,46513,1.9656,23663.512413512413,0.6518656716417911,109,119.6,2020-09-01,6.91862297058105,27,27,1,0
West End,2020,10,day,46513,1.9656,23663.512413512413,0.6518656716417911,75,119.7,2020-10-01,7.2764720916748,27,27,1,0
West End,2020,10,night,46513,1.9656,23663.512413512413,0.6518656716417911,135,119.7,2020-10-01,7.2764720916748,27,27,1,0
West End,2020,11,day,46513,1.9656,23663.512413512413,0.6518656716417911,48,119.6,2020-11-01,6.34157419204712,27,27,1,0
West End,2020,11,night,46513,1.9656,23663.512413512413,0.6518656716417911,94,119.6,2020-11-01,6.34157419204712,27,27,1,0
West End,2020,12,day,46513,1.9656,23663.512413512413,0.6518656716417911,43,119.7,2020-12-01,4.60240411758423,27,27,1,0
West End,2020,12,night,46513,1.9656,23663.512413512413,0.6518656716417911,90,119.7,2020-12-01,4.60240411758423,27,27,1,0
West End,2021,1,day,46513,1.9656,23663.512413512413,0.6518656716417911,52,119.7,2021-01-01,3.64478158950806,27,27,1,0
West End,2021,1,night,46513,1.9656,23663.512413512413,0.6518656716417911,81,119.7,2021-01-01,3.64478158950806,27,27,1,0
West End,2021,2,day,46513,1.9656,23663.512413512413,0.6518656716417911,59,119.5,2021-02-01,8.74600505828857,27,27,1,0
West End,2021,2,night,46513,1.9656,23663.512413512413,0.6518656716417911,83,119.5,2021-02-01,8.74600505828857,27,27,1,0
West End,2021,3,day,46513,1.9656,23663.512413512413,0.6518656716417911,34,119.7,2021-03-01,8.57559299468994,27,27,1,0
West End,2021,3,night,46513,1.9656,23663.512413512413,0.6518656716417911,79,119.7,2021-03-01,8.57559299468994,27,27,1,0
West End,2021,4,day,46513,1.9656,23663.512413512413,0.6518656716417911,49,120.1,2021-04-01,8.5045919418335,27,27,1,0
West End,2021,4,night,46513,1.9656,23663.512413512413,0.6518656716417911,79,120.1,2021-04-01,8.5045919418335,27,27,1,0
West End,2021,5,day,46513,1.9656,23663.512413512413,0.6518656716417911,58,120.1,2021-05-01,8.36619663238525,27,27,1,0
West End,2021,5,night,46513,1.9656,23663.512413512413,0.6518656716417911,70,120.1,2021-05-01,8.36619663238525,27,27,1,0
West End,2021,6,day,46513,1.9656,23663.512413512413,0.6518656716417911,72,120.1,2021-06-01,NA,NA,NA,NA,0
West End,2021,6,night,46513,1.9656,23663.512413512413,0.6518656716417911,74,120.1,2021-06-01,NA,NA,NA,NA,0
West End,2021,7,day,46513,1.9656,23663.512413512413,0.6518656716417911,78,120.1,2021-07-01,6.31461238861084,27,27,1,0
West End,2021,7,night,46513,1.9656,23663.512413512413,0.6518656716417911,89,120.1,2021-07-01,6.31461238861084,27,27,1,0
West End,2021,8,day,46513,1.9656,23663.512413512413,0.6518656716417911,74,120.1,2021-08-01,7.08408546447754,27,27,1,0
West End,2021,8,night,46513,1.9656,23663.512413512413,0.6518656716417911,105,120.1,2021-08-01,7.08408546447754,27,27,1,0
West End,2021,9,day,46513,1.9656,23663.512413512413,0.6518656716417911,61,120.1,2021-09-01,8.53887462615967,27,27,1,0
West End,2021,9,night,46513,1.9656,23663.512413512413,0.6518656716417911,93,120.1,2021-09-01,8.53887462615967,27,27,1,0
West End,2021,10,day,46513,1.9656,23663.512413512413,0.6518656716417911,53,120.1,2021-10-01,7.8722825050354,27,27,1,0
West End,2021,10,night,46513,1.9656,23663.512413512413,0.6518656716417911,102,120.1,2021-10-01,7.8722825050354,27,27,1,0
West End,2021,11,day,46513,1.9656,23663.512413512413,0.6518656716417911,66,120.1,2021-11-01,6.68456363677979,27,27,1,0
West End,2021,11,night,46513,1.9656,23663.512413512413,0.6518656716417911,121,120.1,2021-11-01,6.68456363677979,27,27,1,0
West End,2021,12,day,46513,1.9656,23663.512413512413,0.6518656716417911,53,120.1,2021-12-01,7.62833309173584,27,27,1,0
West End,2021,12,night,46513,1.9656,23663.512413512413,0.6518656716417911,97,120.1,2021-12-01,7.62833309173584,27,27,1,0
West End,2022,1,day,46513,1.9656,23663.512413512413,0.6518656716417911,47,120.1,2022-01-01,4.27035093307495,27,27,1,0
West End,2022,1,night,46513,1.9656,23663.512413512413,0.6518656716417911,90,120.1,2022-01-01,4.27035093307495,27,27,1,0
West End,2022,2,day,46513,1.9656,23663.512413512413,0.6518656716417911,43,120,2022-02-01,5.94010066986084,27,27,1,0
West End,2022,2,night,46513,1.9656,23663.512413512413,0.6518656716417911,88,120,2022-02-01,5.94010066986084,27,27,1,0
West End,2022,3,day,46513,1.9656,23663.512413512413,0.6518656716417911,55,120.1,2022-03-01,8.33829116821289,27,27,1,0
West End,2022,3,night,46513,1.9656,23663.512413512413,0.6518656716417911,93,120.1,2022-03-01,8.33829116821289,27,27,1,0
West End,2022,4,day,46513,1.9656,23663.512413512413,0.6518656716417911,78,120.9,2022-04-01,7.97495985031128,27,27,1,0
West End,2022,4,night,46513,1.9656,23663.512413512413,0.6518656716417911,79,120.9,2022-04-01,7.97495985031128,27,27,1,0
West End,2022,5,day,46513,1.9656,23663.512413512413,0.6518656716417911,74,120.9,2022-05-01,7.49172592163086,27,27,1,0
West End,2022,5,night,46513,1.9656,23663.512413512413,0.6518656716417911,81,120.9,2022-05-01,7.49172592163086,27,27,1,0
West End,2022,6,day,46513,1.9656,23663.512413512413,0.6518656716417911,76,120.9,2022-06-01,NA,NA,NA,NA,0
West End,2022,6,night,46513,1.9656,23663.512413512413,0.6518656716417911,85,120.9,2022-06-01,NA,NA,NA,NA,0
West End,2022,7,day,46513,1.9656,23663.512413512413,0.6518656716417911,69,120.9,2022-07-01,7.44189071655273,27,27,1,0
West End,2022,7,night,46513,1.9656,23663.512413512413,0.6518656716417911,109,120.9,2022-07-01,7.44189071655273,27,27,1,0
West End,2022,8,day,46513,1.9656,23663.512413512413,0.6518656716417911,83,120.9,2022-08-01,7.56113433837891,27,27,1,0
West End,2022,8,night,46513,1.9656,23663.512413512413,0.6518656716417911,100,120.9,2022-08-01,7.56113433837891,27,27,1,0
West End,2022,9,day,46513,1.9656,23663.512413512413,0.6518656716417911,73,120.9,2022-09-01,8.19272804260254,27,27,1,0
West End,2022,9,night,46513,1.9656,23663.512413512413,0.6518656716417911,109,120.9,2022-09-01,8.19272804260254,27,27,1,0
West End,2022,10,day,46513,1.9656,23663.512413512413,0.6518656716417911,75,120.9,2022-10-01,7.10148763656616,27,27,1,0
West End,2022,10,night,46513,1.9656,23663.512413512413,0.6518656716417911,107,120.9,2022-10-01,7.10148763656616,27,27,1,0
West End,2022,11,day,46513,1.9656,23663.512413512413,0.6518656716417911,48,120.9,2022-11-01,8.04404544830322,27,27,1,0
West End,2022,11,night,46513,1.9656,23663.512413512413,0.6518656716417911,84,120.9,2022-11-01,8.04404544830322,27,27,1,0
West End,2022,12,day,46513,1.9656,23663.512413512413,0.6518656716417911,48,120.9,2022-12-01,8.12355518341064,27,27,1,0
West End,2022,12,night,46513,1.9656,23663.512413512413,0.6518656716417911,100,120.9,2022-12-01,8.12355518341064,27,27,1,0
West End,2023,1,day,46513,1.9656,23663.512413512413,0.6518656716417911,33,120.9,2023-01-01,8.27905941009521,27,27,1,0
West End,2023,1,night,46513,1.9656,23663.512413512413,0.6518656716417911,103,120.9,2023-01-01,8.27905941009521,27,27,1,0
West End,2023,2,day,46513,1.9656,23663.512413512413,0.6518656716417911,62,120.7,2023-02-01,7.74735260009766,27,27,1,0
West End,2023,2,night,46513,1.9656,23663.512413512413,0.6518656716417911,75,120.7,2023-02-01,7.74735260009766,27,27,1,0
West End,2023,3,day,46513,1.9656,23663.512413512413,0.6518656716417911,55,120.9,2023-03-01,7.23792219161987,27,27,1,0
West End,2023,3,night,46513,1.9656,23663.512413512413,0.6518656716417911,82,120.9,2023-03-01,7.23792219161987,27,27,1,0
West End,2023,4,day,46513,1.9656,23663.512413512413,0.6518656716417911,59,122,2023-04-01,9.81889820098877,27,27,1,0
West End,2023,4,night,46513,1.9656,23663.512413512413,0.6518656716417911,74,122,2023-04-01,9.81889820098877,27,27,1,0
West End,2023,5,day,46513,1.9656,23663.512413512413,0.6518656716417911,86,122.1,2023-05-01,8.67727851867676,27,27,1,0
West End,2023,5,night,46513,1.9656,23663.512413512413,0.6518656716417911,76,122.1,2023-05-01,8.67727851867676,27,27,1,0
West End,2023,6,day,46513,1.9656,23663.512413512413,0.6518656716417911,78,122,2023-06-01,NA,NA,NA,NA,0
West End,2023,6,night,46513,1.9656,23663.512413512413,0.6518656716417911,105,122,2023-06-01,NA,NA,NA,NA,0
West End,2023,7,day,46513,1.9656,23663.512413512413,0.6518656716417911,81,122.1,2023-07-01,6.37257099151611,27,27,1,0
West End,2023,7,night,46513,1.9656,23663.512413512413,0.6518656716417911,104,122.1,2023-07-01,6.37257099151611,27,27,1,0
West End,2023,8,day,46513,1.9656,23663.512413512413,0.6518656716417911,71,122.1,2023-08-01,8.24381637573242,27,27,1,0
West End,2023,8,night,46513,1.9656,23663.512413512413,0.6518656716417911,107,122.1,2023-08-01,8.24381637573242,27,27,1,0
West End,2023,9,day,46513,1.9656,23663.512413512413,0.6518656716417911,71,122.5,2023-09-01,7.41293859481812,27,27,1,0
West End,2023,9,night,46513,1.9656,23663.512413512413,0.6518656716417911,121,122.5,2023-09-01,7.41293859481812,27,27,1,0
West End,2023,10,day,46513,1.9656,23663.512413512413,0.6518656716417911,84,122.5,2023-10-01,10.7974090576172,27,27,1,0
West End,2023,10,night,46513,1.9656,23663.512413512413,0.6518656716417911,85,122.5,2023-10-01,10.7974090576172,27,27,1,0
West End,2023,11,day,46513,1.9656,23663.512413512413,0.6518656716417911,49,122.5,2023-11-01,9.28493118286133,27,27,1,0
West End,2023,11,night,46513,1.9656,23663.512413512413,0.6518656716417911,87,122.5,2023-11-01,9.28493118286133,27,27,1,0
West End,2023,12,day,46513,1.9656,23663.512413512413,0.6518656716417911,49,122.5,2023-12-01,8.34430885314941,27,27,1,0
West End,2023,12,night,46513,1.9656,23663.512413512413,0.6518656716417911,105,122.5,2023-12-01,8.34430885314941,27,27,1,0
West Point Grey,2014,1,day,13593,4.6745399999999995,2907.8797058106256,1.0283888461538462,10,94.8,2014-01-01,2.15465211868286,54,54,1,0
West Point Grey,2014,1,night,13593,4.6745399999999995,2907.8797058106256,1.0283888461538462,15,94.8,2014-01-01,2.15465211868286,54,54,1,0
West Point Grey,2014,2,day,13593,4.6745399999999995,2907.8797058106256,1.0283888461538462,5,94.8,2014-02-01,2.23779964447021,54,53,0.981481481481482,0
West Point Grey,2014,2,night,13593,4.6745399999999995,2907.8797058106256,1.0283888461538462,13,94.8,2014-02-01,2.23779964447021,54,53,0.981481481481482,0
West Point Grey,2014,3,day,13593,4.6745399999999995,2907.8797058106256,1.0283888461538462,4,94.8,2014-03-01,2.36167931556702,54,52,0.962962962962963,0
West Point Grey,2014,3,night,13593,4.6745399999999995,2907.8797058106256,1.0283888461538462,12,94.8,2014-03-01,2.36167931556702,54,52,0.962962962962963,0
West Point Grey,2014,4,day,13593,4.6745399999999995,2907.8797058106256,1.0283888461538462,7,101.7,2014-04-01,2.08483910560608,54,54,1,0
West Point Grey,2014,4,night,13593,4.6745399999999995,2907.8797058106256,1.0283888461538462,10,101.7,2014-04-01,2.08483910560608,54,54,1,0
West Point Grey,2014,5,day,13593,4.6745399999999995,2907.8797058106256,1.0283888461538462,14,101.7,2014-05-01,2.41146326065063,54,54,1,0
West Point Grey,2014,5,night,13593,4.6745399999999995,2907.8797058106256,1.0283888461538462,16,101.7,2014-05-01,2.41146326065063,54,54,1,0
West Point Grey,2014,6,day,13593,4.6745399999999995,2907.8797058106256,1.0283888461538462,16,101.7,2014-06-01,NA,NA,NA,NA,0
West Point Grey,2014,6,night,13593,4.6745399999999995,2907.8797058106256,1.0283888461538462,16,101.7,2014-06-01,NA,NA,NA,NA,0
West Point Grey,2014,7,day,13593,4.6745399999999995,2907.8797058106256,1.0283888461538462,10,101.7,2014-07-01,2.19170832633972,54,54,1,0
West Point Grey,2014,7,night,13593,4.6745399999999995,2907.8797058106256,1.0283888461538462,35,101.7,2014-07-01,2.19170832633972,54,54,1,0
West Point Grey,2014,8,day,13593,4.6745399999999995,2907.8797058106256,1.0283888461538462,33,101.7,2014-08-01,2.20926594734192,54,54,1,0
West Point Grey,2014,8,night,13593,4.6745399999999995,2907.8797058106256,1.0283888461538462,22,101.7,2014-08-01,2.20926594734192,54,54,1,0
West Point Grey,2014,9,day,13593,4.6745399999999995,2907.8797058106256,1.0283888461538462,9,101.7,2014-09-01,2.0743074417114298,54,54,1,0
West Point Grey,2014,9,night,13593,4.6745399999999995,2907.8797058106256,1.0283888461538462,13,101.7,2014-09-01,2.0743074417114298,54,54,1,0
West Point Grey,2014,10,day,13593,4.6745399999999995,2907.8797058106256,1.0283888461538462,21,101.7,2014-10-01,1.68127810955048,54,54,1,0
West Point Grey,2014,10,night,13593,4.6745399999999995,2907.8797058106256,1.0283888461538462,21,101.7,2014-10-01,1.68127810955048,54,54,1,0
West Point Grey,2014,11,day,13593,4.6745399999999995,2907.8797058106256,1.0283888461538462,7,101.7,2014-11-01,2.02180123329163,54,54,1,0
West Point Grey,2014,11,night,13593,4.6745399999999995,2907.8797058106256,1.0283888461538462,12,101.7,2014-11-01,2.02180123329163,54,54,1,0
West Point Grey,2014,12,day,13593,4.6745399999999995,2907.8797058106256,1.0283888461538462,7,101.7,2014-12-01,2.46841597557068,54,54,1,0
West Point Grey,2014,12,night,13593,4.6745399999999995,2907.8797058106256,1.0283888461538462,18,101.7,2014-12-01,2.46841597557068,54,54,1,0
West Point Grey,2015,1,day,13593,4.6745399999999995,2907.8797058106256,1.0283888461538462,14,101.7,2015-01-01,1.96110761165619,54,53,0.981481481481482,0
West Point Grey,2015,1,night,13593,4.6745399999999995,2907.8797058106256,1.0283888461538462,14,101.7,2015-01-01,1.96110761165619,54,53,0.981481481481482,0
West Point Grey,2015,2,day,13593,4.6745399999999995,2907.8797058106256,1.0283888461538462,7,101.7,2015-02-01,2.33757734298706,54,54,1,0
West Point Grey,2015,2,night,13593,4.6745399999999995,2907.8797058106256,1.0283888461538462,15,101.7,2015-02-01,2.33757734298706,54,54,1,0
West Point Grey,2015,3,day,13593,4.6745399999999995,2907.8797058106256,1.0283888461538462,7,101.7,2015-03-01,2.25048327445984,54,54,1,0
West Point Grey,2015,3,night,13593,4.6745399999999995,2907.8797058106256,1.0283888461538462,9,101.7,2015-03-01,2.25048327445984,54,54,1,0
West Point Grey,2015,4,day,13593,4.6745399999999995,2907.8797058106256,1.0283888461538462,10,107.7,2015-04-01,2.17732882499695,54,54,1,0
West Point Grey,2015,4,night,13593,4.6745399999999995,2907.8797058106256,1.0283888461538462,13,107.7,2015-04-01,2.17732882499695,54,54,1,0
West Point Grey,2015,5,day,13593,4.6745399999999995,2907.8797058106256,1.0283888461538462,8,107.7,2015-05-01,2.33879065513611,54,54,1,0
West Point Grey,2015,5,night,13593,4.6745399999999995,2907.8797058106256,1.0283888461538462,14,107.7,2015-05-01,2.33879065513611,54,54,1,0
West Point Grey,2015,6,day,13593,4.6745399999999995,2907.8797058106256,1.0283888461538462,19,107.7,2015-06-01,NA,NA,NA,NA,0
West Point Grey,2015,6,night,13593,4.6745399999999995,2907.8797058106256,1.0283888461538462,19,107.7,2015-06-01,NA,NA,NA,NA,0
West Point Grey,2015,7,day,13593,4.6745399999999995,2907.8797058106256,1.0283888461538462,17,107.7,2015-07-01,2.66347479820251,54,54,1,0
West Point Grey,2015,7,night,13593,4.6745399999999995,2907.8797058106256,1.0283888461538462,22,107.7,2015-07-01,2.66347479820251,54,54,1,0
West Point Grey,2015,8,day,13593,4.6745399999999995,2907.8797058106256,1.0283888461538462,20,107.7,2015-08-01,1.97646307945251,54,54,1,0
West Point Grey,2015,8,night,13593,4.6745399999999995,2907.8797058106256,1.0283888461538462,20,107.7,2015-08-01,1.97646307945251,54,54,1,0
West Point Grey,2015,9,day,13593,4.6745399999999995,2907.8797058106256,1.0283888461538462,10,107.7,2015-09-01,1.75916266441345,54,54,1,0
West Point Grey,2015,9,night,13593,4.6745399999999995,2907.8797058106256,1.0283888461538462,32,107.7,2015-09-01,1.75916266441345,54,54,1,0
West Point Grey,2015,10,day,13593,4.6745399999999995,2907.8797058106256,1.0283888461538462,13,107.7,2015-10-01,2.16971373558044,54,54,1,0
West Point Grey,2015,10,night,13593,4.6745399999999995,2907.8797058106256,1.0283888461538462,16,107.7,2015-10-01,2.16971373558044,54,54,1,0
West Point Grey,2015,11,day,13593,4.6745399999999995,2907.8797058106256,1.0283888461538462,8,107.7,2015-11-01,2.08450055122375,54,54,1,0
West Point Grey,2015,11,night,13593,4.6745399999999995,2907.8797058106256,1.0283888461538462,30,107.7,2015-11-01,2.08450055122375,54,54,1,0
West Point Grey,2015,12,day,13593,4.6745399999999995,2907.8797058106256,1.0283888461538462,12,107.7,2015-12-01,1.5011579990387,54,53,0.981481481481482,0
West Point Grey,2015,12,night,13593,4.6745399999999995,2907.8797058106256,1.0283888461538462,17,107.7,2015-12-01,1.5011579990387,54,53,0.981481481481482,0
West Point Grey,2016,1,day,13593,4.6745399999999995,2907.8797058106256,1.0283888461538462,17,107.7,2016-01-01,2.14780712127686,54,54,1,0
West Point Grey,2016,1,night,13593,4.6745399999999995,2907.8797058106256,1.0283888461538462,14,107.7,2016-01-01,2.14780712127686,54,54,1,0
West Point Grey,2016,2,day,13593,4.6745399999999995,2907.8797058106256,1.0283888461538462,3,107.6,2016-02-01,1.6933354139328,54,54,1,0
West Point Grey,2016,2,night,13593,4.6745399999999995,2907.8797058106256,1.0283888461538462,28,107.6,2016-02-01,1.6933354139328,54,54,1,0
West Point Grey,2016,3,day,13593,4.6745399999999995,2907.8797058106256,1.0283888461538462,14,107.7,2016-03-01,2.2654139995575,54,54,1,0
West Point Grey,2016,3,night,13593,4.6745399999999995,2907.8797058106256,1.0283888461538462,13,107.7,2016-03-01,2.2654139995575,54,54,1,0
West Point Grey,2016,4,day,13593,4.6745399999999995,2907.8797058106256,1.0283888461538462,12,112.2,2016-04-01,2.14817523956299,54,54,1,0
West Point Grey,2016,4,night,13593,4.6745399999999995,2907.8797058106256,1.0283888461538462,22,112.2,2016-04-01,2.14817523956299,54,54,1,0
West Point Grey,2016,5,day,13593,4.6745399999999995,2907.8797058106256,1.0283888461538462,16,112.3,2016-05-01,2.04873204231262,54,54,1,0
West Point Grey,2016,5,night,13593,4.6745399999999995,2907.8797058106256,1.0283888461538462,13,112.3,2016-05-01,2.04873204231262,54,54,1,0
West Point Grey,2016,6,day,13593,4.6745399999999995,2907.8797058106256,1.0283888461538462,13,112.2,2016-06-01,NA,NA,NA,NA,0
West Point Grey,2016,6,night,13593,4.6745399999999995,2907.8797058106256,1.0283888461538462,34,112.2,2016-06-01,NA,NA,NA,NA,0
West Point Grey,2016,7,day,13593,4.6745399999999995,2907.8797058106256,1.0283888461538462,8,112.3,2016-07-01,2.04523086547852,54,54,1,0
West Point Grey,2016,7,night,13593,4.6745399999999995,2907.8797058106256,1.0283888461538462,21,112.3,2016-07-01,2.04523086547852,54,54,1,0
West Point Grey,2016,8,day,13593,4.6745399999999995,2907.8797058106256,1.0283888461538462,16,112.3,2016-08-01,1.99153757095337,54,54,1,0
West Point Grey,2016,8,night,13593,4.6745399999999995,2907.8797058106256,1.0283888461538462,20,112.3,2016-08-01,1.99153757095337,54,54,1,0
West Point Grey,2016,9,day,13593,4.6745399999999995,2907.8797058106256,1.0283888461538462,9,112.2,2016-09-01,1.70768594741821,54,54,1,0
West Point Grey,2016,9,night,13593,4.6745399999999995,2907.8797058106256,1.0283888461538462,10,112.2,2016-09-01,1.70768594741821,54,54,1,0
West Point Grey,2016,10,day,13593,4.6745399999999995,2907.8797058106256,1.0283888461538462,16,112.3,2016-10-01,1.71452844142914,54,54,1,0
West Point Grey,2016,10,night,13593,4.6745399999999995,2907.8797058106256,1.0283888461538462,19,112.3,2016-10-01,1.71452844142914,54,54,1,0
West Point Grey,2016,11,day,13593,4.6745399999999995,2907.8797058106256,1.0283888461538462,14,112.2,2016-11-01,1.52706277370453,54,54,1,0
West Point Grey,2016,11,night,13593,4.6745399999999995,2907.8797058106256,1.0283888461538462,18,112.2,2016-11-01,1.52706277370453,54,54,1,0
West Point Grey,2016,12,day,13593,4.6745399999999995,2907.8797058106256,1.0283888461538462,7,112.3,2016-12-01,2.16713118553162,54,54,1,0
West Point Grey,2016,12,night,13593,4.6745399999999995,2907.8797058106256,1.0283888461538462,21,112.3,2016-12-01,2.16713118553162,54,54,1,0
West Point Grey,2017,1,day,13593,4.6745399999999995,2907.8797058106256,1.0283888461538462,7,112.3,2017-01-01,3.39512705802917,54,54,1,0
West Point Grey,2017,1,night,13593,4.6745399999999995,2907.8797058106256,1.0283888461538462,28,112.3,2017-01-01,3.39512705802917,54,54,1,0
West Point Grey,2017,2,day,13593,4.6745399999999995,2907.8797058106256,1.0283888461538462,6,112.1,2017-02-01,2.90908193588257,54,54,1,0
West Point Grey,2017,2,night,13593,4.6745399999999995,2907.8797058106256,1.0283888461538462,16,112.1,2017-02-01,2.90908193588257,54,54,1,0
West Point Grey,2017,3,day,13593,4.6745399999999995,2907.8797058106256,1.0283888461538462,17,112.3,2017-03-01,2.2529034614563,54,54,1,0
West Point Grey,2017,3,night,13593,4.6745399999999995,2907.8797058106256,1.0283888461538462,16,112.3,2017-03-01,2.2529034614563,54,54,1,0
West Point Grey,2017,4,day,13593,4.6745399999999995,2907.8797058106256,1.0283888461538462,10,115.2,2017-04-01,2.428551197052,54,54,1,0
West Point Grey,2017,4,night,13593,4.6745399999999995,2907.8797058106256,1.0283888461538462,12,115.2,2017-04-01,2.428551197052,54,54,1,0
West Point Grey,2017,5,day,13593,4.6745399999999995,2907.8797058106256,1.0283888461538462,13,115.3,2017-05-01,2.08919072151184,54,54,1,0
West Point Grey,2017,5,night,13593,4.6745399999999995,2907.8797058106256,1.0283888461538462,24,115.3,2017-05-01,2.08919072151184,54,54,1,0
West Point Grey,2017,6,day,13593,4.6745399999999995,2907.8797058106256,1.0283888461538462,8,115.2,2017-06-01,NA,NA,NA,NA,0
West Point Grey,2017,6,night,13593,4.6745399999999995,2907.8797058106256,1.0283888461538462,15,115.2,2017-06-01,NA,NA,NA,NA,0
West Point Grey,2017,7,day,13593,4.6745399999999995,2907.8797058106256,1.0283888461538462,13,115.3,2017-07-01,2.35514450073242,54,54,1,0
West Point Grey,2017,7,night,13593,4.6745399999999995,2907.8797058106256,1.0283888461538462,39,115.3,2017-07-01,2.35514450073242,54,54,1,0
West Point Grey,2017,8,day,13593,4.6745399999999995,2907.8797058106256,1.0283888461538462,10,115.3,2017-08-01,1.98137378692627,54,54,1,0
West Point Grey,2017,8,night,13593,4.6745399999999995,2907.8797058106256,1.0283888461538462,11,115.3,2017-08-01,1.98137378692627,54,54,1,0
West Point Grey,2017,9,day,13593,4.6745399999999995,2907.8797058106256,1.0283888461538462,10,115.2,2017-09-01,1.84497892856598,54,54,1,0
West Point Grey,2017,9,night,13593,4.6745399999999995,2907.8797058106256,1.0283888461538462,12,115.2,2017-09-01,1.84497892856598,54,54,1,0
West Point Grey,2017,10,day,13593,4.6745399999999995,2907.8797058106256,1.0283888461538462,16,115.3,2017-10-01,1.89247155189514,54,54,1,0
West Point Grey,2017,10,night,13593,4.6745399999999995,2907.8797058106256,1.0283888461538462,26,115.3,2017-10-01,1.89247155189514,54,54,1,0
West Point Grey,2017,11,day,13593,4.6745399999999995,2907.8797058106256,1.0283888461538462,9,115.2,2017-11-01,1.29593431949615,54,51,0.944444444444444,0
West Point Grey,2017,11,night,13593,4.6745399999999995,2907.8797058106256,1.0283888461538462,14,115.2,2017-11-01,1.29593431949615,54,51,0.944444444444444,0
West Point Grey,2017,12,day,13593,4.6745399999999995,2907.8797058106256,1.0283888461538462,4,115.3,2017-12-01,2.26432657241821,54,54,1,0
West Point Grey,2017,12,night,13593,4.6745399999999995,2907.8797058106256,1.0283888461538462,17,115.3,2017-12-01,2.26432657241821,54,54,1,0
West Point Grey,2018,1,day,13593,4.6745399999999995,2907.8797058106256,1.0283888461538462,12,115.3,2018-01-01,2.10122752189636,54,54,1,0
West Point Grey,2018,1,night,13593,4.6745399999999995,2907.8797058106256,1.0283888461538462,12,115.3,2018-01-01,2.10122752189636,54,54,1,0
West Point Grey,2018,2,day,13593,4.6745399999999995,2907.8797058106256,1.0283888461538462,3,115.1,2018-02-01,4.56519603729248,54,54,1,0
West Point Grey,2018,2,night,13593,4.6745399999999995,2907.8797058106256,1.0283888461538462,16,115.1,2018-02-01,4.56519603729248,54,54,1,0
West Point Grey,2018,3,day,13593,4.6745399999999995,2907.8797058106256,1.0283888461538462,6,115.3,2018-03-01,2.23228693008423,54,54,1,0
West Point Grey,2018,3,night,13593,4.6745399999999995,2907.8797058106256,1.0283888461538462,20,115.3,2018-03-01,2.23228693008423,54,54,1,0
West Point Grey,2018,4,day,13593,4.6745399999999995,2907.8797058106256,1.0283888461538462,9,118.7,2018-04-01,2.34353375434875,54,54,1,0
West Point Grey,2018,4,night,13593,4.6745399999999995,2907.8797058106256,1.0283888461538462,24,118.7,2018-04-01,2.34353375434875,54,54,1,0
West Point Grey,2018,5,day,13593,4.6745399999999995,2907.8797058106256,1.0283888461538462,6,118.8,2018-05-01,2.18928933143616,54,54,1,0
West Point Grey,2018,5,night,13593,4.6745399999999995,2907.8797058106256,1.0283888461538462,21,118.8,2018-05-01,2.18928933143616,54,54,1,0
West Point Grey,2018,6,day,13593,4.6745399999999995,2907.8797058106256,1.0283888461538462,10,118.7,2018-06-01,NA,NA,NA,NA,0
West Point Grey,2018,6,night,13593,4.6745399999999995,2907.8797058106256,1.0283888461538462,18,118.7,2018-06-01,NA,NA,NA,NA,0
West Point Grey,2018,7,day,13593,4.6745399999999995,2907.8797058106256,1.0283888461538462,11,118.8,2018-07-01,2.25746822357178,54,54,1,0
West Point Grey,2018,7,night,13593,4.6745399999999995,2907.8797058106256,1.0283888461538462,14,118.8,2018-07-01,2.25746822357178,54,54,1,0
West Point Grey,2018,8,day,13593,4.6745399999999995,2907.8797058106256,1.0283888461538462,5,118.8,2018-08-01,1.60701167583466,54,54,1,0
West Point Grey,2018,8,night,13593,4.6745399999999995,2907.8797058106256,1.0283888461538462,26,118.8,2018-08-01,1.60701167583466,54,54,1,0
West Point Grey,2018,9,day,13593,4.6745399999999995,2907.8797058106256,1.0283888461538462,11,118.7,2018-09-01,1.72335565090179,54,54,1,0
West Point Grey,2018,9,night,13593,4.6745399999999995,2907.8797058106256,1.0283888461538462,22,118.7,2018-09-01,1.72335565090179,54,54,1,0
West Point Grey,2018,10,day,13593,4.6745399999999995,2907.8797058106256,1.0283888461538462,7,118.8,2018-10-01,1.79769814014435,54,54,1,0
West Point Grey,2018,10,night,13593,4.6745399999999995,2907.8797058106256,1.0283888461538462,23,118.8,2018-10-01,1.79769814014435,54,54,1,0
West Point Grey,2018,11,day,13593,4.6745399999999995,2907.8797058106256,1.0283888461538462,14,118.7,2018-11-01,1.76003730297089,54,54,1,0
West Point Grey,2018,11,night,13593,4.6745399999999995,2907.8797058106256,1.0283888461538462,23,118.7,2018-11-01,1.76003730297089,54,54,1,0
West Point Grey,2018,12,day,13593,4.6745399999999995,2907.8797058106256,1.0283888461538462,17,118.8,2018-12-01,1.83917129039764,54,54,1,0
West Point Grey,2018,12,night,13593,4.6745399999999995,2907.8797058106256,1.0283888461538462,21,118.8,2018-12-01,1.83917129039764,54,54,1,0
West Point Grey,2019,1,day,13429,4.7036999999999995,2854.9864999893703,1.134346153846154,3,118.8,2019-01-01,1.5391811132431,54,54,1,0
West Point Grey,2019,1,night,13429,4.7036999999999995,2854.9864999893703,1.134346153846154,16,118.8,2019-01-01,1.5391811132431,54,54,1,0
West Point Grey,2019,2,day,13429,4.7036999999999995,2854.9864999893703,1.134346153846154,4,118.6,2019-02-01,2.66340184211731,54,54,1,0
West Point Grey,2019,2,night,13429,4.7036999999999995,2854.9864999893703,1.134346153846154,10,118.6,2019-02-01,2.66340184211731,54,54,1,0
West Point Grey,2019,3,day,13429,4.7036999999999995,2854.9864999893703,1.134346153846154,7,118.8,2019-03-01,2.30950212478638,54,54,1,0
West Point Grey,2019,3,night,13429,4.7036999999999995,2854.9864999893703,1.134346153846154,18,118.8,2019-03-01,2.30950212478638,54,54,1,0
West Point Grey,2019,4,day,13429,4.7036999999999995,2854.9864999893703,1.134346153846154,4,120.9,2019-04-01,1.97641456127167,54,54,1,0
West Point Grey,2019,4,night,13429,4.7036999999999995,2854.9864999893703,1.134346153846154,15,120.9,2019-04-01,1.97641456127167,54,54,1,0
West Point Grey,2019,5,day,13429,4.7036999999999995,2854.9864999893703,1.134346153846154,13,120.9,2019-05-01,2.00239086151123,54,54,1,0
West Point Grey,2019,5,night,13429,4.7036999999999995,2854.9864999893703,1.134346153846154,24,120.9,2019-05-01,2.00239086151123,54,54,1,0
West Point Grey,2019,6,day,13429,4.7036999999999995,2854.9864999893703,1.134346153846154,11,120.9,2019-06-01,NA,NA,NA,NA,0
West Point Grey,2019,6,night,13429,4.7036999999999995,2854.9864999893703,1.134346153846154,23,120.9,2019-06-01,NA,NA,NA,NA,0
West Point Grey,2019,7,day,13429,4.7036999999999995,2854.9864999893703,1.134346153846154,13,120.9,2019-07-01,2.12492394447327,54,54,1,0
West Point Grey,2019,7,night,13429,4.7036999999999995,2854.9864999893703,1.134346153846154,26,120.9,2019-07-01,2.12492394447327,54,54,1,0
West Point Grey,2019,8,day,13429,4.7036999999999995,2854.9864999893703,1.134346153846154,17,120.9,2019-08-01,2.10864067077637,54,54,1,0
West Point Grey,2019,8,night,13429,4.7036999999999995,2854.9864999893703,1.134346153846154,21,120.9,2019-08-01,2.10864067077637,54,54,1,0
West Point Grey,2019,9,day,13429,4.7036999999999995,2854.9864999893703,1.134346153846154,14,120.9,2019-09-01,2.09748244285583,54,54,1,0
West Point Grey,2019,9,night,13429,4.7036999999999995,2854.9864999893703,1.134346153846154,32,120.9,2019-09-01,2.09748244285583,54,54,1,0
West Point Grey,2019,10,day,13429,4.7036999999999995,2854.9864999893703,1.134346153846154,17,120.9,2019-10-01,1.89964580535889,54,54,1,0
West Point Grey,2019,10,night,13429,4.7036999999999995,2854.9864999893703,1.134346153846154,25,120.9,2019-10-01,1.89964580535889,54,54,1,0
West Point Grey,2019,11,day,13429,4.7036999999999995,2854.9864999893703,1.134346153846154,8,120.9,2019-11-01,1.95790576934814,54,54,1,0
West Point Grey,2019,11,night,13429,4.7036999999999995,2854.9864999893703,1.134346153846154,21,120.9,2019-11-01,1.95790576934814,54,54,1,0
West Point Grey,2019,12,day,13429,4.7036999999999995,2854.9864999893703,1.134346153846154,7,120.9,2019-12-01,1.77172935009003,54,53,0.981481481481482,0
West Point Grey,2019,12,night,13429,4.7036999999999995,2854.9864999893703,1.134346153846154,29,120.9,2019-12-01,1.77172935009003,54,53,0.981481481481482,0
West Point Grey,2020,1,day,13429,4.7036999999999995,2854.9864999893703,1.134346153846154,9,120.9,2020-01-01,2.40480995178223,54,44,0.814814814814815,0
West Point Grey,2020,1,night,13429,4.7036999999999995,2854.9864999893703,1.134346153846154,17,120.9,2020-01-01,2.40480995178223,54,44,0.814814814814815,0
West Point Grey,2020,2,day,13429,4.7036999999999995,2854.9864999893703,1.134346153846154,11,120.8,2020-02-01,2.00864887237549,54,54,1,0
West Point Grey,2020,2,night,13429,4.7036999999999995,2854.9864999893703,1.134346153846154,20,120.8,2020-02-01,2.00864887237549,54,54,1,0
West Point Grey,2020,3,day,13429,4.7036999999999995,2854.9864999893703,1.134346153846154,9,120.9,2020-03-01,2.31992077827454,54,54,1,0
West Point Grey,2020,3,night,13429,4.7036999999999995,2854.9864999893703,1.134346153846154,22,120.9,2020-03-01,2.31992077827454,54,54,1,0
West Point Grey,2020,4,day,13429,4.7036999999999995,2854.9864999893703,1.134346153846154,5,119.6,2020-04-01,2.25967812538147,54,54,1,0
West Point Grey,2020,4,night,13429,4.7036999999999995,2854.9864999893703,1.134346153846154,18,119.6,2020-04-01,2.25967812538147,54,54,1,0
West Point Grey,2020,5,day,13429,4.7036999999999995,2854.9864999893703,1.134346153846154,12,119.7,2020-05-01,2.15179038047791,54,54,1,0
West Point Grey,2020,5,night,13429,4.7036999999999995,2854.9864999893703,1.134346153846154,28,119.7,2020-05-01,2.15179038047791,54,54,1,0
West Point Grey,2020,6,day,13429,4.7036999999999995,2854.9864999893703,1.134346153846154,4,119.6,2020-06-01,NA,NA,NA,NA,0
West Point Grey,2020,6,night,13429,4.7036999999999995,2854.9864999893703,1.134346153846154,22,119.6,2020-06-01,NA,NA,NA,NA,0
West Point Grey,2020,7,day,13429,4.7036999999999995,2854.9864999893703,1.134346153846154,14,119.7,2020-07-01,2.06458020210266,54,54,1,0
West Point Grey,2020,7,night,13429,4.7036999999999995,2854.9864999893703,1.134346153846154,24,119.7,2020-07-01,2.06458020210266,54,54,1,0
West Point Grey,2020,8,day,13429,4.7036999999999995,2854.9864999893703,1.134346153846154,10,119.7,2020-08-01,2.05586791038513,54,54,1,0
West Point Grey,2020,8,night,13429,4.7036999999999995,2854.9864999893703,1.134346153846154,42,119.7,2020-08-01,2.05586791038513,54,54,1,0
West Point Grey,2020,9,day,13429,4.7036999999999995,2854.9864999893703,1.134346153846154,12,119.6,2020-09-01,1.79372179508209,54,54,1,0
West Point Grey,2020,9,night,13429,4.7036999999999995,2854.9864999893703,1.134346153846154,35,119.6,2020-09-01,1.79372179508209,54,54,1,0
West Point Grey,2020,10,day,13429,4.7036999999999995,2854.9864999893703,1.134346153846154,13,119.7,2020-10-01,1.76564335823059,54,54,1,0
West Point Grey,2020,10,night,13429,4.7036999999999995,2854.9864999893703,1.134346153846154,28,119.7,2020-10-01,1.76564335823059,54,54,1,0
West Point Grey,2020,11,day,13429,4.7036999999999995,2854.9864999893703,1.134346153846154,13,119.6,2020-11-01,1.86979162693024,54,54,1,0
West Point Grey,2020,11,night,13429,4.7036999999999995,2854.9864999893703,1.134346153846154,23,119.6,2020-11-01,1.86979162693024,54,54,1,0
West Point Grey,2020,12,day,13429,4.7036999999999995,2854.9864999893703,1.134346153846154,6,119.7,2020-12-01,1.35510492324829,54,53,0.981481481481482,0
West Point Grey,2020,12,night,13429,4.7036999999999995,2854.9864999893703,1.134346153846154,13,119.7,2020-12-01,1.35510492324829,54,53,0.981481481481482,0
West Point Grey,2021,1,day,13429,4.7036999999999995,2854.9864999893703,1.134346153846154,6,119.7,2021-01-01,1.20909309387207,54,53,0.981481481481482,0
West Point Grey,2021,1,night,13429,4.7036999999999995,2854.9864999893703,1.134346153846154,22,119.7,2021-01-01,1.20909309387207,54,53,0.981481481481482,0
West Point Grey,2021,2,day,13429,4.7036999999999995,2854.9864999893703,1.134346153846154,15,119.5,2021-02-01,2.31240725517273,54,54,1,0
West Point Grey,2021,2,night,13429,4.7036999999999995,2854.9864999893703,1.134346153846154,15,119.5,2021-02-01,2.31240725517273,54,54,1,0
West Point Grey,2021,3,day,13429,4.7036999999999995,2854.9864999893703,1.134346153846154,5,119.7,2021-03-01,2.32780313491821,54,54,1,0
West Point Grey,2021,3,night,13429,4.7036999999999995,2854.9864999893703,1.134346153846154,14,119.7,2021-03-01,2.32780313491821,54,54,1,0
West Point Grey,2021,4,day,13429,4.7036999999999995,2854.9864999893703,1.134346153846154,9,120.1,2021-04-01,2.31754922866821,54,54,1,0
West Point Grey,2021,4,night,13429,4.7036999999999995,2854.9864999893703,1.134346153846154,14,120.1,2021-04-01,2.31754922866821,54,54,1,0
West Point Grey,2021,5,day,13429,4.7036999999999995,2854.9864999893703,1.134346153846154,10,120.1,2021-05-01,2.05158996582031,54,54,1,0
West Point Grey,2021,5,night,13429,4.7036999999999995,2854.9864999893703,1.134346153846154,29,120.1,2021-05-01,2.05158996582031,54,54,1,0
West Point Grey,2021,6,day,13429,4.7036999999999995,2854.9864999893703,1.134346153846154,11,120.1,2021-06-01,NA,NA,NA,NA,0
West Point Grey,2021,6,night,13429,4.7036999999999995,2854.9864999893703,1.134346153846154,33,120.1,2021-06-01,NA,NA,NA,NA,0
West Point Grey,2021,7,day,13429,4.7036999999999995,2854.9864999893703,1.134346153846154,9,120.1,2021-07-01,2.16267728805542,54,54,1,0
West Point Grey,2021,7,night,13429,4.7036999999999995,2854.9864999893703,1.134346153846154,11,120.1,2021-07-01,2.16267728805542,54,54,1,0
West Point Grey,2021,8,day,13429,4.7036999999999995,2854.9864999893703,1.134346153846154,12,120.1,2021-08-01,1.77211940288544,54,54,1,0
West Point Grey,2021,8,night,13429,4.7036999999999995,2854.9864999893703,1.134346153846154,13,120.1,2021-08-01,1.77211940288544,54,54,1,0
West Point Grey,2021,9,day,13429,4.7036999999999995,2854.9864999893703,1.134346153846154,4,120.1,2021-09-01,1.90173745155334,54,54,1,0
West Point Grey,2021,9,night,13429,4.7036999999999995,2854.9864999893703,1.134346153846154,6,120.1,2021-09-01,1.90173745155334,54,54,1,0
West Point Grey,2021,10,day,13429,4.7036999999999995,2854.9864999893703,1.134346153846154,3,120.1,2021-10-01,1.90398108959198,54,53,0.981481481481482,0
West Point Grey,2021,10,night,13429,4.7036999999999995,2854.9864999893703,1.134346153846154,7,120.1,2021-10-01,1.90398108959198,54,53,0.981481481481482,0
West Point Grey,2021,11,day,13429,4.7036999999999995,2854.9864999893703,1.134346153846154,6,120.1,2021-11-01,1.73410475254059,54,52,0.962962962962963,0
West Point Grey,2021,11,night,13429,4.7036999999999995,2854.9864999893703,1.134346153846154,11,120.1,2021-11-01,1.73410475254059,54,52,0.962962962962963,0
West Point Grey,2021,12,day,13429,4.7036999999999995,2854.9864999893703,1.134346153846154,4,120.1,2021-12-01,2.62326216697693,54,54,1,0
West Point Grey,2021,12,night,13429,4.7036999999999995,2854.9864999893703,1.134346153846154,11,120.1,2021-12-01,2.62326216697693,54,54,1,0
West Point Grey,2022,1,day,13429,4.7036999999999995,2854.9864999893703,1.134346153846154,2,120.1,2022-01-01,1.4392808675766,54,53,0.981481481481482,0
West Point Grey,2022,1,night,13429,4.7036999999999995,2854.9864999893703,1.134346153846154,9,120.1,2022-01-01,1.4392808675766,54,53,0.981481481481482,0
West Point Grey,2022,2,day,13429,4.7036999999999995,2854.9864999893703,1.134346153846154,2,120,2022-02-01,2.26859021186829,54,54,1,0
West Point Grey,2022,2,night,13429,4.7036999999999995,2854.9864999893703,1.134346153846154,6,120,2022-02-01,2.26859021186829,54,54,1,0
West Point Grey,2022,3,day,13429,4.7036999999999995,2854.9864999893703,1.134346153846154,7,120.1,2022-03-01,2.15823006629944,54,54,1,0
West Point Grey,2022,3,night,13429,4.7036999999999995,2854.9864999893703,1.134346153846154,24,120.1,2022-03-01,2.15823006629944,54,54,1,0
West Point Grey,2022,4,day,13429,4.7036999999999995,2854.9864999893703,1.134346153846154,3,120.9,2022-04-01,2.41903471946716,54,54,1,0
West Point Grey,2022,4,night,13429,4.7036999999999995,2854.9864999893703,1.134346153846154,7,120.9,2022-04-01,2.41903471946716,54,54,1,0
West Point Grey,2022,5,day,13429,4.7036999999999995,2854.9864999893703,1.134346153846154,8,120.9,2022-05-01,2.23888516426086,54,54,1,0
West Point Grey,2022,5,night,13429,4.7036999999999995,2854.9864999893703,1.134346153846154,5,120.9,2022-05-01,2.23888516426086,54,54,1,0
West Point Grey,2022,6,day,13429,4.7036999999999995,2854.9864999893703,1.134346153846154,12,120.9,2022-06-01,NA,NA,NA,NA,0
West Point Grey,2022,6,night,13429,4.7036999999999995,2854.9864999893703,1.134346153846154,10,120.9,2022-06-01,NA,NA,NA,NA,0
West Point Grey,2022,7,day,13429,4.7036999999999995,2854.9864999893703,1.134346153846154,3,120.9,2022-07-01,2.23222708702087,54,54,1,0
West Point Grey,2022,7,night,13429,4.7036999999999995,2854.9864999893703,1.134346153846154,12,120.9,2022-07-01,2.23222708702087,54,54,1,0
West Point Grey,2022,8,day,13429,4.7036999999999995,2854.9864999893703,1.134346153846154,5,120.9,2022-08-01,1.8360081911087,54,54,1,0
West Point Grey,2022,8,night,13429,4.7036999999999995,2854.9864999893703,1.134346153846154,13,120.9,2022-08-01,1.8360081911087,54,54,1,0
West Point Grey,2022,9,day,13429,4.7036999999999995,2854.9864999893703,1.134346153846154,11,120.9,2022-09-01,1.90692865848541,54,54,1,0
West Point Grey,2022,9,night,13429,4.7036999999999995,2854.9864999893703,1.134346153846154,11,120.9,2022-09-01,1.90692865848541,54,54,1,0
West Point Grey,2022,10,day,13429,4.7036999999999995,2854.9864999893703,1.134346153846154,1,120.9,2022-10-01,1.84048533439636,54,54,1,0
West Point Grey,2022,10,night,13429,4.7036999999999995,2854.9864999893703,1.134346153846154,16,120.9,2022-10-01,1.84048533439636,54,54,1,0
West Point Grey,2022,11,day,13429,4.7036999999999995,2854.9864999893703,1.134346153846154,1,120.9,2022-11-01,1.66761767864227,54,54,1,0
West Point Grey,2022,11,night,13429,4.7036999999999995,2854.9864999893703,1.134346153846154,5,120.9,2022-11-01,1.66761767864227,54,54,1,0
West Point Grey,2022,12,day,13429,4.7036999999999995,2854.9864999893703,1.134346153846154,1,120.9,2022-12-01,2.13551759719849,54,54,1,0
West Point Grey,2022,12,night,13429,4.7036999999999995,2854.9864999893703,1.134346153846154,5,120.9,2022-12-01,2.13551759719849,54,54,1,0
West Point Grey,2023,1,day,13429,4.7036999999999995,2854.9864999893703,1.134346153846154,8,120.9,2023-01-01,1.66117131710052,54,54,1,0
West Point Grey,2023,1,night,13429,4.7036999999999995,2854.9864999893703,1.134346153846154,13,120.9,2023-01-01,1.66117131710052,54,54,1,0
West Point Grey,2023,2,day,13429,4.7036999999999995,2854.9864999893703,1.134346153846154,2,120.7,2023-02-01,1.8690869808197,54,53,0.981481481481482,0
West Point Grey,2023,2,night,13429,4.7036999999999995,2854.9864999893703,1.134346153846154,10,120.7,2023-02-01,1.8690869808197,54,53,0.981481481481482,0
West Point Grey,2023,3,day,13429,4.7036999999999995,2854.9864999893703,1.134346153846154,6,120.9,2023-03-01,1.95379400253296,54,54,1,0
West Point Grey,2023,3,night,13429,4.7036999999999995,2854.9864999893703,1.134346153846154,10,120.9,2023-03-01,1.95379400253296,54,54,1,0
West Point Grey,2023,4,day,13429,4.7036999999999995,2854.9864999893703,1.134346153846154,7,122,2023-04-01,2.05566430091858,54,54,1,0
West Point Grey,2023,4,night,13429,4.7036999999999995,2854.9864999893703,1.134346153846154,6,122,2023-04-01,2.05566430091858,54,54,1,0
West Point Grey,2023,5,day,13429,4.7036999999999995,2854.9864999893703,1.134346153846154,9,122.1,2023-05-01,2.32881832122803,54,54,1,0
West Point Grey,2023,5,night,13429,4.7036999999999995,2854.9864999893703,1.134346153846154,12,122.1,2023-05-01,2.32881832122803,54,54,1,0
West Point Grey,2023,6,day,13429,4.7036999999999995,2854.9864999893703,1.134346153846154,5,122,2023-06-01,NA,NA,NA,NA,0
West Point Grey,2023,6,night,13429,4.7036999999999995,2854.9864999893703,1.134346153846154,17,122,2023-06-01,NA,NA,NA,NA,0
West Point Grey,2023,7,day,13429,4.7036999999999995,2854.9864999893703,1.134346153846154,14,122.1,2023-07-01,2.08739876747131,54,54,1,0
West Point Grey,2023,7,night,13429,4.7036999999999995,2854.9864999893703,1.134346153846154,15,122.1,2023-07-01,2.08739876747131,54,54,1,0
West Point Grey,2023,8,day,13429,4.7036999999999995,2854.9864999893703,1.134346153846154,1,122.1,2023-08-01,2.00897002220154,54,54,1,0
West Point Grey,2023,8,night,13429,4.7036999999999995,2854.9864999893703,1.134346153846154,15,122.1,2023-08-01,2.00897002220154,54,54,1,0
West Point Grey,2023,9,day,13429,4.7036999999999995,2854.9864999893703,1.134346153846154,9,122.5,2023-09-01,1.78747308254242,54,54,1,0
West Point Grey,2023,9,night,13429,4.7036999999999995,2854.9864999893703,1.134346153846154,12,122.5,2023-09-01,1.78747308254242,54,54,1,0
West Point Grey,2023,10,day,13429,4.7036999999999995,2854.9864999893703,1.134346153846154,4,122.5,2023-10-01,1.69473588466644,54,54,1,0
West Point Grey,2023,10,night,13429,4.7036999999999995,2854.9864999893703,1.134346153846154,8,122.5,2023-10-01,1.69473588466644,54,54,1,0
West Point Grey,2023,11,day,13429,4.7036999999999995,2854.9864999893703,1.134346153846154,4,122.5,2023-11-01,1.73934900760651,54,54,1,0
West Point Grey,2023,11,night,13429,4.7036999999999995,2854.9864999893703,1.134346153846154,8,122.5,2023-11-01,1.73934900760651,54,54,1,0
West Point Grey,2023,12,day,13429,4.7036999999999995,2854.9864999893703,1.134346153846154,4,122.5,2023-12-01,1.98760569095612,54,54,1,0
West Point Grey,2023,12,night,13429,4.7036999999999995,2854.9864999893703,1.134346153846154,5,122.5,2023-12-01,1.98760569095612,54,54,1,0
