"geo_local_area","year","month","crime_count","date","prev_crime_count","pct_change"
"Arbutus Ridge",2003,1,52,1月 2003,NA,NA
"Arbutus Ridge",2003,3,48,3月 2003,52,-7.69230769230769
"Arbutus Ridge",2003,5,36,5月 2003,48,-25
"Arbutus Ridge",2003,7,39,7月 2003,36,8.33333333333333
"Arbutus Ridge",2003,9,38,9月 2003,39,-2.56410256410256
"Arbutus Ridge",2003,11,35,11月 2003,38,-7.89473684210526
"Arbutus Ridge",2004,1,49,1月 2004,35,40
"Arbutus Ridge",2004,3,40,3月 2004,49,-18.3673469387755
"Arbutus Ridge",2004,5,53,5月 2004,40,32.5
"Arbutus Ridge",2004,7,27,7月 2004,53,-49.0566037735849
"Arbutus Ridge",2004,9,43,9月 2004,27,59.2592592592593
"Arbutus Ridge",2004,11,43,11月 2004,43,0
"Arbutus Ridge",2005,1,47,1月 2005,43,9.30232558139535
"Arbutus Ridge",2005,3,54,3月 2005,47,14.8936170212766
"Arbutus Ridge",2005,5,48,5月 2005,54,-11.1111111111111
"Arbutus Ridge",2005,7,40,7月 2005,48,-16.6666666666667
"Arbutus Ridge",2005,9,33,9月 2005,40,-17.5
"Arbutus Ridge",2005,11,25,11月 2005,33,-24.2424242424242
"Arbutus Ridge",2006,1,34,1月 2006,25,36
"Arbutus Ridge",2006,3,39,3月 2006,34,14.7058823529412
"Arbutus Ridge",2006,5,19,5月 2006,39,-51.2820512820513
"Arbutus Ridge",2006,7,19,7月 2006,19,0
"Arbutus Ridge",2006,9,33,9月 2006,19,73.6842105263158
"Arbutus Ridge",2006,11,21,11月 2006,33,-36.3636363636364
"Arbutus Ridge",2007,1,24,1月 2007,21,14.2857142857143
"Arbutus Ridge",2007,3,17,3月 2007,24,-29.1666666666667
"Arbutus Ridge",2007,5,24,5月 2007,17,41.1764705882353
"Arbutus Ridge",2007,7,10,7月 2007,24,-58.3333333333333
"Arbutus Ridge",2007,9,22,9月 2007,10,120
"Arbutus Ridge",2007,11,20,11月 2007,22,-9.09090909090909
"Arbutus Ridge",2008,1,21,1月 2008,20,5
"Arbutus Ridge",2008,3,21,3月 2008,21,0
"Arbutus Ridge",2008,5,22,5月 2008,21,4.76190476190476
"Arbutus Ridge",2008,7,17,7月 2008,22,-22.7272727272727
"Arbutus Ridge",2008,9,10,9月 2008,17,-41.1764705882353
"Arbutus Ridge",2008,11,16,11月 2008,10,60
"Arbutus Ridge",2009,1,27,1月 2009,16,68.75
"Arbutus Ridge",2009,3,24,3月 2009,27,-11.1111111111111
"Arbutus Ridge",2009,5,22,5月 2009,24,-8.33333333333333
"Arbutus Ridge",2009,7,17,7月 2009,22,-22.7272727272727
"Arbutus Ridge",2009,9,16,9月 2009,17,-5.88235294117647
"Arbutus Ridge",2009,11,21,11月 2009,16,31.25
"Arbutus Ridge",2010,1,20,1月 2010,21,-4.76190476190476
"Arbutus Ridge",2010,3,20,3月 2010,20,0
"Arbutus Ridge",2010,5,14,5月 2010,20,-30
"Arbutus Ridge",2010,7,14,7月 2010,14,0
"Arbutus Ridge",2010,9,18,9月 2010,14,28.5714285714286
"Arbutus Ridge",2010,11,23,11月 2010,18,27.7777777777778
"Arbutus Ridge",2011,1,20,1月 2011,23,-13.0434782608696
"Arbutus Ridge",2011,3,15,3月 2011,20,-25
"Arbutus Ridge",2011,5,14,5月 2011,15,-6.66666666666667
"Arbutus Ridge",2011,7,15,7月 2011,14,7.14285714285714
"Arbutus Ridge",2011,9,18,9月 2011,15,20
"Arbutus Ridge",2011,11,23,11月 2011,18,27.7777777777778
"Arbutus Ridge",2012,1,14,1月 2012,23,-39.1304347826087
"Arbutus Ridge",2012,3,9,3月 2012,14,-35.7142857142857
"Arbutus Ridge",2012,5,17,5月 2012,9,88.8888888888889
"Arbutus Ridge",2012,7,13,7月 2012,17,-23.5294117647059
"Arbutus Ridge",2012,9,18,9月 2012,13,38.4615384615385
"Arbutus Ridge",2012,11,31,11月 2012,18,72.2222222222222
"Arbutus Ridge",2013,1,13,1月 2013,31,-58.0645161290323
"Arbutus Ridge",2013,3,18,3月 2013,13,38.4615384615385
"Arbutus Ridge",2013,5,24,5月 2013,18,33.3333333333333
"Arbutus Ridge",2013,7,11,7月 2013,24,-54.1666666666667
"Arbutus Ridge",2013,9,8,9月 2013,11,-27.2727272727273
"Arbutus Ridge",2013,11,30,11月 2013,8,275
"Arbutus Ridge",2014,1,22,1月 2014,30,-26.6666666666667
"Arbutus Ridge",2014,3,13,3月 2014,22,-40.9090909090909
"Arbutus Ridge",2014,5,28,5月 2014,13,115.384615384615
"Arbutus Ridge",2014,7,23,7月 2014,28,-17.8571428571429
"Arbutus Ridge",2014,9,32,9月 2014,23,39.1304347826087
"Arbutus Ridge",2014,11,32,11月 2014,32,0
"Arbutus Ridge",2015,1,25,1月 2015,32,-21.875
"Arbutus Ridge",2015,3,17,3月 2015,25,-32
"Arbutus Ridge",2015,5,19,5月 2015,17,11.7647058823529
"Arbutus Ridge",2015,7,23,7月 2015,19,21.0526315789474
"Arbutus Ridge",2015,9,20,9月 2015,23,-13.0434782608696
"Arbutus Ridge",2015,11,20,11月 2015,20,0
"Arbutus Ridge",2016,1,34,1月 2016,20,70
"Arbutus Ridge",2016,3,16,3月 2016,34,-52.9411764705882
"Arbutus Ridge",2016,5,17,5月 2016,16,6.25
"Arbutus Ridge",2016,7,30,7月 2016,17,76.4705882352941
"Arbutus Ridge",2016,9,17,9月 2016,30,-43.3333333333333
"Arbutus Ridge",2016,11,21,11月 2016,17,23.5294117647059
"Arbutus Ridge",2017,1,16,1月 2017,21,-23.8095238095238
"Arbutus Ridge",2017,3,27,3月 2017,16,68.75
"Arbutus Ridge",2017,5,18,5月 2017,27,-33.3333333333333
"Arbutus Ridge",2017,7,32,7月 2017,18,77.7777777777778
"Arbutus Ridge",2017,9,14,9月 2017,32,-56.25
"Arbutus Ridge",2017,11,19,11月 2017,14,35.7142857142857
"Arbutus Ridge",2018,1,13,1月 2018,19,-31.5789473684211
"Arbutus Ridge",2018,3,20,3月 2018,13,53.8461538461538
"Arbutus Ridge",2018,5,22,5月 2018,20,10
"Arbutus Ridge",2018,7,13,7月 2018,22,-40.9090909090909
"Arbutus Ridge",2018,9,21,9月 2018,13,61.5384615384615
"Arbutus Ridge",2018,11,24,11月 2018,21,14.2857142857143
"Arbutus Ridge",2019,1,16,1月 2019,24,-33.3333333333333
"Arbutus Ridge",2019,3,11,3月 2019,16,-31.25
"Arbutus Ridge",2019,5,11,5月 2019,11,0
"Arbutus Ridge",2019,7,19,7月 2019,11,72.7272727272727
"Arbutus Ridge",2019,9,15,9月 2019,19,-21.0526315789474
"Arbutus Ridge",2019,11,22,11月 2019,15,46.6666666666667
"Arbutus Ridge",2020,1,21,1月 2020,22,-4.54545454545455
"Arbutus Ridge",2020,3,23,3月 2020,21,9.52380952380952
"Arbutus Ridge",2020,5,16,5月 2020,23,-30.4347826086957
"Arbutus Ridge",2020,7,18,7月 2020,16,12.5
"Arbutus Ridge",2020,9,20,9月 2020,18,11.1111111111111
"Arbutus Ridge",2020,11,13,11月 2020,20,-35
"Arbutus Ridge",2021,1,23,1月 2021,13,76.9230769230769
"Arbutus Ridge",2021,3,13,3月 2021,23,-43.4782608695652
"Arbutus Ridge",2021,5,12,5月 2021,13,-7.69230769230769
"Arbutus Ridge",2021,7,9,7月 2021,12,-25
"Arbutus Ridge",2021,9,14,9月 2021,9,55.5555555555556
"Arbutus Ridge",2021,11,9,11月 2021,14,-35.7142857142857
"Arbutus Ridge",2022,1,13,1月 2022,9,44.4444444444444
"Arbutus Ridge",2022,3,19,3月 2022,13,46.1538461538462
"Arbutus Ridge",2022,5,15,5月 2022,19,-21.0526315789474
"Arbutus Ridge",2022,7,14,7月 2022,15,-6.66666666666667
"Arbutus Ridge",2022,9,19,9月 2022,14,35.7142857142857
"Arbutus Ridge",2022,11,14,11月 2022,19,-26.3157894736842
"Arbutus Ridge",2023,1,14,1月 2023,14,0
"Arbutus Ridge",2023,3,24,3月 2023,14,71.4285714285714
"Arbutus Ridge",2023,5,9,5月 2023,24,-62.5
"Arbutus Ridge",2023,7,7,7月 2023,9,-22.2222222222222
"Arbutus Ridge",2023,9,8,9月 2023,7,14.2857142857143
"Arbutus Ridge",2023,11,11,11月 2023,8,37.5
"Arbutus Ridge",2024,1,18,1月 2024,11,63.6363636363636
"Arbutus Ridge",2024,3,10,3月 2024,18,-44.4444444444444
"Arbutus Ridge",2024,5,13,5月 2024,10,30
"Arbutus Ridge",2024,7,8,7月 2024,13,-38.4615384615385
"Arbutus Ridge",2024,9,11,9月 2024,8,37.5
"Arbutus Ridge",2024,11,11,11月 2024,11,0
"Arbutus Ridge",2025,1,11,1月 2025,11,0
"Arbutus Ridge",2025,3,4,3月 2025,11,-63.6363636363636
"Downtown",2003,1,740,1月 2003,NA,NA
"Downtown",2003,3,561,3月 2003,740,-24.1891891891892
"Downtown",2003,5,641,5月 2003,561,14.2602495543672
"Downtown",2003,7,571,7月 2003,641,-10.9204368174727
"Downtown",2003,9,509,9月 2003,571,-10.8581436077058
"Downtown",2003,11,627,11月 2003,509,23.1827111984283
"Downtown",2004,1,563,1月 2004,627,-10.207336523126
"Downtown",2004,3,563,3月 2004,563,0
"Downtown",2004,5,476,5月 2004,563,-15.4529307282416
"Downtown",2004,7,532,7月 2004,476,11.7647058823529
"Downtown",2004,9,554,9月 2004,532,4.13533834586466
"Downtown",2004,11,501,11月 2004,554,-9.56678700361011
"Downtown",2005,1,483,1月 2005,501,-3.59281437125748
"Downtown",2005,3,555,3月 2005,483,14.9068322981366
"Downtown",2005,5,454,5月 2005,555,-18.1981981981982
"Downtown",2005,7,442,7月 2005,454,-2.6431718061674
"Downtown",2005,9,509,9月 2005,442,15.158371040724
"Downtown",2005,11,495,11月 2005,509,-2.75049115913556
"Downtown",2006,1,526,1月 2006,495,6.26262626262626
"Downtown",2006,3,581,3月 2006,526,10.4562737642586
"Downtown",2006,5,470,5月 2006,581,-19.104991394148
"Downtown",2006,7,543,7月 2006,470,15.531914893617
"Downtown",2006,9,452,9月 2006,543,-16.7587476979742
"Downtown",2006,11,545,11月 2006,452,20.5752212389381
"Downtown",2007,1,587,1月 2007,545,7.70642201834862
"Downtown",2007,3,524,3月 2007,587,-10.732538330494
"Downtown",2007,5,452,5月 2007,524,-13.7404580152672
"Downtown",2007,7,386,7月 2007,452,-14.6017699115044
"Downtown",2007,9,518,9月 2007,386,34.1968911917098
"Downtown",2007,11,524,11月 2007,518,1.15830115830116
"Downtown",2008,1,509,1月 2008,524,-2.86259541984733
"Downtown",2008,3,530,3月 2008,509,4.12573673870334
"Downtown",2008,5,469,5月 2008,530,-11.5094339622642
"Downtown",2008,7,432,7月 2008,469,-7.88912579957356
"Downtown",2008,9,496,9月 2008,432,14.8148148148148
"Downtown",2008,11,470,11月 2008,496,-5.24193548387097
"Downtown",2009,1,460,1月 2009,470,-2.12765957446809
"Downtown",2009,3,452,3月 2009,460,-1.73913043478261
"Downtown",2009,5,376,5月 2009,452,-16.8141592920354
"Downtown",2009,7,379,7月 2009,376,0.797872340425532
"Downtown",2009,9,484,9月 2009,379,27.7044854881267
"Downtown",2009,11,382,11月 2009,484,-21.0743801652893
"Downtown",2010,1,379,1月 2010,382,-0.785340314136126
"Downtown",2010,3,429,3月 2010,379,13.1926121372032
"Downtown",2010,5,358,5月 2010,429,-16.5501165501165
"Downtown",2010,7,381,7月 2010,358,6.42458100558659
"Downtown",2010,9,368,9月 2010,381,-3.41207349081365
"Downtown",2010,11,308,11月 2010,368,-16.304347826087
"Downtown",2011,1,394,1月 2011,308,27.9220779220779
"Downtown",2011,3,361,3月 2011,394,-8.3756345177665
"Downtown",2011,5,306,5月 2011,361,-15.2354570637119
"Downtown",2011,7,317,7月 2011,306,3.59477124183007
"Downtown",2011,9,320,9月 2011,317,0.946372239747634
"Downtown",2011,11,385,11月 2011,320,20.3125
"Downtown",2012,1,452,1月 2012,385,17.4025974025974
"Downtown",2012,3,367,3月 2012,452,-18.8053097345133
"Downtown",2012,5,340,5月 2012,367,-7.35694822888283
"Downtown",2012,7,275,7月 2012,340,-19.1176470588235
"Downtown",2012,9,314,9月 2012,275,14.1818181818182
"Downtown",2012,11,412,11月 2012,314,31.2101910828025
"Downtown",2013,1,353,1月 2013,412,-14.3203883495146
"Downtown",2013,3,458,3月 2013,353,29.7450424929178
"Downtown",2013,5,350,5月 2013,458,-23.5807860262009
"Downtown",2013,7,411,7月 2013,350,17.4285714285714
"Downtown",2013,9,411,9月 2013,411,0
"Downtown",2013,11,503,11月 2013,411,22.3844282238443
"Downtown",2014,1,417,1月 2014,503,-17.0974155069582
"Downtown",2014,3,487,3月 2014,417,16.7865707434053
"Downtown",2014,5,426,5月 2014,487,-12.5256673511294
"Downtown",2014,7,460,7月 2014,426,7.981220657277
"Downtown",2014,9,458,9月 2014,460,-0.434782608695652
"Downtown",2014,11,561,11月 2014,458,22.4890829694323
"Downtown",2015,1,483,1月 2015,561,-13.903743315508
"Downtown",2015,3,417,3月 2015,483,-13.6645962732919
"Downtown",2015,5,438,5月 2015,417,5.03597122302158
"Downtown",2015,7,469,7月 2015,438,7.07762557077626
"Downtown",2015,9,490,9月 2015,469,4.47761194029851
"Downtown",2015,11,612,11月 2015,490,24.8979591836735
"Downtown",2016,1,690,1月 2016,612,12.7450980392157
"Downtown",2016,3,595,3月 2016,690,-13.768115942029
"Downtown",2016,5,557,5月 2016,595,-6.38655462184874
"Downtown",2016,7,547,7月 2016,557,-1.79533213644524
"Downtown",2016,9,514,9月 2016,547,-6.03290676416819
"Downtown",2016,11,581,11月 2016,514,13.0350194552529
"Downtown",2017,1,555,1月 2017,581,-4.4750430292599
"Downtown",2017,3,542,3月 2017,555,-2.34234234234234
"Downtown",2017,5,525,5月 2017,542,-3.13653136531365
"Downtown",2017,7,532,7月 2017,525,1.33333333333333
"Downtown",2017,9,619,9月 2017,532,16.3533834586466
"Downtown",2017,11,676,11月 2017,619,9.20840064620355
"Downtown",2018,1,729,1月 2018,676,7.84023668639053
"Downtown",2018,3,569,3月 2018,729,-21.9478737997257
"Downtown",2018,5,527,5月 2018,569,-7.38137082601054
"Downtown",2018,7,553,7月 2018,527,4.93358633776091
"Downtown",2018,9,677,9月 2018,553,22.4231464737794
"Downtown",2018,11,725,11月 2018,677,7.09010339734121
"Downtown",2019,1,759,1月 2019,725,4.68965517241379
"Downtown",2019,3,677,3月 2019,759,-10.8036890645586
"Downtown",2019,5,662,5月 2019,677,-2.21565731166913
"Downtown",2019,7,699,7月 2019,662,5.58912386706949
"Downtown",2019,9,674,9月 2019,699,-3.57653791130186
"Downtown",2019,11,802,11月 2019,674,18.9910979228487
"Downtown",2020,1,770,1月 2020,802,-3.99002493765586
"Downtown",2020,3,560,3月 2020,770,-27.2727272727273
"Downtown",2020,5,233,5月 2020,560,-58.3928571428571
"Downtown",2020,7,305,7月 2020,233,30.9012875536481
"Downtown",2020,9,369,9月 2020,305,20.983606557377
"Downtown",2020,11,359,11月 2020,369,-2.710027100271
"Downtown",2021,1,467,1月 2021,359,30.08356545961
"Downtown",2021,3,293,3月 2021,467,-37.2591006423983
"Downtown",2021,5,283,5月 2021,293,-3.41296928327645
"Downtown",2021,7,357,7月 2021,283,26.1484098939929
"Downtown",2021,9,421,9月 2021,357,17.9271708683473
"Downtown",2021,11,517,11月 2021,421,22.8028503562945
"Downtown",2022,1,449,1月 2022,517,-13.1528046421663
"Downtown",2022,3,495,3月 2022,449,10.2449888641425
"Downtown",2022,5,424,5月 2022,495,-14.3434343434343
"Downtown",2022,7,436,7月 2022,424,2.83018867924528
"Downtown",2022,9,473,9月 2022,436,8.48623853211009
"Downtown",2022,11,391,11月 2022,473,-17.3361522198731
"Downtown",2023,1,473,1月 2023,391,20.9718670076726
"Downtown",2023,3,600,3月 2023,473,26.8498942917548
"Downtown",2023,5,470,5月 2023,600,-21.6666666666667
"Downtown",2023,7,517,7月 2023,470,10
"Downtown",2023,9,529,9月 2023,517,2.321083172147
"Downtown",2023,11,490,11月 2023,529,-7.37240075614367
"Downtown",2024,1,437,1月 2024,490,-10.8163265306122
"Downtown",2024,3,431,3月 2024,437,-1.37299771167048
"Downtown",2024,5,475,5月 2024,431,10.2088167053364
"Downtown",2024,7,471,7月 2024,475,-0.842105263157895
"Downtown",2024,9,492,9月 2024,471,4.45859872611465
"Downtown",2024,11,526,11月 2024,492,6.91056910569106
"Downtown",2025,1,445,1月 2025,526,-15.3992395437262
"Downtown",2025,3,156,3月 2025,445,-64.9438202247191
"Dunbar-Southlands",2003,1,67,1月 2003,NA,NA
"Dunbar-Southlands",2003,3,71,3月 2003,67,5.97014925373134
"Dunbar-Southlands",2003,5,55,5月 2003,71,-22.5352112676056
"Dunbar-Southlands",2003,7,46,7月 2003,55,-16.3636363636364
"Dunbar-Southlands",2003,9,59,9月 2003,46,28.2608695652174
"Dunbar-Southlands",2003,11,44,11月 2003,59,-25.4237288135593
"Dunbar-Southlands",2004,1,51,1月 2004,44,15.9090909090909
"Dunbar-Southlands",2004,3,59,3月 2004,51,15.6862745098039
"Dunbar-Southlands",2004,5,92,5月 2004,59,55.9322033898305
"Dunbar-Southlands",2004,7,48,7月 2004,92,-47.8260869565217
"Dunbar-Southlands",2004,9,122,9月 2004,48,154.166666666667
"Dunbar-Southlands",2004,11,164,11月 2004,122,34.4262295081967
"Dunbar-Southlands",2005,1,63,1月 2005,164,-61.5853658536585
"Dunbar-Southlands",2005,3,90,3月 2005,63,42.8571428571429
"Dunbar-Southlands",2005,5,59,5月 2005,90,-34.4444444444444
"Dunbar-Southlands",2005,7,44,7月 2005,59,-25.4237288135593
"Dunbar-Southlands",2005,9,46,9月 2005,44,4.54545454545455
"Dunbar-Southlands",2005,11,48,11月 2005,46,4.34782608695652
"Dunbar-Southlands",2006,1,70,1月 2006,48,45.8333333333333
"Dunbar-Southlands",2006,3,82,3月 2006,70,17.1428571428571
"Dunbar-Southlands",2006,5,32,5月 2006,82,-60.9756097560976
"Dunbar-Southlands",2006,7,26,7月 2006,32,-18.75
"Dunbar-Southlands",2006,9,51,9月 2006,26,96.1538461538462
"Dunbar-Southlands",2006,11,39,11月 2006,51,-23.5294117647059
"Dunbar-Southlands",2007,1,43,1月 2007,39,10.2564102564103
"Dunbar-Southlands",2007,3,21,3月 2007,43,-51.1627906976744
"Dunbar-Southlands",2007,5,20,5月 2007,21,-4.76190476190476
"Dunbar-Southlands",2007,7,15,7月 2007,20,-25
"Dunbar-Southlands",2007,9,39,9月 2007,15,160
"Dunbar-Southlands",2007,11,27,11月 2007,39,-30.7692307692308
"Dunbar-Southlands",2008,1,25,1月 2008,27,-7.40740740740741
"Dunbar-Southlands",2008,3,28,3月 2008,25,12
"Dunbar-Southlands",2008,5,19,5月 2008,28,-32.1428571428571
"Dunbar-Southlands",2008,7,28,7月 2008,19,47.3684210526316
"Dunbar-Southlands",2008,9,14,9月 2008,28,-50
"Dunbar-Southlands",2008,11,22,11月 2008,14,57.1428571428571
"Dunbar-Southlands",2009,1,18,1月 2009,22,-18.1818181818182
"Dunbar-Southlands",2009,3,11,3月 2009,18,-38.8888888888889
"Dunbar-Southlands",2009,5,28,5月 2009,11,154.545454545455
"Dunbar-Southlands",2009,7,33,7月 2009,28,17.8571428571429
"Dunbar-Southlands",2009,9,32,9月 2009,33,-3.03030303030303
"Dunbar-Southlands",2009,11,23,11月 2009,32,-28.125
"Dunbar-Southlands",2010,1,29,1月 2010,23,26.0869565217391
"Dunbar-Southlands",2010,3,20,3月 2010,29,-31.0344827586207
"Dunbar-Southlands",2010,5,23,5月 2010,20,15
"Dunbar-Southlands",2010,7,31,7月 2010,23,34.7826086956522
"Dunbar-Southlands",2010,9,25,9月 2010,31,-19.3548387096774
"Dunbar-Southlands",2010,11,30,11月 2010,25,20
"Dunbar-Southlands",2011,1,39,1月 2011,30,30
"Dunbar-Southlands",2011,3,24,3月 2011,39,-38.4615384615385
"Dunbar-Southlands",2011,5,24,5月 2011,24,0
"Dunbar-Southlands",2011,7,25,7月 2011,24,4.16666666666667
"Dunbar-Southlands",2011,9,31,9月 2011,25,24
"Dunbar-Southlands",2011,11,45,11月 2011,31,45.1612903225806
"Dunbar-Southlands",2012,1,25,1月 2012,45,-44.4444444444444
"Dunbar-Southlands",2012,3,69,3月 2012,25,176
"Dunbar-Southlands",2012,5,34,5月 2012,69,-50.7246376811594
"Dunbar-Southlands",2012,7,27,7月 2012,34,-20.5882352941176
"Dunbar-Southlands",2012,9,32,9月 2012,27,18.5185185185185
"Dunbar-Southlands",2012,11,37,11月 2012,32,15.625
"Dunbar-Southlands",2013,1,32,1月 2013,37,-13.5135135135135
"Dunbar-Southlands",2013,3,24,3月 2013,32,-25
"Dunbar-Southlands",2013,5,25,5月 2013,24,4.16666666666667
"Dunbar-Southlands",2013,7,37,7月 2013,25,48
"Dunbar-Southlands",2013,9,21,9月 2013,37,-43.2432432432432
"Dunbar-Southlands",2013,11,43,11月 2013,21,104.761904761905
"Dunbar-Southlands",2014,1,25,1月 2014,43,-41.8604651162791
"Dunbar-Southlands",2014,3,24,3月 2014,25,-4
"Dunbar-Southlands",2014,5,27,5月 2014,24,12.5
"Dunbar-Southlands",2014,7,42,7月 2014,27,55.5555555555556
"Dunbar-Southlands",2014,9,21,9月 2014,42,-50
"Dunbar-Southlands",2014,11,26,11月 2014,21,23.8095238095238
"Dunbar-Southlands",2015,1,41,1月 2015,26,57.6923076923077
"Dunbar-Southlands",2015,3,19,3月 2015,41,-53.6585365853659
"Dunbar-Southlands",2015,5,27,5月 2015,19,42.1052631578947
"Dunbar-Southlands",2015,7,54,7月 2015,27,100
"Dunbar-Southlands",2015,9,28,9月 2015,54,-48.1481481481481
"Dunbar-Southlands",2015,11,62,11月 2015,28,121.428571428571
"Dunbar-Southlands",2016,1,31,1月 2016,62,-50
"Dunbar-Southlands",2016,3,27,3月 2016,31,-12.9032258064516
"Dunbar-Southlands",2016,5,36,5月 2016,27,33.3333333333333
"Dunbar-Southlands",2016,7,36,7月 2016,36,0
"Dunbar-Southlands",2016,9,27,9月 2016,36,-25
"Dunbar-Southlands",2016,11,29,11月 2016,27,7.40740740740741
"Dunbar-Southlands",2017,1,33,1月 2017,29,13.7931034482759
"Dunbar-Southlands",2017,3,22,3月 2017,33,-33.3333333333333
"Dunbar-Southlands",2017,5,25,5月 2017,22,13.6363636363636
"Dunbar-Southlands",2017,7,31,7月 2017,25,24
"Dunbar-Southlands",2017,9,25,9月 2017,31,-19.3548387096774
"Dunbar-Southlands",2017,11,42,11月 2017,25,68
"Dunbar-Southlands",2018,1,38,1月 2018,42,-9.52380952380952
"Dunbar-Southlands",2018,3,31,3月 2018,38,-18.4210526315789
"Dunbar-Southlands",2018,5,15,5月 2018,31,-51.6129032258064
"Dunbar-Southlands",2018,7,30,7月 2018,15,100
"Dunbar-Southlands",2018,9,28,9月 2018,30,-6.66666666666667
"Dunbar-Southlands",2018,11,33,11月 2018,28,17.8571428571429
"Dunbar-Southlands",2019,1,25,1月 2019,33,-24.2424242424242
"Dunbar-Southlands",2019,3,23,3月 2019,25,-8
"Dunbar-Southlands",2019,5,16,5月 2019,23,-30.4347826086957
"Dunbar-Southlands",2019,7,29,7月 2019,16,81.25
"Dunbar-Southlands",2019,9,31,9月 2019,29,6.89655172413793
"Dunbar-Southlands",2019,11,30,11月 2019,31,-3.2258064516129
"Dunbar-Southlands",2020,1,32,1月 2020,30,6.66666666666667
"Dunbar-Southlands",2020,3,23,3月 2020,32,-28.125
"Dunbar-Southlands",2020,5,27,5月 2020,23,17.3913043478261
"Dunbar-Southlands",2020,7,36,7月 2020,27,33.3333333333333
"Dunbar-Southlands",2020,9,34,9月 2020,36,-5.55555555555556
"Dunbar-Southlands",2020,11,22,11月 2020,34,-35.2941176470588
"Dunbar-Southlands",2021,1,36,1月 2021,22,63.6363636363636
"Dunbar-Southlands",2021,3,15,3月 2021,36,-58.3333333333333
"Dunbar-Southlands",2021,5,13,5月 2021,15,-13.3333333333333
"Dunbar-Southlands",2021,7,23,7月 2021,13,76.9230769230769
"Dunbar-Southlands",2021,9,16,9月 2021,23,-30.4347826086957
"Dunbar-Southlands",2021,11,14,11月 2021,16,-12.5
"Dunbar-Southlands",2022,1,18,1月 2022,14,28.5714285714286
"Dunbar-Southlands",2022,3,8,3月 2022,18,-55.5555555555556
"Dunbar-Southlands",2022,5,14,5月 2022,8,75
"Dunbar-Southlands",2022,7,21,7月 2022,14,50
"Dunbar-Southlands",2022,9,15,9月 2022,21,-28.5714285714286
"Dunbar-Southlands",2022,11,22,11月 2022,15,46.6666666666667
"Dunbar-Southlands",2023,1,14,1月 2023,22,-36.3636363636364
"Dunbar-Southlands",2023,3,13,3月 2023,14,-7.14285714285714
"Dunbar-Southlands",2023,5,19,5月 2023,13,46.1538461538462
"Dunbar-Southlands",2023,7,19,7月 2023,19,0
"Dunbar-Southlands",2023,9,17,9月 2023,19,-10.5263157894737
"Dunbar-Southlands",2023,11,20,11月 2023,17,17.6470588235294
"Dunbar-Southlands",2024,1,10,1月 2024,20,-50
"Dunbar-Southlands",2024,3,23,3月 2024,10,130
"Dunbar-Southlands",2024,5,11,5月 2024,23,-52.1739130434783
"Dunbar-Southlands",2024,7,13,7月 2024,11,18.1818181818182
"Dunbar-Southlands",2024,9,21,9月 2024,13,61.5384615384615
"Dunbar-Southlands",2024,11,19,11月 2024,21,-9.52380952380952
"Dunbar-Southlands",2025,1,13,1月 2025,19,-31.5789473684211
"Dunbar-Southlands",2025,3,4,3月 2025,13,-69.2307692307692
"Fairview",2003,1,201,1月 2003,NA,NA
"Fairview",2003,3,204,3月 2003,201,1.49253731343284
"Fairview",2003,5,213,5月 2003,204,4.41176470588235
"Fairview",2003,7,204,7月 2003,213,-4.22535211267606
"Fairview",2003,9,193,9月 2003,204,-5.3921568627451
"Fairview",2003,11,211,11月 2003,193,9.32642487046632
"Fairview",2004,1,209,1月 2004,211,-0.947867298578199
"Fairview",2004,3,175,3月 2004,209,-16.2679425837321
"Fairview",2004,5,142,5月 2004,175,-18.8571428571429
"Fairview",2004,7,189,7月 2004,142,33.0985915492958
"Fairview",2004,9,229,9月 2004,189,21.1640211640212
"Fairview",2004,11,216,11月 2004,229,-5.67685589519651
"Fairview",2005,1,198,1月 2005,216,-8.33333333333333
"Fairview",2005,3,184,3月 2005,198,-7.07070707070707
"Fairview",2005,5,184,5月 2005,184,0
"Fairview",2005,7,138,7月 2005,184,-25
"Fairview",2005,9,157,9月 2005,138,13.768115942029
"Fairview",2005,11,143,11月 2005,157,-8.9171974522293
"Fairview",2006,1,193,1月 2006,143,34.965034965035
"Fairview",2006,3,209,3月 2006,193,8.29015544041451
"Fairview",2006,5,101,5月 2006,209,-51.6746411483254
"Fairview",2006,7,134,7月 2006,101,32.6732673267327
"Fairview",2006,9,121,9月 2006,134,-9.70149253731343
"Fairview",2006,11,144,11月 2006,121,19.0082644628099
"Fairview",2007,1,224,1月 2007,144,55.5555555555556
"Fairview",2007,3,92,3月 2007,224,-58.9285714285714
"Fairview",2007,5,91,5月 2007,92,-1.08695652173913
"Fairview",2007,7,125,7月 2007,91,37.3626373626374
"Fairview",2007,9,140,9月 2007,125,12
"Fairview",2007,11,123,11月 2007,140,-12.1428571428571
"Fairview",2008,1,118,1月 2008,123,-4.0650406504065
"Fairview",2008,3,156,3月 2008,118,32.2033898305085
"Fairview",2008,5,76,5月 2008,156,-51.2820512820513
"Fairview",2008,7,80,7月 2008,76,5.26315789473684
"Fairview",2008,9,101,9月 2008,80,26.25
"Fairview",2008,11,123,11月 2008,101,21.7821782178218
"Fairview",2009,1,144,1月 2009,123,17.0731707317073
"Fairview",2009,3,122,3月 2009,144,-15.2777777777778
"Fairview",2009,5,101,5月 2009,122,-17.2131147540984
"Fairview",2009,7,84,7月 2009,101,-16.8316831683168
"Fairview",2009,9,96,9月 2009,84,14.2857142857143
"Fairview",2009,11,128,11月 2009,96,33.3333333333333
"Fairview",2010,1,75,1月 2010,128,-41.40625
"Fairview",2010,3,81,3月 2010,75,8
"Fairview",2010,5,98,5月 2010,81,20.9876543209877
"Fairview",2010,7,89,7月 2010,98,-9.18367346938776
"Fairview",2010,9,86,9月 2010,89,-3.37078651685393
"Fairview",2010,11,100,11月 2010,86,16.2790697674419
"Fairview",2011,1,95,1月 2011,100,-5
"Fairview",2011,3,89,3月 2011,95,-6.31578947368421
"Fairview",2011,5,77,5月 2011,89,-13.4831460674157
"Fairview",2011,7,92,7月 2011,77,19.4805194805195
"Fairview",2011,9,86,9月 2011,92,-6.52173913043478
"Fairview",2011,11,52,11月 2011,86,-39.5348837209302
"Fairview",2012,1,117,1月 2012,52,125
"Fairview",2012,3,103,3月 2012,117,-11.965811965812
"Fairview",2012,5,85,5月 2012,103,-17.4757281553398
"Fairview",2012,7,77,7月 2012,85,-9.41176470588235
"Fairview",2012,9,86,9月 2012,77,11.6883116883117
"Fairview",2012,11,138,11月 2012,86,60.4651162790698
"Fairview",2013,1,83,1月 2013,138,-39.8550724637681
"Fairview",2013,3,62,3月 2013,83,-25.3012048192771
"Fairview",2013,5,64,5月 2013,62,3.2258064516129
"Fairview",2013,7,73,7月 2013,64,14.0625
"Fairview",2013,9,70,9月 2013,73,-4.10958904109589
"Fairview",2013,11,103,11月 2013,70,47.1428571428571
"Fairview",2014,1,102,1月 2014,103,-0.970873786407767
"Fairview",2014,3,88,3月 2014,102,-13.7254901960784
"Fairview",2014,5,114,5月 2014,88,29.5454545454545
"Fairview",2014,7,107,7月 2014,114,-6.14035087719298
"Fairview",2014,9,150,9月 2014,107,40.1869158878505
"Fairview",2014,11,105,11月 2014,150,-30
"Fairview",2015,1,118,1月 2015,105,12.3809523809524
"Fairview",2015,3,91,3月 2015,118,-22.8813559322034
"Fairview",2015,5,98,5月 2015,91,7.69230769230769
"Fairview",2015,7,109,7月 2015,98,11.2244897959184
"Fairview",2015,9,85,9月 2015,109,-22.0183486238532
"Fairview",2015,11,103,11月 2015,85,21.1764705882353
"Fairview",2016,1,143,1月 2016,103,38.8349514563107
"Fairview",2016,3,118,3月 2016,143,-17.4825174825175
"Fairview",2016,5,126,5月 2016,118,6.77966101694915
"Fairview",2016,7,111,7月 2016,126,-11.9047619047619
"Fairview",2016,9,98,9月 2016,111,-11.7117117117117
"Fairview",2016,11,96,11月 2016,98,-2.04081632653061
"Fairview",2017,1,78,1月 2017,96,-18.75
"Fairview",2017,3,93,3月 2017,78,19.2307692307692
"Fairview",2017,5,74,5月 2017,93,-20.4301075268817
"Fairview",2017,7,88,7月 2017,74,18.9189189189189
"Fairview",2017,9,102,9月 2017,88,15.9090909090909
"Fairview",2017,11,122,11月 2017,102,19.6078431372549
"Fairview",2018,1,117,1月 2018,122,-4.0983606557377
"Fairview",2018,3,118,3月 2018,117,0.854700854700855
"Fairview",2018,5,80,5月 2018,118,-32.2033898305085
"Fairview",2018,7,92,7月 2018,80,15
"Fairview",2018,9,92,9月 2018,92,0
"Fairview",2018,11,86,11月 2018,92,-6.52173913043478
"Fairview",2019,1,125,1月 2019,86,45.3488372093023
"Fairview",2019,3,111,3月 2019,125,-11.2
"Fairview",2019,5,105,5月 2019,111,-5.40540540540541
"Fairview",2019,7,94,7月 2019,105,-10.4761904761905
"Fairview",2019,9,146,9月 2019,94,55.3191489361702
"Fairview",2019,11,127,11月 2019,146,-13.013698630137
"Fairview",2020,1,109,1月 2020,127,-14.1732283464567
"Fairview",2020,3,145,3月 2020,109,33.0275229357798
"Fairview",2020,5,61,5月 2020,145,-57.9310344827586
"Fairview",2020,7,79,7月 2020,61,29.5081967213115
"Fairview",2020,9,82,9月 2020,79,3.79746835443038
"Fairview",2020,11,102,11月 2020,82,24.390243902439
"Fairview",2021,1,89,1月 2021,102,-12.7450980392157
"Fairview",2021,3,63,3月 2021,89,-29.2134831460674
"Fairview",2021,5,69,5月 2021,63,9.52380952380952
"Fairview",2021,7,76,7月 2021,69,10.1449275362319
"Fairview",2021,9,59,9月 2021,76,-22.3684210526316
"Fairview",2021,11,48,11月 2021,59,-18.6440677966102
"Fairview",2022,1,76,1月 2022,48,58.3333333333333
"Fairview",2022,3,65,3月 2022,76,-14.4736842105263
"Fairview",2022,5,65,5月 2022,65,0
"Fairview",2022,7,46,7月 2022,65,-29.2307692307692
"Fairview",2022,9,65,9月 2022,46,41.304347826087
"Fairview",2022,11,59,11月 2022,65,-9.23076923076923
"Fairview",2023,1,73,1月 2023,59,23.728813559322
"Fairview",2023,3,107,3月 2023,73,46.5753424657534
"Fairview",2023,5,65,5月 2023,107,-39.2523364485981
"Fairview",2023,7,75,7月 2023,65,15.3846153846154
"Fairview",2023,9,67,9月 2023,75,-10.6666666666667
"Fairview",2023,11,66,11月 2023,67,-1.49253731343284
"Fairview",2024,1,62,1月 2024,66,-6.06060606060606
"Fairview",2024,3,66,3月 2024,62,6.45161290322581
"Fairview",2024,5,58,5月 2024,66,-12.1212121212121
"Fairview",2024,7,67,7月 2024,58,15.5172413793103
"Fairview",2024,9,53,9月 2024,67,-20.8955223880597
"Fairview",2024,11,42,11月 2024,53,-20.7547169811321
"Fairview",2025,1,72,1月 2025,42,71.4285714285714
"Fairview",2025,3,31,3月 2025,72,-56.9444444444444
"Grandview-Woodland",2003,1,229,1月 2003,NA,NA
"Grandview-Woodland",2003,3,228,3月 2003,229,-0.436681222707424
"Grandview-Woodland",2003,5,214,5月 2003,228,-6.14035087719298
"Grandview-Woodland",2003,7,161,7月 2003,214,-24.7663551401869
"Grandview-Woodland",2003,9,204,9月 2003,161,26.7080745341615
"Grandview-Woodland",2003,11,217,11月 2003,204,6.37254901960784
"Grandview-Woodland",2004,1,201,1月 2004,217,-7.37327188940092
"Grandview-Woodland",2004,3,204,3月 2004,201,1.49253731343284
"Grandview-Woodland",2004,5,167,5月 2004,204,-18.1372549019608
"Grandview-Woodland",2004,7,142,7月 2004,167,-14.9700598802395
"Grandview-Woodland",2004,9,186,9月 2004,142,30.9859154929577
"Grandview-Woodland",2004,11,172,11月 2004,186,-7.52688172043011
"Grandview-Woodland",2005,1,159,1月 2005,172,-7.55813953488372
"Grandview-Woodland",2005,3,145,3月 2005,159,-8.80503144654088
"Grandview-Woodland",2005,5,117,5月 2005,145,-19.3103448275862
"Grandview-Woodland",2005,7,155,7月 2005,117,32.4786324786325
"Grandview-Woodland",2005,9,145,9月 2005,155,-6.45161290322581
"Grandview-Woodland",2005,11,169,11月 2005,145,16.551724137931
"Grandview-Woodland",2006,1,126,1月 2006,169,-25.4437869822485
"Grandview-Woodland",2006,3,142,3月 2006,126,12.6984126984127
"Grandview-Woodland",2006,5,108,5月 2006,142,-23.943661971831
"Grandview-Woodland",2006,7,123,7月 2006,108,13.8888888888889
"Grandview-Woodland",2006,9,125,9月 2006,123,1.6260162601626
"Grandview-Woodland",2006,11,115,11月 2006,125,-8
"Grandview-Woodland",2007,1,170,1月 2007,115,47.8260869565217
"Grandview-Woodland",2007,3,121,3月 2007,170,-28.8235294117647
"Grandview-Woodland",2007,5,88,5月 2007,121,-27.2727272727273
"Grandview-Woodland",2007,7,112,7月 2007,88,27.2727272727273
"Grandview-Woodland",2007,9,115,9月 2007,112,2.67857142857143
"Grandview-Woodland",2007,11,144,11月 2007,115,25.2173913043478
"Grandview-Woodland",2008,1,101,1月 2008,144,-29.8611111111111
"Grandview-Woodland",2008,3,120,3月 2008,101,18.8118811881188
"Grandview-Woodland",2008,5,116,5月 2008,120,-3.33333333333333
"Grandview-Woodland",2008,7,101,7月 2008,116,-12.9310344827586
"Grandview-Woodland",2008,9,136,9月 2008,101,34.6534653465347
"Grandview-Woodland",2008,11,103,11月 2008,136,-24.2647058823529
"Grandview-Woodland",2009,1,84,1月 2009,103,-18.4466019417476
"Grandview-Woodland",2009,3,96,3月 2009,84,14.2857142857143
"Grandview-Woodland",2009,5,97,5月 2009,96,1.04166666666667
"Grandview-Woodland",2009,7,89,7月 2009,97,-8.24742268041237
"Grandview-Woodland",2009,9,119,9月 2009,89,33.7078651685393
"Grandview-Woodland",2009,11,97,11月 2009,119,-18.4873949579832
"Grandview-Woodland",2010,1,86,1月 2010,97,-11.340206185567
"Grandview-Woodland",2010,3,80,3月 2010,86,-6.97674418604651
"Grandview-Woodland",2010,5,88,5月 2010,80,10
"Grandview-Woodland",2010,7,63,7月 2010,88,-28.4090909090909
"Grandview-Woodland",2010,9,103,9月 2010,63,63.4920634920635
"Grandview-Woodland",2010,11,100,11月 2010,103,-2.9126213592233
"Grandview-Woodland",2011,1,110,1月 2011,100,10
"Grandview-Woodland",2011,3,76,3月 2011,110,-30.9090909090909
"Grandview-Woodland",2011,5,77,5月 2011,76,1.31578947368421
"Grandview-Woodland",2011,7,78,7月 2011,77,1.2987012987013
"Grandview-Woodland",2011,9,71,9月 2011,78,-8.97435897435897
"Grandview-Woodland",2011,11,78,11月 2011,71,9.85915492957746
"Grandview-Woodland",2012,1,79,1月 2012,78,1.28205128205128
"Grandview-Woodland",2012,3,70,3月 2012,79,-11.3924050632911
"Grandview-Woodland",2012,5,76,5月 2012,70,8.57142857142857
"Grandview-Woodland",2012,7,80,7月 2012,76,5.26315789473684
"Grandview-Woodland",2012,9,85,9月 2012,80,6.25
"Grandview-Woodland",2012,11,95,11月 2012,85,11.7647058823529
"Grandview-Woodland",2013,1,98,1月 2013,95,3.15789473684211
"Grandview-Woodland",2013,3,91,3月 2013,98,-7.14285714285714
"Grandview-Woodland",2013,5,104,5月 2013,91,14.2857142857143
"Grandview-Woodland",2013,7,109,7月 2013,104,4.80769230769231
"Grandview-Woodland",2013,9,80,9月 2013,109,-26.605504587156
"Grandview-Woodland",2013,11,103,11月 2013,80,28.75
"Grandview-Woodland",2014,1,80,1月 2014,103,-22.3300970873786
"Grandview-Woodland",2014,3,91,3月 2014,80,13.75
"Grandview-Woodland",2014,5,101,5月 2014,91,10.989010989011
"Grandview-Woodland",2014,7,82,7月 2014,101,-18.8118811881188
"Grandview-Woodland",2014,9,86,9月 2014,82,4.8780487804878
"Grandview-Woodland",2014,11,107,11月 2014,86,24.4186046511628
"Grandview-Woodland",2015,1,117,1月 2015,107,9.34579439252336
"Grandview-Woodland",2015,3,94,3月 2015,117,-19.6581196581197
"Grandview-Woodland",2015,5,88,5月 2015,94,-6.38297872340426
"Grandview-Woodland",2015,7,92,7月 2015,88,4.54545454545455
"Grandview-Woodland",2015,9,85,9月 2015,92,-7.60869565217391
"Grandview-Woodland",2015,11,124,11月 2015,85,45.8823529411765
"Grandview-Woodland",2016,1,98,1月 2016,124,-20.9677419354839
"Grandview-Woodland",2016,3,120,3月 2016,98,22.4489795918367
"Grandview-Woodland",2016,5,123,5月 2016,120,2.5
"Grandview-Woodland",2016,7,121,7月 2016,123,-1.6260162601626
"Grandview-Woodland",2016,9,125,9月 2016,121,3.30578512396694
"Grandview-Woodland",2016,11,107,11月 2016,125,-14.4
"Grandview-Woodland",2017,1,77,1月 2017,107,-28.0373831775701
"Grandview-Woodland",2017,3,110,3月 2017,77,42.8571428571429
"Grandview-Woodland",2017,5,93,5月 2017,110,-15.4545454545455
"Grandview-Woodland",2017,7,85,7月 2017,93,-8.60215053763441
"Grandview-Woodland",2017,9,130,9月 2017,85,52.9411764705882
"Grandview-Woodland",2017,11,166,11月 2017,130,27.6923076923077
"Grandview-Woodland",2018,1,143,1月 2018,166,-13.855421686747
"Grandview-Woodland",2018,3,156,3月 2018,143,9.09090909090909
"Grandview-Woodland",2018,5,105,5月 2018,156,-32.6923076923077
"Grandview-Woodland",2018,7,95,7月 2018,105,-9.52380952380952
"Grandview-Woodland",2018,9,125,9月 2018,95,31.5789473684211
"Grandview-Woodland",2018,11,112,11月 2018,125,-10.4
"Grandview-Woodland",2019,1,140,1月 2019,112,25
"Grandview-Woodland",2019,3,76,3月 2019,140,-45.7142857142857
"Grandview-Woodland",2019,5,98,5月 2019,76,28.9473684210526
"Grandview-Woodland",2019,7,113,7月 2019,98,15.3061224489796
"Grandview-Woodland",2019,9,126,9月 2019,113,11.5044247787611
"Grandview-Woodland",2019,11,127,11月 2019,126,0.793650793650794
"Grandview-Woodland",2020,1,115,1月 2020,127,-9.44881889763779
"Grandview-Woodland",2020,3,101,3月 2020,115,-12.1739130434783
"Grandview-Woodland",2020,5,77,5月 2020,101,-23.7623762376238
"Grandview-Woodland",2020,7,64,7月 2020,77,-16.8831168831169
"Grandview-Woodland",2020,9,98,9月 2020,64,53.125
"Grandview-Woodland",2020,11,103,11月 2020,98,5.10204081632653
"Grandview-Woodland",2021,1,84,1月 2021,103,-18.4466019417476
"Grandview-Woodland",2021,3,58,3月 2021,84,-30.952380952381
"Grandview-Woodland",2021,5,59,5月 2021,58,1.72413793103448
"Grandview-Woodland",2021,7,82,7月 2021,59,38.9830508474576
"Grandview-Woodland",2021,9,95,9月 2021,82,15.8536585365854
"Grandview-Woodland",2021,11,66,11月 2021,95,-30.5263157894737
"Grandview-Woodland",2022,1,91,1月 2022,66,37.8787878787879
"Grandview-Woodland",2022,3,88,3月 2022,91,-3.2967032967033
"Grandview-Woodland",2022,5,88,5月 2022,88,0
"Grandview-Woodland",2022,7,66,7月 2022,88,-25
"Grandview-Woodland",2022,9,57,9月 2022,66,-13.6363636363636
"Grandview-Woodland",2022,11,66,11月 2022,57,15.7894736842105
"Grandview-Woodland",2023,1,103,1月 2023,66,56.0606060606061
"Grandview-Woodland",2023,3,80,3月 2023,103,-22.3300970873786
"Grandview-Woodland",2023,5,54,5月 2023,80,-32.5
"Grandview-Woodland",2023,7,80,7月 2023,54,48.1481481481481
"Grandview-Woodland",2023,9,72,9月 2023,80,-10
"Grandview-Woodland",2023,11,58,11月 2023,72,-19.4444444444444
"Grandview-Woodland",2024,1,72,1月 2024,58,24.1379310344828
"Grandview-Woodland",2024,3,62,3月 2024,72,-13.8888888888889
"Grandview-Woodland",2024,5,77,5月 2024,62,24.1935483870968
"Grandview-Woodland",2024,7,62,7月 2024,77,-19.4805194805195
"Grandview-Woodland",2024,9,77,9月 2024,62,24.1935483870968
"Grandview-Woodland",2024,11,52,11月 2024,77,-32.4675324675325
"Grandview-Woodland",2025,1,78,1月 2025,52,50
"Grandview-Woodland",2025,3,31,3月 2025,78,-60.2564102564103
"Hastings-Sunrise",2003,1,126,1月 2003,NA,NA
"Hastings-Sunrise",2003,3,115,3月 2003,126,-8.73015873015873
"Hastings-Sunrise",2003,5,108,5月 2003,115,-6.08695652173913
"Hastings-Sunrise",2003,7,102,7月 2003,108,-5.55555555555556
"Hastings-Sunrise",2003,9,100,9月 2003,102,-1.96078431372549
"Hastings-Sunrise",2003,11,149,11月 2003,100,49
"Hastings-Sunrise",2004,1,125,1月 2004,149,-16.1073825503356
"Hastings-Sunrise",2004,3,120,3月 2004,125,-4
"Hastings-Sunrise",2004,5,114,5月 2004,120,-5
"Hastings-Sunrise",2004,7,115,7月 2004,114,0.87719298245614
"Hastings-Sunrise",2004,9,126,9月 2004,115,9.56521739130435
"Hastings-Sunrise",2004,11,144,11月 2004,126,14.2857142857143
"Hastings-Sunrise",2005,1,107,1月 2005,144,-25.6944444444444
"Hastings-Sunrise",2005,3,106,3月 2005,107,-0.934579439252336
"Hastings-Sunrise",2005,5,96,5月 2005,106,-9.43396226415094
"Hastings-Sunrise",2005,7,93,7月 2005,96,-3.125
"Hastings-Sunrise",2005,9,79,9月 2005,93,-15.0537634408602
"Hastings-Sunrise",2005,11,109,11月 2005,79,37.9746835443038
"Hastings-Sunrise",2006,1,113,1月 2006,109,3.6697247706422
"Hastings-Sunrise",2006,3,64,3月 2006,113,-43.3628318584071
"Hastings-Sunrise",2006,5,83,5月 2006,64,29.6875
"Hastings-Sunrise",2006,7,70,7月 2006,83,-15.6626506024096
"Hastings-Sunrise",2006,9,93,9月 2006,70,32.8571428571429
"Hastings-Sunrise",2006,11,84,11月 2006,93,-9.67741935483871
"Hastings-Sunrise",2007,1,88,1月 2007,84,4.76190476190476
"Hastings-Sunrise",2007,3,81,3月 2007,88,-7.95454545454545
"Hastings-Sunrise",2007,5,64,5月 2007,81,-20.9876543209877
"Hastings-Sunrise",2007,7,67,7月 2007,64,4.6875
"Hastings-Sunrise",2007,9,73,9月 2007,67,8.95522388059701
"Hastings-Sunrise",2007,11,85,11月 2007,73,16.4383561643836
"Hastings-Sunrise",2008,1,51,1月 2008,85,-40
"Hastings-Sunrise",2008,3,54,3月 2008,51,5.88235294117647
"Hastings-Sunrise",2008,5,78,5月 2008,54,44.4444444444444
"Hastings-Sunrise",2008,7,83,7月 2008,78,6.41025641025641
"Hastings-Sunrise",2008,9,98,9月 2008,83,18.0722891566265
"Hastings-Sunrise",2008,11,65,11月 2008,98,-33.6734693877551
"Hastings-Sunrise",2009,1,64,1月 2009,65,-1.53846153846154
"Hastings-Sunrise",2009,3,63,3月 2009,64,-1.5625
"Hastings-Sunrise",2009,5,83,5月 2009,63,31.7460317460317
"Hastings-Sunrise",2009,7,52,7月 2009,83,-37.3493975903614
"Hastings-Sunrise",2009,9,80,9月 2009,52,53.8461538461538
"Hastings-Sunrise",2009,11,76,11月 2009,80,-5
"Hastings-Sunrise",2010,1,67,1月 2010,76,-11.8421052631579
"Hastings-Sunrise",2010,3,34,3月 2010,67,-49.2537313432836
"Hastings-Sunrise",2010,5,44,5月 2010,34,29.4117647058824
"Hastings-Sunrise",2010,7,63,7月 2010,44,43.1818181818182
"Hastings-Sunrise",2010,9,64,9月 2010,63,1.58730158730159
"Hastings-Sunrise",2010,11,51,11月 2010,64,-20.3125
"Hastings-Sunrise",2011,1,50,1月 2011,51,-1.96078431372549
"Hastings-Sunrise",2011,3,43,3月 2011,50,-14
"Hastings-Sunrise",2011,5,43,5月 2011,43,0
"Hastings-Sunrise",2011,7,55,7月 2011,43,27.906976744186
"Hastings-Sunrise",2011,9,68,9月 2011,55,23.6363636363636
"Hastings-Sunrise",2011,11,73,11月 2011,68,7.35294117647059
"Hastings-Sunrise",2012,1,53,1月 2012,73,-27.3972602739726
"Hastings-Sunrise",2012,3,59,3月 2012,53,11.3207547169811
"Hastings-Sunrise",2012,5,58,5月 2012,59,-1.69491525423729
"Hastings-Sunrise",2012,7,53,7月 2012,58,-8.62068965517241
"Hastings-Sunrise",2012,9,63,9月 2012,53,18.8679245283019
"Hastings-Sunrise",2012,11,55,11月 2012,63,-12.6984126984127
"Hastings-Sunrise",2013,1,38,1月 2013,55,-30.9090909090909
"Hastings-Sunrise",2013,3,52,3月 2013,38,36.8421052631579
"Hastings-Sunrise",2013,5,48,5月 2013,52,-7.69230769230769
"Hastings-Sunrise",2013,7,40,7月 2013,48,-16.6666666666667
"Hastings-Sunrise",2013,9,42,9月 2013,40,5
"Hastings-Sunrise",2013,11,45,11月 2013,42,7.14285714285714
"Hastings-Sunrise",2014,1,64,1月 2014,45,42.2222222222222
"Hastings-Sunrise",2014,3,60,3月 2014,64,-6.25
"Hastings-Sunrise",2014,5,62,5月 2014,60,3.33333333333333
"Hastings-Sunrise",2014,7,54,7月 2014,62,-12.9032258064516
"Hastings-Sunrise",2014,9,60,9月 2014,54,11.1111111111111
"Hastings-Sunrise",2014,11,49,11月 2014,60,-18.3333333333333
"Hastings-Sunrise",2015,1,63,1月 2015,49,28.5714285714286
"Hastings-Sunrise",2015,3,74,3月 2015,63,17.4603174603175
"Hastings-Sunrise",2015,5,51,5月 2015,74,-31.0810810810811
"Hastings-Sunrise",2015,7,57,7月 2015,51,11.7647058823529
"Hastings-Sunrise",2015,9,63,9月 2015,57,10.5263157894737
"Hastings-Sunrise",2015,11,58,11月 2015,63,-7.93650793650794
"Hastings-Sunrise",2016,1,75,1月 2016,58,29.3103448275862
"Hastings-Sunrise",2016,3,75,3月 2016,75,0
"Hastings-Sunrise",2016,5,73,5月 2016,75,-2.66666666666667
"Hastings-Sunrise",2016,7,64,7月 2016,73,-12.3287671232877
"Hastings-Sunrise",2016,9,68,9月 2016,64,6.25
"Hastings-Sunrise",2016,11,69,11月 2016,68,1.47058823529412
"Hastings-Sunrise",2017,1,55,1月 2017,69,-20.2898550724638
"Hastings-Sunrise",2017,3,92,3月 2017,55,67.2727272727273
"Hastings-Sunrise",2017,5,65,5月 2017,92,-29.3478260869565
"Hastings-Sunrise",2017,7,78,7月 2017,65,20
"Hastings-Sunrise",2017,9,56,9月 2017,78,-28.2051282051282
"Hastings-Sunrise",2017,11,80,11月 2017,56,42.8571428571429
"Hastings-Sunrise",2018,1,64,1月 2018,80,-20
"Hastings-Sunrise",2018,3,86,3月 2018,64,34.375
"Hastings-Sunrise",2018,5,85,5月 2018,86,-1.16279069767442
"Hastings-Sunrise",2018,7,73,7月 2018,85,-14.1176470588235
"Hastings-Sunrise",2018,9,88,9月 2018,73,20.5479452054795
"Hastings-Sunrise",2018,11,78,11月 2018,88,-11.3636363636364
"Hastings-Sunrise",2019,1,109,1月 2019,78,39.7435897435897
"Hastings-Sunrise",2019,3,78,3月 2019,109,-28.4403669724771
"Hastings-Sunrise",2019,5,97,5月 2019,78,24.3589743589744
"Hastings-Sunrise",2019,7,88,7月 2019,97,-9.27835051546392
"Hastings-Sunrise",2019,9,95,9月 2019,88,7.95454545454545
"Hastings-Sunrise",2019,11,85,11月 2019,95,-10.5263157894737
"Hastings-Sunrise",2020,1,90,1月 2020,85,5.88235294117647
"Hastings-Sunrise",2020,3,88,3月 2020,90,-2.22222222222222
"Hastings-Sunrise",2020,5,58,5月 2020,88,-34.0909090909091
"Hastings-Sunrise",2020,7,36,7月 2020,58,-37.9310344827586
"Hastings-Sunrise",2020,9,71,9月 2020,36,97.2222222222222
"Hastings-Sunrise",2020,11,50,11月 2020,71,-29.5774647887324
"Hastings-Sunrise",2021,1,67,1月 2021,50,34
"Hastings-Sunrise",2021,3,61,3月 2021,67,-8.95522388059701
"Hastings-Sunrise",2021,5,69,5月 2021,61,13.1147540983607
"Hastings-Sunrise",2021,7,68,7月 2021,69,-1.44927536231884
"Hastings-Sunrise",2021,9,67,9月 2021,68,-1.47058823529412
"Hastings-Sunrise",2021,11,65,11月 2021,67,-2.98507462686567
"Hastings-Sunrise",2022,1,44,1月 2022,65,-32.3076923076923
"Hastings-Sunrise",2022,3,33,3月 2022,44,-25
"Hastings-Sunrise",2022,5,52,5月 2022,33,57.5757575757576
"Hastings-Sunrise",2022,7,53,7月 2022,52,1.92307692307692
"Hastings-Sunrise",2022,9,64,9月 2022,53,20.7547169811321
"Hastings-Sunrise",2022,11,49,11月 2022,64,-23.4375
"Hastings-Sunrise",2023,1,55,1月 2023,49,12.2448979591837
"Hastings-Sunrise",2023,3,55,3月 2023,55,0
"Hastings-Sunrise",2023,5,41,5月 2023,55,-25.4545454545455
"Hastings-Sunrise",2023,7,59,7月 2023,41,43.9024390243902
"Hastings-Sunrise",2023,9,43,9月 2023,59,-27.1186440677966
"Hastings-Sunrise",2023,11,36,11月 2023,43,-16.2790697674419
"Hastings-Sunrise",2024,1,37,1月 2024,36,2.77777777777778
"Hastings-Sunrise",2024,3,50,3月 2024,37,35.1351351351351
"Hastings-Sunrise",2024,5,28,5月 2024,50,-44
"Hastings-Sunrise",2024,7,38,7月 2024,28,35.7142857142857
"Hastings-Sunrise",2024,9,32,9月 2024,38,-15.7894736842105
"Hastings-Sunrise",2024,11,37,11月 2024,32,15.625
"Hastings-Sunrise",2025,1,39,1月 2025,37,5.40540540540541
"Hastings-Sunrise",2025,3,8,3月 2025,39,-79.4871794871795
"Kensington-Cedar Cottage",2003,1,143,1月 2003,NA,NA
"Kensington-Cedar Cottage",2003,3,118,3月 2003,143,-17.4825174825175
"Kensington-Cedar Cottage",2003,5,133,5月 2003,118,12.7118644067797
"Kensington-Cedar Cottage",2003,7,121,7月 2003,133,-9.02255639097744
"Kensington-Cedar Cottage",2003,9,118,9月 2003,121,-2.47933884297521
"Kensington-Cedar Cottage",2003,11,102,11月 2003,118,-13.5593220338983
"Kensington-Cedar Cottage",2004,1,124,1月 2004,102,21.5686274509804
"Kensington-Cedar Cottage",2004,3,126,3月 2004,124,1.61290322580645
"Kensington-Cedar Cottage",2004,5,135,5月 2004,126,7.14285714285714
"Kensington-Cedar Cottage",2004,7,125,7月 2004,135,-7.40740740740741
"Kensington-Cedar Cottage",2004,9,153,9月 2004,125,22.4
"Kensington-Cedar Cottage",2004,11,196,11月 2004,153,28.1045751633987
"Kensington-Cedar Cottage",2005,1,155,1月 2005,196,-20.9183673469388
"Kensington-Cedar Cottage",2005,3,108,3月 2005,155,-30.3225806451613
"Kensington-Cedar Cottage",2005,5,102,5月 2005,108,-5.55555555555556
"Kensington-Cedar Cottage",2005,7,142,7月 2005,102,39.2156862745098
"Kensington-Cedar Cottage",2005,9,91,9月 2005,142,-35.9154929577465
"Kensington-Cedar Cottage",2005,11,138,11月 2005,91,51.6483516483516
"Kensington-Cedar Cottage",2006,1,147,1月 2006,138,6.52173913043478
"Kensington-Cedar Cottage",2006,3,129,3月 2006,147,-12.2448979591837
"Kensington-Cedar Cottage",2006,5,96,5月 2006,129,-25.5813953488372
"Kensington-Cedar Cottage",2006,7,102,7月 2006,96,6.25
"Kensington-Cedar Cottage",2006,9,90,9月 2006,102,-11.7647058823529
"Kensington-Cedar Cottage",2006,11,124,11月 2006,90,37.7777777777778
"Kensington-Cedar Cottage",2007,1,94,1月 2007,124,-24.1935483870968
"Kensington-Cedar Cottage",2007,3,98,3月 2007,94,4.25531914893617
"Kensington-Cedar Cottage",2007,5,68,5月 2007,98,-30.6122448979592
"Kensington-Cedar Cottage",2007,7,103,7月 2007,68,51.4705882352941
"Kensington-Cedar Cottage",2007,9,90,9月 2007,103,-12.621359223301
"Kensington-Cedar Cottage",2007,11,79,11月 2007,90,-12.2222222222222
"Kensington-Cedar Cottage",2008,1,90,1月 2008,79,13.9240506329114
"Kensington-Cedar Cottage",2008,3,93,3月 2008,90,3.33333333333333
"Kensington-Cedar Cottage",2008,5,86,5月 2008,93,-7.52688172043011
"Kensington-Cedar Cottage",2008,7,66,7月 2008,86,-23.2558139534884
"Kensington-Cedar Cottage",2008,9,80,9月 2008,66,21.2121212121212
"Kensington-Cedar Cottage",2008,11,84,11月 2008,80,5
"Kensington-Cedar Cottage",2009,1,79,1月 2009,84,-5.95238095238095
"Kensington-Cedar Cottage",2009,3,63,3月 2009,79,-20.253164556962
"Kensington-Cedar Cottage",2009,5,78,5月 2009,63,23.8095238095238
"Kensington-Cedar Cottage",2009,7,87,7月 2009,78,11.5384615384615
"Kensington-Cedar Cottage",2009,9,70,9月 2009,87,-19.5402298850575
"Kensington-Cedar Cottage",2009,11,66,11月 2009,70,-5.71428571428571
"Kensington-Cedar Cottage",2010,1,126,1月 2010,66,90.9090909090909
"Kensington-Cedar Cottage",2010,3,73,3月 2010,126,-42.0634920634921
"Kensington-Cedar Cottage",2010,5,64,5月 2010,73,-12.3287671232877
"Kensington-Cedar Cottage",2010,7,50,7月 2010,64,-21.875
"Kensington-Cedar Cottage",2010,9,70,9月 2010,50,40
"Kensington-Cedar Cottage",2010,11,90,11月 2010,70,28.5714285714286
"Kensington-Cedar Cottage",2011,1,69,1月 2011,90,-23.3333333333333
"Kensington-Cedar Cottage",2011,3,68,3月 2011,69,-1.44927536231884
"Kensington-Cedar Cottage",2011,5,43,5月 2011,68,-36.7647058823529
"Kensington-Cedar Cottage",2011,7,70,7月 2011,43,62.7906976744186
"Kensington-Cedar Cottage",2011,9,64,9月 2011,70,-8.57142857142857
"Kensington-Cedar Cottage",2011,11,45,11月 2011,64,-29.6875
"Kensington-Cedar Cottage",2012,1,60,1月 2012,45,33.3333333333333
"Kensington-Cedar Cottage",2012,3,65,3月 2012,60,8.33333333333333
"Kensington-Cedar Cottage",2012,5,54,5月 2012,65,-16.9230769230769
"Kensington-Cedar Cottage",2012,7,63,7月 2012,54,16.6666666666667
"Kensington-Cedar Cottage",2012,9,58,9月 2012,63,-7.93650793650794
"Kensington-Cedar Cottage",2012,11,62,11月 2012,58,6.89655172413793
"Kensington-Cedar Cottage",2013,1,68,1月 2013,62,9.67741935483871
"Kensington-Cedar Cottage",2013,3,76,3月 2013,68,11.7647058823529
"Kensington-Cedar Cottage",2013,5,89,5月 2013,76,17.1052631578947
"Kensington-Cedar Cottage",2013,7,79,7月 2013,89,-11.2359550561798
"Kensington-Cedar Cottage",2013,9,71,9月 2013,79,-10.126582278481
"Kensington-Cedar Cottage",2013,11,116,11月 2013,71,63.3802816901408
"Kensington-Cedar Cottage",2014,1,116,1月 2014,116,0
"Kensington-Cedar Cottage",2014,3,69,3月 2014,116,-40.5172413793103
"Kensington-Cedar Cottage",2014,5,70,5月 2014,69,1.44927536231884
"Kensington-Cedar Cottage",2014,7,89,7月 2014,70,27.1428571428571
"Kensington-Cedar Cottage",2014,9,83,9月 2014,89,-6.74157303370786
"Kensington-Cedar Cottage",2014,11,88,11月 2014,83,6.02409638554217
"Kensington-Cedar Cottage",2015,1,75,1月 2015,88,-14.7727272727273
"Kensington-Cedar Cottage",2015,3,78,3月 2015,75,4
"Kensington-Cedar Cottage",2015,5,67,5月 2015,78,-14.1025641025641
"Kensington-Cedar Cottage",2015,7,99,7月 2015,67,47.7611940298507
"Kensington-Cedar Cottage",2015,9,54,9月 2015,99,-45.4545454545455
"Kensington-Cedar Cottage",2015,11,90,11月 2015,54,66.6666666666667
"Kensington-Cedar Cottage",2016,1,106,1月 2016,90,17.7777777777778
"Kensington-Cedar Cottage",2016,3,95,3月 2016,106,-10.377358490566
"Kensington-Cedar Cottage",2016,5,82,5月 2016,95,-13.6842105263158
"Kensington-Cedar Cottage",2016,7,74,7月 2016,82,-9.75609756097561
"Kensington-Cedar Cottage",2016,9,73,9月 2016,74,-1.35135135135135
"Kensington-Cedar Cottage",2016,11,80,11月 2016,73,9.58904109589041
"Kensington-Cedar Cottage",2017,1,54,1月 2017,80,-32.5
"Kensington-Cedar Cottage",2017,3,63,3月 2017,54,16.6666666666667
"Kensington-Cedar Cottage",2017,5,69,5月 2017,63,9.52380952380952
"Kensington-Cedar Cottage",2017,7,76,7月 2017,69,10.1449275362319
"Kensington-Cedar Cottage",2017,9,63,9月 2017,76,-17.1052631578947
"Kensington-Cedar Cottage",2017,11,96,11月 2017,63,52.3809523809524
"Kensington-Cedar Cottage",2018,1,110,1月 2018,96,14.5833333333333
"Kensington-Cedar Cottage",2018,3,68,3月 2018,110,-38.1818181818182
"Kensington-Cedar Cottage",2018,5,75,5月 2018,68,10.2941176470588
"Kensington-Cedar Cottage",2018,7,56,7月 2018,75,-25.3333333333333
"Kensington-Cedar Cottage",2018,9,75,9月 2018,56,33.9285714285714
"Kensington-Cedar Cottage",2018,11,62,11月 2018,75,-17.3333333333333
"Kensington-Cedar Cottage",2019,1,84,1月 2019,62,35.4838709677419
"Kensington-Cedar Cottage",2019,3,63,3月 2019,84,-25
"Kensington-Cedar Cottage",2019,5,113,5月 2019,63,79.3650793650794
"Kensington-Cedar Cottage",2019,7,91,7月 2019,113,-19.4690265486726
"Kensington-Cedar Cottage",2019,9,115,9月 2019,91,26.3736263736264
"Kensington-Cedar Cottage",2019,11,108,11月 2019,115,-6.08695652173913
"Kensington-Cedar Cottage",2020,1,84,1月 2020,108,-22.2222222222222
"Kensington-Cedar Cottage",2020,3,68,3月 2020,84,-19.047619047619
"Kensington-Cedar Cottage",2020,5,61,5月 2020,68,-10.2941176470588
"Kensington-Cedar Cottage",2020,7,66,7月 2020,61,8.19672131147541
"Kensington-Cedar Cottage",2020,9,62,9月 2020,66,-6.06060606060606
"Kensington-Cedar Cottage",2020,11,67,11月 2020,62,8.06451612903226
"Kensington-Cedar Cottage",2021,1,80,1月 2021,67,19.4029850746269
"Kensington-Cedar Cottage",2021,3,61,3月 2021,80,-23.75
"Kensington-Cedar Cottage",2021,5,77,5月 2021,61,26.2295081967213
"Kensington-Cedar Cottage",2021,7,82,7月 2021,77,6.49350649350649
"Kensington-Cedar Cottage",2021,9,47,9月 2021,82,-42.6829268292683
"Kensington-Cedar Cottage",2021,11,50,11月 2021,47,6.38297872340426
"Kensington-Cedar Cottage",2022,1,67,1月 2022,50,34
"Kensington-Cedar Cottage",2022,3,62,3月 2022,67,-7.46268656716418
"Kensington-Cedar Cottage",2022,5,50,5月 2022,62,-19.3548387096774
"Kensington-Cedar Cottage",2022,7,60,7月 2022,50,20
"Kensington-Cedar Cottage",2022,9,64,9月 2022,60,6.66666666666667
"Kensington-Cedar Cottage",2022,11,59,11月 2022,64,-7.8125
"Kensington-Cedar Cottage",2023,1,87,1月 2023,59,47.4576271186441
"Kensington-Cedar Cottage",2023,3,75,3月 2023,87,-13.7931034482759
"Kensington-Cedar Cottage",2023,5,62,5月 2023,75,-17.3333333333333
"Kensington-Cedar Cottage",2023,7,58,7月 2023,62,-6.45161290322581
"Kensington-Cedar Cottage",2023,9,96,9月 2023,58,65.5172413793103
"Kensington-Cedar Cottage",2023,11,64,11月 2023,96,-33.3333333333333
"Kensington-Cedar Cottage",2024,1,75,1月 2024,64,17.1875
"Kensington-Cedar Cottage",2024,3,63,3月 2024,75,-16
"Kensington-Cedar Cottage",2024,5,55,5月 2024,63,-12.6984126984127
"Kensington-Cedar Cottage",2024,7,49,7月 2024,55,-10.9090909090909
"Kensington-Cedar Cottage",2024,9,48,9月 2024,49,-2.04081632653061
"Kensington-Cedar Cottage",2024,11,61,11月 2024,48,27.0833333333333
"Kensington-Cedar Cottage",2025,1,42,1月 2025,61,-31.1475409836066
"Kensington-Cedar Cottage",2025,3,34,3月 2025,42,-19.047619047619
"Kerrisdale",2003,1,38,1月 2003,NA,NA
"Kerrisdale",2003,3,27,3月 2003,38,-28.9473684210526
"Kerrisdale",2003,5,38,5月 2003,27,40.7407407407407
"Kerrisdale",2003,7,24,7月 2003,38,-36.8421052631579
"Kerrisdale",2003,9,39,9月 2003,24,62.5
"Kerrisdale",2003,11,34,11月 2003,39,-12.8205128205128
"Kerrisdale",2004,1,35,1月 2004,34,2.94117647058824
"Kerrisdale",2004,3,32,3月 2004,35,-8.57142857142857
"Kerrisdale",2004,5,41,5月 2004,32,28.125
"Kerrisdale",2004,7,28,7月 2004,41,-31.7073170731707
"Kerrisdale",2004,9,42,9月 2004,28,50
"Kerrisdale",2004,11,72,11月 2004,42,71.4285714285714
"Kerrisdale",2005,1,58,1月 2005,72,-19.4444444444444
"Kerrisdale",2005,3,67,3月 2005,58,15.5172413793103
"Kerrisdale",2005,5,36,5月 2005,67,-46.2686567164179
"Kerrisdale",2005,7,18,7月 2005,36,-50
"Kerrisdale",2005,9,28,9月 2005,18,55.5555555555556
"Kerrisdale",2005,11,32,11月 2005,28,14.2857142857143
"Kerrisdale",2006,1,61,1月 2006,32,90.625
"Kerrisdale",2006,3,27,3月 2006,61,-55.7377049180328
"Kerrisdale",2006,5,27,5月 2006,27,0
"Kerrisdale",2006,7,31,7月 2006,27,14.8148148148148
"Kerrisdale",2006,9,24,9月 2006,31,-22.5806451612903
"Kerrisdale",2006,11,32,11月 2006,24,33.3333333333333
"Kerrisdale",2007,1,22,1月 2007,32,-31.25
"Kerrisdale",2007,3,11,3月 2007,22,-50
"Kerrisdale",2007,5,23,5月 2007,11,109.090909090909
"Kerrisdale",2007,7,15,7月 2007,23,-34.7826086956522
"Kerrisdale",2007,9,33,9月 2007,15,120
"Kerrisdale",2007,11,16,11月 2007,33,-51.5151515151515
"Kerrisdale",2008,1,14,1月 2008,16,-12.5
"Kerrisdale",2008,3,23,3月 2008,14,64.2857142857143
"Kerrisdale",2008,5,7,5月 2008,23,-69.5652173913043
"Kerrisdale",2008,7,10,7月 2008,7,42.8571428571429
"Kerrisdale",2008,9,8,9月 2008,10,-20
"Kerrisdale",2008,11,16,11月 2008,8,100
"Kerrisdale",2009,1,30,1月 2009,16,87.5
"Kerrisdale",2009,3,12,3月 2009,30,-60
"Kerrisdale",2009,5,23,5月 2009,12,91.6666666666667
"Kerrisdale",2009,7,15,7月 2009,23,-34.7826086956522
"Kerrisdale",2009,9,16,9月 2009,15,6.66666666666667
"Kerrisdale",2009,11,28,11月 2009,16,75
"Kerrisdale",2010,1,22,1月 2010,28,-21.4285714285714
"Kerrisdale",2010,3,13,3月 2010,22,-40.9090909090909
"Kerrisdale",2010,5,23,5月 2010,13,76.9230769230769
"Kerrisdale",2010,7,10,7月 2010,23,-56.5217391304348
"Kerrisdale",2010,9,8,9月 2010,10,-20
"Kerrisdale",2010,11,16,11月 2010,8,100
"Kerrisdale",2011,1,27,1月 2011,16,68.75
"Kerrisdale",2011,3,23,3月 2011,27,-14.8148148148148
"Kerrisdale",2011,5,16,5月 2011,23,-30.4347826086957
"Kerrisdale",2011,7,24,7月 2011,16,50
"Kerrisdale",2011,9,21,9月 2011,24,-12.5
"Kerrisdale",2011,11,27,11月 2011,21,28.5714285714286
"Kerrisdale",2012,1,31,1月 2012,27,14.8148148148148
"Kerrisdale",2012,3,28,3月 2012,31,-9.67741935483871
"Kerrisdale",2012,5,14,5月 2012,28,-50
"Kerrisdale",2012,7,24,7月 2012,14,71.4285714285714
"Kerrisdale",2012,9,41,9月 2012,24,70.8333333333333
"Kerrisdale",2012,11,38,11月 2012,41,-7.31707317073171
"Kerrisdale",2013,1,18,1月 2013,38,-52.6315789473684
"Kerrisdale",2013,3,18,3月 2013,18,0
"Kerrisdale",2013,5,11,5月 2013,18,-38.8888888888889
"Kerrisdale",2013,7,8,7月 2013,11,-27.2727272727273
"Kerrisdale",2013,9,9,9月 2013,8,12.5
"Kerrisdale",2013,11,11,11月 2013,9,22.2222222222222
"Kerrisdale",2014,1,28,1月 2014,11,154.545454545455
"Kerrisdale",2014,3,14,3月 2014,28,-50
"Kerrisdale",2014,5,6,5月 2014,14,-57.1428571428571
"Kerrisdale",2014,7,20,7月 2014,6,233.333333333333
"Kerrisdale",2014,9,25,9月 2014,20,25
"Kerrisdale",2014,11,23,11月 2014,25,-8
"Kerrisdale",2015,1,30,1月 2015,23,30.4347826086957
"Kerrisdale",2015,3,21,3月 2015,30,-30
"Kerrisdale",2015,5,15,5月 2015,21,-28.5714285714286
"Kerrisdale",2015,7,15,7月 2015,15,0
"Kerrisdale",2015,9,21,9月 2015,15,40
"Kerrisdale",2015,11,46,11月 2015,21,119.047619047619
"Kerrisdale",2016,1,23,1月 2016,46,-50
"Kerrisdale",2016,3,22,3月 2016,23,-4.34782608695652
"Kerrisdale",2016,5,11,5月 2016,22,-50
"Kerrisdale",2016,7,18,7月 2016,11,63.6363636363636
"Kerrisdale",2016,9,10,9月 2016,18,-44.4444444444444
"Kerrisdale",2016,11,22,11月 2016,10,120
"Kerrisdale",2017,1,16,1月 2017,22,-27.2727272727273
"Kerrisdale",2017,3,19,3月 2017,16,18.75
"Kerrisdale",2017,5,19,5月 2017,19,0
"Kerrisdale",2017,7,22,7月 2017,19,15.7894736842105
"Kerrisdale",2017,9,16,9月 2017,22,-27.2727272727273
"Kerrisdale",2017,11,27,11月 2017,16,68.75
"Kerrisdale",2018,1,27,1月 2018,27,0
"Kerrisdale",2018,3,32,3月 2018,27,18.5185185185185
"Kerrisdale",2018,5,22,5月 2018,32,-31.25
"Kerrisdale",2018,7,16,7月 2018,22,-27.2727272727273
"Kerrisdale",2018,9,22,9月 2018,16,37.5
"Kerrisdale",2018,11,24,11月 2018,22,9.09090909090909
"Kerrisdale",2019,1,22,1月 2019,24,-8.33333333333333
"Kerrisdale",2019,3,16,3月 2019,22,-27.2727272727273
"Kerrisdale",2019,5,18,5月 2019,16,12.5
"Kerrisdale",2019,7,37,7月 2019,18,105.555555555556
"Kerrisdale",2019,9,31,9月 2019,37,-16.2162162162162
"Kerrisdale",2019,11,25,11月 2019,31,-19.3548387096774
"Kerrisdale",2020,1,18,1月 2020,25,-28
"Kerrisdale",2020,3,28,3月 2020,18,55.5555555555556
"Kerrisdale",2020,5,14,5月 2020,28,-50
"Kerrisdale",2020,7,8,7月 2020,14,-42.8571428571429
"Kerrisdale",2020,9,35,9月 2020,8,337.5
"Kerrisdale",2020,11,21,11月 2020,35,-40
"Kerrisdale",2021,1,27,1月 2021,21,28.5714285714286
"Kerrisdale",2021,3,21,3月 2021,27,-22.2222222222222
"Kerrisdale",2021,5,13,5月 2021,21,-38.0952380952381
"Kerrisdale",2021,7,20,7月 2021,13,53.8461538461538
"Kerrisdale",2021,9,20,9月 2021,20,0
"Kerrisdale",2021,11,12,11月 2021,20,-40
"Kerrisdale",2022,1,14,1月 2022,12,16.6666666666667
"Kerrisdale",2022,3,22,3月 2022,14,57.1428571428571
"Kerrisdale",2022,5,10,5月 2022,22,-54.5454545454545
"Kerrisdale",2022,7,13,7月 2022,10,30
"Kerrisdale",2022,9,14,9月 2022,13,7.69230769230769
"Kerrisdale",2022,11,3,11月 2022,14,-78.5714285714286
"Kerrisdale",2023,1,9,1月 2023,3,200
"Kerrisdale",2023,3,14,3月 2023,9,55.5555555555556
"Kerrisdale",2023,5,13,5月 2023,14,-7.14285714285714
"Kerrisdale",2023,7,9,7月 2023,13,-30.7692307692308
"Kerrisdale",2023,9,18,9月 2023,9,100
"Kerrisdale",2023,11,11,11月 2023,18,-38.8888888888889
"Kerrisdale",2024,1,5,1月 2024,11,-54.5454545454545
"Kerrisdale",2024,3,21,3月 2024,5,320
"Kerrisdale",2024,5,10,5月 2024,21,-52.3809523809524
"Kerrisdale",2024,7,14,7月 2024,10,40
"Kerrisdale",2024,9,12,9月 2024,14,-14.2857142857143
"Kerrisdale",2024,11,25,11月 2024,12,108.333333333333
"Kerrisdale",2025,1,21,1月 2025,25,-16
"Kerrisdale",2025,3,7,3月 2025,21,-66.6666666666667
"Killarney",2003,1,77,1月 2003,NA,NA
"Killarney",2003,3,43,3月 2003,77,-44.1558441558442
"Killarney",2003,5,72,5月 2003,43,67.4418604651163
"Killarney",2003,7,49,7月 2003,72,-31.9444444444444
"Killarney",2003,9,34,9月 2003,49,-30.6122448979592
"Killarney",2003,11,66,11月 2003,34,94.1176470588235
"Killarney",2004,1,53,1月 2004,66,-19.6969696969697
"Killarney",2004,3,81,3月 2004,53,52.8301886792453
"Killarney",2004,5,56,5月 2004,81,-30.8641975308642
"Killarney",2004,7,51,7月 2004,56,-8.92857142857143
"Killarney",2004,9,78,9月 2004,51,52.9411764705882
"Killarney",2004,11,82,11月 2004,78,5.12820512820513
"Killarney",2005,1,79,1月 2005,82,-3.65853658536585
"Killarney",2005,3,78,3月 2005,79,-1.26582278481013
"Killarney",2005,5,63,5月 2005,78,-19.2307692307692
"Killarney",2005,7,48,7月 2005,63,-23.8095238095238
"Killarney",2005,9,67,9月 2005,48,39.5833333333333
"Killarney",2005,11,107,11月 2005,67,59.7014925373134
"Killarney",2006,1,84,1月 2006,107,-21.4953271028037
"Killarney",2006,3,40,3月 2006,84,-52.3809523809524
"Killarney",2006,5,53,5月 2006,40,32.5
"Killarney",2006,7,38,7月 2006,53,-28.3018867924528
"Killarney",2006,9,43,9月 2006,38,13.1578947368421
"Killarney",2006,11,65,11月 2006,43,51.1627906976744
"Killarney",2007,1,58,1月 2007,65,-10.7692307692308
"Killarney",2007,3,58,3月 2007,58,0
"Killarney",2007,5,36,5月 2007,58,-37.9310344827586
"Killarney",2007,7,39,7月 2007,36,8.33333333333333
"Killarney",2007,9,47,9月 2007,39,20.5128205128205
"Killarney",2007,11,40,11月 2007,47,-14.8936170212766
"Killarney",2008,1,39,1月 2008,40,-2.5
"Killarney",2008,3,24,3月 2008,39,-38.4615384615385
"Killarney",2008,5,28,5月 2008,24,16.6666666666667
"Killarney",2008,7,37,7月 2008,28,32.1428571428571
"Killarney",2008,9,29,9月 2008,37,-21.6216216216216
"Killarney",2008,11,28,11月 2008,29,-3.44827586206897
"Killarney",2009,1,45,1月 2009,28,60.7142857142857
"Killarney",2009,3,30,3月 2009,45,-33.3333333333333
"Killarney",2009,5,33,5月 2009,30,10
"Killarney",2009,7,30,7月 2009,33,-9.09090909090909
"Killarney",2009,9,46,9月 2009,30,53.3333333333333
"Killarney",2009,11,39,11月 2009,46,-15.2173913043478
"Killarney",2010,1,29,1月 2010,39,-25.6410256410256
"Killarney",2010,3,53,3月 2010,29,82.7586206896552
"Killarney",2010,5,37,5月 2010,53,-30.188679245283
"Killarney",2010,7,25,7月 2010,37,-32.4324324324324
"Killarney",2010,9,40,9月 2010,25,60
"Killarney",2010,11,35,11月 2010,40,-12.5
"Killarney",2011,1,27,1月 2011,35,-22.8571428571429
"Killarney",2011,3,36,3月 2011,27,33.3333333333333
"Killarney",2011,5,36,5月 2011,36,0
"Killarney",2011,7,26,7月 2011,36,-27.7777777777778
"Killarney",2011,9,40,9月 2011,26,53.8461538461538
"Killarney",2011,11,29,11月 2011,40,-27.5
"Killarney",2012,1,44,1月 2012,29,51.7241379310345
"Killarney",2012,3,28,3月 2012,44,-36.3636363636364
"Killarney",2012,5,32,5月 2012,28,14.2857142857143
"Killarney",2012,7,32,7月 2012,32,0
"Killarney",2012,9,76,9月 2012,32,137.5
"Killarney",2012,11,24,11月 2012,76,-68.4210526315789
"Killarney",2013,1,41,1月 2013,24,70.8333333333333
"Killarney",2013,3,30,3月 2013,41,-26.8292682926829
"Killarney",2013,5,30,5月 2013,30,0
"Killarney",2013,7,25,7月 2013,30,-16.6666666666667
"Killarney",2013,9,24,9月 2013,25,-4
"Killarney",2013,11,36,11月 2013,24,50
"Killarney",2014,1,41,1月 2014,36,13.8888888888889
"Killarney",2014,3,30,3月 2014,41,-26.8292682926829
"Killarney",2014,5,18,5月 2014,30,-40
"Killarney",2014,7,26,7月 2014,18,44.4444444444444
"Killarney",2014,9,30,9月 2014,26,15.3846153846154
"Killarney",2014,11,33,11月 2014,30,10
"Killarney",2015,1,22,1月 2015,33,-33.3333333333333
"Killarney",2015,3,32,3月 2015,22,45.4545454545455
"Killarney",2015,5,44,5月 2015,32,37.5
"Killarney",2015,7,28,7月 2015,44,-36.3636363636364
"Killarney",2015,9,20,9月 2015,28,-28.5714285714286
"Killarney",2015,11,44,11月 2015,20,120
"Killarney",2016,1,30,1月 2016,44,-31.8181818181818
"Killarney",2016,3,26,3月 2016,30,-13.3333333333333
"Killarney",2016,5,45,5月 2016,26,73.0769230769231
"Killarney",2016,7,25,7月 2016,45,-44.4444444444444
"Killarney",2016,9,35,9月 2016,25,40
"Killarney",2016,11,28,11月 2016,35,-20
"Killarney",2017,1,22,1月 2017,28,-21.4285714285714
"Killarney",2017,3,33,3月 2017,22,50
"Killarney",2017,5,30,5月 2017,33,-9.09090909090909
"Killarney",2017,7,21,7月 2017,30,-30
"Killarney",2017,9,36,9月 2017,21,71.4285714285714
"Killarney",2017,11,40,11月 2017,36,11.1111111111111
"Killarney",2018,1,45,1月 2018,40,12.5
"Killarney",2018,3,33,3月 2018,45,-26.6666666666667
"Killarney",2018,5,35,5月 2018,33,6.06060606060606
"Killarney",2018,7,16,7月 2018,35,-54.2857142857143
"Killarney",2018,9,32,9月 2018,16,100
"Killarney",2018,11,45,11月 2018,32,40.625
"Killarney",2019,1,37,1月 2019,45,-17.7777777777778
"Killarney",2019,3,34,3月 2019,37,-8.10810810810811
"Killarney",2019,5,25,5月 2019,34,-26.4705882352941
"Killarney",2019,7,38,7月 2019,25,52
"Killarney",2019,9,63,9月 2019,38,65.7894736842105
"Killarney",2019,11,39,11月 2019,63,-38.0952380952381
"Killarney",2020,1,35,1月 2020,39,-10.2564102564103
"Killarney",2020,3,26,3月 2020,35,-25.7142857142857
"Killarney",2020,5,25,5月 2020,26,-3.84615384615385
"Killarney",2020,7,28,7月 2020,25,12
"Killarney",2020,9,34,9月 2020,28,21.4285714285714
"Killarney",2020,11,25,11月 2020,34,-26.4705882352941
"Killarney",2021,1,29,1月 2021,25,16
"Killarney",2021,3,21,3月 2021,29,-27.5862068965517
"Killarney",2021,5,30,5月 2021,21,42.8571428571429
"Killarney",2021,7,29,7月 2021,30,-3.33333333333333
"Killarney",2021,9,23,9月 2021,29,-20.6896551724138
"Killarney",2021,11,24,11月 2021,23,4.34782608695652
"Killarney",2022,1,31,1月 2022,24,29.1666666666667
"Killarney",2022,3,31,3月 2022,31,0
"Killarney",2022,5,21,5月 2022,31,-32.258064516129
"Killarney",2022,7,20,7月 2022,21,-4.76190476190476
"Killarney",2022,9,36,9月 2022,20,80
"Killarney",2022,11,34,11月 2022,36,-5.55555555555556
"Killarney",2023,1,40,1月 2023,34,17.6470588235294
"Killarney",2023,3,21,3月 2023,40,-47.5
"Killarney",2023,5,21,5月 2023,21,0
"Killarney",2023,7,27,7月 2023,21,28.5714285714286
"Killarney",2023,9,27,9月 2023,27,0
"Killarney",2023,11,35,11月 2023,27,29.6296296296296
"Killarney",2024,1,28,1月 2024,35,-20
"Killarney",2024,3,31,3月 2024,28,10.7142857142857
"Killarney",2024,5,24,5月 2024,31,-22.5806451612903
"Killarney",2024,7,24,7月 2024,24,0
"Killarney",2024,9,15,9月 2024,24,-37.5
"Killarney",2024,11,23,11月 2024,15,53.3333333333333
"Killarney",2025,1,21,1月 2025,23,-8.69565217391304
"Killarney",2025,3,3,3月 2025,21,-85.7142857142857
"Kitsilano",2003,1,235,1月 2003,NA,NA
"Kitsilano",2003,3,210,3月 2003,235,-10.6382978723404
"Kitsilano",2003,5,217,5月 2003,210,3.33333333333333
"Kitsilano",2003,7,148,7月 2003,217,-31.7972350230415
"Kitsilano",2003,9,175,9月 2003,148,18.2432432432432
"Kitsilano",2003,11,154,11月 2003,175,-12
"Kitsilano",2004,1,205,1月 2004,154,33.1168831168831
"Kitsilano",2004,3,188,3月 2004,205,-8.29268292682927
"Kitsilano",2004,5,160,5月 2004,188,-14.8936170212766
"Kitsilano",2004,7,159,7月 2004,160,-0.625
"Kitsilano",2004,9,204,9月 2004,159,28.3018867924528
"Kitsilano",2004,11,161,11月 2004,204,-21.078431372549
"Kitsilano",2005,1,193,1月 2005,161,19.8757763975155
"Kitsilano",2005,3,200,3月 2005,193,3.62694300518135
"Kitsilano",2005,5,152,5月 2005,200,-24
"Kitsilano",2005,7,164,7月 2005,152,7.89473684210526
"Kitsilano",2005,9,150,9月 2005,164,-8.53658536585366
"Kitsilano",2005,11,143,11月 2005,150,-4.66666666666667
"Kitsilano",2006,1,215,1月 2006,143,50.3496503496503
"Kitsilano",2006,3,127,3月 2006,215,-40.9302325581395
"Kitsilano",2006,5,103,5月 2006,127,-18.8976377952756
"Kitsilano",2006,7,117,7月 2006,103,13.5922330097087
"Kitsilano",2006,9,155,9月 2006,117,32.4786324786325
"Kitsilano",2006,11,206,11月 2006,155,32.9032258064516
"Kitsilano",2007,1,163,1月 2007,206,-20.873786407767
"Kitsilano",2007,3,98,3月 2007,163,-39.8773006134969
"Kitsilano",2007,5,92,5月 2007,98,-6.12244897959184
"Kitsilano",2007,7,92,7月 2007,92,0
"Kitsilano",2007,9,109,9月 2007,92,18.4782608695652
"Kitsilano",2007,11,99,11月 2007,109,-9.1743119266055
"Kitsilano",2008,1,104,1月 2008,99,5.05050505050505
"Kitsilano",2008,3,108,3月 2008,104,3.84615384615385
"Kitsilano",2008,5,95,5月 2008,108,-12.037037037037
"Kitsilano",2008,7,90,7月 2008,95,-5.26315789473684
"Kitsilano",2008,9,77,9月 2008,90,-14.4444444444444
"Kitsilano",2008,11,100,11月 2008,77,29.8701298701299
"Kitsilano",2009,1,144,1月 2009,100,44
"Kitsilano",2009,3,83,3月 2009,144,-42.3611111111111
"Kitsilano",2009,5,100,5月 2009,83,20.4819277108434
"Kitsilano",2009,7,76,7月 2009,100,-24
"Kitsilano",2009,9,68,9月 2009,76,-10.5263157894737
"Kitsilano",2009,11,135,11月 2009,68,98.5294117647059
"Kitsilano",2010,1,94,1月 2010,135,-30.3703703703704
"Kitsilano",2010,3,68,3月 2010,94,-27.6595744680851
"Kitsilano",2010,5,81,5月 2010,68,19.1176470588235
"Kitsilano",2010,7,101,7月 2010,81,24.6913580246914
"Kitsilano",2010,9,82,9月 2010,101,-18.8118811881188
"Kitsilano",2010,11,78,11月 2010,82,-4.8780487804878
"Kitsilano",2011,1,68,1月 2011,78,-12.8205128205128
"Kitsilano",2011,3,102,3月 2011,68,50
"Kitsilano",2011,5,59,5月 2011,102,-42.156862745098
"Kitsilano",2011,7,86,7月 2011,59,45.7627118644068
"Kitsilano",2011,9,78,9月 2011,86,-9.30232558139535
"Kitsilano",2011,11,79,11月 2011,78,1.28205128205128
"Kitsilano",2012,1,86,1月 2012,79,8.86075949367089
"Kitsilano",2012,3,61,3月 2012,86,-29.0697674418605
"Kitsilano",2012,5,83,5月 2012,61,36.0655737704918
"Kitsilano",2012,7,106,7月 2012,83,27.710843373494
"Kitsilano",2012,9,91,9月 2012,106,-14.1509433962264
"Kitsilano",2012,11,85,11月 2012,91,-6.59340659340659
"Kitsilano",2013,1,81,1月 2013,85,-4.70588235294118
"Kitsilano",2013,3,123,3月 2013,81,51.8518518518519
"Kitsilano",2013,5,75,5月 2013,123,-39.0243902439024
"Kitsilano",2013,7,69,7月 2013,75,-8
"Kitsilano",2013,9,66,9月 2013,69,-4.34782608695652
"Kitsilano",2013,11,82,11月 2013,66,24.2424242424242
"Kitsilano",2014,1,98,1月 2014,82,19.5121951219512
"Kitsilano",2014,3,59,3月 2014,98,-39.7959183673469
"Kitsilano",2014,5,85,5月 2014,59,44.0677966101695
"Kitsilano",2014,7,67,7月 2014,85,-21.1764705882353
"Kitsilano",2014,9,115,9月 2014,67,71.6417910447761
"Kitsilano",2014,11,83,11月 2014,115,-27.8260869565217
"Kitsilano",2015,1,118,1月 2015,83,42.1686746987952
"Kitsilano",2015,3,82,3月 2015,118,-30.5084745762712
"Kitsilano",2015,5,97,5月 2015,82,18.2926829268293
"Kitsilano",2015,7,104,7月 2015,97,7.21649484536082
"Kitsilano",2015,9,90,9月 2015,104,-13.4615384615385
"Kitsilano",2015,11,109,11月 2015,90,21.1111111111111
"Kitsilano",2016,1,135,1月 2016,109,23.8532110091743
"Kitsilano",2016,3,90,3月 2016,135,-33.3333333333333
"Kitsilano",2016,5,105,5月 2016,90,16.6666666666667
"Kitsilano",2016,7,134,7月 2016,105,27.6190476190476
"Kitsilano",2016,9,103,9月 2016,134,-23.134328358209
"Kitsilano",2016,11,84,11月 2016,103,-18.4466019417476
"Kitsilano",2017,1,73,1月 2017,84,-13.0952380952381
"Kitsilano",2017,3,95,3月 2017,73,30.1369863013699
"Kitsilano",2017,5,104,5月 2017,95,9.47368421052632
"Kitsilano",2017,7,142,7月 2017,104,36.5384615384615
"Kitsilano",2017,9,81,9月 2017,142,-42.9577464788732
"Kitsilano",2017,11,93,11月 2017,81,14.8148148148148
"Kitsilano",2018,1,124,1月 2018,93,33.3333333333333
"Kitsilano",2018,3,94,3月 2018,124,-24.1935483870968
"Kitsilano",2018,5,109,5月 2018,94,15.9574468085106
"Kitsilano",2018,7,111,7月 2018,109,1.8348623853211
"Kitsilano",2018,9,111,9月 2018,111,0
"Kitsilano",2018,11,92,11月 2018,111,-17.1171171171171
"Kitsilano",2019,1,98,1月 2019,92,6.52173913043478
"Kitsilano",2019,3,91,3月 2019,98,-7.14285714285714
"Kitsilano",2019,5,90,5月 2019,91,-1.0989010989011
"Kitsilano",2019,7,86,7月 2019,90,-4.44444444444444
"Kitsilano",2019,9,110,9月 2019,86,27.906976744186
"Kitsilano",2019,11,119,11月 2019,110,8.18181818181818
"Kitsilano",2020,1,120,1月 2020,119,0.840336134453782
"Kitsilano",2020,3,104,3月 2020,120,-13.3333333333333
"Kitsilano",2020,5,69,5月 2020,104,-33.6538461538462
"Kitsilano",2020,7,106,7月 2020,69,53.6231884057971
"Kitsilano",2020,9,115,9月 2020,106,8.49056603773585
"Kitsilano",2020,11,82,11月 2020,115,-28.695652173913
"Kitsilano",2021,1,77,1月 2021,82,-6.09756097560976
"Kitsilano",2021,3,48,3月 2021,77,-37.6623376623377
"Kitsilano",2021,5,70,5月 2021,48,45.8333333333333
"Kitsilano",2021,7,83,7月 2021,70,18.5714285714286
"Kitsilano",2021,9,58,9月 2021,83,-30.1204819277108
"Kitsilano",2021,11,54,11月 2021,58,-6.89655172413793
"Kitsilano",2022,1,41,1月 2022,54,-24.0740740740741
"Kitsilano",2022,3,47,3月 2022,41,14.6341463414634
"Kitsilano",2022,5,51,5月 2022,47,8.51063829787234
"Kitsilano",2022,7,71,7月 2022,51,39.2156862745098
"Kitsilano",2022,9,62,9月 2022,71,-12.6760563380282
"Kitsilano",2022,11,60,11月 2022,62,-3.2258064516129
"Kitsilano",2023,1,63,1月 2023,60,5
"Kitsilano",2023,3,62,3月 2023,63,-1.58730158730159
"Kitsilano",2023,5,48,5月 2023,62,-22.5806451612903
"Kitsilano",2023,7,74,7月 2023,48,54.1666666666667
"Kitsilano",2023,9,64,9月 2023,74,-13.5135135135135
"Kitsilano",2023,11,52,11月 2023,64,-18.75
"Kitsilano",2024,1,56,1月 2024,52,7.69230769230769
"Kitsilano",2024,3,50,3月 2024,56,-10.7142857142857
"Kitsilano",2024,5,68,5月 2024,50,36
"Kitsilano",2024,7,55,7月 2024,68,-19.1176470588235
"Kitsilano",2024,9,64,9月 2024,55,16.3636363636364
"Kitsilano",2024,11,64,11月 2024,64,0
"Kitsilano",2025,1,50,1月 2025,64,-21.875
"Kitsilano",2025,3,12,3月 2025,50,-76
"Marpole",2003,1,87,1月 2003,NA,NA
"Marpole",2003,3,70,3月 2003,87,-19.5402298850575
"Marpole",2003,5,71,5月 2003,70,1.42857142857143
"Marpole",2003,7,55,7月 2003,71,-22.5352112676056
"Marpole",2003,9,68,9月 2003,55,23.6363636363636
"Marpole",2003,11,53,11月 2003,68,-22.0588235294118
"Marpole",2004,1,77,1月 2004,53,45.2830188679245
"Marpole",2004,3,74,3月 2004,77,-3.8961038961039
"Marpole",2004,5,76,5月 2004,74,2.7027027027027
"Marpole",2004,7,86,7月 2004,76,13.1578947368421
"Marpole",2004,9,83,9月 2004,86,-3.48837209302326
"Marpole",2004,11,98,11月 2004,83,18.0722891566265
"Marpole",2005,1,108,1月 2005,98,10.2040816326531
"Marpole",2005,3,92,3月 2005,108,-14.8148148148148
"Marpole",2005,5,62,5月 2005,92,-32.6086956521739
"Marpole",2005,7,64,7月 2005,62,3.2258064516129
"Marpole",2005,9,65,9月 2005,64,1.5625
"Marpole",2005,11,65,11月 2005,65,0
"Marpole",2006,1,74,1月 2006,65,13.8461538461538
"Marpole",2006,3,62,3月 2006,74,-16.2162162162162
"Marpole",2006,5,82,5月 2006,62,32.258064516129
"Marpole",2006,7,57,7月 2006,82,-30.4878048780488
"Marpole",2006,9,60,9月 2006,57,5.26315789473684
"Marpole",2006,11,53,11月 2006,60,-11.6666666666667
"Marpole",2007,1,78,1月 2007,53,47.1698113207547
"Marpole",2007,3,41,3月 2007,78,-47.4358974358974
"Marpole",2007,5,51,5月 2007,41,24.390243902439
"Marpole",2007,7,61,7月 2007,51,19.6078431372549
"Marpole",2007,9,69,9月 2007,61,13.1147540983607
"Marpole",2007,11,47,11月 2007,69,-31.8840579710145
"Marpole",2008,1,55,1月 2008,47,17.0212765957447
"Marpole",2008,3,38,3月 2008,55,-30.9090909090909
"Marpole",2008,5,52,5月 2008,38,36.8421052631579
"Marpole",2008,7,32,7月 2008,52,-38.4615384615385
"Marpole",2008,9,39,9月 2008,32,21.875
"Marpole",2008,11,33,11月 2008,39,-15.3846153846154
"Marpole",2009,1,57,1月 2009,33,72.7272727272727
"Marpole",2009,3,37,3月 2009,57,-35.0877192982456
"Marpole",2009,5,49,5月 2009,37,32.4324324324324
"Marpole",2009,7,35,7月 2009,49,-28.5714285714286
"Marpole",2009,9,30,9月 2009,35,-14.2857142857143
"Marpole",2009,11,40,11月 2009,30,33.3333333333333
"Marpole",2010,1,44,1月 2010,40,10
"Marpole",2010,3,30,3月 2010,44,-31.8181818181818
"Marpole",2010,5,35,5月 2010,30,16.6666666666667
"Marpole",2010,7,33,7月 2010,35,-5.71428571428571
"Marpole",2010,9,68,9月 2010,33,106.060606060606
"Marpole",2010,11,32,11月 2010,68,-52.9411764705882
"Marpole",2011,1,37,1月 2011,32,15.625
"Marpole",2011,3,34,3月 2011,37,-8.10810810810811
"Marpole",2011,5,26,5月 2011,34,-23.5294117647059
"Marpole",2011,7,21,7月 2011,26,-19.2307692307692
"Marpole",2011,9,41,9月 2011,21,95.2380952380952
"Marpole",2011,11,42,11月 2011,41,2.4390243902439
"Marpole",2012,1,37,1月 2012,42,-11.9047619047619
"Marpole",2012,3,53,3月 2012,37,43.2432432432432
"Marpole",2012,5,32,5月 2012,53,-39.622641509434
"Marpole",2012,7,28,7月 2012,32,-12.5
"Marpole",2012,9,35,9月 2012,28,25
"Marpole",2012,11,53,11月 2012,35,51.4285714285714
"Marpole",2013,1,42,1月 2013,53,-20.7547169811321
"Marpole",2013,3,33,3月 2013,42,-21.4285714285714
"Marpole",2013,5,34,5月 2013,33,3.03030303030303
"Marpole",2013,7,32,7月 2013,34,-5.88235294117647
"Marpole",2013,9,47,9月 2013,32,46.875
"Marpole",2013,11,49,11月 2013,47,4.25531914893617
"Marpole",2014,1,41,1月 2014,49,-16.3265306122449
"Marpole",2014,3,31,3月 2014,41,-24.390243902439
"Marpole",2014,5,34,5月 2014,31,9.67741935483871
"Marpole",2014,7,58,7月 2014,34,70.5882352941177
"Marpole",2014,9,35,9月 2014,58,-39.6551724137931
"Marpole",2014,11,51,11月 2014,35,45.7142857142857
"Marpole",2015,1,29,1月 2015,51,-43.1372549019608
"Marpole",2015,3,48,3月 2015,29,65.5172413793103
"Marpole",2015,5,42,5月 2015,48,-12.5
"Marpole",2015,7,47,7月 2015,42,11.9047619047619
"Marpole",2015,9,34,9月 2015,47,-27.6595744680851
"Marpole",2015,11,44,11月 2015,34,29.4117647058824
"Marpole",2016,1,54,1月 2016,44,22.7272727272727
"Marpole",2016,3,43,3月 2016,54,-20.3703703703704
"Marpole",2016,5,31,5月 2016,43,-27.906976744186
"Marpole",2016,7,44,7月 2016,31,41.9354838709677
"Marpole",2016,9,54,9月 2016,44,22.7272727272727
"Marpole",2016,11,44,11月 2016,54,-18.5185185185185
"Marpole",2017,1,47,1月 2017,44,6.81818181818182
"Marpole",2017,3,69,3月 2017,47,46.8085106382979
"Marpole",2017,5,42,5月 2017,69,-39.1304347826087
"Marpole",2017,7,37,7月 2017,42,-11.9047619047619
"Marpole",2017,9,48,9月 2017,37,29.7297297297297
"Marpole",2017,11,61,11月 2017,48,27.0833333333333
"Marpole",2018,1,65,1月 2018,61,6.55737704918033
"Marpole",2018,3,35,3月 2018,65,-46.1538461538462
"Marpole",2018,5,36,5月 2018,35,2.85714285714286
"Marpole",2018,7,31,7月 2018,36,-13.8888888888889
"Marpole",2018,9,38,9月 2018,31,22.5806451612903
"Marpole",2018,11,52,11月 2018,38,36.8421052631579
"Marpole",2019,1,52,1月 2019,52,0
"Marpole",2019,3,54,3月 2019,52,3.84615384615385
"Marpole",2019,5,38,5月 2019,54,-29.6296296296296
"Marpole",2019,7,42,7月 2019,38,10.5263157894737
"Marpole",2019,9,43,9月 2019,42,2.38095238095238
"Marpole",2019,11,58,11月 2019,43,34.8837209302326
"Marpole",2020,1,69,1月 2020,58,18.9655172413793
"Marpole",2020,3,55,3月 2020,69,-20.2898550724638
"Marpole",2020,5,17,5月 2020,55,-69.0909090909091
"Marpole",2020,7,34,7月 2020,17,100
"Marpole",2020,9,42,9月 2020,34,23.5294117647059
"Marpole",2020,11,38,11月 2020,42,-9.52380952380952
"Marpole",2021,1,57,1月 2021,38,50
"Marpole",2021,3,54,3月 2021,57,-5.26315789473684
"Marpole",2021,5,37,5月 2021,54,-31.4814814814815
"Marpole",2021,7,40,7月 2021,37,8.10810810810811
"Marpole",2021,9,47,9月 2021,40,17.5
"Marpole",2021,11,40,11月 2021,47,-14.8936170212766
"Marpole",2022,1,56,1月 2022,40,40
"Marpole",2022,3,41,3月 2022,56,-26.7857142857143
"Marpole",2022,5,35,5月 2022,41,-14.6341463414634
"Marpole",2022,7,48,7月 2022,35,37.1428571428571
"Marpole",2022,9,45,9月 2022,48,-6.25
"Marpole",2022,11,24,11月 2022,45,-46.6666666666667
"Marpole",2023,1,35,1月 2023,24,45.8333333333333
"Marpole",2023,3,48,3月 2023,35,37.1428571428571
"Marpole",2023,5,51,5月 2023,48,6.25
"Marpole",2023,7,34,7月 2023,51,-33.3333333333333
"Marpole",2023,9,29,9月 2023,34,-14.7058823529412
"Marpole",2023,11,53,11月 2023,29,82.7586206896552
"Marpole",2024,1,63,1月 2024,53,18.8679245283019
"Marpole",2024,3,58,3月 2024,63,-7.93650793650794
"Marpole",2024,5,22,5月 2024,58,-62.0689655172414
"Marpole",2024,7,35,7月 2024,22,59.0909090909091
"Marpole",2024,9,27,9月 2024,35,-22.8571428571429
"Marpole",2024,11,26,11月 2024,27,-3.7037037037037
"Marpole",2025,1,33,1月 2025,26,26.9230769230769
"Marpole",2025,3,12,3月 2025,33,-63.6363636363636
"Mount Pleasant",2003,1,123,1月 2003,NA,NA
"Mount Pleasant",2003,3,132,3月 2003,123,7.31707317073171
"Mount Pleasant",2003,5,117,5月 2003,132,-11.3636363636364
"Mount Pleasant",2003,7,141,7月 2003,117,20.5128205128205
"Mount Pleasant",2003,9,152,9月 2003,141,7.80141843971631
"Mount Pleasant",2003,11,147,11月 2003,152,-3.28947368421053
"Mount Pleasant",2004,1,160,1月 2004,147,8.84353741496599
"Mount Pleasant",2004,3,170,3月 2004,160,6.25
"Mount Pleasant",2004,5,129,5月 2004,170,-24.1176470588235
"Mount Pleasant",2004,7,173,7月 2004,129,34.1085271317829
"Mount Pleasant",2004,9,141,9月 2004,173,-18.4971098265896
"Mount Pleasant",2004,11,158,11月 2004,141,12.0567375886525
"Mount Pleasant",2005,1,177,1月 2005,158,12.0253164556962
"Mount Pleasant",2005,3,144,3月 2005,177,-18.6440677966102
"Mount Pleasant",2005,5,116,5月 2005,144,-19.4444444444444
"Mount Pleasant",2005,7,142,7月 2005,116,22.4137931034483
"Mount Pleasant",2005,9,127,9月 2005,142,-10.5633802816901
"Mount Pleasant",2005,11,100,11月 2005,127,-21.259842519685
"Mount Pleasant",2006,1,172,1月 2006,100,72
"Mount Pleasant",2006,3,166,3月 2006,172,-3.48837209302326
"Mount Pleasant",2006,5,83,5月 2006,166,-50
"Mount Pleasant",2006,7,116,7月 2006,83,39.7590361445783
"Mount Pleasant",2006,9,131,9月 2006,116,12.9310344827586
"Mount Pleasant",2006,11,87,11月 2006,131,-33.587786259542
"Mount Pleasant",2007,1,112,1月 2007,87,28.735632183908
"Mount Pleasant",2007,3,87,3月 2007,112,-22.3214285714286
"Mount Pleasant",2007,5,88,5月 2007,87,1.14942528735632
"Mount Pleasant",2007,7,116,7月 2007,88,31.8181818181818
"Mount Pleasant",2007,9,88,9月 2007,116,-24.1379310344828
"Mount Pleasant",2007,11,81,11月 2007,88,-7.95454545454545
"Mount Pleasant",2008,1,123,1月 2008,81,51.8518518518519
"Mount Pleasant",2008,3,113,3月 2008,123,-8.13008130081301
"Mount Pleasant",2008,5,74,5月 2008,113,-34.5132743362832
"Mount Pleasant",2008,7,100,7月 2008,74,35.1351351351351
"Mount Pleasant",2008,9,138,9月 2008,100,38
"Mount Pleasant",2008,11,124,11月 2008,138,-10.1449275362319
"Mount Pleasant",2009,1,95,1月 2009,124,-23.3870967741935
"Mount Pleasant",2009,3,92,3月 2009,95,-3.15789473684211
"Mount Pleasant",2009,5,96,5月 2009,92,4.34782608695652
"Mount Pleasant",2009,7,94,7月 2009,96,-2.08333333333333
"Mount Pleasant",2009,9,88,9月 2009,94,-6.38297872340426
"Mount Pleasant",2009,11,103,11月 2009,88,17.0454545454545
"Mount Pleasant",2010,1,91,1月 2010,103,-11.6504854368932
"Mount Pleasant",2010,3,81,3月 2010,91,-10.989010989011
"Mount Pleasant",2010,5,72,5月 2010,81,-11.1111111111111
"Mount Pleasant",2010,7,86,7月 2010,72,19.4444444444444
"Mount Pleasant",2010,9,79,9月 2010,86,-8.13953488372093
"Mount Pleasant",2010,11,89,11月 2010,79,12.6582278481013
"Mount Pleasant",2011,1,120,1月 2011,89,34.8314606741573
"Mount Pleasant",2011,3,79,3月 2011,120,-34.1666666666667
"Mount Pleasant",2011,5,80,5月 2011,79,1.26582278481013
"Mount Pleasant",2011,7,106,7月 2011,80,32.5
"Mount Pleasant",2011,9,101,9月 2011,106,-4.71698113207547
"Mount Pleasant",2011,11,83,11月 2011,101,-17.8217821782178
"Mount Pleasant",2012,1,86,1月 2012,83,3.6144578313253
"Mount Pleasant",2012,3,99,3月 2012,86,15.1162790697674
"Mount Pleasant",2012,5,85,5月 2012,99,-14.1414141414141
"Mount Pleasant",2012,7,79,7月 2012,85,-7.05882352941176
"Mount Pleasant",2012,9,91,9月 2012,79,15.1898734177215
"Mount Pleasant",2012,11,89,11月 2012,91,-2.1978021978022
"Mount Pleasant",2013,1,114,1月 2013,89,28.0898876404494
"Mount Pleasant",2013,3,86,3月 2013,114,-24.5614035087719
"Mount Pleasant",2013,5,95,5月 2013,86,10.4651162790698
"Mount Pleasant",2013,7,97,7月 2013,95,2.10526315789474
"Mount Pleasant",2013,9,96,9月 2013,97,-1.03092783505155
"Mount Pleasant",2013,11,137,11月 2013,96,42.7083333333333
"Mount Pleasant",2014,1,124,1月 2014,137,-9.48905109489051
"Mount Pleasant",2014,3,113,3月 2014,124,-8.87096774193548
"Mount Pleasant",2014,5,121,5月 2014,113,7.07964601769912
"Mount Pleasant",2014,7,159,7月 2014,121,31.404958677686
"Mount Pleasant",2014,9,151,9月 2014,159,-5.0314465408805
"Mount Pleasant",2014,11,112,11月 2014,151,-25.8278145695364
"Mount Pleasant",2015,1,105,1月 2015,112,-6.25
"Mount Pleasant",2015,3,97,3月 2015,105,-7.61904761904762
"Mount Pleasant",2015,5,116,5月 2015,97,19.5876288659794
"Mount Pleasant",2015,7,128,7月 2015,116,10.3448275862069
"Mount Pleasant",2015,9,158,9月 2015,128,23.4375
"Mount Pleasant",2015,11,185,11月 2015,158,17.0886075949367
"Mount Pleasant",2016,1,136,1月 2016,185,-26.4864864864865
"Mount Pleasant",2016,3,111,3月 2016,136,-18.3823529411765
"Mount Pleasant",2016,5,170,5月 2016,111,53.1531531531532
"Mount Pleasant",2016,7,171,7月 2016,170,0.588235294117647
"Mount Pleasant",2016,9,139,9月 2016,171,-18.7134502923977
"Mount Pleasant",2016,11,116,11月 2016,139,-16.5467625899281
"Mount Pleasant",2017,1,94,1月 2017,116,-18.9655172413793
"Mount Pleasant",2017,3,111,3月 2017,94,18.0851063829787
"Mount Pleasant",2017,5,126,5月 2017,111,13.5135135135135
"Mount Pleasant",2017,7,122,7月 2017,126,-3.17460317460317
"Mount Pleasant",2017,9,138,9月 2017,122,13.1147540983607
"Mount Pleasant",2017,11,133,11月 2017,138,-3.6231884057971
"Mount Pleasant",2018,1,164,1月 2018,133,23.3082706766917
"Mount Pleasant",2018,3,134,3月 2018,164,-18.2926829268293
"Mount Pleasant",2018,5,125,5月 2018,134,-6.71641791044776
"Mount Pleasant",2018,7,129,7月 2018,125,3.2
"Mount Pleasant",2018,9,163,9月 2018,129,26.3565891472868
"Mount Pleasant",2018,11,128,11月 2018,163,-21.4723926380368
"Mount Pleasant",2019,1,126,1月 2019,128,-1.5625
"Mount Pleasant",2019,3,121,3月 2019,126,-3.96825396825397
"Mount Pleasant",2019,5,152,5月 2019,121,25.6198347107438
"Mount Pleasant",2019,7,174,7月 2019,152,14.4736842105263
"Mount Pleasant",2019,9,155,9月 2019,174,-10.9195402298851
"Mount Pleasant",2019,11,163,11月 2019,155,5.16129032258065
"Mount Pleasant",2020,1,158,1月 2020,163,-3.06748466257669
"Mount Pleasant",2020,3,139,3月 2020,158,-12.0253164556962
"Mount Pleasant",2020,5,81,5月 2020,139,-41.726618705036
"Mount Pleasant",2020,7,93,7月 2020,81,14.8148148148148
"Mount Pleasant",2020,9,111,9月 2020,93,19.3548387096774
"Mount Pleasant",2020,11,91,11月 2020,111,-18.018018018018
"Mount Pleasant",2021,1,99,1月 2021,91,8.79120879120879
"Mount Pleasant",2021,3,111,3月 2021,99,12.1212121212121
"Mount Pleasant",2021,5,113,5月 2021,111,1.8018018018018
"Mount Pleasant",2021,7,119,7月 2021,113,5.30973451327434
"Mount Pleasant",2021,9,117,9月 2021,119,-1.68067226890756
"Mount Pleasant",2021,11,87,11月 2021,117,-25.6410256410256
"Mount Pleasant",2022,1,117,1月 2022,87,34.4827586206897
"Mount Pleasant",2022,3,122,3月 2022,117,4.27350427350427
"Mount Pleasant",2022,5,90,5月 2022,122,-26.2295081967213
"Mount Pleasant",2022,7,100,7月 2022,90,11.1111111111111
"Mount Pleasant",2022,9,127,9月 2022,100,27
"Mount Pleasant",2022,11,91,11月 2022,127,-28.3464566929134
"Mount Pleasant",2023,1,124,1月 2023,91,36.2637362637363
"Mount Pleasant",2023,3,64,3月 2023,124,-48.3870967741936
"Mount Pleasant",2023,5,94,5月 2023,64,46.875
"Mount Pleasant",2023,7,97,7月 2023,94,3.19148936170213
"Mount Pleasant",2023,9,110,9月 2023,97,13.4020618556701
"Mount Pleasant",2023,11,62,11月 2023,110,-43.6363636363636
"Mount Pleasant",2024,1,87,1月 2024,62,40.3225806451613
"Mount Pleasant",2024,3,79,3月 2024,87,-9.19540229885057
"Mount Pleasant",2024,5,63,5月 2024,79,-20.253164556962
"Mount Pleasant",2024,7,74,7月 2024,63,17.4603174603175
"Mount Pleasant",2024,9,75,9月 2024,74,1.35135135135135
"Mount Pleasant",2024,11,73,11月 2024,75,-2.66666666666667
"Mount Pleasant",2025,1,86,1月 2025,73,17.8082191780822
"Mount Pleasant",2025,3,27,3月 2025,86,-68.6046511627907
"Oakridge",2003,1,32,1月 2003,NA,NA
"Oakridge",2003,3,36,3月 2003,32,12.5
"Oakridge",2003,5,39,5月 2003,36,8.33333333333333
"Oakridge",2003,7,31,7月 2003,39,-20.5128205128205
"Oakridge",2003,9,30,9月 2003,31,-3.2258064516129
"Oakridge",2003,11,31,11月 2003,30,3.33333333333333
"Oakridge",2004,1,41,1月 2004,31,32.258064516129
"Oakridge",2004,3,42,3月 2004,41,2.4390243902439
"Oakridge",2004,5,28,5月 2004,42,-33.3333333333333
"Oakridge",2004,7,37,7月 2004,28,32.1428571428571
"Oakridge",2004,9,46,9月 2004,37,24.3243243243243
"Oakridge",2004,11,54,11月 2004,46,17.3913043478261
"Oakridge",2005,1,58,1月 2005,54,7.40740740740741
"Oakridge",2005,3,48,3月 2005,58,-17.2413793103448
"Oakridge",2005,5,60,5月 2005,48,25
"Oakridge",2005,7,20,7月 2005,60,-66.6666666666667
"Oakridge",2005,9,18,9月 2005,20,-10
"Oakridge",2005,11,42,11月 2005,18,133.333333333333
"Oakridge",2006,1,57,1月 2006,42,35.7142857142857
"Oakridge",2006,3,54,3月 2006,57,-5.26315789473684
"Oakridge",2006,5,21,5月 2006,54,-61.1111111111111
"Oakridge",2006,7,14,7月 2006,21,-33.3333333333333
"Oakridge",2006,9,24,9月 2006,14,71.4285714285714
"Oakridge",2006,11,24,11月 2006,24,0
"Oakridge",2007,1,24,1月 2007,24,0
"Oakridge",2007,3,18,3月 2007,24,-25
"Oakridge",2007,5,20,5月 2007,18,11.1111111111111
"Oakridge",2007,7,31,7月 2007,20,55
"Oakridge",2007,9,13,9月 2007,31,-58.0645161290323
"Oakridge",2007,11,21,11月 2007,13,61.5384615384615
"Oakridge",2008,1,20,1月 2008,21,-4.76190476190476
"Oakridge",2008,3,19,3月 2008,20,-5
"Oakridge",2008,5,23,5月 2008,19,21.0526315789474
"Oakridge",2008,7,13,7月 2008,23,-43.4782608695652
"Oakridge",2008,9,24,9月 2008,13,84.6153846153846
"Oakridge",2008,11,24,11月 2008,24,0
"Oakridge",2009,1,25,1月 2009,24,4.16666666666667
"Oakridge",2009,3,17,3月 2009,25,-32
"Oakridge",2009,5,26,5月 2009,17,52.9411764705882
"Oakridge",2009,7,20,7月 2009,26,-23.0769230769231
"Oakridge",2009,9,27,9月 2009,20,35
"Oakridge",2009,11,27,11月 2009,27,0
"Oakridge",2010,1,51,1月 2010,27,88.8888888888889
"Oakridge",2010,3,36,3月 2010,51,-29.4117647058824
"Oakridge",2010,5,23,5月 2010,36,-36.1111111111111
"Oakridge",2010,7,17,7月 2010,23,-26.0869565217391
"Oakridge",2010,9,44,9月 2010,17,158.823529411765
"Oakridge",2010,11,29,11月 2010,44,-34.0909090909091
"Oakridge",2011,1,28,1月 2011,29,-3.44827586206897
"Oakridge",2011,3,32,3月 2011,28,14.2857142857143
"Oakridge",2011,5,21,5月 2011,32,-34.375
"Oakridge",2011,7,25,7月 2011,21,19.047619047619
"Oakridge",2011,9,22,9月 2011,25,-12
"Oakridge",2011,11,31,11月 2011,22,40.9090909090909
"Oakridge",2012,1,19,1月 2012,31,-38.7096774193548
"Oakridge",2012,3,39,3月 2012,19,105.263157894737
"Oakridge",2012,5,16,5月 2012,39,-58.974358974359
"Oakridge",2012,7,31,7月 2012,16,93.75
"Oakridge",2012,9,28,9月 2012,31,-9.67741935483871
"Oakridge",2012,11,36,11月 2012,28,28.5714285714286
"Oakridge",2013,1,32,1月 2013,36,-11.1111111111111
"Oakridge",2013,3,18,3月 2013,32,-43.75
"Oakridge",2013,5,20,5月 2013,18,11.1111111111111
"Oakridge",2013,7,14,7月 2013,20,-30
"Oakridge",2013,9,23,9月 2013,14,64.2857142857143
"Oakridge",2013,11,29,11月 2013,23,26.0869565217391
"Oakridge",2014,1,27,1月 2014,29,-6.89655172413793
"Oakridge",2014,3,24,3月 2014,27,-11.1111111111111
"Oakridge",2014,5,32,5月 2014,24,33.3333333333333
"Oakridge",2014,7,23,7月 2014,32,-28.125
"Oakridge",2014,9,26,9月 2014,23,13.0434782608696
"Oakridge",2014,11,33,11月 2014,26,26.9230769230769
"Oakridge",2015,1,32,1月 2015,33,-3.03030303030303
"Oakridge",2015,3,30,3月 2015,32,-6.25
"Oakridge",2015,5,21,5月 2015,30,-30
"Oakridge",2015,7,23,7月 2015,21,9.52380952380952
"Oakridge",2015,9,24,9月 2015,23,4.34782608695652
"Oakridge",2015,11,43,11月 2015,24,79.1666666666667
"Oakridge",2016,1,32,1月 2016,43,-25.5813953488372
"Oakridge",2016,3,33,3月 2016,32,3.125
"Oakridge",2016,5,25,5月 2016,33,-24.2424242424242
"Oakridge",2016,7,24,7月 2016,25,-4
"Oakridge",2016,9,22,9月 2016,24,-8.33333333333333
"Oakridge",2016,11,28,11月 2016,22,27.2727272727273
"Oakridge",2017,1,18,1月 2017,28,-35.7142857142857
"Oakridge",2017,3,32,3月 2017,18,77.7777777777778
"Oakridge",2017,5,30,5月 2017,32,-6.25
"Oakridge",2017,7,40,7月 2017,30,33.3333333333333
"Oakridge",2017,9,26,9月 2017,40,-35
"Oakridge",2017,11,31,11月 2017,26,19.2307692307692
"Oakridge",2018,1,44,1月 2018,31,41.9354838709677
"Oakridge",2018,3,22,3月 2018,44,-50
"Oakridge",2018,5,23,5月 2018,22,4.54545454545455
"Oakridge",2018,7,25,7月 2018,23,8.69565217391304
"Oakridge",2018,9,18,9月 2018,25,-28
"Oakridge",2018,11,25,11月 2018,18,38.8888888888889
"Oakridge",2019,1,26,1月 2019,25,4
"Oakridge",2019,3,24,3月 2019,26,-7.69230769230769
"Oakridge",2019,5,29,5月 2019,24,20.8333333333333
"Oakridge",2019,7,36,7月 2019,29,24.1379310344828
"Oakridge",2019,9,36,9月 2019,36,0
"Oakridge",2019,11,36,11月 2019,36,0
"Oakridge",2020,1,33,1月 2020,36,-8.33333333333333
"Oakridge",2020,3,30,3月 2020,33,-9.09090909090909
"Oakridge",2020,5,13,5月 2020,30,-56.6666666666667
"Oakridge",2020,7,8,7月 2020,13,-38.4615384615385
"Oakridge",2020,9,19,9月 2020,8,137.5
"Oakridge",2020,11,20,11月 2020,19,5.26315789473684
"Oakridge",2021,1,30,1月 2021,20,50
"Oakridge",2021,3,17,3月 2021,30,-43.3333333333333
"Oakridge",2021,5,12,5月 2021,17,-29.4117647058824
"Oakridge",2021,7,14,7月 2021,12,16.6666666666667
"Oakridge",2021,9,15,9月 2021,14,7.14285714285714
"Oakridge",2021,11,13,11月 2021,15,-13.3333333333333
"Oakridge",2022,1,15,1月 2022,13,15.3846153846154
"Oakridge",2022,3,21,3月 2022,15,40
"Oakridge",2022,5,17,5月 2022,21,-19.047619047619
"Oakridge",2022,7,10,7月 2022,17,-41.1764705882353
"Oakridge",2022,9,16,9月 2022,10,60
"Oakridge",2022,11,8,11月 2022,16,-50
"Oakridge",2023,1,12,1月 2023,8,50
"Oakridge",2023,3,16,3月 2023,12,33.3333333333333
"Oakridge",2023,5,16,5月 2023,16,0
"Oakridge",2023,7,18,7月 2023,16,12.5
"Oakridge",2023,9,14,9月 2023,18,-22.2222222222222
"Oakridge",2023,11,18,11月 2023,14,28.5714285714286
"Oakridge",2024,1,10,1月 2024,18,-44.4444444444444
"Oakridge",2024,3,21,3月 2024,10,110
"Oakridge",2024,5,21,5月 2024,21,0
"Oakridge",2024,7,10,7月 2024,21,-52.3809523809524
"Oakridge",2024,9,10,9月 2024,10,0
"Oakridge",2024,11,16,11月 2024,10,60
"Oakridge",2025,1,20,1月 2025,16,25
"Oakridge",2025,3,5,3月 2025,20,-75
"Renfrew-Collingwood",2003,1,166,1月 2003,NA,NA
"Renfrew-Collingwood",2003,3,117,3月 2003,166,-29.5180722891566
"Renfrew-Collingwood",2003,5,127,5月 2003,117,8.54700854700855
"Renfrew-Collingwood",2003,7,114,7月 2003,127,-10.2362204724409
"Renfrew-Collingwood",2003,9,126,9月 2003,114,10.5263157894737
"Renfrew-Collingwood",2003,11,151,11月 2003,126,19.8412698412698
"Renfrew-Collingwood",2004,1,125,1月 2004,151,-17.2185430463576
"Renfrew-Collingwood",2004,3,220,3月 2004,125,76
"Renfrew-Collingwood",2004,5,157,5月 2004,220,-28.6363636363636
"Renfrew-Collingwood",2004,7,122,7月 2004,157,-22.2929936305732
"Renfrew-Collingwood",2004,9,170,9月 2004,122,39.344262295082
"Renfrew-Collingwood",2004,11,153,11月 2004,170,-10
"Renfrew-Collingwood",2005,1,143,1月 2005,153,-6.5359477124183
"Renfrew-Collingwood",2005,3,125,3月 2005,143,-12.5874125874126
"Renfrew-Collingwood",2005,5,106,5月 2005,125,-15.2
"Renfrew-Collingwood",2005,7,120,7月 2005,106,13.2075471698113
"Renfrew-Collingwood",2005,9,131,9月 2005,120,9.16666666666667
"Renfrew-Collingwood",2005,11,171,11月 2005,131,30.5343511450382
"Renfrew-Collingwood",2006,1,184,1月 2006,171,7.60233918128655
"Renfrew-Collingwood",2006,3,112,3月 2006,184,-39.1304347826087
"Renfrew-Collingwood",2006,5,108,5月 2006,112,-3.57142857142857
"Renfrew-Collingwood",2006,7,125,7月 2006,108,15.7407407407407
"Renfrew-Collingwood",2006,9,132,9月 2006,125,5.6
"Renfrew-Collingwood",2006,11,135,11月 2006,132,2.27272727272727
"Renfrew-Collingwood",2007,1,122,1月 2007,135,-9.62962962962963
"Renfrew-Collingwood",2007,3,100,3月 2007,122,-18.0327868852459
"Renfrew-Collingwood",2007,5,69,5月 2007,100,-31
"Renfrew-Collingwood",2007,7,90,7月 2007,69,30.4347826086957
"Renfrew-Collingwood",2007,9,104,9月 2007,90,15.5555555555556
"Renfrew-Collingwood",2007,11,90,11月 2007,104,-13.4615384615385
"Renfrew-Collingwood",2008,1,69,1月 2008,90,-23.3333333333333
"Renfrew-Collingwood",2008,3,218,3月 2008,69,215.942028985507
"Renfrew-Collingwood",2008,5,95,5月 2008,218,-56.4220183486239
"Renfrew-Collingwood",2008,7,87,7月 2008,95,-8.42105263157895
"Renfrew-Collingwood",2008,9,83,9月 2008,87,-4.59770114942529
"Renfrew-Collingwood",2008,11,82,11月 2008,83,-1.20481927710843
"Renfrew-Collingwood",2009,1,69,1月 2009,82,-15.8536585365854
"Renfrew-Collingwood",2009,3,109,3月 2009,69,57.9710144927536
"Renfrew-Collingwood",2009,5,72,5月 2009,109,-33.9449541284404
"Renfrew-Collingwood",2009,7,70,7月 2009,72,-2.77777777777778
"Renfrew-Collingwood",2009,9,90,9月 2009,70,28.5714285714286
"Renfrew-Collingwood",2009,11,117,11月 2009,90,30
"Renfrew-Collingwood",2010,1,100,1月 2010,117,-14.5299145299145
"Renfrew-Collingwood",2010,3,101,3月 2010,100,1
"Renfrew-Collingwood",2010,5,107,5月 2010,101,5.94059405940594
"Renfrew-Collingwood",2010,7,70,7月 2010,107,-34.5794392523364
"Renfrew-Collingwood",2010,9,93,9月 2010,70,32.8571428571429
"Renfrew-Collingwood",2010,11,106,11月 2010,93,13.9784946236559
"Renfrew-Collingwood",2011,1,79,1月 2011,106,-25.4716981132075
"Renfrew-Collingwood",2011,3,79,3月 2011,79,0
"Renfrew-Collingwood",2011,5,77,5月 2011,79,-2.53164556962025
"Renfrew-Collingwood",2011,7,79,7月 2011,77,2.5974025974026
"Renfrew-Collingwood",2011,9,70,9月 2011,79,-11.3924050632911
"Renfrew-Collingwood",2011,11,68,11月 2011,70,-2.85714285714286
"Renfrew-Collingwood",2012,1,91,1月 2012,68,33.8235294117647
"Renfrew-Collingwood",2012,3,98,3月 2012,91,7.69230769230769
"Renfrew-Collingwood",2012,5,100,5月 2012,98,2.04081632653061
"Renfrew-Collingwood",2012,7,82,7月 2012,100,-18
"Renfrew-Collingwood",2012,9,76,9月 2012,82,-7.31707317073171
"Renfrew-Collingwood",2012,11,64,11月 2012,76,-15.7894736842105
"Renfrew-Collingwood",2013,1,75,1月 2013,64,17.1875
"Renfrew-Collingwood",2013,3,71,3月 2013,75,-5.33333333333333
"Renfrew-Collingwood",2013,5,104,5月 2013,71,46.4788732394366
"Renfrew-Collingwood",2013,7,56,7月 2013,104,-46.1538461538462
"Renfrew-Collingwood",2013,9,56,9月 2013,56,0
"Renfrew-Collingwood",2013,11,95,11月 2013,56,69.6428571428571
"Renfrew-Collingwood",2014,1,99,1月 2014,95,4.21052631578947
"Renfrew-Collingwood",2014,3,72,3月 2014,99,-27.2727272727273
"Renfrew-Collingwood",2014,5,95,5月 2014,72,31.9444444444444
"Renfrew-Collingwood",2014,7,92,7月 2014,95,-3.15789473684211
"Renfrew-Collingwood",2014,9,98,9月 2014,92,6.52173913043478
"Renfrew-Collingwood",2014,11,91,11月 2014,98,-7.14285714285714
"Renfrew-Collingwood",2015,1,113,1月 2015,91,24.1758241758242
"Renfrew-Collingwood",2015,3,82,3月 2015,113,-27.4336283185841
"Renfrew-Collingwood",2015,5,79,5月 2015,82,-3.65853658536585
"Renfrew-Collingwood",2015,7,71,7月 2015,79,-10.126582278481
"Renfrew-Collingwood",2015,9,68,9月 2015,71,-4.22535211267606
"Renfrew-Collingwood",2015,11,101,11月 2015,68,48.5294117647059
"Renfrew-Collingwood",2016,1,143,1月 2016,101,41.5841584158416
"Renfrew-Collingwood",2016,3,91,3月 2016,143,-36.3636363636364
"Renfrew-Collingwood",2016,5,94,5月 2016,91,3.2967032967033
"Renfrew-Collingwood",2016,7,77,7月 2016,94,-18.0851063829787
"Renfrew-Collingwood",2016,9,75,9月 2016,77,-2.5974025974026
"Renfrew-Collingwood",2016,11,87,11月 2016,75,16
"Renfrew-Collingwood",2017,1,74,1月 2017,87,-14.9425287356322
"Renfrew-Collingwood",2017,3,90,3月 2017,74,21.6216216216216
"Renfrew-Collingwood",2017,5,101,5月 2017,90,12.2222222222222
"Renfrew-Collingwood",2017,7,94,7月 2017,101,-6.93069306930693
"Renfrew-Collingwood",2017,9,139,9月 2017,94,47.8723404255319
"Renfrew-Collingwood",2017,11,167,11月 2017,139,20.1438848920863
"Renfrew-Collingwood",2018,1,150,1月 2018,167,-10.1796407185629
"Renfrew-Collingwood",2018,3,88,3月 2018,150,-41.3333333333333
"Renfrew-Collingwood",2018,5,71,5月 2018,88,-19.3181818181818
"Renfrew-Collingwood",2018,7,81,7月 2018,71,14.0845070422535
"Renfrew-Collingwood",2018,9,80,9月 2018,81,-1.23456790123457
"Renfrew-Collingwood",2018,11,110,11月 2018,80,37.5
"Renfrew-Collingwood",2019,1,111,1月 2019,110,0.909090909090909
"Renfrew-Collingwood",2019,3,94,3月 2019,111,-15.3153153153153
"Renfrew-Collingwood",2019,5,92,5月 2019,94,-2.12765957446809
"Renfrew-Collingwood",2019,7,74,7月 2019,92,-19.5652173913043
"Renfrew-Collingwood",2019,9,125,9月 2019,74,68.9189189189189
"Renfrew-Collingwood",2019,11,107,11月 2019,125,-14.4
"Renfrew-Collingwood",2020,1,107,1月 2020,107,0
"Renfrew-Collingwood",2020,3,133,3月 2020,107,24.2990654205607
"Renfrew-Collingwood",2020,5,71,5月 2020,133,-46.6165413533835
"Renfrew-Collingwood",2020,7,97,7月 2020,71,36.6197183098592
"Renfrew-Collingwood",2020,9,100,9月 2020,97,3.09278350515464
"Renfrew-Collingwood",2020,11,102,11月 2020,100,2
"Renfrew-Collingwood",2021,1,96,1月 2021,102,-5.88235294117647
"Renfrew-Collingwood",2021,3,78,3月 2021,96,-18.75
"Renfrew-Collingwood",2021,5,95,5月 2021,78,21.7948717948718
"Renfrew-Collingwood",2021,7,86,7月 2021,95,-9.47368421052632
"Renfrew-Collingwood",2021,9,78,9月 2021,86,-9.30232558139535
"Renfrew-Collingwood",2021,11,84,11月 2021,78,7.69230769230769
"Renfrew-Collingwood",2022,1,127,1月 2022,84,51.1904761904762
"Renfrew-Collingwood",2022,3,88,3月 2022,127,-30.7086614173228
"Renfrew-Collingwood",2022,5,80,5月 2022,88,-9.09090909090909
"Renfrew-Collingwood",2022,7,97,7月 2022,80,21.25
"Renfrew-Collingwood",2022,9,83,9月 2022,97,-14.4329896907216
"Renfrew-Collingwood",2022,11,111,11月 2022,83,33.7349397590361
"Renfrew-Collingwood",2023,1,93,1月 2023,111,-16.2162162162162
"Renfrew-Collingwood",2023,3,103,3月 2023,93,10.752688172043
"Renfrew-Collingwood",2023,5,90,5月 2023,103,-12.621359223301
"Renfrew-Collingwood",2023,7,100,7月 2023,90,11.1111111111111
"Renfrew-Collingwood",2023,9,114,9月 2023,100,14
"Renfrew-Collingwood",2023,11,111,11月 2023,114,-2.63157894736842
"Renfrew-Collingwood",2024,1,121,1月 2024,111,9.00900900900901
"Renfrew-Collingwood",2024,3,97,3月 2024,121,-19.8347107438017
"Renfrew-Collingwood",2024,5,117,5月 2024,97,20.6185567010309
"Renfrew-Collingwood",2024,7,101,7月 2024,117,-13.6752136752137
"Renfrew-Collingwood",2024,9,87,9月 2024,101,-13.8613861386139
"Renfrew-Collingwood",2024,11,101,11月 2024,87,16.0919540229885
"Renfrew-Collingwood",2025,1,112,1月 2025,101,10.8910891089109
"Renfrew-Collingwood",2025,3,37,3月 2025,112,-66.9642857142857
"Riley Park",2003,1,70,1月 2003,NA,NA
"Riley Park",2003,3,78,3月 2003,70,11.4285714285714
"Riley Park",2003,5,106,5月 2003,78,35.8974358974359
"Riley Park",2003,7,64,7月 2003,106,-39.622641509434
"Riley Park",2003,9,63,9月 2003,64,-1.5625
"Riley Park",2003,11,94,11月 2003,63,49.2063492063492
"Riley Park",2004,1,75,1月 2004,94,-20.2127659574468
"Riley Park",2004,3,68,3月 2004,75,-9.33333333333333
"Riley Park",2004,5,84,5月 2004,68,23.5294117647059
"Riley Park",2004,7,69,7月 2004,84,-17.8571428571429
"Riley Park",2004,9,81,9月 2004,69,17.3913043478261
"Riley Park",2004,11,81,11月 2004,81,0
"Riley Park",2005,1,76,1月 2005,81,-6.17283950617284
"Riley Park",2005,3,62,3月 2005,76,-18.4210526315789
"Riley Park",2005,5,71,5月 2005,62,14.5161290322581
"Riley Park",2005,7,77,7月 2005,71,8.45070422535211
"Riley Park",2005,9,59,9月 2005,77,-23.3766233766234
"Riley Park",2005,11,80,11月 2005,59,35.5932203389831
"Riley Park",2006,1,78,1月 2006,80,-2.5
"Riley Park",2006,3,77,3月 2006,78,-1.28205128205128
"Riley Park",2006,5,52,5月 2006,77,-32.4675324675325
"Riley Park",2006,7,77,7月 2006,52,48.0769230769231
"Riley Park",2006,9,51,9月 2006,77,-33.7662337662338
"Riley Park",2006,11,53,11月 2006,51,3.92156862745098
"Riley Park",2007,1,57,1月 2007,53,7.54716981132075
"Riley Park",2007,3,58,3月 2007,57,1.75438596491228
"Riley Park",2007,5,36,5月 2007,58,-37.9310344827586
"Riley Park",2007,7,60,7月 2007,36,66.6666666666667
"Riley Park",2007,9,49,9月 2007,60,-18.3333333333333
"Riley Park",2007,11,33,11月 2007,49,-32.6530612244898
"Riley Park",2008,1,32,1月 2008,33,-3.03030303030303
"Riley Park",2008,3,51,3月 2008,32,59.375
"Riley Park",2008,5,40,5月 2008,51,-21.5686274509804
"Riley Park",2008,7,32,7月 2008,40,-20
"Riley Park",2008,9,55,9月 2008,32,71.875
"Riley Park",2008,11,49,11月 2008,55,-10.9090909090909
"Riley Park",2009,1,30,1月 2009,49,-38.7755102040816
"Riley Park",2009,3,48,3月 2009,30,60
"Riley Park",2009,5,52,5月 2009,48,8.33333333333333
"Riley Park",2009,7,47,7月 2009,52,-9.61538461538461
"Riley Park",2009,9,37,9月 2009,47,-21.2765957446809
"Riley Park",2009,11,37,11月 2009,37,0
"Riley Park",2010,1,41,1月 2010,37,10.8108108108108
"Riley Park",2010,3,34,3月 2010,41,-17.0731707317073
"Riley Park",2010,5,20,5月 2010,34,-41.1764705882353
"Riley Park",2010,7,28,7月 2010,20,40
"Riley Park",2010,9,41,9月 2010,28,46.4285714285714
"Riley Park",2010,11,50,11月 2010,41,21.9512195121951
"Riley Park",2011,1,49,1月 2011,50,-2
"Riley Park",2011,3,39,3月 2011,49,-20.4081632653061
"Riley Park",2011,5,31,5月 2011,39,-20.5128205128205
"Riley Park",2011,7,36,7月 2011,31,16.1290322580645
"Riley Park",2011,9,38,9月 2011,36,5.55555555555556
"Riley Park",2011,11,42,11月 2011,38,10.5263157894737
"Riley Park",2012,1,34,1月 2012,42,-19.047619047619
"Riley Park",2012,3,37,3月 2012,34,8.82352941176471
"Riley Park",2012,5,39,5月 2012,37,5.40540540540541
"Riley Park",2012,7,34,7月 2012,39,-12.8205128205128
"Riley Park",2012,9,31,9月 2012,34,-8.82352941176471
"Riley Park",2012,11,65,11月 2012,31,109.677419354839
"Riley Park",2013,1,55,1月 2013,65,-15.3846153846154
"Riley Park",2013,3,28,3月 2013,55,-49.0909090909091
"Riley Park",2013,5,57,5月 2013,28,103.571428571429
"Riley Park",2013,7,52,7月 2013,57,-8.7719298245614
"Riley Park",2013,9,46,9月 2013,52,-11.5384615384615
"Riley Park",2013,11,47,11月 2013,46,2.17391304347826
"Riley Park",2014,1,47,1月 2014,47,0
"Riley Park",2014,3,32,3月 2014,47,-31.9148936170213
"Riley Park",2014,5,62,5月 2014,32,93.75
"Riley Park",2014,7,74,7月 2014,62,19.3548387096774
"Riley Park",2014,9,34,9月 2014,74,-54.0540540540541
"Riley Park",2014,11,36,11月 2014,34,5.88235294117647
"Riley Park",2015,1,57,1月 2015,36,58.3333333333333
"Riley Park",2015,3,35,3月 2015,57,-38.5964912280702
"Riley Park",2015,5,53,5月 2015,35,51.4285714285714
"Riley Park",2015,7,42,7月 2015,53,-20.7547169811321
"Riley Park",2015,9,39,9月 2015,42,-7.14285714285714
"Riley Park",2015,11,56,11月 2015,39,43.5897435897436
"Riley Park",2016,1,73,1月 2016,56,30.3571428571429
"Riley Park",2016,3,82,3月 2016,73,12.3287671232877
"Riley Park",2016,5,54,5月 2016,82,-34.1463414634146
"Riley Park",2016,7,39,7月 2016,54,-27.7777777777778
"Riley Park",2016,9,74,9月 2016,39,89.7435897435897
"Riley Park",2016,11,41,11月 2016,74,-44.5945945945946
"Riley Park",2017,1,46,1月 2017,41,12.1951219512195
"Riley Park",2017,3,50,3月 2017,46,8.69565217391304
"Riley Park",2017,5,57,5月 2017,50,14
"Riley Park",2017,7,57,7月 2017,57,0
"Riley Park",2017,9,50,9月 2017,57,-12.280701754386
"Riley Park",2017,11,60,11月 2017,50,20
"Riley Park",2018,1,62,1月 2018,60,3.33333333333333
"Riley Park",2018,3,46,3月 2018,62,-25.8064516129032
"Riley Park",2018,5,62,5月 2018,46,34.7826086956522
"Riley Park",2018,7,52,7月 2018,62,-16.1290322580645
"Riley Park",2018,9,48,9月 2018,52,-7.69230769230769
"Riley Park",2018,11,54,11月 2018,48,12.5
"Riley Park",2019,1,44,1月 2019,54,-18.5185185185185
"Riley Park",2019,3,45,3月 2019,44,2.27272727272727
"Riley Park",2019,5,73,5月 2019,45,62.2222222222222
"Riley Park",2019,7,75,7月 2019,73,2.73972602739726
"Riley Park",2019,9,63,9月 2019,75,-16
"Riley Park",2019,11,74,11月 2019,63,17.4603174603175
"Riley Park",2020,1,62,1月 2020,74,-16.2162162162162
"Riley Park",2020,3,54,3月 2020,62,-12.9032258064516
"Riley Park",2020,5,25,5月 2020,54,-53.7037037037037
"Riley Park",2020,7,32,7月 2020,25,28
"Riley Park",2020,9,38,9月 2020,32,18.75
"Riley Park",2020,11,45,11月 2020,38,18.4210526315789
"Riley Park",2021,1,54,1月 2021,45,20
"Riley Park",2021,3,38,3月 2021,54,-29.6296296296296
"Riley Park",2021,5,38,5月 2021,38,0
"Riley Park",2021,7,42,7月 2021,38,10.5263157894737
"Riley Park",2021,9,54,9月 2021,42,28.5714285714286
"Riley Park",2021,11,33,11月 2021,54,-38.8888888888889
"Riley Park",2022,1,29,1月 2022,33,-12.1212121212121
"Riley Park",2022,3,59,3月 2022,29,103.448275862069
"Riley Park",2022,5,26,5月 2022,59,-55.9322033898305
"Riley Park",2022,7,40,7月 2022,26,53.8461538461538
"Riley Park",2022,9,38,9月 2022,40,-5
"Riley Park",2022,11,33,11月 2022,38,-13.1578947368421
"Riley Park",2023,1,41,1月 2023,33,24.2424242424242
"Riley Park",2023,3,32,3月 2023,41,-21.9512195121951
"Riley Park",2023,5,34,5月 2023,32,6.25
"Riley Park",2023,7,39,7月 2023,34,14.7058823529412
"Riley Park",2023,9,48,9月 2023,39,23.0769230769231
"Riley Park",2023,11,24,11月 2023,48,-50
"Riley Park",2024,1,27,1月 2024,24,12.5
"Riley Park",2024,3,15,3月 2024,27,-44.4444444444444
"Riley Park",2024,5,30,5月 2024,15,100
"Riley Park",2024,7,29,7月 2024,30,-3.33333333333333
"Riley Park",2024,9,23,9月 2024,29,-20.6896551724138
"Riley Park",2024,11,18,11月 2024,23,-21.7391304347826
"Riley Park",2025,1,30,1月 2025,18,66.6666666666667
"Riley Park",2025,3,11,3月 2025,30,-63.3333333333333
"Shaughnessy",2003,1,34,1月 2003,NA,NA
"Shaughnessy",2003,3,26,3月 2003,34,-23.5294117647059
"Shaughnessy",2003,5,39,5月 2003,26,50
"Shaughnessy",2003,7,22,7月 2003,39,-43.5897435897436
"Shaughnessy",2003,9,26,9月 2003,22,18.1818181818182
"Shaughnessy",2003,11,36,11月 2003,26,38.4615384615385
"Shaughnessy",2004,1,30,1月 2004,36,-16.6666666666667
"Shaughnessy",2004,3,43,3月 2004,30,43.3333333333333
"Shaughnessy",2004,5,44,5月 2004,43,2.32558139534884
"Shaughnessy",2004,7,24,7月 2004,44,-45.4545454545455
"Shaughnessy",2004,9,35,9月 2004,24,45.8333333333333
"Shaughnessy",2004,11,39,11月 2004,35,11.4285714285714
"Shaughnessy",2005,1,41,1月 2005,39,5.12820512820513
"Shaughnessy",2005,3,28,3月 2005,41,-31.7073170731707
"Shaughnessy",2005,5,41,5月 2005,28,46.4285714285714
"Shaughnessy",2005,7,29,7月 2005,41,-29.2682926829268
"Shaughnessy",2005,9,20,9月 2005,29,-31.0344827586207
"Shaughnessy",2005,11,30,11月 2005,20,50
"Shaughnessy",2006,1,27,1月 2006,30,-10
"Shaughnessy",2006,3,32,3月 2006,27,18.5185185185185
"Shaughnessy",2006,5,14,5月 2006,32,-56.25
"Shaughnessy",2006,7,18,7月 2006,14,28.5714285714286
"Shaughnessy",2006,9,10,9月 2006,18,-44.4444444444444
"Shaughnessy",2006,11,17,11月 2006,10,70
"Shaughnessy",2007,1,19,1月 2007,17,11.7647058823529
"Shaughnessy",2007,3,11,3月 2007,19,-42.1052631578947
"Shaughnessy",2007,5,13,5月 2007,11,18.1818181818182
"Shaughnessy",2007,7,30,7月 2007,13,130.769230769231
"Shaughnessy",2007,9,18,9月 2007,30,-40
"Shaughnessy",2007,11,13,11月 2007,18,-27.7777777777778
"Shaughnessy",2008,1,10,1月 2008,13,-23.0769230769231
"Shaughnessy",2008,3,16,3月 2008,10,60
"Shaughnessy",2008,5,12,5月 2008,16,-25
"Shaughnessy",2008,7,16,7月 2008,12,33.3333333333333
"Shaughnessy",2008,9,10,9月 2008,16,-37.5
"Shaughnessy",2008,11,21,11月 2008,10,110
"Shaughnessy",2009,1,9,1月 2009,21,-57.1428571428571
"Shaughnessy",2009,3,9,3月 2009,9,0
"Shaughnessy",2009,5,14,5月 2009,9,55.5555555555556
"Shaughnessy",2009,7,12,7月 2009,14,-14.2857142857143
"Shaughnessy",2009,9,11,9月 2009,12,-8.33333333333333
"Shaughnessy",2009,11,15,11月 2009,11,36.3636363636364
"Shaughnessy",2010,1,16,1月 2010,15,6.66666666666667
"Shaughnessy",2010,3,15,3月 2010,16,-6.25
"Shaughnessy",2010,5,14,5月 2010,15,-6.66666666666667
"Shaughnessy",2010,7,17,7月 2010,14,21.4285714285714
"Shaughnessy",2010,9,6,9月 2010,17,-64.7058823529412
"Shaughnessy",2010,11,17,11月 2010,6,183.333333333333
"Shaughnessy",2011,1,7,1月 2011,17,-58.8235294117647
"Shaughnessy",2011,3,19,3月 2011,7,171.428571428571
"Shaughnessy",2011,5,25,5月 2011,19,31.5789473684211
"Shaughnessy",2011,7,22,7月 2011,25,-12
"Shaughnessy",2011,9,18,9月 2011,22,-18.1818181818182
"Shaughnessy",2011,11,13,11月 2011,18,-27.7777777777778
"Shaughnessy",2012,1,22,1月 2012,13,69.2307692307692
"Shaughnessy",2012,3,18,3月 2012,22,-18.1818181818182
"Shaughnessy",2012,5,25,5月 2012,18,38.8888888888889
"Shaughnessy",2012,7,20,7月 2012,25,-20
"Shaughnessy",2012,9,18,9月 2012,20,-10
"Shaughnessy",2012,11,20,11月 2012,18,11.1111111111111
"Shaughnessy",2013,1,18,1月 2013,20,-10
"Shaughnessy",2013,3,18,3月 2013,18,0
"Shaughnessy",2013,5,10,5月 2013,18,-44.4444444444444
"Shaughnessy",2013,7,13,7月 2013,10,30
"Shaughnessy",2013,9,8,9月 2013,13,-38.4615384615385
"Shaughnessy",2013,11,17,11月 2013,8,112.5
"Shaughnessy",2014,1,19,1月 2014,17,11.7647058823529
"Shaughnessy",2014,3,19,3月 2014,19,0
"Shaughnessy",2014,5,15,5月 2014,19,-21.0526315789474
"Shaughnessy",2014,7,28,7月 2014,15,86.6666666666667
"Shaughnessy",2014,9,33,9月 2014,28,17.8571428571429
"Shaughnessy",2014,11,19,11月 2014,33,-42.4242424242424
"Shaughnessy",2015,1,23,1月 2015,19,21.0526315789474
"Shaughnessy",2015,3,20,3月 2015,23,-13.0434782608696
"Shaughnessy",2015,5,14,5月 2015,20,-30
"Shaughnessy",2015,7,21,7月 2015,14,50
"Shaughnessy",2015,9,11,9月 2015,21,-47.6190476190476
"Shaughnessy",2015,11,27,11月 2015,11,145.454545454545
"Shaughnessy",2016,1,48,1月 2016,27,77.7777777777778
"Shaughnessy",2016,3,34,3月 2016,48,-29.1666666666667
"Shaughnessy",2016,5,17,5月 2016,34,-50
"Shaughnessy",2016,7,28,7月 2016,17,64.7058823529412
"Shaughnessy",2016,9,13,9月 2016,28,-53.5714285714286
"Shaughnessy",2016,11,21,11月 2016,13,61.5384615384615
"Shaughnessy",2017,1,21,1月 2017,21,0
"Shaughnessy",2017,3,19,3月 2017,21,-9.52380952380952
"Shaughnessy",2017,5,21,5月 2017,19,10.5263157894737
"Shaughnessy",2017,7,28,7月 2017,21,33.3333333333333
"Shaughnessy",2017,9,21,9月 2017,28,-25
"Shaughnessy",2017,11,15,11月 2017,21,-28.5714285714286
"Shaughnessy",2018,1,35,1月 2018,15,133.333333333333
"Shaughnessy",2018,3,18,3月 2018,35,-48.5714285714286
"Shaughnessy",2018,5,21,5月 2018,18,16.6666666666667
"Shaughnessy",2018,7,16,7月 2018,21,-23.8095238095238
"Shaughnessy",2018,9,23,9月 2018,16,43.75
"Shaughnessy",2018,11,30,11月 2018,23,30.4347826086957
"Shaughnessy",2019,1,23,1月 2019,30,-23.3333333333333
"Shaughnessy",2019,3,16,3月 2019,23,-30.4347826086957
"Shaughnessy",2019,5,19,5月 2019,16,18.75
"Shaughnessy",2019,7,19,7月 2019,19,0
"Shaughnessy",2019,9,19,9月 2019,19,0
"Shaughnessy",2019,11,22,11月 2019,19,15.7894736842105
"Shaughnessy",2020,1,30,1月 2020,22,36.3636363636364
"Shaughnessy",2020,3,28,3月 2020,30,-6.66666666666667
"Shaughnessy",2020,5,21,5月 2020,28,-25
"Shaughnessy",2020,7,34,7月 2020,21,61.9047619047619
"Shaughnessy",2020,9,30,9月 2020,34,-11.7647058823529
"Shaughnessy",2020,11,35,11月 2020,30,16.6666666666667
"Shaughnessy",2021,1,17,1月 2021,35,-51.4285714285714
"Shaughnessy",2021,3,9,3月 2021,17,-47.0588235294118
"Shaughnessy",2021,5,11,5月 2021,9,22.2222222222222
"Shaughnessy",2021,7,11,7月 2021,11,0
"Shaughnessy",2021,9,20,9月 2021,11,81.8181818181818
"Shaughnessy",2021,11,10,11月 2021,20,-50
"Shaughnessy",2022,1,16,1月 2022,10,60
"Shaughnessy",2022,3,17,3月 2022,16,6.25
"Shaughnessy",2022,5,8,5月 2022,17,-52.9411764705882
"Shaughnessy",2022,7,18,7月 2022,8,125
"Shaughnessy",2022,9,12,9月 2022,18,-33.3333333333333
"Shaughnessy",2022,11,7,11月 2022,12,-41.6666666666667
"Shaughnessy",2023,1,11,1月 2023,7,57.1428571428571
"Shaughnessy",2023,3,6,3月 2023,11,-45.4545454545455
"Shaughnessy",2023,5,11,5月 2023,6,83.3333333333333
"Shaughnessy",2023,7,8,7月 2023,11,-27.2727272727273
"Shaughnessy",2023,9,9,9月 2023,8,12.5
"Shaughnessy",2023,11,9,11月 2023,9,0
"Shaughnessy",2024,1,16,1月 2024,9,77.7777777777778
"Shaughnessy",2024,3,12,3月 2024,16,-25
"Shaughnessy",2024,5,7,5月 2024,12,-41.6666666666667
"Shaughnessy",2024,7,7,7月 2024,7,0
"Shaughnessy",2024,9,8,9月 2024,7,14.2857142857143
"Shaughnessy",2024,11,16,11月 2024,8,100
"Shaughnessy",2025,1,11,1月 2025,16,-31.25
"Shaughnessy",2025,3,2,3月 2025,11,-81.8181818181818
"South Cambie",2003,1,41,1月 2003,NA,NA
"South Cambie",2003,3,21,3月 2003,41,-48.780487804878
"South Cambie",2003,5,44,5月 2003,21,109.52380952381
"South Cambie",2003,7,35,7月 2003,44,-20.4545454545455
"South Cambie",2003,9,27,9月 2003,35,-22.8571428571429
"South Cambie",2003,11,37,11月 2003,27,37.037037037037
"South Cambie",2004,1,23,1月 2004,37,-37.8378378378378
"South Cambie",2004,3,38,3月 2004,23,65.2173913043478
"South Cambie",2004,5,28,5月 2004,38,-26.3157894736842
"South Cambie",2004,7,24,7月 2004,28,-14.2857142857143
"South Cambie",2004,9,28,9月 2004,24,16.6666666666667
"South Cambie",2004,11,39,11月 2004,28,39.2857142857143
"South Cambie",2005,1,36,1月 2005,39,-7.69230769230769
"South Cambie",2005,3,30,3月 2005,36,-16.6666666666667
"South Cambie",2005,5,45,5月 2005,30,50
"South Cambie",2005,7,27,7月 2005,45,-40
"South Cambie",2005,9,25,9月 2005,27,-7.40740740740741
"South Cambie",2005,11,20,11月 2005,25,-20
"South Cambie",2006,1,37,1月 2006,20,85
"South Cambie",2006,3,25,3月 2006,37,-32.4324324324324
"South Cambie",2006,5,16,5月 2006,25,-36
"South Cambie",2006,7,12,7月 2006,16,-25
"South Cambie",2006,9,30,9月 2006,12,150
"South Cambie",2006,11,21,11月 2006,30,-30
"South Cambie",2007,1,14,1月 2007,21,-33.3333333333333
"South Cambie",2007,3,16,3月 2007,14,14.2857142857143
"South Cambie",2007,5,32,5月 2007,16,100
"South Cambie",2007,7,14,7月 2007,32,-56.25
"South Cambie",2007,9,11,9月 2007,14,-21.4285714285714
"South Cambie",2007,11,19,11月 2007,11,72.7272727272727
"South Cambie",2008,1,20,1月 2008,19,5.26315789473684
"South Cambie",2008,3,12,3月 2008,20,-40
"South Cambie",2008,5,15,5月 2008,12,25
"South Cambie",2008,7,15,7月 2008,15,0
"South Cambie",2008,9,11,9月 2008,15,-26.6666666666667
"South Cambie",2008,11,26,11月 2008,11,136.363636363636
"South Cambie",2009,1,16,1月 2009,26,-38.4615384615385
"South Cambie",2009,3,29,3月 2009,16,81.25
"South Cambie",2009,5,21,5月 2009,29,-27.5862068965517
"South Cambie",2009,7,19,7月 2009,21,-9.52380952380952
"South Cambie",2009,9,23,9月 2009,19,21.0526315789474
"South Cambie",2009,11,9,11月 2009,23,-60.8695652173913
"South Cambie",2010,1,25,1月 2010,9,177.777777777778
"South Cambie",2010,3,28,3月 2010,25,12
"South Cambie",2010,5,21,5月 2010,28,-25
"South Cambie",2010,7,12,7月 2010,21,-42.8571428571429
"South Cambie",2010,9,16,9月 2010,12,33.3333333333333
"South Cambie",2010,11,17,11月 2010,16,6.25
"South Cambie",2011,1,11,1月 2011,17,-35.2941176470588
"South Cambie",2011,3,16,3月 2011,11,45.4545454545455
"South Cambie",2011,5,7,5月 2011,16,-56.25
"South Cambie",2011,7,21,7月 2011,7,200
"South Cambie",2011,9,15,9月 2011,21,-28.5714285714286
"South Cambie",2011,11,15,11月 2011,15,0
"South Cambie",2012,1,20,1月 2012,15,33.3333333333333
"South Cambie",2012,3,9,3月 2012,20,-55
"South Cambie",2012,5,10,5月 2012,9,11.1111111111111
"South Cambie",2012,7,10,7月 2012,10,0
"South Cambie",2012,9,16,9月 2012,10,60
"South Cambie",2012,11,21,11月 2012,16,31.25
"South Cambie",2013,1,16,1月 2013,21,-23.8095238095238
"South Cambie",2013,3,25,3月 2013,16,56.25
"South Cambie",2013,5,9,5月 2013,25,-64
"South Cambie",2013,7,16,7月 2013,9,77.7777777777778
"South Cambie",2013,9,16,9月 2013,16,0
"South Cambie",2013,11,24,11月 2013,16,50
"South Cambie",2014,1,37,1月 2014,24,54.1666666666667
"South Cambie",2014,3,24,3月 2014,37,-35.1351351351351
"South Cambie",2014,5,26,5月 2014,24,8.33333333333333
"South Cambie",2014,7,31,7月 2014,26,19.2307692307692
"South Cambie",2014,9,32,9月 2014,31,3.2258064516129
"South Cambie",2014,11,17,11月 2014,32,-46.875
"South Cambie",2015,1,25,1月 2015,17,47.0588235294118
"South Cambie",2015,3,21,3月 2015,25,-16
"South Cambie",2015,5,19,5月 2015,21,-9.52380952380952
"South Cambie",2015,7,22,7月 2015,19,15.7894736842105
"South Cambie",2015,9,17,9月 2015,22,-22.7272727272727
"South Cambie",2015,11,31,11月 2015,17,82.3529411764706
"South Cambie",2016,1,25,1月 2016,31,-19.3548387096774
"South Cambie",2016,3,21,3月 2016,25,-16
"South Cambie",2016,5,20,5月 2016,21,-4.76190476190476
"South Cambie",2016,7,21,7月 2016,20,5
"South Cambie",2016,9,26,9月 2016,21,23.8095238095238
"South Cambie",2016,11,14,11月 2016,26,-46.1538461538462
"South Cambie",2017,1,7,1月 2017,14,-50
"South Cambie",2017,3,16,3月 2017,7,128.571428571429
"South Cambie",2017,5,18,5月 2017,16,12.5
"South Cambie",2017,7,22,7月 2017,18,22.2222222222222
"South Cambie",2017,9,22,9月 2017,22,0
"South Cambie",2017,11,14,11月 2017,22,-36.3636363636364
"South Cambie",2018,1,19,1月 2018,14,35.7142857142857
"South Cambie",2018,3,17,3月 2018,19,-10.5263157894737
"South Cambie",2018,5,16,5月 2018,17,-5.88235294117647
"South Cambie",2018,7,20,7月 2018,16,25
"South Cambie",2018,9,15,9月 2018,20,-25
"South Cambie",2018,11,22,11月 2018,15,46.6666666666667
"South Cambie",2019,1,22,1月 2019,22,0
"South Cambie",2019,3,24,3月 2019,22,9.09090909090909
"South Cambie",2019,5,17,5月 2019,24,-29.1666666666667
"South Cambie",2019,7,20,7月 2019,17,17.6470588235294
"South Cambie",2019,9,22,9月 2019,20,10
"South Cambie",2019,11,25,11月 2019,22,13.6363636363636
"South Cambie",2020,1,24,1月 2020,25,-4
"South Cambie",2020,3,39,3月 2020,24,62.5
"South Cambie",2020,5,23,5月 2020,39,-41.025641025641
"South Cambie",2020,7,17,7月 2020,23,-26.0869565217391
"South Cambie",2020,9,21,9月 2020,17,23.5294117647059
"South Cambie",2020,11,36,11月 2020,21,71.4285714285714
"South Cambie",2021,1,17,1月 2021,36,-52.7777777777778
"South Cambie",2021,3,19,3月 2021,17,11.7647058823529
"South Cambie",2021,5,23,5月 2021,19,21.0526315789474
"South Cambie",2021,7,9,7月 2021,23,-60.8695652173913
"South Cambie",2021,9,21,9月 2021,9,133.333333333333
"South Cambie",2021,11,12,11月 2021,21,-42.8571428571429
"South Cambie",2022,1,5,1月 2022,12,-58.3333333333333
"South Cambie",2022,3,19,3月 2022,5,280
"South Cambie",2022,5,16,5月 2022,19,-15.7894736842105
"South Cambie",2022,7,22,7月 2022,16,37.5
"South Cambie",2022,9,15,9月 2022,22,-31.8181818181818
"South Cambie",2022,11,15,11月 2022,15,0
"South Cambie",2023,1,19,1月 2023,15,26.6666666666667
"South Cambie",2023,3,25,3月 2023,19,31.5789473684211
"South Cambie",2023,5,15,5月 2023,25,-40
"South Cambie",2023,7,13,7月 2023,15,-13.3333333333333
"South Cambie",2023,9,14,9月 2023,13,7.69230769230769
"South Cambie",2023,11,13,11月 2023,14,-7.14285714285714
"South Cambie",2024,1,15,1月 2024,13,15.3846153846154
"South Cambie",2024,3,25,3月 2024,15,66.6666666666667
"South Cambie",2024,5,16,5月 2024,25,-36
"South Cambie",2024,7,17,7月 2024,16,6.25
"South Cambie",2024,9,15,9月 2024,17,-11.7647058823529
"South Cambie",2024,11,8,11月 2024,15,-46.6666666666667
"South Cambie",2025,1,6,1月 2025,8,-25
"South Cambie",2025,3,7,3月 2025,6,16.6666666666667
"Strathcona",2003,1,138,1月 2003,NA,NA
"Strathcona",2003,3,132,3月 2003,138,-4.34782608695652
"Strathcona",2003,5,148,5月 2003,132,12.1212121212121
"Strathcona",2003,7,123,7月 2003,148,-16.8918918918919
"Strathcona",2003,9,154,9月 2003,123,25.2032520325203
"Strathcona",2003,11,165,11月 2003,154,7.14285714285714
"Strathcona",2004,1,128,1月 2004,165,-22.4242424242424
"Strathcona",2004,3,156,3月 2004,128,21.875
"Strathcona",2004,5,113,5月 2004,156,-27.5641025641026
"Strathcona",2004,7,136,7月 2004,113,20.353982300885
"Strathcona",2004,9,151,9月 2004,136,11.0294117647059
"Strathcona",2004,11,127,11月 2004,151,-15.8940397350993
"Strathcona",2005,1,149,1月 2005,127,17.3228346456693
"Strathcona",2005,3,121,3月 2005,149,-18.7919463087248
"Strathcona",2005,5,125,5月 2005,121,3.30578512396694
"Strathcona",2005,7,123,7月 2005,125,-1.6
"Strathcona",2005,9,125,9月 2005,123,1.6260162601626
"Strathcona",2005,11,130,11月 2005,125,4
"Strathcona",2006,1,101,1月 2006,130,-22.3076923076923
"Strathcona",2006,3,121,3月 2006,101,19.8019801980198
"Strathcona",2006,5,106,5月 2006,121,-12.396694214876
"Strathcona",2006,7,111,7月 2006,106,4.71698113207547
"Strathcona",2006,9,93,9月 2006,111,-16.2162162162162
"Strathcona",2006,11,82,11月 2006,93,-11.8279569892473
"Strathcona",2007,1,82,1月 2007,82,0
"Strathcona",2007,3,90,3月 2007,82,9.75609756097561
"Strathcona",2007,5,86,5月 2007,90,-4.44444444444444
"Strathcona",2007,7,101,7月 2007,86,17.4418604651163
"Strathcona",2007,9,81,9月 2007,101,-19.8019801980198
"Strathcona",2007,11,86,11月 2007,81,6.17283950617284
"Strathcona",2008,1,72,1月 2008,86,-16.2790697674419
"Strathcona",2008,3,91,3月 2008,72,26.3888888888889
"Strathcona",2008,5,90,5月 2008,91,-1.0989010989011
"Strathcona",2008,7,101,7月 2008,90,12.2222222222222
"Strathcona",2008,9,89,9月 2008,101,-11.8811881188119
"Strathcona",2008,11,95,11月 2008,89,6.74157303370786
"Strathcona",2009,1,95,1月 2009,95,0
"Strathcona",2009,3,71,3月 2009,95,-25.2631578947368
"Strathcona",2009,5,58,5月 2009,71,-18.3098591549296
"Strathcona",2009,7,82,7月 2009,58,41.3793103448276
"Strathcona",2009,9,70,9月 2009,82,-14.6341463414634
"Strathcona",2009,11,68,11月 2009,70,-2.85714285714286
"Strathcona",2010,1,70,1月 2010,68,2.94117647058824
"Strathcona",2010,3,62,3月 2010,70,-11.4285714285714
"Strathcona",2010,5,71,5月 2010,62,14.5161290322581
"Strathcona",2010,7,68,7月 2010,71,-4.22535211267606
"Strathcona",2010,9,73,9月 2010,68,7.35294117647059
"Strathcona",2010,11,56,11月 2010,73,-23.2876712328767
"Strathcona",2011,1,65,1月 2011,56,16.0714285714286
"Strathcona",2011,3,70,3月 2011,65,7.69230769230769
"Strathcona",2011,5,61,5月 2011,70,-12.8571428571429
"Strathcona",2011,7,64,7月 2011,61,4.91803278688525
"Strathcona",2011,9,87,9月 2011,64,35.9375
"Strathcona",2011,11,80,11月 2011,87,-8.04597701149425
"Strathcona",2012,1,78,1月 2012,80,-2.5
"Strathcona",2012,3,63,3月 2012,78,-19.2307692307692
"Strathcona",2012,5,72,5月 2012,63,14.2857142857143
"Strathcona",2012,7,71,7月 2012,72,-1.38888888888889
"Strathcona",2012,9,69,9月 2012,71,-2.8169014084507
"Strathcona",2012,11,105,11月 2012,69,52.1739130434783
"Strathcona",2013,1,75,1月 2013,105,-28.5714285714286
"Strathcona",2013,3,76,3月 2013,75,1.33333333333333
"Strathcona",2013,5,63,5月 2013,76,-17.1052631578947
"Strathcona",2013,7,76,7月 2013,63,20.6349206349206
"Strathcona",2013,9,70,9月 2013,76,-7.89473684210526
"Strathcona",2013,11,85,11月 2013,70,21.4285714285714
"Strathcona",2014,1,82,1月 2014,85,-3.52941176470588
"Strathcona",2014,3,77,3月 2014,82,-6.09756097560976
"Strathcona",2014,5,90,5月 2014,77,16.8831168831169
"Strathcona",2014,7,102,7月 2014,90,13.3333333333333
"Strathcona",2014,9,116,9月 2014,102,13.7254901960784
"Strathcona",2014,11,112,11月 2014,116,-3.44827586206897
"Strathcona",2015,1,91,1月 2015,112,-18.75
"Strathcona",2015,3,71,3月 2015,91,-21.978021978022
"Strathcona",2015,5,80,5月 2015,71,12.6760563380282
"Strathcona",2015,7,118,7月 2015,80,47.5
"Strathcona",2015,9,85,9月 2015,118,-27.9661016949153
"Strathcona",2015,11,115,11月 2015,85,35.2941176470588
"Strathcona",2016,1,132,1月 2016,115,14.7826086956522
"Strathcona",2016,3,126,3月 2016,132,-4.54545454545455
"Strathcona",2016,5,108,5月 2016,126,-14.2857142857143
"Strathcona",2016,7,123,7月 2016,108,13.8888888888889
"Strathcona",2016,9,115,9月 2016,123,-6.50406504065041
"Strathcona",2016,11,114,11月 2016,115,-0.869565217391304
"Strathcona",2017,1,78,1月 2017,114,-31.5789473684211
"Strathcona",2017,3,117,3月 2017,78,50
"Strathcona",2017,5,117,5月 2017,117,0
"Strathcona",2017,7,96,7月 2017,117,-17.9487179487179
"Strathcona",2017,9,99,9月 2017,96,3.125
"Strathcona",2017,11,152,11月 2017,99,53.5353535353535
"Strathcona",2018,1,149,1月 2018,152,-1.97368421052632
"Strathcona",2018,3,109,3月 2018,149,-26.8456375838926
"Strathcona",2018,5,88,5月 2018,109,-19.2660550458716
"Strathcona",2018,7,112,7月 2018,88,27.2727272727273
"Strathcona",2018,9,114,9月 2018,112,1.78571428571429
"Strathcona",2018,11,127,11月 2018,114,11.4035087719298
"Strathcona",2019,1,128,1月 2019,127,0.78740157480315
"Strathcona",2019,3,100,3月 2019,128,-21.875
"Strathcona",2019,5,90,5月 2019,100,-10
"Strathcona",2019,7,150,7月 2019,90,66.6666666666667
"Strathcona",2019,9,145,9月 2019,150,-3.33333333333333
"Strathcona",2019,11,131,11月 2019,145,-9.6551724137931
"Strathcona",2020,1,141,1月 2020,131,7.63358778625954
"Strathcona",2020,3,142,3月 2020,141,0.709219858156028
"Strathcona",2020,5,78,5月 2020,142,-45.0704225352113
"Strathcona",2020,7,131,7月 2020,78,67.9487179487179
"Strathcona",2020,9,111,9月 2020,131,-15.2671755725191
"Strathcona",2020,11,102,11月 2020,111,-8.10810810810811
"Strathcona",2021,1,114,1月 2021,102,11.7647058823529
"Strathcona",2021,3,80,3月 2021,114,-29.8245614035088
"Strathcona",2021,5,72,5月 2021,80,-10
"Strathcona",2021,7,65,7月 2021,72,-9.72222222222222
"Strathcona",2021,9,87,9月 2021,65,33.8461538461538
"Strathcona",2021,11,102,11月 2021,87,17.2413793103448
"Strathcona",2022,1,88,1月 2022,102,-13.7254901960784
"Strathcona",2022,3,102,3月 2022,88,15.9090909090909
"Strathcona",2022,5,91,5月 2022,102,-10.7843137254902
"Strathcona",2022,7,95,7月 2022,91,4.3956043956044
"Strathcona",2022,9,112,9月 2022,95,17.8947368421053
"Strathcona",2022,11,69,11月 2022,112,-38.3928571428571
"Strathcona",2023,1,98,1月 2023,69,42.0289855072464
"Strathcona",2023,3,119,3月 2023,98,21.4285714285714
"Strathcona",2023,5,83,5月 2023,119,-30.2521008403361
"Strathcona",2023,7,85,7月 2023,83,2.40963855421687
"Strathcona",2023,9,102,9月 2023,85,20
"Strathcona",2023,11,87,11月 2023,102,-14.7058823529412
"Strathcona",2024,1,77,1月 2024,87,-11.4942528735632
"Strathcona",2024,3,61,3月 2024,77,-20.7792207792208
"Strathcona",2024,5,89,5月 2024,61,45.9016393442623
"Strathcona",2024,7,82,7月 2024,89,-7.86516853932584
"Strathcona",2024,9,80,9月 2024,82,-2.4390243902439
"Strathcona",2024,11,61,11月 2024,80,-23.75
"Strathcona",2025,1,60,1月 2025,61,-1.63934426229508
"Strathcona",2025,3,38,3月 2025,60,-36.6666666666667
"Sunset",2003,1,113,1月 2003,NA,NA
"Sunset",2003,3,102,3月 2003,113,-9.73451327433628
"Sunset",2003,5,133,5月 2003,102,30.3921568627451
"Sunset",2003,7,93,7月 2003,133,-30.0751879699248
"Sunset",2003,9,90,9月 2003,93,-3.2258064516129
"Sunset",2003,11,131,11月 2003,90,45.5555555555556
"Sunset",2004,1,115,1月 2004,131,-12.2137404580153
"Sunset",2004,3,107,3月 2004,115,-6.95652173913043
"Sunset",2004,5,114,5月 2004,107,6.54205607476636
"Sunset",2004,7,85,7月 2004,114,-25.4385964912281
"Sunset",2004,9,108,9月 2004,85,27.0588235294118
"Sunset",2004,11,130,11月 2004,108,20.3703703703704
"Sunset",2005,1,122,1月 2005,130,-6.15384615384615
"Sunset",2005,3,126,3月 2005,122,3.27868852459016
"Sunset",2005,5,103,5月 2005,126,-18.2539682539683
"Sunset",2005,7,104,7月 2005,103,0.970873786407767
"Sunset",2005,9,90,9月 2005,104,-13.4615384615385
"Sunset",2005,11,119,11月 2005,90,32.2222222222222
"Sunset",2006,1,133,1月 2006,119,11.7647058823529
"Sunset",2006,3,140,3月 2006,133,5.26315789473684
"Sunset",2006,5,119,5月 2006,140,-15
"Sunset",2006,7,110,7月 2006,119,-7.56302521008403
"Sunset",2006,9,78,9月 2006,110,-29.0909090909091
"Sunset",2006,11,85,11月 2006,78,8.97435897435897
"Sunset",2007,1,100,1月 2007,85,17.6470588235294
"Sunset",2007,3,73,3月 2007,100,-27
"Sunset",2007,5,67,5月 2007,73,-8.21917808219178
"Sunset",2007,7,81,7月 2007,67,20.8955223880597
"Sunset",2007,9,97,9月 2007,81,19.7530864197531
"Sunset",2007,11,72,11月 2007,97,-25.7731958762887
"Sunset",2008,1,87,1月 2008,72,20.8333333333333
"Sunset",2008,3,73,3月 2008,87,-16.0919540229885
"Sunset",2008,5,51,5月 2008,73,-30.1369863013699
"Sunset",2008,7,67,7月 2008,51,31.3725490196078
"Sunset",2008,9,54,9月 2008,67,-19.4029850746269
"Sunset",2008,11,67,11月 2008,54,24.0740740740741
"Sunset",2009,1,55,1月 2009,67,-17.910447761194
"Sunset",2009,3,51,3月 2009,55,-7.27272727272727
"Sunset",2009,5,52,5月 2009,51,1.96078431372549
"Sunset",2009,7,46,7月 2009,52,-11.5384615384615
"Sunset",2009,9,60,9月 2009,46,30.4347826086957
"Sunset",2009,11,71,11月 2009,60,18.3333333333333
"Sunset",2010,1,75,1月 2010,71,5.63380281690141
"Sunset",2010,3,47,3月 2010,75,-37.3333333333333
"Sunset",2010,5,70,5月 2010,47,48.936170212766
"Sunset",2010,7,51,7月 2010,70,-27.1428571428571
"Sunset",2010,9,82,9月 2010,51,60.7843137254902
"Sunset",2010,11,55,11月 2010,82,-32.9268292682927
"Sunset",2011,1,50,1月 2011,55,-9.09090909090909
"Sunset",2011,3,35,3月 2011,50,-30
"Sunset",2011,5,38,5月 2011,35,8.57142857142857
"Sunset",2011,7,44,7月 2011,38,15.7894736842105
"Sunset",2011,9,41,9月 2011,44,-6.81818181818182
"Sunset",2011,11,29,11月 2011,41,-29.2682926829268
"Sunset",2012,1,34,1月 2012,29,17.2413793103448
"Sunset",2012,3,51,3月 2012,34,50
"Sunset",2012,5,36,5月 2012,51,-29.4117647058824
"Sunset",2012,7,42,7月 2012,36,16.6666666666667
"Sunset",2012,9,50,9月 2012,42,19.047619047619
"Sunset",2012,11,80,11月 2012,50,60
"Sunset",2013,1,55,1月 2013,80,-31.25
"Sunset",2013,3,57,3月 2013,55,3.63636363636364
"Sunset",2013,5,44,5月 2013,57,-22.8070175438597
"Sunset",2013,7,45,7月 2013,44,2.27272727272727
"Sunset",2013,9,33,9月 2013,45,-26.6666666666667
"Sunset",2013,11,49,11月 2013,33,48.4848484848485
"Sunset",2014,1,52,1月 2014,49,6.12244897959184
"Sunset",2014,3,61,3月 2014,52,17.3076923076923
"Sunset",2014,5,55,5月 2014,61,-9.83606557377049
"Sunset",2014,7,41,7月 2014,55,-25.4545454545455
"Sunset",2014,9,34,9月 2014,41,-17.0731707317073
"Sunset",2014,11,39,11月 2014,34,14.7058823529412
"Sunset",2015,1,29,1月 2015,39,-25.6410256410256
"Sunset",2015,3,48,3月 2015,29,65.5172413793103
"Sunset",2015,5,33,5月 2015,48,-31.25
"Sunset",2015,7,42,7月 2015,33,27.2727272727273
"Sunset",2015,9,45,9月 2015,42,7.14285714285714
"Sunset",2015,11,60,11月 2015,45,33.3333333333333
"Sunset",2016,1,53,1月 2016,60,-11.6666666666667
"Sunset",2016,3,64,3月 2016,53,20.7547169811321
"Sunset",2016,5,56,5月 2016,64,-12.5
"Sunset",2016,7,58,7月 2016,56,3.57142857142857
"Sunset",2016,9,44,9月 2016,58,-24.1379310344828
"Sunset",2016,11,36,11月 2016,44,-18.1818181818182
"Sunset",2017,1,43,1月 2017,36,19.4444444444444
"Sunset",2017,3,49,3月 2017,43,13.953488372093
"Sunset",2017,5,38,5月 2017,49,-22.4489795918367
"Sunset",2017,7,48,7月 2017,38,26.3157894736842
"Sunset",2017,9,51,9月 2017,48,6.25
"Sunset",2017,11,44,11月 2017,51,-13.7254901960784
"Sunset",2018,1,66,1月 2018,44,50
"Sunset",2018,3,58,3月 2018,66,-12.1212121212121
"Sunset",2018,5,68,5月 2018,58,17.2413793103448
"Sunset",2018,7,72,7月 2018,68,5.88235294117647
"Sunset",2018,9,43,9月 2018,72,-40.2777777777778
"Sunset",2018,11,51,11月 2018,43,18.6046511627907
"Sunset",2019,1,79,1月 2019,51,54.9019607843137
"Sunset",2019,3,48,3月 2019,79,-39.2405063291139
"Sunset",2019,5,56,5月 2019,48,16.6666666666667
"Sunset",2019,7,58,7月 2019,56,3.57142857142857
"Sunset",2019,9,61,9月 2019,58,5.17241379310345
"Sunset",2019,11,61,11月 2019,61,0
"Sunset",2020,1,101,1月 2020,61,65.5737704918033
"Sunset",2020,3,65,3月 2020,101,-35.6435643564356
"Sunset",2020,5,27,5月 2020,65,-58.4615384615385
"Sunset",2020,7,36,7月 2020,27,33.3333333333333
"Sunset",2020,9,46,9月 2020,36,27.7777777777778
"Sunset",2020,11,41,11月 2020,46,-10.8695652173913
"Sunset",2021,1,44,1月 2021,41,7.31707317073171
"Sunset",2021,3,42,3月 2021,44,-4.54545454545455
"Sunset",2021,5,55,5月 2021,42,30.952380952381
"Sunset",2021,7,39,7月 2021,55,-29.0909090909091
"Sunset",2021,9,49,9月 2021,39,25.6410256410256
"Sunset",2021,11,44,11月 2021,49,-10.2040816326531
"Sunset",2022,1,62,1月 2022,44,40.9090909090909
"Sunset",2022,3,96,3月 2022,62,54.8387096774194
"Sunset",2022,5,80,5月 2022,96,-16.6666666666667
"Sunset",2022,7,69,7月 2022,80,-13.75
"Sunset",2022,9,72,9月 2022,69,4.34782608695652
"Sunset",2022,11,65,11月 2022,72,-9.72222222222222
"Sunset",2023,1,93,1月 2023,65,43.0769230769231
"Sunset",2023,3,74,3月 2023,93,-20.4301075268817
"Sunset",2023,5,78,5月 2023,74,5.40540540540541
"Sunset",2023,7,54,7月 2023,78,-30.7692307692308
"Sunset",2023,9,45,9月 2023,54,-16.6666666666667
"Sunset",2023,11,52,11月 2023,45,15.5555555555556
"Sunset",2024,1,58,1月 2024,52,11.5384615384615
"Sunset",2024,3,70,3月 2024,58,20.6896551724138
"Sunset",2024,5,65,5月 2024,70,-7.14285714285714
"Sunset",2024,7,59,7月 2024,65,-9.23076923076923
"Sunset",2024,9,53,9月 2024,59,-10.1694915254237
"Sunset",2024,11,37,11月 2024,53,-30.188679245283
"Sunset",2025,1,50,1月 2025,37,35.1351351351351
"Sunset",2025,3,24,3月 2025,50,-52
"Victoria-Fraserview",2003,1,70,1月 2003,NA,NA
"Victoria-Fraserview",2003,3,71,3月 2003,70,1.42857142857143
"Victoria-Fraserview",2003,5,67,5月 2003,71,-5.63380281690141
"Victoria-Fraserview",2003,7,45,7月 2003,67,-32.8358208955224
"Victoria-Fraserview",2003,9,58,9月 2003,45,28.8888888888889
"Victoria-Fraserview",2003,11,81,11月 2003,58,39.6551724137931
"Victoria-Fraserview",2004,1,66,1月 2004,81,-18.5185185185185
"Victoria-Fraserview",2004,3,80,3月 2004,66,21.2121212121212
"Victoria-Fraserview",2004,5,91,5月 2004,80,13.75
"Victoria-Fraserview",2004,7,63,7月 2004,91,-30.7692307692308
"Victoria-Fraserview",2004,9,70,9月 2004,63,11.1111111111111
"Victoria-Fraserview",2004,11,93,11月 2004,70,32.8571428571429
"Victoria-Fraserview",2005,1,86,1月 2005,93,-7.52688172043011
"Victoria-Fraserview",2005,3,73,3月 2005,86,-15.1162790697674
"Victoria-Fraserview",2005,5,65,5月 2005,73,-10.958904109589
"Victoria-Fraserview",2005,7,63,7月 2005,65,-3.07692307692308
"Victoria-Fraserview",2005,9,86,9月 2005,63,36.5079365079365
"Victoria-Fraserview",2005,11,59,11月 2005,86,-31.3953488372093
"Victoria-Fraserview",2006,1,71,1月 2006,59,20.3389830508475
"Victoria-Fraserview",2006,3,75,3月 2006,71,5.63380281690141
"Victoria-Fraserview",2006,5,53,5月 2006,75,-29.3333333333333
"Victoria-Fraserview",2006,7,48,7月 2006,53,-9.43396226415094
"Victoria-Fraserview",2006,9,48,9月 2006,48,0
"Victoria-Fraserview",2006,11,57,11月 2006,48,18.75
"Victoria-Fraserview",2007,1,52,1月 2007,57,-8.7719298245614
"Victoria-Fraserview",2007,3,31,3月 2007,52,-40.3846153846154
"Victoria-Fraserview",2007,5,36,5月 2007,31,16.1290322580645
"Victoria-Fraserview",2007,7,36,7月 2007,36,0
"Victoria-Fraserview",2007,9,24,9月 2007,36,-33.3333333333333
"Victoria-Fraserview",2007,11,49,11月 2007,24,104.166666666667
"Victoria-Fraserview",2008,1,52,1月 2008,49,6.12244897959184
"Victoria-Fraserview",2008,3,47,3月 2008,52,-9.61538461538461
"Victoria-Fraserview",2008,5,32,5月 2008,47,-31.9148936170213
"Victoria-Fraserview",2008,7,36,7月 2008,32,12.5
"Victoria-Fraserview",2008,9,22,9月 2008,36,-38.8888888888889
"Victoria-Fraserview",2008,11,47,11月 2008,22,113.636363636364
"Victoria-Fraserview",2009,1,36,1月 2009,47,-23.4042553191489
"Victoria-Fraserview",2009,3,29,3月 2009,36,-19.4444444444444
"Victoria-Fraserview",2009,5,29,5月 2009,29,0
"Victoria-Fraserview",2009,7,39,7月 2009,29,34.4827586206897
"Victoria-Fraserview",2009,9,30,9月 2009,39,-23.0769230769231
"Victoria-Fraserview",2009,11,45,11月 2009,30,50
"Victoria-Fraserview",2010,1,39,1月 2010,45,-13.3333333333333
"Victoria-Fraserview",2010,3,35,3月 2010,39,-10.2564102564103
"Victoria-Fraserview",2010,5,20,5月 2010,35,-42.8571428571429
"Victoria-Fraserview",2010,7,36,7月 2010,20,80
"Victoria-Fraserview",2010,9,34,9月 2010,36,-5.55555555555556
"Victoria-Fraserview",2010,11,39,11月 2010,34,14.7058823529412
"Victoria-Fraserview",2011,1,68,1月 2011,39,74.3589743589744
"Victoria-Fraserview",2011,3,26,3月 2011,68,-61.7647058823529
"Victoria-Fraserview",2011,5,30,5月 2011,26,15.3846153846154
"Victoria-Fraserview",2011,7,31,7月 2011,30,3.33333333333333
"Victoria-Fraserview",2011,9,34,9月 2011,31,9.67741935483871
"Victoria-Fraserview",2011,11,45,11月 2011,34,32.3529411764706
"Victoria-Fraserview",2012,1,38,1月 2012,45,-15.5555555555556
"Victoria-Fraserview",2012,3,35,3月 2012,38,-7.89473684210526
"Victoria-Fraserview",2012,5,23,5月 2012,35,-34.2857142857143
"Victoria-Fraserview",2012,7,35,7月 2012,23,52.1739130434783
"Victoria-Fraserview",2012,9,23,9月 2012,35,-34.2857142857143
"Victoria-Fraserview",2012,11,27,11月 2012,23,17.3913043478261
"Victoria-Fraserview",2013,1,31,1月 2013,27,14.8148148148148
"Victoria-Fraserview",2013,3,34,3月 2013,31,9.67741935483871
"Victoria-Fraserview",2013,5,38,5月 2013,34,11.7647058823529
"Victoria-Fraserview",2013,7,16,7月 2013,38,-57.8947368421053
"Victoria-Fraserview",2013,9,24,9月 2013,16,50
"Victoria-Fraserview",2013,11,42,11月 2013,24,75
"Victoria-Fraserview",2014,1,34,1月 2014,42,-19.047619047619
"Victoria-Fraserview",2014,3,43,3月 2014,34,26.4705882352941
"Victoria-Fraserview",2014,5,40,5月 2014,43,-6.97674418604651
"Victoria-Fraserview",2014,7,26,7月 2014,40,-35
"Victoria-Fraserview",2014,9,27,9月 2014,26,3.84615384615385
"Victoria-Fraserview",2014,11,30,11月 2014,27,11.1111111111111
"Victoria-Fraserview",2015,1,39,1月 2015,30,30
"Victoria-Fraserview",2015,3,34,3月 2015,39,-12.8205128205128
"Victoria-Fraserview",2015,5,20,5月 2015,34,-41.1764705882353
"Victoria-Fraserview",2015,7,33,7月 2015,20,65
"Victoria-Fraserview",2015,9,28,9月 2015,33,-15.1515151515152
"Victoria-Fraserview",2015,11,48,11月 2015,28,71.4285714285714
"Victoria-Fraserview",2016,1,34,1月 2016,48,-29.1666666666667
"Victoria-Fraserview",2016,3,28,3月 2016,34,-17.6470588235294
"Victoria-Fraserview",2016,5,25,5月 2016,28,-10.7142857142857
"Victoria-Fraserview",2016,7,34,7月 2016,25,36
"Victoria-Fraserview",2016,9,30,9月 2016,34,-11.7647058823529
"Victoria-Fraserview",2016,11,40,11月 2016,30,33.3333333333333
"Victoria-Fraserview",2017,1,30,1月 2017,40,-25
"Victoria-Fraserview",2017,3,31,3月 2017,30,3.33333333333333
"Victoria-Fraserview",2017,5,34,5月 2017,31,9.67741935483871
"Victoria-Fraserview",2017,7,45,7月 2017,34,32.3529411764706
"Victoria-Fraserview",2017,9,39,9月 2017,45,-13.3333333333333
"Victoria-Fraserview",2017,11,43,11月 2017,39,10.2564102564103
"Victoria-Fraserview",2018,1,32,1月 2018,43,-25.5813953488372
"Victoria-Fraserview",2018,3,40,3月 2018,32,25
"Victoria-Fraserview",2018,5,32,5月 2018,40,-20
"Victoria-Fraserview",2018,7,32,7月 2018,32,0
"Victoria-Fraserview",2018,9,30,9月 2018,32,-6.25
"Victoria-Fraserview",2018,11,37,11月 2018,30,23.3333333333333
"Victoria-Fraserview",2019,1,39,1月 2019,37,5.40540540540541
"Victoria-Fraserview",2019,3,38,3月 2019,39,-2.56410256410256
"Victoria-Fraserview",2019,5,38,5月 2019,38,0
"Victoria-Fraserview",2019,7,39,7月 2019,38,2.63157894736842
"Victoria-Fraserview",2019,9,39,9月 2019,39,0
"Victoria-Fraserview",2019,11,32,11月 2019,39,-17.9487179487179
"Victoria-Fraserview",2020,1,50,1月 2020,32,56.25
"Victoria-Fraserview",2020,3,36,3月 2020,50,-28
"Victoria-Fraserview",2020,5,23,5月 2020,36,-36.1111111111111
"Victoria-Fraserview",2020,7,24,7月 2020,23,4.34782608695652
"Victoria-Fraserview",2020,9,25,9月 2020,24,4.16666666666667
"Victoria-Fraserview",2020,11,30,11月 2020,25,20
"Victoria-Fraserview",2021,1,26,1月 2021,30,-13.3333333333333
"Victoria-Fraserview",2021,3,22,3月 2021,26,-15.3846153846154
"Victoria-Fraserview",2021,5,30,5月 2021,22,36.3636363636364
"Victoria-Fraserview",2021,7,35,7月 2021,30,16.6666666666667
"Victoria-Fraserview",2021,9,21,9月 2021,35,-40
"Victoria-Fraserview",2021,11,24,11月 2021,21,14.2857142857143
"Victoria-Fraserview",2022,1,32,1月 2022,24,33.3333333333333
"Victoria-Fraserview",2022,3,34,3月 2022,32,6.25
"Victoria-Fraserview",2022,5,28,5月 2022,34,-17.6470588235294
"Victoria-Fraserview",2022,7,28,7月 2022,28,0
"Victoria-Fraserview",2022,9,36,9月 2022,28,28.5714285714286
"Victoria-Fraserview",2022,11,28,11月 2022,36,-22.2222222222222
"Victoria-Fraserview",2023,1,32,1月 2023,28,14.2857142857143
"Victoria-Fraserview",2023,3,27,3月 2023,32,-15.625
"Victoria-Fraserview",2023,5,28,5月 2023,27,3.7037037037037
"Victoria-Fraserview",2023,7,18,7月 2023,28,-35.7142857142857
"Victoria-Fraserview",2023,9,28,9月 2023,18,55.5555555555556
"Victoria-Fraserview",2023,11,28,11月 2023,28,0
"Victoria-Fraserview",2024,1,29,1月 2024,28,3.57142857142857
"Victoria-Fraserview",2024,3,32,3月 2024,29,10.3448275862069
"Victoria-Fraserview",2024,5,26,5月 2024,32,-18.75
"Victoria-Fraserview",2024,7,36,7月 2024,26,38.4615384615385
"Victoria-Fraserview",2024,9,20,9月 2024,36,-44.4444444444444
"Victoria-Fraserview",2024,11,27,11月 2024,20,35
"Victoria-Fraserview",2025,1,24,1月 2025,27,-11.1111111111111
"Victoria-Fraserview",2025,3,13,3月 2025,24,-45.8333333333333
"West End",2003,1,360,1月 2003,NA,NA
"West End",2003,3,357,3月 2003,360,-0.833333333333333
"West End",2003,5,326,5月 2003,357,-8.68347338935574
"West End",2003,7,327,7月 2003,326,0.306748466257669
"West End",2003,9,289,9月 2003,327,-11.6207951070336
"West End",2003,11,271,11月 2003,289,-6.22837370242215
"West End",2004,1,339,1月 2004,271,25.0922509225092
"West End",2004,3,269,3月 2004,339,-20.6489675516224
"West End",2004,5,276,5月 2004,269,2.60223048327138
"West End",2004,7,264,7月 2004,276,-4.34782608695652
"West End",2004,9,278,9月 2004,264,5.3030303030303
"West End",2004,11,272,11月 2004,278,-2.15827338129496
"West End",2005,1,227,1月 2005,272,-16.5441176470588
"West End",2005,3,252,3月 2005,227,11.0132158590308
"West End",2005,5,254,5月 2005,252,0.793650793650794
"West End",2005,7,226,7月 2005,254,-11.0236220472441
"West End",2005,9,209,9月 2005,226,-7.52212389380531
"West End",2005,11,209,11月 2005,209,0
"West End",2006,1,270,1月 2006,209,29.1866028708134
"West End",2006,3,179,3月 2006,270,-33.7037037037037
"West End",2006,5,182,5月 2006,179,1.67597765363128
"West End",2006,7,252,7月 2006,182,38.4615384615385
"West End",2006,9,229,9月 2006,252,-9.12698412698413
"West End",2006,11,201,11月 2006,229,-12.2270742358079
"West End",2007,1,263,1月 2007,201,30.8457711442786
"West End",2007,3,216,3月 2007,263,-17.8707224334601
"West End",2007,5,202,5月 2007,216,-6.48148148148148
"West End",2007,7,188,7月 2007,202,-6.93069306930693
"West End",2007,9,162,9月 2007,188,-13.8297872340426
"West End",2007,11,184,11月 2007,162,13.5802469135802
"West End",2008,1,181,1月 2008,184,-1.6304347826087
"West End",2008,3,250,3月 2008,181,38.121546961326
"West End",2008,5,188,5月 2008,250,-24.8
"West End",2008,7,195,7月 2008,188,3.72340425531915
"West End",2008,9,182,9月 2008,195,-6.66666666666667
"West End",2008,11,209,11月 2008,182,14.8351648351648
"West End",2009,1,196,1月 2009,209,-6.2200956937799
"West End",2009,3,133,3月 2009,196,-32.1428571428571
"West End",2009,5,151,5月 2009,133,13.5338345864662
"West End",2009,7,184,7月 2009,151,21.8543046357616
"West End",2009,9,141,9月 2009,184,-23.3695652173913
"West End",2009,11,146,11月 2009,141,3.54609929078014
"West End",2010,1,167,1月 2010,146,14.3835616438356
"West End",2010,3,169,3月 2010,167,1.19760479041916
"West End",2010,5,126,5月 2010,169,-25.4437869822485
"West End",2010,7,143,7月 2010,126,13.4920634920635
"West End",2010,9,156,9月 2010,143,9.09090909090909
"West End",2010,11,101,11月 2010,156,-35.2564102564103
"West End",2011,1,96,1月 2011,101,-4.95049504950495
"West End",2011,3,132,3月 2011,96,37.5
"West End",2011,5,101,5月 2011,132,-23.4848484848485
"West End",2011,7,200,7月 2011,101,98.019801980198
"West End",2011,9,124,9月 2011,200,-38
"West End",2011,11,117,11月 2011,124,-5.64516129032258
"West End",2012,1,146,1月 2012,117,24.7863247863248
"West End",2012,3,121,3月 2012,146,-17.1232876712329
"West End",2012,5,124,5月 2012,121,2.47933884297521
"West End",2012,7,128,7月 2012,124,3.2258064516129
"West End",2012,9,119,9月 2012,128,-7.03125
"West End",2012,11,149,11月 2012,119,25.2100840336134
"West End",2013,1,112,1月 2013,149,-24.8322147651007
"West End",2013,3,144,3月 2013,112,28.5714285714286
"West End",2013,5,140,5月 2013,144,-2.77777777777778
"West End",2013,7,150,7月 2013,140,7.14285714285714
"West End",2013,9,152,9月 2013,150,1.33333333333333
"West End",2013,11,123,11月 2013,152,-19.0789473684211
"West End",2014,1,144,1月 2014,123,17.0731707317073
"West End",2014,3,115,3月 2014,144,-20.1388888888889
"West End",2014,5,140,5月 2014,115,21.7391304347826
"West End",2014,7,181,7月 2014,140,29.2857142857143
"West End",2014,9,234,9月 2014,181,29.2817679558011
"West End",2014,11,139,11月 2014,234,-40.5982905982906
"West End",2015,1,165,1月 2015,139,18.705035971223
"West End",2015,3,129,3月 2015,165,-21.8181818181818
"West End",2015,5,147,5月 2015,129,13.953488372093
"West End",2015,7,184,7月 2015,147,25.1700680272109
"West End",2015,9,133,9月 2015,184,-27.7173913043478
"West End",2015,11,158,11月 2015,133,18.796992481203
"West End",2016,1,245,1月 2016,158,55.0632911392405
"West End",2016,3,192,3月 2016,245,-21.6326530612245
"West End",2016,5,182,5月 2016,192,-5.20833333333333
"West End",2016,7,229,7月 2016,182,25.8241758241758
"West End",2016,9,175,9月 2016,229,-23.5807860262009
"West End",2016,11,152,11月 2016,175,-13.1428571428571
"West End",2017,1,160,1月 2017,152,5.26315789473684
"West End",2017,3,163,3月 2017,160,1.875
"West End",2017,5,170,5月 2017,163,4.29447852760736
"West End",2017,7,188,7月 2017,170,10.5882352941176
"West End",2017,9,189,9月 2017,188,0.531914893617021
"West End",2017,11,204,11月 2017,189,7.93650793650794
"West End",2018,1,237,1月 2018,204,16.1764705882353
"West End",2018,3,175,3月 2018,237,-26.1603375527426
"West End",2018,5,133,5月 2018,175,-24
"West End",2018,7,168,7月 2018,133,26.3157894736842
"West End",2018,9,209,9月 2018,168,24.4047619047619
"West End",2018,11,212,11月 2018,209,1.43540669856459
"West End",2019,1,252,1月 2019,212,18.8679245283019
"West End",2019,3,174,3月 2019,252,-30.952380952381
"West End",2019,5,204,5月 2019,174,17.2413793103448
"West End",2019,7,195,7月 2019,204,-4.41176470588235
"West End",2019,9,238,9月 2019,195,22.0512820512821
"West End",2019,11,198,11月 2019,238,-16.8067226890756
"West End",2020,1,220,1月 2020,198,11.1111111111111
"West End",2020,3,177,3月 2020,220,-19.5454545454545
"West End",2020,5,86,5月 2020,177,-51.4124293785311
"West End",2020,7,124,7月 2020,86,44.1860465116279
"West End",2020,9,148,9月 2020,124,19.3548387096774
"West End",2020,11,122,11月 2020,148,-17.5675675675676
"West End",2021,1,102,1月 2021,122,-16.3934426229508
"West End",2021,3,95,3月 2021,102,-6.86274509803922
"West End",2021,5,100,5月 2021,95,5.26315789473684
"West End",2021,7,114,7月 2021,100,14
"West End",2021,9,120,9月 2021,114,5.26315789473684
"West End",2021,11,151,11月 2021,120,25.8333333333333
"West End",2022,1,129,1月 2022,151,-14.5695364238411
"West End",2022,3,126,3月 2022,129,-2.32558139534884
"West End",2022,5,109,5月 2022,126,-13.4920634920635
"West End",2022,7,141,7月 2022,109,29.3577981651376
"West End",2022,9,137,9月 2022,141,-2.83687943262411
"West End",2022,11,111,11月 2022,137,-18.978102189781
"West End",2023,1,128,1月 2023,111,15.3153153153153
"West End",2023,3,117,3月 2023,128,-8.59375
"West End",2023,5,93,5月 2023,117,-20.5128205128205
"West End",2023,7,135,7月 2023,93,45.1612903225806
"West End",2023,9,148,9月 2023,135,9.62962962962963
"West End",2023,11,110,11月 2023,148,-25.6756756756757
"West End",2024,1,95,1月 2024,110,-13.6363636363636
"West End",2024,3,108,3月 2024,95,13.6842105263158
"West End",2024,5,111,5月 2024,108,2.77777777777778
"West End",2024,7,128,7月 2024,111,15.3153153153153
"West End",2024,9,95,9月 2024,128,-25.78125
"West End",2024,11,102,11月 2024,95,7.36842105263158
"West End",2025,1,118,1月 2025,102,15.6862745098039
"West End",2025,3,39,3月 2025,118,-66.9491525423729
"West Point Grey",2003,1,45,1月 2003,NA,NA
"West Point Grey",2003,3,33,3月 2003,45,-26.6666666666667
"West Point Grey",2003,5,45,5月 2003,33,36.3636363636364
"West Point Grey",2003,7,42,7月 2003,45,-6.66666666666667
"West Point Grey",2003,9,33,9月 2003,42,-21.4285714285714
"West Point Grey",2003,11,25,11月 2003,33,-24.2424242424242
"West Point Grey",2004,1,45,1月 2004,25,80
"West Point Grey",2004,3,37,3月 2004,45,-17.7777777777778
"West Point Grey",2004,5,37,5月 2004,37,0
"West Point Grey",2004,7,30,7月 2004,37,-18.9189189189189
"West Point Grey",2004,9,60,9月 2004,30,100
"West Point Grey",2004,11,67,11月 2004,60,11.6666666666667
"West Point Grey",2005,1,59,1月 2005,67,-11.9402985074627
"West Point Grey",2005,3,41,3月 2005,59,-30.5084745762712
"West Point Grey",2005,5,43,5月 2005,41,4.8780487804878
"West Point Grey",2005,7,32,7月 2005,43,-25.5813953488372
"West Point Grey",2005,9,33,9月 2005,32,3.125
"West Point Grey",2005,11,26,11月 2005,33,-21.2121212121212
"West Point Grey",2006,1,31,1月 2006,26,19.2307692307692
"West Point Grey",2006,3,39,3月 2006,31,25.8064516129032
"West Point Grey",2006,5,19,5月 2006,39,-51.2820512820513
"West Point Grey",2006,7,34,7月 2006,19,78.9473684210526
"West Point Grey",2006,9,32,9月 2006,34,-5.88235294117647
"West Point Grey",2006,11,25,11月 2006,32,-21.875
"West Point Grey",2007,1,23,1月 2007,25,-8
"West Point Grey",2007,3,33,3月 2007,23,43.4782608695652
"West Point Grey",2007,5,28,5月 2007,33,-15.1515151515152
"West Point Grey",2007,7,12,7月 2007,28,-57.1428571428571
"West Point Grey",2007,9,31,9月 2007,12,158.333333333333
"West Point Grey",2007,11,16,11月 2007,31,-48.3870967741936
"West Point Grey",2008,1,20,1月 2008,16,25
"West Point Grey",2008,3,11,3月 2008,20,-45
"West Point Grey",2008,5,13,5月 2008,11,18.1818181818182
"West Point Grey",2008,7,18,7月 2008,13,38.4615384615385
"West Point Grey",2008,9,10,9月 2008,18,-44.4444444444444
"West Point Grey",2008,11,20,11月 2008,10,100
"West Point Grey",2009,1,23,1月 2009,20,15
"West Point Grey",2009,3,12,3月 2009,23,-47.8260869565217
"West Point Grey",2009,5,20,5月 2009,12,66.6666666666667
"West Point Grey",2009,7,29,7月 2009,20,45
"West Point Grey",2009,9,14,9月 2009,29,-51.7241379310345
"West Point Grey",2009,11,29,11月 2009,14,107.142857142857
"West Point Grey",2010,1,23,1月 2010,29,-20.6896551724138
"West Point Grey",2010,3,8,3月 2010,23,-65.2173913043478
"West Point Grey",2010,5,19,5月 2010,8,137.5
"West Point Grey",2010,7,29,7月 2010,19,52.6315789473684
"West Point Grey",2010,9,17,9月 2010,29,-41.3793103448276
"West Point Grey",2010,11,27,11月 2010,17,58.8235294117647
"West Point Grey",2011,1,15,1月 2011,27,-44.4444444444444
"West Point Grey",2011,3,10,3月 2011,15,-33.3333333333333
"West Point Grey",2011,5,17,5月 2011,10,70
"West Point Grey",2011,7,30,7月 2011,17,76.4705882352941
"West Point Grey",2011,9,13,9月 2011,30,-56.6666666666667
"West Point Grey",2011,11,24,11月 2011,13,84.6153846153846
"West Point Grey",2012,1,6,1月 2012,24,-75
"West Point Grey",2012,3,23,3月 2012,6,283.333333333333
"West Point Grey",2012,5,9,5月 2012,23,-60.8695652173913
"West Point Grey",2012,7,23,7月 2012,9,155.555555555556
"West Point Grey",2012,9,20,9月 2012,23,-13.0434782608696
"West Point Grey",2012,11,10,11月 2012,20,-50
"West Point Grey",2013,1,11,1月 2013,10,10
"West Point Grey",2013,3,11,3月 2013,11,0
"West Point Grey",2013,5,20,5月 2013,11,81.8181818181818
"West Point Grey",2013,7,18,7月 2013,20,-10
"West Point Grey",2013,9,12,9月 2013,18,-33.3333333333333
"West Point Grey",2013,11,16,11月 2013,12,33.3333333333333
"West Point Grey",2014,1,18,1月 2014,16,12.5
"West Point Grey",2014,3,15,3月 2014,18,-16.6666666666667
"West Point Grey",2014,5,20,5月 2014,15,33.3333333333333
"West Point Grey",2014,7,38,7月 2014,20,90
"West Point Grey",2014,9,21,9月 2014,38,-44.7368421052632
"West Point Grey",2014,11,14,11月 2014,21,-33.3333333333333
"West Point Grey",2015,1,14,1月 2015,14,0
"West Point Grey",2015,3,12,3月 2015,14,-14.2857142857143
"West Point Grey",2015,5,16,5月 2015,12,33.3333333333333
"West Point Grey",2015,7,27,7月 2015,16,68.75
"West Point Grey",2015,9,35,9月 2015,27,29.6296296296296
"West Point Grey",2015,11,32,11月 2015,35,-8.57142857142857
"West Point Grey",2016,1,15,1月 2016,32,-53.125
"West Point Grey",2016,3,13,3月 2016,15,-13.3333333333333
"West Point Grey",2016,5,16,5月 2016,13,23.0769230769231
"West Point Grey",2016,7,27,7月 2016,16,68.75
"West Point Grey",2016,9,11,9月 2016,27,-59.2592592592593
"West Point Grey",2016,11,23,11月 2016,11,109.090909090909
"West Point Grey",2017,1,35,1月 2017,23,52.1739130434783
"West Point Grey",2017,3,20,3月 2017,35,-42.8571428571429
"West Point Grey",2017,5,28,5月 2017,20,40
"West Point Grey",2017,7,39,7月 2017,28,39.2857142857143
"West Point Grey",2017,9,18,9月 2017,39,-53.8461538461538
"West Point Grey",2017,11,22,11月 2017,18,22.2222222222222
"West Point Grey",2018,1,15,1月 2018,22,-31.8181818181818
"West Point Grey",2018,3,24,3月 2018,15,60
"West Point Grey",2018,5,23,5月 2018,24,-4.16666666666667
"West Point Grey",2018,7,21,7月 2018,23,-8.69565217391304
"West Point Grey",2018,9,23,9月 2018,21,9.52380952380952
"West Point Grey",2018,11,24,11月 2018,23,4.34782608695652
"West Point Grey",2019,1,22,1月 2019,24,-8.33333333333333
"West Point Grey",2019,3,20,3月 2019,22,-9.09090909090909
"West Point Grey",2019,5,28,5月 2019,20,40
"West Point Grey",2019,7,32,7月 2019,28,14.2857142857143
"West Point Grey",2019,9,32,9月 2019,32,0
"West Point Grey",2019,11,25,11月 2019,32,-21.875
"West Point Grey",2020,1,18,1月 2020,25,-28
"West Point Grey",2020,3,22,3月 2020,18,22.2222222222222
"West Point Grey",2020,5,28,5月 2020,22,27.2727272727273
"West Point Grey",2020,7,25,7月 2020,28,-10.7142857142857
"West Point Grey",2020,9,35,9月 2020,25,40
"West Point Grey",2020,11,28,11月 2020,35,-20
"West Point Grey",2021,1,26,1月 2021,28,-7.14285714285714
"West Point Grey",2021,3,18,3月 2021,26,-30.7692307692308
"West Point Grey",2021,5,35,5月 2021,18,94.4444444444444
"West Point Grey",2021,7,13,7月 2021,35,-62.8571428571429
"West Point Grey",2021,9,7,9月 2021,13,-46.1538461538462
"West Point Grey",2021,11,16,11月 2021,7,128.571428571429
"West Point Grey",2022,1,11,1月 2022,16,-31.25
"West Point Grey",2022,3,28,3月 2022,11,154.545454545455
"West Point Grey",2022,5,7,5月 2022,28,-75
"West Point Grey",2022,7,15,7月 2022,7,114.285714285714
"West Point Grey",2022,9,13,9月 2022,15,-13.3333333333333
"West Point Grey",2022,11,5,11月 2022,13,-61.5384615384615
"West Point Grey",2023,1,16,1月 2023,5,220
"West Point Grey",2023,3,15,3月 2023,16,-6.25
"West Point Grey",2023,5,14,5月 2023,15,-6.66666666666667
"West Point Grey",2023,7,17,7月 2023,14,21.4285714285714
"West Point Grey",2023,9,10,9月 2023,17,-41.1764705882353
"West Point Grey",2023,11,10,11月 2023,10,0
"West Point Grey",2024,1,13,1月 2024,10,30
"West Point Grey",2024,3,13,3月 2024,13,0
"West Point Grey",2024,5,19,5月 2024,13,46.1538461538462
"West Point Grey",2024,7,9,7月 2024,19,-52.6315789473684
"West Point Grey",2024,9,3,9月 2024,9,-66.6666666666667
"West Point Grey",2024,11,7,11月 2024,3,133.333333333333
"West Point Grey",2025,1,9,1月 2025,7,28.5714285714286
"West Point Grey",2025,3,1,3月 2025,9,-88.8888888888889
NA,2003,1,3,1月 2003,NA,NA
NA,2003,3,5,3月 2003,3,66.6666666666667
NA,2003,5,9,5月 2003,5,80
NA,2003,7,16,7月 2003,9,77.7777777777778
NA,2003,9,21,9月 2003,16,31.25
NA,2003,11,6,11月 2003,21,-71.4285714285714
NA,2004,1,8,1月 2004,6,33.3333333333333
NA,2004,3,4,3月 2004,8,-50
NA,2004,5,23,5月 2004,4,475
NA,2004,7,17,7月 2004,23,-26.0869565217391
NA,2004,9,8,9月 2004,17,-52.9411764705882
NA,2004,11,6,11月 2004,8,-25
NA,2005,1,5,1月 2005,6,-16.6666666666667
NA,2005,3,11,3月 2005,5,120
NA,2005,5,9,5月 2005,11,-18.1818181818182
NA,2005,7,17,7月 2005,9,88.8888888888889
NA,2005,9,10,9月 2005,17,-41.1764705882353
NA,2005,11,6,11月 2005,10,-40
NA,2006,1,3,1月 2006,6,-50
NA,2006,3,13,3月 2006,3,333.333333333333
NA,2006,5,3,5月 2006,13,-76.9230769230769
NA,2006,7,14,7月 2006,3,366.666666666667
NA,2006,9,10,9月 2006,14,-28.5714285714286
NA,2006,11,2,11月 2006,10,-80
NA,2007,1,3,1月 2007,2,50
NA,2007,3,7,3月 2007,3,133.333333333333
NA,2007,5,4,5月 2007,7,-42.8571428571429
NA,2007,7,5,7月 2007,4,25
NA,2007,9,9,9月 2007,5,80
NA,2007,11,4,11月 2007,9,-55.5555555555556
NA,2008,1,3,1月 2008,4,-25
NA,2008,3,3,3月 2008,3,0
NA,2008,5,5,5月 2008,3,66.6666666666667
NA,2008,7,9,7月 2008,5,80
NA,2008,9,11,9月 2008,9,22.2222222222222
NA,2008,11,3,11月 2008,11,-72.7272727272727
NA,2009,1,3,1月 2009,3,0
NA,2009,3,4,3月 2009,3,33.3333333333333
NA,2009,5,3,5月 2009,4,-25
NA,2009,7,15,7月 2009,3,400
NA,2009,9,2,9月 2009,15,-86.6666666666667
NA,2009,11,1,11月 2009,2,-50
NA,2010,1,4,1月 2010,1,300
NA,2010,3,2,3月 2010,4,-50
NA,2010,5,1,5月 2010,2,-50
NA,2010,7,2,7月 2010,1,100
NA,2010,9,9,9月 2010,2,350
NA,2010,11,2,11月 2010,9,-77.7777777777778
NA,2011,1,5,1月 2011,2,150
NA,2011,5,4,5月 2011,5,-20
NA,2011,7,7,7月 2011,4,75
NA,2011,9,4,9月 2011,7,-42.8571428571429
NA,2011,11,3,11月 2011,4,-25
NA,2012,1,2,1月 2012,3,-33.3333333333333
NA,2012,3,2,3月 2012,2,0
NA,2012,5,4,5月 2012,2,100
NA,2012,7,8,7月 2012,4,100
NA,2012,9,5,9月 2012,8,-37.5
NA,2012,11,2,11月 2012,5,-60
NA,2013,1,5,1月 2013,2,150
NA,2013,3,2,3月 2013,5,-60
NA,2013,5,2,5月 2013,2,0
NA,2013,7,11,7月 2013,2,450
NA,2013,9,1,9月 2013,11,-90.9090909090909
NA,2013,11,5,11月 2013,1,400
NA,2014,1,5,1月 2014,5,0
NA,2014,3,6,3月 2014,5,20
NA,2014,5,2,5月 2014,6,-66.6666666666667
NA,2014,7,7,7月 2014,2,250
NA,2014,9,8,9月 2014,7,14.2857142857143
NA,2014,11,1,11月 2014,8,-87.5
NA,2015,1,3,1月 2015,1,200
NA,2015,3,4,3月 2015,3,33.3333333333333
NA,2015,5,7,5月 2015,4,75
NA,2015,7,13,7月 2015,7,85.7142857142857
NA,2015,9,10,9月 2015,13,-23.0769230769231
NA,2015,11,6,11月 2015,10,-40
NA,2016,1,1,1月 2016,6,-83.3333333333333
NA,2016,3,4,3月 2016,1,300
NA,2016,5,2,5月 2016,4,-50
NA,2016,7,12,7月 2016,2,500
NA,2016,9,3,9月 2016,12,-75
NA,2016,11,4,11月 2016,3,33.3333333333333
NA,2017,1,1,1月 2017,4,-75
NA,2017,3,2,3月 2017,1,100
NA,2017,5,7,5月 2017,2,250
NA,2017,7,17,7月 2017,7,142.857142857143
NA,2017,9,9,9月 2017,17,-47.0588235294118
NA,2018,1,3,1月 2018,9,-66.6666666666667
NA,2018,3,1,3月 2018,3,-66.6666666666667
NA,2018,5,5,5月 2018,1,400
NA,2018,7,7,7月 2018,5,40
NA,2018,9,6,9月 2018,7,-14.2857142857143
NA,2018,11,5,11月 2018,6,-16.6666666666667
NA,2019,1,6,1月 2019,5,20
NA,2019,3,6,3月 2019,6,0
NA,2019,5,10,5月 2019,6,66.6666666666667
NA,2019,7,10,7月 2019,10,0
NA,2019,9,3,9月 2019,10,-70
NA,2019,11,1,11月 2019,3,-66.6666666666667
NA,2020,1,3,1月 2020,1,200
NA,2020,5,1,5月 2020,3,-66.6666666666667
NA,2020,7,2,7月 2020,1,100
NA,2020,9,5,9月 2020,2,150
NA,2020,11,3,11月 2020,5,-40
NA,2021,3,1,3月 2021,3,-66.6666666666667
NA,2021,5,3,5月 2021,1,200
NA,2021,7,6,7月 2021,3,100
NA,2021,9,2,9月 2021,6,-66.6666666666667
NA,2021,11,1,11月 2021,2,-50
NA,2022,1,3,1月 2022,1,200
NA,2022,3,1,3月 2022,3,-66.6666666666667
NA,2022,7,3,7月 2022,1,200
NA,2022,11,3,11月 2022,3,0
NA,2023,1,2,1月 2023,3,-33.3333333333333
NA,2023,5,3,5月 2023,2,50
NA,2023,7,10,7月 2023,3,233.333333333333
NA,2023,9,4,9月 2023,10,-60
NA,2023,11,1,11月 2023,4,-75
NA,2024,1,3,1月 2024,1,200
NA,2024,3,3,3月 2024,3,0
NA,2024,5,6,5月 2024,3,100
NA,2024,7,9,7月 2024,6,50
NA,2024,9,4,9月 2024,9,-55.5555555555556
NA,2025,1,4,1月 2025,4,0
