"geo_local_area","year","month","crime_count","date","prev_crime_count","pct_change"
"Arbutus Ridge",2003,1,30,1月 2003,NA,NA
"Arbutus Ridge",2003,3,19,3月 2003,30,-36.6666666666667
"Arbutus Ridge",2003,5,21,5月 2003,19,10.5263157894737
"Arbutus Ridge",2003,7,15,7月 2003,21,-28.5714285714286
"Arbutus Ridge",2003,9,14,9月 2003,15,-6.66666666666667
"Arbutus Ridge",2003,11,13,11月 2003,14,-7.14285714285714
"Arbutus Ridge",2004,1,14,1月 2004,13,7.69230769230769
"Arbutus Ridge",2004,3,15,3月 2004,14,7.14285714285714
"Arbutus Ridge",2004,5,18,5月 2004,15,20
"Arbutus Ridge",2004,7,21,7月 2004,18,16.6666666666667
"Arbutus Ridge",2004,9,17,9月 2004,21,-19.047619047619
"Arbutus Ridge",2004,11,15,11月 2004,17,-11.7647058823529
"Arbutus Ridge",2005,1,28,1月 2005,15,86.6666666666667
"Arbutus Ridge",2005,3,15,3月 2005,28,-46.4285714285714
"Arbutus Ridge",2005,5,29,5月 2005,15,93.3333333333333
"Arbutus Ridge",2005,7,16,7月 2005,29,-44.8275862068966
"Arbutus Ridge",2005,9,23,9月 2005,16,43.75
"Arbutus Ridge",2005,11,11,11月 2005,23,-52.1739130434783
"Arbutus Ridge",2006,1,20,1月 2006,11,81.8181818181818
"Arbutus Ridge",2006,3,20,3月 2006,20,0
"Arbutus Ridge",2006,5,12,5月 2006,20,-40
"Arbutus Ridge",2006,7,10,7月 2006,12,-16.6666666666667
"Arbutus Ridge",2006,9,15,9月 2006,10,50
"Arbutus Ridge",2006,11,16,11月 2006,15,6.66666666666667
"Arbutus Ridge",2007,1,18,1月 2007,16,12.5
"Arbutus Ridge",2007,3,22,3月 2007,18,22.2222222222222
"Arbutus Ridge",2007,5,15,5月 2007,22,-31.8181818181818
"Arbutus Ridge",2007,7,17,7月 2007,15,13.3333333333333
"Arbutus Ridge",2007,9,20,9月 2007,17,17.6470588235294
"Arbutus Ridge",2007,11,7,11月 2007,20,-65
"Arbutus Ridge",2008,1,8,1月 2008,7,14.2857142857143
"Arbutus Ridge",2008,3,13,3月 2008,8,62.5
"Arbutus Ridge",2008,5,24,5月 2008,13,84.6153846153846
"Arbutus Ridge",2008,7,24,7月 2008,24,0
"Arbutus Ridge",2008,9,20,9月 2008,24,-16.6666666666667
"Arbutus Ridge",2008,11,12,11月 2008,20,-40
"Arbutus Ridge",2009,1,14,1月 2009,12,16.6666666666667
"Arbutus Ridge",2009,3,12,3月 2009,14,-14.2857142857143
"Arbutus Ridge",2009,5,16,5月 2009,12,33.3333333333333
"Arbutus Ridge",2009,7,12,7月 2009,16,-25
"Arbutus Ridge",2009,9,20,9月 2009,12,66.6666666666667
"Arbutus Ridge",2009,11,18,11月 2009,20,-10
"Arbutus Ridge",2010,1,7,1月 2010,18,-61.1111111111111
"Arbutus Ridge",2010,3,15,3月 2010,7,114.285714285714
"Arbutus Ridge",2010,5,7,5月 2010,15,-53.3333333333333
"Arbutus Ridge",2010,7,17,7月 2010,7,142.857142857143
"Arbutus Ridge",2010,9,11,9月 2010,17,-35.2941176470588
"Arbutus Ridge",2010,11,17,11月 2010,11,54.5454545454545
"Arbutus Ridge",2011,1,9,1月 2011,17,-47.0588235294118
"Arbutus Ridge",2011,3,5,3月 2011,9,-44.4444444444444
"Arbutus Ridge",2011,5,15,5月 2011,5,200
"Arbutus Ridge",2011,7,16,7月 2011,15,6.66666666666667
"Arbutus Ridge",2011,9,15,9月 2011,16,-6.25
"Arbutus Ridge",2011,11,12,11月 2011,15,-20
"Arbutus Ridge",2012,1,5,1月 2012,12,-58.3333333333333
"Arbutus Ridge",2012,3,10,3月 2012,5,100
"Arbutus Ridge",2012,5,7,5月 2012,10,-30
"Arbutus Ridge",2012,7,13,7月 2012,7,85.7142857142857
"Arbutus Ridge",2012,9,11,9月 2012,13,-15.3846153846154
"Arbutus Ridge",2012,11,9,11月 2012,11,-18.1818181818182
"Arbutus Ridge",2013,1,10,1月 2013,9,11.1111111111111
"Arbutus Ridge",2013,3,14,3月 2013,10,40
"Arbutus Ridge",2013,5,14,5月 2013,14,0
"Arbutus Ridge",2013,7,4,7月 2013,14,-71.4285714285714
"Arbutus Ridge",2013,9,14,9月 2013,4,250
"Arbutus Ridge",2013,11,9,11月 2013,14,-35.7142857142857
"Arbutus Ridge",2014,1,13,1月 2014,9,44.4444444444444
"Arbutus Ridge",2014,3,9,3月 2014,13,-30.7692307692308
"Arbutus Ridge",2014,5,11,5月 2014,9,22.2222222222222
"Arbutus Ridge",2014,7,14,7月 2014,11,27.2727272727273
"Arbutus Ridge",2014,9,15,9月 2014,14,7.14285714285714
"Arbutus Ridge",2014,11,9,11月 2014,15,-40
"Arbutus Ridge",2015,1,7,1月 2015,9,-22.2222222222222
"Arbutus Ridge",2015,3,14,3月 2015,7,100
"Arbutus Ridge",2015,5,12,5月 2015,14,-14.2857142857143
"Arbutus Ridge",2015,7,18,7月 2015,12,50
"Arbutus Ridge",2015,9,20,9月 2015,18,11.1111111111111
"Arbutus Ridge",2015,11,11,11月 2015,20,-45
"Arbutus Ridge",2016,1,16,1月 2016,11,45.4545454545455
"Arbutus Ridge",2016,3,19,3月 2016,16,18.75
"Arbutus Ridge",2016,5,18,5月 2016,19,-5.26315789473684
"Arbutus Ridge",2016,7,25,7月 2016,18,38.8888888888889
"Arbutus Ridge",2016,9,15,9月 2016,25,-40
"Arbutus Ridge",2016,11,8,11月 2016,15,-46.6666666666667
"Arbutus Ridge",2017,1,5,1月 2017,8,-37.5
"Arbutus Ridge",2017,3,9,3月 2017,5,80
"Arbutus Ridge",2017,5,20,5月 2017,9,122.222222222222
"Arbutus Ridge",2017,7,18,7月 2017,20,-10
"Arbutus Ridge",2017,9,10,9月 2017,18,-44.4444444444444
"Arbutus Ridge",2017,11,7,11月 2017,10,-30
"Arbutus Ridge",2018,1,4,1月 2018,7,-42.8571428571429
"Arbutus Ridge",2018,3,14,3月 2018,4,250
"Arbutus Ridge",2018,5,18,5月 2018,14,28.5714285714286
"Arbutus Ridge",2018,7,12,7月 2018,18,-33.3333333333333
"Arbutus Ridge",2018,9,7,9月 2018,12,-41.6666666666667
"Arbutus Ridge",2018,11,20,11月 2018,7,185.714285714286
"Arbutus Ridge",2019,1,12,1月 2019,20,-40
"Arbutus Ridge",2019,3,18,3月 2019,12,50
"Arbutus Ridge",2019,5,14,5月 2019,18,-22.2222222222222
"Arbutus Ridge",2019,7,13,7月 2019,14,-7.14285714285714
"Arbutus Ridge",2019,9,15,9月 2019,13,15.3846153846154
"Arbutus Ridge",2019,11,13,11月 2019,15,-13.3333333333333
"Arbutus Ridge",2020,1,10,1月 2020,13,-23.0769230769231
"Arbutus Ridge",2020,3,14,3月 2020,10,40
"Arbutus Ridge",2020,5,5,5月 2020,14,-64.2857142857143
"Arbutus Ridge",2020,7,8,7月 2020,5,60
"Arbutus Ridge",2020,9,10,9月 2020,8,25
"Arbutus Ridge",2020,11,7,11月 2020,10,-30
"Arbutus Ridge",2021,1,9,1月 2021,7,28.5714285714286
"Arbutus Ridge",2021,3,5,3月 2021,9,-44.4444444444444
"Arbutus Ridge",2021,5,14,5月 2021,5,180
"Arbutus Ridge",2021,7,7,7月 2021,14,-50
"Arbutus Ridge",2021,9,9,9月 2021,7,28.5714285714286
"Arbutus Ridge",2021,11,7,11月 2021,9,-22.2222222222222
"Arbutus Ridge",2022,1,12,1月 2022,7,71.4285714285714
"Arbutus Ridge",2022,3,11,3月 2022,12,-8.33333333333333
"Arbutus Ridge",2022,5,15,5月 2022,11,36.3636363636364
"Arbutus Ridge",2022,7,19,7月 2022,15,26.6666666666667
"Arbutus Ridge",2022,9,18,9月 2022,19,-5.26315789473684
"Arbutus Ridge",2022,11,3,11月 2022,18,-83.3333333333333
"Arbutus Ridge",2023,1,7,1月 2023,3,133.333333333333
"Arbutus Ridge",2023,3,18,3月 2023,7,157.142857142857
"Arbutus Ridge",2023,5,15,5月 2023,18,-16.6666666666667
"Arbutus Ridge",2023,7,9,7月 2023,15,-40
"Arbutus Ridge",2023,9,9,9月 2023,9,0
"Arbutus Ridge",2023,11,7,11月 2023,9,-22.2222222222222
"Arbutus Ridge",2024,1,8,1月 2024,7,14.2857142857143
"Arbutus Ridge",2024,3,10,3月 2024,8,25
"Arbutus Ridge",2024,5,13,5月 2024,10,30
"Arbutus Ridge",2024,7,11,7月 2024,13,-15.3846153846154
"Arbutus Ridge",2024,9,2,9月 2024,11,-81.8181818181818
"Arbutus Ridge",2024,11,7,11月 2024,2,250
"Arbutus Ridge",2025,1,6,1月 2025,7,-14.2857142857143
"Arbutus Ridge",2025,3,2,3月 2025,6,-66.6666666666667
"Downtown",2003,1,353,1月 2003,NA,NA
"Downtown",2003,3,325,3月 2003,353,-7.93201133144476
"Downtown",2003,5,503,5月 2003,325,54.7692307692308
"Downtown",2003,7,521,7月 2003,503,3.57852882703777
"Downtown",2003,9,364,9月 2003,521,-30.1343570057582
"Downtown",2003,11,300,11月 2003,364,-17.5824175824176
"Downtown",2004,1,283,1月 2004,300,-5.66666666666667
"Downtown",2004,3,375,3月 2004,283,32.5088339222615
"Downtown",2004,5,389,5月 2004,375,3.73333333333333
"Downtown",2004,7,479,7月 2004,389,23.1362467866324
"Downtown",2004,9,435,9月 2004,479,-9.18580375782881
"Downtown",2004,11,280,11月 2004,435,-35.632183908046
"Downtown",2005,1,256,1月 2005,280,-8.57142857142857
"Downtown",2005,3,356,3月 2005,256,39.0625
"Downtown",2005,5,453,5月 2005,356,27.247191011236
"Downtown",2005,7,469,7月 2005,453,3.53200883002207
"Downtown",2005,9,381,9月 2005,469,-18.7633262260128
"Downtown",2005,11,283,11月 2005,381,-25.7217847769029
"Downtown",2006,1,264,1月 2006,283,-6.71378091872791
"Downtown",2006,3,358,3月 2006,264,35.6060606060606
"Downtown",2006,5,416,5月 2006,358,16.2011173184358
"Downtown",2006,7,471,7月 2006,416,13.2211538461538
"Downtown",2006,9,431,9月 2006,471,-8.49256900212314
"Downtown",2006,11,288,11月 2006,431,-33.1786542923434
"Downtown",2007,1,297,1月 2007,288,3.125
"Downtown",2007,3,317,3月 2007,297,6.73400673400673
"Downtown",2007,5,426,5月 2007,317,34.384858044164
"Downtown",2007,7,400,7月 2007,426,-6.10328638497653
"Downtown",2007,9,357,9月 2007,400,-10.75
"Downtown",2007,11,279,11月 2007,357,-21.8487394957983
"Downtown",2008,1,255,1月 2008,279,-8.60215053763441
"Downtown",2008,3,367,3月 2008,255,43.921568627451
"Downtown",2008,5,410,5月 2008,367,11.716621253406
"Downtown",2008,7,407,7月 2008,410,-0.731707317073171
"Downtown",2008,9,394,9月 2008,407,-3.19410319410319
"Downtown",2008,11,274,11月 2008,394,-30.4568527918782
"Downtown",2009,1,232,1月 2009,274,-15.3284671532847
"Downtown",2009,3,331,3月 2009,232,42.6724137931034
"Downtown",2009,5,376,5月 2009,331,13.595166163142
"Downtown",2009,7,332,7月 2009,376,-11.7021276595745
"Downtown",2009,9,390,9月 2009,332,17.4698795180723
"Downtown",2009,11,262,11月 2009,390,-32.8205128205128
"Downtown",2010,1,193,1月 2010,262,-26.3358778625954
"Downtown",2010,3,310,3月 2010,193,60.6217616580311
"Downtown",2010,5,327,5月 2010,310,5.48387096774194
"Downtown",2010,7,338,7月 2010,327,3.36391437308869
"Downtown",2010,9,304,9月 2010,338,-10.0591715976331
"Downtown",2010,11,205,11月 2010,304,-32.5657894736842
"Downtown",2011,1,215,1月 2011,205,4.8780487804878
"Downtown",2011,3,232,3月 2011,215,7.90697674418605
"Downtown",2011,5,292,5月 2011,232,25.8620689655172
"Downtown",2011,7,322,7月 2011,292,10.2739726027397
"Downtown",2011,9,232,9月 2011,322,-27.9503105590062
"Downtown",2011,11,229,11月 2011,232,-1.29310344827586
"Downtown",2012,1,210,1月 2012,229,-8.29694323144105
"Downtown",2012,3,267,3月 2012,210,27.1428571428571
"Downtown",2012,5,286,5月 2012,267,7.11610486891386
"Downtown",2012,7,294,7月 2012,286,2.7972027972028
"Downtown",2012,9,306,9月 2012,294,4.08163265306122
"Downtown",2012,11,247,11月 2012,306,-19.281045751634
"Downtown",2013,1,177,1月 2013,247,-28.3400809716599
"Downtown",2013,3,268,3月 2013,177,51.4124293785311
"Downtown",2013,5,335,5月 2013,268,25
"Downtown",2013,7,369,7月 2013,335,10.1492537313433
"Downtown",2013,9,279,9月 2013,369,-24.390243902439
"Downtown",2013,11,252,11月 2013,279,-9.67741935483871
"Downtown",2014,1,206,1月 2014,252,-18.2539682539683
"Downtown",2014,3,269,3月 2014,206,30.5825242718447
"Downtown",2014,5,335,5月 2014,269,24.5353159851301
"Downtown",2014,7,417,7月 2014,335,24.4776119402985
"Downtown",2014,9,358,9月 2014,417,-14.1486810551559
"Downtown",2014,11,270,11月 2014,358,-24.5810055865922
"Downtown",2015,1,257,1月 2015,270,-4.81481481481481
"Downtown",2015,3,287,3月 2015,257,11.6731517509728
"Downtown",2015,5,377,5月 2015,287,31.3588850174216
"Downtown",2015,7,494,7月 2015,377,31.0344827586207
"Downtown",2015,9,423,9月 2015,494,-14.3724696356275
"Downtown",2015,11,383,11月 2015,423,-9.45626477541371
"Downtown",2016,1,367,1月 2016,383,-4.17754569190601
"Downtown",2016,3,444,3月 2016,367,20.9809264305177
"Downtown",2016,5,580,5月 2016,444,30.6306306306306
"Downtown",2016,7,521,7月 2016,580,-10.1724137931034
"Downtown",2016,9,429,9月 2016,521,-17.658349328215
"Downtown",2016,11,345,11月 2016,429,-19.5804195804196
"Downtown",2017,1,316,1月 2017,345,-8.40579710144928
"Downtown",2017,3,453,3月 2017,316,43.3544303797468
"Downtown",2017,5,480,5月 2017,453,5.96026490066225
"Downtown",2017,7,529,7月 2017,480,10.2083333333333
"Downtown",2017,9,491,9月 2017,529,-7.18336483931947
"Downtown",2017,11,396,11月 2017,491,-19.3482688391039
"Downtown",2018,1,398,1月 2018,396,0.505050505050505
"Downtown",2018,3,431,3月 2018,398,8.29145728643216
"Downtown",2018,5,501,5月 2018,431,16.2412993039443
"Downtown",2018,7,508,7月 2018,501,1.39720558882236
"Downtown",2018,9,492,9月 2018,508,-3.1496062992126
"Downtown",2018,11,412,11月 2018,492,-16.260162601626
"Downtown",2019,1,420,1月 2019,412,1.94174757281553
"Downtown",2019,3,457,3月 2019,420,8.80952380952381
"Downtown",2019,5,563,5月 2019,457,23.1947483588621
"Downtown",2019,7,612,7月 2019,563,8.70337477797513
"Downtown",2019,9,590,9月 2019,612,-3.59477124183007
"Downtown",2019,11,506,11月 2019,590,-14.2372881355932
"Downtown",2020,1,485,1月 2020,506,-4.1501976284585
"Downtown",2020,3,403,3月 2020,485,-16.9072164948454
"Downtown",2020,5,202,5月 2020,403,-49.8759305210918
"Downtown",2020,7,271,7月 2020,202,34.1584158415842
"Downtown",2020,9,291,9月 2020,271,7.38007380073801
"Downtown",2020,11,234,11月 2020,291,-19.5876288659794
"Downtown",2021,1,223,1月 2021,234,-4.7008547008547
"Downtown",2021,3,220,3月 2021,223,-1.34529147982063
"Downtown",2021,5,256,5月 2021,220,16.3636363636364
"Downtown",2021,7,308,7月 2021,256,20.3125
"Downtown",2021,9,288,9月 2021,308,-6.49350649350649
"Downtown",2021,11,272,11月 2021,288,-5.55555555555556
"Downtown",2022,1,264,1月 2022,272,-2.94117647058824
"Downtown",2022,3,304,3月 2022,264,15.1515151515152
"Downtown",2022,5,333,5月 2022,304,9.53947368421053
"Downtown",2022,7,353,7月 2022,333,6.00600600600601
"Downtown",2022,9,335,9月 2022,353,-5.09915014164306
"Downtown",2022,11,241,11月 2022,335,-28.0597014925373
"Downtown",2023,1,274,1月 2023,241,13.6929460580913
"Downtown",2023,3,370,3月 2023,274,35.036496350365
"Downtown",2023,5,414,5月 2023,370,11.8918918918919
"Downtown",2023,7,468,7月 2023,414,13.0434782608696
"Downtown",2023,9,394,9月 2023,468,-15.8119658119658
"Downtown",2023,11,254,11月 2023,394,-35.5329949238579
"Downtown",2024,1,237,1月 2024,254,-6.69291338582677
"Downtown",2024,3,388,3月 2024,237,63.7130801687764
"Downtown",2024,5,417,5月 2024,388,7.47422680412371
"Downtown",2024,7,481,7月 2024,417,15.347721822542
"Downtown",2024,9,407,9月 2024,481,-15.3846153846154
"Downtown",2024,11,303,11月 2024,407,-25.5528255528256
"Downtown",2025,1,284,1月 2025,303,-6.27062706270627
"Downtown",2025,3,144,3月 2025,284,-49.2957746478873
"Dunbar-Southlands",2003,1,22,1月 2003,NA,NA
"Dunbar-Southlands",2003,3,15,3月 2003,22,-31.8181818181818
"Dunbar-Southlands",2003,5,18,5月 2003,15,20
"Dunbar-Southlands",2003,7,23,7月 2003,18,27.7777777777778
"Dunbar-Southlands",2003,9,30,9月 2003,23,30.4347826086957
"Dunbar-Southlands",2003,11,10,11月 2003,30,-66.6666666666667
"Dunbar-Southlands",2004,1,14,1月 2004,10,40
"Dunbar-Southlands",2004,3,24,3月 2004,14,71.4285714285714
"Dunbar-Southlands",2004,5,22,5月 2004,24,-8.33333333333333
"Dunbar-Southlands",2004,7,17,7月 2004,22,-22.7272727272727
"Dunbar-Southlands",2004,9,28,9月 2004,17,64.7058823529412
"Dunbar-Southlands",2004,11,29,11月 2004,28,3.57142857142857
"Dunbar-Southlands",2005,1,11,1月 2005,29,-62.0689655172414
"Dunbar-Southlands",2005,3,14,3月 2005,11,27.2727272727273
"Dunbar-Southlands",2005,5,18,5月 2005,14,28.5714285714286
"Dunbar-Southlands",2005,7,19,7月 2005,18,5.55555555555556
"Dunbar-Southlands",2005,9,21,9月 2005,19,10.5263157894737
"Dunbar-Southlands",2005,11,15,11月 2005,21,-28.5714285714286
"Dunbar-Southlands",2006,1,13,1月 2006,15,-13.3333333333333
"Dunbar-Southlands",2006,3,15,3月 2006,13,15.3846153846154
"Dunbar-Southlands",2006,5,18,5月 2006,15,20
"Dunbar-Southlands",2006,7,17,7月 2006,18,-5.55555555555556
"Dunbar-Southlands",2006,9,20,9月 2006,17,17.6470588235294
"Dunbar-Southlands",2006,11,20,11月 2006,20,0
"Dunbar-Southlands",2007,1,26,1月 2007,20,30
"Dunbar-Southlands",2007,3,24,3月 2007,26,-7.69230769230769
"Dunbar-Southlands",2007,5,20,5月 2007,24,-16.6666666666667
"Dunbar-Southlands",2007,7,14,7月 2007,20,-30
"Dunbar-Southlands",2007,9,17,9月 2007,14,21.4285714285714
"Dunbar-Southlands",2007,11,23,11月 2007,17,35.2941176470588
"Dunbar-Southlands",2008,1,7,1月 2008,23,-69.5652173913043
"Dunbar-Southlands",2008,3,9,3月 2008,7,28.5714285714286
"Dunbar-Southlands",2008,5,12,5月 2008,9,33.3333333333333
"Dunbar-Southlands",2008,7,12,7月 2008,12,0
"Dunbar-Southlands",2008,9,7,9月 2008,12,-41.6666666666667
"Dunbar-Southlands",2008,11,13,11月 2008,7,85.7142857142857
"Dunbar-Southlands",2009,1,11,1月 2009,13,-15.3846153846154
"Dunbar-Southlands",2009,3,5,3月 2009,11,-54.5454545454545
"Dunbar-Southlands",2009,5,13,5月 2009,5,160
"Dunbar-Southlands",2009,7,9,7月 2009,13,-30.7692307692308
"Dunbar-Southlands",2009,9,14,9月 2009,9,55.5555555555556
"Dunbar-Southlands",2009,11,16,11月 2009,14,14.2857142857143
"Dunbar-Southlands",2010,1,13,1月 2010,16,-18.75
"Dunbar-Southlands",2010,3,11,3月 2010,13,-15.3846153846154
"Dunbar-Southlands",2010,5,22,5月 2010,11,100
"Dunbar-Southlands",2010,7,8,7月 2010,22,-63.6363636363636
"Dunbar-Southlands",2010,9,14,9月 2010,8,75
"Dunbar-Southlands",2010,11,14,11月 2010,14,0
"Dunbar-Southlands",2011,1,11,1月 2011,14,-21.4285714285714
"Dunbar-Southlands",2011,3,15,3月 2011,11,36.3636363636364
"Dunbar-Southlands",2011,5,19,5月 2011,15,26.6666666666667
"Dunbar-Southlands",2011,7,26,7月 2011,19,36.8421052631579
"Dunbar-Southlands",2011,9,25,9月 2011,26,-3.84615384615385
"Dunbar-Southlands",2011,11,15,11月 2011,25,-40
"Dunbar-Southlands",2012,1,8,1月 2012,15,-46.6666666666667
"Dunbar-Southlands",2012,3,14,3月 2012,8,75
"Dunbar-Southlands",2012,5,18,5月 2012,14,28.5714285714286
"Dunbar-Southlands",2012,7,14,7月 2012,18,-22.2222222222222
"Dunbar-Southlands",2012,9,16,9月 2012,14,14.2857142857143
"Dunbar-Southlands",2012,11,9,11月 2012,16,-43.75
"Dunbar-Southlands",2013,1,17,1月 2013,9,88.8888888888889
"Dunbar-Southlands",2013,3,8,3月 2013,17,-52.9411764705882
"Dunbar-Southlands",2013,5,10,5月 2013,8,25
"Dunbar-Southlands",2013,7,13,7月 2013,10,30
"Dunbar-Southlands",2013,9,20,9月 2013,13,53.8461538461538
"Dunbar-Southlands",2013,11,12,11月 2013,20,-40
"Dunbar-Southlands",2014,1,5,1月 2014,12,-58.3333333333333
"Dunbar-Southlands",2014,3,13,3月 2014,5,160
"Dunbar-Southlands",2014,5,16,5月 2014,13,23.0769230769231
"Dunbar-Southlands",2014,7,28,7月 2014,16,75
"Dunbar-Southlands",2014,9,19,9月 2014,28,-32.1428571428571
"Dunbar-Southlands",2014,11,14,11月 2014,19,-26.3157894736842
"Dunbar-Southlands",2015,1,10,1月 2015,14,-28.5714285714286
"Dunbar-Southlands",2015,3,15,3月 2015,10,50
"Dunbar-Southlands",2015,5,21,5月 2015,15,40
"Dunbar-Southlands",2015,7,23,7月 2015,21,9.52380952380952
"Dunbar-Southlands",2015,9,16,9月 2015,23,-30.4347826086957
"Dunbar-Southlands",2015,11,19,11月 2015,16,18.75
"Dunbar-Southlands",2016,1,15,1月 2016,19,-21.0526315789474
"Dunbar-Southlands",2016,3,8,3月 2016,15,-46.6666666666667
"Dunbar-Southlands",2016,5,13,5月 2016,8,62.5
"Dunbar-Southlands",2016,7,10,7月 2016,13,-23.0769230769231
"Dunbar-Southlands",2016,9,11,9月 2016,10,10
"Dunbar-Southlands",2016,11,15,11月 2016,11,36.3636363636364
"Dunbar-Southlands",2017,1,8,1月 2017,15,-46.6666666666667
"Dunbar-Southlands",2017,3,17,3月 2017,8,112.5
"Dunbar-Southlands",2017,5,9,5月 2017,17,-47.0588235294118
"Dunbar-Southlands",2017,7,14,7月 2017,9,55.5555555555556
"Dunbar-Southlands",2017,9,14,9月 2017,14,0
"Dunbar-Southlands",2017,11,11,11月 2017,14,-21.4285714285714
"Dunbar-Southlands",2018,1,10,1月 2018,11,-9.09090909090909
"Dunbar-Southlands",2018,3,11,3月 2018,10,10
"Dunbar-Southlands",2018,5,17,5月 2018,11,54.5454545454545
"Dunbar-Southlands",2018,7,16,7月 2018,17,-5.88235294117647
"Dunbar-Southlands",2018,9,10,9月 2018,16,-37.5
"Dunbar-Southlands",2018,11,10,11月 2018,10,0
"Dunbar-Southlands",2019,1,4,1月 2019,10,-60
"Dunbar-Southlands",2019,3,14,3月 2019,4,250
"Dunbar-Southlands",2019,5,13,5月 2019,14,-7.14285714285714
"Dunbar-Southlands",2019,7,15,7月 2019,13,15.3846153846154
"Dunbar-Southlands",2019,9,15,9月 2019,15,0
"Dunbar-Southlands",2019,11,17,11月 2019,15,13.3333333333333
"Dunbar-Southlands",2020,1,22,1月 2020,17,29.4117647058824
"Dunbar-Southlands",2020,3,15,3月 2020,22,-31.8181818181818
"Dunbar-Southlands",2020,5,9,5月 2020,15,-40
"Dunbar-Southlands",2020,7,17,7月 2020,9,88.8888888888889
"Dunbar-Southlands",2020,9,14,9月 2020,17,-17.6470588235294
"Dunbar-Southlands",2020,11,8,11月 2020,14,-42.8571428571429
"Dunbar-Southlands",2021,1,9,1月 2021,8,12.5
"Dunbar-Southlands",2021,3,5,3月 2021,9,-44.4444444444444
"Dunbar-Southlands",2021,5,12,5月 2021,5,140
"Dunbar-Southlands",2021,7,9,7月 2021,12,-25
"Dunbar-Southlands",2021,9,10,9月 2021,9,11.1111111111111
"Dunbar-Southlands",2021,11,4,11月 2021,10,-60
"Dunbar-Southlands",2022,1,2,1月 2022,4,-50
"Dunbar-Southlands",2022,3,10,3月 2022,2,400
"Dunbar-Southlands",2022,5,21,5月 2022,10,110
"Dunbar-Southlands",2022,7,15,7月 2022,21,-28.5714285714286
"Dunbar-Southlands",2022,9,12,9月 2022,15,-20
"Dunbar-Southlands",2022,11,8,11月 2022,12,-33.3333333333333
"Dunbar-Southlands",2023,1,10,1月 2023,8,25
"Dunbar-Southlands",2023,3,13,3月 2023,10,30
"Dunbar-Southlands",2023,5,8,5月 2023,13,-38.4615384615385
"Dunbar-Southlands",2023,7,11,7月 2023,8,37.5
"Dunbar-Southlands",2023,9,9,9月 2023,11,-18.1818181818182
"Dunbar-Southlands",2023,11,9,11月 2023,9,0
"Dunbar-Southlands",2024,1,5,1月 2024,9,-44.4444444444444
"Dunbar-Southlands",2024,3,9,3月 2024,5,80
"Dunbar-Southlands",2024,5,10,5月 2024,9,11.1111111111111
"Dunbar-Southlands",2024,7,8,7月 2024,10,-20
"Dunbar-Southlands",2024,9,10,9月 2024,8,25
"Dunbar-Southlands",2024,11,4,11月 2024,10,-60
"Dunbar-Southlands",2025,1,3,1月 2025,4,-25
"Dunbar-Southlands",2025,3,2,3月 2025,3,-33.3333333333333
"Fairview",2003,1,102,1月 2003,NA,NA
"Fairview",2003,3,124,3月 2003,102,21.5686274509804
"Fairview",2003,5,170,5月 2003,124,37.0967741935484
"Fairview",2003,7,153,7月 2003,170,-10
"Fairview",2003,9,149,9月 2003,153,-2.61437908496732
"Fairview",2003,11,137,11月 2003,149,-8.05369127516779
"Fairview",2004,1,68,1月 2004,137,-50.3649635036496
"Fairview",2004,3,111,3月 2004,68,63.2352941176471
"Fairview",2004,5,95,5月 2004,111,-14.4144144144144
"Fairview",2004,7,149,7月 2004,95,56.8421052631579
"Fairview",2004,9,165,9月 2004,149,10.738255033557
"Fairview",2004,11,100,11月 2004,165,-39.3939393939394
"Fairview",2005,1,127,1月 2005,100,27
"Fairview",2005,3,124,3月 2005,127,-2.36220472440945
"Fairview",2005,5,172,5月 2005,124,38.7096774193548
"Fairview",2005,7,122,7月 2005,172,-29.0697674418605
"Fairview",2005,9,142,9月 2005,122,16.3934426229508
"Fairview",2005,11,98,11月 2005,142,-30.9859154929577
"Fairview",2006,1,99,1月 2006,98,1.02040816326531
"Fairview",2006,3,111,3月 2006,99,12.1212121212121
"Fairview",2006,5,127,5月 2006,111,14.4144144144144
"Fairview",2006,7,123,7月 2006,127,-3.1496062992126
"Fairview",2006,9,98,9月 2006,123,-20.3252032520325
"Fairview",2006,11,99,11月 2006,98,1.02040816326531
"Fairview",2007,1,95,1月 2007,99,-4.04040404040404
"Fairview",2007,3,88,3月 2007,95,-7.36842105263158
"Fairview",2007,5,112,5月 2007,88,27.2727272727273
"Fairview",2007,7,113,7月 2007,112,0.892857142857143
"Fairview",2007,9,138,9月 2007,113,22.1238938053097
"Fairview",2007,11,72,11月 2007,138,-47.8260869565217
"Fairview",2008,1,89,1月 2008,72,23.6111111111111
"Fairview",2008,3,103,3月 2008,89,15.7303370786517
"Fairview",2008,5,106,5月 2008,103,2.9126213592233
"Fairview",2008,7,101,7月 2008,106,-4.71698113207547
"Fairview",2008,9,99,9月 2008,101,-1.98019801980198
"Fairview",2008,11,67,11月 2008,99,-32.3232323232323
"Fairview",2009,1,63,1月 2009,67,-5.97014925373134
"Fairview",2009,3,80,3月 2009,63,26.984126984127
"Fairview",2009,5,91,5月 2009,80,13.75
"Fairview",2009,7,99,7月 2009,91,8.79120879120879
"Fairview",2009,9,107,9月 2009,99,8.08080808080808
"Fairview",2009,11,81,11月 2009,107,-24.2990654205607
"Fairview",2010,1,49,1月 2010,81,-39.5061728395062
"Fairview",2010,3,79,3月 2010,49,61.2244897959184
"Fairview",2010,5,110,5月 2010,79,39.2405063291139
"Fairview",2010,7,95,7月 2010,110,-13.6363636363636
"Fairview",2010,9,64,9月 2010,95,-32.6315789473684
"Fairview",2010,11,65,11月 2010,64,1.5625
"Fairview",2011,1,57,1月 2011,65,-12.3076923076923
"Fairview",2011,3,66,3月 2011,57,15.7894736842105
"Fairview",2011,5,85,5月 2011,66,28.7878787878788
"Fairview",2011,7,100,7月 2011,85,17.6470588235294
"Fairview",2011,9,67,9月 2011,100,-33
"Fairview",2011,11,45,11月 2011,67,-32.8358208955224
"Fairview",2012,1,63,1月 2012,45,40
"Fairview",2012,3,71,3月 2012,63,12.6984126984127
"Fairview",2012,5,70,5月 2012,71,-1.40845070422535
"Fairview",2012,7,94,7月 2012,70,34.2857142857143
"Fairview",2012,9,96,9月 2012,94,2.12765957446809
"Fairview",2012,11,106,11月 2012,96,10.4166666666667
"Fairview",2013,1,70,1月 2013,106,-33.9622641509434
"Fairview",2013,3,69,3月 2013,70,-1.42857142857143
"Fairview",2013,5,97,5月 2013,69,40.5797101449275
"Fairview",2013,7,99,7月 2013,97,2.06185567010309
"Fairview",2013,9,83,9月 2013,99,-16.1616161616162
"Fairview",2013,11,54,11月 2013,83,-34.9397590361446
"Fairview",2014,1,61,1月 2014,54,12.962962962963
"Fairview",2014,3,70,3月 2014,61,14.7540983606557
"Fairview",2014,5,138,5月 2014,70,97.1428571428571
"Fairview",2014,7,131,7月 2014,138,-5.07246376811594
"Fairview",2014,9,106,9月 2014,131,-19.0839694656489
"Fairview",2014,11,71,11月 2014,106,-33.0188679245283
"Fairview",2015,1,56,1月 2015,71,-21.1267605633803
"Fairview",2015,3,91,3月 2015,56,62.5
"Fairview",2015,5,107,5月 2015,91,17.5824175824176
"Fairview",2015,7,101,7月 2015,107,-5.60747663551402
"Fairview",2015,9,108,9月 2015,101,6.93069306930693
"Fairview",2015,11,58,11月 2015,108,-46.2962962962963
"Fairview",2016,1,61,1月 2016,58,5.17241379310345
"Fairview",2016,3,81,3月 2016,61,32.7868852459016
"Fairview",2016,5,120,5月 2016,81,48.1481481481481
"Fairview",2016,7,88,7月 2016,120,-26.6666666666667
"Fairview",2016,9,80,9月 2016,88,-9.09090909090909
"Fairview",2016,11,63,11月 2016,80,-21.25
"Fairview",2017,1,40,1月 2017,63,-36.5079365079365
"Fairview",2017,3,60,3月 2017,40,50
"Fairview",2017,5,82,5月 2017,60,36.6666666666667
"Fairview",2017,7,77,7月 2017,82,-6.09756097560976
"Fairview",2017,9,79,9月 2017,77,2.5974025974026
"Fairview",2017,11,55,11月 2017,79,-30.379746835443
"Fairview",2018,1,66,1月 2018,55,20
"Fairview",2018,3,78,3月 2018,66,18.1818181818182
"Fairview",2018,5,92,5月 2018,78,17.9487179487179
"Fairview",2018,7,103,7月 2018,92,11.9565217391304
"Fairview",2018,9,66,9月 2018,103,-35.9223300970874
"Fairview",2018,11,69,11月 2018,66,4.54545454545455
"Fairview",2019,1,69,1月 2019,69,0
"Fairview",2019,3,113,3月 2019,69,63.768115942029
"Fairview",2019,5,100,5月 2019,113,-11.5044247787611
"Fairview",2019,7,98,7月 2019,100,-2
"Fairview",2019,9,89,9月 2019,98,-9.18367346938776
"Fairview",2019,11,90,11月 2019,89,1.12359550561798
"Fairview",2020,1,68,1月 2020,90,-24.4444444444444
"Fairview",2020,3,80,3月 2020,68,17.6470588235294
"Fairview",2020,5,62,5月 2020,80,-22.5
"Fairview",2020,7,85,7月 2020,62,37.0967741935484
"Fairview",2020,9,70,9月 2020,85,-17.6470588235294
"Fairview",2020,11,73,11月 2020,70,4.28571428571429
"Fairview",2021,1,43,1月 2021,73,-41.0958904109589
"Fairview",2021,3,52,3月 2021,43,20.9302325581395
"Fairview",2021,5,69,5月 2021,52,32.6923076923077
"Fairview",2021,7,73,7月 2021,69,5.79710144927536
"Fairview",2021,9,46,9月 2021,73,-36.986301369863
"Fairview",2021,11,48,11月 2021,46,4.34782608695652
"Fairview",2022,1,50,1月 2022,48,4.16666666666667
"Fairview",2022,3,56,3月 2022,50,12
"Fairview",2022,5,80,5月 2022,56,42.8571428571429
"Fairview",2022,7,58,7月 2022,80,-27.5
"Fairview",2022,9,67,9月 2022,58,15.5172413793103
"Fairview",2022,11,42,11月 2022,67,-37.3134328358209
"Fairview",2023,1,38,1月 2023,42,-9.52380952380952
"Fairview",2023,3,67,3月 2023,38,76.3157894736842
"Fairview",2023,5,97,5月 2023,67,44.7761194029851
"Fairview",2023,7,89,7月 2023,97,-8.24742268041237
"Fairview",2023,9,57,9月 2023,89,-35.9550561797753
"Fairview",2023,11,41,11月 2023,57,-28.0701754385965
"Fairview",2024,1,37,1月 2024,41,-9.75609756097561
"Fairview",2024,3,60,3月 2024,37,62.1621621621622
"Fairview",2024,5,83,5月 2024,60,38.3333333333333
"Fairview",2024,7,68,7月 2024,83,-18.0722891566265
"Fairview",2024,9,63,9月 2024,68,-7.35294117647059
"Fairview",2024,11,43,11月 2024,63,-31.7460317460317
"Fairview",2025,1,41,1月 2025,43,-4.65116279069767
"Fairview",2025,3,30,3月 2025,41,-26.8292682926829
"Grandview-Woodland",2003,1,85,1月 2003,NA,NA
"Grandview-Woodland",2003,3,101,3月 2003,85,18.8235294117647
"Grandview-Woodland",2003,5,139,5月 2003,101,37.6237623762376
"Grandview-Woodland",2003,7,109,7月 2003,139,-21.5827338129496
"Grandview-Woodland",2003,9,126,9月 2003,109,15.5963302752294
"Grandview-Woodland",2003,11,87,11月 2003,126,-30.952380952381
"Grandview-Woodland",2004,1,71,1月 2004,87,-18.3908045977011
"Grandview-Woodland",2004,3,95,3月 2004,71,33.8028169014084
"Grandview-Woodland",2004,5,110,5月 2004,95,15.7894736842105
"Grandview-Woodland",2004,7,88,7月 2004,110,-20
"Grandview-Woodland",2004,9,111,9月 2004,88,26.1363636363636
"Grandview-Woodland",2004,11,108,11月 2004,111,-2.7027027027027
"Grandview-Woodland",2005,1,65,1月 2005,108,-39.8148148148148
"Grandview-Woodland",2005,3,72,3月 2005,65,10.7692307692308
"Grandview-Woodland",2005,5,101,5月 2005,72,40.2777777777778
"Grandview-Woodland",2005,7,110,7月 2005,101,8.91089108910891
"Grandview-Woodland",2005,9,91,9月 2005,110,-17.2727272727273
"Grandview-Woodland",2005,11,49,11月 2005,91,-46.1538461538462
"Grandview-Woodland",2006,1,62,1月 2006,49,26.530612244898
"Grandview-Woodland",2006,3,84,3月 2006,62,35.4838709677419
"Grandview-Woodland",2006,5,80,5月 2006,84,-4.76190476190476
"Grandview-Woodland",2006,7,93,7月 2006,80,16.25
"Grandview-Woodland",2006,9,128,9月 2006,93,37.6344086021505
"Grandview-Woodland",2006,11,108,11月 2006,128,-15.625
"Grandview-Woodland",2007,1,95,1月 2007,108,-12.037037037037
"Grandview-Woodland",2007,3,72,3月 2007,95,-24.2105263157895
"Grandview-Woodland",2007,5,94,5月 2007,72,30.5555555555556
"Grandview-Woodland",2007,7,81,7月 2007,94,-13.8297872340426
"Grandview-Woodland",2007,9,101,9月 2007,81,24.6913580246914
"Grandview-Woodland",2007,11,72,11月 2007,101,-28.7128712871287
"Grandview-Woodland",2008,1,49,1月 2008,72,-31.9444444444444
"Grandview-Woodland",2008,3,65,3月 2008,49,32.6530612244898
"Grandview-Woodland",2008,5,65,5月 2008,65,0
"Grandview-Woodland",2008,7,69,7月 2008,65,6.15384615384615
"Grandview-Woodland",2008,9,78,9月 2008,69,13.0434782608696
"Grandview-Woodland",2008,11,59,11月 2008,78,-24.3589743589744
"Grandview-Woodland",2009,1,42,1月 2009,59,-28.8135593220339
"Grandview-Woodland",2009,3,68,3月 2009,42,61.9047619047619
"Grandview-Woodland",2009,5,63,5月 2009,68,-7.35294117647059
"Grandview-Woodland",2009,7,67,7月 2009,63,6.34920634920635
"Grandview-Woodland",2009,9,66,9月 2009,67,-1.49253731343284
"Grandview-Woodland",2009,11,56,11月 2009,66,-15.1515151515152
"Grandview-Woodland",2010,1,36,1月 2010,56,-35.7142857142857
"Grandview-Woodland",2010,3,45,3月 2010,36,25
"Grandview-Woodland",2010,5,58,5月 2010,45,28.8888888888889
"Grandview-Woodland",2010,7,66,7月 2010,58,13.7931034482759
"Grandview-Woodland",2010,9,48,9月 2010,66,-27.2727272727273
"Grandview-Woodland",2010,11,50,11月 2010,48,4.16666666666667
"Grandview-Woodland",2011,1,50,1月 2011,50,0
"Grandview-Woodland",2011,3,78,3月 2011,50,56
"Grandview-Woodland",2011,5,58,5月 2011,78,-25.6410256410256
"Grandview-Woodland",2011,7,65,7月 2011,58,12.0689655172414
"Grandview-Woodland",2011,9,63,9月 2011,65,-3.07692307692308
"Grandview-Woodland",2011,11,47,11月 2011,63,-25.3968253968254
"Grandview-Woodland",2012,1,39,1月 2012,47,-17.0212765957447
"Grandview-Woodland",2012,3,67,3月 2012,39,71.7948717948718
"Grandview-Woodland",2012,5,66,5月 2012,67,-1.49253731343284
"Grandview-Woodland",2012,7,67,7月 2012,66,1.51515151515152
"Grandview-Woodland",2012,9,56,9月 2012,67,-16.4179104477612
"Grandview-Woodland",2012,11,72,11月 2012,56,28.5714285714286
"Grandview-Woodland",2013,1,42,1月 2013,72,-41.6666666666667
"Grandview-Woodland",2013,3,63,3月 2013,42,50
"Grandview-Woodland",2013,5,75,5月 2013,63,19.047619047619
"Grandview-Woodland",2013,7,76,7月 2013,75,1.33333333333333
"Grandview-Woodland",2013,9,75,9月 2013,76,-1.31578947368421
"Grandview-Woodland",2013,11,33,11月 2013,75,-56
"Grandview-Woodland",2014,1,44,1月 2014,33,33.3333333333333
"Grandview-Woodland",2014,3,65,3月 2014,44,47.7272727272727
"Grandview-Woodland",2014,5,77,5月 2014,65,18.4615384615385
"Grandview-Woodland",2014,7,77,7月 2014,77,0
"Grandview-Woodland",2014,9,55,9月 2014,77,-28.5714285714286
"Grandview-Woodland",2014,11,52,11月 2014,55,-5.45454545454545
"Grandview-Woodland",2015,1,46,1月 2015,52,-11.5384615384615
"Grandview-Woodland",2015,3,53,3月 2015,46,15.2173913043478
"Grandview-Woodland",2015,5,76,5月 2015,53,43.3962264150943
"Grandview-Woodland",2015,7,77,7月 2015,76,1.31578947368421
"Grandview-Woodland",2015,9,59,9月 2015,77,-23.3766233766234
"Grandview-Woodland",2015,11,72,11月 2015,59,22.0338983050847
"Grandview-Woodland",2016,1,64,1月 2016,72,-11.1111111111111
"Grandview-Woodland",2016,3,81,3月 2016,64,26.5625
"Grandview-Woodland",2016,5,77,5月 2016,81,-4.93827160493827
"Grandview-Woodland",2016,7,92,7月 2016,77,19.4805194805195
"Grandview-Woodland",2016,9,86,9月 2016,92,-6.52173913043478
"Grandview-Woodland",2016,11,56,11月 2016,86,-34.8837209302326
"Grandview-Woodland",2017,1,58,1月 2017,56,3.57142857142857
"Grandview-Woodland",2017,3,75,3月 2017,58,29.3103448275862
"Grandview-Woodland",2017,5,70,5月 2017,75,-6.66666666666667
"Grandview-Woodland",2017,7,92,7月 2017,70,31.4285714285714
"Grandview-Woodland",2017,9,93,9月 2017,92,1.08695652173913
"Grandview-Woodland",2017,11,82,11月 2017,93,-11.8279569892473
"Grandview-Woodland",2018,1,62,1月 2018,82,-24.390243902439
"Grandview-Woodland",2018,3,77,3月 2018,62,24.1935483870968
"Grandview-Woodland",2018,5,70,5月 2018,77,-9.09090909090909
"Grandview-Woodland",2018,7,73,7月 2018,70,4.28571428571429
"Grandview-Woodland",2018,9,64,9月 2018,73,-12.3287671232877
"Grandview-Woodland",2018,11,53,11月 2018,64,-17.1875
"Grandview-Woodland",2019,1,60,1月 2019,53,13.2075471698113
"Grandview-Woodland",2019,3,69,3月 2019,60,15
"Grandview-Woodland",2019,5,65,5月 2019,69,-5.79710144927536
"Grandview-Woodland",2019,7,74,7月 2019,65,13.8461538461538
"Grandview-Woodland",2019,9,72,9月 2019,74,-2.7027027027027
"Grandview-Woodland",2019,11,53,11月 2019,72,-26.3888888888889
"Grandview-Woodland",2020,1,46,1月 2020,53,-13.2075471698113
"Grandview-Woodland",2020,3,75,3月 2020,46,63.0434782608696
"Grandview-Woodland",2020,5,41,5月 2020,75,-45.3333333333333
"Grandview-Woodland",2020,7,64,7月 2020,41,56.0975609756098
"Grandview-Woodland",2020,9,52,9月 2020,64,-18.75
"Grandview-Woodland",2020,11,45,11月 2020,52,-13.4615384615385
"Grandview-Woodland",2021,1,55,1月 2021,45,22.2222222222222
"Grandview-Woodland",2021,3,49,3月 2021,55,-10.9090909090909
"Grandview-Woodland",2021,5,44,5月 2021,49,-10.2040816326531
"Grandview-Woodland",2021,7,50,7月 2021,44,13.6363636363636
"Grandview-Woodland",2021,9,52,9月 2021,50,4
"Grandview-Woodland",2021,11,53,11月 2021,52,1.92307692307692
"Grandview-Woodland",2022,1,45,1月 2022,53,-15.0943396226415
"Grandview-Woodland",2022,3,51,3月 2022,45,13.3333333333333
"Grandview-Woodland",2022,5,52,5月 2022,51,1.96078431372549
"Grandview-Woodland",2022,7,59,7月 2022,52,13.4615384615385
"Grandview-Woodland",2022,9,30,9月 2022,59,-49.1525423728814
"Grandview-Woodland",2022,11,27,11月 2022,30,-10
"Grandview-Woodland",2023,1,30,1月 2023,27,11.1111111111111
"Grandview-Woodland",2023,3,55,3月 2023,30,83.3333333333333
"Grandview-Woodland",2023,5,41,5月 2023,55,-25.4545454545455
"Grandview-Woodland",2023,7,55,7月 2023,41,34.1463414634146
"Grandview-Woodland",2023,9,62,9月 2023,55,12.7272727272727
"Grandview-Woodland",2023,11,31,11月 2023,62,-50
"Grandview-Woodland",2024,1,39,1月 2024,31,25.8064516129032
"Grandview-Woodland",2024,3,35,3月 2024,39,-10.2564102564103
"Grandview-Woodland",2024,5,48,5月 2024,35,37.1428571428571
"Grandview-Woodland",2024,7,41,7月 2024,48,-14.5833333333333
"Grandview-Woodland",2024,9,57,9月 2024,41,39.0243902439024
"Grandview-Woodland",2024,11,32,11月 2024,57,-43.859649122807
"Grandview-Woodland",2025,1,39,1月 2025,32,21.875
"Grandview-Woodland",2025,3,14,3月 2025,39,-64.1025641025641
"Hastings-Sunrise",2003,1,36,1月 2003,NA,NA
"Hastings-Sunrise",2003,3,60,3月 2003,36,66.6666666666667
"Hastings-Sunrise",2003,5,62,5月 2003,60,3.33333333333333
"Hastings-Sunrise",2003,7,40,7月 2003,62,-35.4838709677419
"Hastings-Sunrise",2003,9,62,9月 2003,40,55
"Hastings-Sunrise",2003,11,56,11月 2003,62,-9.67741935483871
"Hastings-Sunrise",2004,1,46,1月 2004,56,-17.8571428571429
"Hastings-Sunrise",2004,3,46,3月 2004,46,0
"Hastings-Sunrise",2004,5,56,5月 2004,46,21.7391304347826
"Hastings-Sunrise",2004,7,84,7月 2004,56,50
"Hastings-Sunrise",2004,9,50,9月 2004,84,-40.4761904761905
"Hastings-Sunrise",2004,11,34,11月 2004,50,-32
"Hastings-Sunrise",2005,1,29,1月 2005,34,-14.7058823529412
"Hastings-Sunrise",2005,3,38,3月 2005,29,31.0344827586207
"Hastings-Sunrise",2005,5,51,5月 2005,38,34.2105263157895
"Hastings-Sunrise",2005,7,52,7月 2005,51,1.96078431372549
"Hastings-Sunrise",2005,9,36,9月 2005,52,-30.7692307692308
"Hastings-Sunrise",2005,11,43,11月 2005,36,19.4444444444444
"Hastings-Sunrise",2006,1,19,1月 2006,43,-55.8139534883721
"Hastings-Sunrise",2006,3,35,3月 2006,19,84.2105263157895
"Hastings-Sunrise",2006,5,44,5月 2006,35,25.7142857142857
"Hastings-Sunrise",2006,7,50,7月 2006,44,13.6363636363636
"Hastings-Sunrise",2006,9,67,9月 2006,50,34
"Hastings-Sunrise",2006,11,40,11月 2006,67,-40.2985074626866
"Hastings-Sunrise",2007,1,34,1月 2007,40,-15
"Hastings-Sunrise",2007,3,39,3月 2007,34,14.7058823529412
"Hastings-Sunrise",2007,5,48,5月 2007,39,23.0769230769231
"Hastings-Sunrise",2007,7,59,7月 2007,48,22.9166666666667
"Hastings-Sunrise",2007,9,37,9月 2007,59,-37.2881355932203
"Hastings-Sunrise",2007,11,32,11月 2007,37,-13.5135135135135
"Hastings-Sunrise",2008,1,25,1月 2008,32,-21.875
"Hastings-Sunrise",2008,3,24,3月 2008,25,-4
"Hastings-Sunrise",2008,5,59,5月 2008,24,145.833333333333
"Hastings-Sunrise",2008,7,45,7月 2008,59,-23.728813559322
"Hastings-Sunrise",2008,9,49,9月 2008,45,8.88888888888889
"Hastings-Sunrise",2008,11,42,11月 2008,49,-14.2857142857143
"Hastings-Sunrise",2009,1,32,1月 2009,42,-23.8095238095238
"Hastings-Sunrise",2009,3,30,3月 2009,32,-6.25
"Hastings-Sunrise",2009,5,41,5月 2009,30,36.6666666666667
"Hastings-Sunrise",2009,7,44,7月 2009,41,7.31707317073171
"Hastings-Sunrise",2009,9,42,9月 2009,44,-4.54545454545455
"Hastings-Sunrise",2009,11,31,11月 2009,42,-26.1904761904762
"Hastings-Sunrise",2010,1,29,1月 2010,31,-6.45161290322581
"Hastings-Sunrise",2010,3,31,3月 2010,29,6.89655172413793
"Hastings-Sunrise",2010,5,47,5月 2010,31,51.6129032258064
"Hastings-Sunrise",2010,7,53,7月 2010,47,12.7659574468085
"Hastings-Sunrise",2010,9,37,9月 2010,53,-30.188679245283
"Hastings-Sunrise",2010,11,29,11月 2010,37,-21.6216216216216
"Hastings-Sunrise",2011,1,25,1月 2011,29,-13.7931034482759
"Hastings-Sunrise",2011,3,31,3月 2011,25,24
"Hastings-Sunrise",2011,5,36,5月 2011,31,16.1290322580645
"Hastings-Sunrise",2011,7,47,7月 2011,36,30.5555555555556
"Hastings-Sunrise",2011,9,38,9月 2011,47,-19.1489361702128
"Hastings-Sunrise",2011,11,31,11月 2011,38,-18.4210526315789
"Hastings-Sunrise",2012,1,18,1月 2012,31,-41.9354838709677
"Hastings-Sunrise",2012,3,43,3月 2012,18,138.888888888889
"Hastings-Sunrise",2012,5,56,5月 2012,43,30.2325581395349
"Hastings-Sunrise",2012,7,43,7月 2012,56,-23.2142857142857
"Hastings-Sunrise",2012,9,39,9月 2012,43,-9.30232558139535
"Hastings-Sunrise",2012,11,24,11月 2012,39,-38.4615384615385
"Hastings-Sunrise",2013,1,24,1月 2013,24,0
"Hastings-Sunrise",2013,3,29,3月 2013,24,20.8333333333333
"Hastings-Sunrise",2013,5,34,5月 2013,29,17.2413793103448
"Hastings-Sunrise",2013,7,30,7月 2013,34,-11.7647058823529
"Hastings-Sunrise",2013,9,33,9月 2013,30,10
"Hastings-Sunrise",2013,11,19,11月 2013,33,-42.4242424242424
"Hastings-Sunrise",2014,1,31,1月 2014,19,63.1578947368421
"Hastings-Sunrise",2014,3,43,3月 2014,31,38.7096774193548
"Hastings-Sunrise",2014,5,45,5月 2014,43,4.65116279069767
"Hastings-Sunrise",2014,7,32,7月 2014,45,-28.8888888888889
"Hastings-Sunrise",2014,9,30,9月 2014,32,-6.25
"Hastings-Sunrise",2014,11,26,11月 2014,30,-13.3333333333333
"Hastings-Sunrise",2015,1,20,1月 2015,26,-23.0769230769231
"Hastings-Sunrise",2015,3,28,3月 2015,20,40
"Hastings-Sunrise",2015,5,44,5月 2015,28,57.1428571428571
"Hastings-Sunrise",2015,7,32,7月 2015,44,-27.2727272727273
"Hastings-Sunrise",2015,9,31,9月 2015,32,-3.125
"Hastings-Sunrise",2015,11,32,11月 2015,31,3.2258064516129
"Hastings-Sunrise",2016,1,31,1月 2016,32,-3.125
"Hastings-Sunrise",2016,3,51,3月 2016,31,64.5161290322581
"Hastings-Sunrise",2016,5,43,5月 2016,51,-15.6862745098039
"Hastings-Sunrise",2016,7,31,7月 2016,43,-27.906976744186
"Hastings-Sunrise",2016,9,41,9月 2016,31,32.258064516129
"Hastings-Sunrise",2016,11,32,11月 2016,41,-21.9512195121951
"Hastings-Sunrise",2017,1,37,1月 2017,32,15.625
"Hastings-Sunrise",2017,3,50,3月 2017,37,35.1351351351351
"Hastings-Sunrise",2017,5,41,5月 2017,50,-18
"Hastings-Sunrise",2017,7,50,7月 2017,41,21.9512195121951
"Hastings-Sunrise",2017,9,36,9月 2017,50,-28
"Hastings-Sunrise",2017,11,36,11月 2017,36,0
"Hastings-Sunrise",2018,1,29,1月 2018,36,-19.4444444444444
"Hastings-Sunrise",2018,3,38,3月 2018,29,31.0344827586207
"Hastings-Sunrise",2018,5,48,5月 2018,38,26.3157894736842
"Hastings-Sunrise",2018,7,45,7月 2018,48,-6.25
"Hastings-Sunrise",2018,9,37,9月 2018,45,-17.7777777777778
"Hastings-Sunrise",2018,11,31,11月 2018,37,-16.2162162162162
"Hastings-Sunrise",2019,1,55,1月 2019,31,77.4193548387097
"Hastings-Sunrise",2019,3,28,3月 2019,55,-49.0909090909091
"Hastings-Sunrise",2019,5,43,5月 2019,28,53.5714285714286
"Hastings-Sunrise",2019,7,60,7月 2019,43,39.5348837209302
"Hastings-Sunrise",2019,9,57,9月 2019,60,-5
"Hastings-Sunrise",2019,11,37,11月 2019,57,-35.0877192982456
"Hastings-Sunrise",2020,1,31,1月 2020,37,-16.2162162162162
"Hastings-Sunrise",2020,3,35,3月 2020,31,12.9032258064516
"Hastings-Sunrise",2020,5,38,5月 2020,35,8.57142857142857
"Hastings-Sunrise",2020,7,28,7月 2020,38,-26.3157894736842
"Hastings-Sunrise",2020,9,34,9月 2020,28,21.4285714285714
"Hastings-Sunrise",2020,11,23,11月 2020,34,-32.3529411764706
"Hastings-Sunrise",2021,1,24,1月 2021,23,4.34782608695652
"Hastings-Sunrise",2021,3,23,3月 2021,24,-4.16666666666667
"Hastings-Sunrise",2021,5,38,5月 2021,23,65.2173913043478
"Hastings-Sunrise",2021,7,23,7月 2021,38,-39.4736842105263
"Hastings-Sunrise",2021,9,24,9月 2021,23,4.34782608695652
"Hastings-Sunrise",2021,11,13,11月 2021,24,-45.8333333333333
"Hastings-Sunrise",2022,1,15,1月 2022,13,15.3846153846154
"Hastings-Sunrise",2022,3,22,3月 2022,15,46.6666666666667
"Hastings-Sunrise",2022,5,28,5月 2022,22,27.2727272727273
"Hastings-Sunrise",2022,7,28,7月 2022,28,0
"Hastings-Sunrise",2022,9,20,9月 2022,28,-28.5714285714286
"Hastings-Sunrise",2022,11,25,11月 2022,20,25
"Hastings-Sunrise",2023,1,12,1月 2023,25,-52
"Hastings-Sunrise",2023,3,32,3月 2023,12,166.666666666667
"Hastings-Sunrise",2023,5,18,5月 2023,32,-43.75
"Hastings-Sunrise",2023,7,21,7月 2023,18,16.6666666666667
"Hastings-Sunrise",2023,9,28,9月 2023,21,33.3333333333333
"Hastings-Sunrise",2023,11,17,11月 2023,28,-39.2857142857143
"Hastings-Sunrise",2024,1,20,1月 2024,17,17.6470588235294
"Hastings-Sunrise",2024,3,23,3月 2024,20,15
"Hastings-Sunrise",2024,5,25,5月 2024,23,8.69565217391304
"Hastings-Sunrise",2024,7,17,7月 2024,25,-32
"Hastings-Sunrise",2024,9,27,9月 2024,17,58.8235294117647
"Hastings-Sunrise",2024,11,17,11月 2024,27,-37.037037037037
"Hastings-Sunrise",2025,1,24,1月 2025,17,41.1764705882353
"Hastings-Sunrise",2025,3,5,3月 2025,24,-79.1666666666667
"Kensington-Cedar Cottage",2003,1,55,1月 2003,NA,NA
"Kensington-Cedar Cottage",2003,3,67,3月 2003,55,21.8181818181818
"Kensington-Cedar Cottage",2003,5,64,5月 2003,67,-4.47761194029851
"Kensington-Cedar Cottage",2003,7,76,7月 2003,64,18.75
"Kensington-Cedar Cottage",2003,9,60,9月 2003,76,-21.0526315789474
"Kensington-Cedar Cottage",2003,11,39,11月 2003,60,-35
"Kensington-Cedar Cottage",2004,1,53,1月 2004,39,35.8974358974359
"Kensington-Cedar Cottage",2004,3,52,3月 2004,53,-1.88679245283019
"Kensington-Cedar Cottage",2004,5,61,5月 2004,52,17.3076923076923
"Kensington-Cedar Cottage",2004,7,52,7月 2004,61,-14.7540983606557
"Kensington-Cedar Cottage",2004,9,68,9月 2004,52,30.7692307692308
"Kensington-Cedar Cottage",2004,11,91,11月 2004,68,33.8235294117647
"Kensington-Cedar Cottage",2005,1,56,1月 2005,91,-38.4615384615385
"Kensington-Cedar Cottage",2005,3,56,3月 2005,56,0
"Kensington-Cedar Cottage",2005,5,64,5月 2005,56,14.2857142857143
"Kensington-Cedar Cottage",2005,7,66,7月 2005,64,3.125
"Kensington-Cedar Cottage",2005,9,52,9月 2005,66,-21.2121212121212
"Kensington-Cedar Cottage",2005,11,68,11月 2005,52,30.7692307692308
"Kensington-Cedar Cottage",2006,1,58,1月 2006,68,-14.7058823529412
"Kensington-Cedar Cottage",2006,3,55,3月 2006,58,-5.17241379310345
"Kensington-Cedar Cottage",2006,5,46,5月 2006,55,-16.3636363636364
"Kensington-Cedar Cottage",2006,7,61,7月 2006,46,32.6086956521739
"Kensington-Cedar Cottage",2006,9,49,9月 2006,61,-19.672131147541
"Kensington-Cedar Cottage",2006,11,49,11月 2006,49,0
"Kensington-Cedar Cottage",2007,1,31,1月 2007,49,-36.734693877551
"Kensington-Cedar Cottage",2007,3,50,3月 2007,31,61.2903225806452
"Kensington-Cedar Cottage",2007,5,63,5月 2007,50,26
"Kensington-Cedar Cottage",2007,7,63,7月 2007,63,0
"Kensington-Cedar Cottage",2007,9,59,9月 2007,63,-6.34920634920635
"Kensington-Cedar Cottage",2007,11,44,11月 2007,59,-25.4237288135593
"Kensington-Cedar Cottage",2008,1,41,1月 2008,44,-6.81818181818182
"Kensington-Cedar Cottage",2008,3,32,3月 2008,41,-21.9512195121951
"Kensington-Cedar Cottage",2008,5,59,5月 2008,32,84.375
"Kensington-Cedar Cottage",2008,7,51,7月 2008,59,-13.5593220338983
"Kensington-Cedar Cottage",2008,9,50,9月 2008,51,-1.96078431372549
"Kensington-Cedar Cottage",2008,11,31,11月 2008,50,-38
"Kensington-Cedar Cottage",2009,1,55,1月 2009,31,77.4193548387097
"Kensington-Cedar Cottage",2009,3,38,3月 2009,55,-30.9090909090909
"Kensington-Cedar Cottage",2009,5,46,5月 2009,38,21.0526315789474
"Kensington-Cedar Cottage",2009,7,51,7月 2009,46,10.8695652173913
"Kensington-Cedar Cottage",2009,9,54,9月 2009,51,5.88235294117647
"Kensington-Cedar Cottage",2009,11,38,11月 2009,54,-29.6296296296296
"Kensington-Cedar Cottage",2010,1,40,1月 2010,38,5.26315789473684
"Kensington-Cedar Cottage",2010,3,51,3月 2010,40,27.5
"Kensington-Cedar Cottage",2010,5,53,5月 2010,51,3.92156862745098
"Kensington-Cedar Cottage",2010,7,51,7月 2010,53,-3.77358490566038
"Kensington-Cedar Cottage",2010,9,52,9月 2010,51,1.96078431372549
"Kensington-Cedar Cottage",2010,11,33,11月 2010,52,-36.5384615384615
"Kensington-Cedar Cottage",2011,1,37,1月 2011,33,12.1212121212121
"Kensington-Cedar Cottage",2011,3,50,3月 2011,37,35.1351351351351
"Kensington-Cedar Cottage",2011,5,46,5月 2011,50,-8
"Kensington-Cedar Cottage",2011,7,46,7月 2011,46,0
"Kensington-Cedar Cottage",2011,9,39,9月 2011,46,-15.2173913043478
"Kensington-Cedar Cottage",2011,11,26,11月 2011,39,-33.3333333333333
"Kensington-Cedar Cottage",2012,1,27,1月 2012,26,3.84615384615385
"Kensington-Cedar Cottage",2012,3,35,3月 2012,27,29.6296296296296
"Kensington-Cedar Cottage",2012,5,47,5月 2012,35,34.2857142857143
"Kensington-Cedar Cottage",2012,7,44,7月 2012,47,-6.38297872340426
"Kensington-Cedar Cottage",2012,9,60,9月 2012,44,36.3636363636364
"Kensington-Cedar Cottage",2012,11,40,11月 2012,60,-33.3333333333333
"Kensington-Cedar Cottage",2013,1,47,1月 2013,40,17.5
"Kensington-Cedar Cottage",2013,3,51,3月 2013,47,8.51063829787234
"Kensington-Cedar Cottage",2013,5,47,5月 2013,51,-7.84313725490196
"Kensington-Cedar Cottage",2013,7,53,7月 2013,47,12.7659574468085
"Kensington-Cedar Cottage",2013,9,51,9月 2013,53,-3.77358490566038
"Kensington-Cedar Cottage",2013,11,40,11月 2013,51,-21.5686274509804
"Kensington-Cedar Cottage",2014,1,42,1月 2014,40,5
"Kensington-Cedar Cottage",2014,3,34,3月 2014,42,-19.047619047619
"Kensington-Cedar Cottage",2014,5,61,5月 2014,34,79.4117647058823
"Kensington-Cedar Cottage",2014,7,71,7月 2014,61,16.3934426229508
"Kensington-Cedar Cottage",2014,9,53,9月 2014,71,-25.3521126760563
"Kensington-Cedar Cottage",2014,11,47,11月 2014,53,-11.3207547169811
"Kensington-Cedar Cottage",2015,1,32,1月 2015,47,-31.9148936170213
"Kensington-Cedar Cottage",2015,3,47,3月 2015,32,46.875
"Kensington-Cedar Cottage",2015,5,51,5月 2015,47,8.51063829787234
"Kensington-Cedar Cottage",2015,7,64,7月 2015,51,25.4901960784314
"Kensington-Cedar Cottage",2015,9,43,9月 2015,64,-32.8125
"Kensington-Cedar Cottage",2015,11,37,11月 2015,43,-13.953488372093
"Kensington-Cedar Cottage",2016,1,41,1月 2016,37,10.8108108108108
"Kensington-Cedar Cottage",2016,3,52,3月 2016,41,26.8292682926829
"Kensington-Cedar Cottage",2016,5,53,5月 2016,52,1.92307692307692
"Kensington-Cedar Cottage",2016,7,50,7月 2016,53,-5.66037735849057
"Kensington-Cedar Cottage",2016,9,42,9月 2016,50,-16
"Kensington-Cedar Cottage",2016,11,45,11月 2016,42,7.14285714285714
"Kensington-Cedar Cottage",2017,1,17,1月 2017,45,-62.2222222222222
"Kensington-Cedar Cottage",2017,3,37,3月 2017,17,117.647058823529
"Kensington-Cedar Cottage",2017,5,53,5月 2017,37,43.2432432432432
"Kensington-Cedar Cottage",2017,7,44,7月 2017,53,-16.9811320754717
"Kensington-Cedar Cottage",2017,9,56,9月 2017,44,27.2727272727273
"Kensington-Cedar Cottage",2017,11,36,11月 2017,56,-35.7142857142857
"Kensington-Cedar Cottage",2018,1,37,1月 2018,36,2.77777777777778
"Kensington-Cedar Cottage",2018,3,30,3月 2018,37,-18.9189189189189
"Kensington-Cedar Cottage",2018,5,51,5月 2018,30,70
"Kensington-Cedar Cottage",2018,7,43,7月 2018,51,-15.6862745098039
"Kensington-Cedar Cottage",2018,9,44,9月 2018,43,2.32558139534884
"Kensington-Cedar Cottage",2018,11,26,11月 2018,44,-40.9090909090909
"Kensington-Cedar Cottage",2019,1,32,1月 2019,26,23.0769230769231
"Kensington-Cedar Cottage",2019,3,43,3月 2019,32,34.375
"Kensington-Cedar Cottage",2019,5,55,5月 2019,43,27.906976744186
"Kensington-Cedar Cottage",2019,7,44,7月 2019,55,-20
"Kensington-Cedar Cottage",2019,9,45,9月 2019,44,2.27272727272727
"Kensington-Cedar Cottage",2019,11,35,11月 2019,45,-22.2222222222222
"Kensington-Cedar Cottage",2020,1,30,1月 2020,35,-14.2857142857143
"Kensington-Cedar Cottage",2020,3,44,3月 2020,30,46.6666666666667
"Kensington-Cedar Cottage",2020,5,42,5月 2020,44,-4.54545454545455
"Kensington-Cedar Cottage",2020,7,52,7月 2020,42,23.8095238095238
"Kensington-Cedar Cottage",2020,9,34,9月 2020,52,-34.6153846153846
"Kensington-Cedar Cottage",2020,11,24,11月 2020,34,-29.4117647058824
"Kensington-Cedar Cottage",2021,1,33,1月 2021,24,37.5
"Kensington-Cedar Cottage",2021,3,24,3月 2021,33,-27.2727272727273
"Kensington-Cedar Cottage",2021,5,33,5月 2021,24,37.5
"Kensington-Cedar Cottage",2021,7,49,7月 2021,33,48.4848484848485
"Kensington-Cedar Cottage",2021,9,30,9月 2021,49,-38.7755102040816
"Kensington-Cedar Cottage",2021,11,17,11月 2021,30,-43.3333333333333
"Kensington-Cedar Cottage",2022,1,21,1月 2022,17,23.5294117647059
"Kensington-Cedar Cottage",2022,3,45,3月 2022,21,114.285714285714
"Kensington-Cedar Cottage",2022,5,36,5月 2022,45,-20
"Kensington-Cedar Cottage",2022,7,36,7月 2022,36,0
"Kensington-Cedar Cottage",2022,9,26,9月 2022,36,-27.7777777777778
"Kensington-Cedar Cottage",2022,11,29,11月 2022,26,11.5384615384615
"Kensington-Cedar Cottage",2023,1,19,1月 2023,29,-34.4827586206897
"Kensington-Cedar Cottage",2023,3,29,3月 2023,19,52.6315789473684
"Kensington-Cedar Cottage",2023,5,36,5月 2023,29,24.1379310344828
"Kensington-Cedar Cottage",2023,7,39,7月 2023,36,8.33333333333333
"Kensington-Cedar Cottage",2023,9,53,9月 2023,39,35.8974358974359
"Kensington-Cedar Cottage",2023,11,21,11月 2023,53,-60.377358490566
"Kensington-Cedar Cottage",2024,1,27,1月 2024,21,28.5714285714286
"Kensington-Cedar Cottage",2024,3,34,3月 2024,27,25.9259259259259
"Kensington-Cedar Cottage",2024,5,40,5月 2024,34,17.6470588235294
"Kensington-Cedar Cottage",2024,7,25,7月 2024,40,-37.5
"Kensington-Cedar Cottage",2024,9,27,9月 2024,25,8
"Kensington-Cedar Cottage",2024,11,22,11月 2024,27,-18.5185185185185
"Kensington-Cedar Cottage",2025,1,24,1月 2025,22,9.09090909090909
"Kensington-Cedar Cottage",2025,3,10,3月 2025,24,-58.3333333333333
"Kerrisdale",2003,1,10,1月 2003,NA,NA
"Kerrisdale",2003,3,12,3月 2003,10,20
"Kerrisdale",2003,5,13,5月 2003,12,8.33333333333333
"Kerrisdale",2003,7,20,7月 2003,13,53.8461538461538
"Kerrisdale",2003,9,14,9月 2003,20,-30
"Kerrisdale",2003,11,12,11月 2003,14,-14.2857142857143
"Kerrisdale",2004,1,12,1月 2004,12,0
"Kerrisdale",2004,3,17,3月 2004,12,41.6666666666667
"Kerrisdale",2004,5,23,5月 2004,17,35.2941176470588
"Kerrisdale",2004,7,8,7月 2004,23,-65.2173913043478
"Kerrisdale",2004,9,23,9月 2004,8,187.5
"Kerrisdale",2004,11,15,11月 2004,23,-34.7826086956522
"Kerrisdale",2005,1,19,1月 2005,15,26.6666666666667
"Kerrisdale",2005,3,8,3月 2005,19,-57.8947368421053
"Kerrisdale",2005,5,26,5月 2005,8,225
"Kerrisdale",2005,7,8,7月 2005,26,-69.2307692307692
"Kerrisdale",2005,9,15,9月 2005,8,87.5
"Kerrisdale",2005,11,16,11月 2005,15,6.66666666666667
"Kerrisdale",2006,1,22,1月 2006,16,37.5
"Kerrisdale",2006,3,11,3月 2006,22,-50
"Kerrisdale",2006,5,8,5月 2006,11,-27.2727272727273
"Kerrisdale",2006,7,9,7月 2006,8,12.5
"Kerrisdale",2006,9,17,9月 2006,9,88.8888888888889
"Kerrisdale",2006,11,14,11月 2006,17,-17.6470588235294
"Kerrisdale",2007,1,11,1月 2007,14,-21.4285714285714
"Kerrisdale",2007,3,8,3月 2007,11,-27.2727272727273
"Kerrisdale",2007,5,13,5月 2007,8,62.5
"Kerrisdale",2007,7,17,7月 2007,13,30.7692307692308
"Kerrisdale",2007,9,12,9月 2007,17,-29.4117647058824
"Kerrisdale",2007,11,14,11月 2007,12,16.6666666666667
"Kerrisdale",2008,1,8,1月 2008,14,-42.8571428571429
"Kerrisdale",2008,3,15,3月 2008,8,87.5
"Kerrisdale",2008,5,16,5月 2008,15,6.66666666666667
"Kerrisdale",2008,7,18,7月 2008,16,12.5
"Kerrisdale",2008,9,9,9月 2008,18,-50
"Kerrisdale",2008,11,4,11月 2008,9,-55.5555555555556
"Kerrisdale",2009,1,17,1月 2009,4,325
"Kerrisdale",2009,3,15,3月 2009,17,-11.7647058823529
"Kerrisdale",2009,5,14,5月 2009,15,-6.66666666666667
"Kerrisdale",2009,7,18,7月 2009,14,28.5714285714286
"Kerrisdale",2009,9,10,9月 2009,18,-44.4444444444444
"Kerrisdale",2009,11,9,11月 2009,10,-10
"Kerrisdale",2010,1,8,1月 2010,9,-11.1111111111111
"Kerrisdale",2010,3,10,3月 2010,8,25
"Kerrisdale",2010,5,12,5月 2010,10,20
"Kerrisdale",2010,7,13,7月 2010,12,8.33333333333333
"Kerrisdale",2010,9,8,9月 2010,13,-38.4615384615385
"Kerrisdale",2010,11,17,11月 2010,8,112.5
"Kerrisdale",2011,1,10,1月 2011,17,-41.1764705882353
"Kerrisdale",2011,3,9,3月 2011,10,-10
"Kerrisdale",2011,5,11,5月 2011,9,22.2222222222222
"Kerrisdale",2011,7,10,7月 2011,11,-9.09090909090909
"Kerrisdale",2011,9,8,9月 2011,10,-20
"Kerrisdale",2011,11,16,11月 2011,8,100
"Kerrisdale",2012,1,10,1月 2012,16,-37.5
"Kerrisdale",2012,3,5,3月 2012,10,-50
"Kerrisdale",2012,5,12,5月 2012,5,140
"Kerrisdale",2012,7,12,7月 2012,12,0
"Kerrisdale",2012,9,25,9月 2012,12,108.333333333333
"Kerrisdale",2012,11,10,11月 2012,25,-60
"Kerrisdale",2013,1,9,1月 2013,10,-10
"Kerrisdale",2013,3,8,3月 2013,9,-11.1111111111111
"Kerrisdale",2013,5,5,5月 2013,8,-37.5
"Kerrisdale",2013,7,10,7月 2013,5,100
"Kerrisdale",2013,9,12,9月 2013,10,20
"Kerrisdale",2013,11,10,11月 2013,12,-16.6666666666667
"Kerrisdale",2014,1,7,1月 2014,10,-30
"Kerrisdale",2014,3,12,3月 2014,7,71.4285714285714
"Kerrisdale",2014,5,15,5月 2014,12,25
"Kerrisdale",2014,7,14,7月 2014,15,-6.66666666666667
"Kerrisdale",2014,9,15,9月 2014,14,7.14285714285714
"Kerrisdale",2014,11,10,11月 2014,15,-33.3333333333333
"Kerrisdale",2015,1,14,1月 2015,10,40
"Kerrisdale",2015,3,2,3月 2015,14,-85.7142857142857
"Kerrisdale",2015,5,7,5月 2015,2,250
"Kerrisdale",2015,7,16,7月 2015,7,128.571428571429
"Kerrisdale",2015,9,15,9月 2015,16,-6.25
"Kerrisdale",2015,11,4,11月 2015,15,-73.3333333333333
"Kerrisdale",2016,1,12,1月 2016,4,200
"Kerrisdale",2016,3,13,3月 2016,12,8.33333333333333
"Kerrisdale",2016,5,14,5月 2016,13,7.69230769230769
"Kerrisdale",2016,7,8,7月 2016,14,-42.8571428571429
"Kerrisdale",2016,9,11,9月 2016,8,37.5
"Kerrisdale",2016,11,9,11月 2016,11,-18.1818181818182
"Kerrisdale",2017,1,7,1月 2017,9,-22.2222222222222
"Kerrisdale",2017,3,8,3月 2017,7,14.2857142857143
"Kerrisdale",2017,5,11,5月 2017,8,37.5
"Kerrisdale",2017,7,10,7月 2017,11,-9.09090909090909
"Kerrisdale",2017,9,9,9月 2017,10,-10
"Kerrisdale",2017,11,15,11月 2017,9,66.6666666666667
"Kerrisdale",2018,1,5,1月 2018,15,-66.6666666666667
"Kerrisdale",2018,3,9,3月 2018,5,80
"Kerrisdale",2018,5,13,5月 2018,9,44.4444444444444
"Kerrisdale",2018,7,10,7月 2018,13,-23.0769230769231
"Kerrisdale",2018,9,14,9月 2018,10,40
"Kerrisdale",2018,11,6,11月 2018,14,-57.1428571428571
"Kerrisdale",2019,1,15,1月 2019,6,150
"Kerrisdale",2019,3,18,3月 2019,15,20
"Kerrisdale",2019,5,9,5月 2019,18,-50
"Kerrisdale",2019,7,19,7月 2019,9,111.111111111111
"Kerrisdale",2019,9,24,9月 2019,19,26.3157894736842
"Kerrisdale",2019,11,12,11月 2019,24,-50
"Kerrisdale",2020,1,15,1月 2020,12,25
"Kerrisdale",2020,3,7,3月 2020,15,-53.3333333333333
"Kerrisdale",2020,5,9,5月 2020,7,28.5714285714286
"Kerrisdale",2020,7,10,7月 2020,9,11.1111111111111
"Kerrisdale",2020,9,14,9月 2020,10,40
"Kerrisdale",2020,11,6,11月 2020,14,-57.1428571428571
"Kerrisdale",2021,1,5,1月 2021,6,-16.6666666666667
"Kerrisdale",2021,3,14,3月 2021,5,180
"Kerrisdale",2021,5,20,5月 2021,14,42.8571428571429
"Kerrisdale",2021,7,17,7月 2021,20,-15
"Kerrisdale",2021,9,7,9月 2021,17,-58.8235294117647
"Kerrisdale",2021,11,3,11月 2021,7,-57.1428571428571
"Kerrisdale",2022,1,9,1月 2022,3,200
"Kerrisdale",2022,3,6,3月 2022,9,-33.3333333333333
"Kerrisdale",2022,5,7,5月 2022,6,16.6666666666667
"Kerrisdale",2022,7,1,7月 2022,7,-85.7142857142857
"Kerrisdale",2022,9,3,9月 2022,1,200
"Kerrisdale",2022,11,3,11月 2022,3,0
"Kerrisdale",2023,1,3,1月 2023,3,0
"Kerrisdale",2023,3,8,3月 2023,3,166.666666666667
"Kerrisdale",2023,5,6,5月 2023,8,-25
"Kerrisdale",2023,7,6,7月 2023,6,0
"Kerrisdale",2023,9,13,9月 2023,6,116.666666666667
"Kerrisdale",2023,11,8,11月 2023,13,-38.4615384615385
"Kerrisdale",2024,1,6,1月 2024,8,-25
"Kerrisdale",2024,3,10,3月 2024,6,66.6666666666667
"Kerrisdale",2024,5,11,5月 2024,10,10
"Kerrisdale",2024,7,7,7月 2024,11,-36.3636363636364
"Kerrisdale",2024,9,6,9月 2024,7,-14.2857142857143
"Kerrisdale",2024,11,10,11月 2024,6,66.6666666666667
"Kerrisdale",2025,1,9,1月 2025,10,-10
"Kerrisdale",2025,3,6,3月 2025,9,-33.3333333333333
"Killarney",2003,1,34,1月 2003,NA,NA
"Killarney",2003,3,26,3月 2003,34,-23.5294117647059
"Killarney",2003,5,28,5月 2003,26,7.69230769230769
"Killarney",2003,7,37,7月 2003,28,32.1428571428571
"Killarney",2003,9,20,9月 2003,37,-45.9459459459459
"Killarney",2003,11,27,11月 2003,20,35
"Killarney",2004,1,26,1月 2004,27,-3.7037037037037
"Killarney",2004,3,41,3月 2004,26,57.6923076923077
"Killarney",2004,5,32,5月 2004,41,-21.9512195121951
"Killarney",2004,7,24,7月 2004,32,-25
"Killarney",2004,9,42,9月 2004,24,75
"Killarney",2004,11,31,11月 2004,42,-26.1904761904762
"Killarney",2005,1,27,1月 2005,31,-12.9032258064516
"Killarney",2005,3,28,3月 2005,27,3.7037037037037
"Killarney",2005,5,43,5月 2005,28,53.5714285714286
"Killarney",2005,7,31,7月 2005,43,-27.906976744186
"Killarney",2005,9,30,9月 2005,31,-3.2258064516129
"Killarney",2005,11,32,11月 2005,30,6.66666666666667
"Killarney",2006,1,23,1月 2006,32,-28.125
"Killarney",2006,3,34,3月 2006,23,47.8260869565217
"Killarney",2006,5,35,5月 2006,34,2.94117647058824
"Killarney",2006,7,28,7月 2006,35,-20
"Killarney",2006,9,31,9月 2006,28,10.7142857142857
"Killarney",2006,11,28,11月 2006,31,-9.67741935483871
"Killarney",2007,1,22,1月 2007,28,-21.4285714285714
"Killarney",2007,3,21,3月 2007,22,-4.54545454545455
"Killarney",2007,5,23,5月 2007,21,9.52380952380952
"Killarney",2007,7,21,7月 2007,23,-8.69565217391304
"Killarney",2007,9,30,9月 2007,21,42.8571428571429
"Killarney",2007,11,22,11月 2007,30,-26.6666666666667
"Killarney",2008,1,18,1月 2008,22,-18.1818181818182
"Killarney",2008,3,22,3月 2008,18,22.2222222222222
"Killarney",2008,5,17,5月 2008,22,-22.7272727272727
"Killarney",2008,7,19,7月 2008,17,11.7647058823529
"Killarney",2008,9,19,9月 2008,19,0
"Killarney",2008,11,18,11月 2008,19,-5.26315789473684
"Killarney",2009,1,19,1月 2009,18,5.55555555555556
"Killarney",2009,3,23,3月 2009,19,21.0526315789474
"Killarney",2009,5,20,5月 2009,23,-13.0434782608696
"Killarney",2009,7,24,7月 2009,20,20
"Killarney",2009,9,16,9月 2009,24,-33.3333333333333
"Killarney",2009,11,19,11月 2009,16,18.75
"Killarney",2010,1,11,1月 2010,19,-42.1052631578947
"Killarney",2010,3,19,3月 2010,11,72.7272727272727
"Killarney",2010,5,24,5月 2010,19,26.3157894736842
"Killarney",2010,7,19,7月 2010,24,-20.8333333333333
"Killarney",2010,9,23,9月 2010,19,21.0526315789474
"Killarney",2010,11,21,11月 2010,23,-8.69565217391304
"Killarney",2011,1,22,1月 2011,21,4.76190476190476
"Killarney",2011,3,21,3月 2011,22,-4.54545454545455
"Killarney",2011,5,19,5月 2011,21,-9.52380952380952
"Killarney",2011,7,16,7月 2011,19,-15.7894736842105
"Killarney",2011,9,25,9月 2011,16,56.25
"Killarney",2011,11,17,11月 2011,25,-32
"Killarney",2012,1,10,1月 2012,17,-41.1764705882353
"Killarney",2012,3,15,3月 2012,10,50
"Killarney",2012,5,19,5月 2012,15,26.6666666666667
"Killarney",2012,7,16,7月 2012,19,-15.7894736842105
"Killarney",2012,9,28,9月 2012,16,75
"Killarney",2012,11,15,11月 2012,28,-46.4285714285714
"Killarney",2013,1,20,1月 2013,15,33.3333333333333
"Killarney",2013,3,21,3月 2013,20,5
"Killarney",2013,5,16,5月 2013,21,-23.8095238095238
"Killarney",2013,7,20,7月 2013,16,25
"Killarney",2013,9,18,9月 2013,20,-10
"Killarney",2013,11,11,11月 2013,18,-38.8888888888889
"Killarney",2014,1,24,1月 2014,11,118.181818181818
"Killarney",2014,3,20,3月 2014,24,-16.6666666666667
"Killarney",2014,5,16,5月 2014,20,-20
"Killarney",2014,7,29,7月 2014,16,81.25
"Killarney",2014,9,28,9月 2014,29,-3.44827586206897
"Killarney",2014,11,23,11月 2014,28,-17.8571428571429
"Killarney",2015,1,14,1月 2015,23,-39.1304347826087
"Killarney",2015,3,22,3月 2015,14,57.1428571428571
"Killarney",2015,5,29,5月 2015,22,31.8181818181818
"Killarney",2015,7,13,7月 2015,29,-55.1724137931034
"Killarney",2015,9,17,9月 2015,13,30.7692307692308
"Killarney",2015,11,25,11月 2015,17,47.0588235294118
"Killarney",2016,1,11,1月 2016,25,-56
"Killarney",2016,3,16,3月 2016,11,45.4545454545455
"Killarney",2016,5,30,5月 2016,16,87.5
"Killarney",2016,7,15,7月 2016,30,-50
"Killarney",2016,9,13,9月 2016,15,-13.3333333333333
"Killarney",2016,11,20,11月 2016,13,53.8461538461538
"Killarney",2017,1,22,1月 2017,20,10
"Killarney",2017,3,14,3月 2017,22,-36.3636363636364
"Killarney",2017,5,26,5月 2017,14,85.7142857142857
"Killarney",2017,7,21,7月 2017,26,-19.2307692307692
"Killarney",2017,9,17,9月 2017,21,-19.047619047619
"Killarney",2017,11,13,11月 2017,17,-23.5294117647059
"Killarney",2018,1,24,1月 2018,13,84.6153846153846
"Killarney",2018,3,20,3月 2018,24,-16.6666666666667
"Killarney",2018,5,15,5月 2018,20,-25
"Killarney",2018,7,17,7月 2018,15,13.3333333333333
"Killarney",2018,9,23,9月 2018,17,35.2941176470588
"Killarney",2018,11,14,11月 2018,23,-39.1304347826087
"Killarney",2019,1,11,1月 2019,14,-21.4285714285714
"Killarney",2019,3,12,3月 2019,11,9.09090909090909
"Killarney",2019,5,21,5月 2019,12,75
"Killarney",2019,7,26,7月 2019,21,23.8095238095238
"Killarney",2019,9,24,9月 2019,26,-7.69230769230769
"Killarney",2019,11,21,11月 2019,24,-12.5
"Killarney",2020,1,11,1月 2020,21,-47.6190476190476
"Killarney",2020,3,16,3月 2020,11,45.4545454545455
"Killarney",2020,5,15,5月 2020,16,-6.25
"Killarney",2020,7,19,7月 2020,15,26.6666666666667
"Killarney",2020,9,18,9月 2020,19,-5.26315789473684
"Killarney",2020,11,10,11月 2020,18,-44.4444444444444
"Killarney",2021,1,18,1月 2021,10,80
"Killarney",2021,3,19,3月 2021,18,5.55555555555556
"Killarney",2021,5,22,5月 2021,19,15.7894736842105
"Killarney",2021,7,12,7月 2021,22,-45.4545454545455
"Killarney",2021,9,9,9月 2021,12,-25
"Killarney",2021,11,11,11月 2021,9,22.2222222222222
"Killarney",2022,1,10,1月 2022,11,-9.09090909090909
"Killarney",2022,3,13,3月 2022,10,30
"Killarney",2022,5,13,5月 2022,13,0
"Killarney",2022,7,7,7月 2022,13,-46.1538461538462
"Killarney",2022,9,15,9月 2022,7,114.285714285714
"Killarney",2022,11,12,11月 2022,15,-20
"Killarney",2023,1,17,1月 2023,12,41.6666666666667
"Killarney",2023,3,14,3月 2023,17,-17.6470588235294
"Killarney",2023,5,10,5月 2023,14,-28.5714285714286
"Killarney",2023,7,15,7月 2023,10,50
"Killarney",2023,9,9,9月 2023,15,-40
"Killarney",2023,11,10,11月 2023,9,11.1111111111111
"Killarney",2024,1,14,1月 2024,10,40
"Killarney",2024,3,10,3月 2024,14,-28.5714285714286
"Killarney",2024,5,17,5月 2024,10,70
"Killarney",2024,7,9,7月 2024,17,-47.0588235294118
"Killarney",2024,9,21,9月 2024,9,133.333333333333
"Killarney",2024,11,16,11月 2024,21,-23.8095238095238
"Killarney",2025,1,12,1月 2025,16,-25
"Killarney",2025,3,6,3月 2025,12,-50
"Kitsilano",2003,1,92,1月 2003,NA,NA
"Kitsilano",2003,3,76,3月 2003,92,-17.3913043478261
"Kitsilano",2003,5,114,5月 2003,76,50
"Kitsilano",2003,7,98,7月 2003,114,-14.0350877192982
"Kitsilano",2003,9,75,9月 2003,98,-23.469387755102
"Kitsilano",2003,11,81,11月 2003,75,8
"Kitsilano",2004,1,69,1月 2004,81,-14.8148148148148
"Kitsilano",2004,3,78,3月 2004,69,13.0434782608696
"Kitsilano",2004,5,93,5月 2004,78,19.2307692307692
"Kitsilano",2004,7,82,7月 2004,93,-11.8279569892473
"Kitsilano",2004,9,101,9月 2004,82,23.1707317073171
"Kitsilano",2004,11,78,11月 2004,101,-22.7722772277228
"Kitsilano",2005,1,51,1月 2005,78,-34.6153846153846
"Kitsilano",2005,3,74,3月 2005,51,45.0980392156863
"Kitsilano",2005,5,110,5月 2005,74,48.6486486486486
"Kitsilano",2005,7,109,7月 2005,110,-0.909090909090909
"Kitsilano",2005,9,87,9月 2005,109,-20.1834862385321
"Kitsilano",2005,11,72,11月 2005,87,-17.2413793103448
"Kitsilano",2006,1,53,1月 2006,72,-26.3888888888889
"Kitsilano",2006,3,61,3月 2006,53,15.0943396226415
"Kitsilano",2006,5,89,5月 2006,61,45.9016393442623
"Kitsilano",2006,7,102,7月 2006,89,14.6067415730337
"Kitsilano",2006,9,90,9月 2006,102,-11.7647058823529
"Kitsilano",2006,11,88,11月 2006,90,-2.22222222222222
"Kitsilano",2007,1,57,1月 2007,88,-35.2272727272727
"Kitsilano",2007,3,83,3月 2007,57,45.6140350877193
"Kitsilano",2007,5,90,5月 2007,83,8.43373493975904
"Kitsilano",2007,7,65,7月 2007,90,-27.7777777777778
"Kitsilano",2007,9,72,9月 2007,65,10.7692307692308
"Kitsilano",2007,11,63,11月 2007,72,-12.5
"Kitsilano",2008,1,73,1月 2008,63,15.8730158730159
"Kitsilano",2008,3,66,3月 2008,73,-9.58904109589041
"Kitsilano",2008,5,76,5月 2008,66,15.1515151515152
"Kitsilano",2008,7,61,7月 2008,76,-19.7368421052632
"Kitsilano",2008,9,62,9月 2008,61,1.63934426229508
"Kitsilano",2008,11,62,11月 2008,62,0
"Kitsilano",2009,1,51,1月 2009,62,-17.741935483871
"Kitsilano",2009,3,47,3月 2009,51,-7.84313725490196
"Kitsilano",2009,5,57,5月 2009,47,21.2765957446809
"Kitsilano",2009,7,64,7月 2009,57,12.280701754386
"Kitsilano",2009,9,55,9月 2009,64,-14.0625
"Kitsilano",2009,11,57,11月 2009,55,3.63636363636364
"Kitsilano",2010,1,33,1月 2010,57,-42.1052631578947
"Kitsilano",2010,3,34,3月 2010,33,3.03030303030303
"Kitsilano",2010,5,50,5月 2010,34,47.0588235294118
"Kitsilano",2010,7,57,7月 2010,50,14
"Kitsilano",2010,9,35,9月 2010,57,-38.5964912280702
"Kitsilano",2010,11,37,11月 2010,35,5.71428571428571
"Kitsilano",2011,1,47,1月 2011,37,27.027027027027
"Kitsilano",2011,3,54,3月 2011,47,14.8936170212766
"Kitsilano",2011,5,55,5月 2011,54,1.85185185185185
"Kitsilano",2011,7,76,7月 2011,55,38.1818181818182
"Kitsilano",2011,9,69,9月 2011,76,-9.21052631578947
"Kitsilano",2011,11,41,11月 2011,69,-40.5797101449275
"Kitsilano",2012,1,42,1月 2012,41,2.4390243902439
"Kitsilano",2012,3,35,3月 2012,42,-16.6666666666667
"Kitsilano",2012,5,58,5月 2012,35,65.7142857142857
"Kitsilano",2012,7,70,7月 2012,58,20.6896551724138
"Kitsilano",2012,9,78,9月 2012,70,11.4285714285714
"Kitsilano",2012,11,40,11月 2012,78,-48.7179487179487
"Kitsilano",2013,1,47,1月 2013,40,17.5
"Kitsilano",2013,3,53,3月 2013,47,12.7659574468085
"Kitsilano",2013,5,64,5月 2013,53,20.7547169811321
"Kitsilano",2013,7,54,7月 2013,64,-15.625
"Kitsilano",2013,9,60,9月 2013,54,11.1111111111111
"Kitsilano",2013,11,46,11月 2013,60,-23.3333333333333
"Kitsilano",2014,1,34,1月 2014,46,-26.0869565217391
"Kitsilano",2014,3,37,3月 2014,34,8.82352941176471
"Kitsilano",2014,5,48,5月 2014,37,29.7297297297297
"Kitsilano",2014,7,40,7月 2014,48,-16.6666666666667
"Kitsilano",2014,9,69,9月 2014,40,72.5
"Kitsilano",2014,11,39,11月 2014,69,-43.4782608695652
"Kitsilano",2015,1,32,1月 2015,39,-17.9487179487179
"Kitsilano",2015,3,41,3月 2015,32,28.125
"Kitsilano",2015,5,52,5月 2015,41,26.8292682926829
"Kitsilano",2015,7,57,7月 2015,52,9.61538461538461
"Kitsilano",2015,9,63,9月 2015,57,10.5263157894737
"Kitsilano",2015,11,68,11月 2015,63,7.93650793650794
"Kitsilano",2016,1,53,1月 2016,68,-22.0588235294118
"Kitsilano",2016,3,52,3月 2016,53,-1.88679245283019
"Kitsilano",2016,5,62,5月 2016,52,19.2307692307692
"Kitsilano",2016,7,67,7月 2016,62,8.06451612903226
"Kitsilano",2016,9,61,9月 2016,67,-8.95522388059701
"Kitsilano",2016,11,39,11月 2016,61,-36.0655737704918
"Kitsilano",2017,1,35,1月 2017,39,-10.2564102564103
"Kitsilano",2017,3,38,3月 2017,35,8.57142857142857
"Kitsilano",2017,5,62,5月 2017,38,63.1578947368421
"Kitsilano",2017,7,86,7月 2017,62,38.7096774193548
"Kitsilano",2017,9,41,9月 2017,86,-52.3255813953488
"Kitsilano",2017,11,39,11月 2017,41,-4.8780487804878
"Kitsilano",2018,1,31,1月 2018,39,-20.5128205128205
"Kitsilano",2018,3,42,3月 2018,31,35.4838709677419
"Kitsilano",2018,5,61,5月 2018,42,45.2380952380952
"Kitsilano",2018,7,66,7月 2018,61,8.19672131147541
"Kitsilano",2018,9,77,9月 2018,66,16.6666666666667
"Kitsilano",2018,11,34,11月 2018,77,-55.8441558441558
"Kitsilano",2019,1,38,1月 2019,34,11.7647058823529
"Kitsilano",2019,3,56,3月 2019,38,47.3684210526316
"Kitsilano",2019,5,59,5月 2019,56,5.35714285714286
"Kitsilano",2019,7,59,7月 2019,59,0
"Kitsilano",2019,9,69,9月 2019,59,16.9491525423729
"Kitsilano",2019,11,47,11月 2019,69,-31.8840579710145
"Kitsilano",2020,1,51,1月 2020,47,8.51063829787234
"Kitsilano",2020,3,61,3月 2020,51,19.6078431372549
"Kitsilano",2020,5,47,5月 2020,61,-22.9508196721311
"Kitsilano",2020,7,62,7月 2020,47,31.9148936170213
"Kitsilano",2020,9,50,9月 2020,62,-19.3548387096774
"Kitsilano",2020,11,40,11月 2020,50,-20
"Kitsilano",2021,1,30,1月 2021,40,-25
"Kitsilano",2021,3,39,3月 2021,30,30
"Kitsilano",2021,5,50,5月 2021,39,28.2051282051282
"Kitsilano",2021,7,55,7月 2021,50,10
"Kitsilano",2021,9,24,9月 2021,55,-56.3636363636364
"Kitsilano",2021,11,24,11月 2021,24,0
"Kitsilano",2022,1,26,1月 2022,24,8.33333333333333
"Kitsilano",2022,3,35,3月 2022,26,34.6153846153846
"Kitsilano",2022,5,35,5月 2022,35,0
"Kitsilano",2022,7,36,7月 2022,35,2.85714285714286
"Kitsilano",2022,9,51,9月 2022,36,41.6666666666667
"Kitsilano",2022,11,19,11月 2022,51,-62.7450980392157
"Kitsilano",2023,1,23,1月 2023,19,21.0526315789474
"Kitsilano",2023,3,29,3月 2023,23,26.0869565217391
"Kitsilano",2023,5,47,5月 2023,29,62.0689655172414
"Kitsilano",2023,7,52,7月 2023,47,10.6382978723404
"Kitsilano",2023,9,38,9月 2023,52,-26.9230769230769
"Kitsilano",2023,11,26,11月 2023,38,-31.5789473684211
"Kitsilano",2024,1,31,1月 2024,26,19.2307692307692
"Kitsilano",2024,3,33,3月 2024,31,6.45161290322581
"Kitsilano",2024,5,48,5月 2024,33,45.4545454545455
"Kitsilano",2024,7,58,7月 2024,48,20.8333333333333
"Kitsilano",2024,9,50,9月 2024,58,-13.7931034482759
"Kitsilano",2024,11,19,11月 2024,50,-62
"Kitsilano",2025,1,26,1月 2025,19,36.8421052631579
"Kitsilano",2025,3,12,3月 2025,26,-53.8461538461538
"Marpole",2003,1,25,1月 2003,NA,NA
"Marpole",2003,3,25,3月 2003,25,0
"Marpole",2003,5,32,5月 2003,25,28
"Marpole",2003,7,37,7月 2003,32,15.625
"Marpole",2003,9,37,9月 2003,37,0
"Marpole",2003,11,41,11月 2003,37,10.8108108108108
"Marpole",2004,1,30,1月 2004,41,-26.8292682926829
"Marpole",2004,3,45,3月 2004,30,50
"Marpole",2004,5,35,5月 2004,45,-22.2222222222222
"Marpole",2004,7,36,7月 2004,35,2.85714285714286
"Marpole",2004,9,36,9月 2004,36,0
"Marpole",2004,11,36,11月 2004,36,0
"Marpole",2005,1,37,1月 2005,36,2.77777777777778
"Marpole",2005,3,50,3月 2005,37,35.1351351351351
"Marpole",2005,5,42,5月 2005,50,-16
"Marpole",2005,7,29,7月 2005,42,-30.952380952381
"Marpole",2005,9,33,9月 2005,29,13.7931034482759
"Marpole",2005,11,30,11月 2005,33,-9.09090909090909
"Marpole",2006,1,23,1月 2006,30,-23.3333333333333
"Marpole",2006,3,35,3月 2006,23,52.1739130434783
"Marpole",2006,5,33,5月 2006,35,-5.71428571428571
"Marpole",2006,7,40,7月 2006,33,21.2121212121212
"Marpole",2006,9,32,9月 2006,40,-20
"Marpole",2006,11,21,11月 2006,32,-34.375
"Marpole",2007,1,23,1月 2007,21,9.52380952380952
"Marpole",2007,3,28,3月 2007,23,21.7391304347826
"Marpole",2007,5,34,5月 2007,28,21.4285714285714
"Marpole",2007,7,37,7月 2007,34,8.82352941176471
"Marpole",2007,9,34,9月 2007,37,-8.10810810810811
"Marpole",2007,11,27,11月 2007,34,-20.5882352941176
"Marpole",2008,1,27,1月 2008,27,0
"Marpole",2008,3,34,3月 2008,27,25.9259259259259
"Marpole",2008,5,28,5月 2008,34,-17.6470588235294
"Marpole",2008,7,37,7月 2008,28,32.1428571428571
"Marpole",2008,9,35,9月 2008,37,-5.40540540540541
"Marpole",2008,11,22,11月 2008,35,-37.1428571428571
"Marpole",2009,1,35,1月 2009,22,59.0909090909091
"Marpole",2009,3,14,3月 2009,35,-60
"Marpole",2009,5,22,5月 2009,14,57.1428571428571
"Marpole",2009,7,46,7月 2009,22,109.090909090909
"Marpole",2009,9,20,9月 2009,46,-56.5217391304348
"Marpole",2009,11,18,11月 2009,20,-10
"Marpole",2010,1,14,1月 2010,18,-22.2222222222222
"Marpole",2010,3,19,3月 2010,14,35.7142857142857
"Marpole",2010,5,25,5月 2010,19,31.5789473684211
"Marpole",2010,7,21,7月 2010,25,-16
"Marpole",2010,9,19,9月 2010,21,-9.52380952380952
"Marpole",2010,11,28,11月 2010,19,47.3684210526316
"Marpole",2011,1,13,1月 2011,28,-53.5714285714286
"Marpole",2011,3,22,3月 2011,13,69.2307692307692
"Marpole",2011,5,26,5月 2011,22,18.1818181818182
"Marpole",2011,7,23,7月 2011,26,-11.5384615384615
"Marpole",2011,9,27,9月 2011,23,17.3913043478261
"Marpole",2011,11,26,11月 2011,27,-3.7037037037037
"Marpole",2012,1,18,1月 2012,26,-30.7692307692308
"Marpole",2012,3,28,3月 2012,18,55.5555555555556
"Marpole",2012,5,16,5月 2012,28,-42.8571428571429
"Marpole",2012,7,24,7月 2012,16,50
"Marpole",2012,9,23,9月 2012,24,-4.16666666666667
"Marpole",2012,11,29,11月 2012,23,26.0869565217391
"Marpole",2013,1,25,1月 2013,29,-13.7931034482759
"Marpole",2013,3,22,3月 2013,25,-12
"Marpole",2013,5,23,5月 2013,22,4.54545454545455
"Marpole",2013,7,30,7月 2013,23,30.4347826086957
"Marpole",2013,9,23,9月 2013,30,-23.3333333333333
"Marpole",2013,11,31,11月 2013,23,34.7826086956522
"Marpole",2014,1,18,1月 2014,31,-41.9354838709677
"Marpole",2014,3,13,3月 2014,18,-27.7777777777778
"Marpole",2014,5,22,5月 2014,13,69.2307692307692
"Marpole",2014,7,22,7月 2014,22,0
"Marpole",2014,9,22,9月 2014,22,0
"Marpole",2014,11,23,11月 2014,22,4.54545454545455
"Marpole",2015,1,32,1月 2015,23,39.1304347826087
"Marpole",2015,3,19,3月 2015,32,-40.625
"Marpole",2015,5,25,5月 2015,19,31.5789473684211
"Marpole",2015,7,26,7月 2015,25,4
"Marpole",2015,9,31,9月 2015,26,19.2307692307692
"Marpole",2015,11,19,11月 2015,31,-38.7096774193548
"Marpole",2016,1,17,1月 2016,19,-10.5263157894737
"Marpole",2016,3,21,3月 2016,17,23.5294117647059
"Marpole",2016,5,34,5月 2016,21,61.9047619047619
"Marpole",2016,7,37,7月 2016,34,8.82352941176471
"Marpole",2016,9,34,9月 2016,37,-8.10810810810811
"Marpole",2016,11,28,11月 2016,34,-17.6470588235294
"Marpole",2017,1,23,1月 2017,28,-17.8571428571429
"Marpole",2017,3,36,3月 2017,23,56.5217391304348
"Marpole",2017,5,32,5月 2017,36,-11.1111111111111
"Marpole",2017,7,22,7月 2017,32,-31.25
"Marpole",2017,9,23,9月 2017,22,4.54545454545455
"Marpole",2017,11,31,11月 2017,23,34.7826086956522
"Marpole",2018,1,34,1月 2018,31,9.67741935483871
"Marpole",2018,3,20,3月 2018,34,-41.1764705882353
"Marpole",2018,5,32,5月 2018,20,60
"Marpole",2018,7,20,7月 2018,32,-37.5
"Marpole",2018,9,27,9月 2018,20,35
"Marpole",2018,11,24,11月 2018,27,-11.1111111111111
"Marpole",2019,1,19,1月 2019,24,-20.8333333333333
"Marpole",2019,3,22,3月 2019,19,15.7894736842105
"Marpole",2019,5,44,5月 2019,22,100
"Marpole",2019,7,35,7月 2019,44,-20.4545454545455
"Marpole",2019,9,27,9月 2019,35,-22.8571428571429
"Marpole",2019,11,25,11月 2019,27,-7.40740740740741
"Marpole",2020,1,24,1月 2020,25,-4
"Marpole",2020,3,26,3月 2020,24,8.33333333333333
"Marpole",2020,5,17,5月 2020,26,-34.6153846153846
"Marpole",2020,7,20,7月 2020,17,17.6470588235294
"Marpole",2020,9,30,9月 2020,20,50
"Marpole",2020,11,23,11月 2020,30,-23.3333333333333
"Marpole",2021,1,33,1月 2021,23,43.4782608695652
"Marpole",2021,3,26,3月 2021,33,-21.2121212121212
"Marpole",2021,5,29,5月 2021,26,11.5384615384615
"Marpole",2021,7,34,7月 2021,29,17.2413793103448
"Marpole",2021,9,20,9月 2021,34,-41.1764705882353
"Marpole",2021,11,22,11月 2021,20,10
"Marpole",2022,1,28,1月 2022,22,27.2727272727273
"Marpole",2022,3,21,3月 2022,28,-25
"Marpole",2022,5,31,5月 2022,21,47.6190476190476
"Marpole",2022,7,39,7月 2022,31,25.8064516129032
"Marpole",2022,9,26,9月 2022,39,-33.3333333333333
"Marpole",2022,11,18,11月 2022,26,-30.7692307692308
"Marpole",2023,1,12,1月 2023,18,-33.3333333333333
"Marpole",2023,3,24,3月 2023,12,100
"Marpole",2023,5,30,5月 2023,24,25
"Marpole",2023,7,22,7月 2023,30,-26.6666666666667
"Marpole",2023,9,20,9月 2023,22,-9.09090909090909
"Marpole",2023,11,19,11月 2023,20,-5
"Marpole",2024,1,16,1月 2024,19,-15.7894736842105
"Marpole",2024,3,19,3月 2024,16,18.75
"Marpole",2024,5,24,5月 2024,19,26.3157894736842
"Marpole",2024,7,30,7月 2024,24,25
"Marpole",2024,9,25,9月 2024,30,-16.6666666666667
"Marpole",2024,11,25,11月 2024,25,0
"Marpole",2025,1,23,1月 2025,25,-8
"Marpole",2025,3,10,3月 2025,23,-56.5217391304348
"Mount Pleasant",2003,1,45,1月 2003,NA,NA
"Mount Pleasant",2003,3,60,3月 2003,45,33.3333333333333
"Mount Pleasant",2003,5,77,5月 2003,60,28.3333333333333
"Mount Pleasant",2003,7,98,7月 2003,77,27.2727272727273
"Mount Pleasant",2003,9,89,9月 2003,98,-9.18367346938776
"Mount Pleasant",2003,11,69,11月 2003,89,-22.4719101123596
"Mount Pleasant",2004,1,60,1月 2004,69,-13.0434782608696
"Mount Pleasant",2004,3,65,3月 2004,60,8.33333333333333
"Mount Pleasant",2004,5,95,5月 2004,65,46.1538461538462
"Mount Pleasant",2004,7,100,7月 2004,95,5.26315789473684
"Mount Pleasant",2004,9,83,9月 2004,100,-17
"Mount Pleasant",2004,11,79,11月 2004,83,-4.81927710843374
"Mount Pleasant",2005,1,97,1月 2005,79,22.7848101265823
"Mount Pleasant",2005,3,66,3月 2005,97,-31.9587628865979
"Mount Pleasant",2005,5,100,5月 2005,66,51.5151515151515
"Mount Pleasant",2005,7,101,7月 2005,100,1
"Mount Pleasant",2005,9,106,9月 2005,101,4.95049504950495
"Mount Pleasant",2005,11,67,11月 2005,106,-36.7924528301887
"Mount Pleasant",2006,1,76,1月 2006,67,13.4328358208955
"Mount Pleasant",2006,3,70,3月 2006,76,-7.89473684210526
"Mount Pleasant",2006,5,86,5月 2006,70,22.8571428571429
"Mount Pleasant",2006,7,87,7月 2006,86,1.16279069767442
"Mount Pleasant",2006,9,80,9月 2006,87,-8.04597701149425
"Mount Pleasant",2006,11,55,11月 2006,80,-31.25
"Mount Pleasant",2007,1,64,1月 2007,55,16.3636363636364
"Mount Pleasant",2007,3,57,3月 2007,64,-10.9375
"Mount Pleasant",2007,5,96,5月 2007,57,68.4210526315789
"Mount Pleasant",2007,7,89,7月 2007,96,-7.29166666666667
"Mount Pleasant",2007,9,59,9月 2007,89,-33.7078651685393
"Mount Pleasant",2007,11,68,11月 2007,59,15.2542372881356
"Mount Pleasant",2008,1,72,1月 2008,68,5.88235294117647
"Mount Pleasant",2008,3,87,3月 2008,72,20.8333333333333
"Mount Pleasant",2008,5,64,5月 2008,87,-26.4367816091954
"Mount Pleasant",2008,7,94,7月 2008,64,46.875
"Mount Pleasant",2008,9,103,9月 2008,94,9.57446808510638
"Mount Pleasant",2008,11,64,11月 2008,103,-37.8640776699029
"Mount Pleasant",2009,1,58,1月 2009,64,-9.375
"Mount Pleasant",2009,3,70,3月 2009,58,20.6896551724138
"Mount Pleasant",2009,5,68,5月 2009,70,-2.85714285714286
"Mount Pleasant",2009,7,92,7月 2009,68,35.2941176470588
"Mount Pleasant",2009,9,57,9月 2009,92,-38.0434782608696
"Mount Pleasant",2009,11,34,11月 2009,57,-40.3508771929825
"Mount Pleasant",2010,1,45,1月 2010,34,32.3529411764706
"Mount Pleasant",2010,3,52,3月 2010,45,15.5555555555556
"Mount Pleasant",2010,5,56,5月 2010,52,7.69230769230769
"Mount Pleasant",2010,7,69,7月 2010,56,23.2142857142857
"Mount Pleasant",2010,9,71,9月 2010,69,2.89855072463768
"Mount Pleasant",2010,11,47,11月 2010,71,-33.8028169014084
"Mount Pleasant",2011,1,42,1月 2011,47,-10.6382978723404
"Mount Pleasant",2011,3,56,3月 2011,42,33.3333333333333
"Mount Pleasant",2011,5,75,5月 2011,56,33.9285714285714
"Mount Pleasant",2011,7,92,7月 2011,75,22.6666666666667
"Mount Pleasant",2011,9,68,9月 2011,92,-26.0869565217391
"Mount Pleasant",2011,11,73,11月 2011,68,7.35294117647059
"Mount Pleasant",2012,1,60,1月 2012,73,-17.8082191780822
"Mount Pleasant",2012,3,60,3月 2012,60,0
"Mount Pleasant",2012,5,80,5月 2012,60,33.3333333333333
"Mount Pleasant",2012,7,67,7月 2012,80,-16.25
"Mount Pleasant",2012,9,102,9月 2012,67,52.2388059701493
"Mount Pleasant",2012,11,69,11月 2012,102,-32.3529411764706
"Mount Pleasant",2013,1,63,1月 2013,69,-8.69565217391304
"Mount Pleasant",2013,3,68,3月 2013,63,7.93650793650794
"Mount Pleasant",2013,5,97,5月 2013,68,42.6470588235294
"Mount Pleasant",2013,7,94,7月 2013,97,-3.09278350515464
"Mount Pleasant",2013,9,96,9月 2013,94,2.12765957446809
"Mount Pleasant",2013,11,61,11月 2013,96,-36.4583333333333
"Mount Pleasant",2014,1,53,1月 2014,61,-13.1147540983607
"Mount Pleasant",2014,3,86,3月 2014,53,62.2641509433962
"Mount Pleasant",2014,5,111,5月 2014,86,29.0697674418605
"Mount Pleasant",2014,7,122,7月 2014,111,9.90990990990991
"Mount Pleasant",2014,9,108,9月 2014,122,-11.4754098360656
"Mount Pleasant",2014,11,74,11月 2014,108,-31.4814814814815
"Mount Pleasant",2015,1,67,1月 2015,74,-9.45945945945946
"Mount Pleasant",2015,3,73,3月 2015,67,8.95522388059701
"Mount Pleasant",2015,5,101,5月 2015,73,38.3561643835616
"Mount Pleasant",2015,7,125,7月 2015,101,23.7623762376238
"Mount Pleasant",2015,9,84,9月 2015,125,-32.8
"Mount Pleasant",2015,11,73,11月 2015,84,-13.0952380952381
"Mount Pleasant",2016,1,75,1月 2016,73,2.73972602739726
"Mount Pleasant",2016,3,90,3月 2016,75,20
"Mount Pleasant",2016,5,137,5月 2016,90,52.2222222222222
"Mount Pleasant",2016,7,130,7月 2016,137,-5.10948905109489
"Mount Pleasant",2016,9,92,9月 2016,130,-29.2307692307692
"Mount Pleasant",2016,11,77,11月 2016,92,-16.304347826087
"Mount Pleasant",2017,1,72,1月 2017,77,-6.49350649350649
"Mount Pleasant",2017,3,106,3月 2017,72,47.2222222222222
"Mount Pleasant",2017,5,107,5月 2017,106,0.943396226415094
"Mount Pleasant",2017,7,106,7月 2017,107,-0.934579439252336
"Mount Pleasant",2017,9,114,9月 2017,106,7.54716981132075
"Mount Pleasant",2017,11,83,11月 2017,114,-27.1929824561403
"Mount Pleasant",2018,1,83,1月 2018,83,0
"Mount Pleasant",2018,3,96,3月 2018,83,15.6626506024096
"Mount Pleasant",2018,5,103,5月 2018,96,7.29166666666667
"Mount Pleasant",2018,7,85,7月 2018,103,-17.4757281553398
"Mount Pleasant",2018,9,92,9月 2018,85,8.23529411764706
"Mount Pleasant",2018,11,61,11月 2018,92,-33.695652173913
"Mount Pleasant",2019,1,63,1月 2019,61,3.27868852459016
"Mount Pleasant",2019,3,88,3月 2019,63,39.6825396825397
"Mount Pleasant",2019,5,109,5月 2019,88,23.8636363636364
"Mount Pleasant",2019,7,118,7月 2019,109,8.25688073394495
"Mount Pleasant",2019,9,102,9月 2019,118,-13.5593220338983
"Mount Pleasant",2019,11,99,11月 2019,102,-2.94117647058824
"Mount Pleasant",2020,1,69,1月 2020,99,-30.3030303030303
"Mount Pleasant",2020,3,101,3月 2020,69,46.3768115942029
"Mount Pleasant",2020,5,67,5月 2020,101,-33.6633663366337
"Mount Pleasant",2020,7,87,7月 2020,67,29.8507462686567
"Mount Pleasant",2020,9,85,9月 2020,87,-2.29885057471264
"Mount Pleasant",2020,11,54,11月 2020,85,-36.4705882352941
"Mount Pleasant",2021,1,65,1月 2021,54,20.3703703703704
"Mount Pleasant",2021,3,63,3月 2021,65,-3.07692307692308
"Mount Pleasant",2021,5,66,5月 2021,63,4.76190476190476
"Mount Pleasant",2021,7,68,7月 2021,66,3.03030303030303
"Mount Pleasant",2021,9,75,9月 2021,68,10.2941176470588
"Mount Pleasant",2021,11,66,11月 2021,75,-12
"Mount Pleasant",2022,1,58,1月 2022,66,-12.1212121212121
"Mount Pleasant",2022,3,67,3月 2022,58,15.5172413793103
"Mount Pleasant",2022,5,72,5月 2022,67,7.46268656716418
"Mount Pleasant",2022,7,86,7月 2022,72,19.4444444444444
"Mount Pleasant",2022,9,77,9月 2022,86,-10.4651162790698
"Mount Pleasant",2022,11,40,11月 2022,77,-48.0519480519481
"Mount Pleasant",2023,1,57,1月 2023,40,42.5
"Mount Pleasant",2023,3,62,3月 2023,57,8.7719298245614
"Mount Pleasant",2023,5,72,5月 2023,62,16.1290322580645
"Mount Pleasant",2023,7,88,7月 2023,72,22.2222222222222
"Mount Pleasant",2023,9,86,9月 2023,88,-2.27272727272727
"Mount Pleasant",2023,11,61,11月 2023,86,-29.0697674418605
"Mount Pleasant",2024,1,56,1月 2024,61,-8.19672131147541
"Mount Pleasant",2024,3,67,3月 2024,56,19.6428571428571
"Mount Pleasant",2024,5,56,5月 2024,67,-16.4179104477612
"Mount Pleasant",2024,7,85,7月 2024,56,51.7857142857143
"Mount Pleasant",2024,9,58,9月 2024,85,-31.7647058823529
"Mount Pleasant",2024,11,55,11月 2024,58,-5.17241379310345
"Mount Pleasant",2025,1,51,1月 2025,55,-7.27272727272727
"Mount Pleasant",2025,3,20,3月 2025,51,-60.7843137254902
"Oakridge",2003,1,33,1月 2003,NA,NA
"Oakridge",2003,3,31,3月 2003,33,-6.06060606060606
"Oakridge",2003,5,52,5月 2003,31,67.741935483871
"Oakridge",2003,7,17,7月 2003,52,-67.3076923076923
"Oakridge",2003,9,23,9月 2003,17,35.2941176470588
"Oakridge",2003,11,19,11月 2003,23,-17.3913043478261
"Oakridge",2004,1,28,1月 2004,19,47.3684210526316
"Oakridge",2004,3,48,3月 2004,28,71.4285714285714
"Oakridge",2004,5,21,5月 2004,48,-56.25
"Oakridge",2004,7,30,7月 2004,21,42.8571428571429
"Oakridge",2004,9,38,9月 2004,30,26.6666666666667
"Oakridge",2004,11,28,11月 2004,38,-26.3157894736842
"Oakridge",2005,1,28,1月 2005,28,0
"Oakridge",2005,3,31,3月 2005,28,10.7142857142857
"Oakridge",2005,5,23,5月 2005,31,-25.8064516129032
"Oakridge",2005,7,23,7月 2005,23,0
"Oakridge",2005,9,35,9月 2005,23,52.1739130434783
"Oakridge",2005,11,27,11月 2005,35,-22.8571428571429
"Oakridge",2006,1,27,1月 2006,27,0
"Oakridge",2006,3,27,3月 2006,27,0
"Oakridge",2006,5,21,5月 2006,27,-22.2222222222222
"Oakridge",2006,7,26,7月 2006,21,23.8095238095238
"Oakridge",2006,9,26,9月 2006,26,0
"Oakridge",2006,11,22,11月 2006,26,-15.3846153846154
"Oakridge",2007,1,15,1月 2007,22,-31.8181818181818
"Oakridge",2007,3,15,3月 2007,15,0
"Oakridge",2007,5,20,5月 2007,15,33.3333333333333
"Oakridge",2007,7,17,7月 2007,20,-15
"Oakridge",2007,9,27,9月 2007,17,58.8235294117647
"Oakridge",2007,11,20,11月 2007,27,-25.9259259259259
"Oakridge",2008,1,8,1月 2008,20,-60
"Oakridge",2008,3,26,3月 2008,8,225
"Oakridge",2008,5,24,5月 2008,26,-7.69230769230769
"Oakridge",2008,7,17,7月 2008,24,-29.1666666666667
"Oakridge",2008,9,21,9月 2008,17,23.5294117647059
"Oakridge",2008,11,28,11月 2008,21,33.3333333333333
"Oakridge",2009,1,25,1月 2009,28,-10.7142857142857
"Oakridge",2009,3,18,3月 2009,25,-28
"Oakridge",2009,5,18,5月 2009,18,0
"Oakridge",2009,7,18,7月 2009,18,0
"Oakridge",2009,9,21,9月 2009,18,16.6666666666667
"Oakridge",2009,11,21,11月 2009,21,0
"Oakridge",2010,1,21,1月 2010,21,0
"Oakridge",2010,3,18,3月 2010,21,-14.2857142857143
"Oakridge",2010,5,19,5月 2010,18,5.55555555555556
"Oakridge",2010,7,17,7月 2010,19,-10.5263157894737
"Oakridge",2010,9,30,9月 2010,17,76.4705882352941
"Oakridge",2010,11,25,11月 2010,30,-16.6666666666667
"Oakridge",2011,1,20,1月 2011,25,-20
"Oakridge",2011,3,31,3月 2011,20,55
"Oakridge",2011,5,22,5月 2011,31,-29.0322580645161
"Oakridge",2011,7,26,7月 2011,22,18.1818181818182
"Oakridge",2011,9,32,9月 2011,26,23.0769230769231
"Oakridge",2011,11,39,11月 2011,32,21.875
"Oakridge",2012,1,21,1月 2012,39,-46.1538461538462
"Oakridge",2012,3,22,3月 2012,21,4.76190476190476
"Oakridge",2012,5,29,5月 2012,22,31.8181818181818
"Oakridge",2012,7,37,7月 2012,29,27.5862068965517
"Oakridge",2012,9,28,9月 2012,37,-24.3243243243243
"Oakridge",2012,11,41,11月 2012,28,46.4285714285714
"Oakridge",2013,1,16,1月 2013,41,-60.9756097560976
"Oakridge",2013,3,20,3月 2013,16,25
"Oakridge",2013,5,18,5月 2013,20,-10
"Oakridge",2013,7,35,7月 2013,18,94.4444444444444
"Oakridge",2013,9,30,9月 2013,35,-14.2857142857143
"Oakridge",2013,11,33,11月 2013,30,10
"Oakridge",2014,1,32,1月 2014,33,-3.03030303030303
"Oakridge",2014,3,31,3月 2014,32,-3.125
"Oakridge",2014,5,28,5月 2014,31,-9.67741935483871
"Oakridge",2014,7,31,7月 2014,28,10.7142857142857
"Oakridge",2014,9,21,9月 2014,31,-32.258064516129
"Oakridge",2014,11,26,11月 2014,21,23.8095238095238
"Oakridge",2015,1,24,1月 2015,26,-7.69230769230769
"Oakridge",2015,3,20,3月 2015,24,-16.6666666666667
"Oakridge",2015,5,22,5月 2015,20,10
"Oakridge",2015,7,23,7月 2015,22,4.54545454545455
"Oakridge",2015,9,21,9月 2015,23,-8.69565217391304
"Oakridge",2015,11,21,11月 2015,21,0
"Oakridge",2016,1,16,1月 2016,21,-23.8095238095238
"Oakridge",2016,3,22,3月 2016,16,37.5
"Oakridge",2016,5,20,5月 2016,22,-9.09090909090909
"Oakridge",2016,7,22,7月 2016,20,10
"Oakridge",2016,9,18,9月 2016,22,-18.1818181818182
"Oakridge",2016,11,19,11月 2016,18,5.55555555555556
"Oakridge",2017,1,21,1月 2017,19,10.5263157894737
"Oakridge",2017,3,21,3月 2017,21,0
"Oakridge",2017,5,15,5月 2017,21,-28.5714285714286
"Oakridge",2017,7,21,7月 2017,15,40
"Oakridge",2017,9,29,9月 2017,21,38.0952380952381
"Oakridge",2017,11,17,11月 2017,29,-41.3793103448276
"Oakridge",2018,1,30,1月 2018,17,76.4705882352941
"Oakridge",2018,3,23,3月 2018,30,-23.3333333333333
"Oakridge",2018,5,22,5月 2018,23,-4.34782608695652
"Oakridge",2018,7,20,7月 2018,22,-9.09090909090909
"Oakridge",2018,9,17,9月 2018,20,-15
"Oakridge",2018,11,22,11月 2018,17,29.4117647058824
"Oakridge",2019,1,14,1月 2019,22,-36.3636363636364
"Oakridge",2019,3,21,3月 2019,14,50
"Oakridge",2019,5,32,5月 2019,21,52.3809523809524
"Oakridge",2019,7,22,7月 2019,32,-31.25
"Oakridge",2019,9,22,9月 2019,22,0
"Oakridge",2019,11,21,11月 2019,22,-4.54545454545455
"Oakridge",2020,1,16,1月 2020,21,-23.8095238095238
"Oakridge",2020,3,13,3月 2020,16,-18.75
"Oakridge",2020,5,11,5月 2020,13,-15.3846153846154
"Oakridge",2020,7,11,7月 2020,11,0
"Oakridge",2020,9,12,9月 2020,11,9.09090909090909
"Oakridge",2020,11,9,11月 2020,12,-25
"Oakridge",2021,1,3,1月 2021,9,-66.6666666666667
"Oakridge",2021,3,4,3月 2021,3,33.3333333333333
"Oakridge",2021,5,18,5月 2021,4,350
"Oakridge",2021,7,18,7月 2021,18,0
"Oakridge",2021,9,15,9月 2021,18,-16.6666666666667
"Oakridge",2021,11,7,11月 2021,15,-53.3333333333333
"Oakridge",2022,1,11,1月 2022,7,57.1428571428571
"Oakridge",2022,3,10,3月 2022,11,-9.09090909090909
"Oakridge",2022,5,14,5月 2022,10,40
"Oakridge",2022,7,14,7月 2022,14,0
"Oakridge",2022,9,11,9月 2022,14,-21.4285714285714
"Oakridge",2022,11,10,11月 2022,11,-9.09090909090909
"Oakridge",2023,1,6,1月 2023,10,-40
"Oakridge",2023,3,8,3月 2023,6,33.3333333333333
"Oakridge",2023,5,10,5月 2023,8,25
"Oakridge",2023,7,13,7月 2023,10,30
"Oakridge",2023,9,9,9月 2023,13,-30.7692307692308
"Oakridge",2023,11,9,11月 2023,9,0
"Oakridge",2024,1,4,1月 2024,9,-55.5555555555556
"Oakridge",2024,3,8,3月 2024,4,100
"Oakridge",2024,5,10,5月 2024,8,25
"Oakridge",2024,7,9,7月 2024,10,-10
"Oakridge",2024,9,14,9月 2024,9,55.5555555555556
"Oakridge",2024,11,12,11月 2024,14,-14.2857142857143
"Oakridge",2025,1,6,1月 2025,12,-50
"Oakridge",2025,3,9,3月 2025,6,50
"Renfrew-Collingwood",2003,1,53,1月 2003,NA,NA
"Renfrew-Collingwood",2003,3,57,3月 2003,53,7.54716981132075
"Renfrew-Collingwood",2003,5,99,5月 2003,57,73.6842105263158
"Renfrew-Collingwood",2003,7,73,7月 2003,99,-26.2626262626263
"Renfrew-Collingwood",2003,9,61,9月 2003,73,-16.4383561643836
"Renfrew-Collingwood",2003,11,61,11月 2003,61,0
"Renfrew-Collingwood",2004,1,45,1月 2004,61,-26.2295081967213
"Renfrew-Collingwood",2004,3,65,3月 2004,45,44.4444444444444
"Renfrew-Collingwood",2004,5,96,5月 2004,65,47.6923076923077
"Renfrew-Collingwood",2004,7,63,7月 2004,96,-34.375
"Renfrew-Collingwood",2004,9,87,9月 2004,63,38.0952380952381
"Renfrew-Collingwood",2004,11,83,11月 2004,87,-4.59770114942529
"Renfrew-Collingwood",2005,1,72,1月 2005,83,-13.2530120481928
"Renfrew-Collingwood",2005,3,62,3月 2005,72,-13.8888888888889
"Renfrew-Collingwood",2005,5,57,5月 2005,62,-8.06451612903226
"Renfrew-Collingwood",2005,7,54,7月 2005,57,-5.26315789473684
"Renfrew-Collingwood",2005,9,70,9月 2005,54,29.6296296296296
"Renfrew-Collingwood",2005,11,61,11月 2005,70,-12.8571428571429
"Renfrew-Collingwood",2006,1,71,1月 2006,61,16.3934426229508
"Renfrew-Collingwood",2006,3,56,3月 2006,71,-21.1267605633803
"Renfrew-Collingwood",2006,5,80,5月 2006,56,42.8571428571429
"Renfrew-Collingwood",2006,7,97,7月 2006,80,21.25
"Renfrew-Collingwood",2006,9,75,9月 2006,97,-22.680412371134
"Renfrew-Collingwood",2006,11,77,11月 2006,75,2.66666666666667
"Renfrew-Collingwood",2007,1,61,1月 2007,77,-20.7792207792208
"Renfrew-Collingwood",2007,3,68,3月 2007,61,11.4754098360656
"Renfrew-Collingwood",2007,5,75,5月 2007,68,10.2941176470588
"Renfrew-Collingwood",2007,7,82,7月 2007,75,9.33333333333333
"Renfrew-Collingwood",2007,9,57,9月 2007,82,-30.4878048780488
"Renfrew-Collingwood",2007,11,37,11月 2007,57,-35.0877192982456
"Renfrew-Collingwood",2008,1,45,1月 2008,37,21.6216216216216
"Renfrew-Collingwood",2008,3,69,3月 2008,45,53.3333333333333
"Renfrew-Collingwood",2008,5,77,5月 2008,69,11.5942028985507
"Renfrew-Collingwood",2008,7,56,7月 2008,77,-27.2727272727273
"Renfrew-Collingwood",2008,9,64,9月 2008,56,14.2857142857143
"Renfrew-Collingwood",2008,11,40,11月 2008,64,-37.5
"Renfrew-Collingwood",2009,1,37,1月 2009,40,-7.5
"Renfrew-Collingwood",2009,3,68,3月 2009,37,83.7837837837838
"Renfrew-Collingwood",2009,5,52,5月 2009,68,-23.5294117647059
"Renfrew-Collingwood",2009,7,50,7月 2009,52,-3.84615384615385
"Renfrew-Collingwood",2009,9,71,9月 2009,50,42
"Renfrew-Collingwood",2009,11,64,11月 2009,71,-9.85915492957746
"Renfrew-Collingwood",2010,1,67,1月 2010,64,4.6875
"Renfrew-Collingwood",2010,3,64,3月 2010,67,-4.47761194029851
"Renfrew-Collingwood",2010,5,50,5月 2010,64,-21.875
"Renfrew-Collingwood",2010,7,63,7月 2010,50,26
"Renfrew-Collingwood",2010,9,62,9月 2010,63,-1.58730158730159
"Renfrew-Collingwood",2010,11,52,11月 2010,62,-16.1290322580645
"Renfrew-Collingwood",2011,1,50,1月 2011,52,-3.84615384615385
"Renfrew-Collingwood",2011,3,47,3月 2011,50,-6
"Renfrew-Collingwood",2011,5,59,5月 2011,47,25.531914893617
"Renfrew-Collingwood",2011,7,53,7月 2011,59,-10.1694915254237
"Renfrew-Collingwood",2011,9,56,9月 2011,53,5.66037735849057
"Renfrew-Collingwood",2011,11,34,11月 2011,56,-39.2857142857143
"Renfrew-Collingwood",2012,1,43,1月 2012,34,26.4705882352941
"Renfrew-Collingwood",2012,3,44,3月 2012,43,2.32558139534884
"Renfrew-Collingwood",2012,5,67,5月 2012,44,52.2727272727273
"Renfrew-Collingwood",2012,7,48,7月 2012,67,-28.3582089552239
"Renfrew-Collingwood",2012,9,61,9月 2012,48,27.0833333333333
"Renfrew-Collingwood",2012,11,33,11月 2012,61,-45.9016393442623
"Renfrew-Collingwood",2013,1,42,1月 2013,33,27.2727272727273
"Renfrew-Collingwood",2013,3,35,3月 2013,42,-16.6666666666667
"Renfrew-Collingwood",2013,5,52,5月 2013,35,48.5714285714286
"Renfrew-Collingwood",2013,7,55,7月 2013,52,5.76923076923077
"Renfrew-Collingwood",2013,9,62,9月 2013,55,12.7272727272727
"Renfrew-Collingwood",2013,11,30,11月 2013,62,-51.6129032258064
"Renfrew-Collingwood",2014,1,47,1月 2014,30,56.6666666666667
"Renfrew-Collingwood",2014,3,61,3月 2014,47,29.7872340425532
"Renfrew-Collingwood",2014,5,65,5月 2014,61,6.55737704918033
"Renfrew-Collingwood",2014,7,68,7月 2014,65,4.61538461538461
"Renfrew-Collingwood",2014,9,60,9月 2014,68,-11.7647058823529
"Renfrew-Collingwood",2014,11,45,11月 2014,60,-25
"Renfrew-Collingwood",2015,1,72,1月 2015,45,60
"Renfrew-Collingwood",2015,3,37,3月 2015,72,-48.6111111111111
"Renfrew-Collingwood",2015,5,64,5月 2015,37,72.972972972973
"Renfrew-Collingwood",2015,7,62,7月 2015,64,-3.125
"Renfrew-Collingwood",2015,9,45,9月 2015,62,-27.4193548387097
"Renfrew-Collingwood",2015,11,53,11月 2015,45,17.7777777777778
"Renfrew-Collingwood",2016,1,49,1月 2016,53,-7.54716981132075
"Renfrew-Collingwood",2016,3,47,3月 2016,49,-4.08163265306122
"Renfrew-Collingwood",2016,5,79,5月 2016,47,68.0851063829787
"Renfrew-Collingwood",2016,7,60,7月 2016,79,-24.0506329113924
"Renfrew-Collingwood",2016,9,60,9月 2016,60,0
"Renfrew-Collingwood",2016,11,53,11月 2016,60,-11.6666666666667
"Renfrew-Collingwood",2017,1,42,1月 2017,53,-20.7547169811321
"Renfrew-Collingwood",2017,3,50,3月 2017,42,19.047619047619
"Renfrew-Collingwood",2017,5,73,5月 2017,50,46
"Renfrew-Collingwood",2017,7,77,7月 2017,73,5.47945205479452
"Renfrew-Collingwood",2017,9,67,9月 2017,77,-12.987012987013
"Renfrew-Collingwood",2017,11,56,11月 2017,67,-16.4179104477612
"Renfrew-Collingwood",2018,1,38,1月 2018,56,-32.1428571428571
"Renfrew-Collingwood",2018,3,64,3月 2018,38,68.4210526315789
"Renfrew-Collingwood",2018,5,72,5月 2018,64,12.5
"Renfrew-Collingwood",2018,7,58,7月 2018,72,-19.4444444444444
"Renfrew-Collingwood",2018,9,61,9月 2018,58,5.17241379310345
"Renfrew-Collingwood",2018,11,43,11月 2018,61,-29.5081967213115
"Renfrew-Collingwood",2019,1,50,1月 2019,43,16.2790697674419
"Renfrew-Collingwood",2019,3,61,3月 2019,50,22
"Renfrew-Collingwood",2019,5,59,5月 2019,61,-3.27868852459016
"Renfrew-Collingwood",2019,7,55,7月 2019,59,-6.77966101694915
"Renfrew-Collingwood",2019,9,57,9月 2019,55,3.63636363636364
"Renfrew-Collingwood",2019,11,51,11月 2019,57,-10.5263157894737
"Renfrew-Collingwood",2020,1,41,1月 2020,51,-19.6078431372549
"Renfrew-Collingwood",2020,3,56,3月 2020,41,36.5853658536585
"Renfrew-Collingwood",2020,5,39,5月 2020,56,-30.3571428571429
"Renfrew-Collingwood",2020,7,74,7月 2020,39,89.7435897435897
"Renfrew-Collingwood",2020,9,51,9月 2020,74,-31.0810810810811
"Renfrew-Collingwood",2020,11,71,11月 2020,51,39.2156862745098
"Renfrew-Collingwood",2021,1,71,1月 2021,71,0
"Renfrew-Collingwood",2021,3,60,3月 2021,71,-15.4929577464789
"Renfrew-Collingwood",2021,5,72,5月 2021,60,20
"Renfrew-Collingwood",2021,7,69,7月 2021,72,-4.16666666666667
"Renfrew-Collingwood",2021,9,77,9月 2021,69,11.5942028985507
"Renfrew-Collingwood",2021,11,65,11月 2021,77,-15.5844155844156
"Renfrew-Collingwood",2022,1,55,1月 2022,65,-15.3846153846154
"Renfrew-Collingwood",2022,3,77,3月 2022,55,40
"Renfrew-Collingwood",2022,5,97,5月 2022,77,25.974025974026
"Renfrew-Collingwood",2022,7,88,7月 2022,97,-9.27835051546392
"Renfrew-Collingwood",2022,9,91,9月 2022,88,3.40909090909091
"Renfrew-Collingwood",2022,11,77,11月 2022,91,-15.3846153846154
"Renfrew-Collingwood",2023,1,60,1月 2023,77,-22.0779220779221
"Renfrew-Collingwood",2023,3,82,3月 2023,60,36.6666666666667
"Renfrew-Collingwood",2023,5,113,5月 2023,82,37.8048780487805
"Renfrew-Collingwood",2023,7,111,7月 2023,113,-1.76991150442478
"Renfrew-Collingwood",2023,9,103,9月 2023,111,-7.20720720720721
"Renfrew-Collingwood",2023,11,76,11月 2023,103,-26.2135922330097
"Renfrew-Collingwood",2024,1,54,1月 2024,76,-28.9473684210526
"Renfrew-Collingwood",2024,3,52,3月 2024,54,-3.7037037037037
"Renfrew-Collingwood",2024,5,83,5月 2024,52,59.6153846153846
"Renfrew-Collingwood",2024,7,66,7月 2024,83,-20.4819277108434
"Renfrew-Collingwood",2024,9,41,9月 2024,66,-37.8787878787879
"Renfrew-Collingwood",2024,11,34,11月 2024,41,-17.0731707317073
"Renfrew-Collingwood",2025,1,64,1月 2025,34,88.2352941176471
"Renfrew-Collingwood",2025,3,28,3月 2025,64,-56.25
"Riley Park",2003,1,32,1月 2003,NA,NA
"Riley Park",2003,3,25,3月 2003,32,-21.875
"Riley Park",2003,5,40,5月 2003,25,60
"Riley Park",2003,7,35,7月 2003,40,-12.5
"Riley Park",2003,9,30,9月 2003,35,-14.2857142857143
"Riley Park",2003,11,25,11月 2003,30,-16.6666666666667
"Riley Park",2004,1,33,1月 2004,25,32
"Riley Park",2004,3,27,3月 2004,33,-18.1818181818182
"Riley Park",2004,5,43,5月 2004,27,59.2592592592593
"Riley Park",2004,7,32,7月 2004,43,-25.5813953488372
"Riley Park",2004,9,37,9月 2004,32,15.625
"Riley Park",2004,11,39,11月 2004,37,5.40540540540541
"Riley Park",2005,1,17,1月 2005,39,-56.4102564102564
"Riley Park",2005,3,35,3月 2005,17,105.882352941176
"Riley Park",2005,5,47,5月 2005,35,34.2857142857143
"Riley Park",2005,7,34,7月 2005,47,-27.6595744680851
"Riley Park",2005,9,39,9月 2005,34,14.7058823529412
"Riley Park",2005,11,34,11月 2005,39,-12.8205128205128
"Riley Park",2006,1,34,1月 2006,34,0
"Riley Park",2006,3,26,3月 2006,34,-23.5294117647059
"Riley Park",2006,5,36,5月 2006,26,38.4615384615385
"Riley Park",2006,7,39,7月 2006,36,8.33333333333333
"Riley Park",2006,9,28,9月 2006,39,-28.2051282051282
"Riley Park",2006,11,20,11月 2006,28,-28.5714285714286
"Riley Park",2007,1,11,1月 2007,20,-45
"Riley Park",2007,3,34,3月 2007,11,209.090909090909
"Riley Park",2007,5,17,5月 2007,34,-50
"Riley Park",2007,7,33,7月 2007,17,94.1176470588235
"Riley Park",2007,9,24,9月 2007,33,-27.2727272727273
"Riley Park",2007,11,30,11月 2007,24,25
"Riley Park",2008,1,17,1月 2008,30,-43.3333333333333
"Riley Park",2008,3,30,3月 2008,17,76.4705882352941
"Riley Park",2008,5,32,5月 2008,30,6.66666666666667
"Riley Park",2008,7,29,7月 2008,32,-9.375
"Riley Park",2008,9,32,9月 2008,29,10.3448275862069
"Riley Park",2008,11,34,11月 2008,32,6.25
"Riley Park",2009,1,22,1月 2009,34,-35.2941176470588
"Riley Park",2009,3,17,3月 2009,22,-22.7272727272727
"Riley Park",2009,5,29,5月 2009,17,70.5882352941177
"Riley Park",2009,7,31,7月 2009,29,6.89655172413793
"Riley Park",2009,9,24,9月 2009,31,-22.5806451612903
"Riley Park",2009,11,24,11月 2009,24,0
"Riley Park",2010,1,9,1月 2010,24,-62.5
"Riley Park",2010,3,42,3月 2010,9,366.666666666667
"Riley Park",2010,5,21,5月 2010,42,-50
"Riley Park",2010,7,18,7月 2010,21,-14.2857142857143
"Riley Park",2010,9,25,9月 2010,18,38.8888888888889
"Riley Park",2010,11,19,11月 2010,25,-24
"Riley Park",2011,1,19,1月 2011,19,0
"Riley Park",2011,3,31,3月 2011,19,63.1578947368421
"Riley Park",2011,5,25,5月 2011,31,-19.3548387096774
"Riley Park",2011,7,28,7月 2011,25,12
"Riley Park",2011,9,32,9月 2011,28,14.2857142857143
"Riley Park",2011,11,36,11月 2011,32,12.5
"Riley Park",2012,1,24,1月 2012,36,-33.3333333333333
"Riley Park",2012,3,20,3月 2012,24,-16.6666666666667
"Riley Park",2012,5,21,5月 2012,20,5
"Riley Park",2012,7,34,7月 2012,21,61.9047619047619
"Riley Park",2012,9,27,9月 2012,34,-20.5882352941176
"Riley Park",2012,11,40,11月 2012,27,48.1481481481481
"Riley Park",2013,1,34,1月 2013,40,-15
"Riley Park",2013,3,27,3月 2013,34,-20.5882352941176
"Riley Park",2013,5,50,5月 2013,27,85.1851851851852
"Riley Park",2013,7,38,7月 2013,50,-24
"Riley Park",2013,9,37,9月 2013,38,-2.63157894736842
"Riley Park",2013,11,25,11月 2013,37,-32.4324324324324
"Riley Park",2014,1,21,1月 2014,25,-16
"Riley Park",2014,3,32,3月 2014,21,52.3809523809524
"Riley Park",2014,5,41,5月 2014,32,28.125
"Riley Park",2014,7,35,7月 2014,41,-14.6341463414634
"Riley Park",2014,9,27,9月 2014,35,-22.8571428571429
"Riley Park",2014,11,26,11月 2014,27,-3.7037037037037
"Riley Park",2015,1,24,1月 2015,26,-7.69230769230769
"Riley Park",2015,3,34,3月 2015,24,41.6666666666667
"Riley Park",2015,5,32,5月 2015,34,-5.88235294117647
"Riley Park",2015,7,27,7月 2015,32,-15.625
"Riley Park",2015,9,27,9月 2015,27,0
"Riley Park",2015,11,26,11月 2015,27,-3.7037037037037
"Riley Park",2016,1,12,1月 2016,26,-53.8461538461538
"Riley Park",2016,3,42,3月 2016,12,250
"Riley Park",2016,5,22,5月 2016,42,-47.6190476190476
"Riley Park",2016,7,47,7月 2016,22,113.636363636364
"Riley Park",2016,9,36,9月 2016,47,-23.4042553191489
"Riley Park",2016,11,23,11月 2016,36,-36.1111111111111
"Riley Park",2017,1,19,1月 2017,23,-17.3913043478261
"Riley Park",2017,3,24,3月 2017,19,26.3157894736842
"Riley Park",2017,5,31,5月 2017,24,29.1666666666667
"Riley Park",2017,7,33,7月 2017,31,6.45161290322581
"Riley Park",2017,9,37,9月 2017,33,12.1212121212121
"Riley Park",2017,11,32,11月 2017,37,-13.5135135135135
"Riley Park",2018,1,22,1月 2018,32,-31.25
"Riley Park",2018,3,25,3月 2018,22,13.6363636363636
"Riley Park",2018,5,42,5月 2018,25,68
"Riley Park",2018,7,28,7月 2018,42,-33.3333333333333
"Riley Park",2018,9,22,9月 2018,28,-21.4285714285714
"Riley Park",2018,11,32,11月 2018,22,45.4545454545455
"Riley Park",2019,1,24,1月 2019,32,-25
"Riley Park",2019,3,42,3月 2019,24,75
"Riley Park",2019,5,34,5月 2019,42,-19.047619047619
"Riley Park",2019,7,39,7月 2019,34,14.7058823529412
"Riley Park",2019,9,43,9月 2019,39,10.2564102564103
"Riley Park",2019,11,34,11月 2019,43,-20.9302325581395
"Riley Park",2020,1,37,1月 2020,34,8.82352941176471
"Riley Park",2020,3,25,3月 2020,37,-32.4324324324324
"Riley Park",2020,5,16,5月 2020,25,-36
"Riley Park",2020,7,17,7月 2020,16,6.25
"Riley Park",2020,9,25,9月 2020,17,47.0588235294118
"Riley Park",2020,11,18,11月 2020,25,-28
"Riley Park",2021,1,23,1月 2021,18,27.7777777777778
"Riley Park",2021,3,20,3月 2021,23,-13.0434782608696
"Riley Park",2021,5,18,5月 2021,20,-10
"Riley Park",2021,7,34,7月 2021,18,88.8888888888889
"Riley Park",2021,9,12,9月 2021,34,-64.7058823529412
"Riley Park",2021,11,17,11月 2021,12,41.6666666666667
"Riley Park",2022,1,16,1月 2022,17,-5.88235294117647
"Riley Park",2022,3,20,3月 2022,16,25
"Riley Park",2022,5,19,5月 2022,20,-5
"Riley Park",2022,7,25,7月 2022,19,31.5789473684211
"Riley Park",2022,9,14,9月 2022,25,-44
"Riley Park",2022,11,19,11月 2022,14,35.7142857142857
"Riley Park",2023,1,23,1月 2023,19,21.0526315789474
"Riley Park",2023,3,21,3月 2023,23,-8.69565217391304
"Riley Park",2023,5,19,5月 2023,21,-9.52380952380952
"Riley Park",2023,7,20,7月 2023,19,5.26315789473684
"Riley Park",2023,9,18,9月 2023,20,-10
"Riley Park",2023,11,8,11月 2023,18,-55.5555555555556
"Riley Park",2024,1,4,1月 2024,8,-50
"Riley Park",2024,3,13,3月 2024,4,225
"Riley Park",2024,5,22,5月 2024,13,69.2307692307692
"Riley Park",2024,7,23,7月 2024,22,4.54545454545455
"Riley Park",2024,9,16,9月 2024,23,-30.4347826086957
"Riley Park",2024,11,12,11月 2024,16,-25
"Riley Park",2025,1,10,1月 2025,12,-16.6666666666667
"Riley Park",2025,3,7,3月 2025,10,-30
"Shaughnessy",2003,1,24,1月 2003,NA,NA
"Shaughnessy",2003,3,11,3月 2003,24,-54.1666666666667
"Shaughnessy",2003,5,14,5月 2003,11,27.2727272727273
"Shaughnessy",2003,7,22,7月 2003,14,57.1428571428571
"Shaughnessy",2003,9,18,9月 2003,22,-18.1818181818182
"Shaughnessy",2003,11,20,11月 2003,18,11.1111111111111
"Shaughnessy",2004,1,17,1月 2004,20,-15
"Shaughnessy",2004,3,16,3月 2004,17,-5.88235294117647
"Shaughnessy",2004,5,14,5月 2004,16,-12.5
"Shaughnessy",2004,7,23,7月 2004,14,64.2857142857143
"Shaughnessy",2004,9,16,9月 2004,23,-30.4347826086957
"Shaughnessy",2004,11,10,11月 2004,16,-37.5
"Shaughnessy",2005,1,12,1月 2005,10,20
"Shaughnessy",2005,3,18,3月 2005,12,50
"Shaughnessy",2005,5,28,5月 2005,18,55.5555555555556
"Shaughnessy",2005,7,20,7月 2005,28,-28.5714285714286
"Shaughnessy",2005,9,10,9月 2005,20,-50
"Shaughnessy",2005,11,14,11月 2005,10,40
"Shaughnessy",2006,1,12,1月 2006,14,-14.2857142857143
"Shaughnessy",2006,3,10,3月 2006,12,-16.6666666666667
"Shaughnessy",2006,5,10,5月 2006,10,0
"Shaughnessy",2006,7,11,7月 2006,10,10
"Shaughnessy",2006,9,6,9月 2006,11,-45.4545454545455
"Shaughnessy",2006,11,3,11月 2006,6,-50
"Shaughnessy",2007,1,11,1月 2007,3,266.666666666667
"Shaughnessy",2007,3,6,3月 2007,11,-45.4545454545455
"Shaughnessy",2007,5,18,5月 2007,6,200
"Shaughnessy",2007,7,12,7月 2007,18,-33.3333333333333
"Shaughnessy",2007,9,13,9月 2007,12,8.33333333333333
"Shaughnessy",2007,11,12,11月 2007,13,-7.69230769230769
"Shaughnessy",2008,1,11,1月 2008,12,-8.33333333333333
"Shaughnessy",2008,3,13,3月 2008,11,18.1818181818182
"Shaughnessy",2008,5,13,5月 2008,13,0
"Shaughnessy",2008,7,6,7月 2008,13,-53.8461538461538
"Shaughnessy",2008,9,9,9月 2008,6,50
"Shaughnessy",2008,11,4,11月 2008,9,-55.5555555555556
"Shaughnessy",2009,1,6,1月 2009,4,50
"Shaughnessy",2009,3,5,3月 2009,6,-16.6666666666667
"Shaughnessy",2009,5,15,5月 2009,5,200
"Shaughnessy",2009,7,11,7月 2009,15,-26.6666666666667
"Shaughnessy",2009,9,5,9月 2009,11,-54.5454545454545
"Shaughnessy",2009,11,7,11月 2009,5,40
"Shaughnessy",2010,1,7,1月 2010,7,0
"Shaughnessy",2010,3,8,3月 2010,7,14.2857142857143
"Shaughnessy",2010,5,8,5月 2010,8,0
"Shaughnessy",2010,7,14,7月 2010,8,75
"Shaughnessy",2010,9,8,9月 2010,14,-42.8571428571429
"Shaughnessy",2010,11,14,11月 2010,8,75
"Shaughnessy",2011,1,10,1月 2011,14,-28.5714285714286
"Shaughnessy",2011,3,9,3月 2011,10,-10
"Shaughnessy",2011,5,27,5月 2011,9,200
"Shaughnessy",2011,7,16,7月 2011,27,-40.7407407407407
"Shaughnessy",2011,9,12,9月 2011,16,-25
"Shaughnessy",2011,11,9,11月 2011,12,-25
"Shaughnessy",2012,1,12,1月 2012,9,33.3333333333333
"Shaughnessy",2012,3,7,3月 2012,12,-41.6666666666667
"Shaughnessy",2012,5,13,5月 2012,7,85.7142857142857
"Shaughnessy",2012,7,9,7月 2012,13,-30.7692307692308
"Shaughnessy",2012,9,20,9月 2012,9,122.222222222222
"Shaughnessy",2012,11,11,11月 2012,20,-45
"Shaughnessy",2013,1,10,1月 2013,11,-9.09090909090909
"Shaughnessy",2013,3,11,3月 2013,10,10
"Shaughnessy",2013,5,9,5月 2013,11,-18.1818181818182
"Shaughnessy",2013,7,15,7月 2013,9,66.6666666666667
"Shaughnessy",2013,9,8,9月 2013,15,-46.6666666666667
"Shaughnessy",2013,11,3,11月 2013,8,-62.5
"Shaughnessy",2014,1,6,1月 2014,3,100
"Shaughnessy",2014,3,9,3月 2014,6,50
"Shaughnessy",2014,5,9,5月 2014,9,0
"Shaughnessy",2014,7,15,7月 2014,9,66.6666666666667
"Shaughnessy",2014,9,13,9月 2014,15,-13.3333333333333
"Shaughnessy",2014,11,10,11月 2014,13,-23.0769230769231
"Shaughnessy",2015,1,10,1月 2015,10,0
"Shaughnessy",2015,3,3,3月 2015,10,-70
"Shaughnessy",2015,5,13,5月 2015,3,333.333333333333
"Shaughnessy",2015,7,15,7月 2015,13,15.3846153846154
"Shaughnessy",2015,9,14,9月 2015,15,-6.66666666666667
"Shaughnessy",2015,11,12,11月 2015,14,-14.2857142857143
"Shaughnessy",2016,1,18,1月 2016,12,50
"Shaughnessy",2016,3,16,3月 2016,18,-11.1111111111111
"Shaughnessy",2016,5,16,5月 2016,16,0
"Shaughnessy",2016,7,12,7月 2016,16,-25
"Shaughnessy",2016,9,9,9月 2016,12,-25
"Shaughnessy",2016,11,15,11月 2016,9,66.6666666666667
"Shaughnessy",2017,1,8,1月 2017,15,-46.6666666666667
"Shaughnessy",2017,3,14,3月 2017,8,75
"Shaughnessy",2017,5,25,5月 2017,14,78.5714285714286
"Shaughnessy",2017,7,17,7月 2017,25,-32
"Shaughnessy",2017,9,12,9月 2017,17,-29.4117647058824
"Shaughnessy",2017,11,14,11月 2017,12,16.6666666666667
"Shaughnessy",2018,1,9,1月 2018,14,-35.7142857142857
"Shaughnessy",2018,3,11,3月 2018,9,22.2222222222222
"Shaughnessy",2018,5,21,5月 2018,11,90.9090909090909
"Shaughnessy",2018,7,16,7月 2018,21,-23.8095238095238
"Shaughnessy",2018,9,11,9月 2018,16,-31.25
"Shaughnessy",2018,11,6,11月 2018,11,-45.4545454545455
"Shaughnessy",2019,1,7,1月 2019,6,16.6666666666667
"Shaughnessy",2019,3,6,3月 2019,7,-14.2857142857143
"Shaughnessy",2019,5,16,5月 2019,6,166.666666666667
"Shaughnessy",2019,7,15,7月 2019,16,-6.25
"Shaughnessy",2019,9,14,9月 2019,15,-6.66666666666667
"Shaughnessy",2019,11,11,11月 2019,14,-21.4285714285714
"Shaughnessy",2020,1,14,1月 2020,11,27.2727272727273
"Shaughnessy",2020,3,7,3月 2020,14,-50
"Shaughnessy",2020,5,7,5月 2020,7,0
"Shaughnessy",2020,7,8,7月 2020,7,14.2857142857143
"Shaughnessy",2020,9,12,9月 2020,8,50
"Shaughnessy",2020,11,5,11月 2020,12,-58.3333333333333
"Shaughnessy",2021,1,6,1月 2021,5,20
"Shaughnessy",2021,3,4,3月 2021,6,-33.3333333333333
"Shaughnessy",2021,5,10,5月 2021,4,150
"Shaughnessy",2021,7,17,7月 2021,10,70
"Shaughnessy",2021,9,8,9月 2021,17,-52.9411764705882
"Shaughnessy",2021,11,7,11月 2021,8,-12.5
"Shaughnessy",2022,1,8,1月 2022,7,14.2857142857143
"Shaughnessy",2022,3,11,3月 2022,8,37.5
"Shaughnessy",2022,5,14,5月 2022,11,27.2727272727273
"Shaughnessy",2022,7,9,7月 2022,14,-35.7142857142857
"Shaughnessy",2022,9,6,9月 2022,9,-33.3333333333333
"Shaughnessy",2022,11,7,11月 2022,6,16.6666666666667
"Shaughnessy",2023,1,4,1月 2023,7,-42.8571428571429
"Shaughnessy",2023,3,13,3月 2023,4,225
"Shaughnessy",2023,5,8,5月 2023,13,-38.4615384615385
"Shaughnessy",2023,7,10,7月 2023,8,25
"Shaughnessy",2023,9,4,9月 2023,10,-60
"Shaughnessy",2023,11,6,11月 2023,4,50
"Shaughnessy",2024,1,8,1月 2024,6,33.3333333333333
"Shaughnessy",2024,3,12,3月 2024,8,50
"Shaughnessy",2024,5,8,5月 2024,12,-33.3333333333333
"Shaughnessy",2024,7,11,7月 2024,8,37.5
"Shaughnessy",2024,9,7,9月 2024,11,-36.3636363636364
"Shaughnessy",2024,11,14,11月 2024,7,100
"Shaughnessy",2025,1,3,1月 2025,14,-78.5714285714286
"Shaughnessy",2025,3,3,3月 2025,3,0
"South Cambie",2003,1,23,1月 2003,NA,NA
"South Cambie",2003,3,21,3月 2003,23,-8.69565217391304
"South Cambie",2003,5,25,5月 2003,21,19.047619047619
"South Cambie",2003,7,16,7月 2003,25,-36
"South Cambie",2003,9,24,9月 2003,16,50
"South Cambie",2003,11,17,11月 2003,24,-29.1666666666667
"South Cambie",2004,1,16,1月 2004,17,-5.88235294117647
"South Cambie",2004,3,10,3月 2004,16,-37.5
"South Cambie",2004,5,22,5月 2004,10,120
"South Cambie",2004,7,22,7月 2004,22,0
"South Cambie",2004,9,9,9月 2004,22,-59.0909090909091
"South Cambie",2004,11,17,11月 2004,9,88.8888888888889
"South Cambie",2005,1,9,1月 2005,17,-47.0588235294118
"South Cambie",2005,3,25,3月 2005,9,177.777777777778
"South Cambie",2005,5,18,5月 2005,25,-28
"South Cambie",2005,7,19,7月 2005,18,5.55555555555556
"South Cambie",2005,9,20,9月 2005,19,5.26315789473684
"South Cambie",2005,11,13,11月 2005,20,-35
"South Cambie",2006,1,12,1月 2006,13,-7.69230769230769
"South Cambie",2006,3,15,3月 2006,12,25
"South Cambie",2006,5,20,5月 2006,15,33.3333333333333
"South Cambie",2006,7,12,7月 2006,20,-40
"South Cambie",2006,9,12,9月 2006,12,0
"South Cambie",2006,11,18,11月 2006,12,50
"South Cambie",2007,1,10,1月 2007,18,-44.4444444444444
"South Cambie",2007,3,10,3月 2007,10,0
"South Cambie",2007,5,14,5月 2007,10,40
"South Cambie",2007,7,12,7月 2007,14,-14.2857142857143
"South Cambie",2007,9,13,9月 2007,12,8.33333333333333
"South Cambie",2007,11,13,11月 2007,13,0
"South Cambie",2008,1,14,1月 2008,13,7.69230769230769
"South Cambie",2008,3,8,3月 2008,14,-42.8571428571429
"South Cambie",2008,5,17,5月 2008,8,112.5
"South Cambie",2008,7,11,7月 2008,17,-35.2941176470588
"South Cambie",2008,9,6,9月 2008,11,-45.4545454545455
"South Cambie",2008,11,16,11月 2008,6,166.666666666667
"South Cambie",2009,1,12,1月 2009,16,-25
"South Cambie",2009,3,18,3月 2009,12,50
"South Cambie",2009,5,18,5月 2009,18,0
"South Cambie",2009,7,12,7月 2009,18,-33.3333333333333
"South Cambie",2009,9,19,9月 2009,12,58.3333333333333
"South Cambie",2009,11,10,11月 2009,19,-47.3684210526316
"South Cambie",2010,1,9,1月 2010,10,-10
"South Cambie",2010,3,8,3月 2010,9,-11.1111111111111
"South Cambie",2010,5,12,5月 2010,8,50
"South Cambie",2010,7,6,7月 2010,12,-50
"South Cambie",2010,9,12,9月 2010,6,100
"South Cambie",2010,11,6,11月 2010,12,-50
"South Cambie",2011,1,10,1月 2011,6,66.6666666666667
"South Cambie",2011,3,5,3月 2011,10,-50
"South Cambie",2011,5,10,5月 2011,5,100
"South Cambie",2011,7,7,7月 2011,10,-30
"South Cambie",2011,9,10,9月 2011,7,42.8571428571429
"South Cambie",2011,11,14,11月 2011,10,40
"South Cambie",2012,1,10,1月 2012,14,-28.5714285714286
"South Cambie",2012,3,9,3月 2012,10,-10
"South Cambie",2012,5,8,5月 2012,9,-11.1111111111111
"South Cambie",2012,7,12,7月 2012,8,50
"South Cambie",2012,9,10,9月 2012,12,-16.6666666666667
"South Cambie",2012,11,11,11月 2012,10,10
"South Cambie",2013,1,6,1月 2013,11,-45.4545454545455
"South Cambie",2013,3,6,3月 2013,6,0
"South Cambie",2013,5,13,5月 2013,6,116.666666666667
"South Cambie",2013,7,10,7月 2013,13,-23.0769230769231
"South Cambie",2013,9,13,9月 2013,10,30
"South Cambie",2013,11,19,11月 2013,13,46.1538461538462
"South Cambie",2014,1,9,1月 2014,19,-52.6315789473684
"South Cambie",2014,3,14,3月 2014,9,55.5555555555556
"South Cambie",2014,5,14,5月 2014,14,0
"South Cambie",2014,7,20,7月 2014,14,42.8571428571429
"South Cambie",2014,9,16,9月 2014,20,-20
"South Cambie",2014,11,18,11月 2014,16,12.5
"South Cambie",2015,1,12,1月 2015,18,-33.3333333333333
"South Cambie",2015,3,7,3月 2015,12,-41.6666666666667
"South Cambie",2015,5,21,5月 2015,7,200
"South Cambie",2015,7,21,7月 2015,21,0
"South Cambie",2015,9,16,9月 2015,21,-23.8095238095238
"South Cambie",2015,11,7,11月 2015,16,-56.25
"South Cambie",2016,1,14,1月 2016,7,100
"South Cambie",2016,3,12,3月 2016,14,-14.2857142857143
"South Cambie",2016,5,16,5月 2016,12,33.3333333333333
"South Cambie",2016,7,21,7月 2016,16,31.25
"South Cambie",2016,9,15,9月 2016,21,-28.5714285714286
"South Cambie",2016,11,13,11月 2016,15,-13.3333333333333
"South Cambie",2017,1,7,1月 2017,13,-46.1538461538462
"South Cambie",2017,3,14,3月 2017,7,100
"South Cambie",2017,5,21,5月 2017,14,50
"South Cambie",2017,7,14,7月 2017,21,-33.3333333333333
"South Cambie",2017,9,11,9月 2017,14,-21.4285714285714
"South Cambie",2017,11,8,11月 2017,11,-27.2727272727273
"South Cambie",2018,1,3,1月 2018,8,-62.5
"South Cambie",2018,3,7,3月 2018,3,133.333333333333
"South Cambie",2018,5,12,5月 2018,7,71.4285714285714
"South Cambie",2018,7,9,7月 2018,12,-25
"South Cambie",2018,9,21,9月 2018,9,133.333333333333
"South Cambie",2018,11,8,11月 2018,21,-61.9047619047619
"South Cambie",2019,1,13,1月 2019,8,62.5
"South Cambie",2019,3,15,3月 2019,13,15.3846153846154
"South Cambie",2019,5,19,5月 2019,15,26.6666666666667
"South Cambie",2019,7,17,7月 2019,19,-10.5263157894737
"South Cambie",2019,9,17,9月 2019,17,0
"South Cambie",2019,11,18,11月 2019,17,5.88235294117647
"South Cambie",2020,1,8,1月 2020,18,-55.5555555555556
"South Cambie",2020,3,22,3月 2020,8,175
"South Cambie",2020,5,11,5月 2020,22,-50
"South Cambie",2020,7,13,7月 2020,11,18.1818181818182
"South Cambie",2020,9,10,9月 2020,13,-23.0769230769231
"South Cambie",2020,11,12,11月 2020,10,20
"South Cambie",2021,1,9,1月 2021,12,-25
"South Cambie",2021,3,12,3月 2021,9,33.3333333333333
"South Cambie",2021,5,13,5月 2021,12,8.33333333333333
"South Cambie",2021,7,8,7月 2021,13,-38.4615384615385
"South Cambie",2021,9,13,9月 2021,8,62.5
"South Cambie",2021,11,12,11月 2021,13,-7.69230769230769
"South Cambie",2022,1,12,1月 2022,12,0
"South Cambie",2022,3,21,3月 2022,12,75
"South Cambie",2022,5,22,5月 2022,21,4.76190476190476
"South Cambie",2022,7,7,7月 2022,22,-68.1818181818182
"South Cambie",2022,9,19,9月 2022,7,171.428571428571
"South Cambie",2022,11,7,11月 2022,19,-63.1578947368421
"South Cambie",2023,1,7,1月 2023,7,0
"South Cambie",2023,3,9,3月 2023,7,28.5714285714286
"South Cambie",2023,5,13,5月 2023,9,44.4444444444444
"South Cambie",2023,7,7,7月 2023,13,-46.1538461538462
"South Cambie",2023,9,7,9月 2023,7,0
"South Cambie",2023,11,9,11月 2023,7,28.5714285714286
"South Cambie",2024,1,9,1月 2024,9,0
"South Cambie",2024,3,8,3月 2024,9,-11.1111111111111
"South Cambie",2024,5,12,5月 2024,8,50
"South Cambie",2024,7,9,7月 2024,12,-25
"South Cambie",2024,9,15,9月 2024,9,66.6666666666667
"South Cambie",2024,11,13,11月 2024,15,-13.3333333333333
"South Cambie",2025,1,5,1月 2025,13,-61.5384615384615
"South Cambie",2025,3,6,3月 2025,5,20
"Strathcona",2003,1,89,1月 2003,NA,NA
"Strathcona",2003,3,93,3月 2003,89,4.49438202247191
"Strathcona",2003,5,138,5月 2003,93,48.3870967741936
"Strathcona",2003,7,131,7月 2003,138,-5.07246376811594
"Strathcona",2003,9,148,9月 2003,131,12.9770992366412
"Strathcona",2003,11,107,11月 2003,148,-27.7027027027027
"Strathcona",2004,1,83,1月 2004,107,-22.4299065420561
"Strathcona",2004,3,108,3月 2004,83,30.1204819277108
"Strathcona",2004,5,116,5月 2004,108,7.40740740740741
"Strathcona",2004,7,122,7月 2004,116,5.17241379310345
"Strathcona",2004,9,152,9月 2004,122,24.5901639344262
"Strathcona",2004,11,95,11月 2004,152,-37.5
"Strathcona",2005,1,94,1月 2005,95,-1.05263157894737
"Strathcona",2005,3,69,3月 2005,94,-26.5957446808511
"Strathcona",2005,5,143,5月 2005,69,107.246376811594
"Strathcona",2005,7,136,7月 2005,143,-4.89510489510489
"Strathcona",2005,9,127,9月 2005,136,-6.61764705882353
"Strathcona",2005,11,79,11月 2005,127,-37.7952755905512
"Strathcona",2006,1,56,1月 2006,79,-29.1139240506329
"Strathcona",2006,3,80,3月 2006,56,42.8571428571429
"Strathcona",2006,5,120,5月 2006,80,50
"Strathcona",2006,7,109,7月 2006,120,-9.16666666666667
"Strathcona",2006,9,103,9月 2006,109,-5.5045871559633
"Strathcona",2006,11,66,11月 2006,103,-35.9223300970874
"Strathcona",2007,1,59,1月 2007,66,-10.6060606060606
"Strathcona",2007,3,76,3月 2007,59,28.8135593220339
"Strathcona",2007,5,96,5月 2007,76,26.3157894736842
"Strathcona",2007,7,112,7月 2007,96,16.6666666666667
"Strathcona",2007,9,68,9月 2007,112,-39.2857142857143
"Strathcona",2007,11,57,11月 2007,68,-16.1764705882353
"Strathcona",2008,1,41,1月 2008,57,-28.0701754385965
"Strathcona",2008,3,67,3月 2008,41,63.4146341463415
"Strathcona",2008,5,77,5月 2008,67,14.9253731343284
"Strathcona",2008,7,90,7月 2008,77,16.8831168831169
"Strathcona",2008,9,94,9月 2008,90,4.44444444444444
"Strathcona",2008,11,63,11月 2008,94,-32.9787234042553
"Strathcona",2009,1,56,1月 2009,63,-11.1111111111111
"Strathcona",2009,3,61,3月 2009,56,8.92857142857143
"Strathcona",2009,5,66,5月 2009,61,8.19672131147541
"Strathcona",2009,7,79,7月 2009,66,19.6969696969697
"Strathcona",2009,9,51,9月 2009,79,-35.4430379746835
"Strathcona",2009,11,50,11月 2009,51,-1.96078431372549
"Strathcona",2010,1,43,1月 2010,50,-14
"Strathcona",2010,3,48,3月 2010,43,11.6279069767442
"Strathcona",2010,5,65,5月 2010,48,35.4166666666667
"Strathcona",2010,7,69,7月 2010,65,6.15384615384615
"Strathcona",2010,9,57,9月 2010,69,-17.3913043478261
"Strathcona",2010,11,49,11月 2010,57,-14.0350877192982
"Strathcona",2011,1,35,1月 2011,49,-28.5714285714286
"Strathcona",2011,3,45,3月 2011,35,28.5714285714286
"Strathcona",2011,5,53,5月 2011,45,17.7777777777778
"Strathcona",2011,7,66,7月 2011,53,24.5283018867925
"Strathcona",2011,9,61,9月 2011,66,-7.57575757575758
"Strathcona",2011,11,64,11月 2011,61,4.91803278688525
"Strathcona",2012,1,50,1月 2012,64,-21.875
"Strathcona",2012,3,49,3月 2012,50,-2
"Strathcona",2012,5,82,5月 2012,49,67.3469387755102
"Strathcona",2012,7,66,7月 2012,82,-19.5121951219512
"Strathcona",2012,9,75,9月 2012,66,13.6363636363636
"Strathcona",2012,11,64,11月 2012,75,-14.6666666666667
"Strathcona",2013,1,44,1月 2013,64,-31.25
"Strathcona",2013,3,61,3月 2013,44,38.6363636363636
"Strathcona",2013,5,72,5月 2013,61,18.0327868852459
"Strathcona",2013,7,70,7月 2013,72,-2.77777777777778
"Strathcona",2013,9,60,9月 2013,70,-14.2857142857143
"Strathcona",2013,11,50,11月 2013,60,-16.6666666666667
"Strathcona",2014,1,58,1月 2014,50,16
"Strathcona",2014,3,47,3月 2014,58,-18.9655172413793
"Strathcona",2014,5,82,5月 2014,47,74.468085106383
"Strathcona",2014,7,85,7月 2014,82,3.65853658536585
"Strathcona",2014,9,74,9月 2014,85,-12.9411764705882
"Strathcona",2014,11,56,11月 2014,74,-24.3243243243243
"Strathcona",2015,1,59,1月 2015,56,5.35714285714286
"Strathcona",2015,3,72,3月 2015,59,22.0338983050847
"Strathcona",2015,5,68,5月 2015,72,-5.55555555555556
"Strathcona",2015,7,88,7月 2015,68,29.4117647058824
"Strathcona",2015,9,77,9月 2015,88,-12.5
"Strathcona",2015,11,57,11月 2015,77,-25.974025974026
"Strathcona",2016,1,58,1月 2016,57,1.75438596491228
"Strathcona",2016,3,62,3月 2016,58,6.89655172413793
"Strathcona",2016,5,73,5月 2016,62,17.741935483871
"Strathcona",2016,7,82,7月 2016,73,12.3287671232877
"Strathcona",2016,9,89,9月 2016,82,8.53658536585366
"Strathcona",2016,11,54,11月 2016,89,-39.3258426966292
"Strathcona",2017,1,43,1月 2017,54,-20.3703703703704
"Strathcona",2017,3,79,3月 2017,43,83.7209302325581
"Strathcona",2017,5,71,5月 2017,79,-10.126582278481
"Strathcona",2017,7,93,7月 2017,71,30.9859154929577
"Strathcona",2017,9,93,9月 2017,93,0
"Strathcona",2017,11,81,11月 2017,93,-12.9032258064516
"Strathcona",2018,1,73,1月 2018,81,-9.87654320987654
"Strathcona",2018,3,75,3月 2018,73,2.73972602739726
"Strathcona",2018,5,95,5月 2018,75,26.6666666666667
"Strathcona",2018,7,92,7月 2018,95,-3.15789473684211
"Strathcona",2018,9,101,9月 2018,92,9.78260869565217
"Strathcona",2018,11,90,11月 2018,101,-10.8910891089109
"Strathcona",2019,1,71,1月 2019,90,-21.1111111111111
"Strathcona",2019,3,79,3月 2019,71,11.2676056338028
"Strathcona",2019,5,100,5月 2019,79,26.5822784810127
"Strathcona",2019,7,143,7月 2019,100,43
"Strathcona",2019,9,128,9月 2019,143,-10.4895104895105
"Strathcona",2019,11,92,11月 2019,128,-28.125
"Strathcona",2020,1,64,1月 2020,92,-30.4347826086957
"Strathcona",2020,3,117,3月 2020,64,82.8125
"Strathcona",2020,5,75,5月 2020,117,-35.8974358974359
"Strathcona",2020,7,98,7月 2020,75,30.6666666666667
"Strathcona",2020,9,101,9月 2020,98,3.06122448979592
"Strathcona",2020,11,72,11月 2020,101,-28.7128712871287
"Strathcona",2021,1,67,1月 2021,72,-6.94444444444444
"Strathcona",2021,3,55,3月 2021,67,-17.910447761194
"Strathcona",2021,5,69,5月 2021,55,25.4545454545455
"Strathcona",2021,7,70,7月 2021,69,1.44927536231884
"Strathcona",2021,9,57,9月 2021,70,-18.5714285714286
"Strathcona",2021,11,66,11月 2021,57,15.7894736842105
"Strathcona",2022,1,63,1月 2022,66,-4.54545454545455
"Strathcona",2022,3,71,3月 2022,63,12.6984126984127
"Strathcona",2022,5,69,5月 2022,71,-2.8169014084507
"Strathcona",2022,7,85,7月 2022,69,23.1884057971014
"Strathcona",2022,9,58,9月 2022,85,-31.7647058823529
"Strathcona",2022,11,56,11月 2022,58,-3.44827586206897
"Strathcona",2023,1,53,1月 2023,56,-5.35714285714286
"Strathcona",2023,3,72,3月 2023,53,35.8490566037736
"Strathcona",2023,5,93,5月 2023,72,29.1666666666667
"Strathcona",2023,7,97,7月 2023,93,4.3010752688172
"Strathcona",2023,9,95,9月 2023,97,-2.06185567010309
"Strathcona",2023,11,59,11月 2023,95,-37.8947368421053
"Strathcona",2024,1,38,1月 2024,59,-35.5932203389831
"Strathcona",2024,3,56,3月 2024,38,47.3684210526316
"Strathcona",2024,5,86,5月 2024,56,53.5714285714286
"Strathcona",2024,7,82,7月 2024,86,-4.65116279069767
"Strathcona",2024,9,62,9月 2024,82,-24.390243902439
"Strathcona",2024,11,58,11月 2024,62,-6.45161290322581
"Strathcona",2025,1,56,1月 2025,58,-3.44827586206897
"Strathcona",2025,3,20,3月 2025,56,-64.2857142857143
"Sunset",2003,1,39,1月 2003,NA,NA
"Sunset",2003,3,48,3月 2003,39,23.0769230769231
"Sunset",2003,5,69,5月 2003,48,43.75
"Sunset",2003,7,51,7月 2003,69,-26.0869565217391
"Sunset",2003,9,52,9月 2003,51,1.96078431372549
"Sunset",2003,11,50,11月 2003,52,-3.84615384615385
"Sunset",2004,1,38,1月 2004,50,-24
"Sunset",2004,3,73,3月 2004,38,92.1052631578947
"Sunset",2004,5,51,5月 2004,73,-30.1369863013699
"Sunset",2004,7,44,7月 2004,51,-13.7254901960784
"Sunset",2004,9,51,9月 2004,44,15.9090909090909
"Sunset",2004,11,42,11月 2004,51,-17.6470588235294
"Sunset",2005,1,43,1月 2005,42,2.38095238095238
"Sunset",2005,3,36,3月 2005,43,-16.2790697674419
"Sunset",2005,5,50,5月 2005,36,38.8888888888889
"Sunset",2005,7,32,7月 2005,50,-36
"Sunset",2005,9,53,9月 2005,32,65.625
"Sunset",2005,11,38,11月 2005,53,-28.3018867924528
"Sunset",2006,1,35,1月 2006,38,-7.89473684210526
"Sunset",2006,3,47,3月 2006,35,34.2857142857143
"Sunset",2006,5,46,5月 2006,47,-2.12765957446809
"Sunset",2006,7,49,7月 2006,46,6.52173913043478
"Sunset",2006,9,44,9月 2006,49,-10.2040816326531
"Sunset",2006,11,36,11月 2006,44,-18.1818181818182
"Sunset",2007,1,37,1月 2007,36,2.77777777777778
"Sunset",2007,3,45,3月 2007,37,21.6216216216216
"Sunset",2007,5,67,5月 2007,45,48.8888888888889
"Sunset",2007,7,69,7月 2007,67,2.98507462686567
"Sunset",2007,9,43,9月 2007,69,-37.6811594202899
"Sunset",2007,11,41,11月 2007,43,-4.65116279069767
"Sunset",2008,1,28,1月 2008,41,-31.7073170731707
"Sunset",2008,3,31,3月 2008,28,10.7142857142857
"Sunset",2008,5,40,5月 2008,31,29.0322580645161
"Sunset",2008,7,38,7月 2008,40,-5
"Sunset",2008,9,21,9月 2008,38,-44.7368421052632
"Sunset",2008,11,29,11月 2008,21,38.0952380952381
"Sunset",2009,1,32,1月 2009,29,10.3448275862069
"Sunset",2009,3,43,3月 2009,32,34.375
"Sunset",2009,5,36,5月 2009,43,-16.2790697674419
"Sunset",2009,7,28,7月 2009,36,-22.2222222222222
"Sunset",2009,9,18,9月 2009,28,-35.7142857142857
"Sunset",2009,11,26,11月 2009,18,44.4444444444444
"Sunset",2010,1,36,1月 2010,26,38.4615384615385
"Sunset",2010,3,34,3月 2010,36,-5.55555555555556
"Sunset",2010,5,40,5月 2010,34,17.6470588235294
"Sunset",2010,7,33,7月 2010,40,-17.5
"Sunset",2010,9,40,9月 2010,33,21.2121212121212
"Sunset",2010,11,33,11月 2010,40,-17.5
"Sunset",2011,1,19,1月 2011,33,-42.4242424242424
"Sunset",2011,3,20,3月 2011,19,5.26315789473684
"Sunset",2011,5,36,5月 2011,20,80
"Sunset",2011,7,37,7月 2011,36,2.77777777777778
"Sunset",2011,9,28,9月 2011,37,-24.3243243243243
"Sunset",2011,11,20,11月 2011,28,-28.5714285714286
"Sunset",2012,1,23,1月 2012,20,15
"Sunset",2012,3,33,3月 2012,23,43.4782608695652
"Sunset",2012,5,41,5月 2012,33,24.2424242424242
"Sunset",2012,7,37,7月 2012,41,-9.75609756097561
"Sunset",2012,9,32,9月 2012,37,-13.5135135135135
"Sunset",2012,11,32,11月 2012,32,0
"Sunset",2013,1,16,1月 2013,32,-50
"Sunset",2013,3,31,3月 2013,16,93.75
"Sunset",2013,5,33,5月 2013,31,6.45161290322581
"Sunset",2013,7,26,7月 2013,33,-21.2121212121212
"Sunset",2013,9,41,9月 2013,26,57.6923076923077
"Sunset",2013,11,24,11月 2013,41,-41.4634146341463
"Sunset",2014,1,21,1月 2014,24,-12.5
"Sunset",2014,3,29,3月 2014,21,38.0952380952381
"Sunset",2014,5,35,5月 2014,29,20.6896551724138
"Sunset",2014,7,24,7月 2014,35,-31.4285714285714
"Sunset",2014,9,28,9月 2014,24,16.6666666666667
"Sunset",2014,11,26,11月 2014,28,-7.14285714285714
"Sunset",2015,1,29,1月 2015,26,11.5384615384615
"Sunset",2015,3,18,3月 2015,29,-37.9310344827586
"Sunset",2015,5,30,5月 2015,18,66.6666666666667
"Sunset",2015,7,33,7月 2015,30,10
"Sunset",2015,9,29,9月 2015,33,-12.1212121212121
"Sunset",2015,11,26,11月 2015,29,-10.3448275862069
"Sunset",2016,1,27,1月 2016,26,3.84615384615385
"Sunset",2016,3,27,3月 2016,27,0
"Sunset",2016,5,30,5月 2016,27,11.1111111111111
"Sunset",2016,7,38,7月 2016,30,26.6666666666667
"Sunset",2016,9,24,9月 2016,38,-36.8421052631579
"Sunset",2016,11,30,11月 2016,24,25
"Sunset",2017,1,10,1月 2017,30,-66.6666666666667
"Sunset",2017,3,30,3月 2017,10,200
"Sunset",2017,5,32,5月 2017,30,6.66666666666667
"Sunset",2017,7,30,7月 2017,32,-6.25
"Sunset",2017,9,27,9月 2017,30,-10
"Sunset",2017,11,28,11月 2017,27,3.7037037037037
"Sunset",2018,1,24,1月 2018,28,-14.2857142857143
"Sunset",2018,3,17,3月 2018,24,-29.1666666666667
"Sunset",2018,5,37,5月 2018,17,117.647058823529
"Sunset",2018,7,27,7月 2018,37,-27.027027027027
"Sunset",2018,9,21,9月 2018,27,-22.2222222222222
"Sunset",2018,11,29,11月 2018,21,38.0952380952381
"Sunset",2019,1,30,1月 2019,29,3.44827586206897
"Sunset",2019,3,31,3月 2019,30,3.33333333333333
"Sunset",2019,5,40,5月 2019,31,29.0322580645161
"Sunset",2019,7,30,7月 2019,40,-25
"Sunset",2019,9,43,9月 2019,30,43.3333333333333
"Sunset",2019,11,21,11月 2019,43,-51.1627906976744
"Sunset",2020,1,34,1月 2020,21,61.9047619047619
"Sunset",2020,3,22,3月 2020,34,-35.2941176470588
"Sunset",2020,5,16,5月 2020,22,-27.2727272727273
"Sunset",2020,7,29,7月 2020,16,81.25
"Sunset",2020,9,38,9月 2020,29,31.0344827586207
"Sunset",2020,11,26,11月 2020,38,-31.5789473684211
"Sunset",2021,1,29,1月 2021,26,11.5384615384615
"Sunset",2021,3,26,3月 2021,29,-10.3448275862069
"Sunset",2021,5,35,5月 2021,26,34.6153846153846
"Sunset",2021,7,14,7月 2021,35,-60
"Sunset",2021,9,22,9月 2021,14,57.1428571428571
"Sunset",2021,11,23,11月 2021,22,4.54545454545455
"Sunset",2022,1,25,1月 2022,23,8.69565217391304
"Sunset",2022,3,28,3月 2022,25,12
"Sunset",2022,5,45,5月 2022,28,60.7142857142857
"Sunset",2022,7,49,7月 2022,45,8.88888888888889
"Sunset",2022,9,52,9月 2022,49,6.12244897959184
"Sunset",2022,11,55,11月 2022,52,5.76923076923077
"Sunset",2023,1,35,1月 2023,55,-36.3636363636364
"Sunset",2023,3,39,3月 2023,35,11.4285714285714
"Sunset",2023,5,42,5月 2023,39,7.69230769230769
"Sunset",2023,7,55,7月 2023,42,30.952380952381
"Sunset",2023,9,37,9月 2023,55,-32.7272727272727
"Sunset",2023,11,26,11月 2023,37,-29.7297297297297
"Sunset",2024,1,28,1月 2024,26,7.69230769230769
"Sunset",2024,3,48,3月 2024,28,71.4285714285714
"Sunset",2024,5,54,5月 2024,48,12.5
"Sunset",2024,7,43,7月 2024,54,-20.3703703703704
"Sunset",2024,9,29,9月 2024,43,-32.5581395348837
"Sunset",2024,11,31,11月 2024,29,6.89655172413793
"Sunset",2025,1,35,1月 2025,31,12.9032258064516
"Sunset",2025,3,13,3月 2025,35,-62.8571428571429
"Victoria-Fraserview",2003,1,23,1月 2003,NA,NA
"Victoria-Fraserview",2003,3,19,3月 2003,23,-17.3913043478261
"Victoria-Fraserview",2003,5,40,5月 2003,19,110.526315789474
"Victoria-Fraserview",2003,7,20,7月 2003,40,-50
"Victoria-Fraserview",2003,9,28,9月 2003,20,40
"Victoria-Fraserview",2003,11,23,11月 2003,28,-17.8571428571429
"Victoria-Fraserview",2004,1,23,1月 2004,23,0
"Victoria-Fraserview",2004,3,31,3月 2004,23,34.7826086956522
"Victoria-Fraserview",2004,5,38,5月 2004,31,22.5806451612903
"Victoria-Fraserview",2004,7,23,7月 2004,38,-39.4736842105263
"Victoria-Fraserview",2004,9,31,9月 2004,23,34.7826086956522
"Victoria-Fraserview",2004,11,27,11月 2004,31,-12.9032258064516
"Victoria-Fraserview",2005,1,26,1月 2005,27,-3.7037037037037
"Victoria-Fraserview",2005,3,32,3月 2005,26,23.0769230769231
"Victoria-Fraserview",2005,5,30,5月 2005,32,-6.25
"Victoria-Fraserview",2005,7,31,7月 2005,30,3.33333333333333
"Victoria-Fraserview",2005,9,36,9月 2005,31,16.1290322580645
"Victoria-Fraserview",2005,11,25,11月 2005,36,-30.5555555555556
"Victoria-Fraserview",2006,1,37,1月 2006,25,48
"Victoria-Fraserview",2006,3,32,3月 2006,37,-13.5135135135135
"Victoria-Fraserview",2006,5,36,5月 2006,32,12.5
"Victoria-Fraserview",2006,7,19,7月 2006,36,-47.2222222222222
"Victoria-Fraserview",2006,9,17,9月 2006,19,-10.5263157894737
"Victoria-Fraserview",2006,11,30,11月 2006,17,76.4705882352941
"Victoria-Fraserview",2007,1,28,1月 2007,30,-6.66666666666667
"Victoria-Fraserview",2007,3,22,3月 2007,28,-21.4285714285714
"Victoria-Fraserview",2007,5,25,5月 2007,22,13.6363636363636
"Victoria-Fraserview",2007,7,33,7月 2007,25,32
"Victoria-Fraserview",2007,9,32,9月 2007,33,-3.03030303030303
"Victoria-Fraserview",2007,11,11,11月 2007,32,-65.625
"Victoria-Fraserview",2008,1,16,1月 2008,11,45.4545454545455
"Victoria-Fraserview",2008,3,15,3月 2008,16,-6.25
"Victoria-Fraserview",2008,5,20,5月 2008,15,33.3333333333333
"Victoria-Fraserview",2008,7,11,7月 2008,20,-45
"Victoria-Fraserview",2008,9,19,9月 2008,11,72.7272727272727
"Victoria-Fraserview",2008,11,16,11月 2008,19,-15.7894736842105
"Victoria-Fraserview",2009,1,21,1月 2009,16,31.25
"Victoria-Fraserview",2009,3,21,3月 2009,21,0
"Victoria-Fraserview",2009,5,19,5月 2009,21,-9.52380952380952
"Victoria-Fraserview",2009,7,26,7月 2009,19,36.8421052631579
"Victoria-Fraserview",2009,9,20,9月 2009,26,-23.0769230769231
"Victoria-Fraserview",2009,11,18,11月 2009,20,-10
"Victoria-Fraserview",2010,1,14,1月 2010,18,-22.2222222222222
"Victoria-Fraserview",2010,3,15,3月 2010,14,7.14285714285714
"Victoria-Fraserview",2010,5,23,5月 2010,15,53.3333333333333
"Victoria-Fraserview",2010,7,19,7月 2010,23,-17.3913043478261
"Victoria-Fraserview",2010,9,19,9月 2010,19,0
"Victoria-Fraserview",2010,11,28,11月 2010,19,47.3684210526316
"Victoria-Fraserview",2011,1,23,1月 2011,28,-17.8571428571429
"Victoria-Fraserview",2011,3,21,3月 2011,23,-8.69565217391304
"Victoria-Fraserview",2011,5,16,5月 2011,21,-23.8095238095238
"Victoria-Fraserview",2011,7,22,7月 2011,16,37.5
"Victoria-Fraserview",2011,9,24,9月 2011,22,9.09090909090909
"Victoria-Fraserview",2011,11,14,11月 2011,24,-41.6666666666667
"Victoria-Fraserview",2012,1,18,1月 2012,14,28.5714285714286
"Victoria-Fraserview",2012,3,23,3月 2012,18,27.7777777777778
"Victoria-Fraserview",2012,5,12,5月 2012,23,-47.8260869565217
"Victoria-Fraserview",2012,7,24,7月 2012,12,100
"Victoria-Fraserview",2012,9,26,9月 2012,24,8.33333333333333
"Victoria-Fraserview",2012,11,23,11月 2012,26,-11.5384615384615
"Victoria-Fraserview",2013,1,15,1月 2013,23,-34.7826086956522
"Victoria-Fraserview",2013,3,28,3月 2013,15,86.6666666666667
"Victoria-Fraserview",2013,5,33,5月 2013,28,17.8571428571429
"Victoria-Fraserview",2013,7,14,7月 2013,33,-57.5757575757576
"Victoria-Fraserview",2013,9,23,9月 2013,14,64.2857142857143
"Victoria-Fraserview",2013,11,13,11月 2013,23,-43.4782608695652
"Victoria-Fraserview",2014,1,15,1月 2014,13,15.3846153846154
"Victoria-Fraserview",2014,3,19,3月 2014,15,26.6666666666667
"Victoria-Fraserview",2014,5,20,5月 2014,19,5.26315789473684
"Victoria-Fraserview",2014,7,23,7月 2014,20,15
"Victoria-Fraserview",2014,9,20,9月 2014,23,-13.0434782608696
"Victoria-Fraserview",2014,11,11,11月 2014,20,-45
"Victoria-Fraserview",2015,1,17,1月 2015,11,54.5454545454545
"Victoria-Fraserview",2015,3,24,3月 2015,17,41.1764705882353
"Victoria-Fraserview",2015,5,14,5月 2015,24,-41.6666666666667
"Victoria-Fraserview",2015,7,13,7月 2015,14,-7.14285714285714
"Victoria-Fraserview",2015,9,17,9月 2015,13,30.7692307692308
"Victoria-Fraserview",2015,11,19,11月 2015,17,11.7647058823529
"Victoria-Fraserview",2016,1,23,1月 2016,19,21.0526315789474
"Victoria-Fraserview",2016,3,15,3月 2016,23,-34.7826086956522
"Victoria-Fraserview",2016,5,17,5月 2016,15,13.3333333333333
"Victoria-Fraserview",2016,7,18,7月 2016,17,5.88235294117647
"Victoria-Fraserview",2016,9,29,9月 2016,18,61.1111111111111
"Victoria-Fraserview",2016,11,22,11月 2016,29,-24.1379310344828
"Victoria-Fraserview",2017,1,15,1月 2017,22,-31.8181818181818
"Victoria-Fraserview",2017,3,23,3月 2017,15,53.3333333333333
"Victoria-Fraserview",2017,5,25,5月 2017,23,8.69565217391304
"Victoria-Fraserview",2017,7,22,7月 2017,25,-12
"Victoria-Fraserview",2017,9,34,9月 2017,22,54.5454545454545
"Victoria-Fraserview",2017,11,21,11月 2017,34,-38.2352941176471
"Victoria-Fraserview",2018,1,14,1月 2018,21,-33.3333333333333
"Victoria-Fraserview",2018,3,19,3月 2018,14,35.7142857142857
"Victoria-Fraserview",2018,5,16,5月 2018,19,-15.7894736842105
"Victoria-Fraserview",2018,7,19,7月 2018,16,18.75
"Victoria-Fraserview",2018,9,21,9月 2018,19,10.5263157894737
"Victoria-Fraserview",2018,11,14,11月 2018,21,-33.3333333333333
"Victoria-Fraserview",2019,1,8,1月 2019,14,-42.8571428571429
"Victoria-Fraserview",2019,3,16,3月 2019,8,100
"Victoria-Fraserview",2019,5,24,5月 2019,16,50
"Victoria-Fraserview",2019,7,23,7月 2019,24,-4.16666666666667
"Victoria-Fraserview",2019,9,23,9月 2019,23,0
"Victoria-Fraserview",2019,11,19,11月 2019,23,-17.3913043478261
"Victoria-Fraserview",2020,1,14,1月 2020,19,-26.3157894736842
"Victoria-Fraserview",2020,3,24,3月 2020,14,71.4285714285714
"Victoria-Fraserview",2020,5,14,5月 2020,24,-41.6666666666667
"Victoria-Fraserview",2020,7,14,7月 2020,14,0
"Victoria-Fraserview",2020,9,11,9月 2020,14,-21.4285714285714
"Victoria-Fraserview",2020,11,15,11月 2020,11,36.3636363636364
"Victoria-Fraserview",2021,1,8,1月 2021,15,-46.6666666666667
"Victoria-Fraserview",2021,3,19,3月 2021,8,137.5
"Victoria-Fraserview",2021,5,17,5月 2021,19,-10.5263157894737
"Victoria-Fraserview",2021,7,20,7月 2021,17,17.6470588235294
"Victoria-Fraserview",2021,9,10,9月 2021,20,-50
"Victoria-Fraserview",2021,11,14,11月 2021,10,40
"Victoria-Fraserview",2022,1,10,1月 2022,14,-28.5714285714286
"Victoria-Fraserview",2022,3,11,3月 2022,10,10
"Victoria-Fraserview",2022,5,18,5月 2022,11,63.6363636363636
"Victoria-Fraserview",2022,7,13,7月 2022,18,-27.7777777777778
"Victoria-Fraserview",2022,9,20,9月 2022,13,53.8461538461538
"Victoria-Fraserview",2022,11,14,11月 2022,20,-30
"Victoria-Fraserview",2023,1,11,1月 2023,14,-21.4285714285714
"Victoria-Fraserview",2023,3,7,3月 2023,11,-36.3636363636364
"Victoria-Fraserview",2023,5,10,5月 2023,7,42.8571428571429
"Victoria-Fraserview",2023,7,5,7月 2023,10,-50
"Victoria-Fraserview",2023,9,13,9月 2023,5,160
"Victoria-Fraserview",2023,11,12,11月 2023,13,-7.69230769230769
"Victoria-Fraserview",2024,1,8,1月 2024,12,-33.3333333333333
"Victoria-Fraserview",2024,3,10,3月 2024,8,25
"Victoria-Fraserview",2024,5,17,5月 2024,10,70
"Victoria-Fraserview",2024,7,20,7月 2024,17,17.6470588235294
"Victoria-Fraserview",2024,9,6,9月 2024,20,-70
"Victoria-Fraserview",2024,11,15,11月 2024,6,150
"Victoria-Fraserview",2025,1,12,1月 2025,15,-20
"Victoria-Fraserview",2025,3,3,3月 2025,12,-75
"West End",2003,1,132,1月 2003,NA,NA
"West End",2003,3,171,3月 2003,132,29.5454545454545
"West End",2003,5,203,5月 2003,171,18.7134502923977
"West End",2003,7,217,7月 2003,203,6.89655172413793
"West End",2003,9,165,9月 2003,217,-23.963133640553
"West End",2003,11,132,11月 2003,165,-20
"West End",2004,1,117,1月 2004,132,-11.3636363636364
"West End",2004,3,97,3月 2004,117,-17.0940170940171
"West End",2004,5,189,5月 2004,97,94.8453608247423
"West End",2004,7,188,7月 2004,189,-0.529100529100529
"West End",2004,9,160,9月 2004,188,-14.8936170212766
"West End",2004,11,114,11月 2004,160,-28.75
"West End",2005,1,92,1月 2005,114,-19.2982456140351
"West End",2005,3,125,3月 2005,92,35.8695652173913
"West End",2005,5,188,5月 2005,125,50.4
"West End",2005,7,144,7月 2005,188,-23.4042553191489
"West End",2005,9,133,9月 2005,144,-7.63888888888889
"West End",2005,11,89,11月 2005,133,-33.0827067669173
"West End",2006,1,126,1月 2006,89,41.5730337078652
"West End",2006,3,121,3月 2006,126,-3.96825396825397
"West End",2006,5,155,5月 2006,121,28.099173553719
"West End",2006,7,192,7月 2006,155,23.8709677419355
"West End",2006,9,152,9月 2006,192,-20.8333333333333
"West End",2006,11,132,11月 2006,152,-13.1578947368421
"West End",2007,1,139,1月 2007,132,5.3030303030303
"West End",2007,3,121,3月 2007,139,-12.9496402877698
"West End",2007,5,143,5月 2007,121,18.1818181818182
"West End",2007,7,159,7月 2007,143,11.1888111888112
"West End",2007,9,134,9月 2007,159,-15.7232704402516
"West End",2007,11,118,11月 2007,134,-11.9402985074627
"West End",2008,1,110,1月 2008,118,-6.77966101694915
"West End",2008,3,132,3月 2008,110,20
"West End",2008,5,156,5月 2008,132,18.1818181818182
"West End",2008,7,114,7月 2008,156,-26.9230769230769
"West End",2008,9,107,9月 2008,114,-6.14035087719298
"West End",2008,11,82,11月 2008,107,-23.3644859813084
"West End",2009,1,64,1月 2009,82,-21.9512195121951
"West End",2009,3,93,3月 2009,64,45.3125
"West End",2009,5,129,5月 2009,93,38.7096774193548
"West End",2009,7,100,7月 2009,129,-22.4806201550388
"West End",2009,9,96,9月 2009,100,-4
"West End",2009,11,79,11月 2009,96,-17.7083333333333
"West End",2010,1,81,1月 2010,79,2.53164556962025
"West End",2010,3,108,3月 2010,81,33.3333333333333
"West End",2010,5,100,5月 2010,108,-7.40740740740741
"West End",2010,7,96,7月 2010,100,-4
"West End",2010,9,104,9月 2010,96,8.33333333333333
"West End",2010,11,73,11月 2010,104,-29.8076923076923
"West End",2011,1,61,1月 2011,73,-16.4383561643836
"West End",2011,3,78,3月 2011,61,27.8688524590164
"West End",2011,5,89,5月 2011,78,14.1025641025641
"West End",2011,7,147,7月 2011,89,65.1685393258427
"West End",2011,9,98,9月 2011,147,-33.3333333333333
"West End",2011,11,65,11月 2011,98,-33.6734693877551
"West End",2012,1,49,1月 2012,65,-24.6153846153846
"West End",2012,3,79,3月 2012,49,61.2244897959184
"West End",2012,5,88,5月 2012,79,11.3924050632911
"West End",2012,7,74,7月 2012,88,-15.9090909090909
"West End",2012,9,80,9月 2012,74,8.10810810810811
"West End",2012,11,75,11月 2012,80,-6.25
"West End",2013,1,54,1月 2013,75,-28
"West End",2013,3,73,3月 2013,54,35.1851851851852
"West End",2013,5,122,5月 2013,73,67.1232876712329
"West End",2013,7,119,7月 2013,122,-2.45901639344262
"West End",2013,9,87,9月 2013,119,-26.890756302521
"West End",2013,11,63,11月 2013,87,-27.5862068965517
"West End",2014,1,75,1月 2014,63,19.047619047619
"West End",2014,3,92,3月 2014,75,22.6666666666667
"West End",2014,5,110,5月 2014,92,19.5652173913043
"West End",2014,7,126,7月 2014,110,14.5454545454545
"West End",2014,9,123,9月 2014,126,-2.38095238095238
"West End",2014,11,71,11月 2014,123,-42.2764227642276
"West End",2015,1,71,1月 2015,71,0
"West End",2015,3,81,3月 2015,71,14.0845070422535
"West End",2015,5,92,5月 2015,81,13.5802469135802
"West End",2015,7,128,7月 2015,92,39.1304347826087
"West End",2015,9,129,9月 2015,128,0.78125
"West End",2015,11,88,11月 2015,129,-31.7829457364341
"West End",2016,1,95,1月 2016,88,7.95454545454545
"West End",2016,3,109,3月 2016,95,14.7368421052632
"West End",2016,5,134,5月 2016,109,22.9357798165138
"West End",2016,7,157,7月 2016,134,17.1641791044776
"West End",2016,9,116,9月 2016,157,-26.1146496815287
"West End",2016,11,89,11月 2016,116,-23.2758620689655
"West End",2017,1,71,1月 2017,89,-20.2247191011236
"West End",2017,3,106,3月 2017,71,49.2957746478873
"West End",2017,5,116,5月 2017,106,9.43396226415094
"West End",2017,7,138,7月 2017,116,18.9655172413793
"West End",2017,9,128,9月 2017,138,-7.2463768115942
"West End",2017,11,98,11月 2017,128,-23.4375
"West End",2018,1,73,1月 2018,98,-25.5102040816327
"West End",2018,3,138,3月 2018,73,89.041095890411
"West End",2018,5,116,5月 2018,138,-15.9420289855072
"West End",2018,7,107,7月 2018,116,-7.75862068965517
"West End",2018,9,114,9月 2018,107,6.54205607476636
"West End",2018,11,102,11月 2018,114,-10.5263157894737
"West End",2019,1,110,1月 2019,102,7.84313725490196
"West End",2019,3,107,3月 2019,110,-2.72727272727273
"West End",2019,5,123,5月 2019,107,14.9532710280374
"West End",2019,7,171,7月 2019,123,39.0243902439024
"West End",2019,9,145,9月 2019,171,-15.2046783625731
"West End",2019,11,100,11月 2019,145,-31.0344827586207
"West End",2020,1,101,1月 2020,100,1
"West End",2020,3,95,3月 2020,101,-5.94059405940594
"West End",2020,5,76,5月 2020,95,-20
"West End",2020,7,78,7月 2020,76,2.63157894736842
"West End",2020,9,96,9月 2020,78,23.0769230769231
"West End",2020,11,60,11月 2020,96,-37.5
"West End",2021,1,69,1月 2021,60,15
"West End",2021,3,45,3月 2021,69,-34.7826086956522
"West End",2021,5,73,5月 2021,45,62.2222222222222
"West End",2021,7,94,7月 2021,73,28.7671232876712
"West End",2021,9,91,9月 2021,94,-3.19148936170213
"West End",2021,11,80,11月 2021,91,-12.0879120879121
"West End",2022,1,66,1月 2022,80,-17.5
"West End",2022,3,69,3月 2022,66,4.54545454545455
"West End",2022,5,84,5月 2022,69,21.7391304347826
"West End",2022,7,80,7月 2022,84,-4.76190476190476
"West End",2022,9,95,9月 2022,80,18.75
"West End",2022,11,57,11月 2022,95,-40
"West End",2023,1,46,1月 2023,57,-19.2982456140351
"West End",2023,3,62,3月 2023,46,34.7826086956522
"West End",2023,5,104,5月 2023,62,67.741935483871
"West End",2023,7,94,7月 2023,104,-9.61538461538461
"West End",2023,9,85,9月 2023,94,-9.57446808510638
"West End",2023,11,55,11月 2023,85,-35.2941176470588
"West End",2024,1,60,1月 2024,55,9.09090909090909
"West End",2024,3,70,3月 2024,60,16.6666666666667
"West End",2024,5,108,5月 2024,70,54.2857142857143
"West End",2024,7,94,7月 2024,108,-12.962962962963
"West End",2024,9,87,9月 2024,94,-7.4468085106383
"West End",2024,11,77,11月 2024,87,-11.4942528735632
"West End",2025,1,71,1月 2025,77,-7.79220779220779
"West End",2025,3,23,3月 2025,71,-67.6056338028169
"West Point Grey",2003,1,13,1月 2003,NA,NA
"West Point Grey",2003,3,7,3月 2003,13,-46.1538461538462
"West Point Grey",2003,5,29,5月 2003,7,314.285714285714
"West Point Grey",2003,7,28,7月 2003,29,-3.44827586206897
"West Point Grey",2003,9,20,9月 2003,28,-28.5714285714286
"West Point Grey",2003,11,19,11月 2003,20,-5
"West Point Grey",2004,1,16,1月 2004,19,-15.7894736842105
"West Point Grey",2004,3,18,3月 2004,16,12.5
"West Point Grey",2004,5,22,5月 2004,18,22.2222222222222
"West Point Grey",2004,7,26,7月 2004,22,18.1818181818182
"West Point Grey",2004,9,24,9月 2004,26,-7.69230769230769
"West Point Grey",2004,11,12,11月 2004,24,-50
"West Point Grey",2005,1,13,1月 2005,12,8.33333333333333
"West Point Grey",2005,3,26,3月 2005,13,100
"West Point Grey",2005,5,21,5月 2005,26,-19.2307692307692
"West Point Grey",2005,7,19,7月 2005,21,-9.52380952380952
"West Point Grey",2005,9,22,9月 2005,19,15.7894736842105
"West Point Grey",2005,11,12,11月 2005,22,-45.4545454545455
"West Point Grey",2006,1,8,1月 2006,12,-33.3333333333333
"West Point Grey",2006,3,10,3月 2006,8,25
"West Point Grey",2006,5,22,5月 2006,10,120
"West Point Grey",2006,7,19,7月 2006,22,-13.6363636363636
"West Point Grey",2006,9,16,9月 2006,19,-15.7894736842105
"West Point Grey",2006,11,7,11月 2006,16,-56.25
"West Point Grey",2007,1,16,1月 2007,7,128.571428571429
"West Point Grey",2007,3,15,3月 2007,16,-6.25
"West Point Grey",2007,5,19,5月 2007,15,26.6666666666667
"West Point Grey",2007,7,13,7月 2007,19,-31.5789473684211
"West Point Grey",2007,9,10,9月 2007,13,-23.0769230769231
"West Point Grey",2007,11,12,11月 2007,10,20
"West Point Grey",2008,1,13,1月 2008,12,8.33333333333333
"West Point Grey",2008,3,5,3月 2008,13,-61.5384615384615
"West Point Grey",2008,5,12,5月 2008,5,140
"West Point Grey",2008,7,32,7月 2008,12,166.666666666667
"West Point Grey",2008,9,10,9月 2008,32,-68.75
"West Point Grey",2008,11,13,11月 2008,10,30
"West Point Grey",2009,1,18,1月 2009,13,38.4615384615385
"West Point Grey",2009,3,10,3月 2009,18,-44.4444444444444
"West Point Grey",2009,5,12,5月 2009,10,20
"West Point Grey",2009,7,14,7月 2009,12,16.6666666666667
"West Point Grey",2009,9,13,9月 2009,14,-7.14285714285714
"West Point Grey",2009,11,11,11月 2009,13,-15.3846153846154
"West Point Grey",2010,1,18,1月 2010,11,63.6363636363636
"West Point Grey",2010,3,10,3月 2010,18,-44.4444444444444
"West Point Grey",2010,5,8,5月 2010,10,-20
"West Point Grey",2010,7,17,7月 2010,8,112.5
"West Point Grey",2010,9,12,9月 2010,17,-29.4117647058824
"West Point Grey",2010,11,10,11月 2010,12,-16.6666666666667
"West Point Grey",2011,1,11,1月 2011,10,10
"West Point Grey",2011,3,11,3月 2011,11,0
"West Point Grey",2011,5,16,5月 2011,11,45.4545454545455
"West Point Grey",2011,7,18,7月 2011,16,12.5
"West Point Grey",2011,9,27,9月 2011,18,50
"West Point Grey",2011,11,8,11月 2011,27,-70.3703703703704
"West Point Grey",2012,1,7,1月 2012,8,-12.5
"West Point Grey",2012,3,6,3月 2012,7,-14.2857142857143
"West Point Grey",2012,5,6,5月 2012,6,0
"West Point Grey",2012,7,20,7月 2012,6,233.333333333333
"West Point Grey",2012,9,24,9月 2012,20,20
"West Point Grey",2012,11,13,11月 2012,24,-45.8333333333333
"West Point Grey",2013,1,8,1月 2013,13,-38.4615384615385
"West Point Grey",2013,3,10,3月 2013,8,25
"West Point Grey",2013,5,10,5月 2013,10,0
"West Point Grey",2013,7,19,7月 2013,10,90
"West Point Grey",2013,9,10,9月 2013,19,-47.3684210526316
"West Point Grey",2013,11,1,11月 2013,10,-90
"West Point Grey",2014,1,12,1月 2014,1,1100
"West Point Grey",2014,3,4,3月 2014,12,-66.6666666666667
"West Point Grey",2014,5,17,5月 2014,4,325
"West Point Grey",2014,7,10,7月 2014,17,-41.1764705882353
"West Point Grey",2014,9,10,9月 2014,10,0
"West Point Grey",2014,11,9,11月 2014,10,-10
"West Point Grey",2015,1,15,1月 2015,9,66.6666666666667
"West Point Grey",2015,3,8,3月 2015,15,-46.6666666666667
"West Point Grey",2015,5,8,5月 2015,8,0
"West Point Grey",2015,7,18,7月 2015,8,125
"West Point Grey",2015,9,11,9月 2015,18,-38.8888888888889
"West Point Grey",2015,11,12,11月 2015,11,9.09090909090909
"West Point Grey",2016,1,22,1月 2016,12,83.3333333333333
"West Point Grey",2016,3,16,3月 2016,22,-27.2727272727273
"West Point Grey",2016,5,17,5月 2016,16,6.25
"West Point Grey",2016,7,10,7月 2016,17,-41.1764705882353
"West Point Grey",2016,9,13,9月 2016,10,30
"West Point Grey",2016,11,14,11月 2016,13,7.69230769230769
"West Point Grey",2017,1,8,1月 2017,14,-42.8571428571429
"West Point Grey",2017,3,17,3月 2017,8,112.5
"West Point Grey",2017,5,13,5月 2017,17,-23.5294117647059
"West Point Grey",2017,7,15,7月 2017,13,15.3846153846154
"West Point Grey",2017,9,11,9月 2017,15,-26.6666666666667
"West Point Grey",2017,11,13,11月 2017,11,18.1818181818182
"West Point Grey",2018,1,14,1月 2018,13,7.69230769230769
"West Point Grey",2018,3,6,3月 2018,14,-57.1428571428571
"West Point Grey",2018,5,8,5月 2018,6,33.3333333333333
"West Point Grey",2018,7,12,7月 2018,8,50
"West Point Grey",2018,9,11,9月 2018,12,-8.33333333333333
"West Point Grey",2018,11,14,11月 2018,11,27.2727272727273
"West Point Grey",2019,1,3,1月 2019,14,-78.5714285714286
"West Point Grey",2019,3,7,3月 2019,3,133.333333333333
"West Point Grey",2019,5,13,5月 2019,7,85.7142857142857
"West Point Grey",2019,7,15,7月 2019,13,15.3846153846154
"West Point Grey",2019,9,17,9月 2019,15,13.3333333333333
"West Point Grey",2019,11,9,11月 2019,17,-47.0588235294118
"West Point Grey",2020,1,10,1月 2020,9,11.1111111111111
"West Point Grey",2020,3,9,3月 2020,10,-10
"West Point Grey",2020,5,13,5月 2020,9,44.4444444444444
"West Point Grey",2020,7,14,7月 2020,13,7.69230769230769
"West Point Grey",2020,9,13,9月 2020,14,-7.14285714285714
"West Point Grey",2020,11,14,11月 2020,13,7.69230769230769
"West Point Grey",2021,1,7,1月 2021,14,-50
"West Point Grey",2021,3,5,3月 2021,7,-28.5714285714286
"West Point Grey",2021,5,13,5月 2021,5,160
"West Point Grey",2021,7,9,7月 2021,13,-30.7692307692308
"West Point Grey",2021,9,6,9月 2021,9,-33.3333333333333
"West Point Grey",2021,11,8,11月 2021,6,33.3333333333333
"West Point Grey",2022,1,2,1月 2022,8,-75
"West Point Grey",2022,3,8,3月 2022,2,300
"West Point Grey",2022,5,11,5月 2022,8,37.5
"West Point Grey",2022,7,3,7月 2022,11,-72.7272727272727
"West Point Grey",2022,9,12,9月 2022,3,300
"West Point Grey",2022,11,1,11月 2022,12,-91.6666666666667
"West Point Grey",2023,1,8,1月 2023,1,700
"West Point Grey",2023,3,9,3月 2023,8,12.5
"West Point Grey",2023,5,11,5月 2023,9,22.2222222222222
"West Point Grey",2023,7,15,7月 2023,11,36.3636363636364
"West Point Grey",2023,9,8,9月 2023,15,-46.6666666666667
"West Point Grey",2023,11,7,11月 2023,8,-12.5
"West Point Grey",2024,1,12,1月 2024,7,71.4285714285714
"West Point Grey",2024,3,7,3月 2024,12,-41.6666666666667
"West Point Grey",2024,5,6,5月 2024,7,-14.2857142857143
"West Point Grey",2024,7,12,7月 2024,6,100
"West Point Grey",2024,9,7,9月 2024,12,-41.6666666666667
"West Point Grey",2024,11,10,11月 2024,7,42.8571428571429
"West Point Grey",2025,1,5,1月 2025,10,-50
"West Point Grey",2025,3,2,3月 2025,5,-60
NA,2003,1,9,1月 2003,NA,NA
NA,2003,3,16,3月 2003,9,77.7777777777778
NA,2003,5,33,5月 2003,16,106.25
NA,2003,7,81,7月 2003,33,145.454545454545
NA,2003,9,48,9月 2003,81,-40.7407407407407
NA,2003,11,7,11月 2003,48,-85.4166666666667
NA,2004,1,9,1月 2004,7,28.5714285714286
NA,2004,3,14,3月 2004,9,55.5555555555556
NA,2004,5,31,5月 2004,14,121.428571428571
NA,2004,7,51,7月 2004,31,64.5161290322581
NA,2004,9,36,9月 2004,51,-29.4117647058824
NA,2004,11,30,11月 2004,36,-16.6666666666667
NA,2005,1,7,1月 2005,30,-76.6666666666667
NA,2005,3,22,3月 2005,7,214.285714285714
NA,2005,5,22,5月 2005,22,0
NA,2005,7,35,7月 2005,22,59.0909090909091
NA,2005,9,39,9月 2005,35,11.4285714285714
NA,2005,11,5,11月 2005,39,-87.1794871794872
NA,2006,1,24,1月 2006,5,380
NA,2006,3,27,3月 2006,24,12.5
NA,2006,5,40,5月 2006,27,48.1481481481481
NA,2006,7,27,7月 2006,40,-32.5
NA,2006,9,22,9月 2006,27,-18.5185185185185
NA,2006,11,3,11月 2006,22,-86.3636363636364
NA,2007,1,15,1月 2007,3,400
NA,2007,3,11,3月 2007,15,-26.6666666666667
NA,2007,5,17,5月 2007,11,54.5454545454545
NA,2007,7,25,7月 2007,17,47.0588235294118
NA,2007,9,28,9月 2007,25,12
NA,2007,11,11,11月 2007,28,-60.7142857142857
NA,2008,1,14,1月 2008,11,27.2727272727273
NA,2008,3,26,3月 2008,14,85.7142857142857
NA,2008,5,32,5月 2008,26,23.0769230769231
NA,2008,7,25,7月 2008,32,-21.875
NA,2008,9,28,9月 2008,25,12
NA,2008,11,22,11月 2008,28,-21.4285714285714
NA,2009,1,17,1月 2009,22,-22.7272727272727
NA,2009,3,21,3月 2009,17,23.5294117647059
NA,2009,5,22,5月 2009,21,4.76190476190476
NA,2009,7,37,7月 2009,22,68.1818181818182
NA,2009,9,15,9月 2009,37,-59.4594594594595
NA,2009,11,10,11月 2009,15,-33.3333333333333
NA,2010,1,15,1月 2010,10,50
NA,2010,3,8,3月 2010,15,-46.6666666666667
NA,2010,5,20,5月 2010,8,150
NA,2010,7,24,7月 2010,20,20
NA,2010,9,14,9月 2010,24,-41.6666666666667
NA,2010,11,3,11月 2010,14,-78.5714285714286
NA,2011,1,4,1月 2011,3,33.3333333333333
NA,2011,3,6,3月 2011,4,50
NA,2011,5,14,5月 2011,6,133.333333333333
NA,2011,7,23,7月 2011,14,64.2857142857143
NA,2011,9,30,9月 2011,23,30.4347826086957
NA,2011,11,6,11月 2011,30,-80
NA,2012,1,7,1月 2012,6,16.6666666666667
NA,2012,3,11,3月 2012,7,57.1428571428571
NA,2012,5,1,5月 2012,11,-90.9090909090909
NA,2012,7,42,7月 2012,1,4100
NA,2012,9,12,9月 2012,42,-71.4285714285714
NA,2012,11,14,11月 2012,12,16.6666666666667
NA,2013,1,9,1月 2013,14,-35.7142857142857
NA,2013,3,11,3月 2013,9,22.2222222222222
NA,2013,5,18,5月 2013,11,63.6363636363636
NA,2013,7,44,7月 2013,18,144.444444444444
NA,2013,9,15,9月 2013,44,-65.9090909090909
NA,2013,11,23,11月 2013,15,53.3333333333333
NA,2014,1,8,1月 2014,23,-65.2173913043478
NA,2014,3,23,3月 2014,8,187.5
NA,2014,5,17,5月 2014,23,-26.0869565217391
NA,2014,7,32,7月 2014,17,88.2352941176471
NA,2014,9,4,9月 2014,32,-87.5
NA,2014,11,2,11月 2014,4,-50
NA,2015,1,8,1月 2015,2,300
NA,2015,3,7,3月 2015,8,-12.5
NA,2015,5,14,5月 2015,7,100
NA,2015,7,26,7月 2015,14,85.7142857142857
NA,2015,9,16,9月 2015,26,-38.4615384615385
NA,2015,11,15,11月 2015,16,-6.25
NA,2016,1,11,1月 2016,15,-26.6666666666667
NA,2016,3,13,3月 2016,11,18.1818181818182
NA,2016,5,12,5月 2016,13,-7.69230769230769
NA,2016,7,13,7月 2016,12,8.33333333333333
NA,2016,9,8,9月 2016,13,-38.4615384615385
NA,2016,11,4,11月 2016,8,-50
NA,2017,1,8,1月 2017,4,100
NA,2017,3,10,3月 2017,8,25
NA,2017,5,7,5月 2017,10,-30
NA,2017,7,18,7月 2017,7,157.142857142857
NA,2017,9,8,9月 2017,18,-55.5555555555556
NA,2017,11,7,11月 2017,8,-12.5
NA,2018,1,3,1月 2018,7,-57.1428571428571
NA,2018,3,2,3月 2018,3,-33.3333333333333
NA,2018,5,11,5月 2018,2,450
NA,2018,7,10,7月 2018,11,-9.09090909090909
NA,2018,9,17,9月 2018,10,70
NA,2018,11,11,11月 2018,17,-35.2941176470588
NA,2019,1,3,1月 2019,11,-72.7272727272727
NA,2019,3,12,3月 2019,3,300
NA,2019,5,28,5月 2019,12,133.333333333333
NA,2019,7,14,7月 2019,28,-50
NA,2019,9,11,9月 2019,14,-21.4285714285714
NA,2019,11,13,11月 2019,11,18.1818181818182
NA,2020,1,12,1月 2020,13,-7.69230769230769
NA,2020,3,4,3月 2020,12,-66.6666666666667
NA,2020,7,1,7月 2020,4,-75
NA,2020,9,3,9月 2020,1,200
NA,2020,11,2,11月 2020,3,-33.3333333333333
NA,2021,1,2,1月 2021,2,0
NA,2021,3,1,3月 2021,2,-50
NA,2021,5,4,5月 2021,1,300
NA,2021,7,18,7月 2021,4,350
NA,2021,9,5,9月 2021,18,-72.2222222222222
NA,2021,11,4,11月 2021,5,-20
NA,2022,3,2,3月 2022,4,-50
NA,2022,5,2,5月 2022,2,0
NA,2022,7,5,7月 2022,2,150
NA,2022,9,4,9月 2022,5,-20
NA,2022,11,3,11月 2022,4,-25
NA,2023,1,2,1月 2023,3,-33.3333333333333
NA,2023,3,5,3月 2023,2,150
NA,2023,5,20,5月 2023,5,300
NA,2023,7,8,7月 2023,20,-60
NA,2023,9,13,9月 2023,8,62.5
NA,2023,11,3,11月 2023,13,-76.9230769230769
NA,2024,3,5,3月 2024,3,66.6666666666667
NA,2024,5,6,5月 2024,5,20
NA,2024,7,16,7月 2024,6,166.666666666667
NA,2024,9,10,9月 2024,16,-37.5
NA,2024,11,1,11月 2024,10,-90
NA,2025,1,7,1月 2025,1,600
