name,date,total_ntl,total_pixels,weighted_ntl_mean,prev_weighted_ntl_mean,pct_change
Arbutus Ridge,1月 2012,110.79215693473823,37,2.99438261985779,NA,NA
Arbutus Ridge,3月 2012,146.4187660217284,37,3.9572639465332,2.99438261985779,32.15625552626069
Arbutus Ridge,5月 2012,119.41933345794676,37,3.22754955291748,3.9572639465332,-18.4398716758581
Arbutus Ridge,7月 2012,114.86293816566456,37,3.10440373420715,3.22754955291748,-3.8154586534237582
Arbutus Ridge,9月 2012,121.0768644809724,37,3.27234768867493,3.10440373420715,5.40986188804053
Arbutus Ridge,11月 2012,96.52590632438677,37,2.60880827903748,3.27234768867493,-20.27716712175339
Arbutus Ridge,1月 2013,89.47942566871625,37,2.41836285591125,2.60880827903748,-7.300092714996093
Arbutus Ridge,3月 2013,137.59619355201716,37,3.71881604194641,2.41836285591125,53.7741134609489
Arbutus Ridge,5月 2013,130.5042469501495,37,3.5271418094635,3.71881604194641,-5.154173541280853
Arbutus Ridge,7月 2013,131.026470184326,37,3.54125595092773,3.5271418094635,0.40015803805678835
Arbutus Ridge,9月 2013,114.96857547759993,37,3.10725879669189,3.54125595092773,-12.255458522339858
Arbutus Ridge,11月 2013,133.77747750282273,37,3.61560750007629,3.10725879669189,16.36003746857545
Arbutus Ridge,1月 2014,112.521009683609,37,3.04110836982727,3.61560750007629,-15.88942190868057
Arbutus Ridge,3月 2014,132.47082996368403,37,3.58029270172119,3.04110836982727,17.729862481834044
Arbutus Ridge,5月 2014,126.83310556411729,37,3.42792177200317,3.58029270172119,-4.255823263968598
Arbutus Ridge,7月 2014,122.56044459342958,37,3.31244444847107,3.42792177200317,-3.3687269200609187
Arbutus Ridge,9月 2014,107.01146149635319,37,2.8922016620636,3.31244444847107,-12.68678744488657
Arbutus Ridge,11月 2014,121.12604427337655,37,3.27367687225342,2.8922016620636,13.189786009514833
Arbutus Ridge,1月 2015,112.15933752059954,37,3.03133344650269,3.27367687225342,-7.402790049462464
Arbutus Ridge,3月 2015,117.69813776016242,37,3.18103075027466,3.03133344650269,4.938331807234165
Arbutus Ridge,5月 2015,115.46835684776293,37,3.12076640129089,3.18103075027466,-1.8944912424555018
Arbutus Ridge,7月 2015,119.12032032012925,37,3.21946811676025,3.12076640129089,3.162739621540799
Arbutus Ridge,9月 2015,96.72514843940722,37,2.61419320106506,3.21946811676025,-18.800463112033487
Arbutus Ridge,11月 2015,111.36015486717226,37,3.00973391532898,2.61419320106506,15.130508108688026
Arbutus Ridge,1月 2016,118.51708936691281,37,3.20316457748413,3.00973391532898,6.426835979419364
Arbutus Ridge,3月 2016,117.3296995162963,37,3.1710729598999,3.20316457748413,-1.001872267501024
Arbutus Ridge,5月 2016,100.57210206985455,37,2.71816492080688,3.1710729598999,-14.282485607247493
Arbutus Ridge,7月 2016,92.34774112701427,37,2.49588489532471,2.71816492080688,-8.177576856380977
Arbutus Ridge,9月 2016,97.33816242218018,37,2.63076114654541,2.49588489532471,5.403945168839722
Arbutus Ridge,11月 2016,82.96012592315664,37,2.24216556549072,2.63076114654541,-14.771222448870942
Arbutus Ridge,1月 2017,117.78952836990355,37,3.18350076675415,2.24216556549072,41.983304701114236
Arbutus Ridge,3月 2017,129.52330636978164,37,3.5006299018859903,3.18350076675415,9.961647832589673
Arbutus Ridge,5月 2017,122.417827606201,37,3.30858993530273,3.5006299018859903,-5.485868885476795
Arbutus Ridge,7月 2017,132.05184459686265,37,3.5689687728881796,3.30858993530273,7.869782677121801
Arbutus Ridge,9月 2017,99.10043978691108,37,2.67839026451111,3.5689687728881796,-24.9533847183642
Arbutus Ridge,11月 2017,109.19470024108874,37,2.95120811462402,2.67839026451111,10.185888655875454
Arbutus Ridge,1月 2018,112.05507636070237,37,3.02851557731628,2.95120811462402,2.619519182980736
Arbutus Ridge,3月 2018,127.54560828208932,37,3.44717860221863,3.02851557731628,13.824034059397123
Arbutus Ridge,5月 2018,119.36078524589526,37,3.22596716880798,3.44717860221863,-6.417173547906017
Arbutus Ridge,7月 2018,127.88148641586304,37,3.45625638961792,3.22596716880798,7.138610182912486
Arbutus Ridge,9月 2018,103.13414430618288,37,2.78740930557251,3.45625638961792,-19.351778590689246
Arbutus Ridge,11月 2018,103.99771499633796,37,2.81074905395508,2.78740930557251,0.8373276337963543
Arbutus Ridge,1月 2019,101.66120290756213,37,2.74760007858276,2.81074905395508,-2.2466956017813535
Arbutus Ridge,3月 2019,123.06503367424015,37,3.32608199119568,2.74760007858276,21.05407978119242
Arbutus Ridge,5月 2019,113.80436849594098,37,3.07579374313354,3.32608199119568,-7.5250173845583666
Arbutus Ridge,7月 2019,123.63875675201427,37,3.34158802032471,3.07579374313354,8.641485723304244
Arbutus Ridge,9月 2019,116.18341779708874,37,3.14009237289429,3.34158802032471,-6.029936850528932
Arbutus Ridge,11月 2019,119.47969007492053,37,3.22918081283569,3.14009237289429,2.837128000132202
Arbutus Ridge,1月 2020,219.4056711196898,37,5.92988300323486,3.22918081283569,83.6342820960701
Arbutus Ridge,3月 2020,126.98786091804494,37,3.43210434913635,5.92988300323486,-42.12188761120457
Arbutus Ridge,5月 2020,119.22471380233758,37,3.22228956222534,3.43210434913635,-6.1132985937274125
Arbutus Ridge,7月 2020,108.88323998451216,37,2.94279026985168,3.22228956222534,-8.67393469693752
Arbutus Ridge,9月 2020,108.96004867553704,37,2.94486618041992,2.94279026985168,0.07054225336773991
Arbutus Ridge,11月 2020,104.56928563117998,37,2.82619690895081,2.94486618041992,-4.029699965931507
Arbutus Ridge,1月 2021,79.23713183403028,37,2.14154410362244,2.82619690895081,-24.225233675686763
Arbutus Ridge,3月 2021,118.47649288177507,37,3.20206737518311,2.14154410362244,49.521430343964695
Arbutus Ridge,5月 2021,114.5635545253752,37,3.0963122844696,3.20206737518311,-3.3027128514890247
Arbutus Ridge,7月 2021,113.83898401260377,37,3.07672929763794,3.0963122844696,-0.6324616199045546
Arbutus Ridge,9月 2021,102.13273787498476,37,2.76034426689148,3.07672929763794,-10.283161114933135
Arbutus Ridge,11月 2021,103.47755599021895,37,2.79669070243835,2.76034426689148,1.316735596455188
Arbutus Ridge,1月 2022,89.60098576545698,37,2.42164826393127,2.79669070243835,-13.410222238021957
Arbutus Ridge,3月 2022,121.79479241371162,37,3.29175114631653,2.42164826393127,35.93019247860328
Arbutus Ridge,5月 2022,133.91051435470564,37,3.61920309066772,3.29175114631653,9.947651866624511
Arbutus Ridge,7月 2022,126.80533552169791,37,3.42717123031616,3.61920309066772,-5.305915571489292
Arbutus Ridge,9月 2022,108.63194227218635,37,2.93599843978882,3.42717123031616,-14.331726007224582
Arbutus Ridge,11月 2022,98.8343572616578,37,2.67119884490967,2.93599843978882,-9.019064563882957
Arbutus Ridge,1月 2023,100.30499625205998,37,2.71094584465027,2.67119884490967,1.4879835627490994
Arbutus Ridge,3月 2023,105.76763176918037,37,2.85858464241028,2.71094584465027,5.446025343935139
Arbutus Ridge,5月 2023,130.3405289649965,37,3.5227169990539595,2.85858464241028,23.232908579670436
Arbutus Ridge,7月 2023,114.4214315414429,37,3.0924711227417,3.5227169990539595,-12.213466946899333
Arbutus Ridge,9月 2023,103.44373440742496,37,2.79577660560608,3.0924711227417,-9.594091758974256
Arbutus Ridge,11月 2023,98.83198428153993,37,2.67113471031189,2.79577660560608,-4.458220840830361
Arbutus Ridge,1月 2024,157.43687438964852,37,4.25505065917969,2.67113471031189,59.29749416055685
Arbutus Ridge,3月 2024,125.97859454154958,37,3.40482687950134,4.25505065917969,-19.9815195582715
Arbutus Ridge,5月 2024,126.38201880455034,37,3.41573023796082,3.40482687950134,0.32023238905693296
Arbutus Ridge,7月 2024,98.70958614349382,37,2.66782665252686,3.41573023796082,-21.895862182619435
Arbutus Ridge,9月 2024,74.71300554275501,37,2.01927042007446,2.66782665252686,-24.310283872384037
Arbutus Ridge,11月 2024,90.93662071228009,37,2.4577465057373,2.01927042007446,21.71457974641511
Downtown,1月 2012,815.4566688537612,54,15.1010494232178,NA,NA
Downtown,3月 2012,623.1649417877196,54,11.5400915145874,15.1010494232178,-23.5808638779464
Downtown,5月 2012,567.0999584197974,54,10.5018510818481,11.5400915145874,-8.996812819264902
Downtown,7月 2012,533.3738536834719,54,9.87729358673096,10.5018510818481,-5.947118181828483
Downtown,9月 2012,998.3358764648424,54,18.4877014160156,9.87729358673096,87.17375618815016
Downtown,11月 2012,539.5095443725575,35,15.4145584106445,18.4877014160156,-16.6226343460355
Downtown,1月 2013,710.379919052125,53,13.4033946990967,15.4145584106445,-13.047170460355154
Downtown,3月 2013,1411.2047309875506,54,26.1334209442139,13.4033946990967,94.97613500835814
Downtown,5月 2013,981.13736343384,54,18.16921043396,26.1334209442139,-30.47519315306948
Downtown,7月 2013,860.4396057128886,54,15.9340667724609,18.16921043396,-12.301820542082565
Downtown,9月 2013,904.4778556823705,54,16.7495899200439,15.9340667724609,5.118110518982389
Downtown,11月 2013,853.455802917483,54,15.8047370910645,16.7495899200439,-5.6410505181903785
Downtown,1月 2014,1059.6321716308614,54,19.6228179931641,15.8047370910645,24.15782610049379
Downtown,3月 2014,1104.0039253234854,54,20.4445171356201,19.6228179931641,4.187467583617444
Downtown,5月 2014,784.4388656616215,54,14.5266456604004,20.4445171356201,-28.946007557738323
Downtown,7月 2014,656.7185268402084,54,12.161454200744599,14.5266456604004,-16.28174538670897
Downtown,9月 2014,1109.9751663207996,54,20.5550956726074,12.161454200744599,69.01840300766739
Downtown,11月 2014,732.8344173431418,54,13.571007728576701,20.5550956726074,-33.97740421776773
Downtown,1月 2015,511.8755664825438,53,9.65802955627441,13.571007728576701,-28.8333648507374
Downtown,3月 2015,782.6039772033672,54,14.4926662445068,9.65802955627441,50.05820970066852
Downtown,5月 2015,798.5404567718509,53,15.066801071167,14.4926662445068,3.9615541886767383
Downtown,7月 2015,699.6229877471903,54,12.9559812545776,15.066801071167,-14.009741063276056
Downtown,9月 2015,710.8123569488514,54,13.1631917953491,12.9559812545776,1.599342702802143
Downtown,11月 2015,916.06314468384,54,16.96413230896,13.1631917953491,28.87552329788184
Downtown,1月 2016,556.8579540252701,54,10.3121843338013,16.96413230896,-39.211837387317004
Downtown,3月 2016,1260.7447013854955,54,23.3471240997314,10.3121843338013,126.40328512363908
Downtown,5月 2016,657.2115726470946,54,12.1705846786499,23.3471240997314,-47.87116123313055
Downtown,7月 2016,649.8209323883052,54,12.0337209701538,12.1705846786499,-1.1245450576930156
Downtown,9月 2016,713.5039730072016,54,13.2130365371704,12.0337209701538,9.800090678033458
Downtown,11月 2016,631.4483585357658,54,11.6934881210327,13.2130365371704,-11.500372468228361
Downtown,1月 2017,864.4846000671396,54,16.0089740753174,11.6934881210327,36.90503560287178
Downtown,3月 2017,869.5559577941892,54,16.1028881072998,16.0089740753174,0.5866336689694376
Downtown,5月 2017,790.4838523864752,54,14.6385898590088,16.1028881072998,-9.093388953172953
Downtown,7月 2017,609.3906097412106,54,11.2850112915039,14.6385898590088,-22.90916406433137
Downtown,9月 2017,672.4994430542004,54,12.4536933898926,11.2850112915039,10.356056083599679
Downtown,11月 2017,628.0030059814464,48,13.0833959579468,12.4536933898926,5.056351945883514
Downtown,1月 2018,903.4307899475111,54,16.7301998138428,13.0833959579468,27.87352662579125
Downtown,3月 2018,1122.0550460815427,54,20.7787971496582,16.7301998138428,24.19933641477214
Downtown,5月 2018,885.9324531555179,54,16.406156539917,20.7787971496582,-21.043761957188785
Downtown,7月 2018,622.1218414306644,54,11.5207748413086,16.406156539917,-29.7777342714122
Downtown,9月 2018,725.6039886474606,54,13.4371109008789,11.5207748413086,16.633742833851173
Downtown,11月 2018,850.9797077178941,54,15.7588834762573,13.4371109008789,17.278807866552153
Downtown,1月 2019,953.3022651672354,54,17.6537456512451,15.7588834762573,12.024089002514954
Downtown,3月 2019,982.250244140625,54,18.1898193359375,17.6537456512451,3.036600250636283
Downtown,5月 2019,844.0891685485866,54,15.6312808990479,18.1898193359375,-14.06577157055493
Downtown,7月 2019,677.4358234405518,54,12.5451078414917,15.6312808990479,-19.74357109623805
Downtown,9月 2019,1149.8023910522468,54,21.292636871337905,12.5451078414917,69.72860768015578
Downtown,11月 2019,1513.3863372802757,54,28.0256729125977,21.292636871337905,31.62142895661344
Downtown,1月 2020,484.59553050994884,49,9.88970470428467,28.0256729125977,-64.71198127828292
Downtown,3月 2020,989.4528121948254,54,18.3232002258301,9.88970470428467,85.27550390752978
Downtown,5月 2020,1010.0727767944314,54,18.7050514221191,18.3232002258301,2.0839765520365208
Downtown,7月 2020,647.552324295045,54,11.9917097091675,18.7050514221191,-35.89052797263599
Downtown,9月 2020,808.7761402130124,54,14.977335929870598,11.9917097091675,24.897419076285907
Downtown,11月 2020,637.1987190246587,53,12.0226173400879,14.977335929870598,-19.727931613591224
Downtown,1月 2021,262.5237436294555,54,4.86155080795288,12.0226173400879,-59.563290833996255
Downtown,3月 2021,934.5327415466328,54,17.3061618804932,4.86155080795288,255.9802738702744
Downtown,5月 2021,988.6169929504392,54,18.3077220916748,17.3061618804932,5.787304071797221
Downtown,7月 2021,563.4662818908672,54,10.4345607757568,18.3077220916748,-43.00459268768461
Downtown,9月 2021,848.8026638031024,54,15.7185678482056,10.4345607757568,50.639477655115385
Downtown,11月 2021,713.9106559753434,54,13.2205677032471,15.7185678482056,-15.89203398860327
Downtown,1月 2022,395.6221647262573,54,7.32633638381958,13.2205677032471,-44.583798908876204
Downtown,3月 2022,818.9148387908951,54,15.1650896072388,7.32633638381958,106.99417570740168
Downtown,5月 2022,707.9498176574717,54,13.1101818084717,15.1650896072388,-13.55025161068765
Downtown,7月 2022,675.5358419418342,53,12.7459592819214,13.1101818084717,-2.7781653364634673
Downtown,9月 2022,903.5128784179674,54,16.7317199707031,12.7459592819214,31.270778453176295
Downtown,11月 2022,667.4634132385248,54,12.3604335784912,16.7317199707031,-26.125744393678193
Downtown,1月 2023,850.1266365051295,54,15.7430858612061,12.3604335784912,27.366776911460175
Downtown,3月 2023,828.5052337646508,54,15.3426895141602,15.7430858612061,-2.5433155264213574
Downtown,5月 2023,902.0492935180686,54,16.7046165466309,15.3426895141602,8.876716375011936
Downtown,7月 2023,548.8642158508278,54,10.1641521453857,16.7046165466309,-39.15363386515044
Downtown,9月 2023,837.4576148986824,54,15.5084743499756,10.1641521453857,52.58010828789202
Downtown,11月 2023,1316.3144760131815,54,24.3761940002441,15.5084743499756,57.17983245903523
Downtown,1月 2024,897.0739288330069,54,16.6124801635742,24.3761940002441,-31.849573549472716
Downtown,3月 2024,1159.1712913513177,54,21.4661350250244,16.6124801635742,29.216918928774373
Downtown,5月 2024,714.9387702941891,54,13.239606857299798,21.4661350250244,-38.32328529627914
Downtown,7月 2024,432.61478805542004,54,8.01138496398926,13.239606857299798,-39.489253341596786
Downtown,9月 2024,667.5702209472636,54,12.3624114990234,8.01138496398926,54.310541243390105
Downtown,11月 2024,812.6453704833991,53,15.3329315185547,12.3624114990234,24.028645380118302
Dunbar-Southlands,1月 2012,161.93244516849495,95,1.70455205440521,NA,NA
Dunbar-Southlands,3月 2012,205.25903606414795,92,2.23107647895813,1.70455205440521,30.889313306224988
Dunbar-Southlands,5月 2012,157.5222980976107,95,1.65812945365906,2.23107647895813,-25.68029517153196
Dunbar-Southlands,7月 2012,170.21030008792889,95,1.7916873693466198,1.65812945365906,8.05473392881552
Dunbar-Southlands,9月 2012,171.7800307273862,95,1.80821084976196,1.7916873693466198,0.9222301110135029
Dunbar-Southlands,11月 2012,142.20425248146088,90,1.58004724979401,1.80821084976196,-12.61819660013579
Dunbar-Southlands,1月 2013,137.36939787864657,95,1.4459936618804903,1.58004724979401,-8.484150580370057
Dunbar-Southlands,3月 2013,218.44527363777115,95,2.29942393302917,1.4459936618804903,59.02033277509723
Dunbar-Southlands,5月 2013,188.01060318946816,95,1.97905898094177,2.29942393302917,-13.932400523698291
Dunbar-Southlands,7月 2013,197.1602022647858,95,2.07537055015564,1.97905898094177,4.866533546566586
Dunbar-Southlands,9月 2013,177.44424998760195,95,1.86783421039581,2.07537055015564,-9.99996553599867
Dunbar-Southlands,11月 2013,185.05891978740735,95,1.94798862934113,1.86783421039581,4.291302648768512
Dunbar-Southlands,1月 2014,187.3176109790801,95,1.97176432609558,1.94798862934113,1.2205254382050317
Dunbar-Southlands,3月 2014,205.61236977577198,95,2.16434073448181,1.97176432609558,9.766705170468494
Dunbar-Southlands,5月 2014,196.62138700485204,95,2.06969881057739,2.16434073448181,-4.37278300946822
Dunbar-Southlands,7月 2014,191.0824096202846,95,2.01139378547668,2.06969881057739,-2.817077770095653
Dunbar-Southlands,9月 2014,172.07365095615424,95,1.81130158901215,2.01139378547668,-9.947937490376122
Dunbar-Southlands,11月 2014,186.38219833374066,95,1.96191787719727,1.81130158901215,8.315362228951798
Dunbar-Southlands,1月 2015,159.55737948417635,95,1.6795513629913301,1.96191787719727,-14.392371744393259
Dunbar-Southlands,3月 2015,186.01023256778714,95,1.95800244808197,1.6795513629913301,16.578896675997473
Dunbar-Southlands,5月 2015,180.7150232791898,95,1.90226340293884,1.95800244808197,-2.8467301048438944
Dunbar-Southlands,7月 2015,190.08097290992754,95,2.00085234642029,1.90226340293884,5.18271777342391
Dunbar-Southlands,9月 2015,145.7188260555267,95,1.5338823795318601,2.00085234642029,-23.338552078761946
Dunbar-Southlands,11月 2015,167.9338175058366,95,1.76772439479828,1.5338823795318601,15.245107342440965
Dunbar-Southlands,1月 2016,185.24781882762886,95,1.94997704029083,1.76772439479828,10.310014730172208
Dunbar-Southlands,3月 2016,167.0851308107373,95,1.75879085063934,1.94997704029083,-9.80453542278506
Dunbar-Southlands,5月 2016,166.8897879123686,95,1.75673460960388,1.75879085063934,-0.11691219764489934
Dunbar-Southlands,7月 2016,152.79827058315246,95,1.60840284824371,1.75673460960388,-8.443606709246586
Dunbar-Southlands,9月 2016,145.83420395851098,95,1.5350968837737997,1.60840284824371,-4.5576868102388985
Dunbar-Southlands,11月 2016,145.68686723709126,95,1.53354597091675,1.5350968837737997,-0.10103029153684347
Dunbar-Southlands,1月 2017,239.03764724731474,95,2.51618576049805,1.53354597091675,64.07631777701977
Dunbar-Southlands,3月 2017,195.19904971122725,95,2.05472683906555,2.51618576049805,-18.33962057480047
Dunbar-Southlands,5月 2017,170.71841359138455,95,1.79703593254089,2.05472683906555,-12.54137054256092
Dunbar-Southlands,7月 2017,211.01673960685739,95,2.22122883796692,1.79703593254089,23.6051432108121
Dunbar-Southlands,9月 2017,147.9893064498903,95,1.55778217315674,2.22122883796692,-29.868451798844344
Dunbar-Southlands,11月 2017,153.24982762336714,95,1.61315608024597,1.55778217315674,3.554663035912035
Dunbar-Southlands,1月 2018,186.79121911525715,95,1.96622335910797,1.61315608024597,21.886740110613808
Dunbar-Southlands,3月 2018,194.61076736450224,95,2.04853439331055,1.96622335910797,4.186250449182056
Dunbar-Southlands,5月 2018,198.02825450897245,95,2.08450794219971,2.04853439331055,1.7560627249721115
Dunbar-Southlands,7月 2018,193.96760463714608,95,2.04176425933838,2.08450794219971,-2.050540657390079
Dunbar-Southlands,9月 2018,152.6729720830914,95,1.60708391666412,2.04176425933838,-21.289448117537088
Dunbar-Southlands,11月 2018,161.8439298868176,95,1.70362031459808,1.60708391666412,6.0069295033668135
Dunbar-Southlands,1月 2019,145.93133747577662,95,1.53611934185028,1.70362031459808,-9.83206007304021
Dunbar-Southlands,3月 2019,198.14673542976405,95,2.08575510978699,1.53611934185028,35.7807985982824
Dunbar-Southlands,5月 2019,188.9047932624814,95,1.9884715080261202,2.08575510978699,-4.664190983130565
Dunbar-Southlands,7月 2019,197.50875949859585,95,2.07903957366943,1.9884715080261202,4.554657448082489
Dunbar-Southlands,9月 2019,177.7816295623779,95,1.87138557434082,2.07903957366943,-9.987977235185962
Dunbar-Southlands,11月 2019,173.92436325550034,95,1.8307827711105298,1.87138557434082,-2.1696652890248074
Dunbar-Southlands,1月 2020,178.93042469024675,68,2.63132977485657,1.8307827711105298,43.72703394299688
Dunbar-Southlands,3月 2020,202.44584202766447,95,2.1310088634491,2.63132977485657,-19.01399498414227
Dunbar-Southlands,5月 2020,183.0224567651744,95,1.92655217647552,2.1310088634491,-9.594361172325707
Dunbar-Southlands,7月 2020,175.4919421672817,95,1.84728360176086,1.92655217647552,-4.114530386593307
Dunbar-Southlands,9月 2020,168.91340851783735,95,1.77803587913513,1.84728360176086,-3.748624334656679
Dunbar-Southlands,11月 2020,162.0468378067012,95,1.70575618743896,1.77803587913513,-4.065142472340226
Dunbar-Southlands,1月 2021,130.83769261836974,95,1.37723886966705,1.70575618743896,-19.259336134383272
Dunbar-Southlands,3月 2021,191.06660008430464,95,2.01122736930847,1.37723886966705,46.033299931092415
Dunbar-Southlands,5月 2021,197.16242194175703,95,2.07539391517639,2.01122736930847,3.1904172967764763
Dunbar-Southlands,7月 2021,172.85983562469474,95,1.81957721710205,2.07539391517639,-12.32617558544773
Dunbar-Southlands,9月 2021,167.4475610256198,95,1.7626059055328398,1.81957721710205,-3.1310191748798366
Dunbar-Southlands,11月 2021,147.89822041988361,95,1.5568233728408802,1.7626059055328398,-11.674903167293714
Dunbar-Southlands,1月 2022,145.20087122917215,95,1.52843022346497,1.5568233728408802,-1.823787455355233
Dunbar-Southlands,3月 2022,213.16285014152527,95,2.24381947517395,1.52843022346497,46.805489758451905
Dunbar-Southlands,5月 2022,203.16440582275357,95,2.13857269287109,2.24381947517395,-4.690519155722224
Dunbar-Southlands,7月 2022,187.7182966470721,95,1.97598206996918,2.13857269287109,-7.602763443295823
Dunbar-Southlands,9月 2022,172.5609153509142,95,1.81643068790436,1.97598206996918,-8.074535922651798
Dunbar-Southlands,11月 2022,160.4553180932994,95,1.68900334835052,1.81643068790436,-7.015260224482031
Dunbar-Southlands,1月 2023,168.12481164932225,95,1.76973485946655,1.68900334835052,4.779831324483307
Dunbar-Southlands,3月 2023,180.2320170402525,95,1.8971791267395,1.76973485946655,7.2013198243360215
Dunbar-Southlands,5月 2023,209.2524588108061,95,2.20265746116638,1.8971791267395,16.10171280726014
Dunbar-Southlands,7月 2023,180.45141398906713,95,1.89948856830597,2.20265746116638,-13.763778445145627
Dunbar-Southlands,9月 2023,165.9302532672879,95,1.74663424491882,1.89948856830597,-8.047130471728545
Dunbar-Southlands,11月 2023,155.85433542728424,95,1.64057195186615,1.74663424491882,-6.0723814021864415
Dunbar-Southlands,1月 2024,228.2805490493771,95,2.40295314788818,1.64057195186615,46.47045167112737
Dunbar-Southlands,3月 2024,210.36188960075336,95,2.21433568000793,2.40295314788818,-7.849402642162007
Dunbar-Southlands,5月 2024,204.9673271179201,95,2.15755081176758,2.21433568000793,-2.5644200539706277
Dunbar-Southlands,7月 2024,160.38954317569696,95,1.68831098079681,2.15755081176758,-21.748726769792448
Dunbar-Southlands,9月 2024,113.45976233482405,95,1.19431328773499,1.68831098079681,-29.259875620110837
Dunbar-Southlands,11月 2024,148.72817945480313,92,1.61661064624786,1.19431328773499,35.35901030740059
Fairview,1月 2012,328.92021846771235,42,7.83143377304077,NA,NA
Fairview,3月 2012,342.260009765625,42,8.1490478515625,7.83143377304077,4.055631289574296
Fairview,5月 2012,300.0769414901735,42,7.14468908309937,8.1490478515625,-12.324860361085674
Fairview,7月 2012,301.84193515777605,42,7.186712741851811,7.14468908309937,0.5881803709534065
Fairview,9月 2012,335.4692201614379,42,7.98736238479614,7.186712741851811,11.140693550776655
Fairview,11月 2012,249.57866477966292,36,6.93274068832397,7.98736238479614,-13.203629003732583
Fairview,1月 2013,222.97161197662342,42,5.30884790420532,6.93274068832397,-23.423532728601682
Fairview,3月 2013,370.20514869689947,42,8.81440830230713,5.30884790420532,66.03241346064816
Fairview,5月 2013,386.6628684997558,42,9.20625877380371,8.81440830230713,4.445567507849772
Fairview,7月 2013,351.7561683654787,42,8.37514686584473,9.20625877380371,-9.027683539853314
Fairview,9月 2013,336.0840740203859,42,8.00200176239014,8.37514686584473,-4.455385791219243
Fairview,11月 2013,291.4745750427248,42,6.93987083435059,8.00200176239014,-13.273315347562471
Fairview,1月 2014,355.3514842987061,42,8.46074962615967,6.93987083435059,21.915087875715457
Fairview,3月 2014,374.07495689392084,42,8.9065465927124,8.46074962615967,5.269000812580218
Fairview,5月 2014,331.30573368072515,42,7.88823175430298,8.9065465927124,-11.433329717745321
Fairview,7月 2014,308.5720624923708,42,7.346953868865971,7.88823175430298,-6.861840553071294
Fairview,9月 2014,318.6100959777834,42,7.5859546661377,7.346953868865971,3.2530597243101944
Fairview,11月 2014,321.0410327911378,42,7.64383411407471,7.5859546661377,0.762981727209274
Fairview,1月 2015,236.69522380828843,42,5.63560056686401,7.64383411407471,-26.272594580681808
Fairview,3月 2015,320.99132537841814,42,7.642650604248051,5.63560056686401,35.61377378632932
Fairview,5月 2015,336.2847061157228,42,8.00677871704102,7.642650604248051,4.764421817092788
Fairview,7月 2015,312.07929897308344,42,7.430459499359129,8.00677871704102,-7.197891162588221
Fairview,9月 2015,276.19178867340105,42,6.575994968414311,7.430459499359129,-11.49948439956526
Fairview,11月 2015,283.3887090682985,42,6.74735021591187,6.575994968414311,2.6057691394322644
Fairview,1月 2016,243.6967992782593,42,5.80230474472046,6.74735021591187,-14.006171918611338
Fairview,3月 2016,377.17315864563005,42,8.98031330108643,5.80230474472046,54.77148643834422
Fairview,5月 2016,304.1535301208498,42,7.24175071716309,8.98031330108643,-19.359709685329236
Fairview,7月 2016,302.45598793029774,42,7.20133304595947,7.24175071716309,-0.5581201671003355
Fairview,9月 2016,276.13799571990955,42,6.57471418380737,7.20133304595947,-8.701428723723359
Fairview,11月 2016,253.81810569763198,42,6.043288230896,6.57471418380737,-8.082875362402836
Fairview,1月 2017,390.5819435119627,42,9.29957008361816,6.043288230896,53.88261701757973
Fairview,3月 2017,393.666006088257,42,9.3730001449585,9.29957008361816,0.7896070536603762
Fairview,5月 2017,364.57178878784157,42,8.6802806854248,9.3730001449585,-7.3905841120283835
Fairview,7月 2017,333.48148441314714,42,7.9400353431701705,8.6802806854248,-8.52789637894529
Fairview,9月 2017,298.61307621002214,42,7.1098351478576705,7.9400353431701705,-10.455875313283315
Fairview,11月 2017,228.74902725219718,42,5.4464054107666,7.1098351478576705,-23.396178708760836
Fairview,1月 2018,334.2574768066405,42,7.95851135253906,5.4464054107666,46.124108513965226
Fairview,3月 2018,374.4050045013428,42,8.91440486907959,7.95851135253906,12.010958760969345
Fairview,5月 2018,331.2696847915648,42,7.88737344741821,8.91440486907959,-11.52103182147055
Fairview,7月 2018,329.52181434631365,42,7.84575748443604,7.88737344741821,-0.5276276476523736
Fairview,9月 2018,300.16339874267584,42,7.14674758911133,7.84575748443604,-8.909399719674807
Fairview,11月 2018,274.6032543182372,42,6.53817272186279,7.14674758911133,-8.51541011712453
Fairview,1月 2019,254.22393608093242,42,6.05295085906982,6.53817272186279,-7.421368070783025
Fairview,3月 2019,358.14727592468245,42,8.52731609344482,6.05295085906982,40.87866054070768
Fairview,5月 2019,332.75409793853765,42,7.92271661758423,8.52731609344482,-7.090149693469935
Fairview,7月 2019,321.8608646392822,42,7.66335391998291,7.92271661758423,-3.2736586466524935
Fairview,9月 2019,333.5111045837403,42,7.94074058532715,7.66335391998291,3.619650981027099
Fairview,11月 2019,394.43989562988276,42,9.39142608642578,7.94074058532715,18.26889426131357
Fairview,1月 2020,296.8439369201662,42,7.067712783813481,9.39142608642578,-24.74292275984536
Fairview,3月 2020,361.1682929992674,42,8.59924507141113,7.067712783813481,21.669418869215693
Fairview,5月 2020,321.30110549926746,42,7.65002632141113,8.59924507141113,-11.038396302435338
Fairview,7月 2020,292.54450607299805,42,6.96534538269043,7.65002632141113,-8.950046835844136
Fairview,9月 2020,317.3793468475341,42,7.556651115417479,6.96534538269043,8.48925215103478
Fairview,11月 2020,292.56757736206055,42,6.96589469909668,7.556651115417479,-7.81770135074129
Fairview,1月 2021,109.58609962463393,42,2.60919284820557,6.96589469909668,-62.54332055085582
Fairview,3月 2021,350.44727325439436,42,8.3439826965332,2.60919284820557,219.7917203502853
Fairview,5月 2021,380.4600563049317,42,9.05857276916504,8.3439826965332,8.564136559496257
Fairview,7月 2021,297.9489755630493,42,7.09402322769165,9.05857276916504,-21.687186177502767
Fairview,9月 2021,323.7772235870361,42,7.708981513977049,7.09402322769165,8.668681600659237
Fairview,11月 2021,300.8970937728882,42,7.1642165184021,7.708981513977049,-7.06662734353745
Fairview,1月 2022,191.7216911315916,42,4.5648021697998,7.1642165184021,-36.283302464762336
Fairview,3月 2022,357.8794326782228,42,8.52093887329102,4.5648021697998,86.66611512026871
Fairview,5月 2022,320.8078165054321,42,7.63828134536743,8.52093887329102,-10.358688649795265
Fairview,7月 2022,329.5034494400023,42,7.84532022476196,7.63828134536743,2.7105427259510173
Fairview,9月 2022,381.7866554260252,42,9.09015846252441,7.84532022476196,15.867271215181287
Fairview,11月 2022,240.3636589050291,42,5.72294425964355,9.09015846252441,-37.042414791367214
Fairview,1月 2023,301.44527721405046,42,7.17726850509644,5.72294425964355,25.412168622859717
Fairview,3月 2023,292.8824443817139,42,6.973391532897951,7.17726850509644,-2.8405927972977447
Fairview,5月 2023,357.85351753234863,42,8.5203218460083,6.973391532897951,22.183327951865166
Fairview,7月 2023,273.74202632904036,42,6.5176672935485795,8.5203218460083,-23.504447233973305
Fairview,9月 2023,332.4078683853148,42,7.91447305679321,6.5176672935485795,21.431068821620258
Fairview,11月 2023,259.35517501831055,42,6.17512321472168,7.91447305679321,-21.976824351920673
Fairview,1月 2024,421.4879779815684,42,10.0354280471802,6.17512321472168,62.51381062738049
Fairview,3月 2024,378.9461231231689,42,9.02252674102783,10.0354280471802,-10.09325463139542
Fairview,5月 2024,356.5809516906739,42,8.49002265930176,9.02252674102783,-5.901939634100866
Fairview,7月 2024,251.84444904327407,42,5.99629640579224,8.49002265930176,-29.372433426633634
Fairview,9月 2024,235.43543529510478,42,5.6056056022644,5.99629640579224,-6.515535208540467
Fairview,11月 2024,266.56559371948254,42,6.34679985046387,5.6056056022644,13.222375971296707
Grandview-Woodland,1月 2012,285.63678264617903,50,5.71273565292358,NA,NA
Grandview-Woodland,3月 2012,325.83750438690174,49,6.64974498748779,5.71273565292358,16.40211260404953
Grandview-Woodland,5月 2012,277.4913787841795,50,5.54982757568359,6.64974498748779,-16.540745756022417
Grandview-Woodland,7月 2012,334.77113246917696,50,6.69542264938354,5.54982757568359,20.6419939732784
Grandview-Woodland,9月 2012,314.5909547805785,50,6.29181909561157,6.69542264938354,-6.028051923042237
Grandview-Woodland,11月 2012,160.9994401931763,38,4.23682737350464,6.29181909561157,-32.661328796631324
Grandview-Woodland,1月 2013,236.26024723053,50,4.7252049446106,4.23682737350464,11.526964118483356
Grandview-Woodland,3月 2013,371.84178829193104,50,7.43683576583862,4.7252049446106,57.386522976549614
Grandview-Woodland,5月 2013,381.426525115967,50,7.62853050231934,7.43683576583862,2.57763842737091
Grandview-Woodland,7月 2013,399.4221448898315,50,7.98844289779663,7.62853050231934,4.717978061015337
Grandview-Woodland,9月 2013,327.856206893921,50,6.557124137878421,7.98844289779663,-17.91736860650272
Grandview-Woodland,11月 2013,363.5042428970335,50,7.27008485794067,6.557124137878421,10.873070344111717
Grandview-Woodland,1月 2014,336.832594871521,50,6.73665189743042,7.27008485794067,-7.337369108252073
Grandview-Woodland,3月 2014,358.6571731567382,48,7.47202444076538,6.73665189743042,10.915994392042958
Grandview-Woodland,5月 2014,427.05116271972645,50,8.54102325439453,7.47202444076538,14.306682507580891
Grandview-Woodland,7月 2014,361.645483970642,50,7.232909679412839,8.54102325439453,-15.315654061808571
Grandview-Woodland,9月 2014,328.2339096069335,50,6.564678192138669,7.232909679412839,-9.238764437722335
Grandview-Woodland,11月 2014,321.338105201721,50,6.42676210403442,6.564678192138669,-2.100881171439693
Grandview-Woodland,1月 2015,306.628680229187,50,6.13257360458374,6.42676210403442,-4.577553901769638
Grandview-Woodland,3月 2015,358.90419483184803,50,7.17808389663696,6.13257360458374,17.048475231862884
Grandview-Woodland,5月 2015,355.40525913238554,50,7.10810518264771,7.17808389663696,-0.9748940663961296
Grandview-Woodland,7月 2015,386.0092878341675,50,7.72018575668335,7.10810518264771,8.611023026640755
Grandview-Woodland,9月 2015,299.05903339386,50,5.9811806678772,7.72018575668335,-22.52543065172618
Grandview-Woodland,11月 2015,330.2271842956545,50,6.60454368591309,5.9811806678772,10.422073042932011
Grandview-Woodland,1月 2016,315.00689983367903,50,6.30013799667358,6.60454368591309,-4.609034381720882
Grandview-Woodland,3月 2016,342.0044660568235,50,6.84008932113647,6.30013799667358,8.57046821431498
Grandview-Woodland,5月 2016,357.743763923645,50,7.1548752784729,6.84008932113647,4.602073782336647
Grandview-Woodland,7月 2016,320.0448513031005,50,6.400897026062009,7.1548752784729,-10.537964996810071
Grandview-Woodland,9月 2016,290.474486351013,50,5.80948972702026,6.400897026062009,-9.239444044073263
Grandview-Woodland,11月 2016,232.7417612075805,50,4.65483522415161,5.80948972702026,-19.875317060950934
Grandview-Woodland,1月 2017,330.2998781204225,50,6.60599756240845,4.65483522415161,41.91689381684736
Grandview-Woodland,3月 2017,326.35655403137196,50,6.527131080627439,6.60599756240845,-1.193861805668872
Grandview-Woodland,5月 2017,297.8933334350585,50,5.957866668701169,6.527131080627439,-8.721510337303467
Grandview-Woodland,7月 2017,371.281051635742,50,7.42562103271484,5.957866668701169,24.63556916646551
Grandview-Woodland,9月 2017,298.2059478759765,50,5.96411895751953,7.42562103271484,-19.681883424381788
Grandview-Woodland,11月 2017,271.032977104187,50,5.42065954208374,5.96411895751953,-9.112149159107554
Grandview-Woodland,1月 2018,267.784547805786,50,5.35569095611572,5.42065954208374,-1.198536551938583
Grandview-Woodland,3月 2018,337.304210662842,50,6.74608421325684,5.35569095611572,25.9610434682273
Grandview-Woodland,5月 2018,368.166446685791,50,7.36332893371582,6.74608421325684,9.149674106439736
Grandview-Woodland,7月 2018,395.63820362091053,50,7.91276407241821,7.36332893371582,7.461776373816342
Grandview-Woodland,9月 2018,309.19272899627697,50,6.18385457992554,7.91276407241821,-21.849627723884613
Grandview-Woodland,11月 2018,316.223406791687,50,6.32446813583374,6.18385457992554,2.273881995295782
Grandview-Woodland,1月 2019,276.96075439453097,50,5.53921508789062,6.32446813583374,-12.416112012549535
Grandview-Woodland,3月 2019,349.1421937942505,50,6.98284387588501,5.53921508789062,26.061973855291043
Grandview-Woodland,5月 2019,339.888834953308,50,6.7977766990661594,6.98284387588501,-2.650312395755731
Grandview-Woodland,7月 2019,417.76628494262707,50,8.35532569885254,6.7977766990661594,22.91262377006807
Grandview-Woodland,9月 2019,356.69028759002697,50,7.13380575180054,8.35532569885254,-14.619656864121476
Grandview-Woodland,11月 2019,375.413179397583,50,7.50826358795166,7.13380575180054,5.249061289012655
Grandview-Woodland,1月 2020,483.47034454345703,50,9.66940689086914,7.50826358795166,28.783530007995697
Grandview-Woodland,3月 2020,371.04222774505604,50,7.42084455490112,9.66940689086914,-23.25439772413907
Grandview-Woodland,5月 2020,336.9776487350465,50,6.73955297470093,7.42084455490112,-9.180782256788127
Grandview-Woodland,7月 2020,382.757806777954,50,7.655156135559079,6.73955297470093,13.585517678919633
Grandview-Woodland,9月 2020,342.68546104431147,50,6.85370922088623,7.655156135559079,-10.469373850521963
Grandview-Woodland,11月 2020,280.343532562256,50,5.60687065124512,6.85370922088623,-18.192171997047247
Grandview-Woodland,1月 2021,230.7913064956665,50,4.61582612991333,5.60687065124512,-17.67553744282844
Grandview-Woodland,3月 2021,363.9376163482665,50,7.278752326965329,4.61582612991333,57.691215442337295
Grandview-Woodland,5月 2021,399.1450786590575,50,7.98290157318115,7.278752326965329,9.674037727691108
Grandview-Woodland,7月 2021,396.628761291504,50,7.932575225830081,7.98290157318115,-0.6304267551054631
Grandview-Woodland,9月 2021,354.5788049697875,50,7.091576099395749,7.932575225830081,-10.601842434419874
Grandview-Woodland,11月 2021,382.561445236206,50,7.65122890472412,7.091576099395749,7.891797218055055
Grandview-Woodland,1月 2022,265.207839012146,50,5.30415678024292,7.65122890472412,-30.675753577729726
Grandview-Woodland,3月 2022,347.175168991089,50,6.94350337982178,5.30415678024292,30.90682774847732
Grandview-Woodland,5月 2022,356.837010383606,50,7.13674020767212,6.94350337982178,2.7829874528742558
Grandview-Woodland,7月 2022,422.50523567199696,50,8.45010471343994,7.13674020767212,18.402862757368272
Grandview-Woodland,9月 2022,394.4820880889895,50,7.88964176177979,8.45010471343994,-6.632615460595778
Grandview-Woodland,11月 2022,299.327540397644,50,5.98655080795288,7.88964176177979,-24.121386132462366
Grandview-Woodland,1月 2023,345.12882232666,50,6.9025764465332,5.98655080795288,15.30139253747614
Grandview-Woodland,3月 2023,381.279516220093,50,7.62559032440186,6.9025764465332,10.474550821263154
Grandview-Woodland,5月 2023,418.5112476348875,50,8.37022495269775,7.62559032440186,9.764944045224441
Grandview-Woodland,7月 2023,456.66728019714344,50,9.13334560394287,8.37022495269775,9.117086524647855
Grandview-Woodland,9月 2023,366.4140701293945,50,7.32828140258789,9.13334560394287,-19.763450105027587
Grandview-Woodland,11月 2023,388.14427852630604,50,7.76288557052612,7.32828140258789,5.930505995372335
Grandview-Woodland,1月 2024,578.462314605715,50,11.5692462921143,7.76288557052612,49.03280728547708
Grandview-Woodland,3月 2024,389.4171714782715,50,7.78834342956543,11.5692462921143,-32.68063248965464
Grandview-Woodland,5月 2024,464.50824737548845,50,9.29016494750977,7.78834342956543,19.282939068188178
Grandview-Woodland,7月 2024,356.0503721237185,50,7.12100744247437,9.29016494750977,-23.348966539252274
Grandview-Woodland,9月 2024,288.60204219818104,50,5.77204084396362,7.12100744247437,-18.94347968890786
Grandview-Woodland,11月 2024,371.37598991394054,50,7.427519798278811,5.77204084396362,28.680998611548027
Hastings-Sunrise,1月 2012,181.49041223525984,53,3.42434740066528,NA,NA
Hastings-Sunrise,3月 2012,309.9502716064455,63,4.91984558105469,3.42434740066528,43.6725018057124
Hastings-Sunrise,5月 2012,357.1403408050536,71,5.0301456451416,4.91984558105469,2.2419415867776906
Hastings-Sunrise,7月 2012,337.60588836669916,71,4.75501251220703,5.0301456451416,-5.469685220751185
Hastings-Sunrise,9月 2012,337.1700673103331,71,4.74887418746948,4.75501251220703,-0.1290916632036687
Hastings-Sunrise,11月 2012,183.08451938629165,52,3.52085614204407,4.74887418746948,-25.85914043934233
Hastings-Sunrise,1月 2013,220.71629762649548,71,3.1086802482605,3.52085614204407,-11.706695109226393
Hastings-Sunrise,3月 2013,353.3298969268798,67,5.27358055114746,3.1086802482605,69.64049467932114
Hastings-Sunrise,5月 2013,380.7509021759034,68,5.59927797317505,5.27358055114746,6.176020615760241
Hastings-Sunrise,7月 2013,355.9070959091189,62,5.74043703079224,5.59927797317505,2.521022501355589
Hastings-Sunrise,9月 2013,338.99758386611956,71,4.77461385726929,5.74043703079224,-16.824906681184455
Hastings-Sunrise,11月 2013,354.5247316360472,69,5.13803958892822,4.77461385726929,7.611625620899565
Hastings-Sunrise,1月 2014,296.57942819595354,71,4.17717504501343,5.13803958892822,-18.70099533653502
Hastings-Sunrise,3月 2014,285.2709555625917,65,4.38878393173218,4.17717504501343,5.065837185141702
Hastings-Sunrise,5月 2014,350.50667238235457,71,4.93671369552612,4.38878393173218,12.484774195244585
Hastings-Sunrise,7月 2014,333.9464540481571,71,4.70347118377686,4.93671369552612,-4.724651380140511
Hastings-Sunrise,9月 2014,317.7315950393678,71,4.47509288787842,4.70347118377686,-4.855526630760683
Hastings-Sunrise,11月 2014,298.56511735916155,71,4.20514249801636,4.47509288787842,-6.032285734074214
Hastings-Sunrise,1月 2015,294.0898008346554,71,4.14210987091064,4.20514249801636,-1.4989415254168819
Hastings-Sunrise,3月 2015,296.0127220153812,71,4.16919326782227,4.14210987091064,0.6538551065927112
Hastings-Sunrise,5月 2015,338.2255783081054,71,4.76374053955078,4.16919326782227,14.260487186267218
Hastings-Sunrise,7月 2015,321.5932445526125,68,4.72931241989136,4.76374053955078,-0.7227118977950642
Hastings-Sunrise,9月 2015,296.40182256698574,71,4.17467355728149,4.72931241989136,-11.727684986026178
Hastings-Sunrise,11月 2015,274.6547479629518,71,3.8683767318725604,4.17467355728149,-7.337024589016898
Hastings-Sunrise,1月 2016,255.1119332313536,71,3.59312582015991,3.8683767318725604,-7.115411212273787
Hastings-Sunrise,3月 2016,343.97529602050787,70,4.91393280029297,3.59312582015991,36.75927441010897
Hastings-Sunrise,5月 2016,294.4331965446473,71,4.1469464302063,4.91393280029297,-15.608401686749604
Hastings-Sunrise,7月 2016,306.10045766830444,71,4.31127405166626,4.1469464302063,3.96261741562418
Hastings-Sunrise,9月 2016,277.2901399135593,71,3.9054949283599902,4.31127405166626,-9.412046611823259
Hastings-Sunrise,11月 2016,206.51892685890175,69,2.99302792549133,3.9054949283599902,-23.3636714323382
Hastings-Sunrise,1月 2017,308.44091796875,71,4.34423828125,2.99302792549133,45.14526390651226
Hastings-Sunrise,3月 2017,270.36241436004656,69,3.91829586029053,4.34423828125,-9.804766529448067
Hastings-Sunrise,5月 2017,308.57454538345354,71,4.34612035751343,3.91829586029053,10.918636889027018
Hastings-Sunrise,7月 2017,367.2211360931393,71,5.17212867736816,4.34612035751343,19.005647609982848
Hastings-Sunrise,9月 2017,278.13278484344465,71,3.91736316680908,5.17212867736816,-24.260137147198122
Hastings-Sunrise,11月 2017,197.77241635322548,71,2.7855269908905,3.91736316680908,-28.892806914313393
Hastings-Sunrise,1月 2018,139.3207788467404,70,1.9902968406677202,2.7855269908905,-28.54864278190153
Hastings-Sunrise,3月 2018,313.48849296569824,71,4.41533088684082,1.9902968406677202,121.84283251736113
Hastings-Sunrise,5月 2018,320.47385168075544,71,4.51371622085571,4.41533088684082,2.2282663867415122
Hastings-Sunrise,7月 2018,380.6617112159731,71,5.36143255233765,4.51371622085571,18.780895608036914
Hastings-Sunrise,9月 2018,289.911464214325,71,4.08326005935669,5.36143255233765,-23.840130049265674
Hastings-Sunrise,11月 2018,261.926694393158,71,3.68910837173462,4.08326005935669,-9.652867608049636
Hastings-Sunrise,1月 2019,254.39665246009858,71,3.58305144309998,3.68910837173462,-2.874866172195749
Hastings-Sunrise,3月 2019,318.19020080566423,71,4.48155212402344,3.58305144309998,25.076410294184793
Hastings-Sunrise,5月 2019,304.68570661544817,71,4.29134798049927,4.48155212402344,-4.244157788650437
Hastings-Sunrise,7月 2019,357.7445640563967,69,5.1847038269043,4.29134798049927,20.81760440925823
Hastings-Sunrise,9月 2019,372.65114212036156,71,5.24860763549805,5.1847038269043,1.2325450156312185
Hastings-Sunrise,11月 2019,353.28457880020176,71,4.97583913803101,5.24860763549805,-5.196968727900663
Hastings-Sunrise,1月 2020,531.5702104568478,70,7.5938601493835405,4.97583913803101,52.614663350803326
Hastings-Sunrise,3月 2020,352.8214025497437,71,4.96931552886963,7.5938601493835405,-34.56140314523659
Hastings-Sunrise,5月 2020,319.367997646332,71,4.49814081192017,4.96931552886963,-9.481682421092675
Hastings-Sunrise,7月 2020,354.8929829597473,71,4.99849271774292,4.49814081192017,11.123526958000227
Hastings-Sunrise,9月 2020,323.3191304206848,71,4.55379056930542,4.99849271774292,-8.896724943880807
Hastings-Sunrise,11月 2020,273.67593646049505,71,3.85459065437317,4.55379056930542,-15.354239600854056
Hastings-Sunrise,1月 2021,202.39563035964994,71,2.85064268112183,3.85459065437317,-26.045514641413998
Hastings-Sunrise,3月 2021,351.88716173171974,71,4.95615720748901,2.85064268112183,73.8610468548301
Hastings-Sunrise,5月 2021,368.145829677582,71,5.18515253067017,4.95615720748901,4.620420894541756
Hastings-Sunrise,7月 2021,386.39611148834206,71,5.44219875335693,5.18515253067017,4.957351228653978
Hastings-Sunrise,9月 2021,335.2428464889527,71,4.72173023223877,5.44219875335693,-13.238555844248625
Hastings-Sunrise,11月 2021,331.63644123077404,67,4.94979763031006,4.72173023223877,4.830165783595681
Hastings-Sunrise,1月 2022,234.19484162330662,71,3.29851889610291,4.94979763031006,-33.36053021835789
Hastings-Sunrise,3月 2022,325.85320997238136,71,4.58948183059692,3.29851889610291,39.137654661285694
Hastings-Sunrise,5月 2022,334.1327447891237,69,4.84250354766846,4.58948183059692,5.513078086173199
Hastings-Sunrise,7月 2022,372.23553276062046,71,5.24275398254395,4.84250354766846,8.265361727369314
Hastings-Sunrise,9月 2022,328.21523618698126,71,4.62274980545044,5.24275398254395,-11.825925442197915
Hastings-Sunrise,11月 2022,277.6505818367001,71,3.91057157516479,4.62274980545044,-15.405943653839076
Hastings-Sunrise,1月 2023,264.47434997558577,71,3.7249908447265603,3.91057157516479,-4.745616513371436
Hastings-Sunrise,3月 2023,337.96898794174194,71,4.76012659072876,3.7249908447265603,27.788947386746813
Hastings-Sunrise,5月 2023,357.37837839126604,71,5.03349828720093,4.76012659072876,5.742950135078621
Hastings-Sunrise,7月 2023,383.1072249412536,71,5.39587640762329,5.03349828720093,7.199329367883305
Hastings-Sunrise,9月 2023,349.06751155853294,71,4.91644382476807,5.39587640762329,-8.885166127561376
Hastings-Sunrise,11月 2023,263.89736866951023,71,3.7168643474578906,4.91644382476807,-24.39933252703785
Hastings-Sunrise,1月 2024,559.2108235359188,71,7.8762087821960405,3.7168643474578906,111.90466064716321
Hastings-Sunrise,3月 2024,327.05176019668573,71,4.60636281967163,7.8762087821960405,-41.51548102579264
Hastings-Sunrise,5月 2024,428.6109991073607,71,6.03677463531494,4.60636281967163,31.052955914255975
Hastings-Sunrise,7月 2024,348.51773309707676,71,4.90870046615601,6.03677463531494,-18.686703369042988
Hastings-Sunrise,9月 2024,229.28749585151655,71,3.22940135002136,4.90870046615601,-34.21066589238647
Hastings-Sunrise,11月 2024,299.5146579742429,68,4.40462732315063,3.22940135002136,36.39144986179859
Kensington-Cedar Cottage,1月 2012,188.29210424423232,67,2.81032991409302,NA,NA
Kensington-Cedar Cottage,3月 2012,262.50988054275484,67,3.9180579185485795,2.81032991409302,39.416297670270424
Kensington-Cedar Cottage,5月 2012,273.39647960662825,67,4.08054447174072,3.9180579185485795,4.147119735594225
Kensington-Cedar Cottage,7月 2012,276.9573497772219,67,4.13369178771973,4.08054447174072,1.302456482145335
Kensington-Cedar Cottage,9月 2012,268.81972408294706,67,4.01223468780518,4.13369178771973,-2.93822341267367
Kensington-Cedar Cottage,11月 2012,193.36950230598472,67,2.88611197471619,4.01223468780518,-28.067219410463125
Kensington-Cedar Cottage,1月 2013,164.1712965965272,67,2.45031785964966,2.88611197471619,-15.099695330060246
Kensington-Cedar Cottage,3月 2013,292.97292709350563,67,4.37273025512695,2.45031785964966,78.45563333371577
Kensington-Cedar Cottage,5月 2013,292.81312274932856,67,4.37034511566162,4.37273025512695,-0.05454577177571913
Kensington-Cedar Cottage,7月 2013,302.0217123031618,67,4.50778675079346,4.37034511566162,3.1448691463587632
Kensington-Cedar Cottage,9月 2013,258.1520972251891,67,3.8530163764953596,4.50778675079346,-14.525318310207277
Kensington-Cedar Cottage,11月 2013,273.97199249267555,67,4.08913421630859,3.8530163764953596,6.128129671434191
Kensington-Cedar Cottage,1月 2014,237.98192644119237,67,3.55196905136108,4.08913421630859,-13.136403368839007
Kensington-Cedar Cottage,3月 2014,272.22366523742704,67,4.06303977966309,3.55196905136108,14.388377852171123
Kensington-Cedar Cottage,5月 2014,283.766541957855,67,4.23532152175903,4.06303977966309,4.240217951058923
Kensington-Cedar Cottage,7月 2014,286.77978992462175,67,4.28029537200928,4.23532152175903,1.0618757045762999
Kensington-Cedar Cottage,9月 2014,256.5300128459928,67,3.8288061618804896,4.28029537200928,-10.548085374698099
Kensington-Cedar Cottage,11月 2014,266.23763155937183,67,3.97369599342346,3.8288061618804896,3.7842038854170923
Kensington-Cedar Cottage,1月 2015,229.310336351395,67,3.42254233360291,3.97369599342346,-13.87005097351985
Kensington-Cedar Cottage,3月 2015,249.2356889247893,67,3.71993565559387,3.42254233360291,8.689251819360077
Kensington-Cedar Cottage,5月 2015,266.02329182624834,67,3.97049689292908,3.71993565559387,6.7356336381363855
Kensington-Cedar Cottage,7月 2015,275.26160907745356,67,4.10838222503662,3.97049689292908,3.4727475131159427
Kensington-Cedar Cottage,9月 2015,234.30383872985823,67,3.49707221984863,4.10838222503662,-14.87957964238688
Kensington-Cedar Cottage,11月 2015,242.53555154800404,67,3.61993360519409,3.49707221984863,3.513264171329521
Kensington-Cedar Cottage,1月 2016,239.11779284477242,67,3.56892228126526,3.61993360519409,-1.4091784406110626
Kensington-Cedar Cottage,3月 2016,253.09167957305925,67,3.77748775482178,3.56892228126526,5.843934306201225
Kensington-Cedar Cottage,5月 2016,231.76002001762413,67,3.45910477638245,3.77748775482178,-8.428431780696833
Kensington-Cedar Cottage,7月 2016,216.1595602035521,67,3.22626209259033,3.45910477638245,-6.731298958675318
Kensington-Cedar Cottage,9月 2016,216.45178937912013,67,3.23062372207642,3.22626209259033,0.13519141845628227
Kensington-Cedar Cottage,11月 2016,176.2389366626739,67,2.63043189048767,3.23062372207642,-18.578202948469297
Kensington-Cedar Cottage,1月 2017,200.1944129467011,67,2.98797631263733,2.63043189048767,13.59261281170724
Kensington-Cedar Cottage,3月 2017,259.0756845474246,67,3.86680126190186,2.98797631263733,29.41204538829952
Kensington-Cedar Cottage,5月 2017,269.8428297042845,67,4.02750492095947,3.86680126190186,4.155984447428495
Kensington-Cedar Cottage,7月 2017,297.50243139266985,67,4.44033479690552,4.02750492095947,10.250263725257026
Kensington-Cedar Cottage,9月 2017,227.33647155761702,67,3.39308166503906,4.44033479690552,-23.585003828907084
Kensington-Cedar Cottage,11月 2017,124.64404189586621,67,1.86035883426666,3.39308166503906,-45.1719994412441
Kensington-Cedar Cottage,1月 2018,171.66631841659537,67,2.56218385696411,1.86035883426666,37.725250084567925
Kensington-Cedar Cottage,3月 2018,271.22263574600237,67,4.04809904098511,2.56218385696411,57.9940889090464
Kensington-Cedar Cottage,5月 2018,258.9636745452884,67,3.8651294708252,4.04809904098511,-4.519888676325074
Kensington-Cedar Cottage,7月 2018,315.6096181869504,67,4.71059131622314,3.8651294708252,21.87408861151124
Kensington-Cedar Cottage,9月 2018,247.531817436218,67,3.694504737854,4.71059131622314,-21.57025541294078
Kensington-Cedar Cottage,11月 2018,235.17848157882693,67,3.51012659072876,3.694504737854,-4.9906052423237135
Kensington-Cedar Cottage,1月 2019,222.384917020798,67,3.31917786598206,3.51012659072876,-5.439938412792571
Kensington-Cedar Cottage,3月 2019,278.42146682739263,67,4.15554428100586,3.31917786598206,25.197999287583844
Kensington-Cedar Cottage,5月 2019,264.6309781074527,67,3.9497160911560103,4.15554428100586,-4.953098220867201
Kensington-Cedar Cottage,7月 2019,319.69951677322365,67,4.77163457870483,3.9497160911560103,20.809558676615147
Kensington-Cedar Cottage,9月 2019,302.9269614219664,67,4.52129793167114,4.77163457870483,-5.246349922747849
Kensington-Cedar Cottage,11月 2019,281.1697053909303,67,4.19656276702881,4.52129793167114,-7.1823438656320215
Kensington-Cedar Cottage,1月 2020,283.4074134826659,67,4.22996139526367,4.19656276702881,0.7958567544196686
Kensington-Cedar Cottage,3月 2020,281.1838264465329,67,4.19677352905273,4.22996139526367,-0.7845902860508597
Kensington-Cedar Cottage,5月 2020,272.1947841644287,67,4.06260871887207,4.19677352905273,-3.196856090801318
Kensington-Cedar Cottage,7月 2020,275.48502206802397,67,4.11171674728394,4.06260871887207,1.20878065819501
Kensington-Cedar Cottage,9月 2020,279.3439359664919,67,4.16931247711182,4.11171674728394,1.400770854799902
Kensington-Cedar Cottage,11月 2020,236.7407910823822,67,3.53344464302063,4.16931247711182,-15.251143625763223
Kensington-Cedar Cottage,1月 2021,170.60455560684213,67,2.54633665084839,3.53344464302063,-27.936138581426665
Kensington-Cedar Cottage,3月 2021,292.5132260322572,67,4.36586904525757,2.54633665084839,71.45686701728727
Kensington-Cedar Cottage,5月 2021,294.6239085197451,67,4.39737176895142,4.36586904525757,0.7215682231254577
Kensington-Cedar Cottage,7月 2021,294.88102674484225,67,4.40120935440063,4.39737176895142,0.08726997967983617
Kensington-Cedar Cottage,9月 2021,283.4940886497499,67,4.23125505447388,4.40120935440063,-3.8615363696984506
Kensington-Cedar Cottage,11月 2021,283.63226413726835,67,4.23331737518311,4.23125505447388,0.048740165333444406
Kensington-Cedar Cottage,1月 2022,212.69531702995278,67,3.17455697059631,4.23331737518311,-25.010182576755277
Kensington-Cedar Cottage,3月 2022,273.65203237533575,67,4.08435869216919,3.17455697059631,28.65917134263881
Kensington-Cedar Cottage,5月 2022,314.23572254180925,67,4.69008541107178,4.08435869216919,14.83039969197441
Kensington-Cedar Cottage,7月 2022,296.8109469413758,67,4.43001413345337,4.69008541107178,-5.545128815873278
Kensington-Cedar Cottage,9月 2022,278.8575263023374,67,4.16205263137817,4.43001413345337,-6.048773073920494
Kensington-Cedar Cottage,11月 2022,261.9670665264127,67,3.9099562168121293,4.16205263137817,-6.057021303994535
Kensington-Cedar Cottage,1月 2023,210.13354349136372,67,3.13632154464722,3.9099562168121293,-19.786274558226904
Kensington-Cedar Cottage,3月 2023,281.28554916381813,67,4.19829177856445,3.13632154464722,33.860374926470826
Kensington-Cedar Cottage,5月 2023,281.827676296234,67,4.206383228302,4.19829177856445,0.1927319530020224
Kensington-Cedar Cottage,7月 2023,281.70988368988054,67,4.20462512969971,4.206383228302,-0.04179596833834316
Kensington-Cedar Cottage,9月 2023,269.81682395935087,67,4.0271167755127,4.20462512969971,-4.221740314806315
Kensington-Cedar Cottage,11月 2023,252.15841197967544,67,3.76355838775635,4.0271167755127,-6.544592631605418
Kensington-Cedar Cottage,1月 2024,454.098388671875,67,6.777587890625,3.76355838775635,80.08456870694299
Kensington-Cedar Cottage,3月 2024,294.8601646423341,67,4.40089797973633,6.777587890625,-35.06689915709086
Kensington-Cedar Cottage,5月 2024,300.4250106811523,67,4.48395538330078,4.40089797973633,1.887283094197668
Kensington-Cedar Cottage,7月 2024,225.33393335342393,67,3.36319303512573,4.48395538330078,-24.99494870865601
Kensington-Cedar Cottage,9月 2024,191.6350405216218,67,2.86022448539734,3.36319303512573,-14.955090132362471
Kensington-Cedar Cottage,11月 2024,202.68550348281843,58,3.49457764625549,2.86022448539734,22.178439632860705
Kerrisdale,1月 2012,142.7022242546082,65,2.19541883468628,NA,NA
Kerrisdale,3月 2012,176.5432286262515,65,2.7160496711731,2.19541883468628,23.714419693462126
Kerrisdale,5月 2012,153.1910753250124,65,2.35678577423096,2.7160496711731,-13.227442073508504
Kerrisdale,7月 2012,154.80081677436806,65,2.38155102729797,2.35678577423096,1.0508062861628167
Kerrisdale,9月 2012,153.7243497371673,65,2.36498999595642,2.38155102729797,-0.6953884738022882
Kerrisdale,11月 2012,117.7312588691712,60,1.96218764781952,2.36498999595642,-17.031883806087887
Kerrisdale,1月 2013,124.832665324211,65,1.9205025434494,1.96218764781952,-2.1244198747475758
Kerrisdale,3月 2013,170.27400374412545,65,2.61960005760193,1.9205025434494,36.40180100448533
Kerrisdale,5月 2013,158.04362297058074,65,2.43144035339355,2.61960005760193,-7.1827645469143855
Kerrisdale,7月 2013,174.57960844039886,65,2.68584012985229,2.43144035339355,10.462924829871959
Kerrisdale,9月 2013,132.10089445114122,65,2.03232145309448,2.68584012985229,-24.332002098492385
Kerrisdale,11月 2013,157.5153386592864,65,2.42331290245056,2.03232145309448,19.2386617166661
Kerrisdale,1月 2014,152.4766075611116,65,2.34579396247864,2.42331290245056,-3.1988828142469643
Kerrisdale,3月 2014,159.09000992774955,65,2.44753861427307,2.34579396247864,4.337322604706657
Kerrisdale,5月 2014,160.3032243251803,65,2.46620345115662,2.44753861427307,0.762596217060861
Kerrisdale,7月 2014,158.229868412018,65,2.4343056678772,2.46620345115662,-1.293396263169634
Kerrisdale,9月 2014,135.7805824279788,65,2.08893203735352,2.4343056678772,-14.187767587332523
Kerrisdale,11月 2014,146.1585819721222,65,2.24859356880188,2.08893203735352,7.643213306768751
Kerrisdale,1月 2015,130.623049736023,65,2.0095853805542,2.24859356880188,-10.629230269258073
Kerrisdale,3月 2015,154.1204583644869,65,2.37108397483826,2.0095853805542,17.98871537293759
Kerrisdale,5月 2015,152.19283819198614,65,2.34142827987671,2.37108397483826,-1.2507230986440703
Kerrisdale,7月 2015,168.0304265022279,65,2.58508348464966,2.34142827987671,10.406263854717771
Kerrisdale,9月 2015,126.1032503843307,65,1.94005000591278,2.58508348464966,-24.952133366953802
Kerrisdale,11月 2015,133.2970154285432,65,2.05072331428528,1.94005000591278,5.704662665147592
Kerrisdale,1月 2016,147.92083144187896,65,2.27570509910583,2.05072331428528,10.97085029722602
Kerrisdale,3月 2016,149.227168560028,65,2.2958025932312,2.27570509910583,0.8831326226437015
Kerrisdale,5月 2016,125.62471985816936,65,1.93268799781799,2.2958025932312,-15.816455495075841
Kerrisdale,7月 2016,124.70917582511895,65,1.91860270500183,1.93268799781799,-0.7287928952868981
Kerrisdale,9月 2016,123.41006815433529,65,1.89861643314362,1.91860270500183,-1.0417097717054944
Kerrisdale,11月 2016,121.2280458211901,65,1.86504685878754,1.89861643314362,-1.7681072264026187
Kerrisdale,1月 2017,180.30560970306365,65,2.77393245697021,1.86504685878754,48.73258781141473
Kerrisdale,3月 2017,161.4225411415097,65,2.48342370986938,2.77393245697021,-10.472812572305179
Kerrisdale,5月 2017,152.0008432865143,65,2.33847451210022,2.48342370986938,-5.836668031843168
Kerrisdale,7月 2017,178.1445550918579,65,2.74068546295166,2.33847451210022,17.19971497530705
Kerrisdale,9月 2017,123.4229230880737,65,1.89881420135498,2.74068546295166,-30.71754394938858
Kerrisdale,11月 2017,135.35884141922025,65,2.08244371414185,1.89881420135498,9.670746756361599
Kerrisdale,1月 2018,148.7510633468626,65,2.28847789764404,2.08244371414185,9.893865659033859
Kerrisdale,3月 2018,169.31457161903376,65,2.60483956336975,2.28847789764404,13.824108419460844
Kerrisdale,5月 2018,159.6931457519528,65,2.45681762695312,2.60483956336975,-5.6825740248332774
Kerrisdale,7月 2018,164.2414832115174,65,2.52679204940796,2.45681762695312,2.8481732501089296
Kerrisdale,9月 2018,123.2243496179579,65,1.89575922489166,2.52679204940796,-24.97367461102128
Kerrisdale,11月 2018,143.60162019729628,65,2.20925569534302,1.89575922489166,16.536723985572365
Kerrisdale,1月 2019,126.49436891078975,65,1.94606721401215,2.20925569534302,-11.912993225983554
Kerrisdale,3月 2019,164.8154687881468,65,2.53562259674072,1.94606721401215,30.294708141816997
Kerrisdale,5月 2019,141.0283243656157,65,2.16966652870178,2.53562259674072,-14.432592157418798
Kerrisdale,7月 2019,160.77213883399955,65,2.47341752052307,2.16966652870178,13.999892969867556
Kerrisdale,9月 2019,138.7553489208224,65,2.13469767570496,2.47341752052307,-13.694406302518573
Kerrisdale,11月 2019,160.43027043342585,65,2.46815800666809,2.13469767570496,15.620962853815275
Kerrisdale,1月 2020,264.795962333679,46,5.756433963775629,2.46815800666809,133.22793549779962
Kerrisdale,3月 2020,165.71982383728005,65,2.54953575134277,5.756433963775629,-55.70980632477305
Kerrisdale,5月 2020,146.0344183444978,65,2.24668335914612,2.54953575134277,-11.87872702067998
Kerrisdale,7月 2020,146.16594314575175,65,2.24870681762695,2.24668335914612,0.09006424837717748
Kerrisdale,9月 2020,136.1145317554477,65,2.09406971931458,2.24870681762695,-6.876712299718901
Kerrisdale,11月 2020,135.72471499443026,65,2.08807253837585,2.09406971931458,-0.2863887903738465
Kerrisdale,1月 2021,116.78969204425835,65,1.79676449298859,2.08807253837585,-13.951050072898619
Kerrisdale,3月 2021,164.0710914134981,65,2.52417063713074,1.79676449298859,40.48422300088102
Kerrisdale,5月 2021,155.20861029624925,65,2.38782477378845,2.52417063713074,-5.401610387849067
Kerrisdale,7月 2021,154.97058868408195,65,2.38416290283203,2.38782477378845,-0.1533559328396697
Kerrisdale,9月 2021,141.2246584892273,65,2.17268705368042,2.38416290283203,-8.87002515224141
Kerrisdale,11月 2021,140.44065475463856,65,2.16062545776367,2.17268705368042,-0.5551464899796821
Kerrisdale,1月 2022,122.22367167472865,65,1.88036417961121,2.16062545776367,-12.971303154158944
Kerrisdale,3月 2022,167.48538970947288,65,2.57669830322266,1.88036417961121,37.031875588878
Kerrisdale,5月 2022,161.74801349639918,65,2.4884309768676798,2.57669830322266,-3.4255980315811385
Kerrisdale,7月 2022,154.76570010185245,65,2.38101077079773,2.4884309768676798,-4.316784635319295
Kerrisdale,9月 2022,138.4216010570523,65,2.12956309318542,2.38101077079773,-10.560543475746874
Kerrisdale,11月 2022,135.10975480079674,65,2.07861161231995,2.12956309318542,-2.392579070726493
Kerrisdale,1月 2023,146.85288786888134,65,2.25927519798279,2.07861161231995,8.691550869438299
Kerrisdale,3月 2023,158.8363826274875,65,2.4436366558075,2.25927519798279,8.160203679008145
Kerrisdale,5月 2023,166.5579593181608,65,2.56243014335632,2.4436366558075,4.861340055056786
Kerrisdale,7月 2023,157.5543761253358,65,2.42391347885132,2.56243014335632,-5.4056757357516965
Kerrisdale,9月 2023,147.35695004463224,65,2.26703000068665,2.42391347885132,-6.47232170345521
Kerrisdale,11月 2023,140.6082415580752,65,2.16320371627808,2.26703000068665,-4.579837248608194
Kerrisdale,1月 2024,193.44395637512204,65,2.97606086730957,2.16320371627808,37.57654190933337
Kerrisdale,3月 2024,179.8415303230286,65,2.76679277420044,2.97606086730957,-7.031714149660969
Kerrisdale,5月 2024,165.99412441253656,65,2.55375576019287,2.76679277420044,-7.699782072372012
Kerrisdale,7月 2024,143.21849822998055,65,2.20336151123047,2.55375576019287,-13.720742383599633
Kerrisdale,9月 2024,95.25645375251784,65,1.46548390388489,2.20336151123047,-33.488721827291585
Kerrisdale,11月 2024,119.4448131322862,65,1.83761250972748,1.46548390388489,25.39288250495994
Killarney,1月 2012,89.75186061859121,42,2.13694906234741,NA,NA
Killarney,3月 2012,170.17289447784398,61,2.789719581604,2.13694906234741,30.546845067964814
Killarney,5月 2012,199.21843934059117,61,3.26587605476379,2.789719581604,17.068255759455766
Killarney,7月 2012,187.22005343437175,61,3.06918120384216,3.26587605476379,-6.022728591757787
Killarney,9月 2012,174.70695734024056,61,2.86404848098755,3.06918120384216,-6.683630233295253
Killarney,11月 2012,126.24445080757124,55,2.29535365104675,2.86404848098755,-19.85632693426716
Killarney,1月 2013,132.076007127762,61,2.16518044471741,2.29535365104675,-5.671161229119402
Killarney,3月 2013,194.5650467872619,61,3.18959093093872,2.16518044471741,47.31293822280072
Killarney,5月 2013,197.6968076229093,61,3.24093127250671,3.18959093093872,1.609621505691961
Killarney,7月 2013,216.60369181633013,61,3.55088019371033,3.24093127250671,9.563575871940316
Killarney,9月 2013,160.04925727844244,61,2.62375831604004,3.55088019371033,-26.109635557755503
Killarney,11月 2013,178.3178257942197,61,2.9232430458068803,2.62375831604004,11.41434132617991
Killarney,1月 2014,157.99552130699158,61,2.59009051322937,2.9232430458068803,-11.396675793187518
Killarney,3月 2014,175.41368579864502,61,2.87563419342041,2.59009051322937,11.024467242846242
Killarney,5月 2014,205.20201253890963,61,3.36396741867065,2.87563419342041,16.981757497791957
Killarney,7月 2014,205.69617271423357,61,3.37206840515137,3.36396741867065,0.24081643703675612
Killarney,9月 2014,159.40192461013802,61,2.61314630508423,3.37206840515137,-22.50613003306119
Killarney,11月 2014,172.70291662216187,61,2.83119535446167,2.61314630508423,8.344310800860868
Killarney,1月 2015,146.83991861343412,61,2.4072117805481,2.83119535446167,-14.97542630696309
Killarney,3月 2015,168.6554512977603,61,2.7648434638977095,2.4072117805481,14.85667718310102
Killarney,5月 2015,172.1912751197817,61,2.82280778884888,2.7648434638977095,2.0964776381754335
Killarney,7月 2015,196.6458482742311,61,3.2237024307251,2.82280778884888,14.201981568135807
Killarney,9月 2015,141.824828386307,61,2.32499718666077,3.2237024307251,-27.878045923183613
Killarney,11月 2015,153.9802699089053,61,2.5242667198181197,2.32499718666077,8.570742979846196
Killarney,1月 2016,153.85806059837313,61,2.5222632884979204,2.5242667198181197,-0.07936686343286514
Killarney,3月 2016,165.82714128494288,61,2.71847772598267,2.5222632884979204,7.77930037595722
Killarney,5月 2016,156.7202279567717,61,2.56918406486511,2.71847772598267,-5.491811085691112
Killarney,7月 2016,164.65295457839952,61,2.69922876358032,2.56918406486511,5.061712023425526
Killarney,9月 2016,144.13211631774888,61,2.36282157897949,2.69922876358032,-12.463085350150601
Killarney,11月 2016,123.2653892040253,61,2.02074408531189,2.36282157897949,-14.477499981837147
Killarney,1月 2017,160.2542483806613,61,2.62711882591248,2.02074408531189,30.007497980972662
Killarney,3月 2017,153.7364184856415,61,2.52026915550232,2.62711882591248,-4.067180721185995
Killarney,5月 2017,163.98601722717268,61,2.68829536437988,2.52026915550232,6.666994614869646
Killarney,7月 2017,210.33785772323586,61,3.44816160202026,2.68829536437988,28.265727334453867
Killarney,9月 2017,160.97572398185756,61,2.63894629478455,3.44816160202026,-23.468021532447757
Killarney,11月 2017,104.95476806163776,61,1.72056996822357,2.63894629478455,-34.80087216537912
Killarney,1月 2018,104.68077516555799,61,1.7160782814025899,1.72056996822357,-0.261058074006582
Killarney,3月 2018,189.76444458961478,61,3.11089253425598,1.7160782814025899,81.27917403123223
Killarney,5月 2018,175.77202391624428,61,2.88150858879089,3.11089253425598,-7.373573433964698
Killarney,7月 2018,217.25496578216527,61,3.5615568161010702,2.88150858879089,23.60042340167153
Killarney,9月 2018,162.55731868743885,61,2.66487407684326,3.5615568161010702,-25.176707421992845
Killarney,11月 2018,156.2972729206085,61,2.56225037574768,2.66487407684326,-3.850977499737814
Killarney,1月 2019,153.3618206977844,61,2.5141282081604,2.56225037574768,-1.8781212032504018
Killarney,3月 2019,189.36640262603754,61,3.10436725616455,2.5141282081604,23.47688737942409
Killarney,5月 2019,182.48910021781913,61,2.99162459373474,3.10436725616455,-3.6317437057722266
Killarney,7月 2019,203.9280862808226,61,3.34308338165283,2.99162459373474,11.748091276363299
Killarney,9月 2019,193.19554042816142,61,3.16714000701904,3.34308338165283,-5.26290715928249
Killarney,11月 2019,173.67714428901695,61,2.84716629981995,3.16714000701904,-10.102922715445539
Killarney,1月 2020,217.64380168914772,61,3.56793117523193,2.84716629981995,25.315166011116393
Killarney,3月 2020,179.00334978103663,61,2.93448114395142,3.56793117523193,-17.753986839147288
Killarney,5月 2020,175.03315424919143,61,2.86939597129822,2.93448114395142,-2.2179448243296496
Killarney,7月 2020,191.16748833656328,61,3.13389325141907,2.86939597129822,9.217873126140264
Killarney,9月 2020,176.46774291992216,61,2.8929138183593794,3.13389325141907,-7.689458884745733
Killarney,11月 2020,163.71076631546043,61,2.68378305435181,2.8929138183593794,-7.229069966770419
Killarney,1月 2021,155.27022314071672,61,2.54541349411011,2.68378305435181,-5.155765478783055
Killarney,3月 2021,186.2923650741576,61,3.05397319793701,2.54541349411011,19.979453436687898
Killarney,5月 2021,195.37051129341108,61,3.2027952671051,3.05397319793701,4.873064022586077
Killarney,7月 2021,208.03131151199327,61,3.41034936904907,3.2027952671051,6.480404916158484
Killarney,9月 2021,179.35046029090861,61,2.94017148017883,3.41034936904907,-13.786795368749651
Killarney,11月 2021,162.0480914115906,61,2.6565260887146,2.94017148017883,-9.647239740145283
Killarney,1月 2022,150.53253626823417,61,2.46774649620056,2.6565260887146,-7.106257804732635
Killarney,3月 2022,186.21910929679888,61,3.05277228355408,2.46774649620056,23.70688351717846
Killarney,5月 2022,204.1112766265872,61,3.3460865020751998,3.05277228355408,9.608126361119849
Killarney,7月 2022,198.55394530296303,61,3.25498270988464,3.3460865020751998,-2.7226968619627243
Killarney,9月 2022,177.57460761070266,61,2.91105914115906,3.25498270988464,-10.56606438126884
Killarney,11月 2022,160.08295464515703,61,2.62431073188782,2.91105914115906,-9.850312046806057
Killarney,1月 2023,152.3019461631772,61,2.4967532157897905,2.62431073188782,-4.8606102375030105
Killarney,3月 2023,192.0976927280424,61,3.1491425037384,2.4967532157897905,26.12950626528947
Killarney,5月 2023,196.83731389045718,61,3.22684121131897,3.1491425037384,2.467297287700779
Killarney,7月 2023,204.75869655609128,61,3.35669994354248,3.22684121131897,4.024329792491715
Killarney,9月 2023,178.00785946845988,61,2.91816163063049,3.35669994354248,-13.064566994009608
Killarney,11月 2023,151.33906245231643,61,2.48096823692322,2.91816163063049,-14.98180872225406
Killarney,1月 2024,284.80578041076643,61,4.66894721984863,2.48096823692322,88.19052780937005
Killarney,3月 2024,178.17121243476856,61,2.92083954811096,4.66894721984863,-37.44115299282275
Killarney,5月 2024,208.25964498519917,61,3.41409254074097,2.92083954811096,16.887370377774396
Killarney,7月 2024,189.0964164733887,61,3.09994125366211,3.41409254074097,-9.201604330580887
Killarney,9月 2024,119.94060659408566,61,1.96623945236206,3.09994125366211,-36.57171889824535
Killarney,11月 2024,152.92179107666038,60,2.54869651794434,1.96623945236206,29.622895872756963
Kitsilano,1月 2012,223.39281535148635,67,3.33422112464905,NA,NA
Kitsilano,3月 2012,282.69088172912586,67,4.21926689147949,3.33422112464905,26.544303264337263
Kitsilano,5月 2012,254.53365659713774,67,3.79900979995728,4.21926689147949,-9.960429200885345
Kitsilano,7月 2012,291.8719000816346,67,4.3562970161438,3.79900979995728,14.669275562089538
Kitsilano,9月 2012,277.1814336776731,67,4.13703632354736,4.3562970161438,-5.033189697210542
Kitsilano,11月 2012,148.42494153976452,41,3.62012052536011,4.13703632354736,-12.494833445020683
Kitsilano,1月 2013,174.11306285858169,67,2.5987024307251,3.62012052536011,-28.21503006542593
Kitsilano,3月 2013,303.69045686721796,67,4.53269338607788,2.5987024307251,74.4214086417409
Kitsilano,5月 2013,305.7683286666868,67,4.56370639801025,4.53269338607788,0.6842071433207135
Kitsilano,7月 2013,304.0708808898923,59,5.15374374389648,4.56370639801025,12.928906779443185
Kitsilano,9月 2013,267.3158156871795,67,3.9897882938385,5.15374374389648,-22.584658995442663
Kitsilano,11月 2013,214.0515503883359,66,3.24320530891418,3.9897882938385,-18.71234586750583
Kitsilano,1月 2014,250.53865981102,67,3.73938298225403,3.24320530891418,15.29899053803564
Kitsilano,3月 2014,283.5460042953493,67,4.23202991485596,3.73938298225403,13.174551388287359
Kitsilano,5月 2014,292.81210041046154,67,4.37032985687256,4.23202991485596,3.2679339418447335
Kitsilano,7月 2014,273.50542259216337,67,4.0821704864502,4.37032985687256,-6.5935382421813244
Kitsilano,9月 2014,252.34911012649522,67,3.76640462875366,4.0821704864502,-7.735244246771418
Kitsilano,11月 2014,260.44978785514826,67,3.88731026649475,3.76640462875366,3.210107507251526
Kitsilano,1月 2015,236.5117177963254,66,3.5835108757019,3.88731026649475,-7.8151567527639365
Kitsilano,3月 2015,267.06463980674755,67,3.98603940010071,3.5835108757019,11.232797621130896
Kitsilano,5月 2015,265.57151699066145,66,4.02381086349487,3.98603940010071,0.9475938294339559
Kitsilano,7月 2015,284.38015365600586,66,4.30879020690918,4.02381086349487,7.082324519766102
Kitsilano,9月 2015,221.08894276618983,67,3.29983496665955,4.30879020690918,-23.416207143985844
Kitsilano,11月 2015,235.34807801246637,67,3.51265788078308,3.29983496665955,6.44950175611275
Kitsilano,1月 2016,231.9754300117492,67,3.46231985092163,3.51265788078308,-1.4330467574664085
Kitsilano,3月 2016,293.9398927688599,66,4.45363473892212,3.46231985092163,28.63152252489363
Kitsilano,5月 2016,252.64597177505522,67,3.77083539962769,4.45363473892212,-15.331282858182547
Kitsilano,7月 2016,239.92330002784703,67,3.58094477653503,3.77083539962769,-5.035770670642599
Kitsilano,9月 2016,228.16713786125166,67,3.40547966957092,3.58094477653503,-4.89996684991865
Kitsilano,11月 2016,182.80958843231176,67,2.72850131988525,3.40547966957092,-19.87908944912208
Kitsilano,1月 2017,370.4388337135313,67,5.52893781661987,2.72850131988525,102.63643547925408
Kitsilano,3月 2017,296.008538722992,67,4.41803789138794,5.52893781661987,-20.09246553456594
Kitsilano,5月 2017,296.96097517013544,67,4.43225336074829,4.41803789138794,0.32175978816433265
Kitsilano,7月 2017,288.836735725403,67,4.31099605560303,4.43225336074829,-2.735793630822324
Kitsilano,9月 2017,239.02386546134937,67,3.56752038002014,4.31099605560303,-17.246030058797896
Kitsilano,11月 2017,170.3252506256103,66,2.58068561553955,3.56752038002014,-27.661643364599897
Kitsilano,1月 2018,251.36530065536533,67,3.75172090530396,2.58068561553955,45.37690614901107
Kitsilano,3月 2018,294.2200207710265,67,4.39134359359741,3.75172090530396,17.048781197694897
Kitsilano,5月 2018,279.48923587799044,67,4.17148113250732,4.39134359359741,-5.006724170038768
Kitsilano,7月 2018,284.9472475051882,67,4.25294399261475,4.17148113250732,1.9528521769548461
Kitsilano,9月 2018,231.42220091819786,67,3.45406270027161,4.25294399261475,-18.784194988939415
Kitsilano,11月 2018,210.59509754180925,67,3.14321041107178,3.45406270027161,-8.999613387892065
Kitsilano,1月 2019,202.01058197021476,67,3.01508331298828,3.14321041107178,-4.076313110702983
Kitsilano,3月 2019,301.757086277008,67,4.50383710861206,3.01508331298828,49.37687092129672
Kitsilano,5月 2019,290.59110116958647,67,4.33718061447144,4.50383710861206,-3.7003224166776745
Kitsilano,7月 2019,291.6459846496581,66,4.41887855529785,4.33718061447144,1.8836647142112641
Kitsilano,9月 2019,258.69019889831566,67,3.86104774475098,4.41887855529785,-12.623809492978241
Kitsilano,11月 2019,266.49930238723726,67,3.97760152816772,3.86104774475098,3.0187086801812453
Kitsilano,1月 2020,278.9844217300413,58,4.81007623672485,3.97760152816772,20.929062467969455
Kitsilano,3月 2020,286.45174694061296,67,4.27539920806885,4.81007623672485,-11.115770360846874
Kitsilano,5月 2020,290.4446830749511,67,4.33499526977539,4.27539920806885,1.393929755005458
Kitsilano,7月 2020,260.20857977867144,67,3.88371014595032,4.33499526977539,-10.410279498377681
Kitsilano,9月 2020,254.08036112785337,67,3.79224419593811,3.88371014595032,-2.355117827410083
Kitsilano,11月 2020,244.23331546783422,66,3.70050477981567,3.79224419593811,-2.419132613366581
Kitsilano,1月 2021,119.77121543884292,67,1.78763008117676,3.70050477981567,-51.692263960112875
Kitsilano,3月 2021,290.46548128128046,67,4.33530569076538,1.78763008117676,142.51693548989383
Kitsilano,5月 2021,273.3845310211179,67,4.08036613464355,4.33530569076538,-5.880543940993033
Kitsilano,7月 2021,270.3753085136411,67,4.03545236587524,4.08036613464355,-1.10072888770885
Kitsilano,9月 2021,247.03235697746305,67,3.68705010414124,4.03545236587524,-8.633536717721503
Kitsilano,11月 2021,235.83672285079984,65,3.62825727462769,3.68705010414124,-1.5945763646529938
Kitsilano,1月 2022,180.54288744926444,67,2.69466996192932,3.62825727462769,-25.73101194413423
Kitsilano,3月 2022,280.7371282577516,67,4.19010639190674,2.69466996192932,55.49608861586608
Kitsilano,5月 2022,294.5368819236755,67,4.39607286453247,4.19010639190674,4.915542789642703
Kitsilano,7月 2022,279.9740209579467,66,4.24203062057495,4.39607286453247,-3.504087596007174
Kitsilano,9月 2022,286.1783032417299,67,4.27131795883179,4.24203062057495,0.6904084594483664
Kitsilano,11月 2022,200.2010421752932,67,2.98807525634766,4.27131795883179,-30.04324929336561
Kitsilano,1月 2023,227.61743903160095,67,3.39727520942688,2.98807525634766,13.694432635521615
Kitsilano,3月 2023,242.93979072570826,67,3.62596702575684,3.39727520942688,6.731624676604882
Kitsilano,5月 2023,269.3134179115296,67,4.01960325241089,3.62596702575684,10.856034372565393
Kitsilano,7月 2023,262.3983178138734,67,3.9163928031921404,4.01960325241089,-2.5676775228213193
Kitsilano,9月 2023,241.22218155860898,67,3.60033106803894,3.9163928031921404,-8.070225614131134
Kitsilano,11月 2023,218.4411170482636,67,3.26031517982483,3.60033106803894,-9.44401728031397
Kitsilano,1月 2024,364.51811790466337,67,5.4405689239502,3.26031517982483,66.87248391250658
Kitsilano,3月 2024,330.64390993118275,67,4.93498373031616,5.4405689239502,-9.292873607544566
Kitsilano,5月 2024,298.5778999328614,67,4.45638656616211,4.93498373031616,-9.698049483202423
Kitsilano,7月 2024,242.96338438987738,67,3.62631916999817,4.45638656616211,-18.62646751668143
Kitsilano,9月 2024,165.00229835510257,67,2.46272087097168,3.62631916999817,-32.087586461041624
Kitsilano,11月 2024,195.79362678527846,56,3.49631476402283,2.46272087097168,41.969591651015634
Marpole,1月 2012,224.4213294982911,54,4.15595054626465,NA,NA
Marpole,3月 2012,248.10143280029277,54,4.5944709777832,4.15595054626465,10.551627759687602
Marpole,5月 2012,287.68388557434065,54,5.327479362487789,4.5944709777832,15.954141145935834
Marpole,7月 2012,299.7551136016847,54,5.55102062225342,5.327479362487789,4.196004236818715
Marpole,9月 2012,285.40572452545155,54,5.28529119491577,5.55102062225342,-4.787037293148769
Marpole,11月 2012,159.19965267181394,41,3.88291835784912,5.28529119491577,-26.53350185162312
Marpole,1月 2013,208.77576398849465,54,3.86621785163879,3.88291835784912,-0.4301019148798491
Marpole,3月 2013,284.4917049407961,54,5.26836490631104,3.86621785163879,36.26663339930304
Marpole,5月 2013,293.0527753829955,54,5.42690324783325,5.26836490631104,3.0092513396764815
Marpole,7月 2013,372.04032039642345,54,6.88963556289673,5.42690324783325,26.953351631015195
Marpole,9月 2013,305.3895292282106,54,5.655361652374271,6.88963556289673,-17.91493757912954
Marpole,11月 2013,288.8556804656982,54,5.3491792678833,5.655361652374271,-5.414019532463105
Marpole,1月 2014,285.65505409240706,54,5.289908409118649,5.3491792678833,-1.10803650048739
Marpole,3月 2014,276.321249961853,54,5.11706018447876,5.289908409118649,-3.267508835161236
Marpole,5月 2014,327.6666355133058,54,6.06790065765381,5.11706018447876,18.58177232425704
Marpole,7月 2014,336.98836326599104,54,6.2405252456665,6.06790065765381,2.844881578523342
Marpole,9月 2014,253.46131038665766,54,4.69372797012329,6.2405252456665,-24.78633151299766
Marpole,11月 2014,271.66823959350563,54,5.03089332580566,4.69372797012329,7.183316924809198
Marpole,1月 2015,246.3530359268187,54,4.56209325790405,5.03089332580566,-9.318425924416411
Marpole,3月 2015,264.3924407958986,54,4.89615631103516,4.56209325790405,7.322582732221205
Marpole,5月 2015,287.41779327392567,54,5.32255172729492,4.89615631103516,8.708778665802248
Marpole,7月 2015,366.26593208313005,54,6.78270244598389,5.32255172729492,27.433283761265812
Marpole,9月 2015,255.63516139984122,54,4.73398447036743,6.78270244598389,-30.205039833783776
Marpole,11月 2015,273.8021535873412,54,5.07041025161743,4.73398447036743,7.106609313061143
Marpole,1月 2016,256.3146314620974,54,4.7465672492981,5.07041025161743,-6.386919129788872
Marpole,3月 2016,273.45392131805403,54,5.063961505889889,4.7465672492981,6.686816807214174
Marpole,5月 2016,276.86247253417963,54,5.12708282470703,5.063961505889889,1.2464810157763835
Marpole,7月 2016,287.3397216796875,54,5.32110595703125,5.12708282470703,3.784279266744758
Marpole,9月 2016,284.17020034790033,54,5.26241111755371,5.32110595703125,-1.1030571454789628
Marpole,11月 2016,212.1784186363218,54,3.9292299747467,5.26241111755371,-25.334036300583712
Marpole,1月 2017,226.52091979980463,54,4.19483184814453,3.9292299747467,6.759641840891546
Marpole,3月 2017,271.9023513793947,54,5.03522872924805,4.19483184814453,20.03410175965091
Marpole,5月 2017,307.12693119049095,54,5.68753576278687,5.03522872924805,12.954863991575477
Marpole,7月 2017,313.0913743972776,54,5.7979884147644,5.68753576278687,1.9420124388529352
Marpole,9月 2017,234.18491363525396,54,4.33675765991211,5.7979884147644,-25.20237451891608
Marpole,11月 2017,265.0610446929933,54,4.90853786468506,4.33675765991211,13.184509018300504
Marpole,1月 2018,279.3639307022095,54,5.17340612411499,4.90853786468506,5.396072450322724
Marpole,3月 2018,290.40423774719255,54,5.37785625457764,5.17340612411499,3.951944339139335
Marpole,5月 2018,315.5106668472292,54,5.842790126800541,5.37785625457764,8.645338406491396
Marpole,7月 2018,351.85433292388905,54,6.51582098007202,5.842790126800541,11.518997579329872
Marpole,9月 2018,290.07189273834234,54,5.37170171737671,6.51582098007202,-17.55909602480613
Marpole,11月 2018,223.53511905670157,54,4.13953924179077,5.37170171737671,-22.938028587850766
Marpole,1月 2019,224.83169460296622,54,4.16354990005493,4.13953924179077,0.5800321451663089
Marpole,3月 2019,297.6380653381346,54,5.51181602478027,4.16354990005493,32.382609962415785
Marpole,5月 2019,305.2155933380129,54,5.65214061737061,5.51181602478027,2.5458867269782304
Marpole,7月 2019,326.84690952301014,54,6.05272054672241,5.65214061737061,7.087225114688516
Marpole,9月 2019,260.40517616271956,54,4.822318077087399,6.05272054672241,-20.328089825678187
Marpole,11月 2019,289.31012821197527,54,5.357594966888431,4.822318077087399,11.099991357773126
Marpole,1月 2020,495.9745216369628,54,9.18471336364746,5.357594966888431,71.43351485903256
Marpole,3月 2020,306.6144189834595,54,5.67804479598999,9.18471336364746,-38.17940123789438
Marpole,5月 2020,317.9793977737427,54,5.88850736618042,5.67804479598999,3.706602849260098
Marpole,7月 2020,324.51091575622576,54,6.00946140289307,5.88850736618042,2.054069549226137
Marpole,9月 2020,291.8442363739015,54,5.40452289581299,6.00946140289307,-10.066434685625087
Marpole,11月 2020,268.3720836639403,54,4.96985340118408,5.40452289581299,-8.042698736009767
Marpole,1月 2021,167.88147926330575,54,3.1089162826538104,4.96985340118408,-37.44450727836151
Marpole,3月 2021,289.7523193359375,54,5.36578369140625,3.1089162826538104,72.59337992935433
Marpole,5月 2021,352.8395490646363,54,6.53406572341919,5.36578369140625,21.7728126812872
Marpole,7月 2021,354.1356353759764,54,6.55806732177734,6.53406572341919,0.3673302255305466
Marpole,9月 2021,285.5278787612917,54,5.287553310394291,6.55806732177734,-19.37329931280303
Marpole,11月 2021,326.00388050079334,54,6.03710889816284,5.287553310394291,14.175849277870547
Marpole,1月 2022,211.579041481018,54,3.91813039779663,6.03710889816284,-35.09922607178809
Marpole,3月 2022,315.960041999817,54,5.8511118888855,3.91813039779663,49.33428178337011
Marpole,5月 2022,325.7229566574099,54,6.03190660476685,5.8511118888855,3.0899206734497686
Marpole,7月 2022,341.5441446304319,54,6.32489156723022,6.03190660476685,4.857252965949971
Marpole,9月 2022,306.42248439788796,54,5.67449045181274,6.32489156723022,-10.28319787784603
Marpole,11月 2022,236.03666782379165,54,4.37104940414429,5.67449045181274,-22.970186640318694
Marpole,1月 2023,256.7630538940428,54,4.7548713684082,4.37104940414429,8.781002655792442
Marpole,3月 2023,262.31720924377424,54,4.85772609710693,4.7548713684082,2.1631442941255297
Marpole,5月 2023,321.8926076889037,54,5.96097421646118,4.85772609710693,22.71120473448062
Marpole,7月 2023,335.65828800201405,54,6.21589422225952,5.96097421646118,4.276482275235823
Marpole,9月 2023,309.85920524597185,54,5.738133430480961,6.21589422225952,-7.686115218429342
Marpole,11月 2023,272.17081260681135,54,5.040200233459469,5.738133430480961,-12.163070194814063
Marpole,1月 2024,420.77800655364973,54,7.792185306549069,5.040200233459469,54.60070921033042
Marpole,3月 2024,345.8468370437624,54,6.40457105636597,7.792185306549069,-17.807767597837483
Marpole,5月 2024,350.66714000701916,54,6.49383592605591,6.40457105636597,1.393768121304748
Marpole,7月 2024,267.1745138168333,54,4.947676181793209,6.49383592605591,-23.809652135787402
Marpole,9月 2024,216.57966613769537,54,4.01073455810547,4.947676181793209,-18.937003741990235
Marpole,11月 2024,293.15214157104504,54,5.42874336242676,4.01073455810547,35.355339122494996
Mount Pleasant,1月 2012,263.4915447235109,42,6.273608207702641,NA,NA
Mount Pleasant,3月 2012,316.5533466339111,42,7.536984443664549,6.273608207702641,20.137952421235894
Mount Pleasant,5月 2012,291.67891216278065,42,6.94473600387573,7.536984443664549,-7.857896539598836
Mount Pleasant,7月 2012,305.43072223663313,42,7.272160053253169,6.94473600387573,4.714708366087786
Mount Pleasant,9月 2012,303.8266668319701,42,7.23396825790405,7.272160053253169,-0.5251781461002688
Mount Pleasant,11月 2012,230.04396343231213,42,5.47723722457886,7.23396825790405,-24.28447251487084
Mount Pleasant,1月 2013,178.5881195068358,42,4.25209808349609,5.47723722457886,-22.36783054757994
Mount Pleasant,3月 2013,352.916982650757,42,8.4027853012085,4.25209808349609,97.61503935722243
Mount Pleasant,5月 2013,372.27611732482916,42,8.8637170791626,8.4027853012085,5.485464181594738
Mount Pleasant,7月 2013,349.28245353698713,42,8.31624889373779,8.8637170791626,-6.176507897706186
Mount Pleasant,9月 2013,312.22916221618635,42,7.43402767181396,8.31624889373779,-10.608403298128193
Mount Pleasant,11月 2013,295.88721942901634,42,7.04493379592896,7.43402767181396,-5.23395786324882
Mount Pleasant,1月 2014,280.32887935638433,42,6.674497127532961,7.04493379592896,-5.258199425664767
Mount Pleasant,3月 2014,298.97138214111334,42,7.11836624145508,6.674497127532961,6.650225559182806
Mount Pleasant,5月 2014,309.22442722320574,42,7.36248636245728,7.11836624145508,3.4294403058460623
Mount Pleasant,7月 2014,314.02423667907726,42,7.47676753997803,7.36248636245728,1.5522090214454136
Mount Pleasant,9月 2014,282.96116924285866,42,6.73717069625854,7.47676753997803,-9.891933108323757
Mount Pleasant,11月 2014,286.61836910247786,42,6.8242468833923295,6.73717069625854,1.2924741120504393
Mount Pleasant,1月 2015,249.9095649719239,42,5.95022773742676,6.8242468833923295,-12.807554604928
Mount Pleasant,3月 2015,288.9832763671875,42,6.88055419921875,5.95022773742676,15.635140415555258
Mount Pleasant,5月 2015,322.1972408294678,42,7.67136287689209,6.88055419921875,11.493386357789783
Mount Pleasant,7月 2015,318.49001312255865,42,7.583095550537111,7.67136287689209,-1.150608148401638
Mount Pleasant,9月 2015,271.48192119598366,42,6.46385526657104,7.583095550537111,-14.759675339799664
Mount Pleasant,11月 2015,280.89390563964827,42,6.687950134277339,6.46385526657104,3.4668917923525546
Mount Pleasant,1月 2016,250.55520057678223,42,5.96560001373291,6.687950134277339,-10.800770131975305
Mount Pleasant,3月 2016,299.21150779724104,42,7.124083518981929,5.96560001373291,19.419396248192484
Mount Pleasant,5月 2016,298.0777702331541,42,7.09708976745605,7.124083518981929,-0.37890840911613094
Mount Pleasant,7月 2016,275.62788391113276,42,6.5625686645507795,7.09708976745605,-7.531553360876675
Mount Pleasant,9月 2016,255.40842247009277,42,6.08115291595459,6.5625686645507795,-7.335782270693292
Mount Pleasant,11月 2016,213.30756568908694,42,5.07875156402588,6.08115291595459,-16.48373862296403
Mount Pleasant,1月 2017,339.7233695983886,42,8.08865165710449,5.07875156402588,59.26456640247018
Mount Pleasant,3月 2017,316.039489746094,42,7.52474975585938,8.08865165710449,-6.971519174642898
Mount Pleasant,5月 2017,294.53550624847395,42,7.012750148773189,7.52474975585938,-6.804207763686852
Mount Pleasant,7月 2017,319.9665555953979,42,7.618251323699949,7.012750148773189,8.634289858917716
Mount Pleasant,9月 2017,261.1817722320555,42,6.2186136245727495,7.618251323699949,-18.37216494516276
Mount Pleasant,11月 2017,226.79978370666495,42,5.39999485015869,6.2186136245727495,-13.164007668514751
Mount Pleasant,1月 2018,303.1203889846801,42,7.2171521186828596,5.39999485015869,33.65109262040813
Mount Pleasant,3月 2018,330.92083168029774,42,7.87906742095947,7.2171521186828596,9.171419576471543
Mount Pleasant,5月 2018,319.9218950271607,42,7.61718797683716,7.87906742095947,-3.3237365557460827
Mount Pleasant,7月 2018,310.9244327545167,42,7.40296268463135,7.61718797683716,-2.812393403671274
Mount Pleasant,9月 2018,285.2824573516844,42,6.79243946075439,7.40296268463135,-8.24701203944219
Mount Pleasant,11月 2018,236.21104717254616,42,5.62407255172729,6.79243946075439,-17.200991128117288
Mount Pleasant,1月 2019,234.34667873382568,42,5.57968282699585,5.62407255172729,-0.7892807982679174
Mount Pleasant,3月 2019,336.2576694488525,42,8.00613498687744,5.57968282699585,43.48727759473764
Mount Pleasant,5月 2019,332.94976329803455,42,7.92737531661987,8.00613498687744,-0.9837414730910897
Mount Pleasant,7月 2019,324.1745624542236,42,7.718441963195799,7.92737531661987,-2.635593056708684
Mount Pleasant,9月 2019,326.5239286422729,42,7.774379253387449,7.718441963195799,0.724722560050056
Mount Pleasant,11月 2019,321.83917522430437,42,7.662837505340581,7.774379253387449,-1.4347351011756708
Mount Pleasant,1月 2020,323.68856334686296,42,7.70687055587769,7.662837505340581,0.5746311403108931
Mount Pleasant,3月 2020,317.434020996094,42,7.55795288085938,7.70687055587769,-1.932271652139489
Mount Pleasant,5月 2020,334.0635137557985,42,7.95389318466187,7.55795288085938,5.238724163062906
Mount Pleasant,7月 2020,300.7415027618409,42,7.160511970520021,7.95389318466187,-9.974753189693182
Mount Pleasant,9月 2020,298.9080562591553,42,7.11685848236084,7.160511970520021,-0.609641996813968
Mount Pleasant,11月 2020,255.70222091674805,42,6.08814811706543,7.11685848236084,-14.454556990912108
Mount Pleasant,1月 2021,122.93732643127446,42,2.92707920074463,6.08814811706543,-51.92168218542748
Mount Pleasant,3月 2021,337.5468978881836,42,8.03683090209961,2.92707920074463,174.56827611822365
Mount Pleasant,5月 2021,348.33204460144066,42,8.29362010955811,8.03683090209961,3.195155037931875
Mount Pleasant,7月 2021,328.2422990798952,42,7.8152928352356,8.29362010955811,-5.767412396563172
Mount Pleasant,9月 2021,288.2169370651246,42,6.86230802536011,7.8152928352356,-12.193846474682497
Mount Pleasant,11月 2021,307.30674648284895,42,7.316827297210689,6.86230802536011,6.623416934519304
Mount Pleasant,1月 2022,201.26970005035403,42,4.79213571548462,7.316827297210689,-34.50527775458809
Mount Pleasant,3月 2022,352.18591117858887,42,8.38537883758545,4.79213571548462,74.9820817989386
Mount Pleasant,5月 2022,309.120446205139,42,7.36001062393188,8.38537883758545,-12.228048768143925
Mount Pleasant,7月 2022,314.33103275299067,42,7.484072208404539,7.36001062393188,1.6856169211123024
Mount Pleasant,9月 2022,322.76422977447515,42,7.68486261367798,7.484072208404539,2.6829030998385535
Mount Pleasant,11月 2022,250.35222530364982,42,5.96076726913452,7.68486261367798,-22.43495337801891
Mount Pleasant,1月 2023,279.6112260818482,42,6.65741014480591,5.96076726913452,11.68713429357795
Mount Pleasant,3月 2023,330.3607921600341,42,7.865733146667479,6.65741014480591,18.150045972521287
Mount Pleasant,5月 2023,333.46720504760754,42,7.93969535827637,7.865733146667479,0.9403091896173361
Mount Pleasant,7月 2023,339.39220046997093,42,8.08076667785645,7.93969535827637,1.7767850429302365
Mount Pleasant,9月 2023,322.3192462921141,42,7.674267768859859,8.08076667785645,-5.030449772922067
Mount Pleasant,11月 2023,269.488377571106,42,6.416389942169191,7.674267768859859,-16.390851408583917
Mount Pleasant,1月 2024,414.67529869079584,42,9.8732213973999,6.416389942169191,53.87502141215029
Mount Pleasant,3月 2024,321.4709558486937,42,7.654070377349849,9.8732213973999,-22.47646366599722
Mount Pleasant,5月 2024,340.36339759826666,42,8.10389041900635,7.654070377349849,5.876873604240969
Mount Pleasant,7月 2024,258.6261863708498,42,6.15776634216309,8.10389041900635,-24.014688948396234
Mount Pleasant,9月 2024,222.9063634872438,42,5.3072943687439,6.15776634216309,-13.811371301893827
Mount Pleasant,11月 2024,286.0798788070679,42,6.81142568588257,5.3072943687439,28.340830800660097
Oakridge,1月 2012,144.20599937438948,44,3.27740907669067,NA,NA
Oakridge,3月 2012,179.49362373352034,44,4.07940053939819,3.27740907669067,24.470288692717073
Oakridge,5月 2012,185.29763603210466,44,4.21130990982056,4.07940053939819,3.233547898727057
Oakridge,7月 2012,180.8243122100831,44,4.10964345932007,4.21130990982056,-2.414128921346042
Oakridge,9月 2012,185.90016365051252,44,4.22500371932983,4.10964345932007,2.807062489767576
Oakridge,11月 2012,128.46265220642084,44,2.91960573196411,4.22500371932983,-30.896966584748533
Oakridge,1月 2013,116.3282289505006,44,2.64382338523865,2.91960573196411,-9.445876328648406
Oakridge,3月 2013,177.9318103790282,44,4.04390478134155,2.64382338523865,52.956691582350864
Oakridge,5月 2013,188.24433135986325,44,4.27828025817871,4.04390478134155,5.795771401902465
Oakridge,7月 2013,193.0645523071289,44,4.38783073425293,4.27828025817871,2.560619442001117
Oakridge,9月 2013,164.12093448638933,44,3.7300212383270304,4.38783073425293,-14.99167893580785
Oakridge,11月 2013,182.500680923462,44,4.1477427482605,3.7300212383270304,11.198904329049444
Oakridge,1月 2014,161.53681945800784,44,3.67129135131836,4.1477427482605,-11.487004519312498
Oakridge,3月 2014,176.96413230896005,44,4.02191209793091,3.67129135131836,9.55033837035686
Oakridge,5月 2014,181.63436126708973,44,4.12805366516113,4.02191209793091,2.639082223722024
Oakridge,7月 2014,188.98829078674336,44,4.29518842697144,4.12805366516113,4.048754579448668
Oakridge,9月 2014,173.41362953186052,44,3.94121885299683,4.29518842697144,-8.24107207385534
Oakridge,11月 2014,175.34726524353016,44,3.98516511917114,3.94121885299683,1.115042523987061
Oakridge,1月 2015,164.8806295394896,44,3.7472870349884,3.98516511917114,-5.96908978848573
Oakridge,3月 2015,187.11281394958505,44,4.25256395339966,3.7472870349884,13.483806116091234
Oakridge,5月 2015,167.97976112365714,44,3.8177218437194806,4.25256395339966,-10.225410233573328
Oakridge,7月 2015,176.66792488098162,44,4.0151801109314,3.8177218437194806,5.172149132256904
Oakridge,9月 2015,149.515336036682,44,3.3980758190155,4.0151801109314,-15.3692804523469
Oakridge,11月 2015,161.7205066680909,44,3.6754660606384295,3.3980758190155,8.163156338968799
Oakridge,1月 2016,164.16580200195295,44,3.7310409545898398,3.6754660606384295,1.5120502552472725
Oakridge,3月 2016,176.08709144592282,44,4.0019793510437,3.7310409545898398,7.2617374012085945
Oakridge,5月 2016,132.92513942718514,44,3.0210258960723895,4.0019793510437,-24.511707056046703
Oakridge,7月 2016,160.46835994720476,44,3.64700818061829,3.0210258960723895,20.720851329336003
Oakridge,9月 2016,147.6996335983278,44,3.3568098545074503,3.64700818061829,-7.9571613700532335
Oakridge,11月 2016,132.05955410003665,44,3.00135350227356,3.3568098545074503,-10.589111913997492
Oakridge,1月 2017,161.67490482330308,44,3.67442965507507,3.00135350227356,22.42575399037958
Oakridge,3月 2017,169.6567487716675,44,3.8558351993560795,3.67442965507507,4.936971484280686
Oakridge,5月 2017,159.3194494247435,44,3.62089657783508,3.8558351993560795,-6.093066984819116
Oakridge,7月 2017,194.68076896667478,44,4.42456293106079,3.62089657783508,22.19523082060022
Oakridge,9月 2017,143.56211853027352,44,3.26277542114258,4.42456293106079,-26.25767851017256
Oakridge,11月 2017,162.00484943389912,44,3.68192839622498,3.26277542114258,12.846516262391681
Oakridge,1月 2018,154.58359241485599,44,3.5132634639739995,3.68192839622498,-4.580885723467895
Oakridge,3月 2018,174.8388891220092,44,3.9736111164093,3.5132634639739995,13.10313493866418
Oakridge,5月 2018,150.98889350891105,44,3.4315657615661603,3.9736111164093,-13.64112740184177
Oakridge,7月 2018,194.6132106781007,44,4.42302751541138,3.4315657615661603,28.892401391507004
Oakridge,9月 2018,161.50126743316633,44,3.67048335075378,4.42302751541138,-17.01423203982954
Oakridge,11月 2018,157.28737163543713,44,3.57471299171448,3.67048335075378,-2.60920292744639
Oakridge,1月 2019,148.09867858886716,44,3.36587905883789,3.57471299171448,-5.841977617801156
Oakridge,3月 2019,172.63062477111836,44,3.92342329025269,3.36587905883789,16.564594914687714
Oakridge,5月 2019,177.31021118164065,44,4.02977752685547,3.92342329025269,2.710751013458195
Oakridge,7月 2019,179.11938858032207,44,4.07089519500732,4.02977752685547,1.020345859736213
Oakridge,9月 2019,189.9804954528809,44,4.31773853302002,4.07089519500732,6.063613190421543
Oakridge,11月 2019,180.69339179992673,44,4.10666799545288,4.31773853302002,-4.888451117476728
Oakridge,1月 2020,187.3907680511473,44,4.25888109207153,4.10666799545288,3.7064865430365463
Oakridge,3月 2020,177.07308578491222,44,4.02438831329346,4.25888109207153,-5.505971491305763
Oakridge,5月 2020,168.9987897872925,44,3.8408815860748295,4.02438831329346,-4.559866318378526
Oakridge,7月 2020,173.90863037109364,44,3.95246887207031,3.8408815860748295,2.9052519192479553
Oakridge,9月 2020,153.78186225891105,44,3.4950423240661603,3.95246887207031,-11.573185338321178
Oakridge,11月 2020,151.82895565032976,44,3.45065808296204,3.4950423240661603,-1.269919989194386
Oakridge,1月 2021,133.2294664382933,44,3.02794241905212,3.45065808296204,-12.25029121248262
Oakridge,3月 2021,178.1920566558836,44,4.0498194694519,3.02794241905212,33.74823259418759
Oakridge,5月 2021,165.34357166290306,44,3.7578084468841606,4.0498194694519,-7.210470115282938
Oakridge,7月 2021,179.8578090667723,44,4.08767747879028,3.7578084468841606,8.778229028135657
Oakridge,9月 2021,158.00440216064462,44,3.59100914001465,4.08767747879028,-12.150379802533125
Oakridge,11月 2021,167.09194660186776,44,3.79754424095154,3.59100914001465,5.751450160220061
Oakridge,1月 2022,133.87033653259286,44,3.0425076484680194,3.79754424095154,-19.882232953113224
Oakridge,3月 2022,181.8607654571532,44,4.1331992149353,3.0425076484680194,35.848441236178054
Oakridge,5月 2022,180.6977348327637,44,4.10676670074463,4.1331992149353,-0.6395170621139307
Oakridge,7月 2022,181.59649085998552,44,4.12719297409058,4.10676670074463,0.49738090411238317
Oakridge,9月 2022,167.0598878860472,44,3.7968156337737997,4.12719297409058,-8.004892002646862
Oakridge,11月 2022,150.36535358428935,44,3.41739439964294,3.7968156337737997,-9.993143484655814
Oakridge,1月 2023,136.80583858489987,44,3.10922360420227,3.41739439964294,-9.017712309497215
Oakridge,3月 2023,173.8772535324097,44,3.95175576210022,3.10922360420227,27.0978310070471
Oakridge,5月 2023,182.08295249938948,44,4.13824892044067,3.95175576210022,4.719248090406668
Oakridge,7月 2023,185.35084342956543,44,4.21251916885376,4.13824892044067,1.794726461384074
Oakridge,9月 2023,174.57321929931618,44,3.9675731658935494,4.21251916885376,-5.814715450347992
Oakridge,11月 2023,166.26736831665048,44,3.7788038253784197,3.9675731658935494,-4.757803640216331
Oakridge,1月 2024,294.6638889312743,44,6.69690656661987,3.7788038253784197,77.22292228147683
Oakridge,3月 2024,184.16895103454587,44,4.18565797805786,6.69690656661987,-37.4986355801812
Oakridge,5月 2024,189.23622131347648,44,4.30082321166992,4.18565797805786,2.7514248468408344
Oakridge,7月 2024,146.44428730010992,44,3.32827925682068,4.30082321166992,-22.612972144735554
Oakridge,9月 2024,128.04932975769046,44,2.91021203994751,3.32827925682068,-12.56106187653635
Oakridge,11月 2024,146.63518142700195,44,3.33261775970459,2.91021203994751,14.514602852261525
Renfrew-Collingwood,1月 2012,152.13973402976987,45,3.3808829784393306,NA,NA
Renfrew-Collingwood,3月 2012,308.3057813644407,69,4.46819972991943,3.3808829784393306,32.1607331106746
Renfrew-Collingwood,5月 2012,331.77444505691517,69,4.80832529067993,4.46819972991943,7.612138698344018
Renfrew-Collingwood,7月 2012,331.0868639945982,69,4.7983603477478,4.80832529067993,-0.20724352720987985
Renfrew-Collingwood,9月 2012,322.72853279113775,69,4.67722511291504,4.7983603477478,-2.524513084758572
Renfrew-Collingwood,11月 2012,231.9561195373533,69,3.3616828918457,4.67722511291504,-28.126553443766994
Renfrew-Collingwood,1月 2013,195.55656909942599,69,2.834153175354,3.3616828918457,-15.692429460592724
Renfrew-Collingwood,3月 2013,362.4458312988278,69,5.25283813476562,2.834153175354,85.34065767668022
Renfrew-Collingwood,5月 2013,348.9949650764464,69,5.05789804458618,5.25283813476562,-3.711138344226516
Renfrew-Collingwood,7月 2013,388.8319931030274,69,5.63524627685547,5.05789804458618,11.414785888918141
Renfrew-Collingwood,9月 2013,322.88554000854464,69,4.67950057983398,5.63524627685547,-16.960140694237886
Renfrew-Collingwood,11月 2013,324.7080674171448,69,4.70591402053833,4.67950057983398,0.5644499931932319
Renfrew-Collingwood,1月 2014,271.89019131660456,69,3.9404375553131095,4.70591402053833,-16.266265424408548
Renfrew-Collingwood,3月 2014,308.37017011642473,69,4.46913290023804,3.9404375553131095,13.417173537290578
Renfrew-Collingwood,5月 2014,339.51889514923084,69,4.92056369781494,4.46913290023804,10.10108241696852
Renfrew-Collingwood,7月 2014,361.66072940826405,69,5.24145984649658,4.92056369781494,6.521532255016637
Renfrew-Collingwood,9月 2014,304.12574386596685,69,4.40761947631836,5.24145984649658,-15.908552094233123
Renfrew-Collingwood,11月 2014,303.4943261146543,69,4.39846849441528,4.40761947631836,-0.2076173306758399
Renfrew-Collingwood,1月 2015,283.25658273696877,69,4.10516786575317,4.39846849441528,-6.668244390849046
Renfrew-Collingwood,3月 2015,307.2089023590089,69,4.45230293273926,4.10516786575317,8.456050479251251
Renfrew-Collingwood,5月 2015,319.17369461059565,69,4.62570571899414,4.45230293273926,3.894676280443363
Renfrew-Collingwood,7月 2015,325.85041666030867,69,4.72246980667114,4.62570571899414,2.0918772951696014
Renfrew-Collingwood,9月 2015,277.57375717163075,69,4.02280807495117,4.72246980667114,-14.815589307349327
Renfrew-Collingwood,11月 2015,282.85653018951405,69,4.09937000274658,4.02280807495117,1.9031961348625732
Renfrew-Collingwood,1月 2016,254.69673299789415,69,3.69125699996948,4.09937000274658,-9.95550541921476
Renfrew-Collingwood,3月 2016,296.7665734291078,69,4.30096483230591,3.69125699996948,16.51762075470418
Renfrew-Collingwood,5月 2016,287.8353896141052,69,4.17152738571167,4.30096483230591,-3.0094979066556036
Renfrew-Collingwood,7月 2016,278.9591846466065,69,4.04288673400879,4.17152738571167,-3.0837781898184433
Renfrew-Collingwood,9月 2016,271.04805421829207,69,3.9282326698303196,4.04288673400879,-2.835945494440881
Renfrew-Collingwood,11月 2016,188.46724247932465,69,2.73140931129456,3.9282326698303196,-30.467221754139537
Renfrew-Collingwood,1月 2017,255.78487658500705,69,3.70702719688416,2.73140931129456,35.71847989077854
Renfrew-Collingwood,3月 2017,295.74109125137306,69,4.28610277175903,3.70702719688416,15.621023103407376
Renfrew-Collingwood,5月 2017,314.0828375816346,69,4.55192518234253,4.28610277175903,6.201960726070182
Renfrew-Collingwood,7月 2017,367.6584248542787,69,5.32838296890259,4.55192518234253,17.057788857603224
Renfrew-Collingwood,9月 2017,273.4252560138705,69,3.9626848697662393,5.32838296890259,-25.630629538207227
Renfrew-Collingwood,11月 2017,192.14345526695283,69,2.78468775749207,3.9626848697662393,-29.727246828579133
Renfrew-Collingwood,1月 2018,126.20075297355677,69,1.82899641990662,2.78468775749207,-34.31951517775046
Renfrew-Collingwood,3月 2018,320.61528539657587,69,4.64659833908081,1.82899641990662,154.05180067646296
Renfrew-Collingwood,5月 2018,320.77255582809437,69,4.64887762069702,4.64659833908081,0.049052692956906986
Renfrew-Collingwood,7月 2018,386.6948919296263,69,5.60427379608154,4.64887762069702,20.551114770822366
Renfrew-Collingwood,9月 2018,304.40909385681124,69,4.4117259979248,5.60427379608154,-21.27925653794001
Renfrew-Collingwood,11月 2018,267.1634910106658,69,3.8719346523284894,4.4117259979248,-12.23537785098665
Renfrew-Collingwood,1月 2019,257.4346861839292,69,3.7309374809265106,3.8719346523284894,-3.641517330804809
Renfrew-Collingwood,3月 2019,338.6824994087219,69,4.90844202041626,3.7309374809265106,31.56055402990396
Renfrew-Collingwood,5月 2019,323.29549598693876,69,4.6854419708252,4.90844202041626,-4.543194126843297
Renfrew-Collingwood,7月 2019,384.74250125885015,69,5.57597827911377,4.6854419708252,19.00645262141043
Renfrew-Collingwood,9月 2019,338.31008434295666,69,4.90304470062256,5.57597827911377,-12.068439739298341
Renfrew-Collingwood,11月 2019,327.59496688842796,69,4.74775314331055,4.90304470062256,-3.167247430811551
Renfrew-Collingwood,1月 2020,385.4921021461486,69,5.58684206008911,4.74775314331055,17.67338973722365
Renfrew-Collingwood,3月 2020,338.1621580123903,69,4.90090084075928,5.58684206008911,-12.277798655344297
Renfrew-Collingwood,5月 2020,343.8061923980714,69,4.98269844055176,4.90090084075928,1.6690319280119725
Renfrew-Collingwood,7月 2020,352.1561336517334,69,5.10371208190918,4.98269844055176,2.428676806377623
Renfrew-Collingwood,9月 2020,337.79510593414284,69,4.89558124542236,5.10371208190918,-4.0780285632602356
Renfrew-Collingwood,11月 2020,278.28489589691134,69,4.03311443328857,4.89558124542236,-17.61725051423147
Renfrew-Collingwood,1月 2021,212.69087004661543,69,3.08247637748718,4.03311443328857,-23.570817826417265
Renfrew-Collingwood,3月 2021,339.2343606948852,69,4.9164400100708,3.08247637748718,59.49643753891987
Renfrew-Collingwood,5月 2021,348.26888895034824,69,5.04737520217896,4.9164400100708,2.6632114261529445
Renfrew-Collingwood,7月 2021,369.68168592453,69,5.35770559310913,5.04737520217896,6.148351935401977
Renfrew-Collingwood,9月 2021,334.29652976989735,69,4.84487724304199,5.35770559310913,-9.571790408318053
Renfrew-Collingwood,11月 2021,342.88968086242664,69,4.96941566467285,4.84487724304199,2.570517587617235
Renfrew-Collingwood,1月 2022,242.26848649978635,69,3.51113748550415,4.96941566467285,-29.345063435435165
Renfrew-Collingwood,3月 2022,335.0195460319522,69,4.85535573959351,3.51113748550415,38.284409529362236
Renfrew-Collingwood,5月 2022,382.39989566802996,69,5.54202747344971,4.85535573959351,14.142562783951389
Renfrew-Collingwood,7月 2022,382.8244929313661,69,5.54818105697632,5.54202747344971,0.11103487949293869
Renfrew-Collingwood,9月 2022,338.1149768829343,69,4.90021705627441,5.54818105697632,-11.678854638082806
Renfrew-Collingwood,11月 2022,293.8891167640689,69,4.2592625617981,4.90021705627441,-13.080124556025716
Renfrew-Collingwood,1月 2023,253.5973370075223,69,3.6753237247467,4.2592625617981,-13.709857717831865
Renfrew-Collingwood,3月 2023,346.86464166641264,69,5.02702379226685,3.6753237247467,36.77771452944075
Renfrew-Collingwood,5月 2023,351.25531625747703,69,5.09065675735474,5.02702379226685,1.265817861967897
Renfrew-Collingwood,7月 2023,360.6475524902347,69,5.22677612304688,5.09065675735474,2.6739057881968105
Renfrew-Collingwood,9月 2023,335.2787461280823,69,4.85911226272583,5.22677612304688,-7.034237772302469
Renfrew-Collingwood,11月 2023,297.61583375930803,69,4.31327295303345,4.85911226272583,-11.233313415693324
Renfrew-Collingwood,1月 2024,537.6577262878419,69,7.792140960693361,4.31327295303345,80.65494684757392
Renfrew-Collingwood,3月 2024,349.86682891845726,69,5.07053375244141,7.792140960693361,-34.927592069763804
Renfrew-Collingwood,5月 2024,379.7934508323667,69,5.50425291061401,5.07053375244141,8.553717997908386
Renfrew-Collingwood,7月 2024,310.31301927566517,69,4.49729013442993,5.50425291061401,-18.294267951284084
Renfrew-Collingwood,9月 2024,235.174570083618,69,3.40832710266113,4.49729013442993,-24.21375982465572
Renfrew-Collingwood,11月 2024,271.2200260162352,61,4.44622993469238,3.40832710266113,30.451972500552642
Riley Park,1月 2012,157.0101261138915,50,3.14020252227783,NA,NA
Riley Park,3月 2012,219.542622566223,50,4.39085245132446,3.14020252227783,39.82704682815929
Riley Park,5月 2012,202.0732164382935,50,4.04146432876587,4.39085245132446,-7.957182037697497
Riley Park,7月 2012,190.662086009979,50,3.8132417201995796,4.04146432876587,-5.647027661282911
Riley Park,9月 2012,196.812331676483,50,3.9362466335296604,3.8132417201995796,3.2257308179152853
Riley Park,11月 2012,153.73315811157252,50,3.0746631622314506,3.9362466335296604,-21.888452414518085
Riley Park,1月 2013,129.10493612289451,50,2.58209872245789,3.0746631622314506,-16.020110619729792
Riley Park,3月 2013,215.87896347045898,50,4.31757926940918,2.58209872245789,67.21201369478592
Riley Park,5月 2013,206.643033027649,50,4.13286066055298,4.31757926940918,-4.278291082342454
Riley Park,7月 2013,215.84630012512199,50,4.31692600250244,4.13286066055298,4.453703065925073
Riley Park,9月 2013,190.463364124298,50,3.80926728248596,4.31692600250244,-11.759727169800906
Riley Park,11月 2013,211.15179061889648,50,4.22303581237793,3.80926728248596,10.862155349255007
Riley Park,1月 2014,172.559189796448,50,3.4511837959289604,4.22303581237793,-18.277183778234424
Riley Park,3月 2014,202.02782154083252,50,4.04055643081665,3.4511837959289604,17.077405022094677
Riley Park,5月 2014,207.21480846405052,50,4.14429616928101,4.04055643081665,2.567461690997661
Riley Park,7月 2014,205.724811553955,50,4.1144962310791,4.14429616928101,-0.7190590871086434
Riley Park,9月 2014,182.701277732849,50,3.65402555465698,4.1144962310791,-11.191422972852084
Riley Park,11月 2014,197.24667072296148,50,3.94493341445923,3.65402555465698,7.961297901474541
Riley Park,1月 2015,164.4542574882505,50,3.28908514976501,3.94493341445923,-16.62507818992233
Riley Park,3月 2015,189.8789286613465,50,3.79757857322693,3.28908514976501,15.460026126056642
Riley Park,5月 2015,199.58504438400252,50,3.99170088768005,3.79757857322693,5.111739249365098
Riley Park,7月 2015,200.88453292846702,50,4.01769065856934,3.99170088768005,0.6510951501778306
Riley Park,9月 2015,160.28596162796,50,3.2057192325592,4.01769065856934,-20.209904022309054
Riley Park,11月 2015,177.8163075447085,50,3.5563261508941704,3.2057192325592,10.93691907806513
Riley Park,1月 2016,185.9333992004395,50,3.7186679840087904,3.5563261508941704,4.564874711331026
Riley Park,3月 2016,188.5900020599365,50,3.77180004119873,3.7186679840087904,1.4287927133699718
Riley Park,5月 2016,174.7966527938845,50,3.49593305587769,3.77180004119873,-7.313934522185479
Riley Park,7月 2016,164.9390935897825,50,3.29878187179565,3.49593305587769,-5.639443917570764
Riley Park,9月 2016,157.4876189231875,50,3.1497523784637504,3.29878187179565,-4.517712874746008
Riley Park,11月 2016,146.82639837265,50,2.9365279674530003,3.1497523784637504,-6.769561076250303
Riley Park,1月 2017,189.712703227997,50,3.79425406455994,2.9365279674530003,29.208851630685785
Riley Park,3月 2017,201.93865299224848,50,4.03877305984497,3.79425406455994,6.444454987053937
Riley Park,5月 2017,197.40486145019548,50,3.94809722900391,4.03877305984497,-2.245133101005201
Riley Park,7月 2017,236.7696046829225,50,4.73539209365845,3.94809722900391,19.94112148178204
Riley Park,9月 2017,167.0498847961425,50,3.34099769592285,4.73539209365845,-29.446228953309856
Riley Park,11月 2017,174.60306882858302,50,3.4920613765716606,3.34099769592285,4.521514062495755
Riley Park,1月 2018,218.40400695800798,50,4.36808013916016,3.4920613765716606,25.086007034862966
Riley Park,3月 2018,218.501830101013,50,4.37003660202026,4.36808013916016,0.04478999463770097
Riley Park,5月 2018,189.6581053733825,50,3.79316210746765,4.37003660202026,-13.200678783466529
Riley Park,7月 2018,226.514768600464,50,4.53029537200928,3.79316210746765,19.433212809186973
Riley Park,9月 2018,184.130275249481,50,3.68260550498962,4.53029537200928,-18.711580535281787
Riley Park,11月 2018,170.2049136161805,50,3.40409827232361,3.68260550498962,-7.562776742951588
Riley Park,1月 2019,170.3763604164125,50,3.4075272083282497,3.40409827232361,0.10072964204699636
Riley Park,3月 2019,210.01842021942153,50,4.20036840438843,3.4075272083282497,23.26734748067214
Riley Park,5月 2019,205.71825504303,50,4.1143651008606,4.20036840438843,-2.0475181043161914
Riley Park,7月 2019,211.1663818359375,50,4.22332763671875,4.1143651008606,2.648343868057752
Riley Park,9月 2019,200.2447843551635,50,4.00489568710327,4.22332763671875,-5.172034196835074
Riley Park,11月 2019,192.414629459381,50,3.84829258918762,4.00489568710327,-3.9102915569049554
Riley Park,1月 2020,195.484447479248,50,3.9096889495849596,3.84829258918762,1.5954182010443394
Riley Park,3月 2020,206.74514770507798,50,4.13490295410156,3.9096889495849596,5.760407219620585
Riley Park,5月 2020,213.414454460144,50,4.26828908920288,4.13490295410156,3.225858903629397
Riley Park,7月 2020,197.289443016052,50,3.9457888603210396,4.26828908920288,-7.555726009694169
Riley Park,9月 2020,191.1479592323305,50,3.82295918464661,3.9457888603210396,-3.112930773098585
Riley Park,11月 2020,175.27315616607652,50,3.5054631233215305,3.82295918464661,-8.304981716785669
Riley Park,1月 2021,118.7320947647095,50,2.37464189529419,3.5054631233215305,-32.258825388978956
Riley Park,3月 2021,208.51111412048348,50,4.17022228240967,2.37464189529419,75.61478598831125
Riley Park,5月 2021,210.84754467010498,50,4.2169508934021,4.17022228240967,1.120530461638337
Riley Park,7月 2021,204.1834115982055,50,4.08366823196411,4.2169508934021,-3.160640586223688
Riley Park,9月 2021,192.2110438346865,50,3.84422087669373,4.08366823196411,-5.863535960050655
Riley Park,11月 2021,195.9882140159605,50,3.91976428031921,3.84422087669373,1.9651161067116385
Riley Park,1月 2022,143.4430480003355,50,2.86886096000671,3.91976428031921,-26.810370347752613
Riley Park,3月 2022,214.05246257782,50,4.2810492515564,2.86886096000671,49.22470315697654
Riley Park,5月 2022,215.5516386032105,50,4.31103277206421,4.2810492515564,0.7003778453823943
Riley Park,7月 2022,206.538414955139,50,4.13076829910278,4.31103277206421,-4.181468397307403
Riley Park,9月 2022,204.409694671631,50,4.08819389343262,4.13076829910278,-1.0306655466346815
Riley Park,11月 2022,186.1926794052125,50,3.72385358810425,4.08819389343262,-8.912011387562993
Riley Park,1月 2023,180.52864074707048,50,3.61057281494141,3.72385358810425,-3.0420308017670834
Riley Park,3月 2023,202.71165370941148,50,4.05423307418823,3.61057281494141,12.28780811207707
Riley Park,5月 2023,221.984314918518,50,4.43968629837036,4.05423307418823,9.507426364709167
Riley Park,7月 2023,209.82735157012948,50,4.19654703140259,4.43968629837036,-5.476496550150805
Riley Park,9月 2023,191.182577610016,50,3.82365155220032,4.19654703140259,-8.885769095685287
Riley Park,11月 2023,175.0468373298645,50,3.50093674659729,3.82365155220032,-8.43996376754895
Riley Park,1月 2024,346.046304702759,50,6.92092609405518,3.50093674659729,97.68783599937714
Riley Park,3月 2024,220.7619667053225,50,4.41523933410645,6.92092609405518,-36.20450104359622
Riley Park,5月 2024,230.30018806457502,50,4.6060037612915,4.41523933410645,4.3205908615519535
Riley Park,7月 2024,192.858421802521,50,3.8571684360504204,4.6060037612915,-16.25780967732233
Riley Park,9月 2024,137.78536319732652,50,2.7557072639465305,3.8571684360504204,-28.556211385773448
Riley Park,11月 2024,148.87349987030032,43,3.4621744155883794,2.7557072639465305,25.636509395780166
Shaughnessy,1月 2012,142.81006789207458,43,3.32116436958313,NA,NA
Shaughnessy,3月 2012,166.2221477031706,43,3.8656313419342,3.32116436958313,16.393858049832424
Shaughnessy,5月 2012,153.2394673824312,43,3.56370854377747,3.8656313419342,-7.8104395233318025
Shaughnessy,7月 2012,147.2694823741914,43,3.42487168312073,3.56370854377747,-3.8958534052724447
Shaughnessy,9月 2012,146.84415769577024,43,3.4149804115295406,3.42487168312073,-0.28880707093168356
Shaughnessy,11月 2012,116.70881700515737,43,2.71415853500366,3.4149804115295406,-20.521988183586345
Shaughnessy,1月 2013,118.55074238777142,43,2.75699400901794,2.71415853500366,1.5782229910981322
Shaughnessy,3月 2013,189.02580213546761,43,4.39594888687134,2.75699400901794,59.44716863701879
Shaughnessy,5月 2013,160.2829186916351,43,3.72750973701477,4.39594888687134,-15.20579895396162
Shaughnessy,7月 2013,166.24109339714033,43,3.86607193946838,3.72750973701477,3.7172861301384357
Shaughnessy,9月 2013,140.60137724876407,43,3.2697994709014897,3.86607193946838,-15.423211929390094
Shaughnessy,11月 2013,167.08613491058358,43,3.88572406768799,3.2697994709014897,18.836769724495944
Shaughnessy,1月 2014,156.27265453338617,43,3.63424777984619,3.88572406768799,-6.471799938986112
Shaughnessy,3月 2014,162.22280192375192,43,3.77262330055237,3.63424777984619,3.8075422780346653
Shaughnessy,5月 2014,165.35276794433582,43,3.84541320800781,3.77262330055237,1.9294242137767197
Shaughnessy,7月 2014,160.4904294013979,43,3.7323355674743697,3.84541320800781,-2.9405849103020634
Shaughnessy,9月 2014,133.74930000305162,43,3.1104488372802703,3.7323355674743697,-16.662133373364476
Shaughnessy,11月 2014,154.7128436565401,43,3.59797310829163,3.1104488372802703,15.67375952846868
Shaughnessy,1月 2015,146.66998648643474,43,3.41092991828918,3.59797310829163,-5.198571094692275
Shaughnessy,3月 2015,167.8904349803923,43,3.90442872047424,3.41092991828918,14.468160120762144
Shaughnessy,5月 2015,165.92282009124773,43,3.8586702346801798,3.90442872047424,-1.1719636615238902
Shaughnessy,7月 2015,152.7263240814211,43,3.5517749786376998,3.8586702346801798,-7.95339423628971
Shaughnessy,9月 2015,127.96327686309799,43,2.97589015960693,3.5517749786376998,-16.214000675562307
Shaughnessy,11月 2015,149.51548004150396,43,3.47710418701172,2.97589015960693,16.842490835447798
Shaughnessy,1月 2016,157.74894237518325,43,3.6685800552368195,3.47710418701172,5.50676246459146
Shaughnessy,3月 2016,154.97202444076527,43,3.60400056838989,3.6685800552368195,-1.7603401281851208
Shaughnessy,5月 2016,148.5894887447358,43,3.45556950569153,3.60400056838989,-4.118508304361127
Shaughnessy,7月 2016,139.01828408241255,43,3.23298335075378,3.45556950569153,-6.441373978186148
Shaughnessy,9月 2016,132.79316782951335,43,3.08821320533752,3.23298335075378,-4.4779118761161145
Shaughnessy,11月 2016,134.48102617263802,43,3.12746572494507,3.08821320533752,1.2710430594528896
Shaughnessy,1月 2017,203.1547379493712,43,4.72452878952026,3.12746572494507,51.065725575721224
Shaughnessy,3月 2017,158.74880957603443,43,3.69183278083801,4.72452878952026,-21.858180036344166
Shaughnessy,5月 2017,137.91432833671573,43,3.20730996131897,3.69183278083801,-13.124181085175204
Shaughnessy,7月 2017,163.27237081527716,43,3.79703187942505,3.20730996131897,18.386807799005602
Shaughnessy,9月 2017,123.47591543197653,43,2.87153291702271,3.79703187942505,-24.37427421711508
Shaughnessy,11月 2017,139.7790541648863,43,3.25067567825317,2.87153291702271,13.203496953939371
Shaughnessy,1月 2018,158.78552198410054,43,3.69268655776978,3.25067567825317,13.597507818870918
Shaughnessy,3月 2018,179.83720207214336,43,4.18226051330566,3.69268655776978,13.257934240472359
Shaughnessy,5月 2018,149.2879369258881,43,3.47181248664856,4.18226051330566,-16.98717773311451
Shaughnessy,7月 2018,165.70510864257832,43,3.8536071777343794,3.47181248664856,10.996984789762559
Shaughnessy,9月 2018,134.95842075347892,43,3.13856792449951,3.8536071777343794,-18.555063353791468
Shaughnessy,11月 2018,138.60871672630324,43,3.22345852851868,3.13856792449951,2.704755992582412
Shaughnessy,1月 2019,148.22588109970079,43,3.44711351394653,3.22345852851868,6.938354672446476
Shaughnessy,3月 2019,165.81234455108654,43,3.85610103607178,3.44711351394653,11.864637484972418
Shaughnessy,5月 2019,146.8595972061158,43,3.4153394699096697,3.85610103607178,-11.430239042987193
Shaughnessy,7月 2019,153.12263560295085,43,3.56099152565002,3.4153394699096697,4.264643588831961
Shaughnessy,9月 2019,151.5982043743134,43,3.52553963661194,3.56099152565002,-0.9955622972623842
Shaughnessy,11月 2019,149.80452489852914,43,3.48382616043091,3.52553963661194,-1.1831798952944599
Shaughnessy,1月 2020,154.61148214340216,43,3.59561586380005,3.48382616043091,3.208819792412175
Shaughnessy,3月 2020,176.26587724685677,43,4.09920644760132,3.59561586380005,14.005683668028068
Shaughnessy,5月 2020,146.78744363784784,43,3.41366147994995,4.09920644760132,-16.723845856861438
Shaughnessy,7月 2020,149.6895897388458,43,3.4811532497406,3.41366147994995,1.9771078704511686
Shaughnessy,9月 2020,144.957882165909,43,3.37111353874207,3.4811532497406,-3.161013121347931
Shaughnessy,11月 2020,146.1289372444153,43,3.3983473777771,3.37111353874207,0.807858849073131
Shaughnessy,1月 2021,114.83911895751937,43,2.67067718505859,3.3983473777771,-21.412472352796602
Shaughnessy,3月 2021,183.2913875579836,43,4.2625904083252,2.67067718505859,59.607100108270316
Shaughnessy,5月 2021,170.54066896438601,43,3.9660620689392094,4.2625904083252,-6.956529034711976
Shaughnessy,7月 2021,142.356755256653,43,3.310622215271,3.9660620689392094,-16.526212708605385
Shaughnessy,9月 2021,141.60402274131766,43,3.2931168079376203,3.310622215271,-0.5287648724349191
Shaughnessy,11月 2021,147.30907559394845,43,3.4257924556732195,3.2931168079376203,4.028877670412487
Shaughnessy,1月 2022,122.71835422515852,43,2.8539152145385702,3.4257924556732195,-16.693283336169497
Shaughnessy,3月 2022,168.53792047500608,43,3.91948652267456,2.8539152145385702,37.33717465423284
Shaughnessy,5月 2022,176.35908842086792,43,4.10137414932251,3.91948652267456,4.640598343576752
Shaughnessy,7月 2022,168.77843236923204,43,3.92507982254028,4.10137414932251,-4.298420977060848
Shaughnessy,9月 2022,144.83938956260684,43,3.36835789680481,3.92507982254028,-14.183709654474342
Shaughnessy,11月 2022,142.95205807685866,43,3.3244664669036896,3.36835789680481,-1.303051256600593
Shaughnessy,1月 2023,151.81993460655227,43,3.53069615364075,3.3244664669036896,6.2033919965851485
Shaughnessy,3月 2023,159.19574546813985,43,3.7022266387939498,3.53069615364075,4.8582624414259605
Shaughnessy,5月 2023,169.35510730743425,43,3.93849086761475,3.7022266387939498,6.381679239868649
Shaughnessy,7月 2023,145.91051840782163,43,3.3932678699493404,3.93849086761475,-13.843449584932275
Shaughnessy,9月 2023,156.56461095809956,43,3.64103746414185,3.3932678699493404,7.301798846673689
Shaughnessy,11月 2023,138.17760992050185,43,3.21343278884888,3.64103746414185,-11.744033932750305
Shaughnessy,1月 2024,238.5690174102783,43,5.54811668395996,3.21343278884888,72.65388911237858
Shaughnessy,3月 2024,170.486938238144,43,3.9648125171661395,5.54811668395996,-28.537686876184075
Shaughnessy,5月 2024,173.5345807075502,43,4.0356879234314,3.9648125171661395,1.7876105353884162
Shaughnessy,7月 2024,133.73922228813186,43,3.1102144718170197,4.0356879234314,-22.932235325755407
Shaughnessy,9月 2024,107.32808423042314,43,2.49600195884705,3.1102144718170197,-19.748236609906215
Shaughnessy,11月 2024,123.75923681259162,41,3.01851797103882,2.49600195884705,20.934118674855938
South Cambie,1月 2012,86.41666603088376,24,3.60069441795349,NA,NA
South Cambie,3月 2012,119.36511611938488,24,4.97354650497437,3.60069441795349,38.12742564811044
South Cambie,5月 2012,114.95157623291016,24,4.78964900970459,4.97354650497437,-3.69751233020244
South Cambie,7月 2012,108.46786880493168,24,4.51949453353882,4.78964900970459,-5.64038148971655
South Cambie,9月 2012,113.67019271850575,24,4.73625802993774,4.51949453353882,4.796188927552282
South Cambie,11月 2012,82.68340301513665,24,3.44514179229736,4.73625802993774,-27.260259670804967
South Cambie,1月 2013,70.98641967773449,24,2.9577674865722705,3.44514179229736,-14.146712533421992
South Cambie,3月 2013,119.46973800659184,24,4.97790575027466,2.9577674865722705,68.2994276214561
South Cambie,5月 2013,122.98736572265616,24,5.12447357177734,4.97790575027466,2.9443671466578736
South Cambie,7月 2013,118.34698104858407,24,4.93112421035767,5.12447357177734,-3.7730580265752165
South Cambie,9月 2013,104.90412139892567,24,4.37100505828857,4.93112421035767,-11.358853035836885
South Cambie,11月 2013,107.07854461669919,24,4.4616060256958,4.37100505828857,2.072771964320356
South Cambie,1月 2014,98.79927062988287,24,4.11663627624512,4.4616060256958,-7.7319635006742
South Cambie,3月 2014,114.0223960876464,24,4.7509331703186,4.11663627624512,15.408135465687463
South Cambie,5月 2014,132.28903198242193,24,5.512042999267581,4.7509331703186,16.020217537556743
South Cambie,7月 2014,125.25006866455081,24,5.21875286102295,5.512042999267581,-5.320897138930192
South Cambie,9月 2014,109.99203872680656,24,4.58300161361694,5.21875286102295,-12.182053152089559
South Cambie,11月 2014,113.38373565673824,24,4.72432231903076,4.58300161361694,3.0835840204360907
South Cambie,1月 2015,115.24246215820321,24,4.8017692565918,4.72432231903076,1.6393237448906632
South Cambie,3月 2015,118.46632003784184,24,4.93609666824341,4.8017692565918,2.7974566138763706
South Cambie,5月 2015,115.87549209594721,24,4.8281455039978,4.93609666824341,-2.1869742734196915
South Cambie,7月 2015,131.1492805480956,24,5.46455335617065,4.8281455039978,13.181206979903392
South Cambie,9月 2015,100.74708938598624,24,4.19779539108276,5.46455335617065,-23.181363279351075
South Cambie,11月 2015,107.98673629760737,24,4.49944734573364,4.19779539108276,7.185961357041585
South Cambie,1月 2016,106.64972305297847,24,4.44373846054077,4.49944734573364,-1.2381272834694503
South Cambie,3月 2016,125.28548812866215,24,5.22022867202759,4.44373846054077,17.47380540915828
South Cambie,5月 2016,104.69682312011713,24,4.36236763000488,5.22022867202759,-16.43339968265236
South Cambie,7月 2016,105.72482299804679,24,4.40520095825195,4.36236763000488,0.981882589455706
South Cambie,9月 2016,94.11479759216304,24,3.92144989967346,4.40520095825195,-10.98136187572358
South Cambie,11月 2016,92.99831199646007,24,3.87492966651917,3.92144989967346,-1.1863018614151863
South Cambie,1月 2017,115.31398773193368,24,4.80474948883057,3.87492966651917,23.995785790523847
South Cambie,3月 2017,121.12742614746097,24,5.04697608947754,4.80474948883057,5.041399165764324
South Cambie,5月 2017,104.66223907470697,24,4.36092662811279,5.04697608947754,-13.593277423982586
South Cambie,7月 2017,125.0817947387695,24,5.21174144744873,4.36092662811279,19.509954922221038
South Cambie,9月 2017,98.71871566772472,24,4.11327981948853,5.21174144744873,-21.076671570074193
South Cambie,11月 2017,84.0712566375732,24,3.50296902656555,4.11327981948853,-14.837570496209754
South Cambie,1月 2018,115.8379554748536,24,4.8265814781189,3.50296902656555,37.785445475407826
South Cambie,3月 2018,133.99508285522472,24,5.58312845230103,4.8265814781189,15.674592413116882
South Cambie,5月 2018,114.26251602172847,24,4.76093816757202,5.58312845230103,-14.726336528942886
South Cambie,7月 2018,133.07942962646496,24,5.54497623443604,4.76093816757202,16.468142186855225
South Cambie,9月 2018,111.02506256103504,24,4.62604427337646,5.54497623443604,-16.572333626115903
South Cambie,11月 2018,104.6685333251952,24,4.3611888885498,4.62604427337646,-5.725310204031993
South Cambie,1月 2019,119.90326309204104,24,4.99596929550171,4.3611888885498,14.555214717218757
South Cambie,3月 2019,126.68935775756832,24,5.27872323989868,4.99596929550171,5.659641356314121
South Cambie,5月 2019,129.5280761718749,24,5.397003173828121,5.27872323989868,2.2406920869697076
South Cambie,7月 2019,126.75228881835935,24,5.28134536743164,5.397003173828121,-2.1430005258722904
South Cambie,9月 2019,124.66357040405279,24,5.1943154335022,5.28134536743164,-1.647874317520029
South Cambie,11月 2019,128.75054168701178,24,5.364605903625491,5.1943154335022,3.27840063437339
South Cambie,1月 2020,127.21574020385737,24,5.30065584182739,5.364605903625491,-1.1920738064818983
South Cambie,3月 2020,129.46934509277352,24,5.39455604553223,5.30065584182739,1.7714827467928629
South Cambie,5月 2020,131.34391021728504,24,5.47266292572021,5.39455604553223,1.4478833759205891
South Cambie,7月 2020,121.89865493774425,24,5.07911062240601,5.47266292572021,-7.191239596807582
South Cambie,9月 2020,120.1341361999512,24,5.0055890083313,5.07911062240601,-1.4475292928328243
South Cambie,11月 2020,110.33536148071295,24,4.59730672836304,5.0055890083313,-8.156528218531628
South Cambie,1月 2021,74.03582954406744,24,3.08482623100281,4.59730672836304,-32.89927313374581
South Cambie,3月 2021,133.70763015747073,24,5.57115125656128,3.08482623100281,80.59854394943407
South Cambie,5月 2021,132.67363357543942,24,5.52806806564331,5.57115125656128,-0.7733265340306531
South Cambie,7月 2021,121.18932723999023,24,5.04955530166626,5.52806806564331,-8.65605774557996
South Cambie,9月 2021,117.78572845458984,24,4.90773868560791,5.04955530166626,-2.8084971366003804
South Cambie,11月 2021,118.79390716552729,24,4.94974613189697,4.90773868560791,0.8559430112334204
South Cambie,1月 2022,84.67725563049312,24,3.52821898460388,4.94974613189697,-28.719193053812145
South Cambie,3月 2022,129.4710502624512,24,5.3946270942688,3.52821898460388,52.899440703918344
South Cambie,5月 2022,130.19755554199224,24,5.4248981475830105,5.3946270942688,0.5611333792908585
South Cambie,7月 2022,126.62973403930656,24,5.27623891830444,5.4248981475830105,-2.7403137392506394
South Cambie,9月 2022,115.88326263427729,24,4.82846927642822,5.27623891830444,-8.486530818815044
South Cambie,11月 2022,102.86771392822271,24,4.28615474700928,4.82846927642822,-11.231603607098194
South Cambie,1月 2023,107.43064498901376,24,4.47627687454224,4.28615474700928,4.435727097012072
South Cambie,3月 2023,112.2474174499512,24,4.6769757270813,4.47627687454224,4.483611227904307
South Cambie,5月 2023,133.10744476318368,24,5.54614353179932,4.6769757270813,18.5839708272429
South Cambie,7月 2023,119.01777648925777,24,4.95907402038574,5.54614353179932,-10.585184246450943
South Cambie,9月 2023,120.91822814941418,24,5.03825950622559,4.95907402038574,1.5967796712518225
South Cambie,11月 2023,120.82962799072271,24,5.03456783294678,5.03825950622559,-0.07327278942755343
South Cambie,1月 2024,204.93486785888663,24,8.53895282745361,5.03456783294678,69.60647091839222
South Cambie,3月 2024,130.25362014770496,24,5.4272341728210405,8.53895282745361,-36.441455029802654
South Cambie,5月 2024,137.8036422729492,24,5.74181842803955,5.4272341728210405,5.796400988074384
South Cambie,7月 2024,98.4561195373536,24,4.1023383140564,5.74181842803955,-28.55332564988342
South Cambie,9月 2024,87.49018478393543,24,3.6454243659973096,4.1023383140564,-11.137890468309354
South Cambie,11月 2024,118.18414306640616,24,4.92433929443359,3.6454243659973096,35.08274483391722
Strathcona,1月 2012,299.0294008255004,42,7.11974763870239,NA,NA
Strathcona,3月 2012,345.54670715332026,42,8.22730255126953,7.11974763870239,15.556097895191648
Strathcona,5月 2012,326.3962354660035,42,7.77133893966675,8.22730255126953,-5.542079056426839
Strathcona,7月 2012,455.1720199584978,42,10.8374290466309,7.77133893966675,39.45382038755384
Strathcona,9月 2012,381.28633689880354,42,9.07824611663818,10.8374290466309,-16.23247471723571
Strathcona,11月 2012,232.01888179779044,33,7.03087520599365,9.07824611663818,-22.552493998727417
Strathcona,1月 2013,250.4002380371092,40,6.26000595092773,7.03087520599365,-10.96405827838862
Strathcona,3月 2013,438.323289871215,42,10.4362688064575,6.26000595092773,66.7134007262541
Strathcona,5月 2013,502.0156288146972,42,11.9527530670166,10.4362688064575,14.530904566397968
Strathcona,7月 2013,562.7530403137188,42,13.3988819122314,11.9527530670166,12.09870928569055
Strathcona,9月 2013,458.68770790100154,42,10.9211359024048,13.3988819122314,-18.492184840921293
Strathcona,11月 2013,508.32534599304364,42,12.1029844284058,10.9211359024048,10.82166302628614
Strathcona,1月 2014,380.4874534606933,42,9.05922508239746,12.1029844284058,-25.148833033814487
Strathcona,3月 2014,468.9211463928222,42,11.1647891998291,9.05922508239746,23.242209993466883
Strathcona,5月 2014,511.21158027649085,42,12.1717042922974,11.1647891998291,9.018666402440573
Strathcona,7月 2014,524.8040542602522,42,12.4953346252441,12.1717042922974,2.6588744285506642
Strathcona,9月 2014,422.4167175292974,42,10.0575408935547,12.4953346252441,-19.509631432873906
Strathcona,11月 2014,434.1408176422128,42,10.3366861343384,10.0575408935547,2.775482036196228
Strathcona,1月 2015,426.8694362640372,42,10.1635580062866,10.3366861343384,-1.6748900547214063
Strathcona,3月 2015,493.27817916869935,42,11.7447185516357,10.1635580062866,15.557155716247044
Strathcona,5月 2015,488.73321914672886,41,11.9203224182129,11.7447185516357,1.4951730499556621
Strathcona,7月 2015,577.1153049469013,41,14.0759830474854,11.9203224182129,18.083912109448445
Strathcona,9月 2015,423.0956783294682,42,10.0737066268921,14.0759830474854,-28.43337056525004
Strathcona,11月 2015,434.91783142089656,42,10.3551864624023,10.0737066268921,2.7942032256406883
Strathcona,1月 2016,418.27421951293945,42,9.95890998840332,10.3551864624023,-3.826840544472889
Strathcona,3月 2016,484.96618461608966,41,11.8284435272217,9.95890998840332,18.772471495327927
Strathcona,5月 2016,472.51806449890137,42,11.2504301071167,11.8284435272217,-4.886639723770703
Strathcona,7月 2016,436.002742767333,42,10.3810176849365,11.2504301071167,-7.727814971538141
Strathcona,9月 2016,413.7397499084472,42,9.8509464263916,10.3810176849365,-5.106158901107228
Strathcona,11月 2016,328.24644470214827,42,7.815391540527339,9.8509464263916,-20.663546402108327
Strathcona,1月 2017,465.8668842315684,42,11.0920686721802,7.815391540527339,41.925949770544314
Strathcona,3月 2017,430.7574691772478,42,10.2561302185059,11.0920686721802,-7.536362047332986
Strathcona,5月 2017,435.1161403656018,42,10.3599081039429,10.2561302185059,1.0118620105831448
Strathcona,7月 2017,512.1891860961917,42,12.1949806213379,10.3599081039429,17.713212308288583
Strathcona,9月 2017,429.33017349243,42,10.222146987915,12.1949806213379,-16.17742327503971
Strathcona,11月 2017,360.73078155517555,40,9.01826953887939,10.222146987915,-11.777148679811384
Strathcona,1月 2018,468.4660091400156,42,11.1539525985718,9.01826953887939,23.681739057422224
Strathcona,3月 2018,470.539541244507,42,11.2033224105835,11.1539525985718,0.4426216767141429
Strathcona,5月 2018,507.85927391052417,42,12.0918874740601,11.2033224105835,7.931263877911738
Strathcona,7月 2018,526.7501735687267,42,12.541670799255398,12.0918874740601,3.7197114690339927
Strathcona,9月 2018,410.5120525360109,42,9.77409648895264,12.541670799255398,-22.067030418842354
Strathcona,11月 2018,354.68574142456055,42,8.44489860534668,9.77409648895264,-13.599189297019032
Strathcona,1月 2019,336.09665107727056,42,8.00230121612549,8.44489860534668,-5.241002999621215
Strathcona,3月 2019,471.165910720827,42,11.2182359695435,8.00230121612549,40.18762436657043
Strathcona,5月 2019,437.014835357667,42,10.4051151275635,11.2182359695435,-7.248205904988538
Strathcona,7月 2019,532.4262714385986,42,12.6768159866333,10.4051151275635,21.832539392591528
Strathcona,9月 2019,429.9874649047866,42,10.2377967834473,12.6768159866333,-19.239998480357798
Strathcona,11月 2019,419.09685516357416,42,9.97849655151367,10.2377967834473,-2.532773773678256
Strathcona,1月 2020,413.4415998458878,41,10.0839414596558,9.97849655151367,1.056721396833428
Strathcona,3月 2020,488.74423027038415,42,11.6367673873901,10.0839414596558,15.398997841735802
Strathcona,5月 2020,448.4613990783696,42,10.6776523590088,11.6367673873901,-8.242108795786546
Strathcona,7月 2020,493.7564277648912,42,11.7561054229736,10.6776523590088,10.1000952990842
Strathcona,9月 2020,453.23847770691,42,10.791392326355,11.7561054229736,-8.206060271740787
Strathcona,11月 2020,372.859390258789,41,9.09413146972656,10.791392326355,-15.727913556468035
Strathcona,1月 2021,209.80549621582028,42,4.99536895751953,9.09413146972656,-45.07041190081091
Strathcona,3月 2021,458.04663848876936,42,10.9058723449707,4.99536895751953,118.31965642005456
Strathcona,5月 2021,447.05308914184377,42,10.6441211700439,10.9058723449707,-2.400093881967254
Strathcona,7月 2021,539.1975746154774,42,12.8380374908447,10.6441211700439,20.61153086997179
Strathcona,9月 2021,445.59755516052417,42,10.6094655990601,12.8380374908447,-17.35913213662042
Strathcona,11月 2021,471.7656841278066,42,11.2325162887573,10.6094655990601,5.872592581405763
Strathcona,1月 2022,300.3860206604002,42,7.15204811096191,11.2325162887573,-36.327284758799394
Strathcona,3月 2022,460.94685173034543,42,10.9749250411987,7.15204811096191,53.45149908006751
Strathcona,5月 2022,484.14363098144395,42,11.527229309082,10.9749250411987,5.032419499996652
Strathcona,7月 2022,512.7208127975466,39,13.1466875076294,11.527229309082,14.048980506282392
Strathcona,9月 2022,512.1134433746352,42,12.193177223205598,13.1466875076294,-7.252855777323771
Strathcona,11月 2022,343.68542289733887,42,8.18298625946045,12.193177223205598,-32.888810605599204
Strathcona,1月 2023,372.2173185348513,41,9.07847118377686,8.18298625946045,10.943253427575181
Strathcona,3月 2023,517.8567924499494,42,12.3299236297607,9.07847118377686,35.81497787638686
Strathcona,5月 2023,622.854108810423,42,14.8298597335815,12.3299236297607,20.27535756820677
Strathcona,7月 2023,641.1672649383539,42,15.265887260436998,14.8298597335815,2.9401999391007987
Strathcona,9月 2023,512.7356472015372,42,12.2079916000366,15.265887260436998,-20.03090687250931
Strathcona,11月 2023,499.2612533569332,42,11.8871726989746,12.2079916000366,-2.627941692399571
Strathcona,1月 2024,751.2827224731444,42,17.8876838684082,11.8871726989746,50.478876023658756
Strathcona,3月 2024,553.5608139038083,42,13.1800193786621,17.8876838684082,-26.317909710269422
Strathcona,5月 2024,646.8267402648912,42,15.4006366729736,13.1800193786621,16.84836137575478
Strathcona,7月 2024,460.0456295013432,42,10.9534673690796,15.4006366729736,-28.876528927523406
Strathcona,9月 2024,396.64933204650896,42,9.44403171539307,10.9534673690796,-13.780436850047106
Strathcona,11月 2024,517.6212463378896,41,12.6249084472656,9.44403171539307,33.68134317770172
Sunset,1月 2012,236.8606812953951,61,3.8829619884491,NA,NA
Sunset,3月 2012,272.4827828407291,61,4.46693086624146,3.8829619884491,15.039263313149366
Sunset,5月 2012,314.2064638137815,61,5.1509256362915,4.46693086624146,15.312410031220452
Sunset,7月 2012,319.339865684509,61,5.23507976531982,5.1509256362915,1.6337671123691018
Sunset,9月 2012,291.60482406616234,61,4.7804069519043,5.23507976531982,-8.685117205425096
Sunset,11月 2012,236.58193993568446,61,3.87839245796204,4.7804069519043,-18.868989670072715
Sunset,1月 2013,183.07116150855992,61,3.00116658210754,3.87839245796204,-22.618285420126146
Sunset,3月 2013,322.2949953079224,61,5.28352451324463,3.00116658210754,76.04902522719436
Sunset,5月 2013,315.7357745170593,61,5.17599630355835,5.28352451324463,-2.035160609489569
Sunset,7月 2013,365.6975235939029,61,5.99504137039185,5.17599630355835,15.823911355393172
Sunset,9月 2013,289.52664041519176,61,4.74633836746216,5.99504137039185,-20.82893054077577
Sunset,11月 2013,270.8616065979006,56,4.83681440353394,4.74633836746216,1.906228108219706
Sunset,1月 2014,272.2947058677671,61,4.46384763717651,4.83681440353394,-7.711000159214869
Sunset,3月 2014,298.6180357933044,61,4.89537763595581,4.46384763717651,9.667220609981495
Sunset,5月 2014,315.4846076965335,61,5.17187881469727,4.89537763595581,5.648209378385867
Sunset,7月 2014,342.5116991996767,61,5.61494588851929,5.17187881469727,8.566849489259623
Sunset,9月 2014,290.4801726341246,61,4.76197004318237,5.61494588851929,-15.191167684820853
Sunset,11月 2014,283.5682711601257,61,4.64866018295288,4.76197004318237,-2.379474444441627
Sunset,1月 2015,247.87029600143433,61,4.06344747543335,4.64866018295288,-12.588846774938856
Sunset,3月 2015,274.1013035774231,61,4.49346399307251,4.06344747543335,10.58255385947374
Sunset,5月 2015,277.5800585746767,61,4.55049276351929,4.49346399307251,1.269149380849612
Sunset,7月 2015,323.5930056571958,61,5.30480337142944,4.55049276351929,16.576459893692398
Sunset,9月 2015,238.03853297233556,61,3.90227103233337,5.30480337142944,-26.438912828509636
Sunset,11月 2015,252.87231159210228,61,4.14544773101807,3.90227103233337,6.231671164554964
Sunset,1月 2016,235.86040616035464,61,3.86656403541565,4.14544773101807,-6.7274686281939875
Sunset,3月 2016,268.3792958259582,61,4.39966058731079,3.86656403541565,13.787345741910961
Sunset,5月 2016,264.4796509742734,61,4.33573198318481,4.39966058731079,-1.4530349070643942
Sunset,7月 2016,278.40572404861445,61,4.56402826309204,4.33573198318481,5.265461075376139
Sunset,9月 2016,254.87606143951393,61,4.17829608917236,4.56402826309204,-8.45157285810396
Sunset,11月 2016,211.47236967086803,61,3.46676015853882,4.17829608917236,-17.029332422788666
Sunset,1月 2017,209.3914663791658,61,3.43264698982239,3.46676015853882,-0.984007175472108
Sunset,3月 2017,284.7026085853579,61,4.66725587844849,3.43264698982239,35.9666721421296
Sunset,5月 2017,290.5985279083251,61,4.7639102935791,4.66725587844849,2.0709045667909725
Sunset,7月 2017,336.3722629547122,61,5.5142993927002,4.7639102935791,15.751537138146587
Sunset,9月 2017,249.3320374488831,61,4.08741044998169,5.5142993927002,-25.876160162928716
Sunset,11月 2017,262.31856918334984,61,4.3003044128418,4.08741044998169,5.208529103336411
Sunset,1月 2018,273.8831505775454,61,4.48988771438599,4.3003044128418,4.408601888230182
Sunset,3月 2018,322.70628643035883,61,5.29026699066162,4.48988771438599,17.826264868743728
Sunset,5月 2018,318.55404949188244,61,5.22219753265381,5.29026699066162,-1.2866922998019958
Sunset,7月 2018,381.93340063095076,61,6.26120328903198,5.22219753265381,19.895948973231746
Sunset,9月 2018,287.5867657661441,61,4.71453714370728,6.26120328903198,-24.702378663124737
Sunset,11月 2018,267.078900337219,61,4.378342628479,4.71453714370728,-7.131018485600744
Sunset,1月 2019,227.6327221393585,61,3.73168396949768,4.378342628479,-14.769485027853198
Sunset,3月 2019,298.25153875350946,61,4.88936948776245,3.73168396949768,31.02313935819719
Sunset,5月 2019,314.1886625289915,61,5.15063381195068,4.88936948776245,5.343517703911423
Sunset,7月 2019,336.6869850158689,61,5.51945877075195,5.15063381195068,7.160768407676527
Sunset,9月 2019,293.67451429367065,61,4.81433629989624,5.51945877075195,-12.775210399110314
Sunset,11月 2019,284.36732196807867,61,4.66175937652588,4.81433629989624,-3.1692203009093656
Sunset,1月 2020,355.29840278625494,61,5.82456398010254,4.66175937652588,24.94347111590359
Sunset,3月 2020,317.22375249862677,61,5.20038938522339,5.82456398010254,-10.716245834218855
Sunset,5月 2020,309.9143180847165,61,5.08056259155273,5.20038938522339,-2.3041888749934887
Sunset,7月 2020,343.01857042312594,61,5.62325525283813,5.08056259155273,10.681743438959224
Sunset,9月 2020,295.66703653335566,61,4.84700059890747,5.62325525283813,-13.804364536695621
Sunset,11月 2020,271.618896961212,61,4.45276880264282,4.84700059890747,-8.133520683977455
Sunset,1月 2021,229.56250357627889,61,3.76331973075867,4.45276880264282,-15.483603628262616
Sunset,3月 2021,292.45498085021984,61,4.79434394836426,3.76331973075867,27.39666813794052
Sunset,5月 2021,326.37765598297125,61,5.35045337677002,4.79434394836426,11.599281036052805
Sunset,7月 2021,368.25654554367065,61,6.03699254989624,5.35045337677002,12.831420531705897
Sunset,9月 2021,299.3852653503415,61,4.90795516967773,6.03699254989624,-18.70198399098431
Sunset,11月 2021,325.46775436401373,61,5.33553695678711,4.90795516967773,8.712014929375497
Sunset,1月 2022,244.98456811904924,61,4.01614046096802,5.33553695678711,-24.728467003508275
Sunset,3月 2022,314.91156339645414,61,5.16248464584351,4.01614046096802,28.543428598092007
Sunset,5月 2022,312.751645088196,61,5.12707614898682,5.16248464584351,-0.6858809136642936
Sunset,7月 2022,388.23022699356073,61,6.36442995071411,5.12707614898682,24.133712193289902
Sunset,9月 2022,297.44059133529674,61,4.87607526779175,6.36442995071411,-23.385514405031078
Sunset,11月 2022,260.3651981353761,61,4.26828193664551,4.87607526779175,-12.464806176412743
Sunset,1月 2023,237.6368551254274,61,3.89568614959717,4.26828193664551,-8.729408988881522
Sunset,3月 2023,296.2689061164856,61,4.85686731338501,3.89568614959717,24.672962011768572
Sunset,5月 2023,335.8657116889955,61,5.50599527359009,4.85686731338501,13.365157380687593
Sunset,7月 2023,382.3700847625735,61,6.26836204528809,5.50599527359009,13.846121070149641
Sunset,9月 2023,302.0425143241882,61,4.95151662826538,6.26836204528809,-21.007807263024628
Sunset,11月 2023,276.9309515953066,61,4.53985166549683,4.95151662826538,-8.313916597161164
Sunset,1月 2024,433.87112140655506,61,7.11264133453369,4.53985166549683,56.67122757754907
Sunset,3月 2024,328.73399925231905,61,5.38908195495605,7.11264133453369,-24.232339274712455
Sunset,5月 2024,373.78035402297957,61,6.12754678726196,5.38908195495605,13.702980182492555
Sunset,7月 2024,295.1191816329953,61,4.83801937103271,6.12754678726196,-21.04475838372935
Sunset,9月 2024,228.38773512840277,61,3.74406123161316,4.83801937103271,-22.611694074016015
Sunset,11月 2024,275.61296653747576,54,5.10394382476807,3.74406123161316,36.32105644193733
Victoria-Fraserview,1月 2012,139.5138816833496,48,2.90653920173645,NA,NA
Victoria-Fraserview,3月 2012,173.17810821533183,48,3.60787725448608,2.90653920173645,24.129660880907103
Victoria-Fraserview,5月 2012,191.22727203369118,48,3.9839015007018994,3.60787725448608,10.422312614661882
Victoria-Fraserview,7月 2012,192.24030303955055,48,4.00500631332397,3.9839015007018994,0.5297523700912894
Victoria-Fraserview,9月 2012,184.45128250122048,48,3.8427350521087598,4.00500631332397,-4.051710497318361
Victoria-Fraserview,11月 2012,126.2909853458406,45,2.80646634101868,3.8427350521087598,-26.96695705110899
Victoria-Fraserview,1月 2013,113.67475891113264,48,2.36822414398193,2.80646634101868,-15.61544461201977
Victoria-Fraserview,3月 2013,188.52795410156256,48,3.92766571044922,2.36822414398193,65.84856295930022
Victoria-Fraserview,5月 2013,191.05850601196272,48,3.98038554191589,3.92766571044922,1.3422688017061457
Victoria-Fraserview,7月 2013,202.44534301757807,48,4.21761131286621,3.98038554191589,5.959869174786911
Victoria-Fraserview,9月 2013,164.3190193176269,48,3.42331290245056,4.21761131286621,-18.832897379437732
Victoria-Fraserview,11月 2013,176.06640625,47,3.74609375,3.42331290245056,9.428902841992004
Victoria-Fraserview,1月 2014,162.37302017211937,48,3.3827712535858203,3.74609375,-9.698702719711157
Victoria-Fraserview,3月 2014,177.14527130126976,48,3.69052648544312,3.3827712535858203,9.09772517225549
Victoria-Fraserview,5月 2014,186.54523086547874,48,3.8863589763641406,3.69052648544312,5.306356469556863
Victoria-Fraserview,7月 2014,197.625,48,4.1171875,3.8863589763641406,5.939454513587151
Victoria-Fraserview,9月 2014,169.27505493164065,48,3.52656364440918,4.1171875,-14.345323247746668
Victoria-Fraserview,11月 2014,169.95457077026353,48,3.54072022438049,3.52656364440918,0.4014270377270232
Victoria-Fraserview,1月 2015,145.55280303955055,48,3.0323500633239697,3.54072022438049,-14.357817868692758
Victoria-Fraserview,3月 2015,167.15703964233407,48,3.48243832588196,3.0323500633239697,14.842885984760514
Victoria-Fraserview,5月 2015,163.78649139404303,48,3.41221857070923,3.48243832588196,-2.0163962316531805
Victoria-Fraserview,7月 2015,183.11298751831058,48,3.81485390663147,3.41221857070923,11.799810814538548
Victoria-Fraserview,9月 2015,147.34142303466817,48,3.06961297988892,3.81485390663147,-19.535241584142355
Victoria-Fraserview,11月 2015,152.17326736450175,48,3.17027640342712,3.06961297988892,3.27935228961153
Victoria-Fraserview,1月 2016,150.34996032714864,48,3.1322908401489298,3.17027640342712,-1.1981782798852252
Victoria-Fraserview,3月 2016,160.00012207031233,48,3.33333587646484,3.1322908401489298,6.418466438012871
Victoria-Fraserview,5月 2016,152.91267013549825,48,3.18568062782288,3.33333587646484,-4.42965407970095
Victoria-Fraserview,7月 2016,149.47746276855457,48,3.1141138076782204,3.18568062782288,-2.246515847182361
Victoria-Fraserview,9月 2016,143.71616363525376,48,2.99408674240112,3.1141138076782204,-3.8542928322388024
Victoria-Fraserview,11月 2016,115.23177337646496,48,2.40066194534302,2.99408674240112,-19.819893280119224
Victoria-Fraserview,1月 2017,121.62962722778303,48,2.53395056724548,2.40066194534302,5.552161234572119
Victoria-Fraserview,3月 2017,161.83712768554705,48,3.37160682678223,2.53395056724548,33.057324415263594
Victoria-Fraserview,5月 2017,161.17307281494146,48,3.3577723503112806,3.37160682678223,-0.41032294634878097
Victoria-Fraserview,7月 2017,197.20193481445295,48,4.10837364196777,3.3577723503112806,22.354144752752674
Victoria-Fraserview,9月 2017,149.50386428833008,48,3.11466383934021,4.10837364196777,-24.18742522531634
Victoria-Fraserview,11月 2017,121.66120147705057,48,2.53460836410522,3.11466383934021,-18.6233733447737
Victoria-Fraserview,1月 2018,104.53120422363264,48,2.17773342132568,2.53460836410522,-14.080082265708372
Victoria-Fraserview,3月 2018,165.14483642578128,48,3.44051742553711,2.17773342132568,57.98616083334565
Victoria-Fraserview,5月 2018,157.8866386413576,48,3.28930497169495,3.44051742553711,-4.395049788726292
Victoria-Fraserview,7月 2018,206.4513473510741,48,4.30106973648071,3.28930497169495,30.75922644729433
Victoria-Fraserview,9月 2018,151.30603408813488,48,3.15220904350281,4.30106973648071,-26.711045469305493
Victoria-Fraserview,11月 2018,153.18752288818368,48,3.19140672683716,3.15220904350281,1.2434988540859189
Victoria-Fraserview,1月 2019,140.3898582458496,48,2.9247887134552,3.19140672683716,-8.354247396294463
Victoria-Fraserview,3月 2019,165.89076232910162,48,3.4560575485229506,2.9247887134552,18.164349192941728
Victoria-Fraserview,5月 2019,167.171585083008,48,3.482741355896,3.4560575485229506,0.7720880511510482
Victoria-Fraserview,7月 2019,191.8696403503416,48,3.99728417396545,3.482741355896,14.774074945254565
Victoria-Fraserview,9月 2019,178.15996170043968,48,3.71166586875916,3.99728417396545,-7.145308984198296
Victoria-Fraserview,11月 2019,173.8036079406739,48,3.62090849876404,3.71166586875916,-2.4451923530891864
Victoria-Fraserview,1月 2020,199.77042388916016,48,4.16188383102417,3.62090849876404,14.940320431869141
Victoria-Fraserview,3月 2020,170.81409072876,48,3.5586268901825,4.16188383102417,-14.494804884864326
Victoria-Fraserview,5月 2020,165.1006507873536,48,3.4395968914032,3.5586268901825,-3.34482940899701
Victoria-Fraserview,7月 2020,178.25725936889663,48,3.71369290351868,3.4395968914032,7.968841139511005
Victoria-Fraserview,9月 2020,162.8681488037107,48,3.3930864334106396,3.71369290351868,-8.633090523028153
Victoria-Fraserview,11月 2020,141.67798233032207,48,2.95162463188171,3.3930864334106396,-13.01062646627555
Victoria-Fraserview,1月 2021,131.6390991210936,48,2.74248123168945,2.95162463188171,-7.085704528049268
Victoria-Fraserview,3月 2021,170.96904373168942,48,3.56185507774353,2.74248123168945,29.877099488820246
Victoria-Fraserview,5月 2021,183.31832885742193,48,3.8191318511962904,3.56185507774353,7.223111772861571
Victoria-Fraserview,7月 2021,190.401512145996,48,3.96669816970825,3.8191318511962904,3.8638707502527483
Victoria-Fraserview,9月 2021,162.92798995971697,48,3.39433312416077,3.96669816970825,-14.429256299820194
Victoria-Fraserview,11月 2021,169.33140563964864,48,3.5277376174926798,3.39433312416077,3.9302121639841445
Victoria-Fraserview,1月 2022,146.50520324707009,48,3.05219173431396,3.5277376174926798,-13.480194241790336
Victoria-Fraserview,3月 2022,174.081813812256,48,3.626704454422,3.05219173431396,18.82295642338384
Victoria-Fraserview,5月 2022,194.54187011718767,48,4.05295562744141,3.626704454422,11.753126795310997
Victoria-Fraserview,7月 2022,201.4143447875976,48,4.19613218307495,4.05295562744141,3.5326455257524345
Victoria-Fraserview,9月 2022,168.9209632873536,48,3.5191867351532,4.19613218307495,-16.132605418203976
Victoria-Fraserview,11月 2022,158.4470329284667,48,3.30097985267639,3.5191867351532,-6.2004917300107705
Victoria-Fraserview,1月 2023,137.14690017700175,48,2.85722708702087,3.30097985267639,-13.443061922832733
Victoria-Fraserview,3月 2023,178.61226654052751,48,3.72108888626099,2.85722708702087,30.23427165324959
Victoria-Fraserview,5月 2023,186.43779373168942,48,3.88412070274353,3.72108888626099,4.38129325758614
Victoria-Fraserview,7月 2023,198.0881652832032,48,4.1268367767334,3.88412070274353,6.248932321244009
Victoria-Fraserview,9月 2023,166.35012817382832,48,3.46562767028809,4.1268367767334,-16.02217732896843
Victoria-Fraserview,11月 2023,152.06508636474624,48,3.16802263259888,3.46562767028809,-8.587334416812023
Victoria-Fraserview,1月 2024,268.12049102783186,48,5.58584356307983,3.16802263259888,76.31955989207997
Victoria-Fraserview,3月 2024,170.60932159423822,48,3.5543608665466295,5.58584356307983,-36.368413715709494
Victoria-Fraserview,5月 2024,191.678638458252,48,3.9933049678802504,3.5543608665466295,12.349452343596536
Victoria-Fraserview,7月 2024,153.7705421447755,48,3.2035529613494895,3.9933049678802504,-19.77690191165093
Victoria-Fraserview,9月 2024,122.49301528930656,48,2.55193781852722,3.2035529613494895,-20.34038927041113
Victoria-Fraserview,11月 2024,139.22103691101057,44,3.16411447525024,2.55193781852722,23.988698011314437
West End,1月 2012,243.208748817444,27,9.00773143768311,NA,NA
West End,3月 2012,201.23875236511233,27,7.45328712463379,9.00773143768311,-17.256779065885887
West End,5月 2012,188.42459535598763,27,6.978688716888431,7.45328712463379,-6.367638866034932
West End,7月 2012,175.94240999221793,27,6.51638555526733,6.978688716888431,-6.624498962137785
West End,9月 2012,254.98046207427984,27,9.44372081756592,6.51638555526733,44.922683556260154
West End,11月 2012,76.1787996292113,7,10.8826856613159,9.44372081756592,15.23726581448082
West End,1月 2013,153.75493669509882,27,5.69462728500366,10.8826856613159,-47.67259238915586
West End,3月 2013,290.9014806747438,27,10.774128913879402,5.69462728500366,89.19814018824722
West End,5月 2013,283.44054508209183,27,10.497797966003402,10.774128913879402,-2.56476370465575
West End,7月 2013,271.0727891921988,27,10.0397329330444,10.497797966003402,-4.363439213084716
West End,9月 2013,237.60914611816412,27,8.80033874511719,10.0397329330444,-12.344892002534401
West End,11月 2013,128.2939929962158,26,4.9343843460083,8.80033874511719,-43.9296089739033
West End,1月 2014,229.0652503967286,27,8.4838981628418,4.9343843460083,71.9342792927126
West End,3月 2014,250.8981313705445,27,9.29252338409424,8.4838981628418,9.531293348075495
West End,5月 2014,237.46492481231698,27,8.794997215271,9.29252338409424,-5.354048069169699
West End,7月 2014,212.4045352935791,27,7.86683464050293,8.794997215271,-10.553301519601114
West End,9月 2014,212.75874137878407,27,7.87995338439941,7.86683464050293,0.16676013283585744
West End,11月 2014,188.42598581314078,27,6.97874021530151,7.87995338439941,-11.436783000291667
West End,1月 2015,150.3888587951661,27,5.5699577331543,6.97874021530151,-20.186773524802206
West End,3月 2015,208.9955077171326,27,7.7405743598938,5.5699577331543,38.970073575590064
West End,5月 2015,251.17977619171143,27,9.30295467376709,7.7405743598938,20.184294358935993
West End,7月 2015,202.1268939971923,27,7.48618125915527,9.30295467376709,-19.528993511436138
West End,9月 2015,192.87822961807262,27,7.14363813400269,7.48618125915527,-4.575672339400876
West End,11月 2015,214.5582633018494,27,7.94660234451294,7.14363813400269,11.240269949960878
West End,1月 2016,152.67356014251718,27,5.654576301574711,7.94660234451294,-28.842843061360103
West End,3月 2016,293.9117174148564,27,10.8856191635132,5.654576301574711,92.50989964503134
West End,5月 2016,189.63198852539077,27,7.02340698242188,10.8856191635132,-35.47994949186554
West End,7月 2016,201.2997522354127,27,7.45554637908936,7.02340698242188,6.1528457306978535
West End,9月 2016,205.41506767272944,27,7.60796546936035,7.45554637908936,2.0443718343498087
West End,11月 2016,158.87161302566525,27,5.88413381576538,7.60796546936035,-22.658247602954795
West End,1月 2017,232.11228275299072,27,8.59675121307373,5.88413381576538,46.1005388769444
West End,3月 2017,229.31398773193354,27,8.49311065673828,8.59675121307373,-1.205578174436838
West End,5月 2017,227.07063961029053,27,8.41002368927002,8.49311065673828,-0.9782866469818129
West End,7月 2017,195.4800968170166,27,7.24000358581543,8.41002368927002,-13.912209366869766
West End,9月 2017,175.7247905731202,27,6.50832557678223,7.24000358581543,-10.106044843219395
West End,11月 2017,149.7617664337158,26,5.7600679397583,6.50832557678223,-11.49693001980818
West End,1月 2018,228.7586288452148,27,8.47254180908203,5.7600679397583,47.091004788348876
West End,3月 2018,245.9799299240113,27,9.11036777496338,8.47254180908203,7.5281536551125905
West End,5月 2018,264.20506381988514,27,9.78537273406982,9.11036777496338,7.409195498797008
West End,7月 2018,194.64978790283195,27,7.20925140380859,9.78537273406982,-26.326246329809447
West End,9月 2018,191.6430015563964,27,7.0978889465332,7.20925140380859,-1.5447159633878036
West End,11月 2018,184.10380125045776,27,6.81865930557251,7.0978889465332,-3.9339815410478223
West End,1月 2019,226.62893772125253,27,8.39366436004639,6.81865930557251,23.098456513096593
West End,3月 2019,264.13458824157715,27,9.78276252746582,8.39366436004639,16.549365185859696
West End,5月 2019,209.7933726310729,27,7.770124912261959,9.78276252746582,-20.57330543957531
West End,7月 2019,196.72012710571283,27,7.28593063354492,7.770124912261959,-6.231486419902168
West End,9月 2019,211.5208225250245,27,7.834104537963871,7.28593063354492,7.523732135125206
West End,11月 2019,239.0240392684935,27,8.85274219512939,7.834104537963871,13.002604857124723
West End,1月 2020,150.67993402481073,25,6.027197360992429,8.85274219512939,-31.91717065579433
West End,3月 2020,242.08883857727056,27,8.96625328063965,6.027197360992429,48.76322681365259
West End,5月 2020,217.05368328094482,27,8.03902530670166,8.96625328063965,-10.341309183626382
West End,7月 2020,204.56468725204476,27,7.5764698982238805,8.03902530670166,-5.7538742674708905
West End,9月 2020,186.80282020568836,27,6.91862297058105,7.5764698982238805,-8.682763034497722
West End,11月 2020,171.22250318527225,27,6.34157419204712,6.91862297058105,-8.340514882623639
West End,1月 2021,98.40910291671763,27,3.64478158950806,6.34157419204712,-42.52560201725732
West End,3月 2021,231.54101085662836,27,8.57559299468994,3.64478158950806,135.28413936724797
West End,5月 2021,225.88730907440177,27,8.36619663238525,8.57559299468994,-2.4417712271833425
West End,7月 2021,170.49453449249268,27,6.31461238861084,8.36619663238525,-24.52230486470759
West End,9月 2021,230.5496149063111,27,8.53887462615967,6.31461238861084,35.22405019761076
West End,11月 2021,180.4832181930543,27,6.68456363677979,8.53887462615967,-21.716105114121465
West End,1月 2022,115.29947519302365,27,4.27035093307495,6.68456363677979,-36.11623487913802
West End,3月 2022,225.13386154174805,27,8.33829116821289,4.27035093307495,95.26009217721926
West End,5月 2022,202.27659988403323,27,7.49172592163086,8.33829116821289,-10.152742684367917
West End,7月 2022,200.93104934692371,27,7.44189071655273,7.49172592163086,-0.665203260229277
West End,9月 2022,221.2036571502686,27,8.19272804260254,7.44189071655273,10.089335555274287
West End,11月 2022,217.18922710418695,27,8.04404544830322,8.19272804260254,-1.814811788285465
West End,1月 2023,223.53460407257066,27,8.27905941009521,8.04404544830322,2.921589184227714
West End,3月 2023,195.4238991737365,27,7.2379221916198695,8.27905941009521,-12.57554955102523
West End,5月 2023,234.28652000427252,27,8.67727851867676,7.2379221916198695,19.88631942912276
West End,7月 2023,172.05941677093497,27,6.37257099151611,8.67727851867676,-26.560257599200654
West End,9月 2023,200.14934206008923,27,7.41293859481812,6.37257099151611,16.325712254709526
West End,11月 2023,250.69314193725592,27,9.28493118286133,7.41293859481812,25.253043231085076
West End,1月 2024,257.1693248748778,27,9.52478981018066,9.28493118286133,2.5833107709196135
West End,3月 2024,270.8826828002928,27,10.0326919555664,9.52478981018066,5.332423659815177
West End,5月 2024,205.58743286132827,27,7.61434936523438,10.0326919555664,-24.104623176337626
West End,7月 2024,140.36086893081674,27,5.198550701141361,7.61434936523438,-31.72692173967063
West End,9月 2024,151.63276433944708,27,5.61602830886841,5.198550701141361,8.030653767316153
West End,11月 2024,188.74697589874256,26,7.25949907302856,5.61602830886841,29.263933046151216
West Point Grey,1月 2012,99.04371786117541,54,1.8341429233551,NA,NA
West Point Grey,3月 2012,89.17060947418187,54,1.65130758285522,1.8341429233551,-9.968434748009123
West Point Grey,5月 2012,97.30518937110881,54,1.8019479513168297,1.65130758285522,9.122489960419284
West Point Grey,7月 2012,121.13367891311628,54,2.24321627616882,1.8019479513168297,24.48840570170297
West Point Grey,9月 2012,118.13909769058249,54,2.18776106834412,2.24321627616882,-2.4721293445414747
West Point Grey,11月 2012,99.17582702636736,48,2.06616306304932,2.18776106834412,-5.558102621637551
West Point Grey,1月 2013,70.38433122634888,52,1.35354483127594,2.06616306304932,-34.48993182182202
West Point Grey,3月 2013,127.54715394973775,51,2.50092458724976,1.35354483127594,84.76850780717952
West Point Grey,5月 2013,144.33308315277083,54,2.67283487319946,2.50092458724976,6.873869241245209
West Point Grey,7月 2013,124.57327866554282,47,2.65049529075623,2.67283487319946,-0.8358010690158587
West Point Grey,9月 2013,115.38464069366444,54,2.13675260543823,2.65049529075623,-19.382893722154872
West Point Grey,11月 2013,113.58217906951901,49,2.31800365447998,2.13675260543823,8.48254723454879
West Point Grey,1月 2014,116.35121440887444,54,2.15465211868286,2.31800365447998,-7.047078441028871
West Point Grey,3月 2014,122.80732440948505,52,2.36167931556702,2.15465211868286,9.608381561414935
West Point Grey,5月 2014,130.21901607513402,54,2.41146326065063,2.36167931556702,2.1079892073178024
West Point Grey,7月 2014,118.35224962234487,54,2.19170832633972,2.41146326065063,-9.112928979544915
West Point Grey,9月 2014,112.0126018524172,54,2.0743074417114298,2.19170832633972,-5.356592536396319
West Point Grey,11月 2014,109.17726659774802,54,2.02180123329163,2.0743074417114298,-2.5312645254012582
West Point Grey,1月 2015,103.93870341777807,53,1.96110761165619,2.02180123329163,-3.0019578896302557
West Point Grey,3月 2015,121.52609682083137,54,2.25048327445984,1.96110761165619,14.755725850213148
West Point Grey,5月 2015,126.29469537734995,54,2.33879065513611,2.25048327445984,3.9239296589513852
West Point Grey,7月 2015,143.82763910293556,54,2.6634747982025107,2.33879065513611,13.882565434121974
West Point Grey,9月 2015,94.9947838783263,54,1.7591626644134502,2.6634747982025107,-33.95234429848371
West Point Grey,11月 2015,112.5630297660825,54,2.08450055122375,1.7591626644134502,18.493905844618173
West Point Grey,1月 2016,115.98158454895044,54,2.14780712127686,2.08450055122375,3.0370138312481836
West Point Grey,3月 2016,122.332355976105,54,2.2654139995575,2.14780712127686,5.4756722387028605
West Point Grey,5月 2016,110.63153028488148,54,2.04873204231262,2.2654139995575,-9.564784065393978
West Point Grey,7月 2016,110.44246673584009,54,2.04523086547852,2.04873204231262,-0.17089481502654863
West Point Grey,9月 2016,92.21504116058334,54,1.70768594741821,2.04523086547852,-16.504000783370493
West Point Grey,11月 2016,82.46138978004461,54,1.52706277370453,1.70768594741821,-10.577072089089794
West Point Grey,1月 2017,183.33686113357518,54,3.39512705802917,1.52706277370453,122.3305496337173
West Point Grey,3月 2017,121.65678691864021,54,2.2529034614563,3.39512705802917,-33.643029466941854
West Point Grey,5月 2017,112.81629896163936,54,2.08919072151184,2.2529034614563,-7.266744569633472
West Point Grey,7月 2017,127.17780303955068,54,2.35514450073242,2.08919072151184,12.729990444726994
West Point Grey,9月 2017,99.62886214256291,54,1.84497892856598,2.35514450073242,-21.661752474541803
West Point Grey,11月 2017,66.09265029430364,51,1.2959343194961497,1.84497892856598,-29.758855267608837
West Point Grey,1月 2018,113.46628618240345,54,2.10122752189636,1.2959343194961497,62.139970389340625
West Point Grey,3月 2018,120.54349422454841,54,2.23228693008423,2.10122752189636,6.237278296716222
West Point Grey,5月 2018,118.22162389755263,54,2.18928933143616,2.23228693008423,-1.9261680955345444
West Point Grey,7月 2018,121.90328407287612,54,2.25746822357178,2.18928933143616,3.1142019995545858
West Point Grey,9月 2018,93.06120514869666,54,1.72335565090179,2.25746822357178,-23.659804691510292
West Point Grey,11月 2018,95.04201436042806,54,1.76003730297089,1.72335565090179,2.12850156901191
West Point Grey,1月 2019,83.1157801151274,54,1.5391811132431,1.76003730297089,-12.548381182318778
West Point Grey,3月 2019,124.71311473846453,54,2.30950212478638,1.5391811132431,50.04745737297875
West Point Grey,5月 2019,108.12910652160642,54,2.00239086151123,2.30950212478638,-13.297725946173642
West Point Grey,7月 2019,114.7458930015566,54,2.12492394447327,2.00239086151123,6.119338902174316
West Point Grey,9月 2019,113.26405191421482,54,2.09748244285583,2.12492394447327,-1.2914110026767252
West Point Grey,11月 2019,105.72691154479956,54,1.95790576934814,2.09748244285583,-6.654485904427842
West Point Grey,1月 2020,105.81163787841813,44,2.40480995178223,1.95790576934814,22.825622633661325
West Point Grey,3月 2020,125.27572202682516,54,2.31992077827454,2.40480995178223,-3.52997431022679
West Point Grey,5月 2020,116.19668054580715,54,2.15179038047791,2.31992077827454,-7.2472473789246505
West Point Grey,7月 2020,111.48733091354363,54,2.06458020210266,2.15179038047791,-4.052912363883748
West Point Grey,9月 2020,96.86097693443287,54,1.7937217950820903,2.06458020210266,-13.119296927516565
West Point Grey,11月 2020,100.96874785423296,54,1.86979162693024,1.7937217950820903,4.240893546407975
West Point Grey,1月 2021,64.08193397521971,53,1.20909309387207,1.86979162693024,-35.33540976129421
West Point Grey,3月 2021,125.70136928558333,54,2.32780313491821,1.20909309387207,92.52472342419206
West Point Grey,5月 2021,110.78585815429673,54,2.05158996582031,2.32780313491821,-11.865830273813298
West Point Grey,7月 2021,116.78457355499268,54,2.16267728805542,2.05158996582031,5.41469416822249
West Point Grey,9月 2021,102.69382238388036,54,1.90173745155334,2.16267728805542,-12.065592862294539
West Point Grey,11月 2021,90.17344713211068,52,1.73410475254059,1.90173745155334,-8.814713033906319
West Point Grey,1月 2022,76.2818859815598,53,1.4392808675766,1.73410475254059,-17.001503774904684
West Point Grey,3月 2022,116.54442358016975,54,2.15823006629944,1.4392808675766,49.95197358062404
West Point Grey,5月 2022,120.89979887008643,54,2.23888516426086,2.15823006629944,3.7370945396805375
West Point Grey,7月 2022,120.54026269912698,54,2.23222708702087,2.23888516426086,-0.2973835972595706
West Point Grey,9月 2022,102.97414755821214,54,1.90692865848541,2.23222708702087,-14.572819693250981
West Point Grey,11月 2022,90.05135464668258,54,1.66761767864227,1.90692865848541,-12.54955075420672
West Point Grey,1月 2023,89.70325112342807,54,1.6611713171005198,1.66761767864227,-0.38656111795353015
West Point Grey,3月 2023,105.50487613677984,54,1.95379400253296,1.6611713171005198,17.6154429359638
West Point Grey,5月 2023,125.75618934631362,54,2.32881832122803,1.95379400253296,19.194670380238477
West Point Grey,7月 2023,112.71953344345073,54,2.08739876747131,2.32881832122803,-10.366611751380201
West Point Grey,9月 2023,96.52354645729069,54,1.7874730825424203,2.08739876747131,-14.368394271508638
West Point Grey,11月 2023,93.92484641075154,54,1.7393490076065101,1.7874730825424203,-2.6922964830027376
West Point Grey,1月 2024,145.55279731750505,54,2.69542217254639,1.7393490076065101,54.967298728362536
West Point Grey,3月 2024,124.46321868896509,54,2.30487442016602,2.69542217254639,-14.489298053499937
West Point Grey,5月 2024,123.5363116264344,54,2.2877094745636,2.30487442016602,-0.7447236800512416
West Point Grey,7月 2024,92.18250703811627,54,1.70708346366882,2.2877094745636,-25.38023369447029
West Point Grey,9月 2024,64.9712154865266,54,1.2031706571579,1.70708346366882,-29.51893198168082
West Point Grey,11月 2024,76.24812936782827,47,1.6223006248474099,1.2031706571579,34.83545457130482
