"ntl_mean","n_pixels","n_non_na_pixels","prop_non_na_pixels","date"
NA,NA,NA,NA,"2012-01-01"
NA,NA,NA,NA,"2012-01-02"
NA,NA,NA,NA,"2012-01-03"
NA,NA,NA,NA,"2012-01-04"
NA,NA,NA,NA,"2012-01-05"
NA,NA,NA,NA,"2012-01-06"
NA,NA,NA,NA,"2012-01-07"
NA,NA,NA,NA,"2012-01-08"
NA,NA,NA,NA,"2012-01-09"
NA,NA,NA,NA,"2012-01-10"
NA,NA,NA,NA,"2012-01-11"
NA,NA,NA,NA,"2012-01-12"
NA,NA,NA,NA,"2012-01-13"
NA,NA,NA,NA,"2012-01-14"
NA,NA,NA,NA,"2012-01-15"
NA,NA,NA,NA,"2012-01-16"
NA,NA,NA,NA,"2012-01-17"
NA,NA,NA,NA,"2012-01-18"
NA,NA,NA,NA,"2012-02-02"
NA,NA,NA,NA,"2012-02-18"
NA,NA,NA,NA,"2012-02-19"
NA,NA,NA,NA,"2012-03-10"
NA,NA,NA,NA,"2012-03-24"
NA,NA,NA,NA,"2012-03-25"
NA,NA,NA,NA,"2012-03-26"
NA,NA,NA,NA,"2012-03-28"
NA,NA,NA,NA,"2012-06-21"
NA,NA,NA,NA,"2012-06-22"
NA,NA,NA,NA,"2012-11-22"
4.34626197814941,907,887,0.977949283351709,"2012-01-19"
4.28175067901611,907,890,0.981256890848953,"2012-01-20"
4.28458213806152,907,891,0.982359426681367,"2012-01-21"
4.28304481506348,907,889,0.980154355016538,"2012-01-22"
4.01506376266479,907,905,0.997794928335171,"2012-01-23"
4.25088548660278,907,905,0.997794928335171,"2012-01-24"
4.30704069137573,907,907,1,"2012-01-25"
4.30370426177979,907,903,0.995589856670342,"2012-01-26"
4.31653690338135,907,903,0.995589856670342,"2012-01-27"
4.30438566207886,907,904,0.996692392502756,"2012-01-28"
4.30438566207886,907,904,0.996692392502756,"2012-01-29"
3.46463847160339,907,904,0.996692392502756,"2012-01-30"
4.30350828170776,907,907,1,"2012-01-31"
4.30355358123779,907,906,0.998897464167585,"2012-02-01"
4.39758396148682,907,894,0.985667034178611,"2012-02-03"
4.04806423187256,907,893,0.984564498346196,"2012-02-04"
4.17320823669434,907,886,0.976846747519294,"2012-02-05"
4.27684831619263,907,892,0.983461962513782,"2012-02-06"
4.19638538360596,907,887,0.977949283351709,"2012-02-07"
3.24352097511292,907,890,0.981256890848953,"2012-02-08"
3.24153780937195,907,893,0.984564498346196,"2012-02-09"
3.24001264572144,907,898,0.990077177508269,"2012-02-10"
3.02162432670593,907,891,0.982359426681367,"2012-02-11"
3.24829292297363,907,893,0.984564498346196,"2012-02-12"
3.23832726478577,907,891,0.982359426681367,"2012-02-13"
3.2400689125061,907,899,0.991179713340684,"2012-02-14"
2.83144426345825,907,886,0.976846747519294,"2012-02-15"
2.91955995559692,907,896,0.98787210584344,"2012-02-16"
2.92682671546936,907,894,0.985667034178611,"2012-02-17"
4.26941108703613,907,887,0.977949283351709,"2012-02-20"
4.28291320800781,907,891,0.982359426681367,"2012-02-21"
4.27744770050049,907,890,0.981256890848953,"2012-02-22"
4.34358358383179,907,894,0.985667034178611,"2012-02-23"
4.24996662139893,907,899,0.991179713340684,"2012-02-24"
4.25975131988525,907,898,0.990077177508269,"2012-02-25"
5.54321336746216,907,888,0.979051819184123,"2012-02-26"
5.55031442642212,907,890,0.981256890848953,"2012-02-27"
4.93470096588135,907,890,0.981256890848953,"2012-02-28"
4.39331007003784,907,893,0.984564498346196,"2012-02-29"
4.2542986869812,907,894,0.985667034178611,"2012-03-01"
4.2276496887207,907,887,0.977949283351709,"2012-03-02"
4.25656604766846,907,885,0.97574421168688,"2012-03-03"
3.84842014312744,907,887,0.977949283351709,"2012-03-04"
4.24519157409668,907,881,0.971334068357222,"2012-03-05"
4.6609354019165,907,892,0.983461962513782,"2012-03-06"
4.97592926025391,907,892,0.983461962513782,"2012-03-07"
4.24853181838989,907,883,0.973539140022051,"2012-03-08"
4.2380223274231,907,892,0.983461962513782,"2012-03-09"
4.23410034179688,907,898,0.990077177508269,"2012-03-11"
4.23145627975464,907,899,0.991179713340684,"2012-03-12"
4.23554849624634,907,892,0.983461962513782,"2012-03-13"
4.11769866943359,907,891,0.982359426681367,"2012-03-14"
4.23628282546997,907,886,0.976846747519294,"2012-03-15"
4.2396388053894,907,897,0.988974641675854,"2012-03-16"
4.22255897521973,907,893,0.984564498346196,"2012-03-17"
4.22606039047241,907,895,0.986769570011025,"2012-03-18"
4.15543031692505,907,887,0.977949283351709,"2012-03-19"
3.89966177940369,907,898,0.990077177508269,"2012-03-20"
5.23387145996094,907,890,0.981256890848953,"2012-03-21"
4.2879524230957,907,893,0.984564498346196,"2012-03-22"
4.27267599105835,907,895,0.986769570011025,"2012-03-23"
4.27292776107788,907,895,0.986769570011025,"2012-03-27"
4.28128337860107,907,896,0.98787210584344,"2012-03-29"
4.27021217346191,907,889,0.980154355016538,"2012-03-30"
4.2790412902832,907,896,0.98787210584344,"2012-03-31"
4.27550888061523,907,892,0.983461962513782,"2012-04-01"
4.27178955078125,907,885,0.97574421168688,"2012-04-02"
4.27406549453735,907,890,0.981256890848953,"2012-04-03"
4.41889333724976,907,896,0.98787210584344,"2012-04-04"
3.60869216918945,907,892,0.983461962513782,"2012-04-05"
4.92031192779541,907,896,0.98787210584344,"2012-04-06"
4.91468238830566,907,895,0.986769570011025,"2012-04-07"
4.26707649230957,907,890,0.981256890848953,"2012-04-08"
4.29212856292725,907,880,0.970231532524807,"2012-04-09"
4.27195024490356,907,899,0.991179713340684,"2012-04-10"
4.27767038345337,907,886,0.976846747519294,"2012-04-11"
3.8869743347168,907,894,0.985667034178611,"2012-04-12"
4.32743692398071,907,894,0.985667034178611,"2012-04-13"
5.49181318283081,907,896,0.98787210584344,"2012-04-14"
4.74038124084473,907,886,0.976846747519294,"2012-04-15"
4.51407527923584,907,887,0.977949283351709,"2012-04-16"
4.52557611465454,907,895,0.986769570011025,"2012-04-17"
4.44191741943359,907,893,0.984564498346196,"2012-04-18"
4.62637615203857,907,890,0.981256890848953,"2012-04-19"
4.14507007598877,907,893,0.984564498346196,"2012-04-20"
5.62337589263916,907,893,0.984564498346196,"2012-04-21"
4.35808277130127,907,886,0.976846747519294,"2012-04-22"
4.35983800888062,907,896,0.98787210584344,"2012-04-23"
4.37619304656982,907,894,0.985667034178611,"2012-04-24"
4.3764591217041,907,894,0.985667034178611,"2012-04-25"
4.39470338821411,907,884,0.974641675854465,"2012-04-26"
3.7863986492157,907,883,0.973539140022051,"2012-04-27"
3.83947348594666,907,894,0.985667034178611,"2012-04-28"
3.84576487541199,907,886,0.976846747519294,"2012-04-29"
3.83282327651978,907,894,0.985667034178611,"2012-04-30"
3.83412408828735,907,890,0.981256890848953,"2012-05-01"
3.65738677978516,907,892,0.983461962513782,"2012-05-02"
NA,907,0,0,"2012-05-03"
3.72574830055237,907,895,0.986769570011025,"2012-05-04"
3.8499755859375,907,899,0.991179713340684,"2012-05-05"
4.83858442306519,907,893,0.984564498346196,"2012-05-06"
4.09594535827637,907,882,0.972436604189636,"2012-05-07"
3.84447288513184,907,899,0.991179713340684,"2012-05-08"
NA,907,0,0,"2012-05-09"
4.78395748138428,907,891,0.982359426681367,"2012-05-10"
3.82840824127197,907,897,0.988974641675854,"2012-05-11"
5.2927041053772,907,874,0.96361631753032,"2012-05-12"
6.71000337600708,907,891,0.982359426681367,"2012-05-13"
NA,907,0,0,"2012-05-14"
NA,907,0,0,"2012-05-15"
4.90730571746826,907,892,0.983461962513782,"2012-05-16"
5.49286842346191,907,893,0.984564498346196,"2012-05-17"
6.25006151199341,907,894,0.985667034178611,"2012-05-18"
NA,907,0,0,"2012-05-19"
NA,907,0,0,"2012-05-20"
NA,907,0,0,"2012-05-21"
NA,907,0,0,"2012-05-22"
4.95643520355225,907,879,0.969128996692392,"2012-05-23"
4.53893041610718,907,901,0.993384785005513,"2012-05-24"
NA,907,0,0,"2012-05-25"
NA,907,0,0,"2012-05-26"
NA,907,0,0,"2012-05-27"
NA,907,0,0,"2012-05-28"
4.82309818267822,907,886,0.976846747519294,"2012-05-29"
NA,907,0,0,"2012-05-30"
NA,907,0,0,"2012-05-31"
NA,907,0,0,"2012-06-01"
NA,907,0,0,"2012-06-02"
NA,907,0,0,"2012-06-03"
NA,907,0,0,"2012-06-04"
NA,907,0,0,"2012-06-05"
NA,907,0,0,"2012-06-06"
NA,907,0,0,"2012-06-07"
NA,907,0,0,"2012-06-08"
NA,907,0,0,"2012-06-09"
NA,907,0,0,"2012-06-10"
NA,907,0,0,"2012-06-11"
NA,907,0,0,"2012-06-12"
NA,907,0,0,"2012-06-13"
NA,907,0,0,"2012-06-14"
NA,907,0,0,"2012-06-15"
NA,907,0,0,"2012-06-16"
NA,907,0,0,"2012-06-17"
NA,907,0,0,"2012-06-18"
NA,907,0,0,"2012-06-19"
NA,907,0,0,"2012-06-20"
NA,907,0,0,"2012-06-23"
NA,907,0,0,"2012-06-24"
NA,907,0,0,"2012-06-25"
NA,907,0,0,"2012-06-26"
NA,907,0,0,"2012-06-27"
NA,907,0,0,"2012-06-28"
NA,907,0,0,"2012-06-29"
NA,907,0,0,"2012-06-30"
NA,907,0,0,"2012-07-01"
NA,907,0,0,"2012-07-02"
NA,907,0,0,"2012-07-03"
NA,907,0,0,"2012-07-04"
NA,907,0,0,"2012-07-05"
NA,907,0,0,"2012-07-06"
NA,907,0,0,"2012-07-07"
NA,907,0,0,"2012-07-08"
NA,907,0,0,"2012-07-09"
NA,907,0,0,"2012-07-10"
4.37468290328979,907,891,0.982359426681367,"2012-07-11"
NA,907,0,0,"2012-07-12"
NA,907,0,0,"2012-07-13"
NA,907,0,0,"2012-07-14"
5.37582445144653,907,764,0.842337375964719,"2012-07-15"
4.44267797470093,907,896,0.98787210584344,"2012-07-16"
NA,907,0,0,"2012-07-17"
NA,907,0,0,"2012-07-18"
NA,907,0,0,"2012-07-19"
4.43320417404175,907,894,0.985667034178611,"2012-07-20"
4.42582845687866,907,879,0.969128996692392,"2012-07-21"
NA,907,0,0,"2012-07-22"
NA,907,0,0,"2012-07-23"
2.2676568031311,907,860,0.948180815876516,"2012-07-24"
4.92268085479736,907,899,0.991179713340684,"2012-07-25"
5.71737003326416,907,896,0.98787210584344,"2012-07-26"
4.47214555740356,907,879,0.969128996692392,"2012-07-27"
NA,907,0,0,"2012-07-28"
5.04221439361572,907,882,0.972436604189636,"2012-07-29"
4.69269609451294,907,897,0.988974641675854,"2012-07-30"
4.17215442657471,907,894,0.985667034178611,"2012-07-31"
5.32112598419189,907,890,0.981256890848953,"2012-08-01"
NA,907,0,0,"2012-08-02"
4.79718971252441,907,881,0.971334068357222,"2012-08-03"
4.75629568099976,907,893,0.984564498346196,"2012-08-04"
5.01069211959839,907,892,0.983461962513782,"2012-08-05"
5.3301568031311,907,882,0.972436604189636,"2012-08-06"
4.44459438323975,907,894,0.985667034178611,"2012-08-07"
3.51052641868591,907,890,0.981256890848953,"2012-08-08"
4.63629341125488,907,884,0.974641675854465,"2012-08-09"
4.67481088638306,907,886,0.976846747519294,"2012-08-10"
5.32813405990601,907,889,0.980154355016538,"2012-08-11"
4.81798028945923,907,889,0.980154355016538,"2012-08-12"
4.55937671661377,907,889,0.980154355016538,"2012-08-13"
4.77010297775269,907,902,0.994487320837927,"2012-08-14"
4.9190092086792,907,892,0.983461962513782,"2012-08-15"
5.8122935295105,907,875,0.964718853362734,"2012-08-16"
4.92912197113037,907,890,0.981256890848953,"2012-08-17"
5.06862211227417,907,884,0.974641675854465,"2012-08-18"
4.44804525375366,907,897,0.988974641675854,"2012-08-19"
3.02338075637817,907,889,0.980154355016538,"2012-08-20"
3.61984992027283,907,902,0.994487320837927,"2012-08-21"
4.92784690856934,907,898,0.990077177508269,"2012-08-22"
3.95501303672791,907,884,0.974641675854465,"2012-08-23"
5.19945764541626,907,891,0.982359426681367,"2012-08-24"
4.18706703186035,907,893,0.984564498346196,"2012-08-25"
4.42482995986938,907,886,0.976846747519294,"2012-08-26"
4.39042901992798,907,887,0.977949283351709,"2012-08-27"
3.95526266098022,907,895,0.986769570011025,"2012-08-28"
3.96324563026428,907,896,0.98787210584344,"2012-08-29"
4.3466477394104,907,894,0.985667034178611,"2012-08-30"
4.65463829040527,907,897,0.988974641675854,"2012-08-31"
4.79066896438599,907,887,0.977949283351709,"2012-09-01"
3.95904088020325,907,897,0.988974641675854,"2012-09-02"
4.54859018325806,907,899,0.991179713340684,"2012-09-03"
4.57134342193604,907,890,0.981256890848953,"2012-09-04"
4.56579780578613,907,893,0.984564498346196,"2012-09-05"
4.67674875259399,907,888,0.979051819184123,"2012-09-06"
4.53109169006348,907,885,0.97574421168688,"2012-09-07"
4.60040855407715,907,897,0.988974641675854,"2012-09-08"
4.64320707321167,907,893,0.984564498346196,"2012-09-09"
4.00431108474731,907,902,0.994487320837927,"2012-09-10"
4.97353267669678,907,886,0.976846747519294,"2012-09-11"
4.7143759727478,907,891,0.982359426681367,"2012-09-12"
4.99572086334229,907,889,0.980154355016538,"2012-09-13"
5.9505558013916,907,894,0.985667034178611,"2012-09-14"
4.93749046325684,907,886,0.976846747519294,"2012-09-15"
5.19946193695068,907,887,0.977949283351709,"2012-09-16"
4.84606647491455,907,892,0.983461962513782,"2012-09-17"
4.76150369644165,907,901,0.993384785005513,"2012-09-18"
4.9730544090271,907,894,0.985667034178611,"2012-09-19"
4.83031749725342,907,893,0.984564498346196,"2012-09-20"
4.1790246963501,907,892,0.983461962513782,"2012-09-21"
0.937990367412567,907,897,0.988974641675854,"2012-09-22"
1.76361703872681,907,886,0.976846747519294,"2012-09-23"
4.07093572616577,907,887,0.977949283351709,"2012-09-24"
3.04231405258179,907,897,0.988974641675854,"2012-09-25"
4.03316926956177,907,882,0.972436604189636,"2012-09-26"
4.08300590515137,907,888,0.979051819184123,"2012-09-27"
3.04361510276794,907,887,0.977949283351709,"2012-09-28"
3.19105696678162,907,895,0.986769570011025,"2012-09-29"
4.13426160812378,907,889,0.980154355016538,"2012-09-30"
3.64123749732971,907,891,0.982359426681367,"2012-10-01"
4.29359102249146,907,892,0.983461962513782,"2012-10-02"
4.20476913452148,907,892,0.983461962513782,"2012-10-03"
4.00330543518066,907,886,0.976846747519294,"2012-10-04"
3.9771876335144,907,890,0.981256890848953,"2012-10-05"
4.03557586669922,907,887,0.977949283351709,"2012-10-06"
4.10163831710815,907,893,0.984564498346196,"2012-10-07"
4.17865419387817,907,884,0.974641675854465,"2012-10-08"
4.00171661376953,907,882,0.972436604189636,"2012-10-09"
3.98707866668701,907,892,0.983461962513782,"2012-10-10"
2.31265830993652,907,890,0.981256890848953,"2012-10-11"
3.03871631622314,907,892,0.983461962513782,"2012-10-12"
3.02931141853333,907,892,0.983461962513782,"2012-10-13"
3.04263257980347,907,886,0.976846747519294,"2012-10-14"
3.69837522506714,907,890,0.981256890848953,"2012-10-15"
3.38842487335205,907,892,0.983461962513782,"2012-10-16"
3.23909878730774,907,893,0.984564498346196,"2012-10-17"
3.23453974723816,907,897,0.988974641675854,"2012-10-18"
3.23773145675659,907,891,0.982359426681367,"2012-10-19"
4.34147977828979,907,894,0.985667034178611,"2012-10-20"
3.47339677810669,907,896,0.98787210584344,"2012-10-21"
3.46899032592773,907,901,0.993384785005513,"2012-10-22"
3.4749128818512,907,894,0.985667034178611,"2012-10-23"
3.47849130630493,907,892,0.983461962513782,"2012-10-24"
3.47685837745667,907,891,0.982359426681367,"2012-10-25"
3.46981239318848,907,897,0.988974641675854,"2012-10-26"
3.46984577178955,907,886,0.976846747519294,"2012-10-27"
3.46902203559875,907,890,0.981256890848953,"2012-10-28"
3.45468854904175,907,890,0.981256890848953,"2012-10-29"
3.47088003158569,907,898,0.990077177508269,"2012-10-30"
3.47911620140076,907,893,0.984564498346196,"2012-10-31"
3.48254489898682,907,891,0.982359426681367,"2012-11-01"
3.46268796920776,907,892,0.983461962513782,"2012-11-02"
3.46951675415039,907,888,0.979051819184123,"2012-11-03"
3.48686480522156,907,883,0.973539140022051,"2012-11-04"
3.47285437583923,907,896,0.98787210584344,"2012-11-05"
3.47315001487732,907,893,0.984564498346196,"2012-11-06"
3.71813750267029,907,903,0.995589856670342,"2012-11-07"
4.51656770706177,907,894,0.985667034178611,"2012-11-08"
4.61254405975342,907,900,0.992282249173098,"2012-11-09"
3.47895383834839,907,889,0.980154355016538,"2012-11-10"
3.48381590843201,907,889,0.980154355016538,"2012-11-11"
3.47374868392944,907,892,0.983461962513782,"2012-11-12"
3.47379446029663,907,893,0.984564498346196,"2012-11-13"
3.47271966934204,907,894,0.985667034178611,"2012-11-14"
4.16651630401611,907,888,0.979051819184123,"2012-11-15"
2.43919682502747,907,896,0.98787210584344,"2012-11-16"
3.4748957157135,907,890,0.981256890848953,"2012-11-17"
3.47764778137207,907,894,0.985667034178611,"2012-11-18"
3.39018726348877,907,891,0.982359426681367,"2012-11-19"
3.47164392471313,907,888,0.979051819184123,"2012-11-20"
3.4795093536377,907,886,0.976846747519294,"2012-11-21"
3.46686244010925,907,902,0.994487320837927,"2012-11-23"
3.46729969978333,907,897,0.988974641675854,"2012-11-24"
2.81215786933899,907,890,0.981256890848953,"2012-11-25"
4.32809019088745,907,899,0.991179713340684,"2012-11-26"
3.47945475578308,907,891,0.982359426681367,"2012-11-27"
3.47830986976624,907,887,0.977949283351709,"2012-11-28"
3.47703790664673,907,894,0.985667034178611,"2012-11-29"
3.45838308334351,907,891,0.982359426681367,"2012-11-30"
3.47335624694824,907,894,0.985667034178611,"2012-12-01"
3.47432708740234,907,884,0.974641675854465,"2012-12-02"
3.47854208946228,907,887,0.977949283351709,"2012-12-03"
3.47170543670654,907,897,0.988974641675854,"2012-12-04"
3.85400748252869,907,893,0.984564498346196,"2012-12-05"
3.4804995059967,907,890,0.981256890848953,"2012-12-06"
3.47914576530457,907,889,0.980154355016538,"2012-12-07"
3.47353959083557,907,888,0.979051819184123,"2012-12-08"
3.47023606300354,907,886,0.976846747519294,"2012-12-09"
3.46090126037598,907,901,0.993384785005513,"2012-12-10"
3.47641396522522,907,888,0.979051819184123,"2012-12-11"
3.47281789779663,907,887,0.977949283351709,"2012-12-12"
2.23930239677429,907,892,0.983461962513782,"2012-12-13"
2.84793257713318,907,889,0.980154355016538,"2012-12-14"
3.4717230796814,907,888,0.979051819184123,"2012-12-15"
3.5981457233429,907,894,0.985667034178611,"2012-12-16"
3.47630143165588,907,886,0.976846747519294,"2012-12-17"
3.47402715682983,907,894,0.985667034178611,"2012-12-18"
3.47710752487183,907,889,0.980154355016538,"2012-12-19"
3.46717000007629,907,888,0.979051819184123,"2012-12-20"
3.59531998634338,907,888,0.979051819184123,"2012-12-21"
3.48680543899536,907,888,0.979051819184123,"2012-12-22"
3.46962666511536,907,888,0.979051819184123,"2012-12-23"
3.67987585067749,907,893,0.984564498346196,"2012-12-24"
3.46692037582397,907,906,0.998897464167585,"2012-12-25"
3.47347140312195,907,890,0.981256890848953,"2012-12-26"
4.12324905395508,907,881,0.971334068357222,"2012-12-27"
3.47950148582458,907,890,0.981256890848953,"2012-12-28"
3.46843218803406,907,891,0.982359426681367,"2012-12-29"
4.06151962280273,907,892,0.983461962513782,"2012-12-30"
3.47156810760498,907,894,0.985667034178611,"2012-12-31"
3.43419742584229,907,889,0.980154355016538,"2013-01-01"
3.46417784690857,907,892,0.983461962513782,"2013-01-02"
4.16152811050415,907,893,0.984564498346196,"2013-01-03"
3.46038341522217,907,890,0.981256890848953,"2013-01-04"
3.47196817398071,907,896,0.98787210584344,"2013-01-05"
3.46615028381348,907,898,0.990077177508269,"2013-01-06"
3.47334027290344,907,890,0.981256890848953,"2013-01-07"
3.46635293960571,907,894,0.985667034178611,"2013-01-08"
3.48099732398987,907,887,0.977949283351709,"2013-01-09"
3.48162078857422,907,889,0.980154355016538,"2013-01-10"
5.29941701889038,907,891,0.982359426681367,"2013-01-11"
5.3166446685791,907,884,0.974641675854465,"2013-01-12"
3.98767566680908,907,892,0.983461962513782,"2013-01-13"
3.9853253364563,907,891,0.982359426681367,"2013-01-14"
3.98018479347229,907,893,0.984564498346196,"2013-01-15"
3.06146812438965,907,902,0.994487320837927,"2013-01-16"
4.70830059051514,907,894,0.985667034178611,"2013-01-17"
3.71054077148438,907,882,0.972436604189636,"2013-01-18"
4.16935205459595,907,890,0.981256890848953,"2013-01-19"
4.25329494476318,907,898,0.990077177508269,"2013-01-20"
4.01403379440308,907,886,0.976846747519294,"2013-01-21"
4.17286348342896,907,890,0.981256890848953,"2013-01-22"
4.16933679580688,907,894,0.985667034178611,"2013-01-23"
3.26621627807617,907,894,0.985667034178611,"2013-01-24"
2.94632029533386,907,895,0.986769570011025,"2013-01-25"
4.17579317092896,907,890,0.981256890848953,"2013-01-26"
3.74028420448303,907,897,0.988974641675854,"2013-01-27"
4.18424081802368,907,887,0.977949283351709,"2013-01-28"
4.17870426177979,907,887,0.977949283351709,"2013-01-29"
4.16733455657959,907,893,0.984564498346196,"2013-01-30"
4.14502239227295,907,888,0.979051819184123,"2013-01-31"
3.11833381652832,907,902,0.994487320837927,"2013-02-01"
4.64917039871216,907,890,0.981256890848953,"2013-02-02"
4.17802381515503,907,887,0.977949283351709,"2013-02-03"
4.15652990341187,907,893,0.984564498346196,"2013-02-04"
4.17378520965576,907,897,0.988974641675854,"2013-02-05"
4.17542219161987,907,894,0.985667034178611,"2013-02-06"
4.16137409210205,907,895,0.986769570011025,"2013-02-07"
5.12167692184448,907,885,0.97574421168688,"2013-02-08"
4.24502038955688,907,889,0.980154355016538,"2013-02-09"
4.66727638244629,907,894,0.985667034178611,"2013-02-10"
2.93671154975891,907,885,0.97574421168688,"2013-02-11"
4.42428398132324,907,894,0.985667034178611,"2013-02-12"
4.40390825271606,907,888,0.979051819184123,"2013-02-13"
4.44190883636475,907,886,0.976846747519294,"2013-02-14"
4.02144002914429,907,888,0.979051819184123,"2013-02-15"
4.4316258430481,907,892,0.983461962513782,"2013-02-16"
4.63186264038086,907,899,0.991179713340684,"2013-02-17"
4.45963764190674,907,895,0.986769570011025,"2013-02-18"
3.29205513000488,907,891,0.982359426681367,"2013-02-19"
4.7829065322876,907,883,0.973539140022051,"2013-02-20"
4.22990942001343,907,888,0.979051819184123,"2013-02-21"
4.22873210906982,907,897,0.988974641675854,"2013-02-22"
4.22663068771362,907,889,0.980154355016538,"2013-02-23"
4.22968721389771,907,885,0.97574421168688,"2013-02-24"
4.22594261169434,907,895,0.986769570011025,"2013-02-25"
4.22999095916748,907,889,0.980154355016538,"2013-02-26"
3.8209662437439,907,884,0.974641675854465,"2013-02-27"
4.23257493972778,907,887,0.977949283351709,"2013-02-28"
4.23686647415161,907,890,0.981256890848953,"2013-03-01"
4.23149442672729,907,887,0.977949283351709,"2013-03-02"
4.82074069976807,907,894,0.985667034178611,"2013-03-03"
4.91779661178589,907,891,0.982359426681367,"2013-03-04"
4.21994256973267,907,896,0.98787210584344,"2013-03-05"
2.6861252784729,907,896,0.98787210584344,"2013-03-06"
4.22557783126831,907,894,0.985667034178611,"2013-03-07"
4.77023267745972,907,885,0.97574421168688,"2013-03-08"
5.98879194259644,907,896,0.98787210584344,"2013-03-09"
4.99185800552368,907,888,0.979051819184123,"2013-03-10"
2.10114574432373,907,892,0.983461962513782,"2013-03-11"
4.99766874313354,907,885,0.97574421168688,"2013-03-12"
4.98352241516113,907,892,0.983461962513782,"2013-03-13"
4.9841570854187,907,892,0.983461962513782,"2013-03-14"
3.76943206787109,907,900,0.992282249173098,"2013-03-15"
4.30002403259277,907,890,0.981256890848953,"2013-03-16"
5.69388723373413,907,890,0.981256890848953,"2013-03-17"
4.81046724319458,907,899,0.991179713340684,"2013-03-18"
4.82076358795166,907,898,0.990077177508269,"2013-03-19"
4.84040546417236,907,889,0.980154355016538,"2013-03-20"
4.82417297363281,907,894,0.985667034178611,"2013-03-21"
4.4784107208252,907,894,0.985667034178611,"2013-03-22"
4.83399152755737,907,891,0.982359426681367,"2013-03-23"
4.82133674621582,907,902,0.994487320837927,"2013-03-24"
4.82768106460571,907,896,0.98787210584344,"2013-03-25"
4.838547706604,907,891,0.982359426681367,"2013-03-26"
5.09566020965576,907,891,0.982359426681367,"2013-03-27"
4.81964445114136,907,885,0.97574421168688,"2013-03-28"
4.82665872573853,907,900,0.992282249173098,"2013-03-29"
5.27493047714233,907,886,0.976846747519294,"2013-03-30"
5.45628261566162,907,903,0.995589856670342,"2013-03-31"
5.29752922058105,907,890,0.981256890848953,"2013-04-01"
4.83216619491577,907,894,0.985667034178611,"2013-04-02"
5.09812593460083,907,895,0.986769570011025,"2013-04-03"
4.82822751998901,907,894,0.985667034178611,"2013-04-04"
4.82925271987915,907,893,0.984564498346196,"2013-04-05"
4.83387184143066,907,893,0.984564498346196,"2013-04-06"
4.84640836715698,907,883,0.973539140022051,"2013-04-07"
2.56498575210571,907,887,0.977949283351709,"2013-04-08"
4.81221485137939,907,898,0.990077177508269,"2013-04-09"
4.82372760772705,907,892,0.983461962513782,"2013-04-10"
4.82767295837402,907,885,0.97574421168688,"2013-04-11"
4.82838201522827,907,893,0.984564498346196,"2013-04-12"
5.07989311218262,907,890,0.981256890848953,"2013-04-13"
4.39237785339355,907,887,0.977949283351709,"2013-04-14"
4.8957691192627,907,894,0.985667034178611,"2013-04-15"
4.90745258331299,907,891,0.982359426681367,"2013-04-16"
4.90707159042358,907,888,0.979051819184123,"2013-04-17"
4.89949798583984,907,893,0.984564498346196,"2013-04-18"
4.90086317062378,907,899,0.991179713340684,"2013-04-19"
4.09652376174927,907,894,0.985667034178611,"2013-04-20"
4.90183115005493,907,896,0.98787210584344,"2013-04-21"
5.23952293395996,907,894,0.985667034178611,"2013-04-22"
4.89935207366943,907,897,0.988974641675854,"2013-04-23"
6.00598621368408,907,893,0.984564498346196,"2013-04-24"
5.2315616607666,907,889,0.980154355016538,"2013-04-25"
5.35322189331055,907,898,0.990077177508269,"2013-04-26"
4.89468860626221,907,889,0.980154355016538,"2013-04-27"
5.17454528808594,907,894,0.985667034178611,"2013-04-28"
5.69532203674316,907,894,0.985667034178611,"2013-04-29"
6.54172515869141,907,899,0.991179713340684,"2013-04-30"
5.34779357910156,907,891,0.982359426681367,"2013-05-01"
5.02845811843872,907,900,0.992282249173098,"2013-05-02"
5.10698175430298,907,895,0.986769570011025,"2013-05-03"
5.64947271347046,907,882,0.972436604189636,"2013-05-04"
6.29763793945312,907,894,0.985667034178611,"2013-05-05"
NA,907,0,0,"2013-05-06"
5.2877950668335,907,891,0.982359426681367,"2013-05-07"
5.19101238250732,907,895,0.986769570011025,"2013-05-08"
5.24558877944946,907,889,0.980154355016538,"2013-05-09"
6.09956741333008,907,873,0.962513781697905,"2013-05-10"
5.67267322540283,907,878,0.968026460859978,"2013-05-11"
NA,907,0,0,"2013-05-12"
4.20412158966064,907,521,0.574421168687982,"2013-05-13"
5.67073059082031,907,885,0.97574421168688,"2013-05-14"
4.85182237625122,907,861,0.949283351708931,"2013-05-15"
5.69663047790527,907,884,0.974641675854465,"2013-05-16"
NA,907,0,0,"2013-05-17"
NA,907,0,0,"2013-05-18"
NA,907,0,0,"2013-05-19"
5.62328910827637,907,874,0.96361631753032,"2013-05-20"
5.68620347976685,907,888,0.979051819184123,"2013-05-21"
NA,907,0,0,"2013-05-22"
NA,907,0,0,"2013-05-23"
NA,907,0,0,"2013-05-24"
NA,907,0,0,"2013-05-25"
5.66342115402222,907,896,0.98787210584344,"2013-05-26"
5.65653944015503,907,899,0.991179713340684,"2013-05-27"
NA,907,0,0,"2013-05-28"
NA,907,0,0,"2013-05-29"
NA,907,0,0,"2013-05-30"
NA,907,0,0,"2013-05-31"
NA,907,0,0,"2013-06-01"
NA,907,0,0,"2013-06-02"
NA,907,0,0,"2013-06-03"
NA,907,0,0,"2013-06-04"
NA,907,0,0,"2013-06-05"
NA,907,0,0,"2013-06-06"
NA,907,0,0,"2013-06-07"
NA,907,0,0,"2013-06-08"
NA,907,0,0,"2013-06-09"
NA,907,0,0,"2013-06-10"
NA,907,0,0,"2013-06-11"
NA,907,0,0,"2013-06-12"
NA,907,0,0,"2013-06-13"
NA,907,0,0,"2013-06-14"
NA,907,0,0,"2013-06-15"
NA,907,0,0,"2013-06-16"
NA,907,0,0,"2013-06-17"
NA,907,0,0,"2013-06-18"
NA,907,0,0,"2013-06-19"
NA,907,0,0,"2013-06-20"
NA,907,0,0,"2013-06-21"
NA,907,0,0,"2013-06-22"
NA,907,0,0,"2013-06-23"
NA,907,0,0,"2013-06-24"
NA,907,0,0,"2013-06-25"
NA,907,0,0,"2013-06-26"
NA,907,0,0,"2013-06-27"
NA,907,0,0,"2013-06-28"
NA,907,0,0,"2013-06-29"
NA,907,0,0,"2013-06-30"
NA,907,0,0,"2013-07-01"
NA,907,0,0,"2013-07-02"
NA,907,0,0,"2013-07-03"
NA,907,0,0,"2013-07-04"
NA,907,0,0,"2013-07-05"
NA,907,0,0,"2013-07-06"
NA,907,0,0,"2013-07-07"
NA,907,0,0,"2013-07-08"
NA,907,0,0,"2013-07-09"
NA,907,0,0,"2013-07-10"
NA,907,0,0,"2013-07-11"
NA,907,0,0,"2013-07-12"
NA,907,0,0,"2013-07-13"
5.64626836776733,907,898,0.990077177508269,"2013-07-14"
NA,907,0,0,"2013-07-15"
NA,907,0,0,"2013-07-16"
NA,907,0,0,"2013-07-17"
5.10236549377441,907,884,0.974641675854465,"2013-07-18"
5.71018886566162,907,888,0.979051819184123,"2013-07-19"
NA,907,0,0,"2013-07-20"
NA,907,0,0,"2013-07-21"
NA,907,0,0,"2013-07-22"
5.35265064239502,907,891,0.982359426681367,"2013-07-23"
5.90742540359497,907,892,0.983461962513782,"2013-07-24"
NA,907,0,0,"2013-07-25"
NA,907,0,0,"2013-07-26"
5.14437246322632,907,904,0.996692392502756,"2013-07-27"
5.26884412765503,907,896,0.98787210584344,"2013-07-28"
5.5713005065918,907,889,0.980154355016538,"2013-07-29"
5.60979795455933,907,877,0.966923925027563,"2013-07-30"
NA,907,0,0,"2013-07-31"
5.66924047470093,907,889,0.980154355016538,"2013-08-01"
5.66513681411743,907,896,0.98787210584344,"2013-08-02"
3.67824721336365,907,894,0.985667034178611,"2013-08-03"
5.93280696868896,907,870,0.959206174200662,"2013-08-04"
4.92170906066895,907,893,0.984564498346196,"2013-08-05"
4.8420238494873,907,901,0.993384785005513,"2013-08-06"
4.62546968460083,907,901,0.993384785005513,"2013-08-07"
5.16129970550537,907,889,0.980154355016538,"2013-08-08"
5.94272804260254,907,901,0.993384785005513,"2013-08-09"
5.71337985992432,907,891,0.982359426681367,"2013-08-10"
5.70257949829102,907,888,0.979051819184123,"2013-08-11"
3.88204622268677,907,894,0.985667034178611,"2013-08-12"
4.91126918792725,907,885,0.97574421168688,"2013-08-13"
5.6823263168335,907,897,0.988974641675854,"2013-08-14"
5.63033580780029,907,892,0.983461962513782,"2013-08-15"
4.2412633895874,907,892,0.983461962513782,"2013-08-16"
5.66569805145264,907,888,0.979051819184123,"2013-08-17"
4.73068332672119,907,889,0.980154355016538,"2013-08-18"
5.6714391708374,907,889,0.980154355016538,"2013-08-19"
4.9744086265564,907,896,0.98787210584344,"2013-08-20"
5.07588386535645,907,885,0.97574421168688,"2013-08-21"
5.0962347984314,907,885,0.97574421168688,"2013-08-22"
5.61186981201172,907,896,0.98787210584344,"2013-08-23"
5.2532844543457,907,893,0.984564498346196,"2013-08-24"
5.11992645263672,907,894,0.985667034178611,"2013-08-25"
5.28762292861938,907,895,0.986769570011025,"2013-08-26"
5.66425371170044,907,894,0.985667034178611,"2013-08-27"
5.68554592132568,907,883,0.973539140022051,"2013-08-28"
5.63811159133911,907,893,0.984564498346196,"2013-08-29"
5.59389400482178,907,891,0.982359426681367,"2013-08-30"
4.93103265762329,907,890,0.981256890848953,"2013-08-31"
5.4748330116272,907,893,0.984564498346196,"2013-09-01"
4.56296014785767,907,891,0.982359426681367,"2013-09-02"
4.56123208999634,907,892,0.983461962513782,"2013-09-03"
5.6166672706604,907,892,0.983461962513782,"2013-09-04"
4.00426578521729,907,885,0.97574421168688,"2013-09-05"
5.42538547515869,907,894,0.985667034178611,"2013-09-06"
5.51509761810303,907,893,0.984564498346196,"2013-09-07"
4.66255044937134,907,887,0.977949283351709,"2013-09-08"
4.97345447540283,907,894,0.985667034178611,"2013-09-09"
4.58107137680054,907,901,0.993384785005513,"2013-09-10"
4.65547704696655,907,896,0.98787210584344,"2013-09-11"
4.67078351974487,907,895,0.986769570011025,"2013-09-12"
4.55903768539429,907,891,0.982359426681367,"2013-09-13"
2.45105481147766,907,886,0.976846747519294,"2013-09-14"
2.86337351799011,907,879,0.969128996692392,"2013-09-15"
5.23461103439331,907,893,0.984564498346196,"2013-09-16"
5.22942399978638,907,893,0.984564498346196,"2013-09-17"
4.75468301773071,907,904,0.996692392502756,"2013-09-18"
5.23729276657104,907,892,0.983461962513782,"2013-09-19"
5.08760261535645,907,888,0.979051819184123,"2013-09-20"
5.24354839324951,907,898,0.990077177508269,"2013-09-21"
5.23252439498901,907,897,0.988974641675854,"2013-09-22"
5.22890567779541,907,885,0.97574421168688,"2013-09-23"
5.23893117904663,907,900,0.992282249173098,"2013-09-24"
5.06060600280762,907,889,0.980154355016538,"2013-09-25"
4.82232856750488,907,892,0.983461962513782,"2013-09-26"
5.2476749420166,907,893,0.984564498346196,"2013-09-27"
5.23622274398804,907,895,0.986769570011025,"2013-09-28"
5.25956392288208,907,887,0.977949283351709,"2013-09-29"
5.23526239395142,907,895,0.986769570011025,"2013-09-30"
5.2199068069458,907,893,0.984564498346196,"2013-10-01"
5.24897146224976,907,883,0.973539140022051,"2013-10-02"
4.2790732383728,907,898,0.990077177508269,"2013-10-03"
5.41631031036377,907,893,0.984564498346196,"2013-10-04"
5.43242263793945,907,885,0.97574421168688,"2013-10-05"
5.40657138824463,907,891,0.982359426681367,"2013-10-06"
5.40504741668701,907,895,0.986769570011025,"2013-10-07"
4.06645441055298,907,891,0.982359426681367,"2013-10-08"
4.79630374908447,907,894,0.985667034178611,"2013-10-09"
5.16198015213013,907,894,0.985667034178611,"2013-10-10"
5.12608623504639,907,892,0.983461962513782,"2013-10-11"
4.49242305755615,907,886,0.976846747519294,"2013-10-12"
4.65993452072144,907,894,0.985667034178611,"2013-10-13"
4.79054403305054,907,893,0.984564498346196,"2013-10-14"
4.84087753295898,907,885,0.97574421168688,"2013-10-15"
4.99155187606812,907,885,0.97574421168688,"2013-10-16"
4.98880624771118,907,892,0.983461962513782,"2013-10-17"
4.77455806732178,907,890,0.981256890848953,"2013-10-18"
4.56502056121826,907,895,0.986769570011025,"2013-10-19"
4.01597833633423,907,891,0.982359426681367,"2013-10-20"
3.84316539764404,907,889,0.980154355016538,"2013-10-21"
4.07430458068848,907,889,0.980154355016538,"2013-10-22"
4.66646575927734,907,889,0.980154355016538,"2013-10-23"
4.78866291046143,907,894,0.985667034178611,"2013-10-24"
3.75075912475586,907,886,0.976846747519294,"2013-10-25"
3.81849193572998,907,887,0.977949283351709,"2013-10-26"
4.81915283203125,907,897,0.988974641675854,"2013-10-27"
5.00864505767822,907,887,0.977949283351709,"2013-10-28"
4.99227094650269,907,896,0.98787210584344,"2013-10-29"
5.05106973648071,907,893,0.984564498346196,"2013-10-30"
3.90498614311218,907,886,0.976846747519294,"2013-10-31"
5.20076656341553,907,886,0.976846747519294,"2013-11-01"
5.18153429031372,907,891,0.982359426681367,"2013-11-02"
3.95701956748962,907,885,0.97574421168688,"2013-11-03"
4.50240421295166,907,892,0.983461962513782,"2013-11-04"
5.1178879737854,907,888,0.979051819184123,"2013-11-05"
2.19784021377563,907,895,0.986769570011025,"2013-11-06"
5.11013507843018,907,887,0.977949283351709,"2013-11-07"
5.09196949005127,907,896,0.98787210584344,"2013-11-08"
4.89360189437866,907,896,0.98787210584344,"2013-11-09"
5.10013055801392,907,887,0.977949283351709,"2013-11-10"
5.09990644454956,907,885,0.97574421168688,"2013-11-11"
5.10932064056396,907,895,0.986769570011025,"2013-11-12"
4.62618446350098,907,896,0.98787210584344,"2013-11-13"
5.07057523727417,907,887,0.977949283351709,"2013-11-14"
5.08652877807617,907,882,0.972436604189636,"2013-11-15"
4.87225580215454,907,900,0.992282249173098,"2013-11-16"
5.09168529510498,907,886,0.976846747519294,"2013-11-17"
5.0731348991394,907,893,0.984564498346196,"2013-11-18"
4.99837684631348,907,899,0.991179713340684,"2013-11-19"
5.34216976165771,907,895,0.986769570011025,"2013-11-20"
4.95338439941406,907,889,0.980154355016538,"2013-11-21"
4.95917272567749,907,893,0.984564498346196,"2013-11-22"
4.88812255859375,907,887,0.977949283351709,"2013-11-23"
5.07989263534546,907,891,0.982359426681367,"2013-11-24"
5.06380748748779,907,892,0.983461962513782,"2013-11-25"
5.07802057266235,907,892,0.983461962513782,"2013-11-26"
5.07571172714233,907,897,0.988974641675854,"2013-11-27"
4.83307218551636,907,889,0.980154355016538,"2013-11-28"
5.06532526016235,907,892,0.983461962513782,"2013-11-29"
4.98642444610596,907,894,0.985667034178611,"2013-11-30"
5.06548833847046,907,897,0.988974641675854,"2013-12-01"
5.06500864028931,907,889,0.980154355016538,"2013-12-02"
5.15249490737915,907,894,0.985667034178611,"2013-12-03"
4.95035696029663,907,890,0.981256890848953,"2013-12-04"
5.05008125305176,907,887,0.977949283351709,"2013-12-05"
5.8606014251709,907,892,0.983461962513782,"2013-12-06"
5.14454650878906,907,884,0.974641675854465,"2013-12-07"
5.27965593338013,907,890,0.981256890848953,"2013-12-08"
1.79534578323364,907,888,0.979051819184123,"2013-12-09"
5.24661779403687,907,899,0.991179713340684,"2013-12-10"
5.25911808013916,907,899,0.991179713340684,"2013-12-11"
5.25521421432495,907,903,0.995589856670342,"2013-12-12"
5.24600267410278,907,886,0.976846747519294,"2013-12-13"
5.24323081970215,907,894,0.985667034178611,"2013-12-14"
5.26133012771606,907,890,0.981256890848953,"2013-12-15"
5.25713491439819,907,894,0.985667034178611,"2013-12-16"
5.24124383926392,907,895,0.986769570011025,"2013-12-17"
5.25403070449829,907,888,0.979051819184123,"2013-12-18"
5.76050472259521,907,886,0.976846747519294,"2013-12-19"
5.27923059463501,907,880,0.970231532524807,"2013-12-20"
7.18944358825684,907,892,0.983461962513782,"2013-12-21"
5.25023698806763,907,897,0.988974641675854,"2013-12-22"
5.25076961517334,907,888,0.979051819184123,"2013-12-23"
5.23062562942505,907,889,0.980154355016538,"2013-12-24"
5.20284700393677,907,887,0.977949283351709,"2013-12-25"
5.23866748809814,907,892,0.983461962513782,"2013-12-26"
5.24773645401001,907,894,0.985667034178611,"2013-12-27"
3.40111088752747,907,887,0.977949283351709,"2013-12-28"
5.26516771316528,907,889,0.980154355016538,"2013-12-29"
5.28298711776733,907,886,0.976846747519294,"2013-12-30"
5.2722954750061,907,893,0.984564498346196,"2013-12-31"
NA,NA,NA,NA,"2014-02-04"
5.25983333587646,907,891,0.982359426681367,"2014-01-01"
5.25839042663574,907,891,0.982359426681367,"2014-01-02"
4.01126050949097,907,888,0.979051819184123,"2014-01-03"
5.13381099700928,907,890,0.981256890848953,"2014-01-04"
4.8201756477356,907,893,0.984564498346196,"2014-01-05"
4.34833097457886,907,890,0.981256890848953,"2014-01-06"
4.96982908248901,907,895,0.986769570011025,"2014-01-07"
4.98667001724243,907,889,0.980154355016538,"2014-01-08"
4.97937631607056,907,895,0.986769570011025,"2014-01-09"
4.98619079589844,907,894,0.985667034178611,"2014-01-10"
4.97297334671021,907,888,0.979051819184123,"2014-01-11"
4.99002885818481,907,890,0.981256890848953,"2014-01-12"
4.97119379043579,907,896,0.98787210584344,"2014-01-13"
4.97239208221436,907,888,0.979051819184123,"2014-01-14"
4.77947330474854,907,895,0.986769570011025,"2014-01-15"
4.43622636795044,907,895,0.986769570011025,"2014-01-16"
4.79983615875244,907,895,0.986769570011025,"2014-01-17"
4.98375082015991,907,893,0.984564498346196,"2014-01-18"
4.97528123855591,907,891,0.982359426681367,"2014-01-19"
4.98625612258911,907,895,0.986769570011025,"2014-01-20"
4.6262845993042,907,884,0.974641675854465,"2014-01-21"
4.36483907699585,907,891,0.982359426681367,"2014-01-22"
4.71549940109253,907,886,0.976846747519294,"2014-01-23"
4.34507417678833,907,888,0.979051819184123,"2014-01-24"
4.06669473648071,907,897,0.988974641675854,"2014-01-25"
4.14754581451416,907,888,0.979051819184123,"2014-01-26"
4.85623216629028,907,887,0.977949283351709,"2014-01-27"
4.90657901763916,907,889,0.980154355016538,"2014-01-28"
4.90383577346802,907,887,0.977949283351709,"2014-01-29"
4.73936653137207,907,886,0.976846747519294,"2014-01-30"
3.9343695640564,907,890,0.981256890848953,"2014-01-31"
4.64410400390625,907,892,0.983461962513782,"2014-02-01"
4.91813707351685,907,895,0.986769570011025,"2014-02-02"
4.92600965499878,907,894,0.985667034178611,"2014-02-03"
5.35417556762695,907,895,0.986769570011025,"2014-02-05"
5.31840467453003,907,901,0.993384785005513,"2014-02-06"
5.01876878738403,907,886,0.976846747519294,"2014-02-07"
5.48779726028442,907,899,0.991179713340684,"2014-02-08"
4.85030651092529,907,893,0.984564498346196,"2014-02-09"
3.85724186897278,907,887,0.977949283351709,"2014-02-10"
4.03703641891479,907,883,0.973539140022051,"2014-02-11"
5.00380325317383,907,896,0.98787210584344,"2014-02-12"
5.00375747680664,907,897,0.988974641675854,"2014-02-13"
5.00726985931396,907,884,0.974641675854465,"2014-02-14"
5.00682163238525,907,888,0.979051819184123,"2014-02-15"
4.99031734466553,907,898,0.990077177508269,"2014-02-16"
5.00336647033691,907,894,0.985667034178611,"2014-02-17"
3.86130356788635,907,887,0.977949283351709,"2014-02-18"
5.00001668930054,907,889,0.980154355016538,"2014-02-19"
4.98833465576172,907,888,0.979051819184123,"2014-02-20"
5.27023220062256,907,891,0.982359426681367,"2014-02-21"
5.00049114227295,907,891,0.982359426681367,"2014-02-22"
5.00143480300903,907,896,0.98787210584344,"2014-02-23"
5.00809526443481,907,893,0.984564498346196,"2014-02-24"
5.01167249679565,907,896,0.98787210584344,"2014-02-25"
5.36580276489258,907,890,0.981256890848953,"2014-02-26"
4.71959924697876,907,890,0.981256890848953,"2014-02-27"
4.37290191650391,907,891,0.982359426681367,"2014-02-28"
5.14926767349243,907,893,0.984564498346196,"2014-03-01"
5.06392288208008,907,894,0.985667034178611,"2014-03-02"
5.05835866928101,907,891,0.982359426681367,"2014-03-03"
5.06814193725586,907,893,0.984564498346196,"2014-03-04"
5.04890108108521,907,902,0.994487320837927,"2014-03-05"
5.05368709564209,907,892,0.983461962513782,"2014-03-06"
5.04377508163452,907,899,0.991179713340684,"2014-03-07"
5.07957363128662,907,886,0.976846747519294,"2014-03-08"
5.05352878570557,907,890,0.981256890848953,"2014-03-09"
5.04896020889282,907,904,0.996692392502756,"2014-03-10"
5.14451551437378,907,898,0.990077177508269,"2014-03-11"
5.64328718185425,907,892,0.983461962513782,"2014-03-12"
5.20634412765503,907,890,0.981256890848953,"2014-03-13"
5.06178951263428,907,893,0.984564498346196,"2014-03-14"
5.05470752716064,907,886,0.976846747519294,"2014-03-15"
5.05086612701416,907,897,0.988974641675854,"2014-03-16"
4.69906520843506,907,896,0.98787210584344,"2014-03-17"
5.1269965171814,907,890,0.981256890848953,"2014-03-18"
5.06070375442505,907,880,0.970231532524807,"2014-03-19"
5.53873109817505,907,886,0.976846747519294,"2014-03-20"
5.12166452407837,907,893,0.984564498346196,"2014-03-21"
5.1538519859314,907,892,0.983461962513782,"2014-03-22"
4.59109497070312,907,886,0.976846747519294,"2014-03-23"
5.04292392730713,907,891,0.982359426681367,"2014-03-24"
5.04710721969604,907,897,0.988974641675854,"2014-03-25"
5.0538158416748,907,886,0.976846747519294,"2014-03-26"
5.04797124862671,907,891,0.982359426681367,"2014-03-27"
5.06891202926636,907,887,0.977949283351709,"2014-03-28"
5.07815647125244,907,885,0.97574421168688,"2014-03-29"
5.06537246704102,907,885,0.97574421168688,"2014-03-30"
4.91137933731079,907,893,0.984564498346196,"2014-03-31"
5.23821306228638,907,896,0.98787210584344,"2014-04-01"
5.0674614906311,907,895,0.986769570011025,"2014-04-02"
5.06755208969116,907,897,0.988974641675854,"2014-04-03"
5.08007335662842,907,895,0.986769570011025,"2014-04-04"
4.53446388244629,907,891,0.982359426681367,"2014-04-05"
5.03485870361328,907,890,0.981256890848953,"2014-04-06"
5.05231857299805,907,897,0.988974641675854,"2014-04-07"
5.06082534790039,907,892,0.983461962513782,"2014-04-08"
5.26530647277832,907,891,0.982359426681367,"2014-04-09"
5.07449340820312,907,891,0.982359426681367,"2014-04-10"
4.98711395263672,907,893,0.984564498346196,"2014-04-11"
4.86537504196167,907,893,0.984564498346196,"2014-04-12"
6.08327341079712,907,891,0.982359426681367,"2014-04-13"
5.22923564910889,907,889,0.980154355016538,"2014-04-14"
5.22689628601074,907,891,0.982359426681367,"2014-04-15"
5.06604623794556,907,895,0.986769570011025,"2014-04-16"
5.07045221328735,907,903,0.995589856670342,"2014-04-17"
4.87850189208984,907,894,0.985667034178611,"2014-04-18"
5.07555150985718,907,888,0.979051819184123,"2014-04-19"
4.79717254638672,907,891,0.982359426681367,"2014-04-20"
5.09124517440796,907,890,0.981256890848953,"2014-04-21"
5.06423807144165,907,892,0.983461962513782,"2014-04-22"
4.33982563018799,907,893,0.984564498346196,"2014-04-23"
5.06766700744629,907,887,0.977949283351709,"2014-04-24"
5.02475452423096,907,893,0.984564498346196,"2014-04-25"
5.57434797286987,907,881,0.971334068357222,"2014-04-26"
5.10997819900513,907,879,0.969128996692392,"2014-04-27"
5.1384916305542,907,898,0.990077177508269,"2014-04-28"
5.13782548904419,907,894,0.985667034178611,"2014-04-29"
4.81418514251709,907,892,0.983461962513782,"2014-04-30"
5.06152725219727,907,886,0.976846747519294,"2014-05-01"
5.59535932540894,907,892,0.983461962513782,"2014-05-02"
5.13996839523315,907,891,0.982359426681367,"2014-05-03"
NA,907,0,0,"2014-05-04"
5.12519216537476,907,898,0.990077177508269,"2014-05-05"
4.9113335609436,907,895,0.986769570011025,"2014-05-06"
5.35308837890625,907,893,0.984564498346196,"2014-05-07"
5.13546657562256,907,888,0.979051819184123,"2014-05-08"
NA,907,0,0,"2014-05-09"
NA,907,0,0,"2014-05-10"
5.07814884185791,907,884,0.974641675854465,"2014-05-11"
5.09853935241699,907,893,0.984564498346196,"2014-05-12"
5.12078428268433,907,894,0.985667034178611,"2014-05-13"
5.10304021835327,907,896,0.98787210584344,"2014-05-14"
NA,907,0,0,"2014-05-15"
NA,907,0,0,"2014-05-16"
5.09320020675659,907,894,0.985667034178611,"2014-05-17"
5.12343454360962,907,888,0.979051819184123,"2014-05-18"
5.17089748382568,907,895,0.986769570011025,"2014-05-19"
NA,907,0,0,"2014-05-20"
NA,907,0,0,"2014-05-21"
NA,907,0,0,"2014-05-22"
NA,907,0,0,"2014-05-23"
4.44730043411255,907,889,0.980154355016538,"2014-05-24"
NA,907,0,0,"2014-05-25"
NA,907,0,0,"2014-05-26"
NA,907,0,0,"2014-05-27"
NA,907,0,0,"2014-05-28"
NA,907,0,0,"2014-05-29"
4.60987758636475,907,732,0.807056229327453,"2014-05-30"
NA,907,0,0,"2014-05-31"
NA,907,0,0,"2014-06-01"
NA,907,0,0,"2014-06-02"
NA,907,0,0,"2014-06-03"
NA,907,0,0,"2014-06-04"
NA,907,0,0,"2014-06-05"
NA,907,0,0,"2014-06-06"
NA,907,0,0,"2014-06-07"
NA,907,0,0,"2014-06-08"
NA,907,0,0,"2014-06-09"
NA,907,0,0,"2014-06-10"
NA,907,0,0,"2014-06-11"
NA,907,0,0,"2014-06-12"
NA,907,0,0,"2014-06-13"
NA,907,0,0,"2014-06-14"
NA,907,0,0,"2014-06-15"
NA,907,0,0,"2014-06-16"
NA,907,0,0,"2014-06-17"
NA,907,0,0,"2014-06-18"
NA,907,0,0,"2014-06-19"
NA,907,0,0,"2014-06-20"
NA,907,0,0,"2014-06-21"
NA,907,0,0,"2014-06-22"
NA,907,0,0,"2014-06-23"
NA,907,0,0,"2014-06-24"
NA,907,0,0,"2014-06-25"
NA,907,0,0,"2014-06-26"
NA,907,0,0,"2014-06-27"
NA,907,0,0,"2014-06-28"
NA,907,0,0,"2014-06-29"
NA,907,0,0,"2014-06-30"
NA,907,0,0,"2014-07-01"
NA,907,0,0,"2014-07-02"
NA,907,0,0,"2014-07-03"
NA,907,0,0,"2014-07-04"
NA,907,0,0,"2014-07-05"
NA,907,0,0,"2014-07-06"
NA,907,0,0,"2014-07-07"
NA,907,0,0,"2014-07-08"
NA,907,0,0,"2014-07-09"
NA,907,0,0,"2014-07-10"
NA,907,0,0,"2014-07-11"
NA,907,0,0,"2014-07-12"
NA,907,0,0,"2014-07-13"
NA,907,0,0,"2014-07-14"
NA,907,0,0,"2014-07-15"
4.01178216934204,907,414,0.456449834619625,"2014-07-16"
5.051185131073,907,905,0.997794928335171,"2014-07-17"
NA,907,0,0,"2014-07-18"
NA,907,0,0,"2014-07-19"
NA,907,0,0,"2014-07-20"
3.8313524723053,907,907,1,"2014-07-21"
5.46161890029907,907,905,0.997794928335171,"2014-07-22"
NA,907,0,0,"2014-07-23"
NA,907,0,0,"2014-07-24"
4.71776485443115,907,8,0.00882028665931643,"2014-07-25"
4.60980415344238,907,904,0.996692392502756,"2014-07-26"
6.12255477905273,907,903,0.995589856670342,"2014-07-27"
NA,907,0,0,"2014-07-28"
NA,907,0,0,"2014-07-29"
4.51135110855103,907,906,0.998897464167585,"2014-07-30"
4.9037652015686,907,907,1,"2014-07-31"
5.26351451873779,907,903,0.995589856670342,"2014-08-01"
5.32087135314941,907,907,1,"2014-08-02"
NA,907,0,0,"2014-08-03"
4.2972936630249,907,906,0.998897464167585,"2014-08-04"
4.80840063095093,907,903,0.995589856670342,"2014-08-05"
5.09454107284546,907,903,0.995589856670342,"2014-08-06"
5.47324323654175,907,904,0.996692392502756,"2014-08-07"
4.70977973937988,907,904,0.996692392502756,"2014-08-08"
4.80755805969238,907,903,0.995589856670342,"2014-08-09"
4.53790950775146,907,903,0.995589856670342,"2014-08-10"
4.93137359619141,907,907,1,"2014-08-11"
5.29037427902222,907,902,0.994487320837927,"2014-08-12"
5.28325653076172,907,904,0.996692392502756,"2014-08-13"
4.39367008209229,907,907,1,"2014-08-14"
5.27364301681519,907,902,0.994487320837927,"2014-08-15"
4.66674184799194,907,904,0.996692392502756,"2014-08-16"
3.82409119606018,907,907,1,"2014-08-17"
4.4946665763855,907,903,0.995589856670342,"2014-08-18"
5.13417053222656,907,906,0.998897464167585,"2014-08-19"
4.3749737739563,907,907,1,"2014-08-20"
4.97676944732666,907,905,0.997794928335171,"2014-08-21"
4.81593179702759,907,907,1,"2014-08-22"
4.6936936378479,907,902,0.994487320837927,"2014-08-23"
4.80055999755859,907,905,0.997794928335171,"2014-08-24"
4.61230945587158,907,905,0.997794928335171,"2014-08-25"
4.56940698623657,907,901,0.993384785005513,"2014-08-26"
4.935142993927,907,907,1,"2014-08-27"
5.01340198516846,907,906,0.998897464167585,"2014-08-28"
5.24470663070679,907,904,0.996692392502756,"2014-08-29"
4.91056156158447,907,906,0.998897464167585,"2014-08-30"
5.20738124847412,907,906,0.998897464167585,"2014-08-31"
3.93357849121094,907,906,0.998897464167585,"2014-09-01"
4.95147705078125,907,900,0.992282249173098,"2014-09-02"
3.12665128707886,907,905,0.997794928335171,"2014-09-03"
5.29183578491211,907,903,0.995589856670342,"2014-09-04"
4.65194416046143,907,904,0.996692392502756,"2014-09-05"
5.09533214569092,907,907,1,"2014-09-06"
4.99938869476318,907,901,0.993384785005513,"2014-09-07"
5.50690984725952,907,904,0.996692392502756,"2014-09-08"
5.2481164932251,907,905,0.997794928335171,"2014-09-09"
4.22344303131104,907,904,0.996692392502756,"2014-09-10"
4.94155359268188,907,907,1,"2014-09-11"
5.09683513641357,907,907,1,"2014-09-12"
4.88172245025635,907,904,0.996692392502756,"2014-09-13"
4.81292772293091,907,905,0.997794928335171,"2014-09-14"
4.73920965194702,907,904,0.996692392502756,"2014-09-15"
4.79807806015015,907,903,0.995589856670342,"2014-09-16"
5.50699090957642,907,903,0.995589856670342,"2014-09-17"
5.50690984725952,907,904,0.996692392502756,"2014-09-18"
5.41998624801636,907,902,0.994487320837927,"2014-09-19"
4.85514831542969,907,905,0.997794928335171,"2014-09-20"
4.53877782821655,907,905,0.997794928335171,"2014-09-21"
3.27867078781128,907,907,1,"2014-09-22"
4.4082465171814,907,906,0.998897464167585,"2014-09-23"
5.42726469039917,907,904,0.996692392502756,"2014-09-24"
5.43071842193604,907,902,0.994487320837927,"2014-09-25"
5.42984056472778,907,903,0.995589856670342,"2014-09-26"
3.98766875267029,907,906,0.998897464167585,"2014-09-27"
4.47834730148315,907,905,0.997794928335171,"2014-09-28"
4.56715393066406,907,903,0.995589856670342,"2014-09-29"
4.73526906967163,907,904,0.996692392502756,"2014-09-30"
4.64819049835205,907,907,1,"2014-10-01"
5.00171756744385,907,904,0.996692392502756,"2014-10-02"
5.03645420074463,907,907,1,"2014-10-03"
4.72073316574097,907,901,0.993384785005513,"2014-10-04"
2.95409369468689,907,903,0.995589856670342,"2014-10-05"
4.68725347518921,907,904,0.996692392502756,"2014-10-06"
4.46475028991699,907,905,0.997794928335171,"2014-10-07"
4.74635219573975,907,903,0.995589856670342,"2014-10-08"
3.049147605896,907,904,0.996692392502756,"2014-10-09"
4.36507081985474,907,906,0.998897464167585,"2014-10-10"
4.12054395675659,907,903,0.995589856670342,"2014-10-11"
4.65398740768433,907,904,0.996692392502756,"2014-10-12"
4.74395275115967,907,905,0.997794928335171,"2014-10-13"
4.74364900588989,907,906,0.998897464167585,"2014-10-14"
4.75041389465332,907,900,0.992282249173098,"2014-10-15"
4.71642971038818,907,907,1,"2014-10-16"
4.74462747573853,907,904,0.996692392502756,"2014-10-17"
4.75054693222046,907,901,0.993384785005513,"2014-10-18"
4.74359893798828,907,907,1,"2014-10-19"
4.74364900588989,907,906,0.998897464167585,"2014-10-20"
4.74462747573853,907,904,0.996692392502756,"2014-10-21"
4.74359893798828,907,907,1,"2014-10-22"
4.74449396133423,907,903,0.995589856670342,"2014-10-23"
4.74359893798828,907,907,1,"2014-10-24"
4.74364900588989,907,906,0.998897464167585,"2014-10-25"
3.36022710800171,907,902,0.994487320837927,"2014-10-26"
4.65707778930664,907,907,1,"2014-10-27"
4.63770914077759,907,903,0.995589856670342,"2014-10-28"
4.65748500823975,907,904,0.996692392502756,"2014-10-29"
4.66006755828857,907,901,0.993384785005513,"2014-10-30"
4.65808296203613,907,904,0.996692392502756,"2014-10-31"
4.24334192276001,907,904,0.996692392502756,"2014-11-01"
4.61560726165771,907,905,0.997794928335171,"2014-11-02"
4.66293621063232,907,906,0.998897464167585,"2014-11-03"
4.66288661956787,907,907,1,"2014-11-04"
4.66362619400024,907,902,0.994487320837927,"2014-11-05"
4.66389322280884,907,904,0.996692392502756,"2014-11-06"
4.12558269500732,907,905,0.997794928335171,"2014-11-07"
4.52803134918213,907,904,0.996692392502756,"2014-11-08"
4.66288661956787,907,907,1,"2014-11-09"
4.2299165725708,907,906,0.998897464167585,"2014-11-10"
4.73743438720703,907,904,0.996692392502756,"2014-11-11"
4.97627210617065,907,902,0.994487320837927,"2014-11-12"
4.81110382080078,907,903,0.995589856670342,"2014-11-13"
4.79995489120483,907,907,1,"2014-11-14"
5.15350866317749,907,901,0.993384785005513,"2014-11-15"
4.69381046295166,907,902,0.994487320837927,"2014-11-16"
4.4814624786377,907,904,0.996692392502756,"2014-11-17"
4.66293621063232,907,906,0.998897464167585,"2014-11-18"
4.66356515884399,907,903,0.995589856670342,"2014-11-19"
4.66293621063232,907,906,0.998897464167585,"2014-11-20"
4.66591310501099,907,901,0.993384785005513,"2014-11-21"
4.56035375595093,907,905,0.997794928335171,"2014-11-22"
4.66389322280884,907,904,0.996692392502756,"2014-11-23"
4.66395378112793,907,903,0.995589856670342,"2014-11-24"
4.66296625137329,907,903,0.995589856670342,"2014-11-25"
4.66293621063232,907,906,0.998897464167585,"2014-11-26"
4.66323375701904,907,905,0.997794928335171,"2014-11-27"
4.66288661956787,907,907,1,"2014-11-28"
4.66323375701904,907,905,0.997794928335171,"2014-11-29"
6.48920392990112,907,903,0.995589856670342,"2014-11-30"
5.69191884994507,907,907,1,"2014-12-01"
5.19791984558105,907,906,0.998897464167585,"2014-12-02"
4.85418272018433,907,905,0.997794928335171,"2014-12-03"
4.02572059631348,907,905,0.997794928335171,"2014-12-04"
5.05968332290649,907,907,1,"2014-12-05"
5.06006717681885,907,905,0.997794928335171,"2014-12-06"
5.060866355896,907,903,0.995589856670342,"2014-12-07"
5.05938673019409,907,906,0.998897464167585,"2014-12-08"
5.05968332290649,907,907,1,"2014-12-09"
5.06046915054321,907,905,0.997794928335171,"2014-12-10"
5.06272888183594,907,903,0.995589856670342,"2014-12-11"
5.06708145141602,907,900,0.992282249173098,"2014-12-12"
3.68206334114075,907,906,0.998897464167585,"2014-12-13"
4.45120000839233,907,904,0.996692392502756,"2014-12-14"
4.51341772079468,907,903,0.995589856670342,"2014-12-15"
5.05968332290649,907,907,1,"2014-12-16"
5.06737852096558,907,901,0.993384785005513,"2014-12-17"
5.0634617805481,907,902,0.994487320837927,"2014-12-18"
5.06079816818237,907,904,0.996692392502756,"2014-12-19"
5.060866355896,907,903,0.995589856670342,"2014-12-20"
3.70872950553894,907,905,0.997794928335171,"2014-12-21"
4.29445505142212,907,905,0.997794928335171,"2014-12-22"
4.93099164962769,907,906,0.998897464167585,"2014-12-23"
4.93131065368652,907,905,0.997794928335171,"2014-12-24"
4.42437362670898,907,905,0.997794928335171,"2014-12-25"
4.34352350234985,907,904,0.996692392502756,"2014-12-26"
4.93225145339966,907,903,0.995589856670342,"2014-12-27"
4.33791494369507,907,902,0.994487320837927,"2014-12-28"
4.42996549606323,907,905,0.997794928335171,"2014-12-29"
5.3904242515564,907,907,1,"2014-12-30"
4.93627214431763,907,906,0.998897464167585,"2014-12-31"
4.83184719085693,907,905,0.997794928335171,"2015-01-01"
4.95314073562622,907,901,0.993384785005513,"2015-01-02"
4.10679912567139,907,904,0.996692392502756,"2015-01-03"
4.95080232620239,907,904,0.996692392502756,"2015-01-04"
4.95008516311646,907,905,0.997794928335171,"2015-01-05"
4.94979000091553,907,904,0.996692392502756,"2015-01-06"
4.95343542098999,907,902,0.994487320837927,"2015-01-07"
3.1587245464325,907,904,0.996692392502756,"2015-01-08"
4.43682050704956,907,905,0.997794928335171,"2015-01-09"
4.94982957839966,907,906,0.998897464167585,"2015-01-10"
4.94976377487183,907,906,0.998897464167585,"2015-01-11"
3.59088182449341,907,902,0.994487320837927,"2015-01-12"
4.94976377487183,907,906,0.998897464167585,"2015-01-13"
4.18262720108032,907,906,0.998897464167585,"2015-01-14"
4.58231544494629,907,904,0.996692392502756,"2015-01-15"
4.95080232620239,907,904,0.996692392502756,"2015-01-16"
4.95050716400146,907,903,0.995589856670342,"2015-01-17"
4.94983053207397,907,905,0.997794928335171,"2015-01-18"
4.73614311218262,907,904,0.996692392502756,"2015-01-19"
3.53962635993958,907,904,0.996692392502756,"2015-01-20"
4.36830615997314,907,904,0.996692392502756,"2015-01-21"
4.92424583435059,907,905,0.997794928335171,"2015-01-22"
1.19639134407043,907,903,0.995589856670342,"2015-01-23"
3.97177362442017,907,907,1,"2015-01-24"
4.67822742462158,907,906,0.998897464167585,"2015-01-25"
4.67852687835693,907,905,0.997794928335171,"2015-01-26"
4.67852687835693,907,905,0.997794928335171,"2015-01-27"
3.42301392555237,907,907,1,"2015-01-28"
3.87712359428406,907,907,1,"2015-01-29"
4.68095827102661,907,903,0.995589856670342,"2015-01-30"
3.9906485080719,907,906,0.998897464167585,"2015-01-31"
4.67889213562012,907,903,0.995589856670342,"2015-02-01"
3.65450263023376,907,907,1,"2015-02-02"
4.67822980880737,907,907,1,"2015-02-03"
4.67792701721191,907,906,0.998897464167585,"2015-02-04"
4.67919731140137,907,905,0.997794928335171,"2015-02-05"
4.67822980880737,907,907,1,"2015-02-06"
4.67852687835693,907,905,0.997794928335171,"2015-02-07"
4.67822980880737,907,907,1,"2015-02-08"
4.67792701721191,907,906,0.998897464167585,"2015-02-09"
4.67919445037842,907,904,0.996692392502756,"2015-02-10"
4.67829179763794,907,906,0.998897464167585,"2015-02-11"
4.67889213562012,907,903,0.995589856670342,"2015-02-12"
4.67822980880737,907,907,1,"2015-02-13"
3.21131324768066,907,905,0.997794928335171,"2015-02-14"
4.51981830596924,907,903,0.995589856670342,"2015-02-15"
4.67799282073975,907,904,0.996692392502756,"2015-02-16"
4.58511304855347,907,905,0.997794928335171,"2015-02-17"
4.70704984664917,907,905,0.997794928335171,"2015-02-18"
4.71113204956055,907,905,0.997794928335171,"2015-02-19"
2.74280285835266,907,902,0.994487320837927,"2015-02-20"
4.63125991821289,907,903,0.995589856670342,"2015-02-21"
4.86218404769897,907,904,0.996692392502756,"2015-02-22"
4.53261089324951,907,905,0.997794928335171,"2015-02-23"
4.90969562530518,907,905,0.997794928335171,"2015-02-24"
3.87382221221924,907,906,0.998897464167585,"2015-02-25"
4.47327280044556,907,905,0.997794928335171,"2015-02-26"
4.75205421447754,907,907,1,"2015-02-27"
4.79915285110474,907,904,0.996692392502756,"2015-02-28"
4.85369205474854,907,903,0.995589856670342,"2015-03-01"
3.86289262771606,907,907,1,"2015-03-02"
4.80345821380615,907,903,0.995589856670342,"2015-03-03"
5.07636976242065,907,906,0.998897464167585,"2015-03-04"
4.75304317474365,907,904,0.996692392502756,"2015-03-05"
4.63959264755249,907,902,0.994487320837927,"2015-03-06"
4.88245964050293,907,905,0.997794928335171,"2015-03-07"
4.63048553466797,907,907,1,"2015-03-08"
4.54300260543823,907,905,0.997794928335171,"2015-03-09"
4.42003965377808,907,907,1,"2015-03-10"
4.75235843658447,907,905,0.997794928335171,"2015-03-11"
4.44185972213745,907,907,1,"2015-03-12"
4.75205421447754,907,907,1,"2015-03-13"
4.75205421447754,907,907,1,"2015-03-14"
4.75205421447754,907,907,1,"2015-03-15"
3.30893611907959,907,904,0.996692392502756,"2015-03-16"
4.64057397842407,907,903,0.995589856670342,"2015-03-17"
4.6563777923584,907,906,0.998897464167585,"2015-03-18"
4.6595025062561,907,905,0.997794928335171,"2015-03-19"
4.66017055511475,907,904,0.996692392502756,"2015-03-20"
4.6595664024353,907,904,0.996692392502756,"2015-03-21"
4.07901000976562,907,907,1,"2015-03-22"
4.03725099563599,907,904,0.996692392502756,"2015-03-23"
4.6512508392334,907,904,0.996692392502756,"2015-03-24"
4.65028953552246,907,907,1,"2015-03-25"
4.65028953552246,907,907,1,"2015-03-26"
4.65028953552246,907,907,1,"2015-03-27"
4.65386009216309,907,902,0.994487320837927,"2015-03-28"
4.6512508392334,907,904,0.996692392502756,"2015-03-29"
4.65030241012573,907,904,0.996692392502756,"2015-03-30"
4.61867237091064,907,907,1,"2015-03-31"
4.67950201034546,907,904,0.996692392502756,"2015-04-01"
4.59863185882568,907,903,0.995589856670342,"2015-04-02"
4.65028953552246,907,907,1,"2015-04-03"
4.31183528900146,907,907,1,"2015-04-04"
4.73408889770508,907,905,0.997794928335171,"2015-04-05"
4.70704364776611,907,906,0.998897464167585,"2015-04-06"
4.57573556900024,907,903,0.995589856670342,"2015-04-07"
4.85830450057983,907,902,0.994487320837927,"2015-04-08"
4.857337474823,907,906,0.998897464167585,"2015-04-09"
4.65000772476196,907,906,0.998897464167585,"2015-04-10"
4.20807504653931,907,906,0.998897464167585,"2015-04-11"
4.55406188964844,907,905,0.997794928335171,"2015-04-12"
4.65980529785156,907,904,0.996692392502756,"2015-04-13"
4.65979099273682,907,907,1,"2015-04-14"
4.56997871398926,907,904,0.996692392502756,"2015-04-15"
4.65980529785156,907,904,0.996692392502756,"2015-04-16"
4.66081857681274,907,903,0.995589856670342,"2015-04-17"
4.86893177032471,907,907,1,"2015-04-18"
4.67308568954468,907,906,0.998897464167585,"2015-04-19"
4.63729047775269,907,904,0.996692392502756,"2015-04-20"
4.71932649612427,907,903,0.995589856670342,"2015-04-21"
4.0420355796814,907,903,0.995589856670342,"2015-04-22"
4.73558521270752,907,905,0.997794928335171,"2015-04-23"
4.73626708984375,907,904,0.996692392502756,"2015-04-24"
4.13487434387207,907,901,0.993384785005513,"2015-04-25"
4.7370982170105,907,904,0.996692392502756,"2015-04-26"
4.73606300354004,907,907,1,"2015-04-27"
4.73978853225708,907,904,0.996692392502756,"2015-04-28"
4.06125974655151,907,903,0.995589856670342,"2015-04-29"
4.74104833602905,907,903,0.995589856670342,"2015-04-30"
4.73547172546387,907,906,0.998897464167585,"2015-05-01"
5.07982969284058,907,904,0.996692392502756,"2015-05-02"
4.55812883377075,907,901,0.993384785005513,"2015-05-03"
4.62324285507202,907,907,1,"2015-05-04"
4.6951150894165,907,904,0.996692392502756,"2015-05-05"
4.80267143249512,907,903,0.995589856670342,"2015-05-06"
NA,907,0,0,"2015-05-07"
4.61242198944092,907,904,0.996692392502756,"2015-05-08"
4.7310528755188,907,904,0.996692392502756,"2015-05-09"
4.74372720718384,907,901,0.993384785005513,"2015-05-10"
4.73908853530884,907,903,0.995589856670342,"2015-05-11"
NA,907,0,0,"2015-05-12"
NA,907,0,0,"2015-05-13"
3.58864402770996,907,168,0.185226019845645,"2015-05-14"
3.04371881484985,907,905,0.997794928335171,"2015-05-15"
4.19655132293701,907,907,1,"2015-05-16"
4.68220281600952,907,906,0.998897464167585,"2015-05-17"
NA,907,0,0,"2015-05-18"
NA,907,0,0,"2015-05-19"
NA,907,0,0,"2015-05-20"
4.51680898666382,907,907,1,"2015-05-21"
4.68220281600952,907,906,0.998897464167585,"2015-05-22"
NA,907,0,0,"2015-05-23"
NA,907,0,0,"2015-05-24"
NA,907,0,0,"2015-05-25"
NA,907,0,0,"2015-05-26"
3.67605900764465,907,903,0.995589856670342,"2015-05-27"
NA,907,0,0,"2015-05-28"
NA,907,0,0,"2015-05-29"
NA,907,0,0,"2015-05-30"
NA,907,0,0,"2015-05-31"
NA,907,0,0,"2015-06-01"
NA,907,0,0,"2015-06-02"
NA,907,0,0,"2015-06-03"
NA,907,0,0,"2015-06-04"
NA,907,0,0,"2015-06-05"
NA,907,0,0,"2015-06-06"
NA,907,0,0,"2015-06-07"
NA,907,0,0,"2015-06-08"
NA,907,0,0,"2015-06-09"
NA,907,0,0,"2015-06-10"
NA,907,0,0,"2015-06-11"
NA,907,0,0,"2015-06-12"
NA,907,0,0,"2015-06-13"
NA,907,0,0,"2015-06-14"
NA,907,0,0,"2015-06-15"
NA,907,0,0,"2015-06-16"
NA,907,0,0,"2015-06-17"
NA,907,0,0,"2015-06-18"
NA,907,0,0,"2015-06-19"
NA,907,0,0,"2015-06-20"
NA,907,0,0,"2015-06-21"
NA,907,0,0,"2015-06-22"
NA,907,0,0,"2015-06-23"
NA,907,0,0,"2015-06-24"
NA,907,0,0,"2015-06-25"
NA,907,0,0,"2015-06-26"
NA,907,0,0,"2015-06-27"
NA,907,0,0,"2015-06-28"
NA,907,0,0,"2015-06-29"
NA,907,0,0,"2015-06-30"
NA,907,0,0,"2015-07-01"
NA,907,0,0,"2015-07-02"
NA,907,0,0,"2015-07-03"
NA,907,0,0,"2015-07-04"
NA,907,0,0,"2015-07-05"
NA,907,0,0,"2015-07-06"
NA,907,0,0,"2015-07-07"
NA,907,0,0,"2015-07-08"
NA,907,0,0,"2015-07-09"
NA,907,0,0,"2015-07-10"
NA,907,0,0,"2015-07-11"
NA,907,0,0,"2015-07-12"
NA,907,0,0,"2015-07-13"
4.51136159896851,907,676,0.745314222712238,"2015-07-14"
NA,907,0,0,"2015-07-15"
NA,907,0,0,"2015-07-16"
NA,907,0,0,"2015-07-17"
NA,907,0,0,"2015-07-18"
5.19943523406982,907,903,0.995589856670342,"2015-07-19"
4.91991758346558,907,901,0.993384785005513,"2015-07-20"
NA,907,0,0,"2015-07-21"
NA,907,0,0,"2015-07-22"
4.9311637878418,907,907,1,"2015-07-23"
4.8626275062561,907,906,0.998897464167585,"2015-07-24"
4.92282485961914,907,901,0.993384785005513,"2015-07-25"
NA,907,0,0,"2015-07-26"
NA,907,0,0,"2015-07-27"
4.9152193069458,907,903,0.995589856670342,"2015-07-28"
4.9047064781189,907,907,1,"2015-07-29"
5.32757472991943,907,901,0.993384785005513,"2015-07-30"
NA,907,0,0,"2015-07-31"
NA,907,0,0,"2015-08-01"
4.34648704528809,907,903,0.995589856670342,"2015-08-02"
4.50685691833496,907,907,1,"2015-08-03"
4.92282485961914,907,901,0.993384785005513,"2015-08-04"
4.9179162979126,907,903,0.995589856670342,"2015-08-05"
3.39771676063538,907,905,0.997794928335171,"2015-08-06"
4.40220975875854,907,904,0.996692392502756,"2015-08-07"
4.26888561248779,907,904,0.996692392502756,"2015-08-08"
4.13458490371704,907,903,0.995589856670342,"2015-08-09"
4.92282485961914,907,901,0.993384785005513,"2015-08-10"
4.20691251754761,907,905,0.997794928335171,"2015-08-11"
4.40154123306274,907,904,0.996692392502756,"2015-08-12"
4.30699062347412,907,903,0.995589856670342,"2015-08-13"
4.43947410583496,907,907,1,"2015-08-14"
4.81804847717285,907,907,1,"2015-08-15"
3.8641631603241,907,904,0.996692392502756,"2015-08-16"
4.50581741333008,907,905,0.997794928335171,"2015-08-17"
4.34207963943481,907,903,0.995589856670342,"2015-08-18"
4.53270626068115,907,904,0.996692392502756,"2015-08-19"
4.47564315795898,907,901,0.993384785005513,"2015-08-20"
3.45526432991028,907,904,0.996692392502756,"2015-08-21"
4.91405296325684,907,903,0.995589856670342,"2015-08-22"
4.46330261230469,907,904,0.996692392502756,"2015-08-23"
4.56987476348877,907,907,1,"2015-08-24"
4.75672149658203,907,902,0.994487320837927,"2015-08-25"
4.42707252502441,907,904,0.996692392502756,"2015-08-26"
4.86800765991211,907,906,0.998897464167585,"2015-08-27"
4.8937726020813,907,904,0.996692392502756,"2015-08-28"
4.8937726020813,907,904,0.996692392502756,"2015-08-29"
4.89354085922241,907,902,0.994487320837927,"2015-08-30"
4.89269590377808,907,907,1,"2015-08-31"
4.18541431427002,907,904,0.996692392502756,"2015-09-01"
3.39298248291016,907,904,0.996692392502756,"2015-09-02"
4.88631343841553,907,905,0.997794928335171,"2015-09-03"
4.83787202835083,907,907,1,"2015-09-04"
4.58163499832153,907,904,0.996692392502756,"2015-09-05"
4.8937726020813,907,904,0.996692392502756,"2015-09-06"
4.89274597167969,907,906,0.998897464167585,"2015-09-07"
4.8927583694458,907,904,0.996692392502756,"2015-09-08"
4.88849258422852,907,903,0.995589856670342,"2015-09-09"
4.42041015625,907,904,0.996692392502756,"2015-09-10"
4.26780605316162,907,903,0.995589856670342,"2015-09-11"
4.51526784896851,907,904,0.996692392502756,"2015-09-12"
4.39354753494263,907,905,0.997794928335171,"2015-09-13"
4.50706052780151,907,905,0.997794928335171,"2015-09-14"
4.85826539993286,907,906,0.998897464167585,"2015-09-15"
4.71469926834106,907,905,0.997794928335171,"2015-09-16"
4.85862827301025,907,904,0.996692392502756,"2015-09-17"
4.75643587112427,907,904,0.996692392502756,"2015-09-18"
4.86168432235718,907,902,0.994487320837927,"2015-09-19"
4.85787773132324,907,904,0.996692392502756,"2015-09-20"
4.21135425567627,907,907,1,"2015-09-21"
4.3513879776001,907,904,0.996692392502756,"2015-09-22"
4.79235506057739,907,902,0.994487320837927,"2015-09-23"
4.79889917373657,907,906,0.998897464167585,"2015-09-24"
4.79974508285522,907,903,0.995589856670342,"2015-09-25"
4.13531446456909,907,901,0.993384785005513,"2015-09-26"
4.3497109413147,907,905,0.997794928335171,"2015-09-27"
4.48769283294678,907,902,0.994487320837927,"2015-09-28"
4.31080913543701,907,904,0.996692392502756,"2015-09-29"
4.35213088989258,907,907,1,"2015-09-30"
4.53365325927734,907,900,0.992282249173098,"2015-10-01"
4.69076299667358,907,901,0.993384785005513,"2015-10-02"
4.22679710388184,907,904,0.996692392502756,"2015-10-03"
4.5288143157959,907,904,0.996692392502756,"2015-10-04"
4.37840700149536,907,907,1,"2015-10-05"
4.32257843017578,907,904,0.996692392502756,"2015-10-06"
4.80206155776978,907,901,0.993384785005513,"2015-10-07"
4.79879426956177,907,906,0.998897464167585,"2015-10-08"
4.79974508285522,907,903,0.995589856670342,"2015-10-09"
4.80157279968262,907,903,0.995589856670342,"2015-10-10"
4.19945526123047,907,907,1,"2015-10-11"
4.76664113998413,907,904,0.996692392502756,"2015-10-12"
3.4609739780426,907,904,0.996692392502756,"2015-10-13"
4.1276273727417,907,903,0.995589856670342,"2015-10-14"
4.21500587463379,907,904,0.996692392502756,"2015-10-15"
4.16614961624146,907,904,0.996692392502756,"2015-10-16"
4.70441484451294,907,901,0.993384785005513,"2015-10-17"
3.57946443557739,907,904,0.996692392502756,"2015-10-18"
3.33437395095825,907,905,0.997794928335171,"2015-10-19"
2.45849442481995,907,906,0.998897464167585,"2015-10-20"
4.15546751022339,907,907,1,"2015-10-21"
1.97353076934814,907,907,1,"2015-10-22"
4.67026567459106,907,903,0.995589856670342,"2015-10-23"
4.66800165176392,907,904,0.996692392502756,"2015-10-24"
4.60176420211792,907,906,0.998897464167585,"2015-10-25"
4.66800165176392,907,904,0.996692392502756,"2015-10-26"
4.08794069290161,907,903,0.995589856670342,"2015-10-27"
4.66800165176392,907,904,0.996692392502756,"2015-10-28"
4.66699504852295,907,906,0.998897464167585,"2015-10-29"
4.66699504852295,907,906,0.998897464167585,"2015-10-30"
4.66795873641968,907,903,0.995589856670342,"2015-10-31"
4.04007577896118,907,904,0.996692392502756,"2015-11-01"
3.5300178527832,907,901,0.993384785005513,"2015-11-02"
4.51435613632202,907,906,0.998897464167585,"2015-11-03"
3.18003344535828,907,903,0.995589856670342,"2015-11-04"
4.66694688796997,907,907,1,"2015-11-05"
4.66795873641968,907,903,0.995589856670342,"2015-11-06"
4.67397212982178,907,901,0.993384785005513,"2015-11-07"
4.66690397262573,907,906,0.998897464167585,"2015-11-08"
4.33896636962891,907,906,0.998897464167585,"2015-11-09"
5.03490018844604,907,903,0.995589856670342,"2015-11-10"
4.90324687957764,907,907,1,"2015-11-11"
4.95849180221558,907,907,1,"2015-11-12"
4.96657514572144,907,900,0.992282249173098,"2015-11-13"
4.96272325515747,907,902,0.994487320837927,"2015-11-14"
4.96163892745972,907,904,0.996692392502756,"2015-11-15"
4.56369209289551,907,903,0.995589856670342,"2015-11-16"
4.92504072189331,907,907,1,"2015-11-17"
4.73278570175171,907,906,0.998897464167585,"2015-11-18"
4.4255223274231,907,901,0.993384785005513,"2015-11-19"
4.44466924667358,907,907,1,"2015-11-20"
4.39221096038818,907,904,0.996692392502756,"2015-11-21"
4.80786561965942,907,904,0.996692392502756,"2015-11-22"
4.80786561965942,907,904,0.996692392502756,"2015-11-23"
4.81198024749756,907,903,0.995589856670342,"2015-11-24"
4.56806755065918,907,906,0.998897464167585,"2015-11-25"
5.1309380531311,907,905,0.997794928335171,"2015-11-26"
4.0970196723938,907,907,1,"2015-11-27"
4.29635334014893,907,904,0.996692392502756,"2015-11-28"
4.51274585723877,907,905,0.997794928335171,"2015-11-29"
4.0079197883606,907,906,0.998897464167585,"2015-11-30"
2.94113421440125,907,904,0.996692392502756,"2015-12-01"
4.79897260665894,907,904,0.996692392502756,"2015-12-02"
4.81511545181274,907,901,0.993384785005513,"2015-12-03"
4.80712556838989,907,905,0.997794928335171,"2015-12-04"
4.80675077438354,907,907,1,"2015-12-05"
4.80786561965942,907,904,0.996692392502756,"2015-12-06"
4.80675077438354,907,907,1,"2015-12-07"
4.80687427520752,907,905,0.997794928335171,"2015-12-08"
4.80706834793091,907,904,0.996692392502756,"2015-12-09"
4.80793952941895,907,903,0.995589856670342,"2015-12-10"
4.80786561965942,907,904,0.996692392502756,"2015-12-11"
4.80675077438354,907,907,1,"2015-12-12"
4.81081342697144,907,903,0.995589856670342,"2015-12-13"
4.80780839920044,907,903,0.995589856670342,"2015-12-14"
4.81088733673096,907,902,0.994487320837927,"2015-12-15"
3.17910122871399,907,904,0.996692392502756,"2015-12-16"
4.81088066101074,907,902,0.994487320837927,"2015-12-17"
4.80981397628784,907,904,0.996692392502756,"2015-12-18"
4.55416679382324,907,904,0.996692392502756,"2015-12-19"
4.80711889266968,907,905,0.997794928335171,"2015-12-20"
4.80793285369873,907,903,0.995589856670342,"2015-12-21"
3.45809602737427,907,905,0.997794928335171,"2015-12-22"
4.80674409866333,907,907,1,"2015-12-23"
4.80981397628784,907,904,0.996692392502756,"2015-12-24"
4.31518650054932,907,904,0.996692392502756,"2015-12-25"
4.80793285369873,907,903,0.995589856670342,"2015-12-26"
4.80785942077637,907,904,0.996692392502756,"2015-12-27"
3.6262891292572,907,904,0.996692392502756,"2015-12-28"
4.80257558822632,907,906,0.998897464167585,"2015-12-29"
4.47747230529785,907,901,0.993384785005513,"2015-12-30"
4.62817239761353,907,905,0.997794928335171,"2015-12-31"
NA,NA,NA,NA,"2016-08-13"
NA,NA,NA,NA,"2016-12-20"
4.55903673171997,907,904,0.996692392502756,"2016-01-01"
4.47166681289673,907,905,0.997794928335171,"2016-01-02"
4.07941722869873,907,903,0.995589856670342,"2016-01-03"
4.80036401748657,907,904,0.996692392502756,"2016-01-04"
4.80444383621216,907,904,0.996692392502756,"2016-01-05"
4.8033299446106,907,907,1,"2016-01-06"
2.68809199333191,907,905,0.997794928335171,"2016-01-07"
4.7966685295105,907,907,1,"2016-01-08"
3.64088225364685,907,907,1,"2016-01-09"
4.10646390914917,907,901,0.993384785005513,"2016-01-10"
3.92722415924072,907,900,0.992282249173098,"2016-01-11"
4.69670057296753,907,906,0.998897464167585,"2016-01-12"
4.70083236694336,907,902,0.994487320837927,"2016-01-13"
4.69407892227173,907,904,0.996692392502756,"2016-01-14"
4.02662229537964,907,907,1,"2016-01-15"
4.67084503173828,907,902,0.994487320837927,"2016-01-16"
4.66792726516724,907,904,0.996692392502756,"2016-01-17"
4.66683769226074,907,907,1,"2016-01-18"
4.63307428359985,907,904,0.996692392502756,"2016-01-19"
4.1447958946228,907,905,0.997794928335171,"2016-01-20"
4.66792726516724,907,904,0.996692392502756,"2016-01-21"
4.66792726516724,907,904,0.996692392502756,"2016-01-22"
4.66803455352783,907,904,0.996692392502756,"2016-01-23"
4.03099060058594,907,907,1,"2016-01-24"
4.19525623321533,907,904,0.996692392502756,"2016-01-25"
4.66761636734009,907,903,0.995589856670342,"2016-01-26"
4.66799831390381,907,903,0.995589856670342,"2016-01-27"
4.67084503173828,907,902,0.994487320837927,"2016-01-28"
4.66690921783447,907,906,0.998897464167585,"2016-01-29"
4.66761636734009,907,903,0.995589856670342,"2016-01-30"
4.66761636734009,907,903,0.995589856670342,"2016-01-31"
3.693608045578,907,905,0.997794928335171,"2016-02-01"
4.66720485687256,907,905,0.997794928335171,"2016-02-02"
4.66792726516724,907,904,0.996692392502756,"2016-02-03"
4.66761636734009,907,903,0.995589856670342,"2016-02-04"
4.66792726516724,907,904,0.996692392502756,"2016-02-05"
4.63029336929321,907,902,0.994487320837927,"2016-02-06"
4.49820470809937,907,904,0.996692392502756,"2016-02-07"
3.48527431488037,907,902,0.994487320837927,"2016-02-08"
4.62094306945801,907,905,0.997794928335171,"2016-02-09"
4.62069702148438,907,905,0.997794928335171,"2016-02-10"
3.92424058914185,907,901,0.993384785005513,"2016-02-11"
4.62012100219727,907,906,0.998897464167585,"2016-02-12"
4.62115001678467,907,904,0.996692392502756,"2016-02-13"
4.62115001678467,907,904,0.996692392502756,"2016-02-14"
4.62012529373169,907,904,0.996692392502756,"2016-02-15"
3.44177865982056,907,907,1,"2016-02-16"
4.62012100219727,907,906,0.998897464167585,"2016-02-17"
4.62115001678467,907,904,0.996692392502756,"2016-02-18"
4.6200737953186,907,907,1,"2016-02-19"
4.6200737953186,907,907,1,"2016-02-20"
4.51031732559204,907,904,0.996692392502756,"2016-02-21"
3.86708283424377,907,901,0.993384785005513,"2016-02-22"
4.22882127761841,907,907,1,"2016-02-23"
4.620436668396,907,905,0.997794928335171,"2016-02-24"
4.11150169372559,907,904,0.996692392502756,"2016-02-25"
4.62083864212036,907,903,0.995589856670342,"2016-02-26"
4.6200737953186,907,907,1,"2016-02-27"
4.62115001678467,907,904,0.996692392502756,"2016-02-28"
4.62115001678467,907,904,0.996692392502756,"2016-02-29"
4.6200737953186,907,907,1,"2016-03-01"
4.620436668396,907,905,0.997794928335171,"2016-03-02"
4.62115001678467,907,904,0.996692392502756,"2016-03-03"
4.62372159957886,907,901,0.993384785005513,"2016-03-04"
4.62122058868408,907,903,0.995589856670342,"2016-03-05"
4.61980962753296,907,905,0.997794928335171,"2016-03-06"
4.6200737953186,907,907,1,"2016-03-07"
4.56727695465088,907,903,0.995589856670342,"2016-03-08"
2.58086705207825,907,901,0.993384785005513,"2016-03-09"
4.62012100219727,907,906,0.998897464167585,"2016-03-10"
4.6200737953186,907,907,1,"2016-03-11"
4.6200737953186,907,907,1,"2016-03-12"
4.620436668396,907,905,0.997794928335171,"2016-03-13"
4.42930030822754,907,907,1,"2016-03-14"
4.10432481765747,907,907,1,"2016-03-15"
3.97658228874207,907,905,0.997794928335171,"2016-03-16"
5.51116943359375,907,903,0.995589856670342,"2016-03-17"
4.65898561477661,907,904,0.996692392502756,"2016-03-18"
4.58623313903809,907,903,0.995589856670342,"2016-03-19"
4.58583450317383,907,905,0.997794928335171,"2016-03-20"
4.50021696090698,907,905,0.997794928335171,"2016-03-21"
4.58552169799805,907,906,0.998897464167585,"2016-03-22"
4.58868408203125,907,903,0.995589856670342,"2016-03-23"
4.58623313903809,907,903,0.995589856670342,"2016-03-24"
4.18695640563965,907,905,0.997794928335171,"2016-03-25"
4.58654594421387,907,904,0.996692392502756,"2016-03-26"
4.58661556243896,907,903,0.995589856670342,"2016-03-27"
4.73108005523682,907,903,0.995589856670342,"2016-03-28"
4.53090381622314,907,902,0.994487320837927,"2016-03-29"
4.51421546936035,907,903,0.995589856670342,"2016-03-30"
4.64168787002563,907,905,0.997794928335171,"2016-03-31"
4.63339424133301,907,904,0.996692392502756,"2016-04-01"
4.8088231086731,907,906,0.998897464167585,"2016-04-02"
4.60472583770752,907,903,0.995589856670342,"2016-04-03"
4.61649131774902,907,901,0.993384785005513,"2016-04-04"
4.61606693267822,907,902,0.994487320837927,"2016-04-05"
4.60390567779541,907,904,0.996692392502756,"2016-04-06"
4.74123477935791,907,905,0.997794928335171,"2016-04-07"
4.53712892532349,907,902,0.994487320837927,"2016-04-08"
4.67368030548096,907,901,0.993384785005513,"2016-04-09"
4.87104368209839,907,901,0.993384785005513,"2016-04-10"
4.67807722091675,907,902,0.994487320837927,"2016-04-11"
4.69537544250488,907,907,1,"2016-04-12"
4.69574785232544,907,905,0.997794928335171,"2016-04-13"
4.69624614715576,907,903,0.995589856670342,"2016-04-14"
4.53374624252319,907,906,0.998897464167585,"2016-04-15"
4.69537544250488,907,907,1,"2016-04-16"
4.69551372528076,907,904,0.996692392502756,"2016-04-17"
5.01082420349121,907,906,0.998897464167585,"2016-04-18"
4.33664321899414,907,907,1,"2016-04-19"
4.45152187347412,907,905,0.997794928335171,"2016-04-20"
4.72828149795532,907,904,0.996692392502756,"2016-04-21"
4.60667848587036,907,906,0.998897464167585,"2016-04-22"
4.68570947647095,907,904,0.996692392502756,"2016-04-23"
4.69537544250488,907,907,1,"2016-04-24"
4.26483821868896,907,906,0.998897464167585,"2016-04-25"
4.69537544250488,907,907,1,"2016-04-26"
4.70249795913696,907,901,0.993384785005513,"2016-04-27"
4.69648027420044,907,904,0.996692392502756,"2016-04-28"
4.69655179977417,907,903,0.995589856670342,"2016-04-29"
4.270583152771,907,905,0.997794928335171,"2016-04-30"
4.65491008758545,907,904,0.996692392502756,"2016-05-01"
4.90795040130615,907,903,0.995589856670342,"2016-05-02"
4.71078968048096,907,907,1,"2016-05-03"
4.71078968048096,907,907,1,"2016-05-04"
4.13019752502441,907,907,1,"2016-05-05"
4.46388816833496,907,904,0.996692392502756,"2016-05-06"
4.86879253387451,907,903,0.995589856670342,"2016-05-07"
3.40357685089111,907,904,0.996692392502756,"2016-05-08"
NA,907,0,0,"2016-05-09"
4.33439970016479,907,902,0.994487320837927,"2016-05-10"
4.20244264602661,907,905,0.997794928335171,"2016-05-11"
4.46168661117554,907,905,0.997794928335171,"2016-05-12"
4.99150705337524,907,903,0.995589856670342,"2016-05-13"
NA,907,0,0,"2016-05-14"
NA,907,0,0,"2016-05-15"
NA,907,0,0,"2016-05-16"
3.60058879852295,907,907,1,"2016-05-17"
3.72031497955322,907,903,0.995589856670342,"2016-05-18"
4.55020093917847,907,901,0.993384785005513,"2016-05-19"
NA,907,0,0,"2016-05-20"
NA,907,0,0,"2016-05-21"
NA,907,0,0,"2016-05-22"
4.54313611984253,907,907,1,"2016-05-23"
4.04582595825195,907,900,0.992282249173098,"2016-05-24"
NA,907,0,0,"2016-05-25"
NA,907,0,0,"2016-05-26"
NA,907,0,0,"2016-05-27"
NA,907,0,0,"2016-05-28"
NA,907,0,0,"2016-05-29"
NA,907,0,0,"2016-05-30"
NA,907,0,0,"2016-05-31"
NA,907,0,0,"2016-06-01"
NA,907,0,0,"2016-06-02"
NA,907,0,0,"2016-06-03"
NA,907,0,0,"2016-06-04"
NA,907,0,0,"2016-06-05"
NA,907,0,0,"2016-06-06"
NA,907,0,0,"2016-06-07"
NA,907,0,0,"2016-06-08"
NA,907,0,0,"2016-06-09"
NA,907,0,0,"2016-06-10"
NA,907,0,0,"2016-06-11"
NA,907,0,0,"2016-06-12"
NA,907,0,0,"2016-06-13"
NA,907,0,0,"2016-06-14"
NA,907,0,0,"2016-06-15"
NA,907,0,0,"2016-06-16"
NA,907,0,0,"2016-06-17"
NA,907,0,0,"2016-06-18"
NA,907,0,0,"2016-06-19"
NA,907,0,0,"2016-06-20"
NA,907,0,0,"2016-06-21"
NA,907,0,0,"2016-06-22"
NA,907,0,0,"2016-06-23"
NA,907,0,0,"2016-06-24"
NA,907,0,0,"2016-06-25"
NA,907,0,0,"2016-06-26"
NA,907,0,0,"2016-06-27"
NA,907,0,0,"2016-06-28"
NA,907,0,0,"2016-06-29"
NA,907,0,0,"2016-06-30"
NA,907,0,0,"2016-07-01"
NA,907,0,0,"2016-07-02"
NA,907,0,0,"2016-07-03"
NA,907,0,0,"2016-07-04"
NA,907,0,0,"2016-07-05"
NA,907,0,0,"2016-07-06"
NA,907,0,0,"2016-07-07"
NA,907,0,0,"2016-07-08"
NA,907,0,0,"2016-07-09"
NA,907,0,0,"2016-07-10"
4.29375696182251,907,746,0.822491730981257,"2016-07-11"
NA,907,0,0,"2016-07-12"
NA,907,0,0,"2016-07-13"
NA,907,0,0,"2016-07-14"
NA,907,0,0,"2016-07-15"
3.61673188209534,907,903,0.995589856670342,"2016-07-16"
NA,907,0,0,"2016-07-17"
NA,907,0,0,"2016-07-18"
NA,907,0,0,"2016-07-19"
4.33643579483032,907,904,0.996692392502756,"2016-07-20"
5.12038278579712,907,907,1,"2016-07-21"
4.54308843612671,907,906,0.998897464167585,"2016-07-22"
NA,907,0,0,"2016-07-23"
NA,907,0,0,"2016-07-24"
4.1548318862915,907,903,0.995589856670342,"2016-07-25"
4.68316459655762,907,903,0.995589856670342,"2016-07-26"
5.14970684051514,907,907,1,"2016-07-27"
NA,907,0,0,"2016-07-28"
4.23664903640747,907,907,1,"2016-07-29"
4.34558010101318,907,903,0.995589856670342,"2016-07-30"
4.39815759658813,907,902,0.994487320837927,"2016-07-31"
5.0837345123291,907,905,0.997794928335171,"2016-08-01"
NA,907,0,0,"2016-08-02"
1.64507758617401,907,904,0.996692392502756,"2016-08-03"
4.12110280990601,907,904,0.996692392502756,"2016-08-04"
4.68736219406128,907,907,1,"2016-08-05"
5.19024324417114,907,901,0.993384785005513,"2016-08-06"
4.74232769012451,907,903,0.995589856670342,"2016-08-07"
4.68505620956421,907,906,0.998897464167585,"2016-08-08"
2.83423376083374,907,905,0.997794928335171,"2016-08-09"
2.64989161491394,907,904,0.996692392502756,"2016-08-10"
4.74938201904297,907,903,0.995589856670342,"2016-08-11"
4.19378280639648,907,904,0.996692392502756,"2016-08-12"
4.31167030334473,907,904,0.996692392502756,"2016-08-14"
4.54124927520752,907,903,0.995589856670342,"2016-08-15"
4.56743288040161,907,903,0.995589856670342,"2016-08-16"
4.35628461837769,907,904,0.996692392502756,"2016-08-17"
4.35544872283936,907,907,1,"2016-08-18"
4.91201019287109,907,905,0.997794928335171,"2016-08-19"
4.33855676651001,907,907,1,"2016-08-20"
4.57365751266479,907,904,0.996692392502756,"2016-08-21"
4.47638559341431,907,903,0.995589856670342,"2016-08-22"
4.34690237045288,907,907,1,"2016-08-23"
4.96632051467896,907,905,0.997794928335171,"2016-08-24"
4.39272594451904,907,904,0.996692392502756,"2016-08-25"
4.36957740783691,907,907,1,"2016-08-26"
4.69081687927246,907,904,0.996692392502756,"2016-08-27"
3.81397771835327,907,903,0.995589856670342,"2016-08-28"
4.73987770080566,907,907,1,"2016-08-29"
4.41934299468994,907,903,0.995589856670342,"2016-08-30"
4.73831796646118,907,905,0.997794928335171,"2016-08-31"
3.2129385471344,907,906,0.998897464167585,"2016-09-01"
4.71870756149292,907,901,0.993384785005513,"2016-09-02"
4.04571533203125,907,907,1,"2016-09-03"
4.33645009994507,907,903,0.995589856670342,"2016-09-04"
4.73954677581787,907,903,0.995589856670342,"2016-09-05"
4.71282529830933,907,904,0.996692392502756,"2016-09-06"
3.58619427680969,907,903,0.995589856670342,"2016-09-07"
3.26639652252197,907,905,0.997794928335171,"2016-09-08"
4.61327600479126,907,904,0.996692392502756,"2016-09-09"
2.15090751647949,907,903,0.995589856670342,"2016-09-10"
4.65426778793335,907,901,0.993384785005513,"2016-09-11"
4.46388626098633,907,904,0.996692392502756,"2016-09-12"
4.31216287612915,907,904,0.996692392502756,"2016-09-13"
4.51625537872314,907,903,0.995589856670342,"2016-09-14"
4.33992767333984,907,904,0.996692392502756,"2016-09-15"
4.86477041244507,907,904,0.996692392502756,"2016-09-16"
4.86398696899414,907,905,0.997794928335171,"2016-09-17"
4.1274790763855,907,905,0.997794928335171,"2016-09-18"
3.68118214607239,907,904,0.996692392502756,"2016-09-19"
4.09841775894165,907,902,0.994487320837927,"2016-09-20"
4.08879804611206,907,903,0.995589856670342,"2016-09-21"
4.43465900421143,907,903,0.995589856670342,"2016-09-22"
4.86358833312988,907,907,1,"2016-09-23"
3.32384467124939,907,904,0.996692392502756,"2016-09-24"
4.01906061172485,907,907,1,"2016-09-25"
4.42236328125,907,905,0.997794928335171,"2016-09-26"
4.27802705764771,907,903,0.995589856670342,"2016-09-27"
4.40097379684448,907,907,1,"2016-09-28"
4.1846399307251,907,906,0.998897464167585,"2016-09-29"
4.48973083496094,907,904,0.996692392502756,"2016-09-30"
4.71073484420776,907,904,0.996692392502756,"2016-10-01"
4.81495141983032,907,901,0.993384785005513,"2016-10-02"
4.33831262588501,907,906,0.998897464167585,"2016-10-03"
4.83997821807861,907,904,0.996692392502756,"2016-10-04"
4.84004735946655,907,903,0.995589856670342,"2016-10-05"
4.8428521156311,907,902,0.994487320837927,"2016-10-06"
4.43627023696899,907,901,0.993384785005513,"2016-10-07"
4.84723424911499,907,901,0.993384785005513,"2016-10-08"
3.36109924316406,907,904,0.996692392502756,"2016-10-09"
4.23319578170776,907,905,0.997794928335171,"2016-10-10"
5.05488967895508,907,904,0.996692392502756,"2016-10-11"
4.32674646377563,907,907,1,"2016-10-12"
4.94422245025635,907,907,1,"2016-10-13"
4.94539213180542,907,904,0.996692392502756,"2016-10-14"
4.94420576095581,907,906,0.998897464167585,"2016-10-15"
4.94539213180542,907,904,0.996692392502756,"2016-10-16"
4.9442572593689,907,905,0.997794928335171,"2016-10-17"
4.94537544250488,907,903,0.995589856670342,"2016-10-18"
4.38391971588135,907,907,1,"2016-10-19"
4.94539213180542,907,904,0.996692392502756,"2016-10-20"
4.94422245025635,907,907,1,"2016-10-21"
3.3685462474823,907,906,0.998897464167585,"2016-10-22"
4.94539213180542,907,904,0.996692392502756,"2016-10-23"
4.94539213180542,907,904,0.996692392502756,"2016-10-24"
4.94422245025635,907,907,1,"2016-10-25"
4.94838905334473,907,902,0.994487320837927,"2016-10-26"
4.94539213180542,907,904,0.996692392502756,"2016-10-27"
4.86956834793091,907,904,0.996692392502756,"2016-10-28"
4.94539213180542,907,904,0.996692392502756,"2016-10-29"
4.49229860305786,907,901,0.993384785005513,"2016-10-30"
4.94419717788696,907,906,0.998897464167585,"2016-10-31"
4.94538402557373,907,904,0.996692392502756,"2016-11-01"
4.95297479629517,907,901,0.993384785005513,"2016-11-02"
4.81068181991577,907,903,0.995589856670342,"2016-11-03"
4.45561552047729,907,907,1,"2016-11-04"
4.86033916473389,907,904,0.996692392502756,"2016-11-05"
3.59651494026184,907,907,1,"2016-11-06"
4.85919284820557,907,907,1,"2016-11-07"
4.85919284820557,907,907,1,"2016-11-08"
4.85919284820557,907,907,1,"2016-11-09"
3.93797302246094,907,907,1,"2016-11-10"
4.8596248626709,907,904,0.996692392502756,"2016-11-11"
4.85924577713013,907,906,0.998897464167585,"2016-11-12"
4.86034107208252,907,904,0.996692392502756,"2016-11-13"
3.51187586784363,907,907,1,"2016-11-14"
4.86034107208252,907,904,0.996692392502756,"2016-11-15"
3.43673801422119,907,902,0.994487320837927,"2016-11-16"
3.83956718444824,907,903,0.995589856670342,"2016-11-17"
3.86861681938171,907,905,0.997794928335171,"2016-11-18"
4.86032485961914,907,903,0.995589856670342,"2016-11-19"
4.86330461502075,907,902,0.994487320837927,"2016-11-20"
4.84332370758057,907,906,0.998897464167585,"2016-11-21"
4.86330461502075,907,902,0.994487320837927,"2016-11-22"
4.86251544952393,907,903,0.995589856670342,"2016-11-23"
4.85919284820557,907,907,1,"2016-11-24"
4.86251544952393,907,903,0.995589856670342,"2016-11-25"
4.86034107208252,907,904,0.996692392502756,"2016-11-26"
3.14808750152588,907,903,0.995589856670342,"2016-11-27"
3.38588237762451,907,907,1,"2016-11-28"
4.00769710540771,907,907,1,"2016-11-29"
4.69888353347778,907,903,0.995589856670342,"2016-11-30"
3.96452879905701,907,902,0.994487320837927,"2016-12-01"
4.6759352684021,907,906,0.998897464167585,"2016-12-02"
3.36371231079102,907,902,0.994487320837927,"2016-12-03"
3.2772433757782,907,907,1,"2016-12-04"
4.52572679519653,907,907,1,"2016-12-05"
6.85444259643555,907,902,0.994487320837927,"2016-12-06"
7.13035440444946,907,905,0.997794928335171,"2016-12-07"
4.82424020767212,907,904,0.996692392502756,"2016-12-08"
4.64897203445435,907,907,1,"2016-12-09"
3.98888778686523,907,907,1,"2016-12-10"
4.69632816314697,907,907,1,"2016-12-11"
4.69716835021973,907,904,0.996692392502756,"2016-12-12"
4.69584465026855,907,906,0.998897464167585,"2016-12-13"
7.91164302825928,907,905,0.997794928335171,"2016-12-14"
6.24214172363281,907,903,0.995589856670342,"2016-12-15"
6.95086336135864,907,903,0.995589856670342,"2016-12-16"
6.43396425247192,907,903,0.995589856670342,"2016-12-17"
4.69716835021973,907,904,0.996692392502756,"2016-12-18"
4.69606256484985,907,906,0.998897464167585,"2016-12-19"
5.99492216110229,907,904,0.996692392502756,"2016-12-21"
4.69606256484985,907,906,0.998897464167585,"2016-12-22"
4.69640636444092,907,905,0.997794928335171,"2016-12-23"
4.69816064834595,907,905,0.997794928335171,"2016-12-24"
5.41565370559692,907,904,0.996692392502756,"2016-12-25"
2.98661589622498,907,904,0.996692392502756,"2016-12-26"
4.73210906982422,907,902,0.994487320837927,"2016-12-27"
4.73133993148804,907,903,0.995589856670342,"2016-12-28"
4.72789525985718,907,906,0.998897464167585,"2016-12-29"
3.7790048122406,907,905,0.997794928335171,"2016-12-30"
3.73224139213562,907,903,0.995589856670342,"2016-12-31"
NA,NA,NA,NA,"2017-09-29"
4.58605861663818,907,907,1,"2017-01-01"
9.35712623596191,907,906,0.998897464167585,"2017-01-02"
9.74886512756348,907,904,0.996692392502756,"2017-01-03"
9.94357776641846,907,904,0.996692392502756,"2017-01-04"
8.63837909698486,907,903,0.995589856670342,"2017-01-05"
4.03134870529175,907,901,0.993384785005513,"2017-01-06"
7.10696458816528,907,902,0.994487320837927,"2017-01-07"
5.86740016937256,907,907,1,"2017-01-08"
4.99281692504883,907,905,0.997794928335171,"2017-01-09"
5.67097902297974,907,903,0.995589856670342,"2017-01-10"
6.40135478973389,907,903,0.995589856670342,"2017-01-11"
6.01954650878906,907,903,0.995589856670342,"2017-01-12"
5.90660715103149,907,904,0.996692392502756,"2017-01-13"
5.65983152389526,907,904,0.996692392502756,"2017-01-14"
5.90526819229126,907,906,0.998897464167585,"2017-01-15"
5.90660715103149,907,904,0.996692392502756,"2017-01-16"
5.91605043411255,907,901,0.993384785005513,"2017-01-17"
5.90520238876343,907,907,1,"2017-01-18"
5.90669679641724,907,903,0.995589856670342,"2017-01-19"
5.84315824508667,907,904,0.996692392502756,"2017-01-20"
5.9090838432312,907,904,0.996692392502756,"2017-01-21"
3.93732690811157,907,903,0.995589856670342,"2017-01-22"
3.99213862419128,907,904,0.996692392502756,"2017-01-23"
4.07688856124878,907,904,0.996692392502756,"2017-01-24"
5.68371915817261,907,905,0.997794928335171,"2017-01-25"
4.77775382995605,907,906,0.998897464167585,"2017-01-26"
3.45620632171631,907,903,0.995589856670342,"2017-01-27"
4.46636581420898,907,903,0.995589856670342,"2017-01-28"
5.619300365448,907,901,0.993384785005513,"2017-01-29"
3.12476921081543,907,907,1,"2017-01-30"
4.74919509887695,907,907,1,"2017-01-31"
4.73763179779053,907,907,1,"2017-02-01"
5.01735973358154,907,903,0.995589856670342,"2017-02-02"
5.21176910400391,907,906,0.998897464167585,"2017-02-03"
5.58753395080566,907,906,0.998897464167585,"2017-02-04"
7.88337135314941,907,902,0.994487320837927,"2017-02-05"
5.88668155670166,907,904,0.996692392502756,"2017-02-06"
7.02521944046021,907,904,0.996692392502756,"2017-02-07"
6.1751651763916,907,907,1,"2017-02-08"
5.88244390487671,907,907,1,"2017-02-09"
6.01789045333862,907,907,1,"2017-02-10"
5.88244390487671,907,907,1,"2017-02-11"
5.88259983062744,907,905,0.997794928335171,"2017-02-12"
5.84306716918945,907,906,0.998897464167585,"2017-02-13"
5.2676305770874,907,904,0.996692392502756,"2017-02-14"
5.88363409042358,907,903,0.995589856670342,"2017-02-15"
5.88274574279785,907,904,0.996692392502756,"2017-02-16"
5.88244390487671,907,907,1,"2017-02-17"
5.88363409042358,907,903,0.995589856670342,"2017-02-18"
5.88250923156738,907,906,0.998897464167585,"2017-02-19"
5.7661566734314,907,905,0.997794928335171,"2017-02-20"
4.2337532043457,907,904,0.996692392502756,"2017-02-21"
4.42407035827637,907,904,0.996692392502756,"2017-02-22"
4.14270448684692,907,902,0.994487320837927,"2017-02-23"
5.84023427963257,907,907,1,"2017-02-24"
4.58237934112549,907,904,0.996692392502756,"2017-02-25"
5.79282903671265,907,907,1,"2017-02-26"
4.9423770904541,907,905,0.997794928335171,"2017-02-27"
4.97430610656738,907,907,1,"2017-02-28"
5.78380823135376,907,905,0.997794928335171,"2017-03-01"
5.7833833694458,907,906,0.998897464167585,"2017-03-02"
5.7833833694458,907,906,0.998897464167585,"2017-03-03"
5.78850603103638,907,902,0.994487320837927,"2017-03-04"
5.78347206115723,907,905,0.997794928335171,"2017-03-05"
5.78389739990234,907,904,0.996692392502756,"2017-03-06"
5.75567817687988,907,906,0.998897464167585,"2017-03-07"
4.44865846633911,907,907,1,"2017-03-08"
5.77775430679321,907,907,1,"2017-03-09"
5.7833833694458,907,906,0.998897464167585,"2017-03-10"
5.79407548904419,907,901,0.993384785005513,"2017-03-11"
5.78380823135376,907,905,0.997794928335171,"2017-03-12"
5.78380823135376,907,905,0.997794928335171,"2017-03-13"
5.78467702865601,907,904,0.996692392502756,"2017-03-14"
5.78389739990234,907,904,0.996692392502756,"2017-03-15"
3.84110999107361,907,904,0.996692392502756,"2017-03-16"
5.78447151184082,907,903,0.995589856670342,"2017-03-17"
5.78467702865601,907,904,0.996692392502756,"2017-03-18"
5.35468816757202,907,904,0.996692392502756,"2017-03-19"
5.5850682258606,907,907,1,"2017-03-20"
4.71469831466675,907,903,0.995589856670342,"2017-03-21"
5.7785210609436,907,905,0.997794928335171,"2017-03-22"
5.77972459793091,907,904,0.996692392502756,"2017-03-23"
5.61667490005493,907,904,0.996692392502756,"2017-03-24"
5.77836751937866,907,907,1,"2017-03-25"
5.77951908111572,907,903,0.995589856670342,"2017-03-26"
5.77972459793091,907,904,0.996692392502756,"2017-03-27"
5.77981281280518,907,903,0.995589856670342,"2017-03-28"
5.78247594833374,907,902,0.994487320837927,"2017-03-29"
3.98617839813232,907,905,0.997794928335171,"2017-03-30"
4.98800468444824,907,904,0.996692392502756,"2017-03-31"
5.6393895149231,907,904,0.996692392502756,"2017-04-01"
4.98990774154663,907,906,0.998897464167585,"2017-04-02"
5.11033916473389,907,903,0.995589856670342,"2017-04-03"
5.61136293411255,907,906,0.998897464167585,"2017-04-04"
5.61296272277832,907,903,0.995589856670342,"2017-04-05"
5.61180067062378,907,904,0.996692392502756,"2017-04-06"
5.61180067062378,907,904,0.996692392502756,"2017-04-07"
5.61549377441406,907,902,0.994487320837927,"2017-04-08"
5.13064193725586,907,903,0.995589856670342,"2017-04-09"
5.6121244430542,907,904,0.996692392502756,"2017-04-10"
3.56746220588684,907,903,0.995589856670342,"2017-04-11"
5.62194490432739,907,901,0.993384785005513,"2017-04-12"
5.61203861236572,907,905,0.997794928335171,"2017-04-13"
5.6208643913269,907,901,0.993384785005513,"2017-04-14"
5.612877368927,907,904,0.996692392502756,"2017-04-15"
5.06896162033081,907,903,0.995589856670342,"2017-04-16"
5.612877368927,907,904,0.996692392502756,"2017-04-17"
5.61263942718506,907,903,0.995589856670342,"2017-04-18"
5.54553318023682,907,903,0.995589856670342,"2017-04-19"
5.61657238006592,907,902,0.994487320837927,"2017-04-20"
5.39701080322266,907,904,0.996692392502756,"2017-04-21"
4.6689281463623,907,907,1,"2017-04-22"
5.66727781295776,907,904,0.996692392502756,"2017-04-23"
5.67631435394287,907,901,0.993384785005513,"2017-04-24"
5.52436828613281,907,903,0.995589856670342,"2017-04-25"
5.54033088684082,907,903,0.995589856670342,"2017-04-26"
5.40780305862427,907,907,1,"2017-04-27"
4.78426551818848,907,905,0.997794928335171,"2017-04-28"
5.23831415176392,907,903,0.995589856670342,"2017-04-29"
2.94241189956665,907,903,0.995589856670342,"2017-04-30"
5.62482833862305,907,905,0.997794928335171,"2017-05-01"
4.69112205505371,907,905,0.997794928335171,"2017-05-02"
5.60297203063965,907,901,0.993384785005513,"2017-05-03"
3.85278677940369,907,903,0.995589856670342,"2017-05-04"
5.59321975708008,907,907,1,"2017-05-05"
5.5931658744812,907,906,0.998897464167585,"2017-05-06"
NA,907,0,0,"2017-05-07"
5.59732103347778,907,903,0.995589856670342,"2017-05-08"
4.78095960617065,907,903,0.995589856670342,"2017-05-09"
4.52680110931396,907,906,0.998897464167585,"2017-05-10"
5.59322834014893,907,905,0.997794928335171,"2017-05-11"
NA,907,0,0,"2017-05-12"
NA,907,0,0,"2017-05-13"
5.60015964508057,907,903,0.995589856670342,"2017-05-14"
5.59906482696533,907,901,0.993384785005513,"2017-05-15"
5.60297203063965,907,901,0.993384785005513,"2017-05-16"
NA,907,0,0,"2017-05-17"
NA,907,0,0,"2017-05-18"
NA,907,0,0,"2017-05-19"
4.81574296951294,907,902,0.994487320837927,"2017-05-20"
5.23797655105591,907,903,0.995589856670342,"2017-05-21"
5.58643484115601,907,901,0.993384785005513,"2017-05-22"
NA,907,0,0,"2017-05-23"
NA,907,0,0,"2017-05-24"
NA,907,0,0,"2017-05-25"
NA,907,0,0,"2017-05-26"
5.65550374984741,907,907,1,"2017-05-27"
NA,907,0,0,"2017-05-28"
NA,907,0,0,"2017-05-29"
NA,907,0,0,"2017-05-30"
NA,907,0,0,"2017-05-31"
NA,907,0,0,"2017-06-01"
NA,907,0,0,"2017-06-02"
NA,907,0,0,"2017-06-03"
NA,907,0,0,"2017-06-04"
NA,907,0,0,"2017-06-05"
NA,907,0,0,"2017-06-06"
NA,907,0,0,"2017-06-07"
NA,907,0,0,"2017-06-08"
NA,907,0,0,"2017-06-09"
NA,907,0,0,"2017-06-10"
NA,907,0,0,"2017-06-11"
NA,907,0,0,"2017-06-12"
NA,907,0,0,"2017-06-13"
NA,907,0,0,"2017-06-14"
NA,907,0,0,"2017-06-15"
NA,907,0,0,"2017-06-16"
NA,907,0,0,"2017-06-17"
NA,907,0,0,"2017-06-18"
NA,907,0,0,"2017-06-19"
NA,907,0,0,"2017-06-20"
NA,907,0,0,"2017-06-21"
NA,907,0,0,"2017-06-22"
NA,907,0,0,"2017-06-23"
NA,907,0,0,"2017-06-24"
NA,907,0,0,"2017-06-25"
NA,907,0,0,"2017-06-26"
NA,907,0,0,"2017-06-27"
NA,907,0,0,"2017-06-28"
NA,907,0,0,"2017-06-29"
NA,907,0,0,"2017-06-30"
NA,907,0,0,"2017-07-01"
NA,907,0,0,"2017-07-02"
NA,907,0,0,"2017-07-03"
NA,907,0,0,"2017-07-04"
NA,907,0,0,"2017-07-05"
NA,907,0,0,"2017-07-06"
NA,907,0,0,"2017-07-07"
NA,907,0,0,"2017-07-08"
NA,907,0,0,"2017-07-09"
NA,907,0,0,"2017-07-10"
NA,907,0,0,"2017-07-11"
NA,907,0,0,"2017-07-12"
NA,907,0,0,"2017-07-13"
5.59335994720459,907,907,1,"2017-07-14"
NA,907,0,0,"2017-07-15"
NA,907,0,0,"2017-07-16"
NA,907,0,0,"2017-07-17"
4.52092885971069,907,904,0.996692392502756,"2017-07-18"
5.45740365982056,907,901,0.993384785005513,"2017-07-19"
NA,907,0,0,"2017-07-20"
NA,907,0,0,"2017-07-21"
NA,907,0,0,"2017-07-22"
2.86876845359802,907,906,0.998897464167585,"2017-07-23"
4.88089609146118,907,907,1,"2017-07-24"
5.5786657333374,907,907,1,"2017-07-25"
NA,907,0,0,"2017-07-26"
5.58360242843628,907,902,0.994487320837927,"2017-07-27"
4.46466827392578,907,907,1,"2017-07-28"
5.02748203277588,907,904,0.996692392502756,"2017-07-29"
5.53955745697021,907,907,1,"2017-07-30"
NA,907,0,0,"2017-07-31"
4.21850538253784,907,907,1,"2017-08-01"
3.75564384460449,907,904,0.996692392502756,"2017-08-02"
3.41223526000977,907,903,0.995589856670342,"2017-08-03"
3.60532402992249,907,903,0.995589856670342,"2017-08-04"
NA,907,0,0,"2017-08-05"
3.99020338058472,907,904,0.996692392502756,"2017-08-06"
3.96160793304443,907,902,0.994487320837927,"2017-08-07"
3.70139670372009,907,905,0.997794928335171,"2017-08-08"
3.22356653213501,907,903,0.995589856670342,"2017-08-09"
3.85753607749939,907,904,0.996692392502756,"2017-08-10"
4.33451843261719,907,902,0.994487320837927,"2017-08-11"
4.0456371307373,907,904,0.996692392502756,"2017-08-12"
5.30954647064209,907,907,1,"2017-08-13"
4.53043127059937,907,904,0.996692392502756,"2017-08-14"
4.3936505317688,907,904,0.996692392502756,"2017-08-15"
4.90106868743896,907,904,0.996692392502756,"2017-08-16"
5.17935991287231,907,902,0.994487320837927,"2017-08-17"
5.17872667312622,907,907,1,"2017-08-18"
4.64961242675781,907,903,0.995589856670342,"2017-08-19"
5.231041431427,907,904,0.996692392502756,"2017-08-20"
4.70453834533691,907,904,0.996692392502756,"2017-08-21"
4.48305559158325,907,903,0.995589856670342,"2017-08-22"
4.4050235748291,907,906,0.998897464167585,"2017-08-23"
2.92584657669067,907,904,0.996692392502756,"2017-08-24"
5.06619834899902,907,905,0.997794928335171,"2017-08-25"
4.52150678634644,907,904,0.996692392502756,"2017-08-26"
4.82258749008179,907,904,0.996692392502756,"2017-08-27"
4.38195753097534,907,905,0.997794928335171,"2017-08-28"
4.52038335800171,907,907,1,"2017-08-29"
4.72142887115479,907,902,0.994487320837927,"2017-08-30"
4.34250211715698,907,907,1,"2017-08-31"
4.36746025085449,907,904,0.996692392502756,"2017-09-01"
4.40681123733521,907,906,0.998897464167585,"2017-09-02"
4.32180070877075,907,903,0.995589856670342,"2017-09-03"
4.46029663085938,907,904,0.996692392502756,"2017-09-04"
4.85314607620239,907,905,0.997794928335171,"2017-09-05"
4.85277557373047,907,907,1,"2017-09-06"
4.24726533889771,907,906,0.998897464167585,"2017-09-07"
4.85387086868286,907,904,0.996692392502756,"2017-09-08"
4.85706043243408,907,902,0.994487320837927,"2017-09-09"
4.8538670539856,907,904,0.996692392502756,"2017-09-10"
3.53315544128418,907,905,0.997794928335171,"2017-09-11"
2.89111089706421,907,906,0.998897464167585,"2017-09-12"
4.4653205871582,907,903,0.995589856670342,"2017-09-13"
4.47457695007324,907,901,0.993384785005513,"2017-09-14"
4.46479892730713,907,901,0.993384785005513,"2017-09-15"
4.85243034362793,907,906,0.998897464167585,"2017-09-16"
4.8538670539856,907,904,0.996692392502756,"2017-09-17"
4.8275089263916,907,904,0.996692392502756,"2017-09-18"
4.85706043243408,907,902,0.994487320837927,"2017-09-19"
4.35331201553345,907,907,1,"2017-09-20"
4.84324789047241,907,905,0.997794928335171,"2017-09-21"
4.36850595474243,907,902,0.994487320837927,"2017-09-22"
4.80922985076904,907,904,0.996692392502756,"2017-09-23"
4.79131889343262,907,904,0.996692392502756,"2017-09-24"
4.80994272232056,907,903,0.995589856670342,"2017-09-25"
3.70266580581665,907,904,0.996692392502756,"2017-09-26"
4.35235166549683,907,906,0.998897464167585,"2017-09-27"
4.54393672943115,907,907,1,"2017-09-28"
4.83655691146851,907,904,0.996692392502756,"2017-09-30"
3.53189206123352,907,903,0.995589856670342,"2017-10-01"
4.8094277381897,907,903,0.995589856670342,"2017-10-02"
4.61559438705444,907,907,1,"2017-10-03"
4.36726808547974,907,905,0.997794928335171,"2017-10-04"
4.23064565658569,907,904,0.996692392502756,"2017-10-05"
4.8439154624939,907,900,0.992282249173098,"2017-10-06"
4.08640432357788,907,904,0.996692392502756,"2017-10-07"
4.34687948226929,907,903,0.995589856670342,"2017-10-08"
4.48925924301147,907,904,0.996692392502756,"2017-10-09"
4.83545351028442,907,907,1,"2017-10-10"
4.83655595779419,907,904,0.996692392502756,"2017-10-11"
4.83545351028442,907,907,1,"2017-10-12"
4.31128263473511,907,906,0.998897464167585,"2017-10-13"
4.83655595779419,907,904,0.996692392502756,"2017-10-14"
3.71185326576233,907,907,1,"2017-10-15"
4.83545351028442,907,907,1,"2017-10-16"
4.83620548248291,907,903,0.995589856670342,"2017-10-17"
4.8355073928833,907,906,0.998897464167585,"2017-10-18"
4.83620548248291,907,903,0.995589856670342,"2017-10-19"
4.01671361923218,907,905,0.997794928335171,"2017-10-20"
4.83545351028442,907,907,1,"2017-10-21"
3.72952318191528,907,907,1,"2017-10-22"
4.56175184249878,907,904,0.996692392502756,"2017-10-23"
4.29811096191406,907,904,0.996692392502756,"2017-10-24"
4.72089767456055,907,903,0.995589856670342,"2017-10-25"
3.71210908889771,907,904,0.996692392502756,"2017-10-26"
4.43954563140869,907,907,1,"2017-10-27"
4.30070638656616,907,906,0.998897464167585,"2017-10-28"
4.1935019493103,907,904,0.996692392502756,"2017-10-29"
5.26193761825562,907,904,0.996692392502756,"2017-10-30"
5.00509405136108,907,903,0.995589856670342,"2017-10-31"
4.35996246337891,907,904,0.996692392502756,"2017-11-01"
4.85403680801392,907,902,0.994487320837927,"2017-11-02"
5.00213956832886,907,905,0.997794928335171,"2017-11-03"
4.75757503509521,907,905,0.997794928335171,"2017-11-04"
5.00291728973389,907,903,0.995589856670342,"2017-11-05"
4.8792839050293,907,904,0.996692392502756,"2017-11-06"
5.00208902359009,907,906,0.998897464167585,"2017-11-07"
5.00213956832886,907,905,0.997794928335171,"2017-11-08"
5.00290393829346,907,904,0.996692392502756,"2017-11-09"
3.90100240707397,907,907,1,"2017-11-10"
4.11498880386353,907,904,0.996692392502756,"2017-11-11"
5.00291728973389,907,903,0.995589856670342,"2017-11-12"
5.00290393829346,907,904,0.996692392502756,"2017-11-13"
5.00175619125366,907,907,1,"2017-11-14"
5.00290393829346,907,904,0.996692392502756,"2017-11-15"
5.00290393829346,907,904,0.996692392502756,"2017-11-16"
4.42316865921021,907,906,0.998897464167585,"2017-11-17"
5.00175619125366,907,907,1,"2017-11-18"
5.00509405136108,907,903,0.995589856670342,"2017-11-19"
5.00290393829346,907,904,0.996692392502756,"2017-11-20"
5.00213956832886,907,905,0.997794928335171,"2017-11-21"
5.00290393829346,907,904,0.996692392502756,"2017-11-22"
5.00175619125366,907,907,1,"2017-11-23"
5.00213956832886,907,905,0.997794928335171,"2017-11-24"
5.00175619125366,907,907,1,"2017-11-25"
4.87252712249756,907,904,0.996692392502756,"2017-11-26"
3.24886465072632,907,907,1,"2017-11-27"
5.00190877914429,907,905,0.997794928335171,"2017-11-28"
3.83656191825867,907,907,1,"2017-11-29"
5.00293779373169,907,904,0.996692392502756,"2017-11-30"
5.00293779373169,907,904,0.996692392502756,"2017-12-01"
5.00190925598145,907,905,0.997794928335171,"2017-12-02"
4.0383505821228,907,905,0.997794928335171,"2017-12-03"
5.00183963775635,907,906,0.998897464167585,"2017-12-04"
4.59897518157959,907,904,0.996692392502756,"2017-12-05"
4.26206207275391,907,907,1,"2017-12-06"
3.90554285049438,907,907,1,"2017-12-07"
3.97901606559753,907,903,0.995589856670342,"2017-12-08"
3.79203271865845,907,904,0.996692392502756,"2017-12-09"
5.00180339813232,907,906,0.998897464167585,"2017-12-10"
3.49835205078125,907,907,1,"2017-12-11"
4.43007898330688,907,906,0.998897464167585,"2017-12-12"
3.39821338653564,907,903,0.995589856670342,"2017-12-13"
4.90261697769165,907,904,0.996692392502756,"2017-12-14"
4.90254926681519,907,905,0.997794928335171,"2017-12-15"
4.90222358703613,907,906,0.998897464167585,"2017-12-16"
4.90261697769165,907,904,0.996692392502756,"2017-12-17"
4.90261697769165,907,904,0.996692392502756,"2017-12-18"
4.9022912979126,907,905,0.997794928335171,"2017-12-19"
5.34953355789185,907,906,0.998897464167585,"2017-12-20"
4.90217542648315,907,907,1,"2017-12-21"
4.81020355224609,907,904,0.996692392502756,"2017-12-22"
5.73630666732788,907,905,0.997794928335171,"2017-12-23"
5.01486444473267,907,903,0.995589856670342,"2017-12-24"
5.01782941818237,907,901,0.993384785005513,"2017-12-25"
3.01976466178894,907,905,0.997794928335171,"2017-12-26"
5.01499700546265,907,904,0.996692392502756,"2017-12-27"
5.01383352279663,907,907,1,"2017-12-28"
5.01718139648438,907,903,0.995589856670342,"2017-12-29"
5.01388311386108,907,906,0.998897464167585,"2017-12-30"
4.55209398269653,907,904,0.996692392502756,"2017-12-31"
4.50316381454468,907,904,0.996692392502756,"2018-01-01"
4.96800088882446,907,904,0.996692392502756,"2018-01-02"
4.2118763923645,907,903,0.995589856670342,"2018-01-03"
3.9053418636322,907,904,0.996692392502756,"2018-01-04"
5.0150671005249,907,903,0.995589856670342,"2018-01-05"
5.01501369476318,907,903,0.995589856670342,"2018-01-06"
5.01383352279663,907,907,1,"2018-01-07"
5.01383352279663,907,907,1,"2018-01-08"
5.01501369476318,907,903,0.995589856670342,"2018-01-09"
5.02220773696899,907,903,0.995589856670342,"2018-01-10"
5.01384973526001,907,906,0.998897464167585,"2018-01-11"
1.71985936164856,907,905,0.997794928335171,"2018-01-12"
2.37612724304199,907,903,0.995589856670342,"2018-01-13"
3.61283183097839,907,904,0.996692392502756,"2018-01-14"
3.68736600875854,907,904,0.996692392502756,"2018-01-15"
4.69015121459961,907,901,0.993384785005513,"2018-01-16"
4.68632078170776,907,907,1,"2018-01-17"
4.68668603897095,907,904,0.996692392502756,"2018-01-18"
4.68632078170776,907,907,1,"2018-01-19"
4.4487190246582,907,902,0.994487320837927,"2018-01-20"
4.68667459487915,907,905,0.997794928335171,"2018-01-21"
4.68447399139404,907,904,0.996692392502756,"2018-01-22"
4.68668603897095,907,904,0.996692392502756,"2018-01-23"
2.92545104026794,907,905,0.997794928335171,"2018-01-24"
4.65929889678955,907,901,0.993384785005513,"2018-01-25"
4.68734884262085,907,905,0.997794928335171,"2018-01-26"
4.69414043426514,907,901,0.993384785005513,"2018-01-27"
4.68632078170776,907,907,1,"2018-01-28"
4.68739461898804,907,904,0.996692392502756,"2018-01-29"
4.65140867233276,907,903,0.995589856670342,"2018-01-30"
4.6270489692688,907,905,0.997794928335171,"2018-01-31"
4.68739461898804,907,904,0.996692392502756,"2018-02-01"
4.39200401306152,907,904,0.996692392502756,"2018-02-02"
3.59419059753418,907,904,0.996692392502756,"2018-02-03"
4.68632078170776,907,907,1,"2018-02-04"
4.68632078170776,907,907,1,"2018-02-05"
3.69470477104187,907,904,0.996692392502756,"2018-02-06"
4.68739461898804,907,904,0.996692392502756,"2018-02-07"
4.68632078170776,907,907,1,"2018-02-08"
4.58930635452271,907,907,1,"2018-02-09"
4.57345390319824,907,903,0.995589856670342,"2018-02-10"
4.70480251312256,907,906,0.998897464167585,"2018-02-11"
4.98816585540771,907,904,0.996692392502756,"2018-02-12"
NA,907,0,0,"2018-02-13"
4.74395895004272,907,907,1,"2018-02-14"
4.04319715499878,907,903,0.995589856670342,"2018-02-15"
4.70398855209351,907,905,0.997794928335171,"2018-02-16"
4.7115044593811,907,900,0.992282249173098,"2018-02-17"
4.70471715927124,907,904,0.996692392502756,"2018-02-18"
7.54940032958984,907,903,0.995589856670342,"2018-02-19"
5.80265140533447,907,904,0.996692392502756,"2018-02-20"
5.61653614044189,907,903,0.995589856670342,"2018-02-21"
9.84505271911621,907,900,0.992282249173098,"2018-02-22"
7.21694421768188,907,906,0.998897464167585,"2018-02-23"
7.23228645324707,907,904,0.996692392502756,"2018-02-24"
7.23228645324707,907,904,0.996692392502756,"2018-02-25"
5.70442819595337,907,903,0.995589856670342,"2018-02-26"
7.23158884048462,907,907,1,"2018-02-27"
7.23347759246826,907,903,0.995589856670342,"2018-02-28"
7.07152509689331,907,904,0.996692392502756,"2018-03-01"
7.2368483543396,907,903,0.995589856670342,"2018-03-02"
7.23349857330322,907,903,0.995589856670342,"2018-03-03"
7.13207960128784,907,902,0.994487320837927,"2018-03-04"
6.96427345275879,907,901,0.993384785005513,"2018-03-05"
7.23804140090942,907,902,0.994487320837927,"2018-03-06"
5.67420434951782,907,907,1,"2018-03-07"
7.23217821121216,907,905,0.997794928335171,"2018-03-08"
7.23217821121216,907,905,0.997794928335171,"2018-03-09"
5.00712823867798,907,907,1,"2018-03-10"
4.83962726593018,907,906,0.998897464167585,"2018-03-11"
5.1020040512085,907,903,0.995589856670342,"2018-03-12"
7.07562685012817,907,903,0.995589856670342,"2018-03-13"
7.07514476776123,907,906,0.998897464167585,"2018-03-14"
4.5731897354126,907,906,0.998897464167585,"2018-03-15"
5.80232810974121,907,906,0.998897464167585,"2018-03-16"
4.94249439239502,907,903,0.995589856670342,"2018-03-17"
5.10549736022949,907,903,0.995589856670342,"2018-03-18"
4.05247163772583,907,907,1,"2018-03-19"
6.90853595733643,907,907,1,"2018-03-20"
6.90853595733643,907,907,1,"2018-03-21"
6.90853595733643,907,907,1,"2018-03-22"
6.91024351119995,907,904,0.996692392502756,"2018-03-23"
6.90909814834595,907,905,0.997794928335171,"2018-03-24"
4.40450620651245,907,905,0.997794928335171,"2018-03-25"
6.91024351119995,907,904,0.996692392502756,"2018-03-26"
6.90860843658447,907,906,0.998897464167585,"2018-03-27"
6.91024351119995,907,904,0.996692392502756,"2018-03-28"
6.90920162200928,907,904,0.996692392502756,"2018-03-29"
6.90853595733643,907,907,1,"2018-03-30"
6.2559609413147,907,904,0.996692392502756,"2018-03-31"
6.91034698486328,907,903,0.995589856670342,"2018-04-01"
4.96009922027588,907,907,1,"2018-04-02"
5.23281383514404,907,905,0.997794928335171,"2018-04-03"
6.90909814834595,907,905,0.997794928335171,"2018-04-04"
6.9211277961731,907,901,0.993384785005513,"2018-04-05"
6.8758716583252,907,905,0.997794928335171,"2018-04-06"
6.9087119102478,907,905,0.997794928335171,"2018-04-07"
6.91472768783569,907,902,0.994487320837927,"2018-04-08"
6.91024351119995,907,904,0.996692392502756,"2018-04-09"
6.91012525558472,907,903,0.995589856670342,"2018-04-10"
6.91022872924805,907,902,0.994487320837927,"2018-04-11"
6.9084906578064,907,905,0.997794928335171,"2018-04-12"
6.91309022903442,907,904,0.996692392502756,"2018-04-13"
6.91358089447021,907,903,0.995589856670342,"2018-04-14"
4.32210826873779,907,905,0.997794928335171,"2018-04-15"
6.91017055511475,907,905,0.997794928335171,"2018-04-16"
6.91024351119995,907,904,0.996692392502756,"2018-04-17"
6.91462421417236,907,903,0.995589856670342,"2018-04-18"
5.17934799194336,907,904,0.996692392502756,"2018-04-19"
6.90890169143677,907,903,0.995589856670342,"2018-04-20"
6.90386009216309,907,907,1,"2018-04-21"
4.92706060409546,907,900,0.992282249173098,"2018-04-22"
5.02843236923218,907,907,1,"2018-04-23"
5.84539270401001,907,907,1,"2018-04-24"
4.95746946334839,907,904,0.996692392502756,"2018-04-25"
4.98649120330811,907,907,1,"2018-04-26"
5.31449842453003,907,901,0.993384785005513,"2018-04-27"
6.81104135513306,907,906,0.998897464167585,"2018-04-28"
6.8111515045166,907,907,1,"2018-04-29"
6.8161244392395,907,903,0.995589856670342,"2018-04-30"
6.8161244392395,907,903,0.995589856670342,"2018-05-01"
4.96591711044312,907,906,0.998897464167585,"2018-05-02"
6.4626088142395,907,901,0.993384785005513,"2018-05-03"
NA,907,0,0,"2018-05-04"
4.96324157714844,907,903,0.995589856670342,"2018-05-05"
6.81159591674805,907,904,0.996692392502756,"2018-05-06"
4.730797290802,907,901,0.993384785005513,"2018-05-07"
5.10805892944336,907,907,1,"2018-05-08"
6.76545429229736,907,904,0.996692392502756,"2018-05-09"
NA,907,0,0,"2018-05-10"
4.81547451019287,907,904,0.996692392502756,"2018-05-11"
4.58813905715942,907,903,0.995589856670342,"2018-05-12"
4.91826629638672,907,903,0.995589856670342,"2018-05-13"
6.04201745986938,907,907,1,"2018-05-14"
NA,907,0,0,"2018-05-15"
NA,907,0,0,"2018-05-16"
3.47236204147339,907,837,0.922822491730981,"2018-05-17"
3.34663105010986,907,905,0.997794928335171,"2018-05-18"
6.62152433395386,907,904,0.996692392502756,"2018-05-19"
NA,907,0,0,"2018-05-20"
NA,907,0,0,"2018-05-21"
NA,907,0,0,"2018-05-22"
NA,907,0,0,"2018-05-23"
6.62475395202637,907,903,0.995589856670342,"2018-05-24"
6.6200590133667,907,905,0.997794928335171,"2018-05-25"
NA,907,0,0,"2018-05-26"
NA,907,0,0,"2018-05-27"
NA,907,0,0,"2018-05-28"
NA,907,0,0,"2018-05-29"
5.41712617874146,907,699,0.770672546857773,"2018-05-30"
NA,907,0,0,"2018-05-31"
NA,907,0,0,"2018-06-01"
NA,907,0,0,"2018-06-02"
NA,907,0,0,"2018-06-03"
NA,907,0,0,"2018-06-04"
NA,907,0,0,"2018-06-05"
NA,907,0,0,"2018-06-06"
NA,907,0,0,"2018-06-07"
NA,907,0,0,"2018-06-08"
NA,907,0,0,"2018-06-09"
NA,907,0,0,"2018-06-10"
NA,907,0,0,"2018-06-11"
NA,907,0,0,"2018-06-12"
NA,907,0,0,"2018-06-13"
NA,907,0,0,"2018-06-14"
NA,907,0,0,"2018-06-15"
NA,907,0,0,"2018-06-16"
NA,907,0,0,"2018-06-17"
NA,907,0,0,"2018-06-18"
NA,907,0,0,"2018-06-19"
NA,907,0,0,"2018-06-20"
NA,907,0,0,"2018-06-21"
NA,907,0,0,"2018-06-22"
NA,907,0,0,"2018-06-23"
NA,907,0,0,"2018-06-24"
NA,907,0,0,"2018-06-25"
NA,907,0,0,"2018-06-26"
NA,907,0,0,"2018-06-27"
NA,907,0,0,"2018-06-28"
NA,907,0,0,"2018-06-29"
NA,907,0,0,"2018-06-30"
NA,907,0,0,"2018-07-01"
NA,907,0,0,"2018-07-02"
NA,907,0,0,"2018-07-03"
NA,907,0,0,"2018-07-04"
NA,907,0,0,"2018-07-05"
NA,907,0,0,"2018-07-06"
NA,907,0,0,"2018-07-07"
NA,907,0,0,"2018-07-08"
NA,907,0,0,"2018-07-09"
NA,907,0,0,"2018-07-10"
NA,907,0,0,"2018-07-11"
6.62035274505615,907,904,0.996692392502756,"2018-07-12"
NA,907,0,0,"2018-07-13"
NA,907,0,0,"2018-07-14"
NA,907,0,0,"2018-07-15"
4.80349731445312,907,898,0.990077177508269,"2018-07-16"
6.59414005279541,907,900,0.992282249173098,"2018-07-17"
NA,907,0,0,"2018-07-18"
NA,907,0,0,"2018-07-19"
NA,907,0,0,"2018-07-20"
4.90146732330322,907,907,1,"2018-07-21"
5.2290940284729,907,903,0.995589856670342,"2018-07-22"
NA,907,0,0,"2018-07-23"
NA,907,0,0,"2018-07-24"
4.52482509613037,907,883,0.973539140022051,"2018-07-25"
4.75254344940186,907,906,0.998897464167585,"2018-07-26"
4.20630264282227,907,905,0.997794928335171,"2018-07-27"
6.51055335998535,907,905,0.997794928335171,"2018-07-28"
NA,907,0,0,"2018-07-29"
4.29691314697266,907,906,0.998897464167585,"2018-07-30"
4.80422496795654,907,907,1,"2018-07-31"
5.20559072494507,907,904,0.996692392502756,"2018-08-01"
6.5248851776123,907,901,0.993384785005513,"2018-08-02"
NA,907,0,0,"2018-08-03"
4.60453605651855,907,907,1,"2018-08-04"
4.54167795181274,907,903,0.995589856670342,"2018-08-05"
5.27833652496338,907,907,1,"2018-08-06"
4.98888492584229,907,903,0.995589856670342,"2018-08-07"
4.44285440444946,907,904,0.996692392502756,"2018-08-08"
4.55342721939087,907,904,0.996692392502756,"2018-08-09"
4.40182685852051,907,903,0.995589856670342,"2018-08-10"
4.61786603927612,907,905,0.997794928335171,"2018-08-11"
6.11214637756348,907,907,1,"2018-08-12"
3.73524188995361,907,904,0.996692392502756,"2018-08-13"
3.62032270431519,907,905,0.997794928335171,"2018-08-14"
4.18315410614014,907,904,0.996692392502756,"2018-08-15"
3.99359464645386,907,903,0.995589856670342,"2018-08-16"
4.74687433242798,907,904,0.996692392502756,"2018-08-17"
4.54375457763672,907,901,0.993384785005513,"2018-08-18"
2.8235228061676,907,904,0.996692392502756,"2018-08-19"
2.90598320960999,907,904,0.996692392502756,"2018-08-20"
4.26138734817505,907,903,0.995589856670342,"2018-08-21"
4.04560327529907,907,902,0.994487320837927,"2018-08-22"
3.34194612503052,907,907,1,"2018-08-23"
4.4738974571228,907,905,0.997794928335171,"2018-08-24"
4.59508371353149,907,907,1,"2018-08-25"
4.59533739089966,907,904,0.996692392502756,"2018-08-26"
3.90081930160522,907,903,0.995589856670342,"2018-08-27"
3.99895930290222,907,900,0.992282249173098,"2018-08-28"
4.49405479431152,907,904,0.996692392502756,"2018-08-29"
4.51457500457764,907,904,0.996692392502756,"2018-08-30"
4.57604026794434,907,903,0.995589856670342,"2018-08-31"
4.51883268356323,907,902,0.994487320837927,"2018-09-01"
4.64927530288696,907,904,0.996692392502756,"2018-09-02"
4.48589754104614,907,904,0.996692392502756,"2018-09-03"
4.91403102874756,907,904,0.996692392502756,"2018-09-04"
4.51107168197632,907,903,0.995589856670342,"2018-09-05"
4.47783374786377,907,903,0.995589856670342,"2018-09-06"
4.60145092010498,907,900,0.992282249173098,"2018-09-07"
4.59536361694336,907,905,0.997794928335171,"2018-09-08"
4.59599828720093,907,904,0.996692392502756,"2018-09-09"
3.57876873016357,907,907,1,"2018-09-10"
4.49837684631348,907,903,0.995589856670342,"2018-09-11"
4.26071739196777,907,907,1,"2018-09-12"
4.4983983039856,907,904,0.996692392502756,"2018-09-13"
4.49799966812134,907,904,0.996692392502756,"2018-09-14"
4.48979139328003,907,904,0.996692392502756,"2018-09-15"
4.4983983039856,907,904,0.996692392502756,"2018-09-16"
3.34110021591187,907,902,0.994487320837927,"2018-09-17"
4.51782417297363,907,904,0.996692392502756,"2018-09-18"
4.32053375244141,907,904,0.996692392502756,"2018-09-19"
2.63320565223694,907,902,0.994487320837927,"2018-09-20"
4.48430109024048,907,904,0.996692392502756,"2018-09-21"
4.49004077911377,907,901,0.993384785005513,"2018-09-22"
4.48367547988892,907,904,0.996692392502756,"2018-09-23"
4.22645425796509,907,904,0.996692392502756,"2018-09-24"
4.4113564491272,907,904,0.996692392502756,"2018-09-25"
4.3802809715271,907,903,0.995589856670342,"2018-09-26"
4.07705307006836,907,904,0.996692392502756,"2018-09-27"
4.54951763153076,907,907,1,"2018-09-28"
4.49335622787476,907,907,1,"2018-09-29"
4.48392009735107,907,904,0.996692392502756,"2018-09-30"
4.48659706115723,907,903,0.995589856670342,"2018-10-01"
4.4668345451355,907,907,1,"2018-10-02"
4.57416963577271,907,903,0.995589856670342,"2018-10-03"
4.48142337799072,907,901,0.993384785005513,"2018-10-04"
4.48996162414551,907,901,0.993384785005513,"2018-10-05"
4.5772271156311,907,907,1,"2018-10-06"
4.60440874099731,907,903,0.995589856670342,"2018-10-07"
4.60725355148315,907,902,0.994487320837927,"2018-10-08"
4.60334062576294,907,907,1,"2018-10-09"
4.60334062576294,907,907,1,"2018-10-10"
4.42312240600586,907,902,0.994487320837927,"2018-10-11"
4.00760269165039,907,902,0.994487320837927,"2018-10-12"
4.42307662963867,907,905,0.997794928335171,"2018-10-13"
4.75244188308716,907,904,0.996692392502756,"2018-10-14"
4.42758464813232,907,901,0.993384785005513,"2018-10-15"
4.32115125656128,907,906,0.998897464167585,"2018-10-16"
4.98283433914185,907,905,0.997794928335171,"2018-10-17"
4.80535268783569,907,904,0.996692392502756,"2018-10-18"
4.77915954589844,907,904,0.996692392502756,"2018-10-19"
4.49584531784058,907,902,0.994487320837927,"2018-10-20"
4.41781949996948,907,907,1,"2018-10-21"
4.48964691162109,907,904,0.996692392502756,"2018-10-22"
4.3003716468811,907,904,0.996692392502756,"2018-10-23"
3.70449256896973,907,905,0.997794928335171,"2018-10-24"
4.6974630355835,907,907,1,"2018-10-25"
4.70574760437012,907,900,0.992282249173098,"2018-10-26"
4.40260124206543,907,904,0.996692392502756,"2018-10-27"
4.69783401489258,907,905,0.997794928335171,"2018-10-28"
4.69773387908936,907,904,0.996692392502756,"2018-10-29"
3.34857964515686,907,904,0.996692392502756,"2018-10-30"
4.69858169555664,907,904,0.996692392502756,"2018-10-31"
4.69858169555664,907,904,0.996692392502756,"2018-11-01"
3.6524384021759,907,907,1,"2018-11-02"
4.69848108291626,907,903,0.995589856670342,"2018-11-03"
4.05295705795288,907,906,0.998897464167585,"2018-11-04"
4.69751214981079,907,906,0.998897464167585,"2018-11-05"
3.76834011077881,907,904,0.996692392502756,"2018-11-06"
4.21788024902344,907,906,0.998897464167585,"2018-11-07"
4.30762672424316,907,903,0.995589856670342,"2018-11-08"
4.54434728622437,907,904,0.996692392502756,"2018-11-09"
2.58381390571594,907,906,0.998897464167585,"2018-11-10"
4.32735204696655,907,905,0.997794928335171,"2018-11-11"
4.25868082046509,907,903,0.995589856670342,"2018-11-12"
4.52770280838013,907,903,0.995589856670342,"2018-11-13"
4.5284218788147,907,902,0.994487320837927,"2018-11-14"
3.87635707855225,907,903,0.995589856670342,"2018-11-15"
2.46291399002075,907,903,0.995589856670342,"2018-11-16"
4.36054754257202,907,905,0.997794928335171,"2018-11-17"
4.87626361846924,907,902,0.994487320837927,"2018-11-18"
4.28506708145142,907,905,0.997794928335171,"2018-11-19"
4.77428531646729,907,904,0.996692392502756,"2018-11-20"
4.83249807357788,907,906,0.998897464167585,"2018-11-21"
4.83244657516479,907,907,1,"2018-11-22"
4.83244657516479,907,907,1,"2018-11-23"
4.26402807235718,907,902,0.994487320837927,"2018-11-24"
4.83355093002319,907,903,0.995589856670342,"2018-11-25"
4.8329029083252,907,904,0.996692392502756,"2018-11-26"
4.83239078521729,907,906,0.998897464167585,"2018-11-27"
4.76093626022339,907,906,0.998897464167585,"2018-11-28"
4.78312587738037,907,907,1,"2018-11-29"
4.83665800094604,907,902,0.994487320837927,"2018-11-30"
4.8336067199707,907,904,0.996692392502756,"2018-12-01"
4.35171031951904,907,906,0.998897464167585,"2018-12-02"
4.15359830856323,907,904,0.996692392502756,"2018-12-03"
5.51249647140503,907,906,0.998897464167585,"2018-12-04"
4.18634843826294,907,906,0.998897464167585,"2018-12-05"
4.29785585403442,907,907,1,"2018-12-06"
4.44952058792114,907,904,0.996692392502756,"2018-12-07"
4.71241998672485,907,904,0.996692392502756,"2018-12-08"
4.7112774848938,907,907,1,"2018-12-09"
4.71139764785767,907,905,0.997794928335171,"2018-12-10"
4.7200870513916,907,901,0.993384785005513,"2018-12-11"
4.16972351074219,907,906,0.998897464167585,"2018-12-12"
4.64658498764038,907,907,1,"2018-12-13"
4.64771747589111,907,904,0.996692392502756,"2018-12-14"
4.64769887924194,907,903,0.995589856670342,"2018-12-15"
4.65529584884644,907,901,0.993384785005513,"2018-12-16"
4.56581449508667,907,907,1,"2018-12-17"
4.64778757095337,907,903,0.995589856670342,"2018-12-18"
4.64656639099121,907,906,0.998897464167585,"2018-12-19"
4.64670372009277,907,905,0.997794928335171,"2018-12-20"
3.94571232795715,907,905,0.997794928335171,"2018-12-21"
4.64970064163208,907,904,0.996692392502756,"2018-12-22"
4.65076780319214,907,901,0.993384785005513,"2018-12-23"
3.39722585678101,907,903,0.995589856670342,"2018-12-24"
3.68454885482788,907,907,1,"2018-12-25"
4.6500301361084,907,903,0.995589856670342,"2018-12-26"
3.483482837677,907,903,0.995589856670342,"2018-12-27"
4.64771747589111,907,904,0.996692392502756,"2018-12-28"
4.64658498764038,907,907,1,"2018-12-29"
3.62474989891052,907,904,0.996692392502756,"2018-12-30"
4.23766613006592,907,903,0.995589856670342,"2018-12-31"
NA,NA,NA,NA,"2019-10-31"
NA,NA,NA,NA,"2019-12-31"
4.69201850891113,907,906,0.998897464167585,"2019-01-01"
4.70060682296753,907,901,0.993384785005513,"2019-01-02"
4.69354391098022,907,901,0.993384785005513,"2019-01-03"
4.69046545028687,907,904,0.996692392502756,"2019-01-04"
4.69356536865234,907,902,0.994487320837927,"2019-01-05"
4.68931722640991,907,907,1,"2019-01-06"
4.67873525619507,907,904,0.996692392502756,"2019-01-07"
4.68936681747437,907,906,0.998897464167585,"2019-01-08"
4.68967771530151,907,904,0.996692392502756,"2019-01-09"
4.69046545028687,907,904,0.996692392502756,"2019-01-10"
4.68943738937378,907,905,0.997794928335171,"2019-01-11"
4.40358638763428,907,904,0.996692392502756,"2019-01-12"
4.69048309326172,907,906,0.998897464167585,"2019-01-13"
4.00346755981445,907,906,0.998897464167585,"2019-01-14"
3.72846460342407,907,905,0.997794928335171,"2019-01-15"
4.59162616729736,907,904,0.996692392502756,"2019-01-16"
4.5952353477478,907,903,0.995589856670342,"2019-01-17"
4.60273265838623,907,901,0.993384785005513,"2019-01-18"
3.70701003074646,907,902,0.994487320837927,"2019-01-19"
4.3142991065979,907,904,0.996692392502756,"2019-01-20"
5.13138246536255,907,906,0.998897464167585,"2019-01-21"
4.5952353477478,907,903,0.995589856670342,"2019-01-22"
4.59448337554932,907,904,0.996692392502756,"2019-01-23"
4.59446811676025,907,905,0.997794928335171,"2019-01-24"
4.5810399055481,907,907,1,"2019-01-25"
3.230149269104,907,904,0.996692392502756,"2019-01-26"
4.30357980728149,907,905,0.997794928335171,"2019-01-27"
4.1596736907959,907,901,0.993384785005513,"2019-01-28"
4.62195205688477,907,906,0.998897464167585,"2019-01-29"
4.5952205657959,907,904,0.996692392502756,"2019-01-30"
4.52144527435303,907,905,0.997794928335171,"2019-01-31"
4.59446811676025,907,905,0.997794928335171,"2019-02-01"
3.56435251235962,907,903,0.995589856670342,"2019-02-02"
4.59455585479736,907,907,1,"2019-02-03"
4.81199264526367,907,901,0.993384785005513,"2019-02-04"
5.23546409606934,907,907,1,"2019-02-05"
5.45193815231323,907,903,0.995589856670342,"2019-02-06"
4.24486207962036,907,907,1,"2019-02-07"
2.29238057136536,907,907,1,"2019-02-08"
4.81760597229004,907,902,0.994487320837927,"2019-02-09"
4.67856788635254,907,906,0.998897464167585,"2019-02-10"
9.57839298248291,907,904,0.996692392502756,"2019-02-11"
5.74523448944092,907,904,0.996692392502756,"2019-02-12"
5.85962772369385,907,902,0.994487320837927,"2019-02-13"
9.69217491149902,907,905,0.997794928335171,"2019-02-14"
6.35156536102295,907,904,0.996692392502756,"2019-02-15"
6.38971281051636,907,902,0.994487320837927,"2019-02-16"
5.66109132766724,907,904,0.996692392502756,"2019-02-17"
5.51143932342529,907,904,0.996692392502756,"2019-02-18"
4.84014844894409,907,906,0.998897464167585,"2019-02-19"
4.76455116271973,907,902,0.994487320837927,"2019-02-20"
4.8698034286499,907,904,0.996692392502756,"2019-02-21"
6.3504810333252,907,905,0.997794928335171,"2019-02-22"
4.49859857559204,907,905,0.997794928335171,"2019-02-23"
6.35008096694946,907,904,0.996692392502756,"2019-02-24"
5.25275135040283,907,902,0.994487320837927,"2019-02-25"
5.32678127288818,907,906,0.998897464167585,"2019-02-26"
6.35001087188721,907,906,0.998897464167585,"2019-02-27"
6.34994125366211,907,907,1,"2019-02-28"
4.54115581512451,907,903,0.995589856670342,"2019-03-01"
4.81598424911499,907,905,0.997794928335171,"2019-03-02"
6.22021961212158,907,902,0.994487320837927,"2019-03-03"
5.24009943008423,907,906,0.998897464167585,"2019-03-04"
5.14443492889404,907,904,0.996692392502756,"2019-03-05"
4.73852634429932,907,907,1,"2019-03-06"
6.05216121673584,907,904,0.996692392502756,"2019-03-07"
4.29025793075562,907,904,0.996692392502756,"2019-03-08"
4.5891318321228,907,906,0.998897464167585,"2019-03-09"
5.26708269119263,907,903,0.995589856670342,"2019-03-10"
6.27762746810913,907,904,0.996692392502756,"2019-03-11"
6.27602338790894,907,907,1,"2019-03-12"
5.02467012405396,907,901,0.993384785005513,"2019-03-13"
6.28194570541382,907,902,0.994487320837927,"2019-03-14"
6.28194570541382,907,902,0.994487320837927,"2019-03-15"
6.27768468856812,907,903,0.995589856670342,"2019-03-16"
4.8888955116272,907,903,0.995589856670342,"2019-03-17"
4.97274446487427,907,907,1,"2019-03-18"
4.96538352966309,907,906,0.998897464167585,"2019-03-19"
4.98262596130371,907,904,0.996692392502756,"2019-03-20"
5.28995990753174,907,904,0.996692392502756,"2019-03-21"
6.27768468856812,907,903,0.995589856670342,"2019-03-22"
6.27661752700806,907,904,0.996692392502756,"2019-03-23"
6.27602338790894,907,907,1,"2019-03-24"
4.59418821334839,907,905,0.997794928335171,"2019-03-25"
6.27619028091431,907,905,0.997794928335171,"2019-03-26"
4.91195297241211,907,903,0.995589856670342,"2019-03-27"
6.27762746810913,907,904,0.996692392502756,"2019-03-28"
4.96796035766602,907,905,0.997794928335171,"2019-03-29"
4.93368530273438,907,905,0.997794928335171,"2019-03-30"
5.09240579605103,907,906,0.998897464167585,"2019-03-31"
4.93943166732788,907,906,0.998897464167585,"2019-04-01"
6.09278774261475,907,902,0.994487320837927,"2019-04-02"
6.0916805267334,907,902,0.994487320837927,"2019-04-03"
3.52106285095215,907,906,0.998897464167585,"2019-04-04"
6.08756542205811,907,905,0.997794928335171,"2019-04-05"
5.7418098449707,907,904,0.996692392502756,"2019-04-06"
6.08740425109863,907,907,1,"2019-04-07"
6.05033159255981,907,904,0.996692392502756,"2019-04-08"
3.36997675895691,907,907,1,"2019-04-09"
5.88664579391479,907,903,0.995589856670342,"2019-04-10"
5.88522911071777,907,906,0.998897464167585,"2019-04-11"
3.89781832695007,907,905,0.997794928335171,"2019-04-12"
5.76051330566406,907,907,1,"2019-04-13"
4.65281820297241,907,902,0.994487320837927,"2019-04-14"
5.76097011566162,907,905,0.997794928335171,"2019-04-15"
5.36669874191284,907,904,0.996692392502756,"2019-04-16"
5.09211444854736,907,907,1,"2019-04-17"
5.77025985717773,907,901,0.993384785005513,"2019-04-18"
5.76187992095947,907,904,0.996692392502756,"2019-04-19"
4.26480197906494,907,907,1,"2019-04-20"
5.00717258453369,907,907,1,"2019-04-21"
5.76051330566406,907,907,1,"2019-04-22"
5.5868034362793,907,905,0.997794928335171,"2019-04-23"
4.94797801971436,907,903,0.995589856670342,"2019-04-24"
4.95105409622192,907,903,0.995589856670342,"2019-04-25"
4.96523237228394,907,904,0.996692392502756,"2019-04-26"
6.14789819717407,907,903,0.995589856670342,"2019-04-27"
4.93749570846558,907,907,1,"2019-04-28"
5.11188507080078,907,907,1,"2019-04-29"
5.48724842071533,907,903,0.995589856670342,"2019-04-30"
5.81199073791504,907,907,1,"2019-05-01"
5.81250667572021,907,904,0.996692392502756,"2019-05-02"
5.81254434585571,907,904,0.996692392502756,"2019-05-03"
4.64787435531616,907,906,0.998897464167585,"2019-05-04"
4.9550633430481,907,901,0.993384785005513,"2019-05-05"
4.91852474212646,907,907,1,"2019-05-06"
NA,907,0,0,"2019-05-07"
4.83025884628296,907,906,0.998897464167585,"2019-05-08"
4.65403985977173,907,904,0.996692392502756,"2019-05-09"
4.77088785171509,907,902,0.994487320837927,"2019-05-10"
5.33477830886841,907,901,0.993384785005513,"2019-05-11"
5.44014453887939,907,907,1,"2019-05-12"
NA,907,0,0,"2019-05-13"
NA,907,0,0,"2019-05-14"
5.44014453887939,907,907,1,"2019-05-15"
5.44014453887939,907,907,1,"2019-05-16"
5.44014453887939,907,907,1,"2019-05-17"
NA,907,0,0,"2019-05-18"
NA,907,0,0,"2019-05-19"
NA,907,0,0,"2019-05-20"
5.4485878944397,907,902,0.994487320837927,"2019-05-21"
5.17920446395874,907,903,0.995589856670342,"2019-05-22"
NA,907,0,0,"2019-05-23"
NA,907,0,0,"2019-05-24"
NA,907,0,0,"2019-05-25"
NA,907,0,0,"2019-05-26"
3.90818071365356,907,365,0.402425578831312,"2019-05-27"
5.44461965560913,907,906,0.998897464167585,"2019-05-28"
NA,907,0,0,"2019-05-29"
NA,907,0,0,"2019-05-30"
NA,907,0,0,"2019-05-31"
NA,907,0,0,"2019-06-01"
NA,907,0,0,"2019-06-02"
NA,907,0,0,"2019-06-03"
NA,907,0,0,"2019-06-04"
NA,907,0,0,"2019-06-05"
NA,907,0,0,"2019-06-06"
NA,907,0,0,"2019-06-07"
NA,907,0,0,"2019-06-08"
NA,907,0,0,"2019-06-09"
NA,907,0,0,"2019-06-10"
NA,907,0,0,"2019-06-11"
NA,907,0,0,"2019-06-12"
NA,907,0,0,"2019-06-13"
NA,907,0,0,"2019-06-14"
NA,907,0,0,"2019-06-15"
NA,907,0,0,"2019-06-16"
NA,907,0,0,"2019-06-17"
NA,907,0,0,"2019-06-18"
NA,907,0,0,"2019-06-19"
NA,907,0,0,"2019-06-20"
NA,907,0,0,"2019-06-21"
NA,907,0,0,"2019-06-22"
NA,907,0,0,"2019-06-23"
NA,907,0,0,"2019-06-24"
NA,907,0,0,"2019-06-25"
NA,907,0,0,"2019-06-26"
NA,907,0,0,"2019-06-27"
NA,907,0,0,"2019-06-28"
NA,907,0,0,"2019-06-29"
NA,907,0,0,"2019-06-30"
NA,907,0,0,"2019-07-01"
NA,907,0,0,"2019-07-02"
NA,907,0,0,"2019-07-03"
NA,907,0,0,"2019-07-04"
NA,907,0,0,"2019-07-05"
NA,907,0,0,"2019-07-06"
NA,907,0,0,"2019-07-07"
NA,907,0,0,"2019-07-08"
NA,907,0,0,"2019-07-09"
NA,907,0,0,"2019-07-10"
NA,907,0,0,"2019-07-11"
NA,907,0,0,"2019-07-12"
NA,907,0,0,"2019-07-13"
NA,907,0,0,"2019-07-14"
5.45431709289551,907,901,0.993384785005513,"2019-07-15"
NA,907,0,0,"2019-07-16"
NA,907,0,0,"2019-07-17"
NA,907,0,0,"2019-07-18"
4.33530378341675,907,907,1,"2019-07-19"
4.72987461090088,907,906,0.998897464167585,"2019-07-20"
NA,907,0,0,"2019-07-21"
NA,907,0,0,"2019-07-22"
3.78453826904297,907,23,0.0253583241455347,"2019-07-23"
5.44590139389038,907,903,0.995589856670342,"2019-07-24"
5.44590139389038,907,903,0.995589856670342,"2019-07-25"
NA,907,0,0,"2019-07-26"
NA,907,0,0,"2019-07-27"
4.70201683044434,907,904,0.996692392502756,"2019-07-28"
4.53034162521362,907,903,0.995589856670342,"2019-07-29"
5.3645544052124,907,903,0.995589856670342,"2019-07-30"
5.36054754257202,907,906,0.998897464167585,"2019-07-31"
NA,907,0,0,"2019-08-01"
5.36180639266968,907,903,0.995589856670342,"2019-08-02"
4.46542310714722,907,906,0.998897464167585,"2019-08-03"
4.64241981506348,907,903,0.995589856670342,"2019-08-04"
5.09220933914185,907,907,1,"2019-08-05"
4.74307060241699,907,907,1,"2019-08-06"
4.73389911651611,907,907,1,"2019-08-07"
4.64767599105835,907,903,0.995589856670342,"2019-08-08"
2.64877271652222,907,903,0.995589856670342,"2019-08-09"
3.34562492370605,907,903,0.995589856670342,"2019-08-10"
5.03747987747192,907,904,0.996692392502756,"2019-08-11"
4.08804512023926,907,904,0.996692392502756,"2019-08-12"
4.53455972671509,907,901,0.993384785005513,"2019-08-13"
4.56049060821533,907,903,0.995589856670342,"2019-08-14"
4.50417137145996,907,905,0.997794928335171,"2019-08-15"
4.70370388031006,907,905,0.997794928335171,"2019-08-16"
5.03561925888062,907,905,0.997794928335171,"2019-08-17"
4.48871469497681,907,907,1,"2019-08-18"
4.47622680664062,907,903,0.995589856670342,"2019-08-19"
4.72289276123047,907,907,1,"2019-08-20"
5.03631114959717,907,906,0.998897464167585,"2019-08-21"
4.42695999145508,907,903,0.995589856670342,"2019-08-22"
4.9283013343811,907,903,0.995589856670342,"2019-08-23"
4.94321060180664,907,907,1,"2019-08-24"
3.71684598922729,907,907,1,"2019-08-25"
4.93772172927856,907,907,1,"2019-08-26"
5.0567889213562,907,906,0.998897464167585,"2019-08-27"
5.13009595870972,907,903,0.995589856670342,"2019-08-28"
5.03690433502197,907,901,0.993384785005513,"2019-08-29"
5.04501628875732,907,905,0.997794928335171,"2019-08-30"
5.04046106338501,907,904,0.996692392502756,"2019-08-31"
4.90516567230225,907,905,0.997794928335171,"2019-09-01"
5.77344465255737,907,904,0.996692392502756,"2019-09-02"
4.79352378845215,907,905,0.997794928335171,"2019-09-03"
4.5792293548584,907,905,0.997794928335171,"2019-09-04"
4.94069290161133,907,906,0.998897464167585,"2019-09-05"
4.91781330108643,907,906,0.998897464167585,"2019-09-06"
4.61694622039795,907,904,0.996692392502756,"2019-09-07"
5.18735933303833,907,904,0.996692392502756,"2019-09-08"
5.18664264678955,907,904,0.996692392502756,"2019-09-09"
5.1865668296814,907,905,0.997794928335171,"2019-09-10"
3.25393915176392,907,902,0.994487320837927,"2019-09-11"
4.92398357391357,907,905,0.997794928335171,"2019-09-12"
4.88881206512451,907,903,0.995589856670342,"2019-09-13"
4.92386722564697,907,907,1,"2019-09-14"
4.93215799331665,907,901,0.993384785005513,"2019-09-15"
3.78439044952393,907,904,0.996692392502756,"2019-09-16"
4.92488718032837,907,903,0.995589856670342,"2019-09-17"
4.92398357391357,907,905,0.997794928335171,"2019-09-18"
4.30351543426514,907,907,1,"2019-09-19"
4.92488718032837,907,903,0.995589856670342,"2019-09-20"
3.70538806915283,907,905,0.997794928335171,"2019-09-21"
4.92501258850098,907,903,0.995589856670342,"2019-09-22"
4.92083263397217,907,903,0.995589856670342,"2019-09-23"
4.78395414352417,907,907,1,"2019-09-24"
4.36850214004517,907,901,0.993384785005513,"2019-09-25"
4.89843225479126,907,900,0.992282249173098,"2019-09-26"
4.58806610107422,907,906,0.998897464167585,"2019-09-27"
4.89383220672607,907,904,0.996692392502756,"2019-09-28"
4.89308738708496,907,905,0.997794928335171,"2019-09-29"
4.62925004959106,907,907,1,"2019-09-30"
4.50176763534546,907,901,0.993384785005513,"2019-10-01"
4.86304807662964,907,901,0.993384785005513,"2019-10-02"
4.88753938674927,907,902,0.994487320837927,"2019-10-03"
4.68232440948486,907,903,0.995589856670342,"2019-10-04"
3.96973633766174,907,904,0.996692392502756,"2019-10-05"
4.88529205322266,907,904,0.996692392502756,"2019-10-06"
4.88455009460449,907,905,0.997794928335171,"2019-10-07"
4.61833190917969,907,904,0.996692392502756,"2019-10-08"
4.77920293807983,907,903,0.995589856670342,"2019-10-09"
4.6878776550293,907,907,1,"2019-10-10"
4.82028388977051,907,903,0.995589856670342,"2019-10-11"
4.91417455673218,907,904,0.996692392502756,"2019-10-12"
4.91304492950439,907,907,1,"2019-10-13"
4.61385917663574,907,907,1,"2019-10-14"
4.91605472564697,907,904,0.996692392502756,"2019-10-15"
4.91319179534912,907,906,0.998897464167585,"2019-10-16"
4.91411352157593,907,903,0.995589856670342,"2019-10-17"
3.43833136558533,907,903,0.995589856670342,"2019-10-18"
4.91637992858887,907,903,0.995589856670342,"2019-10-19"
4.91316890716553,907,905,0.997794928335171,"2019-10-20"
4.91342210769653,907,905,0.997794928335171,"2019-10-21"
4.91336107254028,907,904,0.996692392502756,"2019-10-22"
4.58422374725342,907,901,0.993384785005513,"2019-10-23"
4.58297204971313,907,904,0.996692392502756,"2019-10-24"
4.91304492950439,907,907,1,"2019-10-25"
4.58400297164917,907,903,0.995589856670342,"2019-10-26"
4.84491157531738,907,905,0.997794928335171,"2019-10-27"
4.57004308700562,907,905,0.997794928335171,"2019-10-28"
4.62046098709106,907,906,0.998897464167585,"2019-10-29"
4.81912469863892,907,904,0.996692392502756,"2019-10-30"
4.56299114227295,907,903,0.995589856670342,"2019-11-01"
4.40654611587524,907,907,1,"2019-11-02"
4.85175561904907,907,904,0.996692392502756,"2019-11-03"
4.27586126327515,907,904,0.996692392502756,"2019-11-04"
2.64985942840576,907,906,0.998897464167585,"2019-11-05"
4.36376857757568,907,905,0.997794928335171,"2019-11-06"
4.81556940078735,907,904,0.996692392502756,"2019-11-07"
4.82269716262817,907,902,0.994487320837927,"2019-11-08"
4.81488704681396,907,904,0.996692392502756,"2019-11-09"
4.80735921859741,907,904,0.996692392502756,"2019-11-10"
4.8144383430481,907,907,1,"2019-11-11"
4.81481695175171,907,905,0.997794928335171,"2019-11-12"
4.81818819046021,907,902,0.994487320837927,"2019-11-13"
4.81481695175171,907,905,0.997794928335171,"2019-11-14"
4.81449031829834,907,906,0.998897464167585,"2019-11-15"
4.81556940078735,907,904,0.996692392502756,"2019-11-16"
4.81556940078735,907,904,0.996692392502756,"2019-11-17"
4.81481695175171,907,905,0.997794928335171,"2019-11-18"
4.82233905792236,907,902,0.994487320837927,"2019-11-19"
4.39004182815552,907,905,0.997794928335171,"2019-11-20"
5.97340869903564,907,907,1,"2019-11-21"
4.8104362487793,907,906,0.998897464167585,"2019-11-22"
3.09173274040222,907,903,0.995589856670342,"2019-11-23"
3.95828890800476,907,904,0.996692392502756,"2019-11-24"
4.43645095825195,907,905,0.997794928335171,"2019-11-25"
4.74406385421753,907,907,1,"2019-11-26"
4.80912208557129,907,903,0.995589856670342,"2019-11-27"
4.79935741424561,907,902,0.994487320837927,"2019-11-28"
4.99723958969116,907,907,1,"2019-11-29"
4.41961002349854,907,905,0.997794928335171,"2019-11-30"
4.42734622955322,907,904,0.996692392502756,"2019-12-01"
3.03356981277466,907,907,1,"2019-12-02"
4.72579860687256,907,907,1,"2019-12-03"
4.72677564620972,907,903,0.995589856670342,"2019-12-04"
4.43823337554932,907,902,0.994487320837927,"2019-12-05"
4.71495914459229,907,902,0.994487320837927,"2019-12-06"
4.71198272705078,907,904,0.996692392502756,"2019-12-07"
3.46964240074158,907,903,0.995589856670342,"2019-12-08"
3.51782393455505,907,903,0.995589856670342,"2019-12-09"
4.70375919342041,907,906,0.998897464167585,"2019-12-10"
3.35873222351074,907,904,0.996692392502756,"2019-12-11"
4.273681640625,907,904,0.996692392502756,"2019-12-12"
3.18975210189819,907,903,0.995589856670342,"2019-12-13"
4.48391819000244,907,904,0.996692392502756,"2019-12-14"
3.90664482116699,907,907,1,"2019-12-15"
4.71124172210693,907,905,0.997794928335171,"2019-12-16"
4.71088123321533,907,907,1,"2019-12-17"
4.71124172210693,907,905,0.997794928335171,"2019-12-18"
4.69573163986206,907,905,0.997794928335171,"2019-12-19"
4.71124172210693,907,905,0.997794928335171,"2019-12-20"
4.71483039855957,907,901,0.993384785005513,"2019-12-21"
3.96329522132874,907,905,0.997794928335171,"2019-12-22"
4.74844837188721,907,904,0.996692392502756,"2019-12-23"
4.94778490066528,907,906,0.998897464167585,"2019-12-24"
4.82758569717407,907,904,0.996692392502756,"2019-12-25"
4.5803861618042,907,902,0.994487320837927,"2019-12-26"
4.72201251983643,907,904,0.996692392502756,"2019-12-27"
4.94423723220825,907,904,0.996692392502756,"2019-12-28"
2.61700224876404,907,907,1,"2019-12-29"
2.85502815246582,907,906,0.998897464167585,"2019-12-30"
4.92006587982178,907,904,0.996692392502756,"2020-01-01"
4.92006587982178,907,904,0.996692392502756,"2020-01-02"
4.92006587982178,907,904,0.996692392502756,"2020-01-03"
4.91898059844971,907,905,0.997794928335171,"2020-01-04"
4.91898059844971,907,905,0.997794928335171,"2020-01-05"
4.91931390762329,907,904,0.996692392502756,"2020-01-06"
4.91928672790527,907,905,0.997794928335171,"2020-01-07"
4.49634838104248,907,902,0.994487320837927,"2020-01-08"
4.51183891296387,907,904,0.996692392502756,"2020-01-09"
4.92016363143921,907,903,0.995589856670342,"2020-01-10"
4.91044950485229,907,906,0.998897464167585,"2020-01-11"
4.91900491714478,907,906,0.998897464167585,"2020-01-12"
7.40541553497314,907,904,0.996692392502756,"2020-01-13"
4.91890716552734,907,907,1,"2020-01-14"
4.92016363143921,907,903,0.995589856670342,"2020-01-15"
7.08135986328125,907,907,1,"2020-01-16"
5.66176271438599,907,906,0.998897464167585,"2020-01-17"
4.91890716552734,907,907,1,"2020-01-18"
4.91931390762329,907,904,0.996692392502756,"2020-01-19"
4.91890716552734,907,907,1,"2020-01-20"
4.92016363143921,907,903,0.995589856670342,"2020-01-21"
3.13436102867126,907,905,0.997794928335171,"2020-01-22"
4.92237091064453,907,903,0.995589856670342,"2020-01-23"
4.91898059844971,907,905,0.997794928335171,"2020-01-24"
4.91896295547485,907,906,0.998897464167585,"2020-01-25"
4.92751121520996,907,901,0.993384785005513,"2020-01-26"
4.63398504257202,907,906,0.998897464167585,"2020-01-27"
3.21264600753784,907,906,0.998897464167585,"2020-01-28"
4.91928672790527,907,905,0.997794928335171,"2020-01-29"
4.92159509658813,907,903,0.995589856670342,"2020-01-30"
4.92016363143921,907,903,0.995589856670342,"2020-01-31"
4.92001914978027,907,905,0.997794928335171,"2020-02-01"
4.98629093170166,907,904,0.996692392502756,"2020-02-02"
3.46226000785828,907,903,0.995589856670342,"2020-02-03"
4.8891544342041,907,907,1,"2020-02-04"
4.89779090881348,907,901,0.993384785005513,"2020-02-05"
4.8891544342041,907,907,1,"2020-02-06"
4.88088941574097,907,905,0.997794928335171,"2020-02-07"
4.59524965286255,907,905,0.997794928335171,"2020-02-08"
5.94863700866699,907,904,0.996692392502756,"2020-02-09"
4.6710524559021,907,906,0.998897464167585,"2020-02-10"
4.88920068740845,907,906,0.998897464167585,"2020-02-11"
3.16559171676636,907,903,0.995589856670342,"2020-02-12"
4.68709087371826,907,904,0.996692392502756,"2020-02-13"
4.85898065567017,907,903,0.995589856670342,"2020-02-14"
4.88960266113281,907,904,0.996692392502756,"2020-02-15"
3.64077711105347,907,905,0.997794928335171,"2020-02-16"
4.59923553466797,907,907,1,"2020-02-17"
4.62165689468384,907,901,0.993384785005513,"2020-02-18"
4.67838573455811,907,905,0.997794928335171,"2020-02-19"
4.78718614578247,907,904,0.996692392502756,"2020-02-20"
4.75737762451172,907,901,0.993384785005513,"2020-02-21"
4.74367332458496,907,905,0.997794928335171,"2020-02-22"
4.71375608444214,907,904,0.996692392502756,"2020-02-23"
4.54353427886963,907,906,0.998897464167585,"2020-02-24"
4.74360322952271,907,906,0.998897464167585,"2020-02-25"
2.32160520553589,907,905,0.997794928335171,"2020-02-26"
2.10272860527039,907,907,1,"2020-02-27"
4.68467807769775,907,902,0.994487320837927,"2020-02-28"
3.06572461128235,907,905,0.997794928335171,"2020-02-29"
4.93880558013916,907,907,1,"2020-03-01"
2.33321452140808,907,904,0.996692392502756,"2020-03-02"
4.11438369750977,907,904,0.996692392502756,"2020-03-03"
4.66669511795044,907,904,0.996692392502756,"2020-03-04"
4.72779512405396,907,904,0.996692392502756,"2020-03-05"
4.55151557922363,907,903,0.995589856670342,"2020-03-06"
5.17554807662964,907,905,0.997794928335171,"2020-03-07"
4.14773750305176,907,904,0.996692392502756,"2020-03-08"
4.83221197128296,907,905,0.997794928335171,"2020-03-09"
4.72779512405396,907,904,0.996692392502756,"2020-03-10"
3.69112658500671,907,902,0.994487320837927,"2020-03-11"
5.71217966079712,907,904,0.996692392502756,"2020-03-12"
4.66326522827148,907,904,0.996692392502756,"2020-03-13"
4.65270137786865,907,907,1,"2020-03-14"
5.12495899200439,907,907,1,"2020-03-15"
4.89277315139771,907,903,0.995589856670342,"2020-03-16"
5.16319608688354,907,905,0.997794928335171,"2020-03-17"
4.90242671966553,907,905,0.997794928335171,"2020-03-18"
4.90101146697998,907,902,0.994487320837927,"2020-03-19"
4.84223985671997,907,904,0.996692392502756,"2020-03-20"
4.84437131881714,907,904,0.996692392502756,"2020-03-21"
4.49240398406982,907,904,0.996692392502756,"2020-03-22"
4.8307409286499,907,903,0.995589856670342,"2020-03-23"
4.83092927932739,907,907,1,"2020-03-24"
4.78913545608521,907,901,0.993384785005513,"2020-03-25"
4.97674179077148,907,904,0.996692392502756,"2020-03-26"
4.84003496170044,907,906,0.998897464167585,"2020-03-27"
4.83981561660767,907,905,0.997794928335171,"2020-03-28"
4.84091472625732,907,903,0.995589856670342,"2020-03-29"
4.84091472625732,907,903,0.995589856670342,"2020-03-30"
3.57204389572144,907,905,0.997794928335171,"2020-03-31"
4.05981779098511,907,906,0.998897464167585,"2020-04-01"
4.84114265441895,907,904,0.996692392502756,"2020-04-02"
4.51242780685425,907,904,0.996692392502756,"2020-04-03"
4.84039974212646,907,907,1,"2020-04-04"
4.84404611587524,907,901,0.993384785005513,"2020-04-05"
4.75211429595947,907,905,0.997794928335171,"2020-04-06"
4.84114265441895,907,904,0.996692392502756,"2020-04-07"
5.3641037940979,907,904,0.996692392502756,"2020-04-08"
4.92257499694824,907,903,0.995589856670342,"2020-04-09"
5.11788892745972,907,907,1,"2020-04-10"
4.98880243301392,907,906,0.998897464167585,"2020-04-11"
5.23334503173828,907,904,0.996692392502756,"2020-04-12"
6.23445606231689,907,903,0.995589856670342,"2020-04-13"
4.8399977684021,907,907,1,"2020-04-14"
4.96914672851562,907,905,0.997794928335171,"2020-04-15"
4.99429321289062,907,904,0.996692392502756,"2020-04-16"
4.81324672698975,907,905,0.997794928335171,"2020-04-17"
4.87621831893921,907,904,0.996692392502756,"2020-04-18"
4.87671327590942,907,903,0.995589856670342,"2020-04-19"
4.77195501327515,907,907,1,"2020-04-20"
3.95339870452881,907,903,0.995589856670342,"2020-04-21"
4.92137908935547,907,902,0.994487320837927,"2020-04-22"
4.91818428039551,907,904,0.996692392502756,"2020-04-23"
4.87664461135864,907,906,0.998897464167585,"2020-04-24"
4.92584609985352,907,901,0.993384785005513,"2020-04-25"
4.94925451278687,907,904,0.996692392502756,"2020-04-26"
4.91788625717163,907,904,0.996692392502756,"2020-04-27"
4.91883516311646,907,905,0.997794928335171,"2020-04-28"
4.91771221160889,907,907,1,"2020-04-29"
4.91809749603271,907,905,0.997794928335171,"2020-04-30"
3.70488786697388,907,904,0.996692392502756,"2020-05-01"
4.90539455413818,907,901,0.993384785005513,"2020-05-02"
4.86527442932129,907,905,0.997794928335171,"2020-05-03"
5.01564502716064,907,907,1,"2020-05-04"
4.91153621673584,907,904,0.996692392502756,"2020-05-05"
4.91867017745972,907,903,0.995589856670342,"2020-05-06"
5.00550603866577,907,907,1,"2020-05-07"
5.15242195129395,907,904,0.996692392502756,"2020-05-08"
NA,907,0,0,"2020-05-09"
NA,907,0,0,"2020-05-10"
4.46384382247925,907,903,0.995589856670342,"2020-05-11"
4.92656660079956,907,901,0.993384785005513,"2020-05-12"
4.91809749603271,907,905,0.997794928335171,"2020-05-13"
4.92129230499268,907,903,0.995589856670342,"2020-05-14"
NA,907,0,0,"2020-05-15"
NA,907,0,0,"2020-05-16"
4.91775894165039,907,906,0.998897464167585,"2020-05-17"
4.94783592224121,907,907,1,"2020-05-18"
5.40993928909302,907,904,0.996692392502756,"2020-05-19"
NA,907,0,0,"2020-05-20"
NA,907,0,0,"2020-05-21"
NA,907,0,0,"2020-05-22"
NA,907,0,0,"2020-05-23"
5.06526851654053,907,905,0.997794928335171,"2020-05-24"
NA,907,0,0,"2020-05-25"
NA,907,0,0,"2020-05-26"
NA,907,0,0,"2020-05-27"
NA,907,0,0,"2020-05-28"
NA,907,0,0,"2020-05-29"
5.0654296875,907,907,1,"2020-05-30"
NA,907,0,0,"2020-05-31"
NA,907,0,0,"2020-06-01"
NA,907,0,0,"2020-06-02"
NA,907,0,0,"2020-06-03"
NA,907,0,0,"2020-06-04"
NA,907,0,0,"2020-06-05"
NA,907,0,0,"2020-06-06"
NA,907,0,0,"2020-06-07"
NA,907,0,0,"2020-06-08"
NA,907,0,0,"2020-06-09"
NA,907,0,0,"2020-06-10"
NA,907,0,0,"2020-06-11"
NA,907,0,0,"2020-06-12"
NA,907,0,0,"2020-06-13"
NA,907,0,0,"2020-06-14"
NA,907,0,0,"2020-06-15"
NA,907,0,0,"2020-06-16"
NA,907,0,0,"2020-06-17"
NA,907,0,0,"2020-06-18"
NA,907,0,0,"2020-06-19"
NA,907,0,0,"2020-06-20"
NA,907,0,0,"2020-06-21"
NA,907,0,0,"2020-06-22"
NA,907,0,0,"2020-06-23"
NA,907,0,0,"2020-06-24"
NA,907,0,0,"2020-06-25"
NA,907,0,0,"2020-06-26"
NA,907,0,0,"2020-06-27"
NA,907,0,0,"2020-06-28"
NA,907,0,0,"2020-06-29"
NA,907,0,0,"2020-06-30"
NA,907,0,0,"2020-07-01"
NA,907,0,0,"2020-07-02"
NA,907,0,0,"2020-07-03"
NA,907,0,0,"2020-07-04"
NA,907,0,0,"2020-07-05"
NA,907,0,0,"2020-07-06"
NA,907,0,0,"2020-07-07"
NA,907,0,0,"2020-07-08"
NA,907,0,0,"2020-07-09"
NA,907,0,0,"2020-07-10"
NA,907,0,0,"2020-07-11"
NA,907,0,0,"2020-07-12"
NA,907,0,0,"2020-07-13"
NA,907,0,0,"2020-07-14"
NA,907,0,0,"2020-07-15"
5.09802055358887,907,902,0.994487320837927,"2020-07-16"
5.06797504425049,907,905,0.997794928335171,"2020-07-17"
NA,907,0,0,"2020-07-18"
NA,907,0,0,"2020-07-19"
NA,907,0,0,"2020-07-20"
5.06885719299316,907,903,0.995589856670342,"2020-07-21"
4.7618932723999,907,907,1,"2020-07-22"
NA,907,0,0,"2020-07-23"
NA,907,0,0,"2020-07-24"
4.53761625289917,907,902,0.994487320837927,"2020-07-25"
4.76491212844849,907,903,0.995589856670342,"2020-07-26"
4.94694852828979,907,903,0.995589856670342,"2020-07-27"
NA,907,0,0,"2020-07-28"
NA,907,0,0,"2020-07-29"
4.46353054046631,907,905,0.997794928335171,"2020-07-30"
4.2140154838562,907,904,0.996692392502756,"2020-07-31"
4.24356746673584,907,905,0.997794928335171,"2020-08-01"
4.96335744857788,907,903,0.995589856670342,"2020-08-02"
4.63914346694946,907,905,0.997794928335171,"2020-08-03"
4.30317831039429,907,904,0.996692392502756,"2020-08-04"
4.4250864982605,907,904,0.996692392502756,"2020-08-05"
4.94746398925781,907,903,0.995589856670342,"2020-08-06"
4.9617486000061,907,907,1,"2020-08-07"
4.9617486000061,907,907,1,"2020-08-08"
4.57115030288696,907,902,0.994487320837927,"2020-08-09"
4.46483993530273,907,903,0.995589856670342,"2020-08-10"
4.61631536483765,907,903,0.995589856670342,"2020-08-11"
4.70802354812622,907,907,1,"2020-08-12"
4.70728492736816,907,904,0.996692392502756,"2020-08-13"
4.8676962852478,907,905,0.997794928335171,"2020-08-14"
4.56172752380371,907,904,0.996692392502756,"2020-08-15"
4.67288398742676,907,903,0.995589856670342,"2020-08-16"
3.75400114059448,907,905,0.997794928335171,"2020-08-17"
4.61565446853638,907,903,0.995589856670342,"2020-08-18"
5.15742444992065,907,905,0.997794928335171,"2020-08-19"
5.15269184112549,907,902,0.994487320837927,"2020-08-20"
5.14926433563232,907,903,0.995589856670342,"2020-08-21"
4.28185844421387,907,907,1,"2020-08-22"
5.05100345611572,907,906,0.998897464167585,"2020-08-23"
5.07208728790283,907,904,0.996692392502756,"2020-08-24"
4.5561990737915,907,906,0.998897464167585,"2020-08-25"
4.4087963104248,907,904,0.996692392502756,"2020-08-26"
4.62993717193604,907,907,1,"2020-08-27"
4.53618907928467,907,901,0.993384785005513,"2020-08-28"
4.38351154327393,907,904,0.996692392502756,"2020-08-29"
4.78973245620728,907,902,0.994487320837927,"2020-08-30"
3.48532581329346,907,906,0.998897464167585,"2020-08-31"
3.56280040740967,907,901,0.993384785005513,"2020-09-01"
3.84377956390381,907,906,0.998897464167585,"2020-09-02"
4.58790445327759,907,903,0.995589856670342,"2020-09-03"
5.21686410903931,907,904,0.996692392502756,"2020-09-04"
4.19301414489746,907,901,0.993384785005513,"2020-09-05"
3.49346804618835,907,903,0.995589856670342,"2020-09-06"
4.54401397705078,907,905,0.997794928335171,"2020-09-07"
4.69909763336182,907,904,0.996692392502756,"2020-09-08"
4.73319005966187,907,904,0.996692392502756,"2020-09-09"
4.61526775360107,907,905,0.997794928335171,"2020-09-10"
4.55384492874146,907,907,1,"2020-09-11"
3.89615964889526,907,907,1,"2020-09-12"
4.95367527008057,907,906,0.998897464167585,"2020-09-13"
4.81240034103394,907,902,0.994487320837927,"2020-09-14"
4.96149635314941,907,904,0.996692392502756,"2020-09-15"
2.60156965255737,907,907,1,"2020-09-16"
3.59047341346741,907,903,0.995589856670342,"2020-09-17"
1.49439311027527,907,903,0.995589856670342,"2020-09-18"
4.7350754737854,907,904,0.996692392502756,"2020-09-19"
4.73469352722168,907,907,1,"2020-09-20"
4.34069538116455,907,904,0.996692392502756,"2020-09-21"
4.75240468978882,907,906,0.998897464167585,"2020-09-22"
4.75332069396973,907,904,0.996692392502756,"2020-09-23"
4.75572872161865,907,902,0.994487320837927,"2020-09-24"
4.75236034393311,907,907,1,"2020-09-25"
4.43008852005005,907,904,0.996692392502756,"2020-09-26"
2.92968893051147,907,903,0.995589856670342,"2020-09-27"
3.83308982849121,907,900,0.992282249173098,"2020-09-28"
4.33989906311035,907,903,0.995589856670342,"2020-09-29"
4.16584539413452,907,905,0.997794928335171,"2020-09-30"
4.58188772201538,907,906,0.998897464167585,"2020-10-01"
4.07158994674683,907,905,0.997794928335171,"2020-10-02"
4.37634754180908,907,905,0.997794928335171,"2020-10-03"
2.96051001548767,907,907,1,"2020-10-04"
4.58582925796509,907,904,0.996692392502756,"2020-10-05"
4.78354406356812,907,902,0.994487320837927,"2020-10-06"
4.26679468154907,907,907,1,"2020-10-07"
3.23400926589966,907,904,0.996692392502756,"2020-10-08"
4.76448249816895,907,902,0.994487320837927,"2020-10-09"
4.76206827163696,907,904,0.996692392502756,"2020-10-10"
4.56524562835693,907,904,0.996692392502756,"2020-10-11"
3.41899824142456,907,907,1,"2020-10-12"
4.76110553741455,907,907,1,"2020-10-13"
4.14520120620728,907,904,0.996692392502756,"2020-10-14"
4.5507025718689,907,907,1,"2020-10-15"
1.34019339084625,907,904,0.996692392502756,"2020-10-16"
4.75147438049316,907,906,0.998897464167585,"2020-10-17"
4.75180912017822,907,906,0.998897464167585,"2020-10-18"
4.75154495239258,907,905,0.997794928335171,"2020-10-19"
4.58815956115723,907,905,0.997794928335171,"2020-10-20"
4.61672163009644,907,906,0.998897464167585,"2020-10-21"
3.68543720245361,907,902,0.994487320837927,"2020-10-22"
4.7526650428772,907,903,0.995589856670342,"2020-10-23"
3.81448078155518,907,907,1,"2020-10-24"
4.71583795547485,907,901,0.993384785005513,"2020-10-25"
4.67869281768799,907,905,0.997794928335171,"2020-10-26"
4.64057683944702,907,904,0.996692392502756,"2020-10-27"
4.67270803451538,907,905,0.997794928335171,"2020-10-28"
3.33727765083313,907,902,0.994487320837927,"2020-10-29"
4.62067699432373,907,901,0.993384785005513,"2020-10-30"
4.67318201065063,907,903,0.995589856670342,"2020-10-31"
4.52022552490234,907,904,0.996692392502756,"2020-11-01"
4.51046371459961,907,904,0.996692392502756,"2020-11-02"
4.67333316802979,907,904,0.996692392502756,"2020-11-03"
4.49701404571533,907,907,1,"2020-11-04"
4.67333316802979,907,904,0.996692392502756,"2020-11-05"
4.67270803451538,907,905,0.997794928335171,"2020-11-06"
4.0598611831665,907,907,1,"2020-11-07"
4.81877660751343,907,904,0.996692392502756,"2020-11-08"
4.67951440811157,907,901,0.993384785005513,"2020-11-09"
3.67200660705566,907,904,0.996692392502756,"2020-11-10"
4.17741060256958,907,903,0.995589856670342,"2020-11-11"
4.67238283157349,907,904,0.996692392502756,"2020-11-12"
4.67570400238037,907,902,0.994487320837927,"2020-11-13"
4.66734552383423,907,901,0.993384785005513,"2020-11-14"
4.40572738647461,907,902,0.994487320837927,"2020-11-15"
4.67333316802979,907,904,0.996692392502756,"2020-11-16"
4.67333316802979,907,904,0.996692392502756,"2020-11-17"
4.67236328125,907,906,0.998897464167585,"2020-11-18"
4.10374689102173,907,903,0.995589856670342,"2020-11-19"
4.6724214553833,907,907,1,"2020-11-20"
3.34418153762817,907,901,0.993384785005513,"2020-11-21"
4.65820980072021,907,905,0.997794928335171,"2020-11-22"
4.65883207321167,907,904,0.996692392502756,"2020-11-23"
4.65890169143677,907,903,0.995589856670342,"2020-11-24"
4.65782260894775,907,907,1,"2020-11-25"
4.65820980072021,907,905,0.997794928335171,"2020-11-26"
4.65786600112915,907,906,0.998897464167585,"2020-11-27"
3.58352828025818,907,903,0.995589856670342,"2020-11-28"
4.18620872497559,907,907,1,"2020-11-29"
4.66498708724976,907,901,0.993384785005513,"2020-11-30"
4.66708183288574,907,905,0.997794928335171,"2020-12-01"
4.5722541809082,907,902,0.994487320837927,"2020-12-02"
3.98944449424744,907,907,1,"2020-12-03"
4.51864862442017,907,904,0.996692392502756,"2020-12-04"
4.02159929275513,907,904,0.996692392502756,"2020-12-05"
4.65786600112915,907,906,0.998897464167585,"2020-12-06"
4.65782260894775,907,907,1,"2020-12-07"
4.6575403213501,907,905,0.997794928335171,"2020-12-08"
3.45256853103638,907,904,0.996692392502756,"2020-12-09"
4.66056871414185,907,903,0.995589856670342,"2020-12-10"
4.65883207321167,907,904,0.996692392502756,"2020-12-11"
4.01081657409668,907,904,0.996692392502756,"2020-12-12"
4.61140441894531,907,903,0.995589856670342,"2020-12-13"
1.9947966337204,907,906,0.998897464167585,"2020-12-14"
4.53901052474976,907,903,0.995589856670342,"2020-12-15"
4.53835105895996,907,907,1,"2020-12-16"
4.53872728347778,907,905,0.997794928335171,"2020-12-17"
4.53932809829712,907,904,0.996692392502756,"2020-12-18"
4.48860692977905,907,902,0.994487320837927,"2020-12-19"
4.53872728347778,907,905,0.997794928335171,"2020-12-20"
4.53901052474976,907,903,0.995589856670342,"2020-12-21"
3.73977899551392,907,907,1,"2020-12-22"
3.37522053718567,907,907,1,"2020-12-23"
4.05691337585449,907,905,0.997794928335171,"2020-12-24"
4.44602060317993,907,907,1,"2020-12-25"
4.449622631073,907,903,0.995589856670342,"2020-12-26"
4.43838691711426,907,907,1,"2020-12-27"
4.44697189331055,907,904,0.996692392502756,"2020-12-28"
4.44697189331055,907,904,0.996692392502756,"2020-12-29"
4.4496808052063,907,902,0.994487320837927,"2020-12-30"
2.84899711608887,907,903,0.995589856670342,"2020-12-31"
NA,NA,NA,NA,"2021-08-03"
NA,NA,NA,NA,"2021-08-04"
4.44602060317993,907,907,1,"2021-01-01"
4.44602060317993,907,907,1,"2021-01-02"
3.48366260528564,907,904,0.996692392502756,"2021-01-03"
4.44697189331055,907,904,0.996692392502756,"2021-01-04"
3.02623200416565,907,906,0.998897464167585,"2021-01-05"
4.44665956497192,907,903,0.995589856670342,"2021-01-06"
4.19880628585815,907,901,0.993384785005513,"2021-01-07"
4.43888330459595,907,903,0.995589856670342,"2021-01-08"
3.69548845291138,907,904,0.996692392502756,"2021-01-09"
4.42276573181152,907,902,0.994487320837927,"2021-01-10"
4.41918325424194,907,904,0.996692392502756,"2021-01-11"
4.419762134552,907,903,0.995589856670342,"2021-01-12"
4.40047264099121,907,906,0.998897464167585,"2021-01-13"
4.46802854537964,907,904,0.996692392502756,"2021-01-14"
4.42007684707642,907,904,0.996692392502756,"2021-01-15"
3.15525221824646,907,904,0.996692392502756,"2021-01-16"
4.41949796676636,907,905,0.997794928335171,"2021-01-17"
3.06277132034302,907,907,1,"2021-01-18"
4.41824960708618,907,904,0.996692392502756,"2021-01-19"
4.41767072677612,907,905,0.997794928335171,"2021-01-20"
4.41772842407227,907,904,0.996692392502756,"2021-01-21"
4.45133876800537,907,905,0.997794928335171,"2021-01-22"
4.73833131790161,907,901,0.993384785005513,"2021-01-23"
4.36261987686157,907,903,0.995589856670342,"2021-01-24"
4.41734647750854,907,906,0.998897464167585,"2021-01-25"
2.97621440887451,907,907,1,"2021-01-26"
4.41736364364624,907,906,0.998897464167585,"2021-01-27"
4.41793489456177,907,903,0.995589856670342,"2021-01-28"
4.14958000183105,907,906,0.998897464167585,"2021-01-29"
4.41767072677612,907,905,0.997794928335171,"2021-01-30"
4.41703176498413,907,905,0.997794928335171,"2021-01-31"
4.42181348800659,907,904,0.996692392502756,"2021-02-01"
4.42454719543457,907,901,0.993384785005513,"2021-02-02"
3.36016201972961,907,901,0.993384785005513,"2021-02-03"
4.41734647750854,907,906,0.998897464167585,"2021-02-04"
4.41793489456177,907,903,0.995589856670342,"2021-02-05"
4.41824960708618,907,904,0.996692392502756,"2021-02-06"
4.80046510696411,907,904,0.996692392502756,"2021-02-07"
4.76602220535278,907,903,0.995589856670342,"2021-02-08"
4.52168989181519,907,905,0.997794928335171,"2021-02-09"
4.47450399398804,907,905,0.997794928335171,"2021-02-10"
4.47586822509766,907,907,1,"2021-02-11"
4.9634313583374,907,907,1,"2021-02-12"
4.48071050643921,907,904,0.996692392502756,"2021-02-13"
4.47987985610962,907,903,0.995589856670342,"2021-02-14"
4.47948265075684,907,905,0.997794928335171,"2021-02-15"
4.48071050643921,907,904,0.996692392502756,"2021-02-16"
4.52786016464233,907,904,0.996692392502756,"2021-02-17"
4.46952819824219,907,907,1,"2021-02-18"
4.45782279968262,907,904,0.996692392502756,"2021-02-19"
3.55770540237427,907,905,0.997794928335171,"2021-02-20"
4.41533708572388,907,905,0.997794928335171,"2021-02-21"
4.41845273971558,907,903,0.995589856670342,"2021-02-22"
4.49045944213867,907,902,0.994487320837927,"2021-02-23"
4.94209337234497,907,904,0.996692392502756,"2021-02-24"
4.41903591156006,907,902,0.994487320837927,"2021-02-25"
4.41572284698486,907,905,0.997794928335171,"2021-02-26"
5.59445333480835,907,903,0.995589856670342,"2021-02-27"
4.42215728759766,907,902,0.994487320837927,"2021-02-28"
4.41535902023315,907,907,1,"2021-03-01"
4.56580638885498,907,902,0.994487320837927,"2021-03-02"
4.41529655456543,907,906,0.998897464167585,"2021-03-03"
4.41535902023315,907,907,1,"2021-03-04"
4.41535902023315,907,907,1,"2021-03-05"
4.41540956497192,907,906,0.998897464167585,"2021-03-06"
4.41535902023315,907,907,1,"2021-03-07"
4.41636419296265,907,903,0.995589856670342,"2021-03-08"
4.41535902023315,907,907,1,"2021-03-09"
5.04936027526855,907,904,0.996692392502756,"2021-03-10"
4.96541023254395,907,904,0.996692392502756,"2021-03-11"
4.5682053565979,907,905,0.997794928335171,"2021-03-12"
4.51028823852539,907,905,0.997794928335171,"2021-03-13"
4.51088905334473,907,904,0.996692392502756,"2021-03-14"
5.14982986450195,907,903,0.995589856670342,"2021-03-15"
4.62797546386719,907,905,0.997794928335171,"2021-03-16"
4.74503707885742,907,907,1,"2021-03-17"
4.74543190002441,907,905,0.997794928335171,"2021-03-18"
4.74549722671509,907,904,0.996692392502756,"2021-03-19"
4.74607563018799,907,904,0.996692392502756,"2021-03-20"
4.74607563018799,907,904,0.996692392502756,"2021-03-21"
3.98798108100891,907,907,1,"2021-03-22"
4.8052806854248,907,902,0.994487320837927,"2021-03-23"
4.74478530883789,907,906,0.998897464167585,"2021-03-24"
4.60452127456665,907,904,0.996692392502756,"2021-03-25"
5.15006923675537,907,904,0.996692392502756,"2021-03-26"
4.84040880203247,907,901,0.993384785005513,"2021-03-27"
4.74607563018799,907,904,0.996692392502756,"2021-03-28"
4.82267999649048,907,905,0.997794928335171,"2021-03-29"
5.00787210464478,907,907,1,"2021-03-30"
4.92661666870117,907,906,0.998897464167585,"2021-03-31"
4.74549722671509,907,904,0.996692392502756,"2021-04-01"
4.74614095687866,907,903,0.995589856670342,"2021-04-02"
4.74543190002441,907,905,0.997794928335171,"2021-04-03"
4.87909173965454,907,906,0.998897464167585,"2021-04-04"
5.27363634109497,907,905,0.997794928335171,"2021-04-05"
4.94757270812988,907,905,0.997794928335171,"2021-04-06"
4.88571357727051,907,903,0.995589856670342,"2021-04-07"
5.1724910736084,907,905,0.997794928335171,"2021-04-08"
4.91196393966675,907,903,0.995589856670342,"2021-04-09"
4.41122913360596,907,904,0.996692392502756,"2021-04-10"
5.12325000762939,907,904,0.996692392502756,"2021-04-11"
5.13687944412231,907,906,0.998897464167585,"2021-04-12"
5.29444313049316,907,905,0.997794928335171,"2021-04-13"
5.00936269760132,907,902,0.994487320837927,"2021-04-14"
5.24483585357666,907,904,0.996692392502756,"2021-04-15"
5.71371603012085,907,904,0.996692392502756,"2021-04-16"
5.04169464111328,907,907,1,"2021-04-17"
5.18156957626343,907,903,0.995589856670342,"2021-04-18"
5.05284452438354,907,901,0.993384785005513,"2021-04-19"
4.95780563354492,907,904,0.996692392502756,"2021-04-20"
5.22075510025024,907,903,0.995589856670342,"2021-04-21"
4.98842668533325,907,907,1,"2021-04-22"
5.29973793029785,907,907,1,"2021-04-23"
5.29973793029785,907,907,1,"2021-04-24"
5.29973793029785,907,907,1,"2021-04-25"
5.30096912384033,907,904,0.996692392502756,"2021-04-26"
5.12802219390869,907,906,0.998897464167585,"2021-04-27"
5.30841398239136,907,901,0.993384785005513,"2021-04-28"
5.2998685836792,907,905,0.997794928335171,"2021-04-29"
5.30018663406372,907,905,0.997794928335171,"2021-04-30"
5.29973793029785,907,907,1,"2021-05-01"
5.27046203613281,907,904,0.996692392502756,"2021-05-02"
5.30018663406372,907,905,0.997794928335171,"2021-05-03"
2.98114705085754,907,902,0.994487320837927,"2021-05-04"
4.98505020141602,907,901,0.993384785005513,"2021-05-05"
5.31519460678101,907,907,1,"2021-05-06"
NA,907,0,0,"2021-05-07"
5.08734560012817,907,904,0.996692392502756,"2021-05-08"
4.64801025390625,907,903,0.995589856670342,"2021-05-09"
4.53143358230591,907,903,0.995589856670342,"2021-05-10"
5.40960359573364,907,907,1,"2021-05-11"
NA,907,0,0,"2021-05-12"
NA,907,0,0,"2021-05-13"
4.63586378097534,907,905,0.997794928335171,"2021-05-14"
4.74682855606079,907,903,0.995589856670342,"2021-05-15"
5.06586265563965,907,907,1,"2021-05-16"
5.33553123474121,907,907,1,"2021-05-17"
NA,907,0,0,"2021-05-18"
NA,907,0,0,"2021-05-19"
NA,907,0,0,"2021-05-20"
5.17900085449219,907,901,0.993384785005513,"2021-05-21"
5.45991277694702,907,901,0.993384785005513,"2021-05-22"
NA,907,0,0,"2021-05-23"
NA,907,0,0,"2021-05-24"
NA,907,0,0,"2021-05-25"
NA,907,0,0,"2021-05-26"
5.33572864532471,907,904,0.996692392502756,"2021-05-27"
NA,907,0,0,"2021-05-28"
NA,907,0,0,"2021-05-29"
NA,907,0,0,"2021-05-30"
NA,907,0,0,"2021-05-31"
NA,907,0,0,"2021-06-01"
NA,907,0,0,"2021-06-02"
NA,907,0,0,"2021-06-03"
NA,907,0,0,"2021-06-04"
NA,907,0,0,"2021-06-05"
NA,907,0,0,"2021-06-06"
NA,907,0,0,"2021-06-07"
NA,907,0,0,"2021-06-08"
NA,907,0,0,"2021-06-09"
NA,907,0,0,"2021-06-10"
NA,907,0,0,"2021-06-11"
NA,907,0,0,"2021-06-12"
NA,907,0,0,"2021-06-13"
NA,907,0,0,"2021-06-14"
NA,907,0,0,"2021-06-15"
NA,907,0,0,"2021-06-16"
NA,907,0,0,"2021-06-17"
NA,907,0,0,"2021-06-18"
NA,907,0,0,"2021-06-19"
NA,907,0,0,"2021-06-20"
NA,907,0,0,"2021-06-21"
NA,907,0,0,"2021-06-22"
NA,907,0,0,"2021-06-23"
NA,907,0,0,"2021-06-24"
NA,907,0,0,"2021-06-25"
NA,907,0,0,"2021-06-26"
NA,907,0,0,"2021-06-27"
NA,907,0,0,"2021-06-28"
NA,907,0,0,"2021-06-29"
NA,907,0,0,"2021-06-30"
NA,907,0,0,"2021-07-01"
NA,907,0,0,"2021-07-02"
NA,907,0,0,"2021-07-03"
NA,907,0,0,"2021-07-04"
NA,907,0,0,"2021-07-05"
NA,907,0,0,"2021-07-06"
NA,907,0,0,"2021-07-07"
NA,907,0,0,"2021-07-08"
NA,907,0,0,"2021-07-09"
NA,907,0,0,"2021-07-10"
NA,907,0,0,"2021-07-11"
NA,907,0,0,"2021-07-12"
NA,907,0,0,"2021-07-13"
4.81790351867676,907,903,0.995589856670342,"2021-07-14"
NA,907,0,0,"2021-07-15"
NA,907,0,0,"2021-07-16"
NA,907,0,0,"2021-07-17"
NA,907,0,0,"2021-07-18"
4.97999906539917,907,905,0.997794928335171,"2021-07-19"
5.33550643920898,907,907,1,"2021-07-20"
NA,907,0,0,"2021-07-21"
NA,907,0,0,"2021-07-22"
5.16486263275146,907,905,0.997794928335171,"2021-07-23"
4.76747465133667,907,903,0.995589856670342,"2021-07-24"
5.18280363082886,907,903,0.995589856670342,"2021-07-25"
NA,907,0,0,"2021-07-26"
NA,907,0,0,"2021-07-27"
4.60187244415283,907,904,0.996692392502756,"2021-07-28"
4.68570327758789,907,907,1,"2021-07-29"
4.9525089263916,907,901,0.993384785005513,"2021-07-30"
NA,907,0,0,"2021-07-31"
5.33676815032959,907,904,0.996692392502756,"2021-08-01"
3.87931728363037,907,901,0.993384785005513,"2021-08-02"
5.34460115432739,907,900,0.992282249173098,"2021-08-05"
3.52240204811096,907,907,1,"2021-08-06"
4.15586376190186,907,904,0.996692392502756,"2021-08-07"
4.78317022323608,907,907,1,"2021-08-08"
2.92461967468262,907,907,1,"2021-08-09"
5.33603811264038,907,904,0.996692392502756,"2021-08-10"
4.6073637008667,907,904,0.996692392502756,"2021-08-11"
4.62967109680176,907,903,0.995589856670342,"2021-08-12"
4.08251857757568,907,904,0.996692392502756,"2021-08-13"
2.68707251548767,907,906,0.998897464167585,"2021-08-14"
4.34929132461548,907,904,0.996692392502756,"2021-08-15"
5.01494169235229,907,904,0.996692392502756,"2021-08-16"
5.00989961624146,907,905,0.997794928335171,"2021-08-17"
4.36522245407104,907,901,0.993384785005513,"2021-08-18"
4.18801641464233,907,903,0.995589856670342,"2021-08-19"
4.9271674156189,907,907,1,"2021-08-20"
3.92454218864441,907,905,0.997794928335171,"2021-08-21"
3.92950344085693,907,904,0.996692392502756,"2021-08-22"
4.93402624130249,907,905,0.997794928335171,"2021-08-23"
4.47408533096313,907,903,0.995589856670342,"2021-08-24"
4.5740761756897,907,904,0.996692392502756,"2021-08-25"
4.93466091156006,907,904,0.996692392502756,"2021-08-26"
3.95685291290283,907,904,0.996692392502756,"2021-08-27"
4.70850706100464,907,903,0.995589856670342,"2021-08-28"
4.60807132720947,907,904,0.996692392502756,"2021-08-29"
4.56242942810059,907,907,1,"2021-08-30"
4.93466091156006,907,904,0.996692392502756,"2021-08-31"
4.65839576721191,907,904,0.996692392502756,"2021-09-01"
4.78538131713867,907,907,1,"2021-09-02"
4.54072189331055,907,903,0.995589856670342,"2021-09-03"
4.93456172943115,907,903,0.995589856670342,"2021-09-04"
4.93680620193481,907,903,0.995589856670342,"2021-09-05"
3.09428334236145,907,905,0.997794928335171,"2021-09-06"
4.9934983253479,907,904,0.996692392502756,"2021-09-07"
5.04396915435791,907,904,0.996692392502756,"2021-09-08"
5.04455614089966,907,904,0.996692392502756,"2021-09-09"
2.74304890632629,907,905,0.997794928335171,"2021-09-10"
4.10669136047363,907,906,0.998897464167585,"2021-09-11"
2.07861924171448,907,904,0.996692392502756,"2021-09-12"
4.61789321899414,907,903,0.995589856670342,"2021-09-13"
4.57307291030884,907,905,0.997794928335171,"2021-09-14"
3.83294773101807,907,904,0.996692392502756,"2021-09-15"
4.66014337539673,907,904,0.996692392502756,"2021-09-16"
4.88677883148193,907,904,0.996692392502756,"2021-09-17"
4.88565826416016,907,907,1,"2021-09-18"
4.88672542572021,907,903,0.995589856670342,"2021-09-19"
4.00662994384766,907,904,0.996692392502756,"2021-09-20"
4.5089807510376,907,901,0.993384785005513,"2021-09-21"
4.89357995986938,907,902,0.994487320837927,"2021-09-22"
4.53410959243774,907,907,1,"2021-09-23"
4.43975496292114,907,907,1,"2021-09-24"
4.53892946243286,907,905,0.997794928335171,"2021-09-25"
4.88677883148193,907,904,0.996692392502756,"2021-09-26"
4.88677883148193,907,904,0.996692392502756,"2021-09-27"
4.88601303100586,907,905,0.997794928335171,"2021-09-28"
4.88960266113281,907,902,0.994487320837927,"2021-09-29"
4.88601303100586,907,905,0.997794928335171,"2021-09-30"
3.56621766090393,907,906,0.998897464167585,"2021-10-01"
4.88677883148193,907,904,0.996692392502756,"2021-10-02"
2.39153933525085,907,904,0.996692392502756,"2021-10-03"
4.8838267326355,907,905,0.997794928335171,"2021-10-04"
4.8838267326355,907,905,0.997794928335171,"2021-10-05"
4.88634014129639,907,904,0.996692392502756,"2021-10-06"
4.49512052536011,907,903,0.995589856670342,"2021-10-07"
4.87056970596313,907,904,0.996692392502756,"2021-10-08"
4.86980724334717,907,905,0.997794928335171,"2021-10-09"
4.14332962036133,907,907,1,"2021-10-10"
4.31032800674438,907,907,1,"2021-10-11"
4.83251190185547,907,907,1,"2021-10-12"
4.40779876708984,907,905,0.997794928335171,"2021-10-13"
4.37247896194458,907,904,0.996692392502756,"2021-10-14"
4.84749603271484,907,903,0.995589856670342,"2021-10-15"
4.84749603271484,907,903,0.995589856670342,"2021-10-16"
4.84645748138428,907,907,1,"2021-10-17"
3.46955633163452,907,904,0.996692392502756,"2021-10-18"
4.36803913116455,907,904,0.996692392502756,"2021-10-19"
4.84756708145142,907,904,0.996692392502756,"2021-10-20"
4.84645748138428,907,907,1,"2021-10-21"
4.84680891036987,907,905,0.997794928335171,"2021-10-22"
4.84638643264771,907,906,0.998897464167585,"2021-10-23"
4.84726238250732,907,905,0.997794928335171,"2021-10-24"
4.8467378616333,907,904,0.996692392502756,"2021-10-25"
4.84645748138428,907,907,1,"2021-10-26"
3.67579364776611,907,902,0.994487320837927,"2021-10-27"
4.84645748138428,907,907,1,"2021-10-28"
4.84638643264771,907,906,0.998897464167585,"2021-10-29"
4.90497636795044,907,904,0.996692392502756,"2021-10-30"
4.94490671157837,907,904,0.996692392502756,"2021-10-31"
4.65100431442261,907,901,0.993384785005513,"2021-11-01"
4.80920600891113,907,905,0.997794928335171,"2021-11-02"
4.81268978118896,907,901,0.993384785005513,"2021-11-03"
4.80995750427246,907,904,0.996692392502756,"2021-11-04"
4.80989360809326,907,903,0.995589856670342,"2021-11-05"
4.80920600891113,907,905,0.997794928335171,"2021-11-06"
4.76787900924683,907,904,0.996692392502756,"2021-11-07"
4.8087944984436,907,906,0.998897464167585,"2021-11-08"
4.80995750427246,907,904,0.996692392502756,"2021-11-09"
4.80995750427246,907,904,0.996692392502756,"2021-11-10"
4.81200122833252,907,903,0.995589856670342,"2021-11-11"
4.81275367736816,907,902,0.994487320837927,"2021-11-12"
4.80995750427246,907,904,0.996692392502756,"2021-11-13"
4.80890464782715,907,906,0.998897464167585,"2021-11-14"
4.80885791778564,907,907,1,"2021-11-15"
4.80897426605225,907,904,0.996692392502756,"2021-11-16"
4.80890464782715,907,906,0.998897464167585,"2021-11-17"
4.81669235229492,907,900,0.992282249173098,"2021-11-18"
3.58132863044739,907,905,0.997794928335171,"2021-11-19"
4.70144701004028,907,904,0.996692392502756,"2021-11-20"
4.80890464782715,907,906,0.998897464167585,"2021-11-21"
4.49544811248779,907,903,0.995589856670342,"2021-11-22"
4.81675577163696,907,901,0.993384785005513,"2021-11-23"
4.8087944984436,907,906,0.998897464167585,"2021-11-24"
4.80972003936768,907,904,0.996692392502756,"2021-11-25"
4.80885791778564,907,907,1,"2021-11-26"
4.80995750427246,907,904,0.996692392502756,"2021-11-27"
4.80995750427246,907,904,0.996692392502756,"2021-11-28"
4.80890464782715,907,906,0.998897464167585,"2021-11-29"
4.81275367736816,907,902,0.994487320837927,"2021-11-30"
4.80989360809326,907,903,0.995589856670342,"2021-12-01"
4.81200122833252,907,903,0.995589856670342,"2021-12-02"
4.81040382385254,907,907,1,"2021-12-03"
4.82610273361206,907,901,0.993384785005513,"2021-12-04"
4.53708457946777,907,904,0.996692392502756,"2021-12-05"
4.82213020324707,907,907,1,"2021-12-06"
2.55363202095032,907,907,1,"2021-12-07"
4.8174352645874,907,907,1,"2021-12-08"
4.82213020324707,907,907,1,"2021-12-09"
4.82324028015137,907,904,0.996692392502756,"2021-12-10"
3.73174500465393,907,907,1,"2021-12-11"
4.78991460800171,907,903,0.995589856670342,"2021-12-12"
4.82248115539551,907,905,0.997794928335171,"2021-12-13"
3.68997859954834,907,904,0.996692392502756,"2021-12-14"
4.82213020324707,907,907,1,"2021-12-15"
4.82220411300659,907,905,0.997794928335171,"2021-12-16"
4.5834903717041,907,907,1,"2021-12-17"
4.82217741012573,907,906,0.998897464167585,"2021-12-18"
3.84779858589172,907,903,0.995589856670342,"2021-12-19"
4.65145444869995,907,905,0.997794928335171,"2021-12-20"
4.62274789810181,907,904,0.996692392502756,"2021-12-21"
4.82215690612793,907,906,0.998897464167585,"2021-12-22"
4.82217741012573,907,906,0.998897464167585,"2021-12-23"
4.82326698303223,907,903,0.995589856670342,"2021-12-24"
3.82386875152588,907,904,0.996692392502756,"2021-12-25"
6.20001554489136,907,907,1,"2021-12-26"
16.6499538421631,907,905,0.997794928335171,"2021-12-27"
12.1009845733643,907,903,0.995589856670342,"2021-12-28"
11.7978096008301,907,903,0.995589856670342,"2021-12-29"
5.2699670791626,907,907,1,"2021-12-30"
5.44218635559082,907,906,0.998897464167585,"2021-12-31"
NA,NA,NA,NA,"2022-06-28"
NA,NA,NA,NA,"2022-07-26"
NA,NA,NA,NA,"2022-07-27"
NA,NA,NA,NA,"2022-07-28"
NA,NA,NA,NA,"2022-07-29"
NA,NA,NA,NA,"2022-07-30"
NA,NA,NA,NA,"2022-07-31"
NA,NA,NA,NA,"2022-08-01"
NA,NA,NA,NA,"2022-08-02"
NA,NA,NA,NA,"2022-08-03"
NA,NA,NA,NA,"2022-08-04"
NA,NA,NA,NA,"2022-08-05"
NA,NA,NA,NA,"2022-08-06"
NA,NA,NA,NA,"2022-08-07"
NA,NA,NA,NA,"2022-08-08"
NA,NA,NA,NA,"2022-08-09"
NA,NA,NA,NA,"2022-08-10"
5.26954698562622,907,905,0.997794928335171,"2022-01-01"
5.2703595161438,907,905,0.997794928335171,"2022-01-02"
5.27043199539185,907,904,0.996692392502756,"2022-01-03"
5.27002000808716,907,906,0.998897464167585,"2022-01-04"
5.40527820587158,907,903,0.995589856670342,"2022-01-05"
5.27305269241333,907,902,0.994487320837927,"2022-01-06"
5.27352523803711,907,903,0.995589856670342,"2022-01-07"
5.27009201049805,907,905,0.997794928335171,"2022-01-08"
5.27120065689087,907,904,0.996692392502756,"2022-01-09"
6.04447937011719,907,904,0.996692392502756,"2022-01-10"
5.47594738006592,907,903,0.995589856670342,"2022-01-11"
5.47411775588989,907,906,0.998897464167585,"2022-01-12"
4.10344505310059,907,903,0.995589856670342,"2022-01-13"
5.47458267211914,907,907,1,"2022-01-14"
5.47540616989136,907,903,0.995589856670342,"2022-01-15"
3.96225118637085,907,907,1,"2022-01-16"
5.47587203979492,907,904,0.996692392502756,"2022-01-17"
3.67245221138,907,907,1,"2022-01-18"
5.47587203979492,907,904,0.996692392502756,"2022-01-19"
5.47499370574951,907,905,0.997794928335171,"2022-01-20"
4.42778301239014,907,904,0.996692392502756,"2022-01-21"
5.44978189468384,907,906,0.998897464167585,"2022-01-22"
4.25760984420776,907,903,0.995589856670342,"2022-01-23"
3.21148538589478,907,905,0.997794928335171,"2022-01-24"
4.51476430892944,907,903,0.995589856670342,"2022-01-25"
2.76133584976196,907,903,0.995589856670342,"2022-01-26"
3.45076084136963,907,901,0.993384785005513,"2022-01-27"
5.21931457519531,907,904,0.996692392502756,"2022-01-28"
5.22130346298218,907,904,0.996692392502756,"2022-01-29"
5.21931457519531,907,904,0.996692392502756,"2022-01-30"
4.52354288101196,907,903,0.995589856670342,"2022-01-31"
4.68652629852295,907,903,0.995589856670342,"2022-02-01"
5.15884876251221,907,904,0.996692392502756,"2022-02-02"
4.49643611907959,907,904,0.996692392502756,"2022-02-03"
5.15499591827393,907,905,0.997794928335171,"2022-02-04"
5.1634373664856,907,901,0.993384785005513,"2022-02-05"
4.65619468688965,907,905,0.997794928335171,"2022-02-06"
2.3409903049469,907,903,0.995589856670342,"2022-02-07"
5.15579032897949,907,904,0.996692392502756,"2022-02-08"
5.15532827377319,907,903,0.995589856670342,"2022-02-09"
2.8397696018219,907,903,0.995589856670342,"2022-02-10"
4.19291400909424,907,903,0.995589856670342,"2022-02-11"
4.68723249435425,907,907,1,"2022-02-12"
4.76508378982544,907,906,0.998897464167585,"2022-02-13"
5.15579032897949,907,904,0.996692392502756,"2022-02-14"
3.76125836372375,907,904,0.996692392502756,"2022-02-15"
4.14552688598633,907,904,0.996692392502756,"2022-02-16"
5.15463304519653,907,906,0.998897464167585,"2022-02-17"
4.09122848510742,907,905,0.997794928335171,"2022-02-18"
4.3210129737854,907,904,0.996692392502756,"2022-02-19"
5.11175966262817,907,903,0.995589856670342,"2022-02-20"
5.06875085830688,907,903,0.995589856670342,"2022-02-21"
5.53121614456177,907,904,0.996692392502756,"2022-02-22"
5.15586090087891,907,903,0.995589856670342,"2022-02-23"
6.10699319839478,907,907,1,"2022-02-24"
5.20802545547485,907,906,0.998897464167585,"2022-02-25"
5.18743133544922,907,903,0.995589856670342,"2022-02-26"
5.18667793273926,907,907,1,"2022-02-27"
5.18705987930298,907,905,0.997794928335171,"2022-02-28"
5.18713140487671,907,904,0.996692392502756,"2022-03-01"
5.18680047988892,907,905,0.997794928335171,"2022-03-02"
2.51762557029724,907,907,1,"2022-03-03"
3.20691704750061,907,903,0.995589856670342,"2022-03-04"
4.68228960037231,907,906,0.998897464167585,"2022-03-05"
4.97173357009888,907,905,0.997794928335171,"2022-03-06"
5.20642137527466,907,905,0.997794928335171,"2022-03-07"
5.20727586746216,907,904,0.996692392502756,"2022-03-08"
5.29594898223877,907,904,0.996692392502756,"2022-03-09"
5.23137617111206,907,904,0.996692392502756,"2022-03-10"
5.23144912719727,907,903,0.995589856670342,"2022-03-11"
5.23017024993896,907,905,0.997794928335171,"2022-03-12"
5.23136806488037,907,903,0.995589856670342,"2022-03-13"
5.23136806488037,907,903,0.995589856670342,"2022-03-14"
4.67719841003418,907,903,0.995589856670342,"2022-03-15"
4.17537927627563,907,906,0.998897464167585,"2022-03-16"
5.23379564285278,907,903,0.995589856670342,"2022-03-17"
5.23137617111206,907,904,0.996692392502756,"2022-03-18"
5.23379564285278,907,903,0.995589856670342,"2022-03-19"
5.16721200942993,907,904,0.996692392502756,"2022-03-20"
5.23131513595581,907,904,0.996692392502756,"2022-03-21"
5.23144912719727,907,903,0.995589856670342,"2022-03-22"
5.23050546646118,907,904,0.996692392502756,"2022-03-23"
4.90227127075195,907,906,0.998897464167585,"2022-03-24"
5.2301926612854,907,905,0.997794928335171,"2022-03-25"
5.23436403274536,907,901,0.993384785005513,"2022-03-26"
5.23106050491333,907,904,0.996692392502756,"2022-03-27"
5.22979736328125,907,906,0.998897464167585,"2022-03-28"
5.14230442047119,907,907,1,"2022-03-29"
5.2571759223938,907,907,1,"2022-03-30"
5.26257181167603,907,902,0.994487320837927,"2022-03-31"
5.25756645202637,907,905,0.997794928335171,"2022-04-01"
5.26179170608521,907,902,0.994487320837927,"2022-04-02"
5.25756645202637,907,904,0.996692392502756,"2022-04-03"
5.25756645202637,907,905,0.997794928335171,"2022-04-04"
5.25756645202637,907,904,0.996692392502756,"2022-04-05"
5.20293235778809,907,906,0.998897464167585,"2022-04-06"
5.27364206314087,907,906,0.998897464167585,"2022-04-07"
5.27360057830811,907,907,1,"2022-04-08"
5.2379584312439,907,903,0.995589856670342,"2022-04-09"
5.24569654464722,907,907,1,"2022-04-10"
4.81372690200806,907,905,0.997794928335171,"2022-04-11"
5.27360057830811,907,907,1,"2022-04-12"
5.21488809585571,907,903,0.995589856670342,"2022-04-13"
5.33366727828979,907,905,0.997794928335171,"2022-04-14"
4.48359489440918,907,905,0.997794928335171,"2022-04-15"
4.83704090118408,907,904,0.996692392502756,"2022-04-16"
5.27398109436035,907,905,0.997794928335171,"2022-04-17"
5.27492761611938,907,903,0.995589856670342,"2022-04-18"
5.27485322952271,907,904,0.996692392502756,"2022-04-19"
5.081955909729,907,903,0.995589856670342,"2022-04-20"
4.36503648757935,907,907,1,"2022-04-21"
2.81802701950073,907,901,0.993384785005513,"2022-04-22"
5.20931673049927,907,901,0.993384785005513,"2022-04-23"
4.99710083007812,907,905,0.997794928335171,"2022-04-24"
5.00153303146362,907,906,0.998897464167585,"2022-04-25"
4.71024942398071,907,904,0.996692392502756,"2022-04-26"
4.77520799636841,907,903,0.995589856670342,"2022-04-27"
4.99602794647217,907,903,0.995589856670342,"2022-04-28"
5.1176905632019,907,904,0.996692392502756,"2022-04-29"
5.09115123748779,907,906,0.998897464167585,"2022-04-30"
4.71379995346069,907,907,1,"2022-05-01"
5.08976936340332,907,907,1,"2022-05-02"
3.09712696075439,907,907,1,"2022-05-03"
5.09104585647583,907,903,0.995589856670342,"2022-05-04"
5.09100770950317,907,904,0.996692392502756,"2022-05-05"
4.01843070983887,907,905,0.997794928335171,"2022-05-06"
4.81562566757202,907,903,0.995589856670342,"2022-05-07"
5.07062435150146,907,903,0.995589856670342,"2022-05-08"
5.11818599700928,907,904,0.996692392502756,"2022-05-09"
NA,907,0,0,"2022-05-10"
4.41290426254272,907,664,0.732083792723264,"2022-05-11"
5.12608957290649,907,901,0.993384785005513,"2022-05-12"
4.71100521087646,907,906,0.998897464167585,"2022-05-13"
5.12148141860962,907,902,0.994487320837927,"2022-05-14"
NA,907,0,0,"2022-05-15"
NA,907,0,0,"2022-05-16"
NA,907,0,0,"2022-05-17"
5.11825895309448,907,903,0.995589856670342,"2022-05-18"
5.37641143798828,907,904,0.996692392502756,"2022-05-19"
5.11891269683838,907,901,0.993384785005513,"2022-05-20"
NA,907,0,0,"2022-05-21"
NA,907,0,0,"2022-05-22"
NA,907,0,0,"2022-05-23"
5.12063455581665,907,903,0.995589856670342,"2022-05-24"
5.11818599700928,907,904,0.996692392502756,"2022-05-25"
NA,907,0,0,"2022-05-26"
NA,907,0,0,"2022-05-27"
NA,907,0,0,"2022-05-28"
NA,907,0,0,"2022-05-29"
NA,907,0,0,"2022-05-30"
NA,907,0,0,"2022-05-31"
NA,907,0,0,"2022-06-01"
NA,907,0,0,"2022-06-02"
NA,907,0,0,"2022-06-03"
NA,907,0,0,"2022-06-04"
NA,907,0,0,"2022-06-05"
NA,907,0,0,"2022-06-06"
NA,907,0,0,"2022-06-07"
NA,907,0,0,"2022-06-08"
NA,907,0,0,"2022-06-09"
NA,907,0,0,"2022-06-10"
NA,907,0,0,"2022-06-11"
NA,907,0,0,"2022-06-12"
NA,907,0,0,"2022-06-13"
NA,907,0,0,"2022-06-14"
NA,907,0,0,"2022-06-15"
NA,907,0,0,"2022-06-16"
NA,907,0,0,"2022-06-17"
NA,907,0,0,"2022-06-18"
NA,907,0,0,"2022-06-19"
NA,907,0,0,"2022-06-20"
NA,907,0,0,"2022-06-21"
NA,907,0,0,"2022-06-22"
NA,907,0,0,"2022-06-23"
NA,907,0,0,"2022-06-24"
NA,907,0,0,"2022-06-25"
NA,907,0,0,"2022-06-26"
NA,907,0,0,"2022-06-27"
NA,907,0,0,"2022-06-29"
NA,907,0,0,"2022-06-30"
NA,907,0,0,"2022-07-01"
NA,907,0,0,"2022-07-02"
NA,907,0,0,"2022-07-03"
NA,907,0,0,"2022-07-04"
NA,907,0,0,"2022-07-05"
NA,907,0,0,"2022-07-06"
NA,907,0,0,"2022-07-07"
NA,907,0,0,"2022-07-08"
NA,907,0,0,"2022-07-09"
NA,907,0,0,"2022-07-10"
NA,907,0,0,"2022-07-11"
5.63668251037598,907,904,0.996692392502756,"2022-07-12"
NA,907,0,0,"2022-07-13"
NA,907,0,0,"2022-07-14"
NA,907,0,0,"2022-07-15"
NA,907,0,0,"2022-07-16"
5.12063455581665,907,903,0.995589856670342,"2022-07-17"
NA,907,0,0,"2022-07-18"
NA,907,0,0,"2022-07-19"
NA,907,0,0,"2022-07-20"
4.61261129379272,907,903,0.995589856670342,"2022-07-21"
5.10229396820068,907,900,0.992282249173098,"2022-07-22"
5.11697053909302,907,907,1,"2022-07-23"
NA,907,0,0,"2022-07-24"
NA,907,0,0,"2022-07-25"
3.80338978767395,907,903,0.995589856670342,"2022-08-11"
4.95765829086304,907,901,0.993384785005513,"2022-08-12"
5.05095624923706,907,902,0.994487320837927,"2022-08-13"
5.11488628387451,907,905,0.997794928335171,"2022-08-14"
4.59772872924805,907,904,0.996692392502756,"2022-08-15"
5.10581302642822,907,905,0.997794928335171,"2022-08-16"
4.71737194061279,907,907,1,"2022-08-17"
4.7805700302124,907,906,0.998897464167585,"2022-08-18"
5.01317119598389,907,904,0.996692392502756,"2022-08-19"
4.82611894607544,907,906,0.998897464167585,"2022-08-20"
3.59396982192993,907,903,0.995589856670342,"2022-08-21"
5.08964252471924,907,903,0.995589856670342,"2022-08-22"
4.62262439727783,907,906,0.998897464167585,"2022-08-23"
4.61814022064209,907,904,0.996692392502756,"2022-08-24"
5.05245685577393,907,903,0.995589856670342,"2022-08-25"
4.63709592819214,907,903,0.995589856670342,"2022-08-26"
4.52845001220703,907,903,0.995589856670342,"2022-08-27"
4.78637266159058,907,902,0.994487320837927,"2022-08-28"
4.87648630142212,907,905,0.997794928335171,"2022-08-29"
4.71744966506958,907,907,1,"2022-08-30"
4.49624156951904,907,903,0.995589856670342,"2022-08-31"
4.6390905380249,907,904,0.996692392502756,"2022-09-01"
4.68810892105103,907,902,0.994487320837927,"2022-09-02"
4.55682516098022,907,904,0.996692392502756,"2022-09-03"
5.12306642532349,907,904,0.996692392502756,"2022-09-04"
4.61232995986938,907,903,0.995589856670342,"2022-09-05"
4.70690393447876,907,906,0.998897464167585,"2022-09-06"
4.68141603469849,907,904,0.996692392502756,"2022-09-07"
4.75099754333496,907,901,0.993384785005513,"2022-09-08"
4.63111305236816,907,904,0.996692392502756,"2022-09-09"
5.65048360824585,907,905,0.997794928335171,"2022-09-10"
5.1033501625061,907,905,0.997794928335171,"2022-09-11"
4.93081712722778,907,907,1,"2022-09-12"
4.57804489135742,907,903,0.995589856670342,"2022-09-13"
4.43797063827515,907,904,0.996692392502756,"2022-09-14"
5.10296726226807,907,907,1,"2022-09-15"
5.10302066802979,907,906,0.998897464167585,"2022-09-16"
5.10296726226807,907,907,1,"2022-09-17"
4.61217498779297,907,902,0.994487320837927,"2022-09-18"
4.7074499130249,907,904,0.996692392502756,"2022-09-19"
4.70686674118042,907,904,0.996692392502756,"2022-09-20"
4.79689931869507,907,906,0.998897464167585,"2022-09-21"
4.66916465759277,907,901,0.993384785005513,"2022-09-22"
5.07190227508545,907,903,0.995589856670342,"2022-09-23"
5.07142496109009,907,905,0.997794928335171,"2022-09-24"
4.48556995391846,907,901,0.993384785005513,"2022-09-25"
4.99827003479004,907,907,1,"2022-09-26"
4.58078050613403,907,906,0.998897464167585,"2022-09-27"
5.02480697631836,907,906,0.998897464167585,"2022-09-28"
3.13240957260132,907,906,0.998897464167585,"2022-09-29"
4.51262044906616,907,902,0.994487320837927,"2022-09-30"
4.68540334701538,907,905,0.997794928335171,"2022-10-01"
4.58663415908813,907,907,1,"2022-10-02"
4.54440832138062,907,902,0.994487320837927,"2022-10-03"
4.66362905502319,907,903,0.995589856670342,"2022-10-04"
3.96693420410156,907,903,0.995589856670342,"2022-10-05"
4.6197714805603,907,905,0.997794928335171,"2022-10-06"
4.67836427688599,907,903,0.995589856670342,"2022-10-07"
4.42365407943726,907,905,0.997794928335171,"2022-10-08"
4.51230716705322,907,907,1,"2022-10-09"
4.59334373474121,907,906,0.998897464167585,"2022-10-10"
4.65408802032471,907,904,0.996692392502756,"2022-10-11"
4.90837144851685,907,904,0.996692392502756,"2022-10-12"
4.52675437927246,907,904,0.996692392502756,"2022-10-13"
4.44924354553223,907,903,0.995589856670342,"2022-10-14"
4.59896087646484,907,901,0.993384785005513,"2022-10-15"
4.44615983963013,907,903,0.995589856670342,"2022-10-16"
4.67579174041748,907,904,0.996692392502756,"2022-10-17"
4.51996612548828,907,903,0.995589856670342,"2022-10-18"
4.5231351852417,907,903,0.995589856670342,"2022-10-19"
3.84728074073792,907,904,0.996692392502756,"2022-10-20"
4.83303260803223,907,905,0.997794928335171,"2022-10-21"
3.51900935173035,907,904,0.996692392502756,"2022-10-22"
4.43079376220703,907,903,0.995589856670342,"2022-10-23"
4.83279943466187,907,905,0.997794928335171,"2022-10-24"
4.83267593383789,907,907,1,"2022-10-25"
3.18920612335205,907,906,0.998897464167585,"2022-10-26"
4.81464385986328,907,906,0.998897464167585,"2022-10-27"
4.81498575210571,907,905,0.997794928335171,"2022-10-28"
4.81568956375122,907,904,0.996692392502756,"2022-10-29"
4.81499862670898,907,904,0.996692392502756,"2022-10-30"
4.80090093612671,907,903,0.995589856670342,"2022-10-31"
4.81568956375122,907,904,0.996692392502756,"2022-11-01"
4.80398750305176,907,906,0.998897464167585,"2022-11-02"
4.81568956375122,907,904,0.996692392502756,"2022-11-03"
4.81498575210571,907,905,0.997794928335171,"2022-11-04"
4.91385793685913,907,907,1,"2022-11-05"
4.81576204299927,907,903,0.995589856670342,"2022-11-06"
4.81499862670898,907,904,0.996692392502756,"2022-11-07"
3.850994348526,907,904,0.996692392502756,"2022-11-08"
4.53097152709961,907,901,0.993384785005513,"2022-11-09"
3.69543051719666,907,904,0.996692392502756,"2022-11-10"
4.81576204299927,907,903,0.995589856670342,"2022-11-11"
4.04684114456177,907,904,0.996692392502756,"2022-11-12"
4.81468105316162,907,906,0.998897464167585,"2022-11-13"
3.85943508148193,907,905,0.997794928335171,"2022-11-14"
4.02884244918823,907,904,0.996692392502756,"2022-11-15"
3.29485273361206,907,907,1,"2022-11-16"
3.96230268478394,907,906,0.998897464167585,"2022-11-17"
4.37121391296387,907,904,0.996692392502756,"2022-11-18"
4.18963241577148,907,902,0.994487320837927,"2022-11-19"
4.43040418624878,907,904,0.996692392502756,"2022-11-20"
3.39525270462036,907,906,0.998897464167585,"2022-11-21"
4.76082801818848,907,907,1,"2022-11-22"
4.76482248306274,907,902,0.994487320837927,"2022-11-23"
3.0522243976593,907,903,0.995589856670342,"2022-11-24"
4.7618842124939,907,903,0.995589856670342,"2022-11-25"
4.4498348236084,907,901,0.993384785005513,"2022-11-26"
4.3308219909668,907,904,0.996692392502756,"2022-11-27"
3.9847400188446,907,907,1,"2022-11-28"
4.68627738952637,907,902,0.994487320837927,"2022-11-29"
4.63291501998901,907,907,1,"2022-11-30"
6.63916492462158,907,904,0.996692392502756,"2022-12-01"
4.72027826309204,907,904,0.996692392502756,"2022-12-02"
4.72050619125366,907,906,0.998897464167585,"2022-12-03"
8.43026542663574,907,904,0.996692392502756,"2022-12-04"
7.64944887161255,907,907,1,"2022-12-05"
3.77548503875732,907,903,0.995589856670342,"2022-12-06"
4.69564628601074,907,904,0.996692392502756,"2022-12-07"
4.72156429290771,907,903,0.995589856670342,"2022-12-08"
4.33924341201782,907,905,0.997794928335171,"2022-12-09"
4.72045660018921,907,907,1,"2022-12-10"
4.22545576095581,907,903,0.995589856670342,"2022-12-11"
3.90284276008606,907,903,0.995589856670342,"2022-12-12"
4.72149276733398,907,904,0.996692392502756,"2022-12-13"
3.71811985969543,907,907,1,"2022-12-14"
4.72373104095459,907,903,0.995589856670342,"2022-12-15"
4.7208046913147,907,905,0.997794928335171,"2022-12-16"
4.01393365859985,907,902,0.994487320837927,"2022-12-17"
4.66564464569092,907,904,0.996692392502756,"2022-12-18"
4.36510467529297,907,907,1,"2022-12-19"
4.72087621688843,907,904,0.996692392502756,"2022-12-20"
5.74170446395874,907,903,0.995589856670342,"2022-12-21"
15.7694606781006,907,904,0.996692392502756,"2022-12-22"
4.85169839859009,907,905,0.997794928335171,"2022-12-23"
4.85174989700317,907,904,0.996692392502756,"2022-12-24"
4.85174989700317,907,904,0.996692392502756,"2022-12-25"
4.85406112670898,907,903,0.995589856670342,"2022-12-26"
4.85174989700317,907,904,0.996692392502756,"2022-12-27"
4.85136413574219,907,906,0.998897464167585,"2022-12-28"
4.85174989700317,907,904,0.996692392502756,"2022-12-29"
4.85067796707153,907,907,1,"2022-12-30"
4.85175371170044,907,903,0.995589856670342,"2022-12-31"
NA,NA,NA,NA,"2023-07-26"
NA,NA,NA,NA,"2023-07-27"
NA,NA,NA,NA,"2023-11-01"
NA,NA,NA,NA,"2023-11-02"
3.2244610786438,907,904,0.996692392502756,"2023-01-01"
4.85067796707153,907,907,1,"2023-01-02"
4.85901498794556,907,902,0.994487320837927,"2023-01-03"
4.8518238067627,907,903,0.995589856670342,"2023-01-04"
4.85073328018188,907,905,0.997794928335171,"2023-01-05"
4.85080337524414,907,905,0.997794928335171,"2023-01-06"
4.85175371170044,907,903,0.995589856670342,"2023-01-07"
4.85103797912598,907,905,0.997794928335171,"2023-01-08"
4.85073328018188,907,905,0.997794928335171,"2023-01-09"
4.85111141204834,907,904,0.996692392502756,"2023-01-10"
4.2515230178833,907,907,1,"2023-01-11"
4.85406112670898,907,903,0.995589856670342,"2023-01-12"
4.85067796707153,907,907,1,"2023-01-13"
4.85174989700317,907,904,0.996692392502756,"2023-01-14"
4.85068225860596,907,906,0.998897464167585,"2023-01-15"
4.85111141204834,907,904,0.996692392502756,"2023-01-16"
4.79608726501465,907,901,0.993384785005513,"2023-01-17"
4.8591365814209,907,901,0.993384785005513,"2023-01-18"
4.15622138977051,907,901,0.993384785005513,"2023-01-19"
4.6230731010437,907,905,0.997794928335171,"2023-01-20"
3.34957718849182,907,904,0.996692392502756,"2023-01-21"
3.39515686035156,907,904,0.996692392502756,"2023-01-22"
3.96404242515564,907,907,1,"2023-01-23"
4.37530374526978,907,906,0.998897464167585,"2023-01-24"
3.27278470993042,907,904,0.996692392502756,"2023-01-25"
4.81532144546509,907,907,1,"2023-01-26"
2.45444130897522,907,906,0.998897464167585,"2023-01-27"
4.35852718353271,907,901,0.993384785005513,"2023-01-28"
5.50936889648438,907,907,1,"2023-01-29"
5.17159080505371,907,906,0.998897464167585,"2023-01-30"
4.81166744232178,907,903,0.995589856670342,"2023-01-31"
4.80867576599121,907,905,0.997794928335171,"2023-02-01"
4.808678150177,907,904,0.996692392502756,"2023-02-02"
4.808678150177,907,904,0.996692392502756,"2023-02-03"
4.50158500671387,907,904,0.996692392502756,"2023-02-04"
4.80937957763672,907,904,0.996692392502756,"2023-02-05"
4.81237268447876,907,902,0.994487320837927,"2023-02-06"
4.80937957763672,907,904,0.996692392502756,"2023-02-07"
4.12175559997559,907,901,0.993384785005513,"2023-02-08"
4.80867576599121,907,905,0.997794928335171,"2023-02-09"
3.84890913963318,907,904,0.996692392502756,"2023-02-10"
4.10561466217041,907,903,0.995589856670342,"2023-02-11"
4.81166744232178,907,903,0.995589856670342,"2023-02-12"
3.61044383049011,907,907,1,"2023-02-13"
5.42825317382812,907,901,0.993384785005513,"2023-02-14"
4.68192291259766,907,903,0.995589856670342,"2023-02-15"
4.85378074645996,907,906,0.998897464167585,"2023-02-16"
3.29779052734375,907,904,0.996692392502756,"2023-02-17"
4.85378074645996,907,906,0.998897464167585,"2023-02-18"
4.85376310348511,907,907,1,"2023-02-19"
4.43231058120728,907,902,0.994487320837927,"2023-02-20"
4.85419702529907,907,904,0.996692392502756,"2023-02-21"
4.85483551025391,907,904,0.996692392502756,"2023-02-22"
4.85376310348511,907,907,1,"2023-02-23"
5.68038940429688,907,901,0.993384785005513,"2023-02-24"
4.93261814117432,907,905,0.997794928335171,"2023-02-25"
4.93261814117432,907,905,0.997794928335171,"2023-02-26"
5.64501237869263,907,907,1,"2023-02-27"
5.07702827453613,907,904,0.996692392502756,"2023-02-28"
8.33168983459473,907,903,0.995589856670342,"2023-03-01"
5.07702827453613,907,904,0.996692392502756,"2023-03-02"
5.07662391662598,907,906,0.998897464167585,"2023-03-03"
5.08014106750488,907,903,0.995589856670342,"2023-03-04"
5.05662298202515,907,907,1,"2023-03-05"
5.07770347595215,907,904,0.996692392502756,"2023-03-06"
5.07702827453613,907,904,0.996692392502756,"2023-03-07"
5.0765700340271,907,907,1,"2023-03-08"
5.0834059715271,907,905,0.997794928335171,"2023-03-09"
5.07772350311279,907,903,0.995589856670342,"2023-03-10"
5.07383060455322,907,903,0.995589856670342,"2023-03-11"
4.92912483215332,907,904,0.996692392502756,"2023-03-12"
5.0765700340271,907,907,1,"2023-03-13"
4.96545553207397,907,904,0.996692392502756,"2023-03-14"
4.11292600631714,907,907,1,"2023-03-15"
5.23426961898804,907,903,0.995589856670342,"2023-03-16"
5.07366323471069,907,907,1,"2023-03-17"
5.08579397201538,907,902,0.994487320837927,"2023-03-18"
5.0829873085022,907,904,0.996692392502756,"2023-03-19"
5.0829873085022,907,904,0.996692392502756,"2023-03-20"
5.08191108703613,907,906,0.998897464167585,"2023-03-21"
5.24209785461426,907,905,0.997794928335171,"2023-03-22"
5.09685754776001,907,903,0.995589856670342,"2023-03-23"
4.82147216796875,907,906,0.998897464167585,"2023-03-24"
4.14864873886108,907,904,0.996692392502756,"2023-03-25"
5.19225358963013,907,907,1,"2023-03-26"
5.06733131408691,907,903,0.995589856670342,"2023-03-27"
5.24930620193481,907,903,0.995589856670342,"2023-03-28"
5.60486793518066,907,901,0.993384785005513,"2023-03-29"
5.12192296981812,907,906,0.998897464167585,"2023-03-30"
5.24267339706421,907,904,0.996692392502756,"2023-03-31"
4.03919839859009,907,907,1,"2023-04-01"
5.24267339706421,907,904,0.996692392502756,"2023-04-02"
4.51245784759521,907,902,0.994487320837927,"2023-04-03"
4.63841533660889,907,905,0.997794928335171,"2023-04-04"
5.3075909614563,907,902,0.994487320837927,"2023-04-05"
5.24238348007202,907,903,0.995589856670342,"2023-04-06"
5.24149608612061,907,907,1,"2023-04-07"
5.24149608612061,907,907,1,"2023-04-08"
5.24188899993896,907,905,0.997794928335171,"2023-04-09"
5.24267339706421,907,904,0.996692392502756,"2023-04-10"
5.24159908294678,907,904,0.996692392502756,"2023-04-11"
5.64755296707153,907,904,0.996692392502756,"2023-04-12"
5.14442348480225,907,902,0.994487320837927,"2023-04-13"
5.0876522064209,907,905,0.997794928335171,"2023-04-14"
5.31236171722412,907,905,0.997794928335171,"2023-04-15"
5.31196212768555,907,907,1,"2023-04-16"
4.87054538726807,907,906,0.998897464167585,"2023-04-17"
4.95541381835938,907,903,0.995589856670342,"2023-04-18"
5.2848744392395,907,907,1,"2023-04-19"
4.20165300369263,907,905,0.997794928335171,"2023-04-20"
5.10097980499268,907,903,0.995589856670342,"2023-04-21"
5.23862743377686,907,907,1,"2023-04-22"
5.31201457977295,907,906,0.998897464167585,"2023-04-23"
2.75095200538635,907,903,0.995589856670342,"2023-04-24"
4.14557886123657,907,902,0.994487320837927,"2023-04-25"
4.48709440231323,907,904,0.996692392502756,"2023-04-26"
4.51714372634888,907,902,0.994487320837927,"2023-04-27"
5.51088380813599,907,903,0.995589856670342,"2023-04-28"
5.3939356803894,907,903,0.995589856670342,"2023-04-29"
4.52144956588745,907,907,1,"2023-04-30"
4.50909948348999,907,903,0.995589856670342,"2023-05-01"
4.47634029388428,907,846,0.932745314222712,"2023-05-02"
5.34491062164307,907,904,0.996692392502756,"2023-05-03"
4.67304229736328,907,907,1,"2023-05-04"
4.50948047637939,907,903,0.995589856670342,"2023-05-05"
4.50948047637939,907,903,0.995589856670342,"2023-05-06"
4.50747442245483,907,903,0.995589856670342,"2023-05-07"
NA,907,0,0,"2023-05-08"
4.90472602844238,907,907,1,"2023-05-09"
5.10461330413818,907,905,0.997794928335171,"2023-05-10"
5.26343584060669,907,903,0.995589856670342,"2023-05-11"
5.04365491867065,907,906,0.998897464167585,"2023-05-12"
NA,907,0,0,"2023-05-13"
NA,907,0,0,"2023-05-14"
4.9210467338562,907,901,0.993384785005513,"2023-05-15"
5.05625581741333,907,904,0.996692392502756,"2023-05-16"
4.74550104141235,907,906,0.998897464167585,"2023-05-17"
NA,907,0,0,"2023-05-18"
NA,907,0,0,"2023-05-19"
NA,907,0,0,"2023-05-20"
3.15000009536743,907,1,0.00110253583241455,"2023-05-21"
4.84744358062744,907,903,0.995589856670342,"2023-05-22"
4.95571231842041,907,900,0.992282249173098,"2023-05-23"
NA,907,0,0,"2023-05-24"
NA,907,0,0,"2023-05-25"
NA,907,0,0,"2023-05-26"
NA,907,0,0,"2023-05-27"
5.04923105239868,907,907,1,"2023-05-28"
NA,907,0,0,"2023-05-29"
NA,907,0,0,"2023-05-30"
NA,907,0,0,"2023-05-31"
NA,907,0,0,"2023-06-01"
NA,907,0,0,"2023-06-02"
NA,907,0,0,"2023-06-03"
NA,907,0,0,"2023-06-04"
NA,907,0,0,"2023-06-05"
NA,907,0,0,"2023-06-06"
NA,907,0,0,"2023-06-07"
NA,907,0,0,"2023-06-08"
NA,907,0,0,"2023-06-09"
NA,907,0,0,"2023-06-10"
NA,907,0,0,"2023-06-11"
NA,907,0,0,"2023-06-12"
NA,907,0,0,"2023-06-13"
NA,907,0,0,"2023-06-14"
NA,907,0,0,"2023-06-15"
NA,907,0,0,"2023-06-16"
NA,907,0,0,"2023-06-17"
NA,907,0,0,"2023-06-18"
NA,907,0,0,"2023-06-19"
NA,907,0,0,"2023-06-20"
NA,907,0,0,"2023-06-21"
NA,907,0,0,"2023-06-22"
NA,907,0,0,"2023-06-23"
NA,907,0,0,"2023-06-24"
NA,907,0,0,"2023-06-25"
NA,907,0,0,"2023-06-26"
NA,907,0,0,"2023-06-27"
NA,907,0,0,"2023-06-28"
NA,907,0,0,"2023-06-29"
NA,907,0,0,"2023-06-30"
NA,907,0,0,"2023-07-01"
NA,907,0,0,"2023-07-02"
NA,907,0,0,"2023-07-03"
NA,907,0,0,"2023-07-04"
NA,907,0,0,"2023-07-05"
NA,907,0,0,"2023-07-06"
NA,907,0,0,"2023-07-07"
NA,907,0,0,"2023-07-08"
NA,907,0,0,"2023-07-09"
4.7444634437561,907,120,0.132304299889746,"2023-07-10"
NA,907,0,0,"2023-07-11"
NA,907,0,0,"2023-07-12"
NA,907,0,0,"2023-07-13"
NA,907,0,0,"2023-07-14"
5.50675106048584,907,907,1,"2023-07-15"
NA,907,0,0,"2023-07-16"
NA,907,0,0,"2023-07-17"
NA,907,0,0,"2023-07-18"
4.87742280960083,907,901,0.993384785005513,"2023-07-19"
5.19705533981323,907,901,0.993384785005513,"2023-07-20"
NA,907,0,0,"2023-07-21"
NA,907,0,0,"2023-07-22"
NA,907,0,0,"2023-07-23"
5.20970296859741,907,904,0.996692392502756,"2023-07-24"
4.18644142150879,907,907,1,"2023-07-25"
4.97834730148315,907,904,0.996692392502756,"2023-07-28"
4.97273111343384,907,903,0.995589856670342,"2023-07-29"
5.21606063842773,907,907,1,"2023-07-30"
5.23337078094482,907,903,0.995589856670342,"2023-07-31"
NA,907,0,0,"2023-08-01"
5.08953189849854,907,905,0.997794928335171,"2023-08-02"
4.87307786941528,907,907,1,"2023-08-03"
5.15973424911499,907,907,1,"2023-08-04"
5.23971939086914,907,907,1,"2023-08-05"
NA,907,0,0,"2023-08-06"
5.28021097183228,907,903,0.995589856670342,"2023-08-07"
5.27970933914185,907,907,1,"2023-08-08"
5.27975225448608,907,906,0.998897464167585,"2023-08-09"
4.09377908706665,907,907,1,"2023-08-10"
4.95732975006104,907,906,0.998897464167585,"2023-08-11"
5.28061103820801,907,904,0.996692392502756,"2023-08-12"
5.08996105194092,907,903,0.995589856670342,"2023-08-13"
4.83864259719849,907,903,0.995589856670342,"2023-08-14"
4.92854452133179,907,903,0.995589856670342,"2023-08-15"
4.85026264190674,907,907,1,"2023-08-16"
5.14755487442017,907,905,0.997794928335171,"2023-08-17"
5.37756299972534,907,907,1,"2023-08-18"
4.91698217391968,907,906,0.998897464167585,"2023-08-19"
3.31480312347412,907,903,0.995589856670342,"2023-08-20"
3.92007422447205,907,906,0.998897464167585,"2023-08-21"
5.01072883605957,907,903,0.995589856670342,"2023-08-22"
5.20597362518311,907,903,0.995589856670342,"2023-08-23"
3.8326563835144,907,907,1,"2023-08-24"
4.98537683486938,907,903,0.995589856670342,"2023-08-25"
4.51096057891846,907,907,1,"2023-08-26"
4.89915227890015,907,906,0.998897464167585,"2023-08-27"
5.58703088760376,907,904,0.996692392502756,"2023-08-28"
5.43717241287231,907,904,0.996692392502756,"2023-08-29"
5.43620204925537,907,907,1,"2023-08-30"
5.43903589248657,907,902,0.994487320837927,"2023-08-31"
4.98687791824341,907,905,0.997794928335171,"2023-09-01"
5.30344581604004,907,907,1,"2023-09-02"
5.03760290145874,907,907,1,"2023-09-03"
4.23638248443604,907,904,0.996692392502756,"2023-09-04"
5.44303035736084,907,901,0.993384785005513,"2023-09-05"
5.43607139587402,907,906,0.998897464167585,"2023-09-06"
5.4348258972168,907,904,0.996692392502756,"2023-09-07"
5.18799686431885,907,904,0.996692392502756,"2023-09-08"
4.94907140731812,907,903,0.995589856670342,"2023-09-09"
4.90059375762939,907,907,1,"2023-09-10"
5.43620204925537,907,907,1,"2023-09-11"
4.91896724700928,907,905,0.997794928335171,"2023-09-12"
5.43179368972778,907,905,0.997794928335171,"2023-09-13"
4.70168447494507,907,904,0.996692392502756,"2023-09-14"
4.76210641860962,907,904,0.996692392502756,"2023-09-15"
4.75635433197021,907,907,1,"2023-09-16"
5.14635944366455,907,904,0.996692392502756,"2023-09-17"
3.43257927894592,907,904,0.996692392502756,"2023-09-18"
5.13978385925293,907,904,0.996692392502756,"2023-09-19"
5.13940095901489,907,907,1,"2023-09-20"
4.89861345291138,907,907,1,"2023-09-21"
4.81280469894409,907,901,0.993384785005513,"2023-09-22"
5.11209011077881,907,905,0.997794928335171,"2023-09-23"
4.69087314605713,907,903,0.995589856670342,"2023-09-24"
5.1302661895752,907,907,1,"2023-09-25"
4.67990255355835,907,905,0.997794928335171,"2023-09-26"
5.13136625289917,907,904,0.996692392502756,"2023-09-27"
5.1302661895752,907,907,1,"2023-09-28"
4.515625,907,903,0.995589856670342,"2023-09-29"
4.74277067184448,907,905,0.997794928335171,"2023-09-30"
4.80953168869019,907,907,1,"2023-10-01"
5.13745641708374,907,901,0.993384785005513,"2023-10-02"
3.49217128753662,907,905,0.997794928335171,"2023-10-03"
4.05015420913696,907,907,1,"2023-10-04"
3.77539873123169,907,907,1,"2023-10-05"
4.65513277053833,907,903,0.995589856670342,"2023-10-06"
4.71346044540405,907,905,0.997794928335171,"2023-10-07"
4.70067119598389,907,906,0.998897464167585,"2023-10-08"
5.1302661895752,907,907,1,"2023-10-09"
5.1302661895752,907,907,1,"2023-10-10"
5.05395746231079,907,904,0.996692392502756,"2023-10-11"
4.83247041702271,907,906,0.998897464167585,"2023-10-12"
4.73571491241455,907,903,0.995589856670342,"2023-10-13"
4.95046806335449,907,904,0.996692392502756,"2023-10-14"
5.05328512191772,907,907,1,"2023-10-15"
5.05736637115479,907,902,0.994487320837927,"2023-10-16"
3.73131155967712,907,903,0.995589856670342,"2023-10-17"
4.98438787460327,907,901,0.993384785005513,"2023-10-18"
4.97769641876221,907,903,0.995589856670342,"2023-10-19"
4.97622632980347,907,905,0.997794928335171,"2023-10-20"
4.98061561584473,907,902,0.994487320837927,"2023-10-21"
4.97762680053711,907,904,0.996692392502756,"2023-10-22"
4.20798635482788,907,901,0.993384785005513,"2023-10-23"
4.97769641876221,907,903,0.995589856670342,"2023-10-24"
4.97762680053711,907,904,0.996692392502756,"2023-10-25"
5.00904417037964,907,903,0.995589856670342,"2023-10-26"
4.73705673217773,907,906,0.998897464167585,"2023-10-27"
5.05112314224243,907,907,1,"2023-10-28"
4.86943960189819,907,904,0.996692392502756,"2023-10-29"
4.78844833374023,907,906,0.998897464167585,"2023-10-30"
6.17790603637695,907,906,0.998897464167585,"2023-10-31"
3.7216477394104,907,906,0.998897464167585,"2023-11-03"
4.97668266296387,907,905,0.997794928335171,"2023-11-04"
4.97991943359375,907,903,0.995589856670342,"2023-11-05"
4.97724056243896,907,903,0.995589856670342,"2023-11-06"
4.96646928787231,907,903,0.995589856670342,"2023-11-07"
4.97323942184448,907,907,1,"2023-11-08"
4.97618913650513,907,906,0.998897464167585,"2023-11-09"
3.1218113899231,907,902,0.994487320837927,"2023-11-10"
4.95926094055176,907,902,0.994487320837927,"2023-11-11"
4.95590114593506,907,903,0.995589856670342,"2023-11-12"
4.95524215698242,907,907,1,"2023-11-13"
4.59893989562988,907,904,0.996692392502756,"2023-11-14"
4.90413284301758,907,904,0.996692392502756,"2023-11-15"
5.7590217590332,907,905,0.997794928335171,"2023-11-16"
4.62003946304321,907,905,0.997794928335171,"2023-11-17"
4.71974754333496,907,903,0.995589856670342,"2023-11-18"
5.10549354553223,907,904,0.996692392502756,"2023-11-19"
4.46597385406494,907,907,1,"2023-11-20"
5.1043004989624,907,904,0.996692392502756,"2023-11-21"
2.3156406879425,907,905,0.997794928335171,"2023-11-22"
4.17193937301636,907,906,0.998897464167585,"2023-11-23"
4.71352481842041,907,906,0.998897464167585,"2023-11-24"
4.79656028747559,907,902,0.994487320837927,"2023-11-25"
4.23041200637817,907,905,0.997794928335171,"2023-11-26"
5.10502290725708,907,903,0.995589856670342,"2023-11-27"
4.10682153701782,907,903,0.995589856670342,"2023-11-28"
4.16738748550415,907,907,1,"2023-11-29"
5.05704545974731,907,905,0.997794928335171,"2023-11-30"
5.10442113876343,907,906,0.998897464167585,"2023-12-01"
5.10555410385132,907,903,0.995589856670342,"2023-12-02"
5.10547971725464,907,904,0.996692392502756,"2023-12-03"
5.10756301879883,907,904,0.996692392502756,"2023-12-04"
5.10475063323975,907,905,0.997794928335171,"2023-12-05"
5.10392570495605,907,906,0.998897464167585,"2023-12-06"
5.10442113876343,907,906,0.998897464167585,"2023-12-07"
4.42150020599365,907,904,0.996692392502756,"2023-12-08"
5.05820083618164,907,903,0.995589856670342,"2023-12-09"
3.04229092597961,907,905,0.997794928335171,"2023-12-10"
2.04992294311523,907,905,0.997794928335171,"2023-12-11"
2.79319620132446,907,904,0.996692392502756,"2023-12-12"
5.00192642211914,907,906,0.998897464167585,"2023-12-13"
5.00295782089233,907,904,0.996692392502756,"2023-12-14"
5.00188875198364,907,907,1,"2023-12-15"
5.00188875198364,907,907,1,"2023-12-16"
4.99404668807983,907,904,0.996692392502756,"2023-12-17"
5.00249624252319,907,903,0.995589856670342,"2023-12-18"
5.00249624252319,907,903,0.995589856670342,"2023-12-19"
4.99568605422974,907,904,0.996692392502756,"2023-12-20"
5.00556325912476,907,901,0.993384785005513,"2023-12-21"
5.00146484375,907,905,0.997794928335171,"2023-12-22"
5.22711133956909,907,904,0.996692392502756,"2023-12-23"
5.00224781036377,907,905,0.997794928335171,"2023-12-24"
5.00224781036377,907,905,0.997794928335171,"2023-12-25"
4.89570760726929,907,903,0.995589856670342,"2023-12-26"
5.00295782089233,907,904,0.996692392502756,"2023-12-27"
5.00209331512451,907,904,0.996692392502756,"2023-12-28"
4.9767017364502,907,904,0.996692392502756,"2023-12-29"
5.00499200820923,907,904,0.996692392502756,"2023-12-30"
4.93296480178833,907,903,0.995589856670342,"2023-12-31"
NA,NA,NA,NA,"2024-01-31"
NA,NA,NA,NA,"2024-04-25"
NA,NA,NA,NA,"2024-05-26"
NA,NA,NA,NA,"2024-05-27"
NA,NA,NA,NA,"2024-05-28"
NA,NA,NA,NA,"2024-05-29"
NA,NA,NA,NA,"2024-05-30"
NA,NA,NA,NA,"2024-05-31"
NA,NA,NA,NA,"2024-06-01"
NA,NA,NA,NA,"2024-06-02"
NA,NA,NA,NA,"2024-06-03"
NA,NA,NA,NA,"2024-06-17"
NA,NA,NA,NA,"2024-07-02"
NA,NA,NA,NA,"2024-07-10"
NA,NA,NA,NA,"2024-07-11"
NA,NA,NA,NA,"2024-07-12"
NA,NA,NA,NA,"2024-07-13"
NA,NA,NA,NA,"2024-07-14"
NA,NA,NA,NA,"2024-07-15"
NA,NA,NA,NA,"2024-07-16"
NA,NA,NA,NA,"2024-07-24"
NA,NA,NA,NA,"2024-07-25"
NA,NA,NA,NA,"2024-07-26"
NA,NA,NA,NA,"2024-07-27"
NA,NA,NA,NA,"2024-07-28"
NA,NA,NA,NA,"2024-07-29"
NA,NA,NA,NA,"2024-09-26"
NA,NA,NA,NA,"2024-09-27"
NA,NA,NA,NA,"2024-11-03"
NA,NA,NA,NA,"2024-11-04"
NA,NA,NA,NA,"2024-11-05"
NA,NA,NA,NA,"2024-11-06"
4.50547552108765,907,904,0.996692392502756,"2024-01-01"
5.00531387329102,907,903,0.995589856670342,"2024-01-02"
4.95959281921387,907,906,0.998897464167585,"2024-01-03"
5.00280857086182,907,903,0.995589856670342,"2024-01-04"
4.98580360412598,907,906,0.998897464167585,"2024-01-05"
5.00129747390747,907,907,1,"2024-01-06"
4.2882080078125,907,906,0.998897464167585,"2024-01-07"
4.93804502487183,907,907,1,"2024-01-08"
4.09970855712891,907,902,0.994487320837927,"2024-01-09"
4.21290922164917,907,905,0.997794928335171,"2024-01-10"
5.06363773345947,907,904,0.996692392502756,"2024-01-11"
5.36578989028931,907,902,0.994487320837927,"2024-01-12"
7.43421840667725,907,903,0.995589856670342,"2024-01-13"
7.42857027053833,907,904,0.996692392502756,"2024-01-14"
6.17834138870239,907,906,0.998897464167585,"2024-01-15"
6.11350059509277,907,904,0.996692392502756,"2024-01-16"
6.12382555007935,907,900,0.992282249173098,"2024-01-17"
6.11345148086548,907,905,0.997794928335171,"2024-01-18"
6.11298561096191,907,907,1,"2024-01-19"
6.11345148086548,907,905,0.997794928335171,"2024-01-20"
6.12377595901489,907,901,0.993384785005513,"2024-01-21"
6.11345148086548,907,905,0.997794928335171,"2024-01-22"
6.11345148086548,907,905,0.997794928335171,"2024-01-23"
6.11437559127808,907,904,0.996692392502756,"2024-01-24"
6.11303663253784,907,906,0.998897464167585,"2024-01-25"
6.12377595901489,907,901,0.993384785005513,"2024-01-26"
6.11345148086548,907,905,0.997794928335171,"2024-01-27"
6.11446952819824,907,903,0.995589856670342,"2024-01-28"
6.11354446411133,907,904,0.996692392502756,"2024-01-29"
6.11318016052246,907,904,0.996692392502756,"2024-01-30"
6.11437559127808,907,904,0.996692392502756,"2024-02-01"
6.11345148086548,907,905,0.997794928335171,"2024-02-02"
6.10852479934692,907,905,0.997794928335171,"2024-02-03"
6.07334232330322,907,903,0.995589856670342,"2024-02-04"
6.04023361206055,907,904,0.996692392502756,"2024-02-05"
6.11437559127808,907,904,0.996692392502756,"2024-02-06"
5.57761716842651,907,906,0.998897464167585,"2024-02-07"
6.11347579956055,907,905,0.997794928335171,"2024-02-08"
5.35885381698608,907,904,0.996692392502756,"2024-02-09"
6.15739727020264,907,907,1,"2024-02-10"
6.15792179107666,907,904,0.996692392502756,"2024-02-11"
6.15894985198975,907,902,0.994487320837927,"2024-02-12"
4.14435815811157,907,907,1,"2024-02-13"
5.27448415756226,907,905,0.997794928335171,"2024-02-14"
5.56912517547607,907,903,0.995589856670342,"2024-02-15"
5.19404935836792,907,904,0.996692392502756,"2024-02-16"
6.10001230239868,907,905,0.997794928335171,"2024-02-17"
6.11985158920288,907,906,0.998897464167585,"2024-02-18"
6.08877468109131,907,904,0.996692392502756,"2024-02-19"
6.12124919891357,907,903,0.995589856670342,"2024-02-20"
6.11947631835938,907,904,0.996692392502756,"2024-02-21"
6.12124919891357,907,903,0.995589856670342,"2024-02-22"
4.64772796630859,907,902,0.994487320837927,"2024-02-23"
6.12439584732056,907,903,0.995589856670342,"2024-02-24"
6.12124919891357,907,903,0.995589856670342,"2024-02-25"
5.00099468231201,907,903,0.995589856670342,"2024-02-26"
6.07876491546631,907,901,0.993384785005513,"2024-02-27"
6.12120008468628,907,904,0.996692392502756,"2024-02-28"
6.12026691436768,907,905,0.997794928335171,"2024-02-29"
6.11994791030884,907,905,0.997794928335171,"2024-03-01"
6.12120008468628,907,904,0.996692392502756,"2024-03-02"
6.12120008468628,907,904,0.996692392502756,"2024-03-03"
5.91800880432129,907,906,0.998897464167585,"2024-03-04"
4.97649765014648,907,904,0.996692392502756,"2024-03-05"
6.09583187103271,907,903,0.995589856670342,"2024-03-06"
5.73403978347778,907,904,0.996692392502756,"2024-03-07"
6.38766193389893,907,903,0.995589856670342,"2024-03-08"
6.38612270355225,907,907,1,"2024-03-09"
6.3919825553894,907,901,0.993384785005513,"2024-03-10"
6.18009281158447,907,904,0.996692392502756,"2024-03-11"
6.38624000549316,907,905,0.997794928335171,"2024-03-12"
6.34131717681885,907,907,1,"2024-03-13"
6.38766193389893,907,903,0.995589856670342,"2024-03-14"
6.3919825553894,907,901,0.993384785005513,"2024-03-15"
5.13319683074951,907,905,0.997794928335171,"2024-03-16"
5.39708042144775,907,906,0.998897464167585,"2024-03-17"
5.52392244338989,907,903,0.995589856670342,"2024-03-18"
5.18615055084229,907,905,0.997794928335171,"2024-03-19"
5.34591388702393,907,903,0.995589856670342,"2024-03-20"
5.61969614028931,907,905,0.997794928335171,"2024-03-21"
6.15933847427368,907,904,0.996692392502756,"2024-03-22"
6.1579122543335,907,907,1,"2024-03-23"
3.81629109382629,907,905,0.997794928335171,"2024-03-24"
5.16190624237061,907,903,0.995589856670342,"2024-03-25"
6.15933847427368,907,904,0.996692392502756,"2024-03-26"
6.15838193893433,907,905,0.997794928335171,"2024-03-27"
5.90185213088989,907,904,0.996692392502756,"2024-03-28"
6.15933847427368,907,904,0.996692392502756,"2024-03-29"
5.14001512527466,907,904,0.996692392502756,"2024-03-30"
5.33628129959106,907,902,0.994487320837927,"2024-03-31"
6.15796375274658,907,906,0.998897464167585,"2024-04-01"
6.15773773193359,907,905,0.997794928335171,"2024-04-02"
4.17120409011841,907,904,0.996692392502756,"2024-04-03"
6.13397598266602,907,901,0.993384785005513,"2024-04-04"
6.01629734039307,907,907,1,"2024-04-05"
5.17250776290894,907,904,0.996692392502756,"2024-04-06"
5.14581394195557,907,903,0.995589856670342,"2024-04-07"
6.05030202865601,907,905,0.997794928335171,"2024-04-08"
5.31837034225464,907,907,1,"2024-04-09"
4.99894380569458,907,903,0.995589856670342,"2024-04-10"
6.06186056137085,907,902,0.994487320837927,"2024-04-11"
6.05148315429688,907,905,0.997794928335171,"2024-04-12"
5.49509477615356,907,904,0.996692392502756,"2024-04-13"
5.31901359558105,907,907,1,"2024-04-14"
5.11396026611328,907,905,0.997794928335171,"2024-04-15"
5.13957595825195,907,901,0.993384785005513,"2024-04-16"
5.19169616699219,907,907,1,"2024-04-17"
5.39966297149658,907,904,0.996692392502756,"2024-04-18"
5.58977890014648,907,904,0.996692392502756,"2024-04-19"
5.12780237197876,907,904,0.996692392502756,"2024-04-20"
5.98565196990967,907,901,0.993384785005513,"2024-04-21"
4.85143041610718,907,901,0.993384785005513,"2024-04-22"
5.08369445800781,907,903,0.995589856670342,"2024-04-23"
5.99164772033691,907,903,0.995589856670342,"2024-04-24"
5.99249601364136,907,903,0.995589856670342,"2024-04-26"
5.98812866210938,907,903,0.995589856670342,"2024-04-27"
5.99828004837036,907,900,0.992282249173098,"2024-04-28"
5.51613807678223,907,904,0.996692392502756,"2024-04-29"
5.79092025756836,907,906,0.998897464167585,"2024-04-30"
5.01568031311035,907,907,1,"2024-05-01"
5.21907424926758,907,904,0.996692392502756,"2024-05-02"
5.28530597686768,907,907,1,"2024-05-03"
NA,907,0,0,"2024-05-04"
5.96579074859619,907,903,0.995589856670342,"2024-05-05"
5.87727499008179,907,904,0.996692392502756,"2024-05-06"
4.88721036911011,907,905,0.997794928335171,"2024-05-07"
5.39251327514648,907,903,0.995589856670342,"2024-05-08"
5.95610666275024,907,900,0.992282249173098,"2024-05-09"
NA,907,0,0,"2024-05-10"
5.1621150970459,907,907,1,"2024-05-11"
4.89480113983154,907,903,0.995589856670342,"2024-05-12"
4.53365802764893,907,907,1,"2024-05-13"
5.74453353881836,907,903,0.995589856670342,"2024-05-14"
NA,907,0,0,"2024-05-15"
NA,907,0,0,"2024-05-16"
NA,907,0,0,"2024-05-17"
5.74080657958984,907,907,1,"2024-05-18"
5.74080657958984,907,907,1,"2024-05-19"
NA,907,0,0,"2024-05-20"
NA,907,0,0,"2024-05-21"
NA,907,0,0,"2024-05-22"
NA,907,0,0,"2024-05-23"
5.74973058700562,907,901,0.993384785005513,"2024-05-24"
5.74080657958984,907,907,1,"2024-05-25"
NA,907,0,0,"2024-06-04"
NA,907,0,0,"2024-06-05"
NA,907,0,0,"2024-06-06"
NA,907,0,0,"2024-06-07"
NA,907,0,0,"2024-06-08"
NA,907,0,0,"2024-06-09"
NA,907,0,0,"2024-06-10"
NA,907,0,0,"2024-06-11"
NA,907,0,0,"2024-06-12"
NA,907,0,0,"2024-06-13"
NA,907,0,0,"2024-06-14"
NA,907,0,0,"2024-06-15"
NA,907,0,0,"2024-06-16"
NA,907,0,0,"2024-06-18"
NA,907,0,0,"2024-06-19"
NA,907,0,0,"2024-06-20"
NA,907,0,0,"2024-06-21"
NA,907,0,0,"2024-06-22"
NA,907,0,0,"2024-06-23"
NA,907,0,0,"2024-06-24"
NA,907,0,0,"2024-06-25"
NA,907,0,0,"2024-06-26"
NA,907,0,0,"2024-06-27"
NA,907,0,0,"2024-06-28"
NA,907,0,0,"2024-06-29"
NA,907,0,0,"2024-06-30"
NA,907,0,0,"2024-07-01"
NA,907,0,0,"2024-07-03"
NA,907,0,0,"2024-07-04"
NA,907,0,0,"2024-07-05"
NA,907,0,0,"2024-07-06"
NA,907,0,0,"2024-07-07"
NA,907,0,0,"2024-07-08"
NA,907,0,0,"2024-07-09"
4.70301914215088,907,901,0.993384785005513,"2024-07-17"
NA,907,0,0,"2024-07-18"
NA,907,0,0,"2024-07-19"
NA,907,0,0,"2024-07-20"
4.63205146789551,907,903,0.995589856670342,"2024-07-21"
4.15260601043701,907,903,0.995589856670342,"2024-07-22"
NA,907,0,0,"2024-07-23"
4.03840589523315,907,901,0.993384785005513,"2024-07-30"
3.23371720314026,907,903,0.995589856670342,"2024-07-31"
4.63126087188721,907,901,0.993384785005513,"2024-08-01"
4.89081764221191,907,905,0.997794928335171,"2024-08-02"
NA,907,0,0,"2024-08-03"
4.45652723312378,907,907,1,"2024-08-04"
4.46624183654785,907,905,0.997794928335171,"2024-08-05"
4.69103145599365,907,901,0.993384785005513,"2024-08-06"
4.74809980392456,907,907,1,"2024-08-07"
4.46105194091797,907,904,0.996692392502756,"2024-08-08"
4.44696235656738,907,904,0.996692392502756,"2024-08-09"
4.17777967453003,907,903,0.995589856670342,"2024-08-10"
5.09517288208008,907,901,0.993384785005513,"2024-08-11"
2.82374787330627,907,904,0.996692392502756,"2024-08-12"
1.16773724555969,907,906,0.998897464167585,"2024-08-13"
4.1344838142395,907,903,0.995589856670342,"2024-08-14"
3.33587837219238,907,905,0.997794928335171,"2024-08-15"
3.21282196044922,907,903,0.995589856670342,"2024-08-16"
3.47813129425049,907,907,1,"2024-08-17"
4.85264921188354,907,907,1,"2024-08-18"
3.50256681442261,907,903,0.995589856670342,"2024-08-19"
4.85344696044922,907,903,0.995589856670342,"2024-08-20"
3.38107872009277,907,907,1,"2024-08-21"
4.85301876068115,907,905,0.997794928335171,"2024-08-22"
4.85269641876221,907,906,0.998897464167585,"2024-08-23"
4.85301876068115,907,905,0.997794928335171,"2024-08-24"
4.83664655685425,907,905,0.997794928335171,"2024-08-25"
4.85264921188354,907,907,1,"2024-08-26"
3.00638628005981,907,903,0.995589856670342,"2024-08-27"
3.44808530807495,907,904,0.996692392502756,"2024-08-28"
3.41994738578796,907,905,0.997794928335171,"2024-08-29"
4.25567436218262,907,904,0.996692392502756,"2024-08-30"
3.44725656509399,907,903,0.995589856670342,"2024-08-31"
3.31643319129944,907,901,0.993384785005513,"2024-09-01"
3.36120939254761,907,904,0.996692392502756,"2024-09-02"
2.71587109565735,907,904,0.996692392502756,"2024-09-03"
3.49912071228027,907,904,0.996692392502756,"2024-09-04"
3.43600702285767,907,905,0.997794928335171,"2024-09-05"
3.32830142974854,907,903,0.995589856670342,"2024-09-06"
3.23501300811768,907,907,1,"2024-09-07"
4.23178482055664,907,903,0.995589856670342,"2024-09-08"
3.3836362361908,907,904,0.996692392502756,"2024-09-09"
3.60695719718933,907,905,0.997794928335171,"2024-09-10"
4.2877984046936,907,903,0.995589856670342,"2024-09-11"
3.24154138565063,907,901,0.993384785005513,"2024-09-12"
3.36424660682678,907,904,0.996692392502756,"2024-09-13"
4.09508419036865,907,902,0.994487320837927,"2024-09-14"
3.67083024978638,907,906,0.998897464167585,"2024-09-15"
3.32087278366089,907,907,1,"2024-09-16"
3.35619211196899,907,907,1,"2024-09-17"
3.26860022544861,907,901,0.993384785005513,"2024-09-18"
3.35384225845337,907,905,0.997794928335171,"2024-09-19"
3.64605259895325,907,907,1,"2024-09-20"
3.36766028404236,907,906,0.998897464167585,"2024-09-21"
4.20074796676636,907,903,0.995589856670342,"2024-09-22"
4.200270652771,907,907,1,"2024-09-23"
3.08452105522156,907,904,0.996692392502756,"2024-09-24"
4.20120429992676,907,904,0.996692392502756,"2024-09-25"
4.74198389053345,907,901,0.993384785005513,"2024-09-28"
4.29119348526001,907,906,0.998897464167585,"2024-09-29"
4.77103042602539,907,903,0.995589856670342,"2024-09-30"
4.27193307876587,907,907,1,"2024-10-01"
4.2086386680603,907,904,0.996692392502756,"2024-10-02"
4.66204214096069,907,906,0.998897464167585,"2024-10-03"
4.32273626327515,907,906,0.998897464167585,"2024-10-04"
4.32610654830933,907,904,0.996692392502756,"2024-10-05"
4.32419776916504,907,904,0.996692392502756,"2024-10-06"
4.72039079666138,907,903,0.995589856670342,"2024-10-07"
4.34912109375,907,902,0.994487320837927,"2024-10-08"
2.9421706199646,907,906,0.998897464167585,"2024-10-09"
2.61350870132446,907,906,0.998897464167585,"2024-10-10"
4.7446608543396,907,903,0.995589856670342,"2024-10-11"
4.94673442840576,907,903,0.995589856670342,"2024-10-12"
4.62255668640137,907,904,0.996692392502756,"2024-10-13"
4.45954036712646,907,903,0.995589856670342,"2024-10-14"
4.457679271698,907,904,0.996692392502756,"2024-10-15"
3.58715415000916,907,903,0.995589856670342,"2024-10-16"
4.49696445465088,907,905,0.997794928335171,"2024-10-17"
4.457679271698,907,904,0.996692392502756,"2024-10-18"
4.45696830749512,907,906,0.998897464167585,"2024-10-19"
4.45651817321777,907,904,0.996692392502756,"2024-10-20"
4.46288919448853,907,902,0.994487320837927,"2024-10-21"
3.84252214431763,907,902,0.994487320837927,"2024-10-22"
4.2871732711792,907,904,0.996692392502756,"2024-10-23"
4.28406286239624,907,904,0.996692392502756,"2024-10-24"
4.67463731765747,907,904,0.996692392502756,"2024-10-25"
4.21106338500977,907,904,0.996692392502756,"2024-10-26"
4.45774555206299,907,903,0.995589856670342,"2024-10-27"
4.457679271698,907,904,0.996692392502756,"2024-10-28"
3.04666090011597,907,907,1,"2024-10-29"
4.46350622177124,907,901,0.993384785005513,"2024-10-30"
4.45769166946411,907,904,0.996692392502756,"2024-10-31"
4.45955324172974,907,903,0.995589856670342,"2024-11-01"
2.87984704971313,907,904,0.996692392502756,"2024-11-02"
4.60288619995117,907,906,0.998897464167585,"2024-11-07"
4.4578218460083,907,904,0.996692392502756,"2024-11-08"
4.4573278427124,907,903,0.995589856670342,"2024-11-09"
2.91371750831604,907,906,0.998897464167585,"2024-11-10"
4.4578218460083,907,904,0.996692392502756,"2024-11-11"
4.45788812637329,907,903,0.995589856670342,"2024-11-12"
4.4573278427124,907,903,0.995589856670342,"2024-11-13"
4.4578218460083,907,904,0.996692392502756,"2024-11-14"
4.19318246841431,907,901,0.993384785005513,"2024-11-15"
4.45752143859863,907,905,0.997794928335171,"2024-11-16"
4.46035146713257,907,902,0.994487320837927,"2024-11-17"
4.45968294143677,907,903,0.995589856670342,"2024-11-18"
4.40585231781006,907,907,1,"2024-11-19"
4.45672702789307,907,903,0.995589856670342,"2024-11-20"
4.46363592147827,907,901,0.993384785005513,"2024-11-21"
4.4578218460083,907,904,0.996692392502756,"2024-11-22"
4.44278955459595,907,905,0.997794928335171,"2024-11-23"
4.4578218460083,907,904,0.996692392502756,"2024-11-24"
4.45968294143677,907,903,0.995589856670342,"2024-11-25"
4.62335681915283,907,905,0.997794928335171,"2024-11-26"
2.87275457382202,907,902,0.994487320837927,"2024-11-27"
4.49932193756104,907,904,0.996692392502756,"2024-11-28"
4.45722055435181,907,904,0.996692392502756,"2024-11-29"
4.46035146713257,907,902,0.994487320837927,"2024-11-30"
4.45692014694214,907,905,0.997794928335171,"2024-12-01"
4.46825838088989,907,906,0.998897464167585,"2024-12-02"
4.47530651092529,907,907,1,"2024-12-03"
5.20878791809082,907,904,0.996692392502756,"2024-12-04"
3.89406561851501,907,903,0.995589856670342,"2024-12-05"
3.89751076698303,907,907,1,"2024-12-06"
4.93113470077515,907,906,0.998897464167585,"2024-12-07"
4.93113470077515,907,906,0.998897464167585,"2024-12-08"
1.94280064105988,907,904,0.996692392502756,"2024-12-09"
4.09170389175415,907,903,0.995589856670342,"2024-12-10"
4.61030340194702,907,907,1,"2024-12-11"
4.61135911941528,907,904,0.996692392502756,"2024-12-12"
4.61406898498535,907,902,0.994487320837927,"2024-12-13"
4.61066341400146,907,905,0.997794928335171,"2024-12-14"
4.65076875686646,907,905,0.997794928335171,"2024-12-15"
4.61030340194702,907,907,1,"2024-12-16"
3.69308829307556,907,903,0.995589856670342,"2024-12-17"
4.61142921447754,907,903,0.995589856670342,"2024-12-18"
4.61030340194702,907,907,1,"2024-12-19"
4.61120653152466,907,903,0.995589856670342,"2024-12-20"
3.90666580200195,907,904,0.996692392502756,"2024-12-21"
4.61135911941528,907,904,0.996692392502756,"2024-12-22"
4.61135911941528,907,904,0.996692392502756,"2024-12-23"
4.61073350906372,907,904,0.996692392502756,"2024-12-24"
4.61019515991211,907,905,0.997794928335171,"2024-12-25"
4.61030340194702,907,907,1,"2024-12-26"
4.61120653152466,907,903,0.995589856670342,"2024-12-27"
4.61030340194702,907,907,1,"2024-12-28"
2.72086143493652,907,906,0.998897464167585,"2024-12-29"
4.61156320571899,907,904,0.996692392502756,"2024-12-30"
4.34430170059204,907,905,0.997794928335171,"2024-12-31"
